student,major,english,course,crn,section
0,BBA Accountancy,GE1401,CB2201,10678,C05
0,BBA Accountancy,GE1401,GE1401,10702,T27
0,BBA Accountancy,GE1401,CB2601,12560,C05
0,BBA Accountancy,GE1401,CB2100,12575,TB1
0,BBA Accountancy,GE1401,CB2100,12890,CB2
0,BBA Accountancy,GE1401,CB2300,13958,SB3
1,BBA Accountancy,GE1401,CB2100,10551,C02
1,BBA Accountancy,GE1401,CB2100,10553,T10
1,BBA Accountancy,GE1401,GE1401,10718,T50
1,BBA Accountancy,GE1401,CB2601,11195,C03
1,BBA Accountancy,GE1401,CB2300,12535,S04
1,BBA Accountancy,GE1401,CB2201,14828,C07
2,BBA Accountancy,GE1401,CB2201,10678,C05
2,BBA Accountancy,GE1401,GE1401,10702,T27
2,BBA Accountancy,GE1401,CB2601,12560,C05
2,BBA Accountancy,GE1401,CB2100,12575,TB1
2,BBA Accountancy,GE1401,CB2100,12890,CB2
2,BBA Accountancy,GE1401,CB2300,13958,SB3
3,BBA Accountancy,GE1401,CB2100,10190,C01
3,BBA Accountancy,GE1401,CB2601,10335,C02
3,BBA Accountancy,GE1401,CB2100,10552,T09
3,BBA Accountancy,GE1401,CB2300,12536,S05
3,BBA Accountancy,GE1401,GE1401,13573,TB2
3,BBA Accountancy,GE1401,CB2201,14827,C06
4,BBA Accountancy,GE1401,CB2201,10678,C05
4,BBA Accountancy,GE1401,GE1401,10702,T27
4,BBA Accountancy,GE1401,CB2601,12560,C05
4,BBA Accountancy,GE1401,CB2100,12575,TB1
4,BBA Accountancy,GE1401,CB2100,12890,CB2
4,BBA Accountancy,GE1401,CB2300,13958,SB3
5,BBA Accountancy,GE1401,CB2201,10678,C05
5,BBA Accountancy,GE1401,GE1401,10702,T27
5,BBA Accountancy,GE1401,CB2601,12561,CC5
5,BBA Accountancy,GE1401,CB2100,12575,TB1
5,BBA Accountancy,GE1401,CB2100,12890,CB2
5,BBA Accountancy,GE1401,CB2300,14882,SC3
6,BBA Accountancy,GE1401,CB2100,10190,C01
6,BBA Accountancy,GE1401,CB2100,10442,T07
6,BBA Accountancy,GE1401,GE1401,10721,T54
6,BBA Accountancy,GE1401,CB2601,12304,CE1
6,BBA Accountancy,GE1401,CB2300,12532,S02
6,BBA Accountancy,GE1401,CB2201,14827,C06
7,BBA Accountancy,GE1401,CB2201,10678,C05
7,BBA Accountancy,GE1401,GE1401,10702,T27
7,BBA Accountancy,GE1401,CB2601,12560,C05
7,BBA Accountancy,GE1401,CB2100,12575,TB1
7,BBA Accountancy,GE1401,CB2100,12890,CB2
7,BBA Accountancy,GE1401,CB2300,13958,SB3
8,BBA Accountancy,GE1401,CB2100,10442,T07
8,BBA Accountancy,GE1401,CB2100,10551,C02
8,BBA Accountancy,GE1401,CB2201,10792,C04
8,BBA Accountancy,GE1401,GE1401,11499,T85
8,BBA Accountancy,GE1401,CB2601,12305,C01
8,BBA Accountancy,GE1401,CB2300,12536,S05
9,BBA Accountancy,GE1401,CB2201,10341,C03
9,BBA Accountancy,GE1401,CB2100,10441,T06
9,BBA Accountancy,GE1401,CB2100,10551,C02
9,BBA Accountancy,GE1401,CB2601,12304,CE1
9,BBA Accountancy,GE1401,GE1401,12397,T51
9,BBA Accountancy,GE1401,CB2300,12535,S04
10,BBA Accountancy,GE1401,CB2100,10190,C01
10,BBA Accountancy,GE1401,CB2100,10192,T05
10,BBA Accountancy,GE1401,CB2601,10335,C02
10,BBA Accountancy,GE1401,GE1401,12122,T35
10,BBA Accountancy,GE1401,CB2300,12536,S05
10,BBA Accountancy,GE1401,CB2201,14827,C06
11,BBA Accountancy,GE1401,CB2100,10190,C01
11,BBA Accountancy,GE1401,CB2100,10553,T10
11,BBA Accountancy,GE1401,CB2601,12304,CE1
11,BBA Accountancy,GE1401,CB2300,12535,S04
11,BBA Accountancy,GE1401,CB2201,14827,C06
11,BBA Accountancy,GE1401,GE1401,15206,TC6
12,BBA Accountancy,GE1401,CB2100,10457,CA2
12,BBA Accountancy,GE1401,CB2100,10555,TA5
12,BBA Accountancy,GE1401,GE1401,10716,T47
12,BBA Accountancy,GE1401,CB2601,12305,C01
12,BBA Accountancy,GE1401,CB2300,13959,SB4
12,BBA Accountancy,GE1401,CB2201,14828,C07
13,BBA Accountancy,GE1401,CB2201,10341,C03
13,BBA Accountancy,GE1401,CB2100,10551,C02
13,BBA Accountancy,GE1401,GE1401,10718,T50
13,BBA Accountancy,GE1401,CB2100,11277,T13
13,BBA Accountancy,GE1401,CB2601,12304,CE1
13,BBA Accountancy,GE1401,CB2300,12535,S04
14,BBA Accountancy,GE1401,CB2100,10190,C01
14,BBA Accountancy,GE1401,CB2601,10335,C02
14,BBA Accountancy,GE1401,CB2100,10552,T09
14,BBA Accountancy,GE1401,CB2300,12536,S05
14,BBA Accountancy,GE1401,GE1401,13573,TB2
14,BBA Accountancy,GE1401,CB2201,14827,C06
15,BBA Accountancy,GE1401,CB2100,10190,C01
15,BBA Accountancy,GE1401,CB2601,10335,C02
15,BBA Accountancy,GE1401,CB2100,10552,T09
15,BBA Accountancy,GE1401,CB2300,12536,S05
15,BBA Accountancy,GE1401,GE1401,13573,TB2
15,BBA Accountancy,GE1401,CB2201,14827,C06
16,BBA Accountancy,GE1401,CB2100,10190,C01
16,BBA Accountancy,GE1401,CB2100,10552,T09
16,BBA Accountancy,GE1401,CB2601,12304,CE1
16,BBA Accountancy,GE1401,CB2300,12588,SA2
16,BBA Accountancy,GE1401,GE1401,13573,TB2
16,BBA Accountancy,GE1401,CB2201,14827,C06
17,BBA Accountancy,GE1401,CB2100,10246,T03
17,BBA Accountancy,GE1401,CB2201,10341,C03
17,BBA Accountancy,GE1401,CB2100,10551,C02
17,BBA Accountancy,GE1401,GE1401,12125,T65
17,BBA Accountancy,GE1401,CB2601,12304,CE1
17,BBA Accountancy,GE1401,CB2300,12535,S04
18,BBA Accountancy,GE1401,CB2100,10190,C01
18,BBA Accountancy,GE1401,CB2100,10561,TAB
18,BBA Accountancy,GE1401,GE1401,11500,T86
18,BBA Accountancy,GE1401,CB2601,12304,CE1
18,BBA Accountancy,GE1401,CB2300,13959,SB4
18,BBA Accountancy,GE1401,CB2201,14827,C06
19,BBA Accountancy,GE1401,CB2100,10190,C01
19,BBA Accountancy,GE1401,CB2100,10553,T10
19,BBA Accountancy,GE1401,CB2201,10792,C04
19,BBA Accountancy,GE1401,CB2601,11195,C03
19,BBA Accountancy,GE1401,CB2300,12588,SA2
19,BBA Accountancy,GE1401,GE1401,15206,TC6
20,BBA Accountancy,GE1401,CB2100,10596,TA2
20,BBA Accountancy,GE1401,CB2100,11077,CA1
20,BBA Accountancy,GE1401,GE1401,11500,T86
20,BBA Accountancy,GE1401,CB2601,12267,CC3
20,BBA Accountancy,GE1401,CB2201,14827,C06
20,BBA Accountancy,GE1401,CB2300,14881,SC2
21,BBA Accountancy,GE1401,CB2100,10551,C02
21,BBA Accountancy,GE1401,CB2100,10553,T10
21,BBA Accountancy,GE1401,CB2601,12304,CE1
21,BBA Accountancy,GE1401,GE1401,12396,T46
21,BBA Accountancy,GE1401,CB2300,12535,S04
21,BBA Accountancy,GE1401,CB2201,14828,C07
22,BBA Accountancy,GE1401,CB2100,10191,T04
22,BBA Accountancy,GE1401,CB2601,10334,C04
22,BBA Accountancy,GE1401,CB2100,10551,C02
22,BBA Accountancy,GE1401,GE1401,11503,T89
22,BBA Accountancy,GE1401,CB2300,12535,S04
22,BBA Accountancy,GE1401,CB2201,12852,CM1
23,BBA Accountancy,GE1401,CB2100,10190,C01
23,BBA Accountancy,GE1401,CB2100,10442,T07
23,BBA Accountancy,GE1401,GE1401,10721,T54
23,BBA Accountancy,GE1401,CB2601,12304,CE1
23,BBA Accountancy,GE1401,CB2300,12532,S02
23,BBA Accountancy,GE1401,CB2201,14827,C06
24,BBA Accountancy,GE1401,CB2100,10191,T04
24,BBA Accountancy,GE1401,CB2201,10341,C03
24,BBA Accountancy,GE1401,CB2100,10551,C02
24,BBA Accountancy,GE1401,GE1401,10681,T04
24,BBA Accountancy,GE1401,CB2601,11195,C03
24,BBA Accountancy,GE1401,CB2300,12535,S04
25,BBA Accountancy,GE1401,CB2100,10551,C02
25,BBA Accountancy,GE1401,CB2100,10561,TAB
25,BBA Accountancy,GE1401,GE1401,11500,T86
25,BBA Accountancy,GE1401,CB2601,12560,C05
25,BBA Accountancy,GE1401,CB2201,12852,CM1
25,BBA Accountancy,GE1401,CB2300,13959,SB4
26,BBA Accountancy,GE1401,CB2100,10190,C01
26,BBA Accountancy,GE1401,CB2100,10561,TAB
26,BBA Accountancy,GE1401,GE1401,11500,T86
26,BBA Accountancy,GE1401,CB2601,12304,CE1
26,BBA Accountancy,GE1401,CB2300,13959,SB4
26,BBA Accountancy,GE1401,CB2201,14827,C06
27,BBA Accountancy,GE1401,CB2601,10334,C04
27,BBA Accountancy,GE1401,CB2100,10441,T06
27,BBA Accountancy,GE1401,CB2100,10551,C02
27,BBA Accountancy,GE1401,GE1401,10688,T11
27,BBA Accountancy,GE1401,CB2201,10792,C04
27,BBA Accountancy,GE1401,CB2300,13960,SB5
28,BBA Accountancy,GE1401,CB2201,10678,C05
28,BBA Accountancy,GE1401,GE1401,10702,T27
28,BBA Accountancy,GE1401,CB2601,12560,C05
28,BBA Accountancy,GE1401,CB2100,12575,TB1
28,BBA Accountancy,GE1401,CB2100,12890,CB2
28,BBA Accountancy,GE1401,CB2300,13958,SB3
29,BBA Accountancy,GE1401,CB2100,10190,C01
29,BBA Accountancy,GE1401,CB2601,10335,C02
29,BBA Accountancy,GE1401,CB2100,11277,T13
29,BBA Accountancy,GE1401,GE1401,12122,T35
29,BBA Accountancy,GE1401,CB2300,12536,S05
29,BBA Accountancy,GE1401,CB2201,14827,C06
30,BBA Accountancy,GE1401,CB2100,10192,T05
30,BBA Accountancy,GE1401,CB2100,10551,C02
30,BBA Accountancy,GE1401,CB2201,10792,C04
30,BBA Accountancy,GE1401,GE1401,11493,T75
30,BBA Accountancy,GE1401,CB2601,12305,C01
30,BBA Accountancy,GE1401,CB2300,12536,S05
31,BBA Accountancy,GE1401,CB2100,10190,C01
31,BBA Accountancy,GE1401,CB2100,10192,T05
31,BBA Accountancy,GE1401,CB2601,10335,C02
31,BBA Accountancy,GE1401,GE1401,12122,T35
31,BBA Accountancy,GE1401,CB2300,12536,S05
31,BBA Accountancy,GE1401,CB2201,14827,C06
32,BBA Accountancy,GE1401,CB2100,10191,T04
32,BBA Accountancy,GE1401,CB2601,10334,C04
32,BBA Accountancy,GE1401,CB2100,10551,C02
32,BBA Accountancy,GE1401,GE1401,11503,T89
32,BBA Accountancy,GE1401,CB2300,12535,S04
32,BBA Accountancy,GE1401,CB2201,12852,CM1
33,BBA Accountancy,GE1401,CB2601,10334,C04
33,BBA Accountancy,GE1401,CB2100,10551,C02
33,BBA Accountancy,GE1401,GE1401,10682,T05
33,BBA Accountancy,GE1401,CB2201,10792,C04
33,BBA Accountancy,GE1401,CB2100,11278,T14
33,BBA Accountancy,GE1401,CB2300,14880,SC1
34,BBA Accountancy,GE1401,CB2100,10442,T07
34,BBA Accountancy,GE1401,CB2100,10551,C02
34,BBA Accountancy,GE1401,CB2201,10792,C04
34,BBA Accountancy,GE1401,GE1401,11493,T75
34,BBA Accountancy,GE1401,CB2300,12536,S05
34,BBA Accountancy,GE1401,CB2601,12560,C05
35,BBA Accountancy,GE1401,CB2100,10551,C02
35,BBA Accountancy,GE1401,GE1401,10679,T02
35,BBA Accountancy,GE1401,CB2100,11278,T14
35,BBA Accountancy,GE1401,CB2601,12304,CE1
35,BBA Accountancy,GE1401,CB2300,12535,S04
35,BBA Accountancy,GE1401,CB2201,14827,C06
36,BBA Accountancy,GE1401,CB2601,10334,C04
36,BBA Accountancy,GE1401,CB2100,10551,C02
36,BBA Accountancy,GE1401,GE1401,10682,T05
36,BBA Accountancy,GE1401,CB2201,10792,C04
36,BBA Accountancy,GE1401,CB2100,11278,T14
36,BBA Accountancy,GE1401,CB2300,14880,SC1
37,BBA Accountancy,GE1401,CB2100,10442,T07
37,BBA Accountancy,GE1401,CB2100,10551,C02
37,BBA Accountancy,GE1401,CB2201,10792,C04
37,BBA Accountancy,GE1401,GE1401,11499,T85
37,BBA Accountancy,GE1401,CB2601,12305,C01
37,BBA Accountancy,GE1401,CB2300,12536,S05
38,BBA Accountancy,GE1401,CB2601,10334,C04
38,BBA Accountancy,GE1401,CB2100,10441,T06
38,BBA Accountancy,GE1401,CB2100,10551,C02
38,BBA Accountancy,GE1401,CB2300,12535,S04
38,BBA Accountancy,GE1401,GE1401,14271,TB8
38,BBA Accountancy,GE1401,CB2201,14827,C06
39,BBA Accountancy,GE1401,CB2100,10190,C01
39,BBA Accountancy,GE1401,GE1401,10683,T06
39,BBA Accountancy,GE1401,CB2601,11195,C03
39,BBA Accountancy,GE1401,CB2100,11277,T13
39,BBA Accountancy,GE1401,CB2300,13959,SB4
39,BBA Accountancy,GE1401,CB2201,14828,C07
40,BBA Accountancy,GE1401,CB2100,10551,C02
40,BBA Accountancy,GE1401,CB2100,10552,T09
40,BBA Accountancy,GE1401,CB2201,10792,C04
40,BBA Accountancy,GE1401,GE1401,11493,T75
40,BBA Accountancy,GE1401,CB2601,12304,CE1
40,BBA Accountancy,GE1401,CB2300,12534,S03
41,BBA Accountancy,GE1401,CB2100,10190,C01
41,BBA Accountancy,GE1401,CB2601,10335,C02
41,BBA Accountancy,GE1401,CB2100,10554,T11
41,BBA Accountancy,GE1401,GE1401,12127,T84
41,BBA Accountancy,GE1401,CB2300,12536,S05
41,BBA Accountancy,GE1401,CB2201,14827,C06
42,BBA Accountancy,GE1401,CB2100,10190,C01
42,BBA Accountancy,GE1401,CB2100,10191,T04
42,BBA Accountancy,GE1401,GE1401,10679,T02
42,BBA Accountancy,GE1401,CB2601,12304,CE1
42,BBA Accountancy,GE1401,CB2300,12588,SA2
42,BBA Accountancy,GE1401,CB2201,14827,C06
43,BBA Accountancy,GE1401,CB2100,10551,C02
43,BBA Accountancy,GE1401,CB2100,10552,T09
43,BBA Accountancy,GE1401,CB2201,10792,C04
43,BBA Accountancy,GE1401,GE1401,11493,T75
43,BBA Accountancy,GE1401,CB2601,12305,C01
43,BBA Accountancy,GE1401,CB2300,12536,S05
44,BBA Accountancy,GE1401,CB2100,10192,T05
44,BBA Accountancy,GE1401,CB2100,10551,C02
44,BBA Accountancy,GE1401,CB2201,10792,C04
44,BBA Accountancy,GE1401,GE1401,11493,T75
44,BBA Accountancy,GE1401,CB2601,12305,C01
44,BBA Accountancy,GE1401,CB2300,12536,S05
45,BBA Accountancy,GE1401,CB2601,10334,C04
45,BBA Accountancy,GE1401,CB2201,10340,C02
45,BBA Accountancy,GE1401,CB2100,10551,C02
45,BBA Accountancy,GE1401,GE1401,10688,T11
45,BBA Accountancy,GE1401,CB2100,11278,T14
45,BBA Accountancy,GE1401,CB2300,12535,S04
46,BBA Accountancy,GE1401,CB2100,10551,C02
46,BBA Accountancy,GE1401,CB2100,10553,T10
46,BBA Accountancy,GE1401,GE1401,10710,T37
46,BBA Accountancy,GE1401,CB2601,12304,CE1
46,BBA Accountancy,GE1401,CB2300,12535,S04
46,BBA Accountancy,GE1401,CB2201,14828,C07
47,BBA Accountancy,GE1401,CB2100,10441,T06
47,BBA Accountancy,GE1401,CB2100,10551,C02
47,BBA Accountancy,GE1401,GE1401,10715,T45
47,BBA Accountancy,GE1401,CB2201,10792,C04
47,BBA Accountancy,GE1401,CB2601,12304,CE1
47,BBA Accountancy,GE1401,CB2300,12534,S03
48,BBA Accountancy,GE1401,CB2601,10334,C04
48,BBA Accountancy,GE1401,CB2100,10551,C02
48,BBA Accountancy,GE1401,GE1401,10682,T05
48,BBA Accountancy,GE1401,CB2201,10792,C04
48,BBA Accountancy,GE1401,CB2100,11278,T14
48,BBA Accountancy,GE1401,CB2300,14880,SC1
49,BBA Accountancy,GE1401,CB2100,10551,C02
49,BBA Accountancy,GE1401,CB2100,10553,T10
49,BBA Accountancy,GE1401,GE1401,11451,T68
49,BBA Accountancy,GE1401,CB2300,12535,S04
49,BBA Accountancy,GE1401,CB2601,12560,C05
49,BBA Accountancy,GE1401,CB2201,14828,C07
50,BBA Accountancy,GE1401,CB2100,10190,C01
50,BBA Accountancy,GE1401,CB2100,10442,T07
50,BBA Accountancy,GE1401,GE1401,10721,T54
50,BBA Accountancy,GE1401,CB2601,12304,CE1
50,BBA Accountancy,GE1401,CB2300,12532,S02
50,BBA Accountancy,GE1401,CB2201,14827,C06
51,BBA Accountancy,GE1401,CB2201,10678,C05
51,BBA Accountancy,GE1401,GE1401,10702,T27
51,BBA Accountancy,GE1401,CB2601,12561,CC5
51,BBA Accountancy,GE1401,CB2100,12575,TB1
51,BBA Accountancy,GE1401,CB2100,12890,CB2
51,BBA Accountancy,GE1401,CB2300,14882,SC3
52,BBA Accountancy,GE1401,CB2201,10678,C05
52,BBA Accountancy,GE1401,GE1401,10702,T27
52,BBA Accountancy,GE1401,CB2601,12560,C05
52,BBA Accountancy,GE1401,CB2100,12575,TB1
52,BBA Accountancy,GE1401,CB2100,12890,CB2
52,BBA Accountancy,GE1401,CB2300,13958,SB3
53,BBA Accountancy,GE1401,CB2100,10441,T06
53,BBA Accountancy,GE1401,CB2100,10551,C02
53,BBA Accountancy,GE1401,CB2601,12304,CE1
53,BBA Accountancy,GE1401,GE1401,12397,T51
53,BBA Accountancy,GE1401,CB2300,12535,S04
53,BBA Accountancy,GE1401,CB2201,14827,C06
54,BBA Accountancy,GE1401,CB2100,10190,C01
54,BBA Accountancy,GE1401,CB2601,10335,C02
54,BBA Accountancy,GE1401,CB2100,10552,T09
54,BBA Accountancy,GE1401,CB2300,12536,S05
54,BBA Accountancy,GE1401,GE1401,13573,TB2
54,BBA Accountancy,GE1401,CB2201,14827,C06
55,BBA Accountancy,GE1401,CB2100,10551,C02
55,BBA Accountancy,GE1401,CB2100,10553,T10
55,BBA Accountancy,GE1401,GE1401,10710,T37
55,BBA Accountancy,GE1401,CB2601,12304,CE1
55,BBA Accountancy,GE1401,CB2300,12535,S04
55,BBA Accountancy,GE1401,CB2201,14828,C07
56,BBA Accountancy,GE1401,CB2100,10551,C02
56,BBA Accountancy,GE1401,CB2100,10554,T11
56,BBA Accountancy,GE1401,CB2201,10792,C04
56,BBA Accountancy,GE1401,GE1401,12125,T65
56,BBA Accountancy,GE1401,CB2601,12305,C01
56,BBA Accountancy,GE1401,CB2300,12587,SA1
57,BBA Accountancy,GE1401,CB2201,10678,C05
57,BBA Accountancy,GE1401,GE1401,10702,T27
57,BBA Accountancy,GE1401,CB2601,12560,C05
57,BBA Accountancy,GE1401,CB2100,12575,TB1
57,BBA Accountancy,GE1401,CB2100,12890,CB2
57,BBA Accountancy,GE1401,CB2300,13958,SB3
58,BBA Accountancy,GE1401,CB2100,10190,C01
58,BBA Accountancy,GE1401,CB2100,10191,T04
58,BBA Accountancy,GE1401,GE1401,10685,T08
58,BBA Accountancy,GE1401,CB2201,10792,C04
58,BBA Accountancy,GE1401,CB2601,12306,CA4
58,BBA Accountancy,GE1401,CB2300,12588,SA2
59,BBA Accountancy,GE1401,CB2100,10190,C01
59,BBA Accountancy,GE1401,CB2100,10442,T07
59,BBA Accountancy,GE1401,GE1401,10721,T54
59,BBA Accountancy,GE1401,CB2601,12304,CE1
59,BBA Accountancy,GE1401,CB2300,12532,S02
59,BBA Accountancy,GE1401,CB2201,14827,C06
60,BBA Accountancy,GE1401,CB2201,10678,C05
60,BBA Accountancy,GE1401,GE1401,10702,T27
60,BBA Accountancy,GE1401,CB2300,12534,S03
60,BBA Accountancy,GE1401,CB2601,12560,C05
60,BBA Accountancy,GE1401,CB2100,12575,TB1
60,BBA Accountancy,GE1401,CB2100,12890,CB2
61,BBA Accountancy,GE1401,CB2100,10246,T03
61,BBA Accountancy,GE1401,CB2201,10341,C03
61,BBA Accountancy,GE1401,CB2100,10551,C02
61,BBA Accountancy,GE1401,GE1401,12125,T65
61,BBA Accountancy,GE1401,CB2601,12304,CE1
61,BBA Accountancy,GE1401,CB2300,12535,S04
62,BBA Accountancy,GE1401,CB2100,10190,C01
62,BBA Accountancy,GE1401,CB2601,10335,C02
62,BBA Accountancy,GE1401,CB2100,11277,T13
62,BBA Accountancy,GE1401,GE1401,12122,T35
62,BBA Accountancy,GE1401,CB2300,12536,S05
62,BBA Accountancy,GE1401,CB2201,14827,C06
63,BBA Accountancy,GE1401,CB2100,10551,C02
63,BBA Accountancy,GE1401,GE1401,10718,T50
63,BBA Accountancy,GE1401,CB2100,11277,T13
63,BBA Accountancy,GE1401,CB2601,12304,CE1
63,BBA Accountancy,GE1401,CB2300,12535,S04
63,BBA Accountancy,GE1401,CB2201,14828,C07
64,BBA Accountancy,GE1401,CB2601,10334,C04
64,BBA Accountancy,GE1401,CB2100,10551,C02
64,BBA Accountancy,GE1401,GE1401,10690,T13
64,BBA Accountancy,GE1401,CB2100,11278,T14
64,BBA Accountancy,GE1401,CB2300,13960,SB5
64,BBA Accountancy,GE1401,CB2201,14827,C06
65,BBA Accountancy,GE1401,CB2100,10551,C02
65,BBA Accountancy,GE1401,CB2100,11278,T14
65,BBA Accountancy,GE1401,GE1401,11503,T89
65,BBA Accountancy,GE1401,CB2601,12306,CA4
65,BBA Accountancy,GE1401,CB2300,12535,S04
65,BBA Accountancy,GE1401,CB2201,12852,CM1
66,BBA Accountancy,GE1401,CB2601,10334,C04
66,BBA Accountancy,GE1401,CB2201,10340,C02
66,BBA Accountancy,GE1401,CB2100,10551,C02
66,BBA Accountancy,GE1401,GE1401,10688,T11
66,BBA Accountancy,GE1401,CB2100,11278,T14
66,BBA Accountancy,GE1401,CB2300,12535,S04
67,BBA Accountancy,GE1401,CB2201,10341,C03
67,BBA Accountancy,GE1401,CB2100,10551,C02
67,BBA Accountancy,GE1401,CB2100,11277,T13
67,BBA Accountancy,GE1401,GE1401,12125,T65
67,BBA Accountancy,GE1401,CB2601,12304,CE1
67,BBA Accountancy,GE1401,CB2300,12535,S04
68,BBA Accountancy,GE1401,CB2100,10190,C01
68,BBA Accountancy,GE1401,CB2100,10442,T07
68,BBA Accountancy,GE1401,GE1401,10721,T54
68,BBA Accountancy,GE1401,CB2601,12304,CE1
68,BBA Accountancy,GE1401,CB2300,12532,S02
68,BBA Accountancy,GE1401,CB2201,14827,C06
69,BBA Accountancy,GE1401,CB2100,10551,C02
69,BBA Accountancy,GE1401,CB2100,10553,T10
69,BBA Accountancy,GE1401,GE1401,11451,T68
69,BBA Accountancy,GE1401,CB2300,12535,S04
69,BBA Accountancy,GE1401,CB2601,12560,C05
69,BBA Accountancy,GE1401,CB2201,14828,C07
70,BBA Accountancy,GE1401,CB2100,10442,T07
70,BBA Accountancy,GE1401,CB2100,10551,C02
70,BBA Accountancy,GE1401,CB2201,10792,C04
70,BBA Accountancy,GE1401,GE1401,11493,T75
70,BBA Accountancy,GE1401,CB2300,12536,S05
70,BBA Accountancy,GE1401,CB2601,12560,C05
71,BBA Accountancy,GE1401,CB2100,10551,C02
71,BBA Accountancy,GE1401,GE1401,10702,T27
71,BBA Accountancy,GE1401,CB2100,11280,TAD
71,BBA Accountancy,GE1401,CB2601,12304,CE1
71,BBA Accountancy,GE1401,CB2300,13959,SB4
71,BBA Accountancy,GE1401,CB2201,14828,C07
72,BBA Accountancy,GE1401,CB2100,10551,C02
72,BBA Accountancy,GE1401,CB2100,10554,T11
72,BBA Accountancy,GE1401,CB2201,10792,C04
72,BBA Accountancy,GE1401,GE1401,12125,T65
72,BBA Accountancy,GE1401,CB2601,12305,C01
72,BBA Accountancy,GE1401,CB2300,12587,SA1
73,BBA Accountancy,GE1401,CB2100,10442,T07
73,BBA Accountancy,GE1401,CB2100,10551,C02
73,BBA Accountancy,GE1401,CB2201,10792,C04
73,BBA Accountancy,GE1401,GE1401,11493,T75
73,BBA Accountancy,GE1401,CB2601,12305,C01
73,BBA Accountancy,GE1401,CB2300,12536,S05
74,BBA Accountancy,GE1401,CB2100,10551,C02
74,BBA Accountancy,GE1401,CB2100,10552,T09
74,BBA Accountancy,GE1401,CB2201,10792,C04
74,BBA Accountancy,GE1401,GE1401,11493,T75
74,BBA Accountancy,GE1401,CB2300,12536,S05
74,BBA Accountancy,GE1401,CB2601,12560,C05
75,BBA Accountancy,GE1401,CB2100,10190,C01
75,BBA Accountancy,GE1401,GE1401,10679,T02
75,BBA Accountancy,GE1401,CB2601,11195,C03
75,BBA Accountancy,GE1401,CB2100,11278,T14
75,BBA Accountancy,GE1401,CB2300,12535,S04
75,BBA Accountancy,GE1401,CB2201,14827,C06
76,BBA Accountancy,GE1401,CB2100,10551,C02
76,BBA Accountancy,GE1401,CB2100,10553,T10
76,BBA Accountancy,GE1401,GE1401,10718,T50
76,BBA Accountancy,GE1401,CB2601,11195,C03
76,BBA Accountancy,GE1401,CB2300,12535,S04
76,BBA Accountancy,GE1401,CB2201,14828,C07
77,BBA Accountancy,GE1401,CB2100,10192,T05
77,BBA Accountancy,GE1401,CB2100,10551,C02
77,BBA Accountancy,GE1401,CB2201,10792,C04
77,BBA Accountancy,GE1401,GE1401,11493,T75
77,BBA Accountancy,GE1401,CB2601,12305,C01
77,BBA Accountancy,GE1401,CB2300,12536,S05
78,BBA Accountancy,GE1401,CB2601,10334,C04
78,BBA Accountancy,GE1401,CB2201,10340,C02
78,BBA Accountancy,GE1401,CB2100,10551,C02
78,BBA Accountancy,GE1401,GE1401,10688,T11
78,BBA Accountancy,GE1401,CB2100,11278,T14
78,BBA Accountancy,GE1401,CB2300,12535,S04
79,BBA Accountancy,GE1401,CB2100,10190,C01
79,BBA Accountancy,GE1401,GE1401,10683,T06
79,BBA Accountancy,GE1401,CB2601,11195,C03
79,BBA Accountancy,GE1401,CB2100,11277,T13
79,BBA Accountancy,GE1401,CB2300,13959,SB4
79,BBA Accountancy,GE1401,CB2201,14828,C07
80,BBA Accountancy,GE1401,CB2100,10190,C01
80,BBA Accountancy,GE1401,CB2601,10335,C02
80,BBA Accountancy,GE1401,CB2100,10554,T11
80,BBA Accountancy,GE1401,GE1401,12127,T84
80,BBA Accountancy,GE1401,CB2300,12536,S05
80,BBA Accountancy,GE1401,CB2201,14827,C06
81,BBA Accountancy,GE1401,CB2201,10678,C05
81,BBA Accountancy,GE1401,GE1401,10702,T27
81,BBA Accountancy,GE1401,CB2601,12561,CC5
81,BBA Accountancy,GE1401,CB2100,12575,TB1
81,BBA Accountancy,GE1401,CB2100,12890,CB2
81,BBA Accountancy,GE1401,CB2300,14882,SC3
82,BBA Accountancy,GE1401,CB2201,10341,C03
82,BBA Accountancy,GE1401,CB2100,10551,C02
82,BBA Accountancy,GE1401,CB2100,11277,T13
82,BBA Accountancy,GE1401,GE1401,12125,T65
82,BBA Accountancy,GE1401,CB2601,12304,CE1
82,BBA Accountancy,GE1401,CB2300,12535,S04
83,BBA Accountancy,GE1401,CB2100,10551,C02
83,BBA Accountancy,GE1401,CB2100,10552,T09
83,BBA Accountancy,GE1401,CB2201,10792,C04
83,BBA Accountancy,GE1401,GE1401,11493,T75
83,BBA Accountancy,GE1401,CB2601,12304,CE1
83,BBA Accountancy,GE1401,CB2300,12534,S03
84,BBA Accountancy,GE1401,CB2100,10191,T04
84,BBA Accountancy,GE1401,CB2100,10551,C02
84,BBA Accountancy,GE1401,GE1401,10681,T04
84,BBA Accountancy,GE1401,CB2201,10792,C04
84,BBA Accountancy,GE1401,CB2601,12304,CE1
84,BBA Accountancy,GE1401,CB2300,12534,S03
85,BBA Accountancy,GE1401,CB2100,10442,T07
85,BBA Accountancy,GE1401,CB2100,10551,C02
85,BBA Accountancy,GE1401,CB2201,10792,C04
85,BBA Accountancy,GE1401,GE1401,11493,T75
85,BBA Accountancy,GE1401,CB2601,12305,C01
85,BBA Accountancy,GE1401,CB2300,12536,S05
86,BBA Accountancy,GE1401,CB2100,10190,C01
86,BBA Accountancy,GE1401,CB2601,10335,C02
86,BBA Accountancy,GE1401,CB2100,10554,T11
86,BBA Accountancy,GE1401,CB2300,12536,S05
86,BBA Accountancy,GE1401,GE1401,13573,TB2
86,BBA Accountancy,GE1401,CB2201,14827,C06
87,BBA Accountancy,GE1401,CB2100,10551,C02
87,BBA Accountancy,GE1401,CB2100,10554,T11
87,BBA Accountancy,GE1401,CB2201,10792,C04
87,BBA Accountancy,GE1401,GE1401,12125,T65
87,BBA Accountancy,GE1401,CB2601,12305,C01
87,BBA Accountancy,GE1401,CB2300,12587,SA1
88,BBA Accountancy,GE1401,CB2100,10442,T07
88,BBA Accountancy,GE1401,CB2100,10551,C02
88,BBA Accountancy,GE1401,CB2201,10792,C04
88,BBA Accountancy,GE1401,GE1401,11493,T75
88,BBA Accountancy,GE1401,CB2601,12305,C01
88,BBA Accountancy,GE1401,CB2300,12536,S05
89,BBA Accountancy,GE1401,CB2100,10246,T03
89,BBA Accountancy,GE1401,CB2201,10341,C03
89,BBA Accountancy,GE1401,CB2100,10551,C02
89,BBA Accountancy,GE1401,GE1401,12125,T65
89,BBA Accountancy,GE1401,CB2601,12304,CE1
89,BBA Accountancy,GE1401,CB2300,12535,S04
90,BBA Accountancy,GE1401,CB2100,10191,T04
90,BBA Accountancy,GE1401,CB2601,10334,C04
90,BBA Accountancy,GE1401,CB2100,10551,C02
90,BBA Accountancy,GE1401,GE1401,11503,T89
90,BBA Accountancy,GE1401,CB2300,12535,S04
90,BBA Accountancy,GE1401,CB2201,13198,CF1
91,BBA Accountancy,GE1401,CB2100,10442,T07
91,BBA Accountancy,GE1401,CB2100,10551,C02
91,BBA Accountancy,GE1401,CB2201,10792,C04
91,BBA Accountancy,GE1401,GE1401,11499,T85
91,BBA Accountancy,GE1401,CB2601,12305,C01
91,BBA Accountancy,GE1401,CB2300,12536,S05
92,BBA Accountancy,GE1401,CB2100,10190,C01
92,BBA Accountancy,GE1401,CB2100,10191,T04
92,BBA Accountancy,GE1401,GE1401,10679,T02
92,BBA Accountancy,GE1401,CB2601,12304,CE1
92,BBA Accountancy,GE1401,CB2300,12588,SA2
92,BBA Accountancy,GE1401,CB2201,14827,C06
93,BBA Accountancy,GE1401,CB2100,10457,CA2
93,BBA Accountancy,GE1401,CB2100,10459,TA4
93,BBA Accountancy,GE1401,GE1401,10717,T48
93,BBA Accountancy,GE1401,CB2601,12306,CA4
93,BBA Accountancy,GE1401,CB2201,14827,C06
93,BBA Accountancy,GE1401,CB2300,14901,SC5
94,BBA Accountancy,GE1401,CB2100,10190,C01
94,BBA Accountancy,GE1401,CB2100,10192,T05
94,BBA Accountancy,GE1401,CB2601,10335,C02
94,BBA Accountancy,GE1401,GE1401,12122,T35
94,BBA Accountancy,GE1401,CB2300,12536,S05
94,BBA Accountancy,GE1401,CB2201,14827,C06
95,BBA Accountancy,GE1401,CB2100,10190,C01
95,BBA Accountancy,GE1401,CB2100,10192,T05
95,BBA Accountancy,GE1401,CB2601,10335,C02
95,BBA Accountancy,GE1401,GE1401,12122,T35
95,BBA Accountancy,GE1401,CB2300,12536,S05
95,BBA Accountancy,GE1401,CB2201,14827,C06
96,BBA Accountancy,GE1401,CB2100,10442,T07
96,BBA Accountancy,GE1401,CB2100,10551,C02
96,BBA Accountancy,GE1401,CB2201,10792,C04
96,BBA Accountancy,GE1401,GE1401,11493,T75
96,BBA Accountancy,GE1401,CB2601,12305,C01
96,BBA Accountancy,GE1401,CB2300,12536,S05
97,BBA Accountancy,GE1401,CB2100,10190,C01
97,BBA Accountancy,GE1401,CB2100,10191,T04
97,BBA Accountancy,GE1401,CB2601,10335,C02
97,BBA Accountancy,GE1401,GE1401,12397,T51
97,BBA Accountancy,GE1401,CB2300,12587,SA1
97,BBA Accountancy,GE1401,CB2201,14827,C06
98,BBA Accountancy,GE1401,CB2100,10190,C01
98,BBA Accountancy,GE1401,CB2601,10335,C02
98,BBA Accountancy,GE1401,CB2100,10552,T09
98,BBA Accountancy,GE1401,CB2300,12536,S05
98,BBA Accountancy,GE1401,GE1401,13573,TB2
98,BBA Accountancy,GE1401,CB2201,14827,C06
99,BBA Accountancy,GE1401,CB2100,10192,T05
99,BBA Accountancy,GE1401,CB2100,10551,C02
99,BBA Accountancy,GE1401,CB2201,10792,C04
99,BBA Accountancy,GE1401,GE1401,11493,T75
99,BBA Accountancy,GE1401,CB2601,12305,C01
99,BBA Accountancy,GE1401,CB2300,12536,S05
100,BBA Accountancy,GE1401,CB2601,10334,C04
100,BBA Accountancy,GE1401,CB2201,10340,C02
100,BBA Accountancy,GE1401,CB2100,10551,C02
100,BBA Accountancy,GE1401,GE1401,10688,T11
100,BBA Accountancy,GE1401,CB2100,11278,T14
100,BBA Accountancy,GE1401,CB2300,12535,S04
101,BBA Accountancy,GE1401,CB2100,10551,C02
101,BBA Accountancy,GE1401,GE1401,10718,T50
101,BBA Accountancy,GE1401,CB2100,11277,T13
101,BBA Accountancy,GE1401,CB2601,12304,CE1
101,BBA Accountancy,GE1401,CB2300,12535,S04
101,BBA Accountancy,GE1401,CB2201,14828,C07
102,BBA Accountancy,GE1401,CB2201,10341,C03
102,BBA Accountancy,GE1401,CB2100,10551,C02
102,BBA Accountancy,GE1401,GE1401,10718,T50
102,BBA Accountancy,GE1401,CB2100,11277,T13
102,BBA Accountancy,GE1401,CB2601,12304,CE1
102,BBA Accountancy,GE1401,CB2300,12535,S04
103,BBA Accountancy,GE1401,CB2100,10551,C02
103,BBA Accountancy,GE1401,GE1401,10679,T02
103,BBA Accountancy,GE1401,CB2100,11278,T14
103,BBA Accountancy,GE1401,CB2601,12304,CE1
103,BBA Accountancy,GE1401,CB2300,12535,S04
103,BBA Accountancy,GE1401,CB2201,14827,C06
104,BBA Accountancy,GE1401,CB2100,10442,T07
104,BBA Accountancy,GE1401,CB2100,10551,C02
104,BBA Accountancy,GE1401,CB2201,10792,C04
104,BBA Accountancy,GE1401,GE1401,11499,T85
104,BBA Accountancy,GE1401,CB2601,12305,C01
104,BBA Accountancy,GE1401,CB2300,12536,S05
105,BBA Accountancy,GE1401,CB2100,10457,CA2
105,BBA Accountancy,GE1401,CB2100,10459,TA4
105,BBA Accountancy,GE1401,GE1401,10717,T48
105,BBA Accountancy,GE1401,CB2601,12306,CA4
105,BBA Accountancy,GE1401,CB2201,14827,C06
105,BBA Accountancy,GE1401,CB2300,14901,SC5
106,BBA Accountancy,GE1401,CB2100,10441,T06
106,BBA Accountancy,GE1401,CB2100,10551,C02
106,BBA Accountancy,GE1401,GE1401,10679,T02
106,BBA Accountancy,GE1401,CB2201,10792,C04
106,BBA Accountancy,GE1401,CB2601,12560,C05
106,BBA Accountancy,GE1401,CB2300,13960,SB5
107,BBA Accountancy,GE1401,CB2100,10551,C02
107,BBA Accountancy,GE1401,CB2100,10553,T10
107,BBA Accountancy,GE1401,CB2601,12304,CE1
107,BBA Accountancy,GE1401,GE1401,12396,T46
107,BBA Accountancy,GE1401,CB2300,12535,S04
107,BBA Accountancy,GE1401,CB2201,14828,C07
108,BBA Accountancy,GE1401,CB2100,10190,C01
108,BBA Accountancy,GE1401,CB2601,10335,C02
108,BBA Accountancy,GE1401,CB2100,11277,T13
108,BBA Accountancy,GE1401,CB2300,12587,SA1
108,BBA Accountancy,GE1401,GE1401,12733,T62
108,BBA Accountancy,GE1401,CB2201,14827,C06
109,BBA Accountancy,GE1401,CB2100,10551,C02
109,BBA Accountancy,GE1401,CB2100,10553,T10
109,BBA Accountancy,GE1401,GE1401,10718,T50
109,BBA Accountancy,GE1401,CB2601,11195,C03
109,BBA Accountancy,GE1401,CB2300,12535,S04
109,BBA Accountancy,GE1401,CB2201,14828,C07
110,BBA Accountancy,GE1401,CB2100,10551,C02
110,BBA Accountancy,GE1401,CB2100,10553,T10
110,BBA Accountancy,GE1401,GE1401,10718,T50
110,BBA Accountancy,GE1401,CB2601,11195,C03
110,BBA Accountancy,GE1401,CB2300,12535,S04
110,BBA Accountancy,GE1401,CB2201,14828,C07
111,BBA Accountancy,GE1401,CB2100,10551,C02
111,BBA Accountancy,GE1401,CB2100,10552,T09
111,BBA Accountancy,GE1401,CB2201,10792,C04
111,BBA Accountancy,GE1401,GE1401,11493,T75
111,BBA Accountancy,GE1401,CB2601,12305,C01
111,BBA Accountancy,GE1401,CB2300,12536,S05
112,BBA Accountancy,GE1401,CB2100,10551,C02
112,BBA Accountancy,GE1401,CB2100,10560,TAA
112,BBA Accountancy,GE1401,GE1401,11503,T89
112,BBA Accountancy,GE1401,CB2601,12304,CE1
112,BBA Accountancy,GE1401,CB2300,12535,S04
112,BBA Accountancy,GE1401,CB2201,14828,C07
113,BBA Accountancy,GE1401,CB2100,10551,C02
113,BBA Accountancy,GE1401,CB2100,10553,T10
113,BBA Accountancy,GE1401,GE1401,10710,T37
113,BBA Accountancy,GE1401,CB2601,12304,CE1
113,BBA Accountancy,GE1401,CB2300,12535,S04
113,BBA Accountancy,GE1401,CB2201,14828,C07
114,BBA Accountancy,GE1401,CB2100,10190,C01
114,BBA Accountancy,GE1401,CB2100,10442,T07
114,BBA Accountancy,GE1401,GE1401,10721,T54
114,BBA Accountancy,GE1401,CB2601,12304,CE1
114,BBA Accountancy,GE1401,CB2300,12532,S02
114,BBA Accountancy,GE1401,CB2201,14827,C06
115,BBA Accountancy,GE1401,CB2100,10190,C01
115,BBA Accountancy,GE1401,CB2100,10191,T04
115,BBA Accountancy,GE1401,GE1401,10681,T04
115,BBA Accountancy,GE1401,CB2601,12304,CE1
115,BBA Accountancy,GE1401,CB2300,12535,S04
115,BBA Accountancy,GE1401,CB2201,14827,C06
116,BBA Accountancy,GE1401,CB2100,10442,T07
116,BBA Accountancy,GE1401,CB2100,10551,C02
116,BBA Accountancy,GE1401,CB2201,10792,C04
116,BBA Accountancy,GE1401,GE1401,11499,T85
116,BBA Accountancy,GE1401,CB2601,12305,C01
116,BBA Accountancy,GE1401,CB2300,12536,S05
117,BBA Accountancy,GE1401,CB2601,10334,C04
117,BBA Accountancy,GE1401,CB2100,10441,T06
117,BBA Accountancy,GE1401,CB2100,10551,C02
117,BBA Accountancy,GE1401,GE1401,10688,T11
117,BBA Accountancy,GE1401,CB2201,10792,C04
117,BBA Accountancy,GE1401,CB2300,13960,SB5
118,BBA Accountancy,GE1401,CB2100,10442,T07
118,BBA Accountancy,GE1401,CB2100,10551,C02
118,BBA Accountancy,GE1401,CB2201,10792,C04
118,BBA Accountancy,GE1401,GE1401,11499,T85
118,BBA Accountancy,GE1401,CB2601,12305,C01
118,BBA Accountancy,GE1401,CB2300,12536,S05
119,BBA Accountancy,GE1401,CB2100,10551,C02
119,BBA Accountancy,GE1401,CB2100,10554,T11
119,BBA Accountancy,GE1401,CB2201,10792,C04
119,BBA Accountancy,GE1401,GE1401,12125,T65
119,BBA Accountancy,GE1401,CB2601,12304,CE1
119,BBA Accountancy,GE1401,CB2300,12534,S03
120,BBA Accountancy,GE1401,CB2100,10190,C01
120,BBA Accountancy,GE1401,CB2601,10335,C02
120,BBA Accountancy,GE1401,CB2100,10552,T09
120,BBA Accountancy,GE1401,CB2300,12587,SA1
120,BBA Accountancy,GE1401,GE1401,13573,TB2
120,BBA Accountancy,GE1401,CB2201,14827,C06
121,BBA Accountancy,GE1401,CB2100,10442,T07
121,BBA Accountancy,GE1401,CB2100,10551,C02
121,BBA Accountancy,GE1401,CB2201,10792,C04
121,BBA Accountancy,GE1401,GE1401,11493,T75
121,BBA Accountancy,GE1401,CB2601,12305,C01
121,BBA Accountancy,GE1401,CB2300,12536,S05
122,BBA Accountancy,GE1401,CB2100,10551,C02
122,BBA Accountancy,GE1401,CB2100,10553,T10
122,BBA Accountancy,GE1401,GE1401,10710,T37
122,BBA Accountancy,GE1401,CB2601,12304,CE1
122,BBA Accountancy,GE1401,CB2300,12535,S04
122,BBA Accountancy,GE1401,CB2201,14828,C07
123,BBA Accountancy,GE1401,CB2100,10246,T03
123,BBA Accountancy,GE1401,CB2100,10551,C02
123,BBA Accountancy,GE1401,CB2201,10792,C04
123,BBA Accountancy,GE1401,GE1401,12125,T65
123,BBA Accountancy,GE1401,CB2601,12305,C01
123,BBA Accountancy,GE1401,CB2300,12587,SA1
124,BBA Accountancy,GE1401,CB2100,10551,C02
124,BBA Accountancy,GE1401,CB2100,10554,T11
124,BBA Accountancy,GE1401,CB2201,10792,C04
124,BBA Accountancy,GE1401,GE1401,12125,T65
124,BBA Accountancy,GE1401,CB2601,12305,C01
124,BBA Accountancy,GE1401,CB2300,12587,SA1
125,BBA Accountancy,GE1401,CB2100,10442,T07
125,BBA Accountancy,GE1401,CB2100,10551,C02
125,BBA Accountancy,GE1401,CB2201,10792,C04
125,BBA Accountancy,GE1401,GE1401,11499,T85
125,BBA Accountancy,GE1401,CB2601,12305,C01
125,BBA Accountancy,GE1401,CB2300,12536,S05
126,BBA Accountancy,GE1401,CB2100,10190,C01
126,BBA Accountancy,GE1401,CB2601,10335,C02
126,BBA Accountancy,GE1401,CB2100,10554,T11
126,BBA Accountancy,GE1401,CB2300,12536,S05
126,BBA Accountancy,GE1401,GE1401,13573,TB2
126,BBA Accountancy,GE1401,CB2201,14827,C06
127,BBA Accountancy,GE1401,CB2100,10551,C02
127,BBA Accountancy,GE1401,GE1401,10716,T47
127,BBA Accountancy,GE1401,CB2201,10792,C04
127,BBA Accountancy,GE1401,CB2100,11278,T14
127,BBA Accountancy,GE1401,CB2601,12306,CA4
127,BBA Accountancy,GE1401,CB2300,12535,S04
128,BBA Accountancy,GE1401,CB2100,10551,C02
128,BBA Accountancy,GE1401,GE1401,10716,T47
128,BBA Accountancy,GE1401,CB2201,10792,C04
128,BBA Accountancy,GE1401,CB2100,11278,T14
128,BBA Accountancy,GE1401,CB2601,12306,CA4
128,BBA Accountancy,GE1401,CB2300,12535,S04
129,BBA Accountancy,GE1401,CB2601,10334,C04
129,BBA Accountancy,GE1401,CB2100,10551,C02
129,BBA Accountancy,GE1401,GE1401,10690,T13
129,BBA Accountancy,GE1401,CB2100,11278,T14
129,BBA Accountancy,GE1401,CB2201,14827,C06
129,BBA Accountancy,GE1401,CB2300,14880,SC1
130,BBA Accountancy,GE1401,CB2100,10551,C02
130,BBA Accountancy,GE1401,CB2100,10552,T09
130,BBA Accountancy,GE1401,CB2201,10792,C04
130,BBA Accountancy,GE1401,GE1401,11493,T75
130,BBA Accountancy,GE1401,CB2601,12304,CE1
130,BBA Accountancy,GE1401,CB2300,12534,S03
131,BBA Accountancy,GE1401,CB2100,10190,C01
131,BBA Accountancy,GE1401,CB2100,10553,T10
131,BBA Accountancy,GE1401,CB2601,11195,C03
131,BBA Accountancy,GE1401,CB2300,12535,S04
131,BBA Accountancy,GE1401,CB2201,14827,C06
131,BBA Accountancy,GE1401,GE1401,15206,TC6
132,BBA Accountancy,LC0200A,CB2100,10551,C02
132,BBA Accountancy,LC0200A,CB2100,10554,T11
132,BBA Accountancy,LC0200A,CB2201,10792,C04
132,BBA Accountancy,LC0200A,LC0200A,11173,T33
132,BBA Accountancy,LC0200A,CB2601,11195,C03
132,BBA Accountancy,LC0200A,CB2300,12534,S03
133,BBA Accountancy,LC0200A,CB2601,10334,C04
133,BBA Accountancy,LC0200A,CB2100,10551,C02
133,BBA Accountancy,LC0200A,CB2201,10792,C04
133,BBA Accountancy,LC0200A,LC0200A,10884,T15
133,BBA Accountancy,LC0200A,CB2100,11278,T14
133,BBA Accountancy,LC0200A,CB2300,12535,S04
134,BBA Accountancy,LC0200A,CB2100,10459,TA4
134,BBA Accountancy,LC0200A,LC0200A,10884,T15
134,BBA Accountancy,LC0200A,CB2100,11077,CA1
134,BBA Accountancy,LC0200A,CB2601,12306,CA4
134,BBA Accountancy,LC0200A,CB2201,14827,C06
134,BBA Accountancy,LC0200A,CB2300,14901,SC5
135,BBA Accountancy,LC0200A,CB2201,10678,C05
135,BBA Accountancy,LC0200A,LC0200A,10884,T15
135,BBA Accountancy,LC0200A,CB2601,12560,C05
135,BBA Accountancy,LC0200A,CB2100,12575,TB1
135,BBA Accountancy,LC0200A,CB2100,12890,CB2
135,BBA Accountancy,LC0200A,CB2300,13958,SB3
136,BBA Accountancy,LC0200A,CB2100,10551,C02
136,BBA Accountancy,LC0200A,CB2100,10553,T10
136,BBA Accountancy,LC0200A,CB2201,10792,C04
136,BBA Accountancy,LC0200A,LC0200A,10889,T21
136,BBA Accountancy,LC0200A,CB2601,12560,C05
136,BBA Accountancy,LC0200A,CB2300,12587,SA1
137,BBA Accountancy,LC0200A,CB2100,10551,C02
137,BBA Accountancy,LC0200A,CB2100,10553,T10
137,BBA Accountancy,LC0200A,LC0200A,11173,T33
137,BBA Accountancy,LC0200A,CB2601,12304,CE1
137,BBA Accountancy,LC0200A,CB2300,12535,S04
137,BBA Accountancy,LC0200A,CB2201,14828,C07
138,BBA Accountancy,LC0200A,CB2100,10551,C02
138,BBA Accountancy,LC0200A,CB2100,10560,TAA
138,BBA Accountancy,LC0200A,LC0200A,10884,T15
138,BBA Accountancy,LC0200A,CB2601,12305,C01
138,BBA Accountancy,LC0200A,CB2201,14828,C07
138,BBA Accountancy,LC0200A,CB2300,14901,SC5
139,BBA Accountancy,LC0200A,CB2201,10678,C05
139,BBA Accountancy,LC0200A,LC0200A,10884,T15
139,BBA Accountancy,LC0200A,CB2300,12534,S03
139,BBA Accountancy,LC0200A,CB2601,12560,C05
139,BBA Accountancy,LC0200A,CB2100,12575,TB1
139,BBA Accountancy,LC0200A,CB2100,12890,CB2
140,BBA Accountancy,LC0200A,CB2100,10551,C02
140,BBA Accountancy,LC0200A,LC0200A,10889,T21
140,BBA Accountancy,LC0200A,CB2100,11277,T13
140,BBA Accountancy,LC0200A,CB2601,12304,CE1
140,BBA Accountancy,LC0200A,CB2300,12535,S04
140,BBA Accountancy,LC0200A,CB2201,14827,C06
141,BBA Accountancy,LC0200A,CB2100,10551,C02
141,BBA Accountancy,LC0200A,CB2100,10554,T11
141,BBA Accountancy,LC0200A,CB2201,10792,C04
141,BBA Accountancy,LC0200A,LC0200A,11173,T33
141,BBA Accountancy,LC0200A,CB2601,11195,C03
141,BBA Accountancy,LC0200A,CB2300,12534,S03
142,BBA Accountancy,LC0200A,CB2100,10192,T05
142,BBA Accountancy,LC0200A,CB2100,10551,C02
142,BBA Accountancy,LC0200A,CB2201,10792,C04
142,BBA Accountancy,LC0200A,LC0200A,11173,T33
142,BBA Accountancy,LC0200A,CB2601,12305,C01
142,BBA Accountancy,LC0200A,CB2300,12536,S05
143,BBA Accountancy,LC0200A,CB2100,10246,T03
143,BBA Accountancy,LC0200A,CB2100,10551,C02
143,BBA Accountancy,LC0200A,CB2201,10792,C04
143,BBA Accountancy,LC0200A,LC0200A,11173,T33
143,BBA Accountancy,LC0200A,CB2601,11195,C03
143,BBA Accountancy,LC0200A,CB2300,12534,S03
144,BBA Accountancy,LC0200A,CB2100,10551,C02
144,BBA Accountancy,LC0200A,CB2100,10554,T11
144,BBA Accountancy,LC0200A,CB2201,10792,C04
144,BBA Accountancy,LC0200A,LC0200A,11173,T33
144,BBA Accountancy,LC0200A,CB2601,12305,C01
144,BBA Accountancy,LC0200A,CB2300,12536,S05
145,BBA Accountancy,LC0200A,CB2100,10190,C01
145,BBA Accountancy,LC0200A,LC0200A,10884,T15
145,BBA Accountancy,LC0200A,CB2100,11281,TAE
145,BBA Accountancy,LC0200A,CB2601,12306,CA4
145,BBA Accountancy,LC0200A,CB2201,14827,C06
145,BBA Accountancy,LC0200A,CB2300,14900,SC4
146,BBA Accountancy,LC0200A,CB2100,10551,C02
146,BBA Accountancy,LC0200A,CB2100,10560,TAA
146,BBA Accountancy,LC0200A,LC0200A,10884,T15
146,BBA Accountancy,LC0200A,CB2601,12304,CE1
146,BBA Accountancy,LC0200A,CB2300,12535,S04
146,BBA Accountancy,LC0200A,CB2201,14828,C07
147,BBA Accountancy,LC0200A,CB2100,10190,C01
147,BBA Accountancy,LC0200A,LC0200A,10884,T15
147,BBA Accountancy,LC0200A,CB2100,11278,T14
147,BBA Accountancy,LC0200A,CB2601,12306,CA4
147,BBA Accountancy,LC0200A,CB2201,14827,C06
147,BBA Accountancy,LC0200A,CB2300,14900,SC4
148,BBA Accountancy,LC0200A,CB2201,10341,C03
148,BBA Accountancy,LC0200A,CB2100,10551,C02
148,BBA Accountancy,LC0200A,CB2100,10554,T11
148,BBA Accountancy,LC0200A,LC0200A,11173,T33
148,BBA Accountancy,LC0200A,CB2601,11195,C03
148,BBA Accountancy,LC0200A,CB2300,12535,S04
149,BBA Accountancy,LC0200A,CB2100,10551,C02
149,BBA Accountancy,LC0200A,CB2100,10553,T10
149,BBA Accountancy,LC0200A,CB2201,10792,C04
149,BBA Accountancy,LC0200A,LC0200A,10889,T21
149,BBA Accountancy,LC0200A,CB2601,12560,C05
149,BBA Accountancy,LC0200A,CB2300,12587,SA1
150,BBA Accountancy,LC0200A,CB2100,10459,TA4
150,BBA Accountancy,LC0200A,LC0200A,10884,T15
150,BBA Accountancy,LC0200A,CB2100,11077,CA1
150,BBA Accountancy,LC0200A,CB2601,12306,CA4
150,BBA Accountancy,LC0200A,CB2201,14827,C06
150,BBA Accountancy,LC0200A,CB2300,14901,SC5
151,BBA Accountancy,LC0200A,CB2601,10334,C04
151,BBA Accountancy,LC0200A,CB2201,10341,C03
151,BBA Accountancy,LC0200A,CB2100,10441,T06
151,BBA Accountancy,LC0200A,CB2100,10551,C02
151,BBA Accountancy,LC0200A,LC0200A,11976,T37
151,BBA Accountancy,LC0200A,CB2300,12535,S04
152,BBA Accountancy,LC0200A,CB2100,10190,C01
152,BBA Accountancy,LC0200A,CB2601,10335,C02
152,BBA Accountancy,LC0200A,CB2100,10553,T10
152,BBA Accountancy,LC0200A,LC0200A,10881,T12
152,BBA Accountancy,LC0200A,CB2300,13960,SB5
152,BBA Accountancy,LC0200A,CB2201,14828,C07
153,BBA Accountancy,LC0200A,CB2100,10190,C01
153,BBA Accountancy,LC0200A,CB2601,10335,C02
153,BBA Accountancy,LC0200A,CB2100,10442,T07
153,BBA Accountancy,LC0200A,LC0200A,10881,T12
153,BBA Accountancy,LC0200A,CB2300,12536,S05
153,BBA Accountancy,LC0200A,CB2201,14827,C06
154,BBA Accountancy,LC0200A,CB2100,10190,C01
154,BBA Accountancy,LC0200A,CB2100,10191,T04
154,BBA Accountancy,LC0200A,CB2201,10678,C05
154,BBA Accountancy,LC0200A,LC0200A,10864,T04
154,BBA Accountancy,LC0200A,CB2601,12304,CE1
154,BBA Accountancy,LC0200A,CB2300,13959,SB4
155,BBA Accountancy,LC0200A,CB2100,10190,C01
155,BBA Accountancy,LC0200A,CB2601,10335,C02
155,BBA Accountancy,LC0200A,CB2100,10442,T07
155,BBA Accountancy,LC0200A,LC0200A,10881,T12
155,BBA Accountancy,LC0200A,CB2300,12536,S05
155,BBA Accountancy,LC0200A,CB2201,14827,C06
156,BBA Accountancy,LC0200A,CB2201,10341,C03
156,BBA Accountancy,LC0200A,CB2100,10551,C02
156,BBA Accountancy,LC0200A,CB2100,10553,T10
156,BBA Accountancy,LC0200A,LC0200A,10889,T21
156,BBA Accountancy,LC0200A,CB2601,12304,CE1
156,BBA Accountancy,LC0200A,CB2300,12535,S04
157,BBA Accountancy,LC0200A,CB2201,10678,C05
157,BBA Accountancy,LC0200A,LC0200A,10884,T15
157,BBA Accountancy,LC0200A,CB2601,12561,CC5
157,BBA Accountancy,LC0200A,CB2100,12575,TB1
157,BBA Accountancy,LC0200A,CB2100,12890,CB2
157,BBA Accountancy,LC0200A,CB2300,13958,SB3
158,BBA Accountancy,LC0200A,CB2100,10191,T04
158,BBA Accountancy,LC0200A,CB2100,10551,C02
158,BBA Accountancy,LC0200A,CB2201,10792,C04
158,BBA Accountancy,LC0200A,LC0200A,10862,T02
158,BBA Accountancy,LC0200A,CB2601,12560,C05
158,BBA Accountancy,LC0200A,CB2300,13960,SB5
159,BBA Accountancy,LC0200A,CB2100,10190,C01
159,BBA Accountancy,LC0200A,LC0200A,10884,T15
159,BBA Accountancy,LC0200A,CB2100,11278,T14
159,BBA Accountancy,LC0200A,CB2601,12306,CA4
159,BBA Accountancy,LC0200A,CB2300,13959,SB4
159,BBA Accountancy,LC0200A,CB2201,14827,C06
160,BBA Accountancy,LC0200A,CB2100,10190,C01
160,BBA Accountancy,LC0200A,CB2601,10335,C02
160,BBA Accountancy,LC0200A,CB2100,10552,T09
160,BBA Accountancy,LC0200A,LC0200A,10881,T12
160,BBA Accountancy,LC0200A,CB2300,12536,S05
160,BBA Accountancy,LC0200A,CB2201,14827,C06
161,BBA Accountancy,LC0200A,CB2100,10192,T05
161,BBA Accountancy,LC0200A,CB2100,10551,C02
161,BBA Accountancy,LC0200A,CB2201,10792,C04
161,BBA Accountancy,LC0200A,LC0200A,11173,T33
161,BBA Accountancy,LC0200A,CB2601,12305,C01
161,BBA Accountancy,LC0200A,CB2300,12536,S05
162,BBA Accountancy,LC0200A,CB2100,10190,C01
162,BBA Accountancy,LC0200A,CB2601,10335,C02
162,BBA Accountancy,LC0200A,CB2100,10552,T09
162,BBA Accountancy,LC0200A,LC0200A,10881,T12
162,BBA Accountancy,LC0200A,CB2300,12536,S05
162,BBA Accountancy,LC0200A,CB2201,14827,C06
163,BBA Accountancy,LC0200A,CB2100,10190,C01
163,BBA Accountancy,LC0200A,CB2601,10335,C02
163,BBA Accountancy,LC0200A,CB2100,10552,T09
163,BBA Accountancy,LC0200A,LC0200A,10881,T12
163,BBA Accountancy,LC0200A,CB2300,12536,S05
163,BBA Accountancy,LC0200A,CB2201,14827,C06
164,BBA Accountancy,LC0200A,CB2100,10191,T04
164,BBA Accountancy,LC0200A,CB2201,10339,C01
164,BBA Accountancy,LC0200A,CB2100,10551,C02
164,BBA Accountancy,LC0200A,LC0200A,10864,T04
164,BBA Accountancy,LC0200A,CB2300,12535,S04
164,BBA Accountancy,LC0200A,CB2601,12560,C05
165,BBA Accountancy,LC0200A,CB2100,10190,C01
165,BBA Accountancy,LC0200A,CB2601,10335,C02
165,BBA Accountancy,LC0200A,CB2100,10552,T09
165,BBA Accountancy,LC0200A,LC0200A,10881,T12
165,BBA Accountancy,LC0200A,CB2300,12536,S05
165,BBA Accountancy,LC0200A,CB2201,14827,C06
166,BBA Accountancy,LC0200A,CB2100,10551,C02
166,BBA Accountancy,LC0200A,CB2100,10552,T09
166,BBA Accountancy,LC0200A,CB2201,10792,C04
166,BBA Accountancy,LC0200A,LC0200A,11173,T33
166,BBA Accountancy,LC0200A,CB2300,12536,S05
166,BBA Accountancy,LC0200A,CB2601,12560,C05
167,BBA Accountancy,LC0200A,CB2100,10191,T04
167,BBA Accountancy,LC0200A,CB2201,10339,C01
167,BBA Accountancy,LC0200A,CB2100,10551,C02
167,BBA Accountancy,LC0200A,LC0200A,10864,T04
167,BBA Accountancy,LC0200A,CB2300,12535,S04
167,BBA Accountancy,LC0200A,CB2601,12560,C05
168,BBA Accountancy,LC0200A,CB2100,10551,C02
168,BBA Accountancy,LC0200A,CB2100,10554,T11
168,BBA Accountancy,LC0200A,CB2201,10792,C04
168,BBA Accountancy,LC0200A,LC0200A,11173,T33
168,BBA Accountancy,LC0200A,CB2601,12305,C01
168,BBA Accountancy,LC0200A,CB2300,12536,S05
169,BBA Accountancy,LC0200A,CB2601,10334,C04
169,BBA Accountancy,LC0200A,CB2201,10341,C03
169,BBA Accountancy,LC0200A,CB2100,10441,T06
169,BBA Accountancy,LC0200A,CB2100,10551,C02
169,BBA Accountancy,LC0200A,LC0200A,11976,T37
169,BBA Accountancy,LC0200A,CB2300,12535,S04
170,BBA Accountancy,LC0200A,CB2201,10678,C05
170,BBA Accountancy,LC0200A,LC0200A,10884,T15
170,BBA Accountancy,LC0200A,CB2601,12561,CC5
170,BBA Accountancy,LC0200A,CB2100,12575,TB1
170,BBA Accountancy,LC0200A,CB2100,12890,CB2
170,BBA Accountancy,LC0200A,CB2300,14882,SC3
171,BBA Accountancy,LC0200A,CB2601,10334,C04
171,BBA Accountancy,LC0200A,CB2201,10341,C03
171,BBA Accountancy,LC0200A,CB2100,10441,T06
171,BBA Accountancy,LC0200A,CB2100,10551,C02
171,BBA Accountancy,LC0200A,LC0200A,11976,T37
171,BBA Accountancy,LC0200A,CB2300,12535,S04
172,BBA Accountancy,LC0200A,CB2100,10190,C01
172,BBA Accountancy,LC0200A,LC0200A,10884,T15
172,BBA Accountancy,LC0200A,CB2100,11281,TAE
172,BBA Accountancy,LC0200A,CB2601,12306,CA4
172,BBA Accountancy,LC0200A,CB2201,14827,C06
172,BBA Accountancy,LC0200A,CB2300,14900,SC4
173,BBA Accountancy,LC0200A,CB2100,10191,T04
173,BBA Accountancy,LC0200A,CB2100,10551,C02
173,BBA Accountancy,LC0200A,CB2201,10792,C04
173,BBA Accountancy,LC0200A,LC0200A,10862,T02
173,BBA Accountancy,LC0200A,CB2601,12560,C05
173,BBA Accountancy,LC0200A,CB2300,13960,SB5
174,BBA Accountancy,LC0200A,CB2100,10191,T04
174,BBA Accountancy,LC0200A,CB2201,10339,C01
174,BBA Accountancy,LC0200A,CB2100,10551,C02
174,BBA Accountancy,LC0200A,LC0200A,10864,T04
174,BBA Accountancy,LC0200A,CB2300,12535,S04
174,BBA Accountancy,LC0200A,CB2601,12560,C05
175,BBA Accountancy,LC0200A,CB2201,10341,C03
175,BBA Accountancy,LC0200A,CB2100,10551,C02
175,BBA Accountancy,LC0200A,LC0200A,10889,T21
175,BBA Accountancy,LC0200A,CB2601,11195,C03
175,BBA Accountancy,LC0200A,CB2100,11277,T13
175,BBA Accountancy,LC0200A,CB2300,12535,S04
176,BBA Accountancy,LC0200A,CB2100,10551,C02
176,BBA Accountancy,LC0200A,CB2100,10560,TAA
176,BBA Accountancy,LC0200A,LC0200A,10884,T15
176,BBA Accountancy,LC0200A,CB2601,12304,CE1
176,BBA Accountancy,LC0200A,CB2300,12535,S04
176,BBA Accountancy,LC0200A,CB2201,14828,C07
177,BBA Accountancy,LC0200A,CB2601,10334,C04
177,BBA Accountancy,LC0200A,CB2100,10551,C02
177,BBA Accountancy,LC0200A,CB2201,10792,C04
177,BBA Accountancy,LC0200A,LC0200A,11173,T33
177,BBA Accountancy,LC0200A,CB2100,11278,T14
177,BBA Accountancy,LC0200A,CB2300,13960,SB5
178,BBA Accountancy,LC0200A,CB2100,10551,C02
178,BBA Accountancy,LC0200A,CB2100,10554,T11
178,BBA Accountancy,LC0200A,CB2201,10792,C04
178,BBA Accountancy,LC0200A,LC0200A,11173,T33
178,BBA Accountancy,LC0200A,CB2601,11195,C03
178,BBA Accountancy,LC0200A,CB2300,12534,S03
179,BBA Accountancy,LC0200A,CB2100,10551,C02
179,BBA Accountancy,LC0200A,CB2201,10792,C04
179,BBA Accountancy,LC0200A,LC0200A,10863,T03
179,BBA Accountancy,LC0200A,CB2100,11277,T13
179,BBA Accountancy,LC0200A,CB2601,12560,C05
179,BBA Accountancy,LC0200A,CB2300,14880,SC1
180,BBA Accountancy,LC0200A,CB2100,10551,C02
180,BBA Accountancy,LC0200A,CB2201,10792,C04
180,BBA Accountancy,LC0200A,LC0200A,10863,T03
180,BBA Accountancy,LC0200A,CB2100,11277,T13
180,BBA Accountancy,LC0200A,CB2601,12560,C05
180,BBA Accountancy,LC0200A,CB2300,13960,SB5
181,BBA Accountancy,LC0200A,CB2601,10334,C04
181,BBA Accountancy,LC0200A,CB2201,10341,C03
181,BBA Accountancy,LC0200A,CB2100,10441,T06
181,BBA Accountancy,LC0200A,CB2100,10551,C02
181,BBA Accountancy,LC0200A,LC0200A,11976,T37
181,BBA Accountancy,LC0200A,CB2300,12535,S04
182,BBA Accountancy,LC0200A,CB2100,10190,C01
182,BBA Accountancy,LC0200A,CB2100,10441,T06
182,BBA Accountancy,LC0200A,CB2201,10678,C05
182,BBA Accountancy,LC0200A,LC0200A,10862,T02
182,BBA Accountancy,LC0200A,CB2601,11195,C03
182,BBA Accountancy,LC0200A,CB2300,12535,S04
183,BBA Accountancy,LC0200A,CB2601,10334,C04
183,BBA Accountancy,LC0200A,CB2201,10341,C03
183,BBA Accountancy,LC0200A,CB2100,10441,T06
183,BBA Accountancy,LC0200A,CB2100,10551,C02
183,BBA Accountancy,LC0200A,LC0200A,11976,T37
183,BBA Accountancy,LC0200A,CB2300,12535,S04
184,BBA Accountancy,LC0200A,CB2100,10192,T05
184,BBA Accountancy,LC0200A,CB2100,10551,C02
184,BBA Accountancy,LC0200A,CB2201,10792,C04
184,BBA Accountancy,LC0200A,LC0200A,11173,T33
184,BBA Accountancy,LC0200A,CB2601,12305,C01
184,BBA Accountancy,LC0200A,CB2300,12536,S05
185,BBA Accountancy,LC0200A,CB2100,10551,C02
185,BBA Accountancy,LC0200A,CB2100,10552,T09
185,BBA Accountancy,LC0200A,CB2201,10792,C04
185,BBA Accountancy,LC0200A,LC0200A,11173,T33
185,BBA Accountancy,LC0200A,CB2300,12536,S05
185,BBA Accountancy,LC0200A,CB2601,12560,C05
186,BBA Accountancy,LC0200A,CB2100,10246,T03
186,BBA Accountancy,LC0200A,CB2100,10551,C02
186,BBA Accountancy,LC0200A,CB2201,10792,C04
186,BBA Accountancy,LC0200A,LC0200A,11173,T33
186,BBA Accountancy,LC0200A,CB2601,11195,C03
186,BBA Accountancy,LC0200A,CB2300,12534,S03
187,BBA Accountancy,LC0200A,CB2100,10190,C01
187,BBA Accountancy,LC0200A,CB2601,10335,C02
187,BBA Accountancy,LC0200A,CB2100,10552,T09
187,BBA Accountancy,LC0200A,LC0200A,10881,T12
187,BBA Accountancy,LC0200A,CB2300,12536,S05
187,BBA Accountancy,LC0200A,CB2201,14827,C06
188,BBA Accountancy,LC0200A,CB2100,10551,C02
188,BBA Accountancy,LC0200A,CB2100,10553,T10
188,BBA Accountancy,LC0200A,LC0200A,11173,T33
188,BBA Accountancy,LC0200A,CB2300,12535,S04
188,BBA Accountancy,LC0200A,CB2601,12560,C05
188,BBA Accountancy,LC0200A,CB2201,14828,C07
189,BBA Accountancy,LC0200A,CB2601,10334,C04
189,BBA Accountancy,LC0200A,CB2100,10551,C02
189,BBA Accountancy,LC0200A,CB2201,10792,C04
189,BBA Accountancy,LC0200A,LC0200A,10884,T15
189,BBA Accountancy,LC0200A,CB2100,11278,T14
189,BBA Accountancy,LC0200A,CB2300,12535,S04
190,BBA Accountancy,LC0200A,CB2100,10190,C01
190,BBA Accountancy,LC0200A,LC0200A,10884,T15
190,BBA Accountancy,LC0200A,CB2100,11281,TAE
190,BBA Accountancy,LC0200A,CB2601,12306,CA4
190,BBA Accountancy,LC0200A,CB2201,14827,C06
190,BBA Accountancy,LC0200A,CB2300,14900,SC4
191,BBA Accountancy,LC0200A,CB2601,10334,C04
191,BBA Accountancy,LC0200A,CB2100,10551,C02
191,BBA Accountancy,LC0200A,CB2201,10792,C04
191,BBA Accountancy,LC0200A,LC0200A,11173,T33
191,BBA Accountancy,LC0200A,CB2100,11278,T14
191,BBA Accountancy,LC0200A,CB2300,13960,SB5
192,BBA Finance,GE1401,CB2100,10551,C02
192,BBA Finance,GE1401,CB2100,11276,T12
192,BBA Finance,GE1401,GE1401,11507,T80
192,BBA Finance,GE1401,CB2400,13315,CB3
192,BBA Finance,GE1401,CB2201,14827,C06
193,BBA Finance,GE1401,CB2100,10190,C01
193,BBA Finance,GE1401,GE1401,10716,T47
193,BBA Finance,GE1401,CB2100,11276,T12
193,BBA Finance,GE1401,CB2400,12538,C04
193,BBA Finance,GE1401,CB2201,14828,C07
194,BBA Finance,GE1401,CB2100,10190,C01
194,BBA Finance,GE1401,CB2400,10235,C02
194,BBA Finance,GE1401,CB2201,10340,C02
194,BBA Finance,GE1401,CB2100,10554,T11
194,BBA Finance,GE1401,GE1401,15603,T73
195,BBA Finance,GE1401,CB2100,10190,C01
195,BBA Finance,GE1401,CB2201,10340,C02
195,BBA Finance,GE1401,GE1401,10680,T03
195,BBA Finance,GE1401,CB2100,11278,T14
195,BBA Finance,GE1401,CB2400,12538,C04
196,BBA Finance,GE1401,CB2400,10180,C01
196,BBA Finance,GE1401,CB2100,10190,C01
196,BBA Finance,GE1401,CB2201,10678,C05
196,BBA Finance,GE1401,GE1401,10717,T48
196,BBA Finance,GE1401,CB2100,11279,TAC
197,BBA Finance,GE1401,CB2100,10192,T05
197,BBA Finance,GE1401,CB2201,10339,C01
197,BBA Finance,GE1401,CB2100,10551,C02
197,BBA Finance,GE1401,GE1401,12399,T72
197,BBA Finance,GE1401,CB2400,13315,CB3
198,BBA Finance,GE1401,CB2100,10190,C01
198,BBA Finance,GE1401,CB2100,10192,T05
198,BBA Finance,GE1401,CB2400,10235,C02
198,BBA Finance,GE1401,CB2201,10339,C01
198,BBA Finance,GE1401,GE1401,10711,T38
199,BBA Finance,GE1401,CB2201,10340,C02
199,BBA Finance,GE1401,CB2100,10551,C02
199,BBA Finance,GE1401,CB2100,10554,T11
199,BBA Finance,GE1401,GE1401,10724,T57
199,BBA Finance,GE1401,CB2400,10839,CB1
200,BBA Finance,GE1401,GE1401,10357,T01
200,BBA Finance,GE1401,CB2100,10559,TA9
200,BBA Finance,GE1401,CB2201,10678,C05
200,BBA Finance,GE1401,CB2100,11077,CA1
200,BBA Finance,GE1401,CB2400,13315,CB3
201,BBA Finance,GE1401,CB2201,10339,C01
201,BBA Finance,GE1401,CB2100,10457,CA2
201,BBA Finance,GE1401,CB2100,10557,TA7
201,BBA Finance,GE1401,GE1401,10688,T11
201,BBA Finance,GE1401,CB2400,12538,C04
202,BBA Finance,GE1401,CB2100,10191,T04
202,BBA Finance,GE1401,CB2201,10339,C01
202,BBA Finance,GE1401,CB2100,10551,C02
202,BBA Finance,GE1401,GE1401,10681,T04
202,BBA Finance,GE1401,CB2400,10839,CB1
203,BBA Finance,GE1401,CB2100,10551,C02
203,BBA Finance,GE1401,CB2400,10839,CB1
203,BBA Finance,GE1401,CB2100,11276,T12
203,BBA Finance,GE1401,CB2201,14827,C06
203,BBA Finance,GE1401,GE1401,15183,TC4
204,BBA Finance,GE1401,CB2100,10190,C01
204,BBA Finance,GE1401,GE1401,10718,T50
204,BBA Finance,GE1401,CB2100,11276,T12
204,BBA Finance,GE1401,CB2400,12538,C04
204,BBA Finance,GE1401,CB2201,14828,C07
205,BBA Finance,GE1401,CB2100,10190,C01
205,BBA Finance,GE1401,CB2100,10191,T04
205,BBA Finance,GE1401,CB2201,10678,C05
205,BBA Finance,GE1401,CB2400,13315,CB3
205,BBA Finance,GE1401,GE1401,15601,T28
206,BBA Finance,GE1401,CB2100,10190,C01
206,BBA Finance,GE1401,CB2201,10339,C01
206,BBA Finance,GE1401,CB2100,10553,T10
206,BBA Finance,GE1401,GE1401,10698,T22
206,BBA Finance,GE1401,CB2400,12538,C04
207,BBA Finance,GE1401,CB2100,10190,C01
207,BBA Finance,GE1401,GE1401,10718,T50
207,BBA Finance,GE1401,CB2100,11276,T12
207,BBA Finance,GE1401,CB2400,12538,C04
207,BBA Finance,GE1401,CB2201,14828,C07
208,BBA Finance,GE1401,CB2100,10190,C01
208,BBA Finance,GE1401,CB2100,10553,T10
208,BBA Finance,GE1401,GE1401,12398,T70
208,BBA Finance,GE1401,CB2400,12538,C04
208,BBA Finance,GE1401,CB2201,14828,C07
209,BBA Finance,GE1401,CB2201,10340,C02
209,BBA Finance,GE1401,CB2100,10457,CA2
209,BBA Finance,GE1401,CB2100,10559,TA9
209,BBA Finance,GE1401,GE1401,11503,T89
209,BBA Finance,GE1401,CB2400,12538,C04
210,BBA Finance,GE1401,CB2100,10190,C01
210,BBA Finance,GE1401,CB2201,10339,C01
210,BBA Finance,GE1401,CB2100,10553,T10
210,BBA Finance,GE1401,GE1401,10698,T22
210,BBA Finance,GE1401,CB2400,12538,C04
211,BBA Finance,GE1401,CB2100,10191,T04
211,BBA Finance,GE1401,CB2201,10339,C01
211,BBA Finance,GE1401,CB2100,10551,C02
211,BBA Finance,GE1401,GE1401,10681,T04
211,BBA Finance,GE1401,CB2400,10839,CB1
212,BBA Finance,GE1401,CB2100,10190,C01
212,BBA Finance,GE1401,CB2201,10339,C01
212,BBA Finance,GE1401,CB2100,10441,T06
212,BBA Finance,GE1401,GE1401,10698,T22
212,BBA Finance,GE1401,CB2400,10839,CB1
213,BBA Finance,GE1401,CB2100,10192,T05
213,BBA Finance,GE1401,CB2201,10339,C01
213,BBA Finance,GE1401,CB2100,10551,C02
213,BBA Finance,GE1401,CB2400,13315,CB3
213,BBA Finance,GE1401,GE1401,13570,T98
214,BBA Finance,GE1401,CB2100,10551,C02
214,BBA Finance,GE1401,CB2100,11276,T12
214,BBA Finance,GE1401,GE1401,11491,T69
214,BBA Finance,GE1401,CB2400,13315,CB3
214,BBA Finance,GE1401,CB2201,14827,C06
215,BBA Finance,GE1401,CB2100,10190,C01
215,BBA Finance,GE1401,CB2100,10191,T04
215,BBA Finance,GE1401,CB2201,10339,C01
215,BBA Finance,GE1401,GE1401,10698,T22
215,BBA Finance,GE1401,CB2400,12538,C04
216,BBA Finance,GE1401,CB2201,10339,C01
216,BBA Finance,GE1401,CB2100,10441,T06
216,BBA Finance,GE1401,CB2100,10551,C02
216,BBA Finance,GE1401,GE1401,10715,T45
216,BBA Finance,GE1401,CB2400,13315,CB3
217,BBA Finance,GE1401,CB2100,10190,C01
217,BBA Finance,GE1401,GE1401,10716,T47
217,BBA Finance,GE1401,CB2100,11279,TAC
217,BBA Finance,GE1401,CB2400,12538,C04
217,BBA Finance,GE1401,CB2201,14828,C07
218,BBA Finance,GE1401,CB2100,10190,C01
218,BBA Finance,GE1401,CB2201,10340,C02
218,BBA Finance,GE1401,GE1401,10680,T03
218,BBA Finance,GE1401,CB2100,11278,T14
218,BBA Finance,GE1401,CB2400,12538,C04
219,BBA Finance,GE1401,CB2100,10190,C01
219,BBA Finance,GE1401,CB2201,10340,C02
219,BBA Finance,GE1401,CB2100,10553,T10
219,BBA Finance,GE1401,GE1401,10718,T50
219,BBA Finance,GE1401,CB2400,13315,CB3
220,BBA Finance,GE1401,CB2100,10443,T08
220,BBA Finance,GE1401,CB2100,10551,C02
220,BBA Finance,GE1401,GE1401,11500,T86
220,BBA Finance,GE1401,CB2400,12540,CA4
220,BBA Finance,GE1401,CB2201,13718,CM2
221,BBA Finance,GE1401,CB2201,10340,C02
221,BBA Finance,GE1401,CB2100,10457,CA2
221,BBA Finance,GE1401,CB2100,10596,TA2
221,BBA Finance,GE1401,GE1401,11503,T89
221,BBA Finance,GE1401,CB2400,12538,C04
222,BBA Finance,GE1401,CB2100,10457,CA2
222,BBA Finance,GE1401,CB2100,10596,TA2
222,BBA Finance,GE1401,CB2400,10840,CB2
222,BBA Finance,GE1401,GE1401,12126,T67
222,BBA Finance,GE1401,CB2201,12852,CM1
223,BBA Finance,GE1401,CB2100,10190,C01
223,BBA Finance,GE1401,GE1401,10716,T47
223,BBA Finance,GE1401,CB2100,11276,T12
223,BBA Finance,GE1401,CB2400,12538,C04
223,BBA Finance,GE1401,CB2201,14828,C07
224,BBA Finance,GE1401,CB2201,10340,C02
224,BBA Finance,GE1401,CB2100,10457,CA2
224,BBA Finance,GE1401,CB2100,10596,TA2
224,BBA Finance,GE1401,GE1401,11503,T89
224,BBA Finance,GE1401,CB2400,12538,C04
225,BBA Finance,GE1401,CB2100,10190,C01
225,BBA Finance,GE1401,CB2201,10339,C01
225,BBA Finance,GE1401,CB2100,10441,T06
225,BBA Finance,GE1401,GE1401,10698,T22
225,BBA Finance,GE1401,CB2400,10839,CB1
226,BBA Finance,GE1401,CB2100,10192,T05
226,BBA Finance,GE1401,CB2201,10340,C02
226,BBA Finance,GE1401,CB2100,10551,C02
226,BBA Finance,GE1401,CB2400,10840,CB2
226,BBA Finance,GE1401,GE1401,12122,T35
227,BBA Finance,GE1401,CB2100,10192,T05
227,BBA Finance,GE1401,CB2201,10340,C02
227,BBA Finance,GE1401,CB2100,10551,C02
227,BBA Finance,GE1401,CB2400,10840,CB2
227,BBA Finance,GE1401,GE1401,12122,T35
228,BBA Finance,GE1401,CB2100,10556,TA6
228,BBA Finance,GE1401,GE1401,10679,T02
228,BBA Finance,GE1401,CB2100,11077,CA1
228,BBA Finance,GE1401,CB2400,12538,C04
228,BBA Finance,GE1401,CB2201,13718,CM2
229,BBA Finance,GE1401,CB2400,10235,C02
229,BBA Finance,GE1401,CB2201,10340,C02
229,BBA Finance,GE1401,CB2100,10442,T07
229,BBA Finance,GE1401,CB2100,10551,C02
229,BBA Finance,GE1401,GE1401,14270,TB7
230,BBA Finance,GE1401,CB2100,10246,T03
230,BBA Finance,GE1401,CB2201,10340,C02
230,BBA Finance,GE1401,CB2100,10551,C02
230,BBA Finance,GE1401,GE1401,10720,T53
230,BBA Finance,GE1401,CB2400,10840,CB2
231,BBA Finance,GE1401,GE1401,10357,T01
231,BBA Finance,GE1401,CB2100,10559,TA9
231,BBA Finance,GE1401,CB2201,10678,C05
231,BBA Finance,GE1401,CB2100,11077,CA1
231,BBA Finance,GE1401,CB2400,13315,CB3
232,BBA Finance,GE1401,CB2100,10190,C01
232,BBA Finance,GE1401,CB2201,10340,C02
232,BBA Finance,GE1401,CB2100,10553,T10
232,BBA Finance,GE1401,GE1401,10704,T29
232,BBA Finance,GE1401,CB2400,12538,C04
233,BBA Finance,GE1401,CB2201,10340,C02
233,BBA Finance,GE1401,CB2100,10457,CA2
233,BBA Finance,GE1401,CB2100,10459,TA4
233,BBA Finance,GE1401,GE1401,11503,T89
233,BBA Finance,GE1401,CB2400,12538,C04
234,BBA Finance,GE1401,CB2201,10340,C02
234,BBA Finance,GE1401,CB2100,10457,CA2
234,BBA Finance,GE1401,CB2100,10458,TA3
234,BBA Finance,GE1401,GE1401,11503,T89
234,BBA Finance,GE1401,CB2400,12538,C04
235,BBA Finance,GE1401,CB2100,10190,C01
235,BBA Finance,GE1401,CB2100,10191,T04
235,BBA Finance,GE1401,CB2201,10678,C05
235,BBA Finance,GE1401,CB2400,13315,CB3
235,BBA Finance,GE1401,GE1401,15601,T28
236,BBA Finance,GE1401,CB2100,10190,C01
236,BBA Finance,GE1401,GE1401,10716,T47
236,BBA Finance,GE1401,CB2100,11279,TAC
236,BBA Finance,GE1401,CB2400,12538,C04
236,BBA Finance,GE1401,CB2201,14828,C07
237,BBA Finance,GE1401,CB2201,10339,C01
237,BBA Finance,GE1401,CB2100,10441,T06
237,BBA Finance,GE1401,CB2100,10551,C02
237,BBA Finance,GE1401,GE1401,10715,T45
237,BBA Finance,GE1401,CB2400,13315,CB3
238,BBA Finance,GE1401,CB2100,10190,C01
238,BBA Finance,GE1401,CB2201,10340,C02
238,BBA Finance,GE1401,CB2100,10554,T11
238,BBA Finance,GE1401,GE1401,10729,T63
238,BBA Finance,GE1401,CB2400,13315,CB3
239,BBA Finance,GE1401,CB2100,10551,C02
239,BBA Finance,GE1401,CB2100,11276,T12
239,BBA Finance,GE1401,GE1401,11507,T80
239,BBA Finance,GE1401,CB2400,13315,CB3
239,BBA Finance,GE1401,CB2201,14827,C06
240,BBA Finance,GE1401,CB2100,10190,C01
240,BBA Finance,GE1401,CB2400,10235,C02
240,BBA Finance,GE1401,CB2201,10340,C02
240,BBA Finance,GE1401,CB2100,10554,T11
240,BBA Finance,GE1401,GE1401,15603,T73
241,BBA Finance,GE1401,CB2100,10190,C01
241,BBA Finance,GE1401,GE1401,10718,T50
241,BBA Finance,GE1401,CB2100,11276,T12
241,BBA Finance,GE1401,CB2400,12538,C04
241,BBA Finance,GE1401,CB2201,14828,C07
242,BBA Finance,GE1401,CB2100,10191,T04
242,BBA Finance,GE1401,CB2201,10339,C01
242,BBA Finance,GE1401,CB2100,10551,C02
242,BBA Finance,GE1401,GE1401,10681,T04
242,BBA Finance,GE1401,CB2400,10839,CB1
243,BBA Finance,GE1401,CB2100,10190,C01
243,BBA Finance,GE1401,GE1401,10716,T47
243,BBA Finance,GE1401,CB2100,11276,T12
243,BBA Finance,GE1401,CB2400,12538,C04
243,BBA Finance,GE1401,CB2201,14828,C07
244,BBA Finance,GE1401,CB2100,10457,CA2
244,BBA Finance,GE1401,CB2100,10557,TA7
244,BBA Finance,GE1401,CB2400,10840,CB2
244,BBA Finance,GE1401,GE1401,12126,T67
244,BBA Finance,GE1401,CB2201,13198,CF1
245,BBA Finance,GE1401,CB2100,10190,C01
245,BBA Finance,GE1401,CB2201,10678,C05
245,BBA Finance,GE1401,CB2100,11276,T12
245,BBA Finance,GE1401,GE1401,11495,T77
245,BBA Finance,GE1401,CB2400,13315,CB3
246,BBA Finance,GE1401,CB2100,10190,C01
246,BBA Finance,GE1401,GE1401,10716,T47
246,BBA Finance,GE1401,CB2100,11276,T12
246,BBA Finance,GE1401,CB2400,12538,C04
246,BBA Finance,GE1401,CB2201,14828,C07
247,BBA Finance,GE1401,CB2100,10443,T08
247,BBA Finance,GE1401,CB2100,10551,C02
247,BBA Finance,GE1401,GE1401,11500,T86
247,BBA Finance,GE1401,CB2400,12540,CA4
247,BBA Finance,GE1401,CB2201,13718,CM2
248,BBA Finance,GE1401,CB2100,10190,C01
248,BBA Finance,GE1401,GE1401,10718,T50
248,BBA Finance,GE1401,CB2100,11276,T12
248,BBA Finance,GE1401,CB2400,12538,C04
248,BBA Finance,GE1401,CB2201,14828,C07
249,BBA Finance,GE1401,CB2201,10340,C02
249,BBA Finance,GE1401,CB2100,10551,C02
249,BBA Finance,GE1401,CB2100,10554,T11
249,BBA Finance,GE1401,GE1401,10724,T57
249,BBA Finance,GE1401,CB2400,10839,CB1
250,BBA Finance,GE1401,CB2201,10340,C02
250,BBA Finance,GE1401,CB2100,10457,CA2
250,BBA Finance,GE1401,CB2100,10559,TA9
250,BBA Finance,GE1401,GE1401,11503,T89
250,BBA Finance,GE1401,CB2400,12538,C04
251,BBA Finance,GE1401,CB2100,10443,T08
251,BBA Finance,GE1401,CB2100,10551,C02
251,BBA Finance,GE1401,GE1401,11500,T86
251,BBA Finance,GE1401,CB2400,12540,CA4
251,BBA Finance,GE1401,CB2201,13718,CM2
252,BBA Finance,GE1401,CB2100,10190,C01
252,BBA Finance,GE1401,CB2100,10191,T04
252,BBA Finance,GE1401,CB2201,10339,C01
252,BBA Finance,GE1401,GE1401,10698,T22
252,BBA Finance,GE1401,CB2400,12538,C04
253,BBA Finance,GE1401,CB2201,10339,C01
253,BBA Finance,GE1401,CB2100,10441,T06
253,BBA Finance,GE1401,CB2100,10551,C02
253,BBA Finance,GE1401,GE1401,10715,T45
253,BBA Finance,GE1401,CB2400,13315,CB3
254,BBA Finance,GE1401,CB2100,10443,T08
254,BBA Finance,GE1401,CB2100,10551,C02
254,BBA Finance,GE1401,GE1401,11500,T86
254,BBA Finance,GE1401,CB2400,12540,CA4
254,BBA Finance,GE1401,CB2201,13718,CM2
255,BBA Finance,GE1401,CB2100,10192,T05
255,BBA Finance,GE1401,CB2201,10339,C01
255,BBA Finance,GE1401,CB2400,10404,CA2
255,BBA Finance,GE1401,CB2100,10551,C02
255,BBA Finance,GE1401,GE1401,13570,T98
256,BBA Finance,GE1401,CB2100,10190,C01
256,BBA Finance,GE1401,GE1401,10716,T47
256,BBA Finance,GE1401,CB2100,11276,T12
256,BBA Finance,GE1401,CB2400,12538,C04
256,BBA Finance,GE1401,CB2201,14828,C07
257,BBA Finance,GE1401,CB2100,10190,C01
257,BBA Finance,GE1401,CB2201,10340,C02
257,BBA Finance,GE1401,CB2100,10552,T09
257,BBA Finance,GE1401,CB2400,13315,CB3
257,BBA Finance,GE1401,GE1401,15600,T14
258,BBA Finance,GE1401,CB2100,10190,C01
258,BBA Finance,GE1401,CB2400,10235,C02
258,BBA Finance,GE1401,CB2201,10340,C02
258,BBA Finance,GE1401,CB2100,10442,T07
258,BBA Finance,GE1401,GE1401,11070,TA1
259,BBA Finance,GE1401,CB2400,10180,C01
259,BBA Finance,GE1401,CB2100,10190,C01
259,BBA Finance,GE1401,CB2201,10678,C05
259,BBA Finance,GE1401,CB2100,11276,T12
259,BBA Finance,GE1401,GE1401,12733,T62
260,BBA Finance,GE1401,CB2100,10190,C01
260,BBA Finance,GE1401,CB2201,10340,C02
260,BBA Finance,GE1401,CB2100,10554,T11
260,BBA Finance,GE1401,GE1401,10729,T63
260,BBA Finance,GE1401,CB2400,13315,CB3
261,BBA Finance,GE1401,CB2201,10340,C02
261,BBA Finance,GE1401,CB2100,10551,C02
261,BBA Finance,GE1401,CB2100,10553,T10
261,BBA Finance,GE1401,GE1401,10724,T57
261,BBA Finance,GE1401,CB2400,13315,CB3
262,BBA Finance,GE1401,CB2100,10190,C01
262,BBA Finance,GE1401,CB2100,10192,T05
262,BBA Finance,GE1401,CB2400,10235,C02
262,BBA Finance,GE1401,CB2201,10339,C01
262,BBA Finance,GE1401,GE1401,10711,T38
263,BBA Finance,GE1401,CB2100,10190,C01
263,BBA Finance,GE1401,CB2100,10192,T05
263,BBA Finance,GE1401,CB2400,10235,C02
263,BBA Finance,GE1401,CB2201,10339,C01
263,BBA Finance,GE1401,GE1401,10711,T38
264,BBA Finance,GE1401,CB2201,10340,C02
264,BBA Finance,GE1401,CB2100,10551,C02
264,BBA Finance,GE1401,CB2400,10840,CB2
264,BBA Finance,GE1401,CB2100,11277,T13
264,BBA Finance,GE1401,GE1401,12122,T35
265,BBA Finance,GE1401,CB2100,10551,C02
265,BBA Finance,GE1401,CB2100,11276,T12
265,BBA Finance,GE1401,GE1401,11491,T69
265,BBA Finance,GE1401,CB2400,13315,CB3
265,BBA Finance,GE1401,CB2201,14827,C06
266,BBA Finance,GE1401,CB2201,10340,C02
266,BBA Finance,GE1401,CB2100,10551,C02
266,BBA Finance,GE1401,CB2400,10840,CB2
266,BBA Finance,GE1401,CB2100,11277,T13
266,BBA Finance,GE1401,GE1401,12122,T35
267,BBA Finance,GE1401,CB2201,10339,C01
267,BBA Finance,GE1401,CB2100,10551,C02
267,BBA Finance,GE1401,CB2100,10552,T09
267,BBA Finance,GE1401,CB2400,10840,CB2
267,BBA Finance,GE1401,GE1401,13574,TB3
268,BBA Finance,GE1401,CB2100,10190,C01
268,BBA Finance,GE1401,CB2201,10340,C02
268,BBA Finance,GE1401,CB2100,10554,T11
268,BBA Finance,GE1401,GE1401,10729,T63
268,BBA Finance,GE1401,CB2400,13315,CB3
269,BBA Finance,GE1401,CB2100,10190,C01
269,BBA Finance,GE1401,CB2100,10191,T04
269,BBA Finance,GE1401,CB2201,10339,C01
269,BBA Finance,GE1401,GE1401,10698,T22
269,BBA Finance,GE1401,CB2400,12538,C04
270,BBA Finance,GE1401,CB2100,10190,C01
270,BBA Finance,GE1401,CB2201,10339,C01
270,BBA Finance,GE1401,CB2100,10441,T06
270,BBA Finance,GE1401,GE1401,10698,T22
270,BBA Finance,GE1401,CB2400,10839,CB1
271,BBA Finance,GE1401,CB2100,10190,C01
271,BBA Finance,GE1401,GE1401,10718,T50
271,BBA Finance,GE1401,CB2100,11276,T12
271,BBA Finance,GE1401,CB2400,12538,C04
271,BBA Finance,GE1401,CB2201,14828,C07
272,BBA Finance,GE1401,CB2100,10190,C01
272,BBA Finance,GE1401,CB2201,10339,C01
272,BBA Finance,GE1401,CB2100,10441,T06
272,BBA Finance,GE1401,GE1401,10698,T22
272,BBA Finance,GE1401,CB2400,10839,CB1
273,BBA Finance,GE1401,CB2100,10246,T03
273,BBA Finance,GE1401,CB2201,10340,C02
273,BBA Finance,GE1401,CB2100,10551,C02
273,BBA Finance,GE1401,GE1401,10720,T53
273,BBA Finance,GE1401,CB2400,10840,CB2
274,BBA Finance,GE1401,CB2100,10551,C02
274,BBA Finance,GE1401,CB2400,10839,CB1
274,BBA Finance,GE1401,CB2100,11276,T12
274,BBA Finance,GE1401,CB2201,14827,C06
274,BBA Finance,GE1401,GE1401,15183,TC4
275,BBA Finance,GE1401,CB2201,10340,C02
275,BBA Finance,GE1401,CB2100,10551,C02
275,BBA Finance,GE1401,CB2100,10554,T11
275,BBA Finance,GE1401,GE1401,10724,T57
275,BBA Finance,GE1401,CB2400,10839,CB1
276,BBA Finance,GE1401,CB2201,10340,C02
276,BBA Finance,GE1401,CB2100,10551,C02
276,BBA Finance,GE1401,CB2100,10553,T10
276,BBA Finance,GE1401,GE1401,10724,T57
276,BBA Finance,GE1401,CB2400,13315,CB3
277,BBA Finance,GE1401,CB2100,10551,C02
277,BBA Finance,GE1401,CB2400,10839,CB1
277,BBA Finance,GE1401,CB2100,11276,T12
277,BBA Finance,GE1401,CB2201,14827,C06
277,BBA Finance,GE1401,GE1401,15205,TC5
278,BBA Finance,GE1401,CB2201,10339,C01
278,BBA Finance,GE1401,CB2100,10457,CA2
278,BBA Finance,GE1401,CB2100,10557,TA7
278,BBA Finance,GE1401,GE1401,10688,T11
278,BBA Finance,GE1401,CB2400,12538,C04
279,BBA Finance,GE1401,CB2100,10246,T03
279,BBA Finance,GE1401,CB2201,10339,C01
279,BBA Finance,GE1401,CB2100,10551,C02
279,BBA Finance,GE1401,CB2400,10840,CB2
279,BBA Finance,GE1401,GE1401,13573,TB2
280,BBA Finance,GE1401,CB2100,10551,C02
280,BBA Finance,GE1401,CB2400,10839,CB1
280,BBA Finance,GE1401,CB2100,11276,T12
280,BBA Finance,GE1401,CB2201,14827,C06
280,BBA Finance,GE1401,GE1401,15183,TC4
281,BBA Finance,GE1401,CB2201,10339,C01
281,BBA Finance,GE1401,CB2100,10441,T06
281,BBA Finance,GE1401,CB2100,10551,C02
281,BBA Finance,GE1401,GE1401,10689,T12
281,BBA Finance,GE1401,CB2400,10839,CB1
282,BBA Finance,GE1401,CB2100,10190,C01
282,BBA Finance,GE1401,CB2100,10191,T04
282,BBA Finance,GE1401,CB2201,10340,C02
282,BBA Finance,GE1401,GE1401,10679,T02
282,BBA Finance,GE1401,CB2400,12538,C04
283,BBA Finance,GE1401,CB2100,10246,T03
283,BBA Finance,GE1401,CB2201,10339,C01
283,BBA Finance,GE1401,CB2100,10551,C02
283,BBA Finance,GE1401,GE1401,10717,T48
283,BBA Finance,GE1401,CB2400,10840,CB2
284,BBA Finance,GE1401,CB2400,10235,C02
284,BBA Finance,GE1401,CB2201,10340,C02
284,BBA Finance,GE1401,CB2100,10442,T07
284,BBA Finance,GE1401,CB2100,10551,C02
284,BBA Finance,GE1401,GE1401,14270,TB7
285,BBA Finance,GE1401,CB2100,10551,C02
285,BBA Finance,GE1401,CB2400,10839,CB1
285,BBA Finance,GE1401,CB2100,11276,T12
285,BBA Finance,GE1401,CB2201,14827,C06
285,BBA Finance,GE1401,GE1401,15183,TC4
286,BBA Finance,GE1401,CB2201,10340,C02
286,BBA Finance,GE1401,CB2100,10551,C02
286,BBA Finance,GE1401,CB2100,10553,T10
286,BBA Finance,GE1401,GE1401,10724,T57
286,BBA Finance,GE1401,CB2400,13315,CB3
287,BBA Finance,GE1401,CB2100,10190,C01
287,BBA Finance,GE1401,CB2201,10340,C02
287,BBA Finance,GE1401,CB2100,10554,T11
287,BBA Finance,GE1401,GE1401,10729,T63
287,BBA Finance,GE1401,CB2400,13315,CB3
288,BBA Finance,GE1401,CB2400,10235,C02
288,BBA Finance,GE1401,CB2201,10340,C02
288,BBA Finance,GE1401,CB2100,10442,T07
288,BBA Finance,GE1401,CB2100,10551,C02
288,BBA Finance,GE1401,GE1401,14270,TB7
289,BBA Finance,GE1401,CB2100,10190,C01
289,BBA Finance,GE1401,CB2400,10235,C02
289,BBA Finance,GE1401,CB2201,10340,C02
289,BBA Finance,GE1401,CB2100,10554,T11
289,BBA Finance,GE1401,GE1401,15603,T73
290,BBA Finance,GE1401,CB2100,10190,C01
290,BBA Finance,GE1401,CB2100,10192,T05
290,BBA Finance,GE1401,CB2400,10235,C02
290,BBA Finance,GE1401,CB2201,10339,C01
290,BBA Finance,GE1401,GE1401,10711,T38
291,BBA Finance,GE1401,CB2201,10340,C02
291,BBA Finance,GE1401,CB2100,10457,CA2
291,BBA Finance,GE1401,CB2100,10596,TA2
291,BBA Finance,GE1401,GE1401,11503,T89
291,BBA Finance,GE1401,CB2400,12538,C04
292,BBA Finance,GE1401,CB2100,10190,C01
292,BBA Finance,GE1401,GE1401,10716,T47
292,BBA Finance,GE1401,CB2100,11279,TAC
292,BBA Finance,GE1401,CB2400,12538,C04
292,BBA Finance,GE1401,CB2201,14828,C07
293,BBA Finance,GE1401,CB2100,10192,T05
293,BBA Finance,GE1401,CB2201,10339,C01
293,BBA Finance,GE1401,CB2100,10551,C02
293,BBA Finance,GE1401,GE1401,12399,T72
293,BBA Finance,GE1401,CB2400,13315,CB3
294,BBA Finance,GE1401,CB2201,10339,C01
294,BBA Finance,GE1401,CB2100,10441,T06
294,BBA Finance,GE1401,CB2100,10551,C02
294,BBA Finance,GE1401,GE1401,10689,T12
294,BBA Finance,GE1401,CB2400,10839,CB1
295,BBA Finance,GE1401,CB2100,10190,C01
295,BBA Finance,GE1401,GE1401,10718,T50
295,BBA Finance,GE1401,CB2100,11276,T12
295,BBA Finance,GE1401,CB2400,12538,C04
295,BBA Finance,GE1401,CB2201,14828,C07
296,BBA Finance,GE1401,CB2100,10190,C01
296,BBA Finance,GE1401,CB2100,10192,T05
296,BBA Finance,GE1401,CB2400,10235,C02
296,BBA Finance,GE1401,CB2201,10339,C01
296,BBA Finance,GE1401,GE1401,10711,T38
297,BBA Finance,LC0200A,CB2100,10190,C01
297,BBA Finance,LC0200A,CB2100,10192,T05
297,BBA Finance,LC0200A,CB2201,10339,C01
297,BBA Finance,LC0200A,CB2400,10839,CB1
297,BBA Finance,LC0200A,LC0200A,11975,T35
298,BBA Finance,LC0200A,CB2100,10551,C02
298,BBA Finance,LC0200A,CB2400,10839,CB1
298,BBA Finance,LC0200A,LC0200A,10877,T08
298,BBA Finance,LC0200A,CB2100,11281,TAE
298,BBA Finance,LC0200A,CB2201,13718,CM2
299,BBA Finance,LC0200A,CB2201,10340,C02
299,BBA Finance,LC0200A,CB2100,10551,C02
299,BBA Finance,LC0200A,CB2100,10552,T09
299,BBA Finance,LC0200A,LC0200A,10875,T06
299,BBA Finance,LC0200A,CB2400,13315,CB3
300,BBA Finance,LC0200A,CB2100,10190,C01
300,BBA Finance,LC0200A,CB2201,10340,C02
300,BBA Finance,LC0200A,CB2100,10554,T11
300,BBA Finance,LC0200A,CB2400,10839,CB1
300,BBA Finance,LC0200A,LC0200A,11170,T32
301,BBA Finance,LC0200A,CB2100,10551,C02
301,BBA Finance,LC0200A,CB2100,10553,T10
301,BBA Finance,LC0200A,LC0200A,10863,T03
301,BBA Finance,LC0200A,CB2400,13315,CB3
301,BBA Finance,LC0200A,CB2201,14826,CE1
302,BBA Finance,LC0200A,CB2100,10551,C02
302,BBA Finance,LC0200A,LC0200A,10882,T13
302,BBA Finance,LC0200A,CB2100,11277,T13
302,BBA Finance,LC0200A,CB2400,13315,CB3
302,BBA Finance,LC0200A,CB2201,14828,C07
303,BBA Finance,LC0200A,CB2400,10180,C01
303,BBA Finance,LC0200A,CB2201,10340,C02
303,BBA Finance,LC0200A,CB2100,10443,T08
303,BBA Finance,LC0200A,CB2100,10551,C02
303,BBA Finance,LC0200A,LC0200A,10881,T12
304,BBA Finance,LC0200A,CB2400,10180,C01
304,BBA Finance,LC0200A,CB2201,10340,C02
304,BBA Finance,LC0200A,CB2100,10443,T08
304,BBA Finance,LC0200A,CB2100,10551,C02
304,BBA Finance,LC0200A,LC0200A,10881,T12
305,BBA Finance,LC0200A,CB2400,10180,C01
305,BBA Finance,LC0200A,CB2100,10190,C01
305,BBA Finance,LC0200A,CB2100,10191,T04
305,BBA Finance,LC0200A,LC0200A,10862,T02
305,BBA Finance,LC0200A,CB2201,14827,C06
306,BBA Finance,LC0200A,CB2100,10190,C01
306,BBA Finance,LC0200A,CB2100,10192,T05
306,BBA Finance,LC0200A,CB2201,10339,C01
306,BBA Finance,LC0200A,CB2400,10839,CB1
306,BBA Finance,LC0200A,LC0200A,11975,T35
307,BBA Finance,LC0200A,CB2100,10190,C01
307,BBA Finance,LC0200A,CB2400,10235,C02
307,BBA Finance,LC0200A,CB2201,10340,C02
307,BBA Finance,LC0200A,CB2100,10552,T09
307,BBA Finance,LC0200A,LC0200A,11173,T33
308,BBA Finance,LC0200A,CB2400,10180,C01
308,BBA Finance,LC0200A,CB2201,10340,C02
308,BBA Finance,LC0200A,CB2100,10457,CA2
308,BBA Finance,LC0200A,CB2100,10558,TA8
308,BBA Finance,LC0200A,LC0200A,12333,T40
309,BBA Finance,LC0200A,CB2100,10190,C01
309,BBA Finance,LC0200A,CB2201,10339,C01
309,BBA Finance,LC0200A,CB2400,10839,CB1
309,BBA Finance,LC0200A,CB2100,11277,T13
309,BBA Finance,LC0200A,LC0200A,11975,T35
310,BBA Finance,LC0200A,CB2201,10340,C02
310,BBA Finance,LC0200A,CB2100,10441,T06
310,BBA Finance,LC0200A,CB2100,10551,C02
310,BBA Finance,LC0200A,LC0200A,10891,T23
310,BBA Finance,LC0200A,CB2400,12538,C04
311,BBA Finance,LC0200A,CB2100,10190,C01
311,BBA Finance,LC0200A,CB2201,10339,C01
311,BBA Finance,LC0200A,CB2400,10839,CB1
311,BBA Finance,LC0200A,CB2100,11277,T13
311,BBA Finance,LC0200A,LC0200A,11975,T35
312,BBA Finance,LC0200A,CB2100,10457,CA2
312,BBA Finance,LC0200A,CB2100,10458,TA3
312,BBA Finance,LC0200A,CB2400,12538,C04
312,BBA Finance,LC0200A,CB2201,12852,CM1
312,BBA Finance,LC0200A,LC0200A,14952,T36
313,BBA Finance,LC0200A,CB2201,10340,C02
313,BBA Finance,LC0200A,CB2100,10442,T07
313,BBA Finance,LC0200A,CB2100,10551,C02
313,BBA Finance,LC0200A,LC0200A,10875,T06
313,BBA Finance,LC0200A,CB2400,13315,CB3
314,BBA Finance,LC0200A,CB2201,10340,C02
314,BBA Finance,LC0200A,CB2100,10457,CA2
314,BBA Finance,LC0200A,CB2100,10557,TA7
314,BBA Finance,LC0200A,LC0200A,10875,T06
314,BBA Finance,LC0200A,CB2400,13315,CB3
315,BBA Finance,LC0200A,CB2100,10190,C01
315,BBA Finance,LC0200A,CB2400,10235,C02
315,BBA Finance,LC0200A,CB2201,10340,C02
315,BBA Finance,LC0200A,CB2100,10552,T09
315,BBA Finance,LC0200A,LC0200A,11173,T33
316,BBA Finance,LC0200A,CB2100,10551,C02
316,BBA Finance,LC0200A,CB2100,10553,T10
316,BBA Finance,LC0200A,LC0200A,10863,T03
316,BBA Finance,LC0200A,CB2400,13315,CB3
316,BBA Finance,LC0200A,CB2201,14826,CE1
317,BBA Finance,LC0200A,CB2100,10551,C02
317,BBA Finance,LC0200A,CB2100,10553,T10
317,BBA Finance,LC0200A,LC0200A,10863,T03
317,BBA Finance,LC0200A,CB2400,13315,CB3
317,BBA Finance,LC0200A,CB2201,14826,CE1
318,BBA Finance,LC0200A,CB2201,10340,C02
318,BBA Finance,LC0200A,CB2100,10551,C02
318,BBA Finance,LC0200A,CB2400,10839,CB1
318,BBA Finance,LC0200A,LC0200A,10877,T08
318,BBA Finance,LC0200A,CB2100,11277,T13
319,BBA Finance,LC0200A,CB2201,10340,C02
319,BBA Finance,LC0200A,CB2100,10457,CA2
319,BBA Finance,LC0200A,CB2400,10839,CB1
319,BBA Finance,LC0200A,LC0200A,10863,T03
319,BBA Finance,LC0200A,CB2100,12576,TA1
320,BBA Finance,LC0200A,CB2100,10551,C02
320,BBA Finance,LC0200A,LC0200A,10884,T15
320,BBA Finance,LC0200A,CB2100,11280,TAD
320,BBA Finance,LC0200A,CB2400,13315,CB3
320,BBA Finance,LC0200A,CB2201,14828,C07
321,BBA Finance,LC0200A,CB2400,10180,C01
321,BBA Finance,LC0200A,CB2201,10340,C02
321,BBA Finance,LC0200A,CB2100,10443,T08
321,BBA Finance,LC0200A,CB2100,10551,C02
321,BBA Finance,LC0200A,LC0200A,10881,T12
322,BBA Finance,LC0200A,CB2100,10551,C02
322,BBA Finance,LC0200A,LC0200A,10884,T15
322,BBA Finance,LC0200A,CB2100,11280,TAD
322,BBA Finance,LC0200A,CB2400,13315,CB3
322,BBA Finance,LC0200A,CB2201,14828,C07
323,BBA Finance,LC0200A,CB2400,10180,C01
323,BBA Finance,LC0200A,CB2201,10340,C02
323,BBA Finance,LC0200A,CB2100,10457,CA2
323,BBA Finance,LC0200A,CB2100,10558,TA8
323,BBA Finance,LC0200A,LC0200A,12333,T40
324,BBA Finance,LC0200A,CB2201,10340,C02
324,BBA Finance,LC0200A,CB2100,10441,T06
324,BBA Finance,LC0200A,CB2100,10551,C02
324,BBA Finance,LC0200A,LC0200A,10891,T23
324,BBA Finance,LC0200A,CB2400,12538,C04
325,BBA Finance,LC0200A,CB2201,10340,C02
325,BBA Finance,LC0200A,CB2100,10441,T06
325,BBA Finance,LC0200A,CB2100,10551,C02
325,BBA Finance,LC0200A,LC0200A,10891,T23
325,BBA Finance,LC0200A,CB2400,12538,C04
326,BBA Finance,LC0200A,CB2100,10457,CA2
326,BBA Finance,LC0200A,CB2100,10458,TA3
326,BBA Finance,LC0200A,CB2400,12538,C04
326,BBA Finance,LC0200A,CB2201,12852,CM1
326,BBA Finance,LC0200A,LC0200A,14952,T36
327,BBA Finance,LC0200A,CB2100,10190,C01
327,BBA Finance,LC0200A,CB2201,10339,C01
327,BBA Finance,LC0200A,CB2400,10839,CB1
327,BBA Finance,LC0200A,CB2100,11277,T13
327,BBA Finance,LC0200A,LC0200A,11975,T35
328,BBA Finance,LC0200A,CB2100,10457,CA2
328,BBA Finance,LC0200A,CB2100,10555,TA5
328,BBA Finance,LC0200A,LC0200A,10884,T15
328,BBA Finance,LC0200A,CB2400,13315,CB3
328,BBA Finance,LC0200A,CB2201,14828,C07
329,BBA Finance,LC0200A,CB2201,10340,C02
329,BBA Finance,LC0200A,CB2100,10441,T06
329,BBA Finance,LC0200A,CB2100,10551,C02
329,BBA Finance,LC0200A,LC0200A,10891,T23
329,BBA Finance,LC0200A,CB2400,12538,C04
330,BBA Finance,LC0200A,CB2201,10340,C02
330,BBA Finance,LC0200A,CB2100,10457,CA2
330,BBA Finance,LC0200A,CB2100,10556,TA6
330,BBA Finance,LC0200A,LC0200A,10862,T02
330,BBA Finance,LC0200A,CB2400,13315,CB3
331,BBA Finance,LC0200A,CB2100,10457,CA2
331,BBA Finance,LC0200A,CB2100,10458,TA3
331,BBA Finance,LC0200A,CB2400,12538,C04
331,BBA Finance,LC0200A,CB2201,12852,CM1
331,BBA Finance,LC0200A,LC0200A,14952,T36
332,BBA Finance,LC0200A,CB2400,10180,C01
332,BBA Finance,LC0200A,CB2201,10340,C02
332,BBA Finance,LC0200A,CB2100,10457,CA2
332,BBA Finance,LC0200A,CB2100,10558,TA8
332,BBA Finance,LC0200A,LC0200A,12333,T40
333,BBA Finance,LC0200A,CB2100,10192,T05
333,BBA Finance,LC0200A,CB2201,10340,C02
333,BBA Finance,LC0200A,CB2100,10551,C02
333,BBA Finance,LC0200A,CB2400,10840,CB2
333,BBA Finance,LC0200A,LC0200A,10879,T10
334,BBA Finance,LC0200A,CB2201,10340,C02
334,BBA Finance,LC0200A,CB2100,10551,C02
334,BBA Finance,LC0200A,CB2100,10552,T09
334,BBA Finance,LC0200A,LC0200A,10875,T06
334,BBA Finance,LC0200A,CB2400,13315,CB3
335,BBA Finance,LC0200A,CB2100,10190,C01
335,BBA Finance,LC0200A,CB2201,10340,C02
335,BBA Finance,LC0200A,CB2400,10404,CA2
335,BBA Finance,LC0200A,CB2100,10554,T11
335,BBA Finance,LC0200A,LC0200A,11170,T32
336,BBA Finance,LC0200A,CB2100,10551,C02
336,BBA Finance,LC0200A,CB2100,10553,T10
336,BBA Finance,LC0200A,LC0200A,10863,T03
336,BBA Finance,LC0200A,CB2400,13315,CB3
336,BBA Finance,LC0200A,CB2201,14826,CE1
337,BBA Finance,LC0200A,CB2100,10457,CA2
337,BBA Finance,LC0200A,CB2100,10556,TA6
337,BBA Finance,LC0200A,LC0200A,10862,T02
337,BBA Finance,LC0200A,CB2201,12852,CM1
337,BBA Finance,LC0200A,CB2400,13315,CB3
338,BBA Finance,LC0200A,CB2100,10457,CA2
338,BBA Finance,LC0200A,CB2100,10458,TA3
338,BBA Finance,LC0200A,CB2400,12538,C04
338,BBA Finance,LC0200A,CB2201,12852,CM1
338,BBA Finance,LC0200A,LC0200A,14952,T36
339,BBA Finance,LC0200A,CB2100,10551,C02
339,BBA Finance,LC0200A,LC0200A,10882,T13
339,BBA Finance,LC0200A,CB2100,11277,T13
339,BBA Finance,LC0200A,CB2400,13315,CB3
339,BBA Finance,LC0200A,CB2201,14828,C07
340,BBA Finance,LC0200A,CB2201,10340,C02
340,BBA Finance,LC0200A,CB2100,10442,T07
340,BBA Finance,LC0200A,CB2100,10551,C02
340,BBA Finance,LC0200A,LC0200A,10894,T26
340,BBA Finance,LC0200A,CB2400,13315,CB3
341,BBA Finance,LC0200A,CB2201,10340,C02
341,BBA Finance,LC0200A,CB2100,10441,T06
341,BBA Finance,LC0200A,CB2100,10551,C02
341,BBA Finance,LC0200A,LC0200A,10891,T23
341,BBA Finance,LC0200A,CB2400,12538,C04
342,BBA Finance,LC0200A,CB2100,10190,C01
342,BBA Finance,LC0200A,CB2201,10340,C02
342,BBA Finance,LC0200A,CB2400,10404,CA2
342,BBA Finance,LC0200A,CB2100,10554,T11
342,BBA Finance,LC0200A,LC0200A,11170,T32
343,BBA Finance,LC0200A,CB2400,10180,C01
343,BBA Finance,LC0200A,CB2201,10340,C02
343,BBA Finance,LC0200A,CB2100,10443,T08
343,BBA Finance,LC0200A,CB2100,10551,C02
343,BBA Finance,LC0200A,LC0200A,10881,T12
344,BBA Finance,LC0200A,CB2400,10180,C01
344,BBA Finance,LC0200A,CB2201,10340,C02
344,BBA Finance,LC0200A,CB2100,10457,CA2
344,BBA Finance,LC0200A,CB2100,10558,TA8
344,BBA Finance,LC0200A,LC0200A,10878,T09
345,BBA Business Economics,GE1401,CB2201,10341,C03
345,BBA Business Economics,GE1401,CB2400,10839,CB1
345,BBA Business Economics,GE1401,GE1401,13263,T92
345,BBA Business Economics,GE1401,CB2500,13323,CA1
345,BBA Business Economics,GE1401,CB2500,15289,TA1
346,BBA Business Economics,GE1401,CB2400,10235,C02
346,BBA Business Economics,GE1401,CB2201,10341,C03
346,BBA Business Economics,GE1401,CB2500,13323,CA1
346,BBA Business Economics,GE1401,CB2500,15289,TA1
346,BBA Business Economics,GE1401,GE1401,15602,T58
347,BBA Business Economics,GE1401,CB2500,10624,C01
347,BBA Business Economics,GE1401,GE1401,10680,T03
347,BBA Business Economics,GE1401,CB2400,12538,C04
347,BBA Business Economics,GE1401,CB2201,14828,C07
347,BBA Business Economics,GE1401,CB2500,15598,T08
348,BBA Business Economics,GE1401,CB2201,10341,C03
348,BBA Business Economics,GE1401,CB2400,10404,CA2
348,BBA Business Economics,GE1401,GE1401,12119,T18
348,BBA Business Economics,GE1401,CB2500,13323,CA1
348,BBA Business Economics,GE1401,CB2500,15289,TA1
349,BBA Business Economics,GE1401,CB2201,10339,C01
349,BBA Business Economics,GE1401,CB2500,10624,C01
349,BBA Business Economics,GE1401,GE1401,10684,T07
349,BBA Business Economics,GE1401,CB2400,10839,CB1
349,BBA Business Economics,GE1401,CB2500,15287,T06
350,BBA Business Economics,GE1401,CB2500,10624,C01
350,BBA Business Economics,GE1401,GE1401,10680,T03
350,BBA Business Economics,GE1401,CB2400,12538,C04
350,BBA Business Economics,GE1401,CB2201,14828,C07
350,BBA Business Economics,GE1401,CB2500,15598,T08
351,BBA Business Economics,GE1401,CB2500,10624,C01
351,BBA Business Economics,GE1401,GE1401,10680,T03
351,BBA Business Economics,GE1401,CB2400,12538,C04
351,BBA Business Economics,GE1401,CB2201,14828,C07
351,BBA Business Economics,GE1401,CB2500,15598,T08
352,BBA Business Economics,GE1401,CB2500,10625,C02
352,BBA Business Economics,GE1401,CB2201,10678,C05
352,BBA Business Economics,GE1401,GE1401,10681,T04
352,BBA Business Economics,GE1401,CB2400,10839,CB1
352,BBA Business Economics,GE1401,CB2500,15287,T06
353,BBA Business Economics,GE1401,GE1401,10357,T01
353,BBA Business Economics,GE1401,CB2400,10403,CA1
353,BBA Business Economics,GE1401,CB2500,10624,C01
353,BBA Business Economics,GE1401,CB2201,10678,C05
353,BBA Business Economics,GE1401,CB2500,15283,T02
354,BBA Business Economics,GE1401,CB2500,10625,C02
354,BBA Business Economics,GE1401,CB2201,10678,C05
354,BBA Business Economics,GE1401,GE1401,10721,T54
354,BBA Business Economics,GE1401,CB2400,10840,CB2
354,BBA Business Economics,GE1401,CB2500,15287,T06
355,BBA Business Economics,GE1401,CB2400,10180,C01
355,BBA Business Economics,GE1401,CB2201,10339,C01
355,BBA Business Economics,GE1401,CB2500,10624,C01
355,BBA Business Economics,GE1401,GE1401,10728,T61
355,BBA Business Economics,GE1401,CB2500,15285,T04
356,BBA Business Economics,GE1401,GE1401,10357,T01
356,BBA Business Economics,GE1401,CB2400,10403,CA1
356,BBA Business Economics,GE1401,CB2500,10624,C01
356,BBA Business Economics,GE1401,CB2201,10678,C05
356,BBA Business Economics,GE1401,CB2500,15283,T02
357,BBA Business Economics,GE1401,CB2500,10624,C01
357,BBA Business Economics,GE1401,CB2400,10840,CB2
357,BBA Business Economics,GE1401,CB2201,14828,C07
357,BBA Business Economics,GE1401,CB2500,15287,T06
357,BBA Business Economics,GE1401,GE1401,15603,T73
358,BBA Business Economics,GE1401,CB2500,10624,C01
358,BBA Business Economics,GE1401,CB2201,10678,C05
358,BBA Business Economics,GE1401,CB2400,13315,CB3
358,BBA Business Economics,GE1401,GE1401,13576,TB5
358,BBA Business Economics,GE1401,CB2500,15285,T04
359,BBA Business Economics,GE1401,CB2201,10339,C01
359,BBA Business Economics,GE1401,CB2500,10624,C01
359,BBA Business Economics,GE1401,GE1401,10684,T07
359,BBA Business Economics,GE1401,CB2400,10839,CB1
359,BBA Business Economics,GE1401,CB2500,15287,T06
360,BBA Business Economics,GE1401,CB2201,10339,C01
360,BBA Business Economics,GE1401,CB2500,10624,C01
360,BBA Business Economics,GE1401,CB2400,10840,CB2
360,BBA Business Economics,GE1401,GE1401,15206,TC6
360,BBA Business Economics,GE1401,CB2500,15288,T07
361,BBA Business Economics,GE1401,CB2400,10180,C01
361,BBA Business Economics,GE1401,CB2500,10624,C01
361,BBA Business Economics,GE1401,CB2201,10792,C04
361,BBA Business Economics,GE1401,GE1401,12121,T33
361,BBA Business Economics,GE1401,CB2500,15283,T02
362,BBA Business Economics,GE1401,CB2500,10624,C01
362,BBA Business Economics,GE1401,CB2201,10792,C04
362,BBA Business Economics,GE1401,CB2400,10840,CB2
362,BBA Business Economics,GE1401,GE1401,12735,T74
362,BBA Business Economics,GE1401,CB2500,15283,T02
363,BBA Business Economics,GE1401,CB2201,10339,C01
363,BBA Business Economics,GE1401,CB2500,10624,C01
363,BBA Business Economics,GE1401,CB2400,10840,CB2
363,BBA Business Economics,GE1401,GE1401,13576,TB5
363,BBA Business Economics,GE1401,CB2500,15285,T04
364,BBA Business Economics,GE1401,CB2500,10624,C01
364,BBA Business Economics,GE1401,GE1401,10680,T03
364,BBA Business Economics,GE1401,CB2400,12538,C04
364,BBA Business Economics,GE1401,CB2201,14828,C07
364,BBA Business Economics,GE1401,CB2500,15598,T08
365,BBA Business Economics,GE1401,CB2201,10341,C03
365,BBA Business Economics,GE1401,CB2400,10404,CA2
365,BBA Business Economics,GE1401,GE1401,12119,T18
365,BBA Business Economics,GE1401,CB2500,13323,CA1
365,BBA Business Economics,GE1401,CB2500,15289,TA1
366,BBA Business Economics,GE1401,CB2400,10235,C02
366,BBA Business Economics,GE1401,CB2201,10341,C03
366,BBA Business Economics,GE1401,GE1401,10714,T43
366,BBA Business Economics,GE1401,CB2500,13323,CA1
366,BBA Business Economics,GE1401,CB2500,15289,TA1
367,BBA Business Economics,GE1401,CB2400,10403,CA1
367,BBA Business Economics,GE1401,CB2500,10624,C01
367,BBA Business Economics,GE1401,GE1401,10723,T56
367,BBA Business Economics,GE1401,CB2201,10792,C04
367,BBA Business Economics,GE1401,CB2500,15283,T02
368,BBA Business Economics,GE1401,CB2201,10339,C01
368,BBA Business Economics,GE1401,CB2500,10624,C01
368,BBA Business Economics,GE1401,GE1401,10684,T07
368,BBA Business Economics,GE1401,CB2400,10839,CB1
368,BBA Business Economics,GE1401,CB2500,15287,T06
369,BBA Business Economics,GE1401,CB2201,10339,C01
369,BBA Business Economics,GE1401,CB2500,10624,C01
369,BBA Business Economics,GE1401,GE1401,10684,T07
369,BBA Business Economics,GE1401,CB2400,10839,CB1
369,BBA Business Economics,GE1401,CB2500,15287,T06
370,BBA Business Economics,GE1401,CB2400,10235,C02
370,BBA Business Economics,GE1401,CB2201,10341,C03
370,BBA Business Economics,GE1401,GE1401,10714,T43
370,BBA Business Economics,GE1401,CB2500,13323,CA1
370,BBA Business Economics,GE1401,CB2500,15289,TA1
371,BBA Business Economics,GE1401,CB2201,10340,C02
371,BBA Business Economics,GE1401,CB2500,10625,C02
371,BBA Business Economics,GE1401,GE1401,10717,T48
371,BBA Business Economics,GE1401,CB2400,10840,CB2
371,BBA Business Economics,GE1401,CB2500,15288,T07
372,BBA Business Economics,GE1401,CB2500,10624,C01
372,BBA Business Economics,GE1401,GE1401,10680,T03
372,BBA Business Economics,GE1401,CB2400,12538,C04
372,BBA Business Economics,GE1401,CB2201,14828,C07
372,BBA Business Economics,GE1401,CB2500,15598,T08
373,BBA Business Economics,GE1401,CB2500,10624,C01
373,BBA Business Economics,GE1401,CB2201,10792,C04
373,BBA Business Economics,GE1401,CB2400,10840,CB2
373,BBA Business Economics,GE1401,GE1401,12735,T74
373,BBA Business Economics,GE1401,CB2500,15283,T02
374,BBA Business Economics,GE1401,CB2201,10339,C01
374,BBA Business Economics,GE1401,CB2500,10624,C01
374,BBA Business Economics,GE1401,GE1401,10681,T04
374,BBA Business Economics,GE1401,CB2400,10839,CB1
374,BBA Business Economics,GE1401,CB2500,15287,T06
375,BBA Business Economics,GE1401,CB2400,10235,C02
375,BBA Business Economics,GE1401,CB2201,10339,C01
375,BBA Business Economics,GE1401,CB2500,10625,C02
375,BBA Business Economics,GE1401,GE1401,11497,T81
375,BBA Business Economics,GE1401,CB2500,15288,T07
376,BBA Business Economics,GE1401,CB2500,10624,C01
376,BBA Business Economics,GE1401,CB2201,10792,C04
376,BBA Business Economics,GE1401,CB2400,10840,CB2
376,BBA Business Economics,GE1401,GE1401,12735,T74
376,BBA Business Economics,GE1401,CB2500,15283,T02
377,BBA Business Economics,GE1401,CB2400,10235,C02
377,BBA Business Economics,GE1401,CB2201,10341,C03
377,BBA Business Economics,GE1401,GE1401,10714,T43
377,BBA Business Economics,GE1401,CB2500,13323,CA1
377,BBA Business Economics,GE1401,CB2500,15289,TA1
378,BBA Business Economics,GE1401,CB2400,10180,C01
378,BBA Business Economics,GE1401,CB2201,10339,C01
378,BBA Business Economics,GE1401,CB2500,10624,C01
378,BBA Business Economics,GE1401,GE1401,10728,T61
378,BBA Business Economics,GE1401,CB2500,15285,T04
379,BBA Business Economics,GE1401,CB2500,10624,C01
379,BBA Business Economics,GE1401,GE1401,10698,T22
379,BBA Business Economics,GE1401,CB2400,12538,C04
379,BBA Business Economics,GE1401,CB2201,14828,C07
379,BBA Business Economics,GE1401,CB2500,15598,T08
380,BBA Business Economics,GE1401,CB2500,10624,C01
380,BBA Business Economics,GE1401,GE1401,10680,T03
380,BBA Business Economics,GE1401,CB2400,12538,C04
380,BBA Business Economics,GE1401,CB2201,14828,C07
380,BBA Business Economics,GE1401,CB2500,15598,T08
381,BBA Business Economics,GE1401,CB2201,10341,C03
381,BBA Business Economics,GE1401,CB2400,10839,CB1
381,BBA Business Economics,GE1401,CB2500,13323,CA1
381,BBA Business Economics,GE1401,GE1401,15183,TC4
381,BBA Business Economics,GE1401,CB2500,15289,TA1
382,BBA Business Economics,GE1401,CB2201,10341,C03
382,BBA Business Economics,GE1401,CB2500,10624,C01
382,BBA Business Economics,GE1401,GE1401,10680,T03
382,BBA Business Economics,GE1401,CB2400,10839,CB1
382,BBA Business Economics,GE1401,CB2500,15283,T02
383,BBA Business Economics,GE1401,CB2500,10624,C01
383,BBA Business Economics,GE1401,CB2201,10678,C05
383,BBA Business Economics,GE1401,GE1401,10730,T64
383,BBA Business Economics,GE1401,CB2400,10840,CB2
383,BBA Business Economics,GE1401,CB2500,15288,T07
384,BBA Business Economics,GE1401,CB2500,10625,C02
384,BBA Business Economics,GE1401,CB2201,10678,C05
384,BBA Business Economics,GE1401,GE1401,10721,T54
384,BBA Business Economics,GE1401,CB2400,10840,CB2
384,BBA Business Economics,GE1401,CB2500,15287,T06
385,BBA Business Economics,GE1401,CB2400,10180,C01
385,BBA Business Economics,GE1401,CB2500,10624,C01
385,BBA Business Economics,GE1401,CB2201,10792,C04
385,BBA Business Economics,GE1401,GE1401,12121,T33
385,BBA Business Economics,GE1401,CB2500,15283,T02
386,BBA Business Economics,GE1401,CB2400,10180,C01
386,BBA Business Economics,GE1401,CB2201,10339,C01
386,BBA Business Economics,GE1401,CB2500,10624,C01
386,BBA Business Economics,GE1401,GE1401,10728,T61
386,BBA Business Economics,GE1401,CB2500,15285,T04
387,BBA Business Economics,GE1401,CB2201,10339,C01
387,BBA Business Economics,GE1401,CB2500,10624,C01
387,BBA Business Economics,GE1401,GE1401,10684,T07
387,BBA Business Economics,GE1401,CB2400,10839,CB1
387,BBA Business Economics,GE1401,CB2500,15287,T06
388,BBA Business Economics,GE1401,CB2400,10180,C01
388,BBA Business Economics,GE1401,CB2201,10339,C01
388,BBA Business Economics,GE1401,CB2500,10624,C01
388,BBA Business Economics,GE1401,GE1401,10728,T61
388,BBA Business Economics,GE1401,CB2500,15285,T04
389,BBA Business Economics,GE1401,CB2500,10624,C01
389,BBA Business Economics,GE1401,CB2201,10678,C05
389,BBA Business Economics,GE1401,CB2400,13315,CB3
389,BBA Business Economics,GE1401,GE1401,13576,TB5
389,BBA Business Economics,GE1401,CB2500,15285,T04
390,BBA Business Economics,GE1401,CB2201,10341,C03
390,BBA Business Economics,GE1401,CB2400,10839,CB1
390,BBA Business Economics,GE1401,GE1401,13263,T92
390,BBA Business Economics,GE1401,CB2500,13323,CA1
390,BBA Business Economics,GE1401,CB2500,15289,TA1
391,BBA Business Economics,LC0200A,CB2500,10624,C01
391,BBA Business Economics,LC0200A,LC0200A,10865,T05
391,BBA Business Economics,LC0200A,CB2400,13315,CB3
391,BBA Business Economics,LC0200A,CB2201,14828,C07
391,BBA Business Economics,LC0200A,CB2500,15283,T02
392,BBA Business Economics,LC0200A,CB2500,10624,C01
392,BBA Business Economics,LC0200A,CB2400,10839,CB1
392,BBA Business Economics,LC0200A,CB2201,14828,C07
392,BBA Business Economics,LC0200A,LC0200A,14950,T18
392,BBA Business Economics,LC0200A,CB2500,15283,T02
393,BBA Business Economics,LC0200A,CB2500,10624,C01
393,BBA Business Economics,LC0200A,CB2201,10792,C04
393,BBA Business Economics,LC0200A,CB2400,10840,CB2
393,BBA Business Economics,LC0200A,LC0200A,10888,T20
393,BBA Business Economics,LC0200A,CB2500,15285,T04
394,BBA Business Economics,LC0200A,CB2500,10625,C02
394,BBA Business Economics,LC0200A,CB2201,10678,C05
394,BBA Business Economics,LC0200A,CB2400,10840,CB2
394,BBA Business Economics,LC0200A,LC0200A,10890,T22
394,BBA Business Economics,LC0200A,CB2500,15285,T04
395,BBA Business Economics,LC0200A,CB2500,10624,C01
395,BBA Business Economics,LC0200A,LC0200A,10865,T05
395,BBA Business Economics,LC0200A,CB2400,13315,CB3
395,BBA Business Economics,LC0200A,CB2201,14828,C07
395,BBA Business Economics,LC0200A,CB2500,15283,T02
396,BBA Business Economics,LC0200A,CB2500,10624,C01
396,BBA Business Economics,LC0200A,CB2400,10839,CB1
396,BBA Business Economics,LC0200A,LC0200A,10877,T08
396,BBA Business Economics,LC0200A,CB2201,14828,C07
396,BBA Business Economics,LC0200A,CB2500,15288,T07
397,BBA Business Economics,LC0200A,CB2500,10624,C01
397,BBA Business Economics,LC0200A,CB2201,10678,C05
397,BBA Business Economics,LC0200A,CB2400,10840,CB2
397,BBA Business Economics,LC0200A,LC0200A,14952,T36
397,BBA Business Economics,LC0200A,CB2500,15283,T02
398,BBA Business Economics,LC0200A,CB2500,10624,C01
398,BBA Business Economics,LC0200A,CB2201,10678,C05
398,BBA Business Economics,LC0200A,CB2400,10840,CB2
398,BBA Business Economics,LC0200A,LC0200A,14952,T36
398,BBA Business Economics,LC0200A,CB2500,15283,T02
399,BBA Business Economics,LC0200A,CB2500,10624,C01
399,BBA Business Economics,LC0200A,CB2201,10678,C05
399,BBA Business Economics,LC0200A,LC0200A,10877,T08
399,BBA Business Economics,LC0200A,CB2400,12538,C04
399,BBA Business Economics,LC0200A,CB2500,15288,T07
400,BBA Business Economics,LC0200A,CB2500,10624,C01
400,BBA Business Economics,LC0200A,CB2400,10839,CB1
400,BBA Business Economics,LC0200A,LC0200A,10877,T08
400,BBA Business Economics,LC0200A,CB2201,14828,C07
400,BBA Business Economics,LC0200A,CB2500,15288,T07
401,BBA Business Economics,LC0200A,CB2201,10339,C01
401,BBA Business Economics,LC0200A,CB2500,10625,C02
401,BBA Business Economics,LC0200A,CB2400,10840,CB2
401,BBA Business Economics,LC0200A,LC0200A,10881,T12
401,BBA Business Economics,LC0200A,CB2500,15285,T04
402,BBA Business Economics,LC0200A,CB2500,10624,C01
402,BBA Business Economics,LC0200A,CB2400,10839,CB1
402,BBA Business Economics,LC0200A,LC0200A,10877,T08
402,BBA Business Economics,LC0200A,CB2201,14828,C07
402,BBA Business Economics,LC0200A,CB2500,15288,T07
403,BBA Business Economics,LC0200A,CB2500,10625,C02
403,BBA Business Economics,LC0200A,CB2201,10678,C05
403,BBA Business Economics,LC0200A,CB2400,10840,CB2
403,BBA Business Economics,LC0200A,LC0200A,10864,T04
403,BBA Business Economics,LC0200A,CB2500,15285,T04
404,BBA Business Economics,LC0200A,CB2500,10625,C02
404,BBA Business Economics,LC0200A,LC0200A,10877,T08
404,BBA Business Economics,LC0200A,CB2400,12538,C04
404,BBA Business Economics,LC0200A,CB2201,13198,CF1
404,BBA Business Economics,LC0200A,CB2500,15285,T04
405,BBA Business Economics,LC0200A,CB2500,10625,C02
405,BBA Business Economics,LC0200A,CB2201,10678,C05
405,BBA Business Economics,LC0200A,CB2400,10840,CB2
405,BBA Business Economics,LC0200A,LC0200A,10890,T22
405,BBA Business Economics,LC0200A,CB2500,15285,T04
406,BBA Business Economics,LC0200A,CB2500,10624,C01
406,BBA Business Economics,LC0200A,CB2400,10839,CB1
406,BBA Business Economics,LC0200A,LC0200A,10877,T08
406,BBA Business Economics,LC0200A,CB2201,14828,C07
406,BBA Business Economics,LC0200A,CB2500,15288,T07
407,BBA Business Economics,LC0200A,CB2500,10624,C01
407,BBA Business Economics,LC0200A,CB2400,10839,CB1
407,BBA Business Economics,LC0200A,CB2201,14828,C07
407,BBA Business Economics,LC0200A,LC0200A,14950,T18
407,BBA Business Economics,LC0200A,CB2500,15283,T02
408,BBA Business Economics,LC0200A,CB2500,10624,C01
408,BBA Business Economics,LC0200A,CB2201,10792,C04
408,BBA Business Economics,LC0200A,CB2400,10840,CB2
408,BBA Business Economics,LC0200A,LC0200A,10888,T20
408,BBA Business Economics,LC0200A,CB2500,15285,T04
409,BBA Business Economics,LC0200A,CB2201,10340,C02
409,BBA Business Economics,LC0200A,CB2500,10625,C02
409,BBA Business Economics,LC0200A,LC0200A,10876,T07
409,BBA Business Economics,LC0200A,CB2400,13315,CB3
409,BBA Business Economics,LC0200A,CB2500,15288,T07
410,BBA Business Economics,LC0200A,CB2500,10625,C02
410,BBA Business Economics,LC0200A,CB2201,10678,C05
410,BBA Business Economics,LC0200A,CB2400,10840,CB2
410,BBA Business Economics,LC0200A,LC0200A,10890,T22
410,BBA Business Economics,LC0200A,CB2500,15285,T04
411,BBA Business Economics,LC0200A,CB2500,10624,C01
411,BBA Business Economics,LC0200A,CB2400,10839,CB1
411,BBA Business Economics,LC0200A,LC0200A,10877,T08
411,BBA Business Economics,LC0200A,CB2201,14828,C07
411,BBA Business Economics,LC0200A,CB2500,15288,T07
412,BBA Marketing,GE1401,CB2400,10180,C01
412,BBA Marketing,GE1401,CB2201,10341,C03
412,BBA Marketing,GE1401,GE1401,10720,T53
412,BBA Marketing,GE1401,CB2601,12304,CE1
413,BBA Marketing,GE1401,CB2400,10235,C02
413,BBA Marketing,GE1401,CB2201,10340,C02
413,BBA Marketing,GE1401,GE1401,10714,T43
413,BBA Marketing,GE1401,CB2601,12305,C01
414,BBA Marketing,GE1401,CB2201,10678,C05
414,BBA Marketing,GE1401,CB2400,10839,CB1
414,BBA Marketing,GE1401,CB2601,12304,CE1
414,BBA Marketing,GE1401,GE1401,12396,T46
415,BBA Marketing,GE1401,CB2201,10341,C03
415,BBA Marketing,GE1401,GE1401,10684,T07
415,BBA Marketing,GE1401,CB2400,10839,CB1
415,BBA Marketing,GE1401,CB2601,12560,C05
416,BBA Marketing,GE1401,CB2201,10340,C02
416,BBA Marketing,GE1401,CB2400,10839,CB1
416,BBA Marketing,GE1401,GE1401,11507,T80
416,BBA Marketing,GE1401,CB2601,12305,C01
417,BBA Marketing,GE1401,CB2400,10180,C01
417,BBA Marketing,GE1401,GE1401,12121,T33
417,BBA Marketing,GE1401,CB2601,12266,CC2
417,BBA Marketing,GE1401,CB2201,14826,CE1
418,BBA Marketing,GE1401,CB2201,10340,C02
418,BBA Marketing,GE1401,CB2601,12305,C01
418,BBA Marketing,GE1401,CB2400,13315,CB3
418,BBA Marketing,GE1401,GE1401,15603,T73
419,BBA Marketing,GE1401,CB2400,10180,C01
419,BBA Marketing,GE1401,CB2201,10678,C05
419,BBA Marketing,GE1401,GE1401,12121,T33
419,BBA Marketing,GE1401,CB2601,12304,CE1
420,BBA Marketing,GE1401,CB2201,10341,C03
420,BBA Marketing,GE1401,GE1401,10730,T64
420,BBA Marketing,GE1401,CB2601,12560,C05
420,BBA Marketing,GE1401,CB2400,13315,CB3
421,BBA Marketing,GE1401,CB2400,10235,C02
421,BBA Marketing,GE1401,CB2201,10340,C02
421,BBA Marketing,GE1401,GE1401,10714,T43
421,BBA Marketing,GE1401,CB2601,12305,C01
422,BBA Marketing,GE1401,CB2201,10341,C03
422,BBA Marketing,GE1401,GE1401,10730,T64
422,BBA Marketing,GE1401,CB2601,12560,C05
422,BBA Marketing,GE1401,CB2400,13315,CB3
423,BBA Marketing,GE1401,CB2601,10335,C02
423,BBA Marketing,GE1401,CB2201,10340,C02
423,BBA Marketing,GE1401,GE1401,10682,T05
423,BBA Marketing,GE1401,CB2400,12538,C04
424,BBA Marketing,GE1401,CB2400,10180,C01
424,BBA Marketing,GE1401,GE1401,11500,T86
424,BBA Marketing,GE1401,CB2601,12306,CA4
424,BBA Marketing,GE1401,CB2201,14828,C07
425,BBA Marketing,GE1401,CB2400,10180,C01
425,BBA Marketing,GE1401,GE1401,10716,T47
425,BBA Marketing,GE1401,CB2601,11195,C03
425,BBA Marketing,GE1401,CB2201,14827,C06
426,BBA Marketing,GE1401,CB2201,10341,C03
426,BBA Marketing,GE1401,GE1401,10684,T07
426,BBA Marketing,GE1401,CB2400,10839,CB1
426,BBA Marketing,GE1401,CB2601,12560,C05
427,BBA Marketing,GE1401,CB2400,10235,C02
427,BBA Marketing,GE1401,CB2201,10340,C02
427,BBA Marketing,GE1401,CB2601,12305,C01
427,BBA Marketing,GE1401,GE1401,12734,T71
428,BBA Marketing,GE1401,GE1401,10684,T07
428,BBA Marketing,GE1401,CB2201,10792,C04
428,BBA Marketing,GE1401,CB2400,10840,CB2
428,BBA Marketing,GE1401,CB2601,12560,C05
429,BBA Marketing,GE1401,CB2400,10180,C01
429,BBA Marketing,GE1401,GE1401,11500,T86
429,BBA Marketing,GE1401,CB2601,12306,CA4
429,BBA Marketing,GE1401,CB2201,14828,C07
430,BBA Marketing,GE1401,CB2601,10335,C02
430,BBA Marketing,GE1401,CB2201,10340,C02
430,BBA Marketing,GE1401,GE1401,10682,T05
430,BBA Marketing,GE1401,CB2400,12538,C04
431,BBA Marketing,GE1401,GE1401,10688,T11
431,BBA Marketing,GE1401,CB2601,12304,CE1
431,BBA Marketing,GE1401,CB2400,13315,CB3
431,BBA Marketing,GE1401,CB2201,14828,C07
432,BBA Marketing,GE1401,GE1401,10688,T11
432,BBA Marketing,GE1401,CB2601,12304,CE1
432,BBA Marketing,GE1401,CB2400,13315,CB3
432,BBA Marketing,GE1401,CB2201,14828,C07
433,BBA Marketing,GE1401,CB2201,10340,C02
433,BBA Marketing,GE1401,CB2400,10839,CB1
433,BBA Marketing,GE1401,CB2601,12305,C01
433,BBA Marketing,GE1401,GE1401,13576,TB5
434,BBA Marketing,GE1401,CB2400,10180,C01
434,BBA Marketing,GE1401,CB2601,10335,C02
434,BBA Marketing,GE1401,CB2201,10792,C04
434,BBA Marketing,GE1401,GE1401,12396,T46
435,BBA Marketing,GE1401,CB2201,10340,C02
435,BBA Marketing,GE1401,CB2400,10839,CB1
435,BBA Marketing,GE1401,CB2601,12305,C01
435,BBA Marketing,GE1401,GE1401,13576,TB5
436,BBA Marketing,GE1401,CB2400,10180,C01
436,BBA Marketing,GE1401,CB2201,10341,C03
436,BBA Marketing,GE1401,GE1401,10715,T45
436,BBA Marketing,GE1401,CB2601,12560,C05
437,BBA Marketing,GE1401,CB2400,10235,C02
437,BBA Marketing,GE1401,CB2201,10340,C02
437,BBA Marketing,GE1401,GE1401,10714,T43
437,BBA Marketing,GE1401,CB2601,12305,C01
438,BBA Marketing,GE1401,CB2201,10341,C03
438,BBA Marketing,GE1401,GE1401,10730,T64
438,BBA Marketing,GE1401,CB2601,12560,C05
438,BBA Marketing,GE1401,CB2400,13315,CB3
439,BBA Marketing,GE1401,CB2201,10341,C03
439,BBA Marketing,GE1401,GE1401,10730,T64
439,BBA Marketing,GE1401,CB2601,12560,C05
439,BBA Marketing,GE1401,CB2400,13315,CB3
440,BBA Marketing,GE1401,GE1401,10684,T07
440,BBA Marketing,GE1401,CB2201,10792,C04
440,BBA Marketing,GE1401,CB2400,10840,CB2
440,BBA Marketing,GE1401,CB2601,12560,C05
441,BBA Marketing,GE1401,CB2400,10235,C02
441,BBA Marketing,GE1401,CB2201,10340,C02
441,BBA Marketing,GE1401,CB2601,12305,C01
441,BBA Marketing,GE1401,GE1401,15602,T58
442,BBA Marketing,GE1401,CB2201,10340,C02
442,BBA Marketing,GE1401,CB2601,12305,C01
442,BBA Marketing,GE1401,CB2400,13315,CB3
442,BBA Marketing,GE1401,GE1401,15603,T73
443,BBA Marketing,GE1401,CB2400,10403,CA1
443,BBA Marketing,GE1401,GE1401,12126,T67
443,BBA Marketing,GE1401,CB2601,12267,CC3
443,BBA Marketing,GE1401,CB2201,14827,C06
444,BBA Marketing,GE1401,CB2201,10678,C05
444,BBA Marketing,GE1401,GE1401,10724,T57
444,BBA Marketing,GE1401,CB2400,10839,CB1
444,BBA Marketing,GE1401,CB2601,12304,CE1
445,BBA Marketing,GE1401,CB2400,10235,C02
445,BBA Marketing,GE1401,CB2201,10340,C02
445,BBA Marketing,GE1401,CB2601,12305,C01
445,BBA Marketing,GE1401,GE1401,12734,T71
446,BBA Marketing,GE1401,CB2201,10341,C03
446,BBA Marketing,GE1401,GE1401,10684,T07
446,BBA Marketing,GE1401,CB2400,10839,CB1
446,BBA Marketing,GE1401,CB2601,12560,C05
447,BBA Marketing,GE1401,CB2201,10341,C03
447,BBA Marketing,GE1401,GE1401,10730,T64
447,BBA Marketing,GE1401,CB2601,12560,C05
447,BBA Marketing,GE1401,CB2400,13315,CB3
448,BBA Marketing,GE1401,CB2400,10235,C02
448,BBA Marketing,GE1401,CB2201,10339,C01
448,BBA Marketing,GE1401,CB2601,12305,C01
448,BBA Marketing,GE1401,GE1401,15603,T73
449,BBA Marketing,GE1401,GE1401,10684,T07
449,BBA Marketing,GE1401,CB2201,10792,C04
449,BBA Marketing,GE1401,CB2400,10840,CB2
449,BBA Marketing,GE1401,CB2601,12560,C05
450,BBA Marketing,GE1401,CB2400,10180,C01
450,BBA Marketing,GE1401,CB2201,10341,C03
450,BBA Marketing,GE1401,GE1401,10720,T53
450,BBA Marketing,GE1401,CB2601,12304,CE1
451,BBA Marketing,GE1401,CB2201,10341,C03
451,BBA Marketing,GE1401,GE1401,10684,T07
451,BBA Marketing,GE1401,CB2601,12560,C05
451,BBA Marketing,GE1401,CB2400,13315,CB3
452,BBA Marketing,GE1401,CB2400,10180,C01
452,BBA Marketing,GE1401,CB2201,10341,C03
452,BBA Marketing,GE1401,GE1401,10720,T53
452,BBA Marketing,GE1401,CB2601,12304,CE1
453,BBA Marketing,GE1401,CB2601,10335,C02
453,BBA Marketing,GE1401,GE1401,10681,T04
453,BBA Marketing,GE1401,CB2400,10840,CB2
453,BBA Marketing,GE1401,CB2201,14826,CE1
454,BBA Marketing,GE1401,CB2400,10180,C01
454,BBA Marketing,GE1401,CB2201,10678,C05
454,BBA Marketing,GE1401,GE1401,12121,T33
454,BBA Marketing,GE1401,CB2601,12304,CE1
455,BBA Marketing,GE1401,CB2400,10403,CA1
455,BBA Marketing,GE1401,GE1401,12126,T67
455,BBA Marketing,GE1401,CB2601,12267,CC3
455,BBA Marketing,GE1401,CB2201,14827,C06
456,BBA Marketing,GE1401,CB2400,10235,C02
456,BBA Marketing,GE1401,CB2201,10340,C02
456,BBA Marketing,GE1401,GE1401,10714,T43
456,BBA Marketing,GE1401,CB2601,12305,C01
457,BBA Marketing,GE1401,CB2400,10180,C01
457,BBA Marketing,GE1401,GE1401,11500,T86
457,BBA Marketing,GE1401,CB2601,12306,CA4
457,BBA Marketing,GE1401,CB2201,14828,C07
458,BBA Marketing,GE1401,GE1401,10723,T56
458,BBA Marketing,GE1401,CB2601,12265,CC1
458,BBA Marketing,GE1401,CB2400,13315,CB3
458,BBA Marketing,GE1401,CB2201,14828,C07
459,BBA Marketing,GE1401,CB2201,10341,C03
459,BBA Marketing,GE1401,GE1401,10684,T07
459,BBA Marketing,GE1401,CB2601,12560,C05
459,BBA Marketing,GE1401,CB2400,13315,CB3
460,BBA Marketing,GE1401,CB2201,10341,C03
460,BBA Marketing,GE1401,GE1401,10684,T07
460,BBA Marketing,GE1401,CB2601,12560,C05
460,BBA Marketing,GE1401,CB2400,13315,CB3
461,BBA Marketing,GE1401,CB2201,10678,C05
461,BBA Marketing,GE1401,CB2400,10839,CB1
461,BBA Marketing,GE1401,CB2601,12304,CE1
461,BBA Marketing,GE1401,GE1401,12396,T46
462,BBA Marketing,GE1401,CB2201,10678,C05
462,BBA Marketing,GE1401,CB2400,10839,CB1
462,BBA Marketing,GE1401,CB2601,12304,CE1
462,BBA Marketing,GE1401,GE1401,12396,T46
463,BBA Marketing,GE1401,CB2201,10340,C02
463,BBA Marketing,GE1401,CB2400,10404,CA2
463,BBA Marketing,GE1401,CB2601,12305,C01
463,BBA Marketing,GE1401,GE1401,15205,TC5
464,BBA Marketing,GE1401,GE1401,10688,T11
464,BBA Marketing,GE1401,CB2601,12304,CE1
464,BBA Marketing,GE1401,CB2400,13315,CB3
464,BBA Marketing,GE1401,CB2201,14828,C07
465,BBA Marketing,GE1401,GE1401,10723,T56
465,BBA Marketing,GE1401,CB2601,12265,CC1
465,BBA Marketing,GE1401,CB2400,13315,CB3
465,BBA Marketing,GE1401,CB2201,14828,C07
466,BBA Marketing,GE1401,CB2400,10235,C02
466,BBA Marketing,GE1401,CB2201,10340,C02
466,BBA Marketing,GE1401,CB2601,12305,C01
466,BBA Marketing,GE1401,GE1401,15602,T58
467,BBA Marketing,GE1401,CB2400,10235,C02
467,BBA Marketing,GE1401,CB2201,10340,C02
467,BBA Marketing,GE1401,CB2601,12305,C01
467,BBA Marketing,GE1401,GE1401,12734,T71
468,BBA Marketing,GE1401,CB2400,10235,C02
468,BBA Marketing,GE1401,CB2201,10340,C02
468,BBA Marketing,GE1401,CB2601,12305,C01
468,BBA Marketing,GE1401,GE1401,15602,T58
469,BBA Marketing,GE1401,CB2400,10235,C02
469,BBA Marketing,GE1401,CB2201,10340,C02
469,BBA Marketing,GE1401,CB2601,12305,C01
469,BBA Marketing,GE1401,GE1401,15602,T58
470,BBA Marketing,GE1401,CB2400,10180,C01
470,BBA Marketing,GE1401,GE1401,11500,T86
470,BBA Marketing,GE1401,CB2601,12306,CA4
470,BBA Marketing,GE1401,CB2201,14828,C07
471,BBA Marketing,GE1401,CB2400,10235,C02
471,BBA Marketing,GE1401,CB2201,10340,C02
471,BBA Marketing,GE1401,CB2601,12305,C01
471,BBA Marketing,GE1401,GE1401,15602,T58
472,BBA Marketing,GE1401,CB2400,10180,C01
472,BBA Marketing,GE1401,GE1401,12121,T33
472,BBA Marketing,GE1401,CB2601,12266,CC2
472,BBA Marketing,GE1401,CB2201,14826,CE1
473,BBA Marketing,GE1401,CB2400,10235,C02
473,BBA Marketing,GE1401,CB2201,10340,C02
473,BBA Marketing,GE1401,CB2601,12305,C01
473,BBA Marketing,GE1401,GE1401,15602,T58
474,BBA Marketing,GE1401,CB2201,10340,C02
474,BBA Marketing,GE1401,CB2400,10839,CB1
474,BBA Marketing,GE1401,CB2601,12305,C01
474,BBA Marketing,GE1401,GE1401,13576,TB5
475,BBA Marketing,GE1401,CB2400,10180,C01
475,BBA Marketing,GE1401,GE1401,11500,T86
475,BBA Marketing,GE1401,CB2601,12306,CA4
475,BBA Marketing,GE1401,CB2201,14828,C07
476,BBA Marketing,GE1401,GE1401,10723,T56
476,BBA Marketing,GE1401,CB2601,12265,CC1
476,BBA Marketing,GE1401,CB2400,13315,CB3
476,BBA Marketing,GE1401,CB2201,14828,C07
477,BBA Marketing,GE1401,CB2400,10403,CA1
477,BBA Marketing,GE1401,GE1401,12126,T67
477,BBA Marketing,GE1401,CB2601,12267,CC3
477,BBA Marketing,GE1401,CB2201,14827,C06
478,BBA Marketing,GE1401,CB2400,10403,CA1
478,BBA Marketing,GE1401,GE1401,12126,T67
478,BBA Marketing,GE1401,CB2601,12267,CC3
478,BBA Marketing,GE1401,CB2201,14827,C06
479,BBA Marketing,GE1401,CB2400,10180,C01
479,BBA Marketing,GE1401,GE1401,11500,T86
479,BBA Marketing,GE1401,CB2601,12306,CA4
479,BBA Marketing,GE1401,CB2201,14828,C07
480,BBA Marketing,GE1401,GE1401,10689,T12
480,BBA Marketing,GE1401,CB2601,12304,CE1
480,BBA Marketing,GE1401,CB2400,13315,CB3
480,BBA Marketing,GE1401,CB2201,14828,C07
481,BBA Marketing,GE1401,CB2400,10180,C01
481,BBA Marketing,GE1401,CB2201,10341,C03
481,BBA Marketing,GE1401,GE1401,10720,T53
481,BBA Marketing,GE1401,CB2601,12304,CE1
482,BBA Marketing,GE1401,CB2201,10340,C02
482,BBA Marketing,GE1401,CB2601,12305,C01
482,BBA Marketing,GE1401,CB2400,13315,CB3
482,BBA Marketing,GE1401,GE1401,15603,T73
483,BBA Marketing,GE1401,CB2201,10340,C02
483,BBA Marketing,GE1401,CB2400,10404,CA2
483,BBA Marketing,GE1401,GE1401,12119,T18
483,BBA Marketing,GE1401,CB2601,12305,C01
484,BBA Marketing,LC0200A,CB2201,10792,C04
484,BBA Marketing,LC0200A,CB2400,10840,CB2
484,BBA Marketing,LC0200A,CB2601,12304,CE1
484,BBA Marketing,LC0200A,LC0200A,14950,T18
485,BBA Marketing,LC0200A,CB2601,10334,C04
485,BBA Marketing,LC0200A,CB2201,10792,C04
485,BBA Marketing,LC0200A,LC0200A,10863,T03
485,BBA Marketing,LC0200A,CB2400,12538,C04
486,BBA Marketing,LC0200A,CB2201,10792,C04
486,BBA Marketing,LC0200A,CB2400,10840,CB2
486,BBA Marketing,LC0200A,CB2601,12304,CE1
486,BBA Marketing,LC0200A,LC0200A,14950,T18
487,BBA Marketing,LC0200A,CB2201,10341,C03
487,BBA Marketing,LC0200A,LC0200A,10878,T09
487,BBA Marketing,LC0200A,CB2400,12538,C04
487,BBA Marketing,LC0200A,CB2601,12560,C05
488,BBA Marketing,LC0200A,CB2201,10340,C02
488,BBA Marketing,LC0200A,CB2400,10404,CA2
488,BBA Marketing,LC0200A,LC0200A,10887,T19
488,BBA Marketing,LC0200A,CB2601,12305,C01
489,BBA Marketing,LC0200A,CB2601,10334,C04
489,BBA Marketing,LC0200A,CB2201,10339,C01
489,BBA Marketing,LC0200A,LC0200A,10891,T23
489,BBA Marketing,LC0200A,CB2400,12538,C04
490,BBA Marketing,LC0200A,CB2201,10792,C04
490,BBA Marketing,LC0200A,CB2400,10840,CB2
490,BBA Marketing,LC0200A,CB2601,12304,CE1
490,BBA Marketing,LC0200A,LC0200A,14950,T18
491,BBA Marketing,LC0200A,CB2201,10341,C03
491,BBA Marketing,LC0200A,LC0200A,10878,T09
491,BBA Marketing,LC0200A,CB2400,12538,C04
491,BBA Marketing,LC0200A,CB2601,12560,C05
492,BBA Marketing,LC0200A,CB2201,10792,C04
492,BBA Marketing,LC0200A,CB2400,10840,CB2
492,BBA Marketing,LC0200A,LC0200A,10879,T10
492,BBA Marketing,LC0200A,CB2601,12560,C05
493,BBA Marketing,LC0200A,CB2601,10334,C04
493,BBA Marketing,LC0200A,CB2201,10792,C04
493,BBA Marketing,LC0200A,LC0200A,10863,T03
493,BBA Marketing,LC0200A,CB2400,12538,C04
494,BBA Marketing,LC0200A,CB2201,10792,C04
494,BBA Marketing,LC0200A,CB2400,10840,CB2
494,BBA Marketing,LC0200A,LC0200A,10879,T10
494,BBA Marketing,LC0200A,CB2601,12560,C05
495,BBA Marketing,LC0200A,CB2400,10235,C02
495,BBA Marketing,LC0200A,CB2201,10340,C02
495,BBA Marketing,LC0200A,LC0200A,10890,T22
495,BBA Marketing,LC0200A,CB2601,12305,C01
496,BBA Marketing,LC0200A,CB2601,10334,C04
496,BBA Marketing,LC0200A,CB2201,10340,C02
496,BBA Marketing,LC0200A,LC0200A,10886,T17
496,BBA Marketing,LC0200A,CB2400,13315,CB3
497,BBA Marketing,LC0200A,CB2201,10340,C02
497,BBA Marketing,LC0200A,CB2400,10839,CB1
497,BBA Marketing,LC0200A,LC0200A,10888,T20
497,BBA Marketing,LC0200A,CB2601,12305,C01
498,BBA Marketing,LC0200A,CB2201,10340,C02
498,BBA Marketing,LC0200A,CB2400,10404,CA2
498,BBA Marketing,LC0200A,LC0200A,10887,T19
498,BBA Marketing,LC0200A,CB2601,12305,C01
499,BBA Marketing,LC0200A,CB2601,10334,C04
499,BBA Marketing,LC0200A,CB2201,10792,C04
499,BBA Marketing,LC0200A,LC0200A,10863,T03
499,BBA Marketing,LC0200A,CB2400,12538,C04
500,BBA Marketing,LC0200A,CB2601,10334,C04
500,BBA Marketing,LC0200A,CB2201,10792,C04
500,BBA Marketing,LC0200A,LC0200A,10863,T03
500,BBA Marketing,LC0200A,CB2400,12538,C04
501,BBA Marketing,LC0200A,CB2601,10334,C04
501,BBA Marketing,LC0200A,CB2201,10792,C04
501,BBA Marketing,LC0200A,LC0200A,10863,T03
501,BBA Marketing,LC0200A,CB2400,12538,C04
502,BBA Marketing,LC0200A,CB2201,10340,C02
502,BBA Marketing,LC0200A,CB2400,10839,CB1
502,BBA Marketing,LC0200A,LC0200A,10888,T20
502,BBA Marketing,LC0200A,CB2601,12305,C01
503,BBA Marketing,LC0200A,CB2601,10334,C04
503,BBA Marketing,LC0200A,CB2201,10339,C01
503,BBA Marketing,LC0200A,LC0200A,10891,T23
503,BBA Marketing,LC0200A,CB2400,12538,C04
504,BBA Marketing,LC0200A,CB2201,10340,C02
504,BBA Marketing,LC0200A,CB2400,10404,CA2
504,BBA Marketing,LC0200A,LC0200A,10887,T19
504,BBA Marketing,LC0200A,CB2601,12305,C01
505,BBA Marketing,LC0200A,CB2601,10334,C04
505,BBA Marketing,LC0200A,CB2201,10792,C04
505,BBA Marketing,LC0200A,LC0200A,10863,T03
505,BBA Marketing,LC0200A,CB2400,12538,C04
506,BBA Marketing,LC0200A,CB2601,10334,C04
506,BBA Marketing,LC0200A,CB2201,10792,C04
506,BBA Marketing,LC0200A,LC0200A,10863,T03
506,BBA Marketing,LC0200A,CB2400,12538,C04
507,BBA Marketing,LC0200A,CB2201,10340,C02
507,BBA Marketing,LC0200A,CB2400,10404,CA2
507,BBA Marketing,LC0200A,LC0200A,10887,T19
507,BBA Marketing,LC0200A,CB2601,12305,C01
508,BBA Marketing,LC0200A,CB2201,10341,C03
508,BBA Marketing,LC0200A,LC0200A,10878,T09
508,BBA Marketing,LC0200A,CB2400,12538,C04
508,BBA Marketing,LC0200A,CB2601,12560,C05
509,BBA Marketing,LC0200A,CB2201,10792,C04
509,BBA Marketing,LC0200A,CB2400,10840,CB2
509,BBA Marketing,LC0200A,LC0200A,10879,T10
509,BBA Marketing,LC0200A,CB2601,12560,C05
510,BBA Marketing,LC0200A,CB2601,10334,C04
510,BBA Marketing,LC0200A,CB2201,10339,C01
510,BBA Marketing,LC0200A,LC0200A,10891,T23
510,BBA Marketing,LC0200A,CB2400,12538,C04
511,BBA Marketing,LC0200A,CB2201,10792,C04
511,BBA Marketing,LC0200A,LC0200A,10863,T03
511,BBA Marketing,LC0200A,CB2601,12306,CA4
511,BBA Marketing,LC0200A,CB2400,12538,C04
512,BBA Marketing,LC0200A,CB2400,10235,C02
512,BBA Marketing,LC0200A,LC0200A,10890,T22
512,BBA Marketing,LC0200A,CB2601,12304,CE1
512,BBA Marketing,LC0200A,CB2201,14827,C06
513,BBA Marketing,LC0200A,CB2201,10792,C04
513,BBA Marketing,LC0200A,CB2400,10840,CB2
513,BBA Marketing,LC0200A,LC0200A,10879,T10
513,BBA Marketing,LC0200A,CB2601,12560,C05
514,BBA Marketing,LC0200A,CB2400,10235,C02
514,BBA Marketing,LC0200A,LC0200A,10890,T22
514,BBA Marketing,LC0200A,CB2601,12304,CE1
514,BBA Marketing,LC0200A,CB2201,14827,C06
515,BBA Marketing,LC0200A,CB2201,10340,C02
515,BBA Marketing,LC0200A,CB2400,10839,CB1
515,BBA Marketing,LC0200A,LC0200A,10888,T20
515,BBA Marketing,LC0200A,CB2601,12305,C01
516,BBA Marketing,LC0200A,CB2601,10334,C04
516,BBA Marketing,LC0200A,CB2201,10339,C01
516,BBA Marketing,LC0200A,LC0200A,10891,T23
516,BBA Marketing,LC0200A,CB2400,12538,C04
517,BBA Management,GE1401,CB2400,10235,C02
517,BBA Management,GE1401,GE1401,10714,T43
517,BBA Management,GE1401,CB2601,12304,CE1
517,BBA Management,GE1401,CB2201,14827,C06
518,BBA Management,GE1401,CB2400,10180,C01
518,BBA Management,GE1401,CB2601,12305,C01
518,BBA Management,GE1401,GE1401,12397,T51
518,BBA Management,GE1401,CB2201,14827,C06
519,BBA Management,GE1401,GE1401,10718,T50
519,BBA Management,GE1401,CB2400,10840,CB2
519,BBA Management,GE1401,CB2601,12304,CE1
519,BBA Management,GE1401,CB2201,14828,C07
520,BBA Management,GE1401,CB2400,10839,CB1
520,BBA Management,GE1401,CB2601,12304,CE1
520,BBA Management,GE1401,GE1401,13576,TB5
520,BBA Management,GE1401,CB2201,14827,C06
521,BBA Management,GE1401,GE1401,10717,T48
521,BBA Management,GE1401,CB2400,10840,CB2
521,BBA Management,GE1401,CB2601,12304,CE1
521,BBA Management,GE1401,CB2201,14828,C07
522,BBA Management,GE1401,CB2201,10678,C05
522,BBA Management,GE1401,CB2601,12304,CE1
522,BBA Management,GE1401,GE1401,12396,T46
522,BBA Management,GE1401,CB2400,12538,C04
523,BBA Management,GE1401,GE1401,10710,T37
523,BBA Management,GE1401,CB2601,12266,CC2
523,BBA Management,GE1401,CB2400,12538,C04
523,BBA Management,GE1401,CB2201,14828,C07
524,BBA Management,GE1401,CB2400,10180,C01
524,BBA Management,GE1401,GE1401,10715,T45
524,BBA Management,GE1401,CB2601,12305,C01
524,BBA Management,GE1401,CB2201,14827,C06
525,BBA Management,GE1401,CB2400,10180,C01
525,BBA Management,GE1401,GE1401,10728,T61
525,BBA Management,GE1401,CB2601,12305,C01
525,BBA Management,GE1401,CB2201,14827,C06
526,BBA Management,GE1401,CB2400,10180,C01
526,BBA Management,GE1401,CB2601,10335,C02
526,BBA Management,GE1401,GE1401,12121,T33
526,BBA Management,GE1401,CB2201,14826,CE1
527,BBA Management,GE1401,CB2400,10180,C01
527,BBA Management,GE1401,GE1401,10715,T45
527,BBA Management,GE1401,CB2601,12305,C01
527,BBA Management,GE1401,CB2201,14827,C06
528,BBA Management,GE1401,CB2400,10839,CB1
528,BBA Management,GE1401,CB2601,12304,CE1
528,BBA Management,GE1401,GE1401,13576,TB5
528,BBA Management,GE1401,CB2201,14827,C06
529,BBA Management,GE1401,CB2400,10235,C02
529,BBA Management,GE1401,CB2201,10678,C05
529,BBA Management,GE1401,GE1401,10719,T52
529,BBA Management,GE1401,CB2601,12304,CE1
530,BBA Management,GE1401,CB2400,10180,C01
530,BBA Management,GE1401,GE1401,11500,T86
530,BBA Management,GE1401,CB2601,12306,CA4
530,BBA Management,GE1401,CB2201,14828,C07
531,BBA Management,GE1401,CB2201,10678,C05
531,BBA Management,GE1401,CB2601,12304,CE1
531,BBA Management,GE1401,GE1401,12396,T46
531,BBA Management,GE1401,CB2400,12538,C04
532,BBA Management,GE1401,CB2400,10839,CB1
532,BBA Management,GE1401,CB2601,12304,CE1
532,BBA Management,GE1401,GE1401,13576,TB5
532,BBA Management,GE1401,CB2201,14827,C06
533,BBA Management,GE1401,CB2400,10180,C01
533,BBA Management,GE1401,GE1401,11507,T80
533,BBA Management,GE1401,CB2601,12305,C01
533,BBA Management,GE1401,CB2201,14827,C06
534,BBA Management,GE1401,CB2400,10235,C02
534,BBA Management,GE1401,CB2601,11195,C03
534,BBA Management,GE1401,GE1401,12734,T71
534,BBA Management,GE1401,CB2201,14827,C06
535,BBA Management,GE1401,CB2400,10180,C01
535,BBA Management,GE1401,GE1401,10728,T61
535,BBA Management,GE1401,CB2601,12305,C01
535,BBA Management,GE1401,CB2201,14827,C06
536,BBA Management,GE1401,GE1401,10717,T48
536,BBA Management,GE1401,CB2400,10840,CB2
536,BBA Management,GE1401,CB2601,12304,CE1
536,BBA Management,GE1401,CB2201,14828,C07
537,BBA Management,GE1401,CB2400,10180,C01
537,BBA Management,GE1401,CB2601,10335,C02
537,BBA Management,GE1401,GE1401,12121,T33
537,BBA Management,GE1401,CB2201,14826,CE1
538,BBA Management,GE1401,CB2400,10180,C01
538,BBA Management,GE1401,CB2601,10335,C02
538,BBA Management,GE1401,CB2201,10792,C04
538,BBA Management,GE1401,GE1401,12396,T46
539,BBA Management,GE1401,CB2400,10180,C01
539,BBA Management,GE1401,GE1401,12121,T33
539,BBA Management,GE1401,CB2601,12266,CC2
539,BBA Management,GE1401,CB2201,14826,CE1
540,BBA Management,GE1401,CB2400,10180,C01
540,BBA Management,GE1401,CB2601,10335,C02
540,BBA Management,GE1401,CB2201,10792,C04
540,BBA Management,GE1401,GE1401,12396,T46
541,BBA Management,GE1401,CB2400,10180,C01
541,BBA Management,GE1401,GE1401,11500,T86
541,BBA Management,GE1401,CB2601,12306,CA4
541,BBA Management,GE1401,CB2201,14828,C07
542,BBA Management,GE1401,GE1401,10688,T11
542,BBA Management,GE1401,CB2601,11195,C03
542,BBA Management,GE1401,CB2400,12538,C04
542,BBA Management,GE1401,CB2201,14828,C07
543,BBA Management,GE1401,CB2400,10180,C01
543,BBA Management,GE1401,CB2601,12305,C01
543,BBA Management,GE1401,GE1401,12397,T51
543,BBA Management,GE1401,CB2201,14827,C06
544,BBA Management,GE1401,CB2400,10235,C02
544,BBA Management,GE1401,CB2601,11195,C03
544,BBA Management,GE1401,CB2201,14827,C06
544,BBA Management,GE1401,GE1401,15602,T58
545,BBA Management,GE1401,GE1401,10717,T48
545,BBA Management,GE1401,CB2400,10840,CB2
545,BBA Management,GE1401,CB2601,12304,CE1
545,BBA Management,GE1401,CB2201,14828,C07
546,BBA Management,GE1401,CB2400,10180,C01
546,BBA Management,GE1401,GE1401,10715,T45
546,BBA Management,GE1401,CB2601,12305,C01
546,BBA Management,GE1401,CB2201,14827,C06
547,BBA Management,GE1401,CB2400,10839,CB1
547,BBA Management,GE1401,CB2601,12304,CE1
547,BBA Management,GE1401,GE1401,13576,TB5
547,BBA Management,GE1401,CB2201,14827,C06
548,BBA Management,GE1401,CB2400,10839,CB1
548,BBA Management,GE1401,CB2601,12304,CE1
548,BBA Management,GE1401,GE1401,13576,TB5
548,BBA Management,GE1401,CB2201,14827,C06
549,BBA Management,GE1401,CB2400,10180,C01
549,BBA Management,GE1401,GE1401,11500,T86
549,BBA Management,GE1401,CB2601,12306,CA4
549,BBA Management,GE1401,CB2201,14828,C07
550,BBA Management,GE1401,CB2201,10678,C05
550,BBA Management,GE1401,CB2400,10840,CB2
550,BBA Management,GE1401,GE1401,11499,T85
550,BBA Management,GE1401,CB2601,12560,C05
551,BBA Management,GE1401,CB2400,10180,C01
551,BBA Management,GE1401,GE1401,10715,T45
551,BBA Management,GE1401,CB2601,12305,C01
551,BBA Management,GE1401,CB2201,14827,C06
552,BBA Management,GE1401,CB2400,10180,C01
552,BBA Management,GE1401,GE1401,11507,T80
552,BBA Management,GE1401,CB2601,12305,C01
552,BBA Management,GE1401,CB2201,14827,C06
553,BBA Management,GE1401,CB2400,10235,C02
553,BBA Management,GE1401,CB2601,11195,C03
553,BBA Management,GE1401,CB2201,14827,C06
553,BBA Management,GE1401,GE1401,15602,T58
554,BBA Management,GE1401,CB2400,10235,C02
554,BBA Management,GE1401,CB2601,12304,CE1
554,BBA Management,GE1401,CB2201,14827,C06
554,BBA Management,GE1401,GE1401,15602,T58
555,BBA Management,GE1401,GE1401,10717,T48
555,BBA Management,GE1401,CB2400,10840,CB2
555,BBA Management,GE1401,CB2601,12304,CE1
555,BBA Management,GE1401,CB2201,14828,C07
556,BBA Management,GE1401,CB2400,10180,C01
556,BBA Management,GE1401,CB2601,12305,C01
556,BBA Management,GE1401,GE1401,12397,T51
556,BBA Management,GE1401,CB2201,14827,C06
557,BBA Management,GE1401,CB2601,10335,C02
557,BBA Management,GE1401,GE1401,10716,T47
557,BBA Management,GE1401,CB2201,10792,C04
557,BBA Management,GE1401,CB2400,12538,C04
558,BBA Management,GE1401,CB2400,10180,C01
558,BBA Management,GE1401,GE1401,11491,T69
558,BBA Management,GE1401,CB2601,12305,C01
558,BBA Management,GE1401,CB2201,14827,C06
559,BBA Management,GE1401,CB2400,10404,CA2
559,BBA Management,GE1401,CB2601,12304,CE1
559,BBA Management,GE1401,CB2201,14827,C06
559,BBA Management,GE1401,GE1401,15205,TC5
560,BBA Management,GE1401,CB2400,10839,CB1
560,BBA Management,GE1401,CB2601,12304,CE1
560,BBA Management,GE1401,GE1401,13576,TB5
560,BBA Management,GE1401,CB2201,14827,C06
561,BBA Management,GE1401,GE1401,10710,T37
561,BBA Management,GE1401,CB2601,12266,CC2
561,BBA Management,GE1401,CB2400,12538,C04
561,BBA Management,GE1401,CB2201,14828,C07
562,BBA Management,GE1401,CB2400,10180,C01
562,BBA Management,GE1401,GE1401,10715,T45
562,BBA Management,GE1401,CB2601,12305,C01
562,BBA Management,GE1401,CB2201,14827,C06
563,BBA Management,GE1401,CB2201,10341,C03
563,BBA Management,GE1401,GE1401,10687,T10
563,BBA Management,GE1401,CB2601,12304,CE1
563,BBA Management,GE1401,CB2400,12538,C04
564,BBA Management,GE1401,GE1401,10688,T11
564,BBA Management,GE1401,CB2601,11195,C03
564,BBA Management,GE1401,CB2400,12538,C04
564,BBA Management,GE1401,CB2201,14828,C07
565,BBA Management,GE1401,CB2400,10839,CB1
565,BBA Management,GE1401,CB2601,12304,CE1
565,BBA Management,GE1401,CB2201,14827,C06
565,BBA Management,GE1401,GE1401,15183,TC4
566,BBA Management,GE1401,CB2400,10404,CA2
566,BBA Management,GE1401,GE1401,12119,T18
566,BBA Management,GE1401,CB2601,12304,CE1
566,BBA Management,GE1401,CB2201,14827,C06
567,BBA Management,GE1401,CB2400,10404,CA2
567,BBA Management,GE1401,GE1401,12119,T18
567,BBA Management,GE1401,CB2601,12304,CE1
567,BBA Management,GE1401,CB2201,14827,C06
568,BBA Management,GE1401,CB2400,10180,C01
568,BBA Management,GE1401,GE1401,11500,T86
568,BBA Management,GE1401,CB2601,12306,CA4
568,BBA Management,GE1401,CB2201,14828,C07
569,BBA Management,GE1401,CB2400,10404,CA2
569,BBA Management,GE1401,GE1401,12119,T18
569,BBA Management,GE1401,CB2601,12304,CE1
569,BBA Management,GE1401,CB2201,14827,C06
570,BBA Management,GE1401,CB2400,10180,C01
570,BBA Management,GE1401,CB2601,12305,C01
570,BBA Management,GE1401,GE1401,12397,T51
570,BBA Management,GE1401,CB2201,14827,C06
571,BBA Management,GE1401,CB2400,10839,CB1
571,BBA Management,GE1401,CB2601,12304,CE1
571,BBA Management,GE1401,GE1401,13576,TB5
571,BBA Management,GE1401,CB2201,14827,C06
572,BBA Management,GE1401,CB2400,10180,C01
572,BBA Management,GE1401,GE1401,11491,T69
572,BBA Management,GE1401,CB2601,12305,C01
572,BBA Management,GE1401,CB2201,14827,C06
573,BBA Management,GE1401,CB2400,10180,C01
573,BBA Management,GE1401,GE1401,10715,T45
573,BBA Management,GE1401,CB2601,12305,C01
573,BBA Management,GE1401,CB2201,14827,C06
574,BBA Management,GE1401,CB2400,10403,CA1
574,BBA Management,GE1401,GE1401,11500,T86
574,BBA Management,GE1401,CB2601,12306,CA4
574,BBA Management,GE1401,CB2201,14828,C07
575,BBA Management,GE1401,CB2400,10403,CA1
575,BBA Management,GE1401,GE1401,11500,T86
575,BBA Management,GE1401,CB2601,12306,CA4
575,BBA Management,GE1401,CB2201,14828,C07
576,BBA Management,LC0200A,CB2400,10180,C01
576,BBA Management,LC0200A,LC0200A,10895,T27
576,BBA Management,LC0200A,CB2601,12304,CE1
576,BBA Management,LC0200A,CB2201,14827,C06
577,BBA Management,LC0200A,LC0200A,10885,T16
577,BBA Management,LC0200A,CB2601,12304,CE1
577,BBA Management,LC0200A,CB2400,13315,CB3
577,BBA Management,LC0200A,CB2201,14828,C07
578,BBA Management,LC0200A,CB2400,10180,C01
578,BBA Management,LC0200A,LC0200A,10895,T27
578,BBA Management,LC0200A,CB2601,12304,CE1
578,BBA Management,LC0200A,CB2201,14827,C06
579,BBA Management,LC0200A,CB2400,10235,C02
579,BBA Management,LC0200A,CB2201,10678,C05
579,BBA Management,LC0200A,LC0200A,10894,T26
579,BBA Management,LC0200A,CB2601,11195,C03
580,BBA Management,LC0200A,CB2400,10235,C02
580,BBA Management,LC0200A,CB2201,10678,C05
580,BBA Management,LC0200A,LC0200A,10894,T26
580,BBA Management,LC0200A,CB2601,11195,C03
581,BBA Management,LC0200A,CB2400,10180,C01
581,BBA Management,LC0200A,LC0200A,10862,T02
581,BBA Management,LC0200A,CB2601,12305,C01
581,BBA Management,LC0200A,CB2201,14827,C06
582,BBA Management,LC0200A,CB2400,10839,CB1
582,BBA Management,LC0200A,CB2601,12265,CC1
582,BBA Management,LC0200A,CB2201,13718,CM2
582,BBA Management,LC0200A,LC0200A,14950,T18
583,BBA Management,LC0200A,CB2400,10839,CB1
583,BBA Management,LC0200A,CB2601,12560,C05
583,BBA Management,LC0200A,CB2201,13718,CM2
583,BBA Management,LC0200A,LC0200A,14950,T18
584,BBA Management,LC0200A,CB2400,10839,CB1
584,BBA Management,LC0200A,CB2601,12265,CC1
584,BBA Management,LC0200A,CB2201,13718,CM2
584,BBA Management,LC0200A,LC0200A,14950,T18
585,BBA Management,LC0200A,LC0200A,10886,T17
585,BBA Management,LC0200A,CB2601,12304,CE1
585,BBA Management,LC0200A,CB2400,13315,CB3
585,BBA Management,LC0200A,CB2201,14828,C07
586,BBA Management,LC0200A,LC0200A,10886,T17
586,BBA Management,LC0200A,CB2601,12304,CE1
586,BBA Management,LC0200A,CB2400,13315,CB3
586,BBA Management,LC0200A,CB2201,14828,C07
587,BBA Management,LC0200A,LC0200A,10886,T17
587,BBA Management,LC0200A,CB2601,12304,CE1
587,BBA Management,LC0200A,CB2400,13315,CB3
587,BBA Management,LC0200A,CB2201,14828,C07
588,BBA Management,LC0200A,CB2400,10839,CB1
588,BBA Management,LC0200A,LC0200A,10888,T20
588,BBA Management,LC0200A,CB2601,12304,CE1
588,BBA Management,LC0200A,CB2201,14827,C06
589,BBA Management,LC0200A,LC0200A,10886,T17
589,BBA Management,LC0200A,CB2601,12304,CE1
589,BBA Management,LC0200A,CB2400,13315,CB3
589,BBA Management,LC0200A,CB2201,14828,C07
590,BBA Management,LC0200A,CB2400,10840,CB2
590,BBA Management,LC0200A,LC0200A,10886,T17
590,BBA Management,LC0200A,CB2601,12304,CE1
590,BBA Management,LC0200A,CB2201,14828,C07
591,BBA Management,LC0200A,CB2400,10180,C01
591,BBA Management,LC0200A,LC0200A,10862,T02
591,BBA Management,LC0200A,CB2601,12305,C01
591,BBA Management,LC0200A,CB2201,14827,C06
592,BBA Management,LC0200A,LC0200A,10886,T17
592,BBA Management,LC0200A,CB2601,12304,CE1
592,BBA Management,LC0200A,CB2400,13315,CB3
592,BBA Management,LC0200A,CB2201,14828,C07
593,BBA Management,LC0200A,CB2400,10839,CB1
593,BBA Management,LC0200A,CB2601,12560,C05
593,BBA Management,LC0200A,CB2201,13718,CM2
593,BBA Management,LC0200A,LC0200A,14950,T18
594,BBA Management,LC0200A,LC0200A,10886,T17
594,BBA Management,LC0200A,CB2601,12304,CE1
594,BBA Management,LC0200A,CB2400,13315,CB3
594,BBA Management,LC0200A,CB2201,14828,C07
595,BBA Management,LC0200A,LC0200A,10886,T17
595,BBA Management,LC0200A,CB2601,12304,CE1
595,BBA Management,LC0200A,CB2400,13315,CB3
595,BBA Management,LC0200A,CB2201,14828,C07
596,BBA Management,LC0200A,CB2400,10180,C01
596,BBA Management,LC0200A,LC0200A,10888,T20
596,BBA Management,LC0200A,CB2601,12305,C01
596,BBA Management,LC0200A,CB2201,14827,C06
597,BBA Management,LC0200A,LC0200A,10886,T17
597,BBA Management,LC0200A,CB2601,12304,CE1
597,BBA Management,LC0200A,CB2400,13315,CB3
597,BBA Management,LC0200A,CB2201,14828,C07
598,BBA Management,LC0200A,CB2201,10341,C03
598,BBA Management,LC0200A,LC0200A,10878,T09
598,BBA Management,LC0200A,CB2400,12538,C04
598,BBA Management,LC0200A,CB2601,12560,C05
599,BBA Management,LC0200A,CB2400,10235,C02
599,BBA Management,LC0200A,LC0200A,10890,T22
599,BBA Management,LC0200A,CB2601,12304,CE1
599,BBA Management,LC0200A,CB2201,14827,C06
600,BBA Management,LC0200A,LC0200A,10886,T17
600,BBA Management,LC0200A,CB2601,12304,CE1
600,BBA Management,LC0200A,CB2400,13315,CB3
600,BBA Management,LC0200A,CB2201,14828,C07
601,BBA Management,LC0200A,CB2400,10840,CB2
601,BBA Management,LC0200A,LC0200A,10886,T17
601,BBA Management,LC0200A,CB2601,12304,CE1
601,BBA Management,LC0200A,CB2201,14828,C07
602,BBA Management,LC0200A,CB2400,10180,C01
602,BBA Management,LC0200A,LC0200A,10862,T02
602,BBA Management,LC0200A,CB2601,12305,C01
602,BBA Management,LC0200A,CB2201,14827,C06
603,BBA Global Business,GE1401,CB2100,10443,T08
603,BBA Global Business,GE1401,CB2100,10551,C02
603,BBA Global Business,GE1401,CB2601,11195,C03
603,BBA Global Business,GE1401,GE1401,12122,T35
604,BBA Global Business,GE1401,CB2100,10443,T08
604,BBA Global Business,GE1401,CB2100,10551,C02
604,BBA Global Business,GE1401,GE1401,10687,T10
604,BBA Global Business,GE1401,CB2601,12304,CE1
605,BBA Global Business,GE1401,GE1401,10702,T27
605,BBA Global Business,GE1401,CB2601,12560,C05
605,BBA Global Business,GE1401,CB2100,12575,TB1
605,BBA Global Business,GE1401,CB2100,12890,CB2
606,BBA Global Business,GE1401,CB2100,10190,C01
606,BBA Global Business,GE1401,CB2100,10192,T05
606,BBA Global Business,GE1401,CB2601,11195,C03
606,BBA Global Business,GE1401,GE1401,12733,T62
607,BBA Global Business,GE1401,CB2100,10190,C01
607,BBA Global Business,GE1401,CB2601,10335,C02
607,BBA Global Business,GE1401,CB2100,11276,T12
607,BBA Global Business,GE1401,GE1401,12127,T84
608,BBA Global Business,GE1401,CB2601,10334,C04
608,BBA Global Business,GE1401,CB2100,10551,C02
608,BBA Global Business,GE1401,GE1401,10716,T47
608,BBA Global Business,GE1401,CB2100,11278,T14
609,BBA Global Business,GE1401,CB2601,10334,C04
609,BBA Global Business,GE1401,CB2100,10441,T06
609,BBA Global Business,GE1401,CB2100,10551,C02
609,BBA Global Business,GE1401,GE1401,10716,T47
610,BBA Global Business,GE1401,CB2100,10190,C01
610,BBA Global Business,GE1401,CB2100,10246,T03
610,BBA Global Business,GE1401,GE1401,10720,T53
610,BBA Global Business,GE1401,CB2601,12304,CE1
611,BBA Global Business,GE1401,CB2100,10190,C01
611,BBA Global Business,GE1401,CB2100,10191,T04
611,BBA Global Business,GE1401,CB2601,10334,C04
611,BBA Global Business,GE1401,GE1401,11503,T89
612,BBA Global Business,GE1401,CB2100,10190,C01
612,BBA Global Business,GE1401,CB2100,10552,T09
612,BBA Global Business,GE1401,CB2601,11195,C03
612,BBA Global Business,GE1401,GE1401,12122,T35
613,BBA Global Business,GE1401,CB2100,10190,C01
613,BBA Global Business,GE1401,CB2100,10246,T03
613,BBA Global Business,GE1401,GE1401,10717,T48
613,BBA Global Business,GE1401,CB2601,11195,C03
614,BBA Global Business,GE1401,CB2100,10190,C01
614,BBA Global Business,GE1401,CB2100,10246,T03
614,BBA Global Business,GE1401,GE1401,10717,T48
614,BBA Global Business,GE1401,CB2601,11195,C03
615,BBA Global Business,GE1401,CB2100,10190,C01
615,BBA Global Business,GE1401,CB2100,10246,T03
615,BBA Global Business,GE1401,GE1401,10720,T53
615,BBA Global Business,GE1401,CB2601,12304,CE1
616,BBA Global Business,GE1401,CB2100,10457,CA2
616,BBA Global Business,GE1401,GE1401,10705,T30
616,BBA Global Business,GE1401,CB2601,11195,C03
616,BBA Global Business,GE1401,CB2100,12576,TA1
617,BBA Global Business,GE1401,CB2100,10191,T04
617,BBA Global Business,GE1401,CB2601,10334,C04
617,BBA Global Business,GE1401,CB2100,10551,C02
617,BBA Global Business,GE1401,GE1401,10716,T47
618,BBA Global Business,GE1401,CB2100,10190,C01
618,BBA Global Business,GE1401,CB2100,10246,T03
618,BBA Global Business,GE1401,GE1401,10730,T64
618,BBA Global Business,GE1401,CB2601,11195,C03
619,BBA Global Business,GE1401,CB2100,10190,C01
619,BBA Global Business,GE1401,GE1401,10730,T64
619,BBA Global Business,GE1401,CB2601,11195,C03
619,BBA Global Business,GE1401,CB2100,11277,T13
620,BBA Global Business,GE1401,CB2100,10457,CA2
620,BBA Global Business,GE1401,CB2100,10556,TA6
620,BBA Global Business,GE1401,GE1401,10716,T47
620,BBA Global Business,GE1401,CB2601,12306,CA4
621,BBA Global Business,GE1401,CB2100,10190,C01
621,BBA Global Business,GE1401,CB2601,11195,C03
621,BBA Global Business,GE1401,CB2100,11277,T13
621,BBA Global Business,GE1401,GE1401,13573,TB2
622,BBA Global Business,GE1401,CB2100,10190,C01
622,BBA Global Business,GE1401,CB2100,10192,T05
622,BBA Global Business,GE1401,CB2601,11195,C03
622,BBA Global Business,GE1401,GE1401,12733,T62
623,BBA Global Business,GE1401,CB2601,10334,C04
623,BBA Global Business,GE1401,CB2100,10551,C02
623,BBA Global Business,GE1401,GE1401,10716,T47
623,BBA Global Business,GE1401,CB2100,11278,T14
624,BBA Global Business,GE1401,GE1401,10702,T27
624,BBA Global Business,GE1401,CB2601,12560,C05
624,BBA Global Business,GE1401,CB2100,12575,TB1
624,BBA Global Business,GE1401,CB2100,12890,CB2
625,BBA Global Business,GE1401,CB2100,10190,C01
625,BBA Global Business,GE1401,CB2100,10561,TAB
625,BBA Global Business,GE1401,GE1401,10705,T30
625,BBA Global Business,GE1401,CB2601,12304,CE1
626,BBA Global Business,GE1401,CB2100,10190,C01
626,BBA Global Business,GE1401,CB2100,10246,T03
626,BBA Global Business,GE1401,GE1401,10730,T64
626,BBA Global Business,GE1401,CB2601,11195,C03
627,BBA Global Business,GE1401,GE1401,10702,T27
627,BBA Global Business,GE1401,CB2601,12560,C05
627,BBA Global Business,GE1401,CB2100,12575,TB1
627,BBA Global Business,GE1401,CB2100,12890,CB2
628,BBA Global Business,GE1401,CB2601,10334,C04
628,BBA Global Business,GE1401,CB2100,10441,T06
628,BBA Global Business,GE1401,CB2100,10551,C02
628,BBA Global Business,GE1401,GE1401,10716,T47
629,BBA Global Business,GE1401,CB2100,10190,C01
629,BBA Global Business,GE1401,CB2100,10246,T03
629,BBA Global Business,GE1401,GE1401,10730,T64
629,BBA Global Business,GE1401,CB2601,12304,CE1
630,BBA Global Business,GE1401,CB2100,10190,C01
630,BBA Global Business,GE1401,CB2100,10246,T03
630,BBA Global Business,GE1401,GE1401,10730,T64
630,BBA Global Business,GE1401,CB2601,11195,C03
631,BBA Global Business,GE1401,CB2100,10190,C01
631,BBA Global Business,GE1401,CB2100,10552,T09
631,BBA Global Business,GE1401,CB2601,11195,C03
631,BBA Global Business,GE1401,GE1401,12122,T35
632,BBA Global Business,GE1401,CB2100,10551,C02
632,BBA Global Business,GE1401,GE1401,10716,T47
632,BBA Global Business,GE1401,CB2100,11278,T14
632,BBA Global Business,GE1401,CB2601,12306,CA4
633,BBA Global Business,GE1401,CB2601,10334,C04
633,BBA Global Business,GE1401,CB2100,10551,C02
633,BBA Global Business,GE1401,GE1401,10716,T47
633,BBA Global Business,GE1401,CB2100,11278,T14
634,BBA Global Business,GE1401,CB2100,10191,T04
634,BBA Global Business,GE1401,CB2601,10334,C04
634,BBA Global Business,GE1401,CB2100,10551,C02
634,BBA Global Business,GE1401,GE1401,10716,T47
635,BBA Global Business,GE1401,GE1401,10702,T27
635,BBA Global Business,GE1401,CB2601,12560,C05
635,BBA Global Business,GE1401,CB2100,12575,TB1
635,BBA Global Business,GE1401,CB2100,12890,CB2
636,BBA Global Business,GE1401,CB2100,10191,T04
636,BBA Global Business,GE1401,CB2601,10334,C04
636,BBA Global Business,GE1401,CB2100,10551,C02
636,BBA Global Business,GE1401,GE1401,10716,T47
637,BBA Global Business,GE1401,CB2601,10334,C04
637,BBA Global Business,GE1401,CB2100,10551,C02
637,BBA Global Business,GE1401,GE1401,10716,T47
637,BBA Global Business,GE1401,CB2100,11278,T14
638,BBA Global Business,GE1401,CB2100,10190,C01
638,BBA Global Business,GE1401,CB2100,10552,T09
638,BBA Global Business,GE1401,CB2601,11195,C03
638,BBA Global Business,GE1401,GE1401,12733,T62
639,BBA Global Business,GE1401,CB2100,10190,C01
639,BBA Global Business,GE1401,CB2100,10192,T05
639,BBA Global Business,GE1401,CB2601,11195,C03
639,BBA Global Business,GE1401,GE1401,12733,T62
640,BBA Global Business,GE1401,CB2100,10190,C01
640,BBA Global Business,GE1401,CB2100,10246,T03
640,BBA Global Business,GE1401,GE1401,10730,T64
640,BBA Global Business,GE1401,CB2601,12304,CE1
641,BBA Global Business,GE1401,CB2100,10190,C01
641,BBA Global Business,GE1401,CB2100,10246,T03
641,BBA Global Business,GE1401,GE1401,10730,T64
641,BBA Global Business,GE1401,CB2601,11195,C03
642,BBA Global Business,LC0200A,CB2100,10551,C02
642,BBA Global Business,LC0200A,CB2100,10552,T09
642,BBA Global Business,LC0200A,LC0200A,10894,T26
642,BBA Global Business,LC0200A,CB2601,11195,C03
643,BBA Global Business,LC0200A,CB2100,10191,T04
643,BBA Global Business,LC0200A,CB2601,10334,C04
643,BBA Global Business,LC0200A,CB2100,10551,C02
643,BBA Global Business,LC0200A,LC0200A,10884,T15
644,BBA Global Business,LC0200A,CB2601,10334,C04
644,BBA Global Business,LC0200A,CB2100,10551,C02
644,BBA Global Business,LC0200A,LC0200A,11173,T33
644,BBA Global Business,LC0200A,CB2100,11278,T14
645,BBA Global Business,LC0200A,CB2100,10190,C01
645,BBA Global Business,LC0200A,CB2100,10552,T09
645,BBA Global Business,LC0200A,LC0200A,11173,T33
645,BBA Global Business,LC0200A,CB2601,12304,CE1
646,BBA Global Business,LC0200A,CB2100,10192,T05
646,BBA Global Business,LC0200A,CB2100,10551,C02
646,BBA Global Business,LC0200A,LC0200A,10894,T26
646,BBA Global Business,LC0200A,CB2601,11195,C03
647,BBA Global Business,LC0200A,LC0200A,10884,T15
647,BBA Global Business,LC0200A,CB2601,12560,C05
647,BBA Global Business,LC0200A,CB2100,12575,TB1
647,BBA Global Business,LC0200A,CB2100,12890,CB2
648,BBA Global Business,LC0200A,CB2100,10442,T07
648,BBA Global Business,LC0200A,CB2100,10551,C02
648,BBA Global Business,LC0200A,LC0200A,10894,T26
648,BBA Global Business,LC0200A,CB2601,11195,C03
649,BBA Global Business,LC0200A,CB2100,10190,C01
649,BBA Global Business,LC0200A,CB2601,10335,C02
649,BBA Global Business,LC0200A,LC0200A,10888,T20
649,BBA Global Business,LC0200A,CB2100,11276,T12
650,BBA Global Business,LC0200A,CB2601,10334,C04
650,BBA Global Business,LC0200A,CB2100,10551,C02
650,BBA Global Business,LC0200A,LC0200A,10884,T15
650,BBA Global Business,LC0200A,CB2100,11278,T14
651,BBA Global Business,LC0200A,CB2100,10551,C02
651,BBA Global Business,LC0200A,CB2100,10552,T09
651,BBA Global Business,LC0200A,LC0200A,10894,T26
651,BBA Global Business,LC0200A,CB2601,11195,C03
652,BBA Global Business,LC0200A,CB2100,10190,C01
652,BBA Global Business,LC0200A,CB2601,10335,C02
652,BBA Global Business,LC0200A,LC0200A,10888,T20
652,BBA Global Business,LC0200A,CB2100,11276,T12
653,BBA Global Business,LC0200A,CB2100,10442,T07
653,BBA Global Business,LC0200A,CB2100,10551,C02
653,BBA Global Business,LC0200A,LC0200A,10894,T26
653,BBA Global Business,LC0200A,CB2601,11195,C03
654,BBA Global Business,LC0200A,CB2100,10190,C01
654,BBA Global Business,LC0200A,LC0200A,10885,T16
654,BBA Global Business,LC0200A,CB2601,11195,C03
654,BBA Global Business,LC0200A,CB2100,11277,T13
655,BBA Global Business,LC0200A,CB2601,10334,C04
655,BBA Global Business,LC0200A,CB2100,10551,C02
655,BBA Global Business,LC0200A,LC0200A,10884,T15
655,BBA Global Business,LC0200A,CB2100,11278,T14
656,BBA Global Business,LC0200A,CB2100,10442,T07
656,BBA Global Business,LC0200A,CB2100,10551,C02
656,BBA Global Business,LC0200A,LC0200A,10894,T26
656,BBA Global Business,LC0200A,CB2601,11195,C03
657,BBA Global Business,LC0200A,CB2100,10191,T04
657,BBA Global Business,LC0200A,CB2100,10551,C02
657,BBA Global Business,LC0200A,LC0200A,10884,T15
657,BBA Global Business,LC0200A,CB2601,12306,CA4
658,BBA Global Business,LC0200A,CB2100,10191,T04
658,BBA Global Business,LC0200A,CB2100,10551,C02
658,BBA Global Business,LC0200A,LC0200A,10884,T15
658,BBA Global Business,LC0200A,CB2601,12306,CA4
659,BBA Global Business,LC0200A,CB2100,10190,C01
659,BBA Global Business,LC0200A,CB2100,10552,T09
659,BBA Global Business,LC0200A,LC0200A,11173,T33
659,BBA Global Business,LC0200A,CB2601,12304,CE1
660,BBA Global Business Systems Management,GE1401,CB2500,10624,C01
660,BBA Global Business Systems Management,GE1401,CB2201,10678,C05
660,BBA Global Business Systems Management,GE1401,GE1401,10696,T20
660,BBA Global Business Systems Management,GE1401,CB2300,12535,S04
660,BBA Global Business Systems Management,GE1401,CB2500,15283,T02
661,BBA Global Business Systems Management,GE1401,CB2201,10339,C01
661,BBA Global Business Systems Management,GE1401,CB2500,10624,C01
661,BBA Global Business Systems Management,GE1401,GE1401,10701,T25
661,BBA Global Business Systems Management,GE1401,CB2300,12534,S03
661,BBA Global Business Systems Management,GE1401,CB2500,15598,T08
662,BBA Global Business Systems Management,GE1401,CB2201,10678,C05
662,BBA Global Business Systems Management,GE1401,CB2300,12534,S03
662,BBA Global Business Systems Management,GE1401,CB2500,13323,CA1
662,BBA Global Business Systems Management,GE1401,GE1401,15183,TC4
662,BBA Global Business Systems Management,GE1401,CB2500,15289,TA1
663,BBA Global Business Systems Management,GE1401,CB2201,10339,C01
663,BBA Global Business Systems Management,GE1401,GE1401,12122,T35
663,BBA Global Business Systems Management,GE1401,CB2300,12534,S03
663,BBA Global Business Systems Management,GE1401,CB2500,13323,CA1
663,BBA Global Business Systems Management,GE1401,CB2500,15289,TA1
664,BBA Global Business Systems Management,GE1401,CB2201,10339,C01
664,BBA Global Business Systems Management,GE1401,CB2500,10624,C01
664,BBA Global Business Systems Management,GE1401,GE1401,11491,T69
664,BBA Global Business Systems Management,GE1401,CB2300,12534,S03
664,BBA Global Business Systems Management,GE1401,CB2500,15598,T08
665,BBA Global Business Systems Management,GE1401,CB2201,10678,C05
665,BBA Global Business Systems Management,GE1401,CB2300,12534,S03
665,BBA Global Business Systems Management,GE1401,CB2500,13323,CA1
665,BBA Global Business Systems Management,GE1401,GE1401,15183,TC4
665,BBA Global Business Systems Management,GE1401,CB2500,15289,TA1
666,BBA Global Business Systems Management,GE1401,CB2201,10339,C01
666,BBA Global Business Systems Management,GE1401,CB2500,10624,C01
666,BBA Global Business Systems Management,GE1401,GE1401,11507,T80
666,BBA Global Business Systems Management,GE1401,CB2300,12534,S03
666,BBA Global Business Systems Management,GE1401,CB2500,15598,T08
667,BBA Global Business Systems Management,GE1401,CB2500,10624,C01
667,BBA Global Business Systems Management,GE1401,CB2201,10678,C05
667,BBA Global Business Systems Management,GE1401,GE1401,10715,T45
667,BBA Global Business Systems Management,GE1401,CB2300,12535,S04
667,BBA Global Business Systems Management,GE1401,CB2500,15598,T08
668,BBA Global Business Systems Management,GE1401,CB2500,10624,C01
668,BBA Global Business Systems Management,GE1401,GE1401,10680,T03
668,BBA Global Business Systems Management,GE1401,CB2201,10792,C04
668,BBA Global Business Systems Management,GE1401,CB2300,12534,S03
668,BBA Global Business Systems Management,GE1401,CB2500,15283,T02
669,BBA Global Business Systems Management,GE1401,CB2500,10624,C01
669,BBA Global Business Systems Management,GE1401,CB2300,12534,S03
669,BBA Global Business Systems Management,GE1401,CB2201,14828,C07
669,BBA Global Business Systems Management,GE1401,CB2500,15288,T07
669,BBA Global Business Systems Management,GE1401,GE1401,15601,T28
670,BBA Global Business Systems Management,GE1401,CB2500,10625,C02
670,BBA Global Business Systems Management,GE1401,CB2201,10792,C04
670,BBA Global Business Systems Management,GE1401,CB2300,12536,S05
670,BBA Global Business Systems Management,GE1401,GE1401,13577,TB6
670,BBA Global Business Systems Management,GE1401,CB2500,15288,T07
671,BBA Global Business Systems Management,GE1401,CB2500,10624,C01
671,BBA Global Business Systems Management,GE1401,CB2201,10678,C05
671,BBA Global Business Systems Management,GE1401,GE1401,10715,T45
671,BBA Global Business Systems Management,GE1401,CB2300,12535,S04
671,BBA Global Business Systems Management,GE1401,CB2500,15598,T08
672,BBA Global Business Systems Management,GE1401,CB2201,10678,C05
672,BBA Global Business Systems Management,GE1401,CB2300,12534,S03
672,BBA Global Business Systems Management,GE1401,CB2500,13323,CA1
672,BBA Global Business Systems Management,GE1401,GE1401,15183,TC4
672,BBA Global Business Systems Management,GE1401,CB2500,15289,TA1
673,BBA Global Business Systems Management,GE1401,CB2500,10624,C01
673,BBA Global Business Systems Management,GE1401,CB2300,12534,S03
673,BBA Global Business Systems Management,GE1401,GE1401,14271,TB8
673,BBA Global Business Systems Management,GE1401,CB2201,14828,C07
673,BBA Global Business Systems Management,GE1401,CB2500,15288,T07
674,BBA Global Business Systems Management,GE1401,CB2201,10339,C01
674,BBA Global Business Systems Management,GE1401,GE1401,12122,T35
674,BBA Global Business Systems Management,GE1401,CB2300,12534,S03
674,BBA Global Business Systems Management,GE1401,CB2500,13323,CA1
674,BBA Global Business Systems Management,GE1401,CB2500,15289,TA1
675,BBA Global Business Systems Management,GE1401,CB2201,10339,C01
675,BBA Global Business Systems Management,GE1401,GE1401,12122,T35
675,BBA Global Business Systems Management,GE1401,CB2300,12534,S03
675,BBA Global Business Systems Management,GE1401,CB2500,13323,CA1
675,BBA Global Business Systems Management,GE1401,CB2500,15289,TA1
676,BBA Global Business Systems Management,GE1401,CB2201,10339,C01
676,BBA Global Business Systems Management,GE1401,GE1401,12122,T35
676,BBA Global Business Systems Management,GE1401,CB2300,12534,S03
676,BBA Global Business Systems Management,GE1401,CB2500,13323,CA1
676,BBA Global Business Systems Management,GE1401,CB2500,15289,TA1
677,BBA Global Business Systems Management,GE1401,CB2201,10339,C01
677,BBA Global Business Systems Management,GE1401,CB2500,10624,C01
677,BBA Global Business Systems Management,GE1401,GE1401,10701,T25
677,BBA Global Business Systems Management,GE1401,CB2300,12534,S03
677,BBA Global Business Systems Management,GE1401,CB2500,15598,T08
678,BBA Global Business Systems Management,GE1401,CB2201,10678,C05
678,BBA Global Business Systems Management,GE1401,CB2300,12534,S03
678,BBA Global Business Systems Management,GE1401,CB2500,13323,CA1
678,BBA Global Business Systems Management,GE1401,GE1401,15183,TC4
678,BBA Global Business Systems Management,GE1401,CB2500,15289,TA1
679,BBA Global Business Systems Management,GE1401,CB2500,10624,C01
679,BBA Global Business Systems Management,GE1401,GE1401,10701,T25
679,BBA Global Business Systems Management,GE1401,CB2300,12534,S03
679,BBA Global Business Systems Management,GE1401,CB2201,14826,CE1
679,BBA Global Business Systems Management,GE1401,CB2500,15598,T08
680,BBA Global Business Systems Management,GE1401,CB2500,10624,C01
680,BBA Global Business Systems Management,GE1401,CB2300,12534,S03
680,BBA Global Business Systems Management,GE1401,CB2201,14828,C07
680,BBA Global Business Systems Management,GE1401,CB2500,15288,T07
680,BBA Global Business Systems Management,GE1401,GE1401,15601,T28
681,BBA Global Business Systems Management,GE1401,CB2500,10624,C01
681,BBA Global Business Systems Management,GE1401,CB2201,10678,C05
681,BBA Global Business Systems Management,GE1401,GE1401,10727,T60
681,BBA Global Business Systems Management,GE1401,CB2300,12534,S03
681,BBA Global Business Systems Management,GE1401,CB2500,15283,T02
682,BBA Global Business Systems Management,GE1401,CB2300,12532,S02
682,BBA Global Business Systems Management,GE1401,CB2500,13323,CA1
682,BBA Global Business Systems Management,GE1401,CB2201,14827,C06
682,BBA Global Business Systems Management,GE1401,CB2500,15289,TA1
682,BBA Global Business Systems Management,GE1401,GE1401,15602,T58
683,BBA Global Business Systems Management,GE1401,CB2201,10341,C03
683,BBA Global Business Systems Management,GE1401,CB2500,10624,C01
683,BBA Global Business Systems Management,GE1401,GE1401,10696,T20
683,BBA Global Business Systems Management,GE1401,CB2300,14881,SC2
683,BBA Global Business Systems Management,GE1401,CB2500,15283,T02
684,BBA Global Business Systems Management,GE1401,CB2500,10624,C01
684,BBA Global Business Systems Management,GE1401,CB2201,10678,C05
684,BBA Global Business Systems Management,GE1401,GE1401,10727,T60
684,BBA Global Business Systems Management,GE1401,CB2300,12534,S03
684,BBA Global Business Systems Management,GE1401,CB2500,15283,T02
685,BBA Global Business Systems Management,GE1401,GE1401,10721,T54
685,BBA Global Business Systems Management,GE1401,CB2300,12532,S02
685,BBA Global Business Systems Management,GE1401,CB2500,13323,CA1
685,BBA Global Business Systems Management,GE1401,CB2201,14827,C06
685,BBA Global Business Systems Management,GE1401,CB2500,15289,TA1
686,BBA Global Business Systems Management,GE1401,CB2201,10339,C01
686,BBA Global Business Systems Management,GE1401,CB2500,10624,C01
686,BBA Global Business Systems Management,GE1401,GE1401,10701,T25
686,BBA Global Business Systems Management,GE1401,CB2300,12534,S03
686,BBA Global Business Systems Management,GE1401,CB2500,15598,T08
687,BBA Global Business Systems Management,GE1401,CB2500,10624,C01
687,BBA Global Business Systems Management,GE1401,CB2201,10678,C05
687,BBA Global Business Systems Management,GE1401,GE1401,10708,T34
687,BBA Global Business Systems Management,GE1401,CB2300,12535,S04
687,BBA Global Business Systems Management,GE1401,CB2500,15598,T08
688,BBA Global Business Systems Management,GE1401,CB2300,12532,S02
688,BBA Global Business Systems Management,GE1401,GE1401,12734,T71
688,BBA Global Business Systems Management,GE1401,CB2500,13323,CA1
688,BBA Global Business Systems Management,GE1401,CB2201,14827,C06
688,BBA Global Business Systems Management,GE1401,CB2500,15289,TA1
689,BBA Global Business Systems Management,GE1401,CB2500,10624,C01
689,BBA Global Business Systems Management,GE1401,CB2201,10678,C05
689,BBA Global Business Systems Management,GE1401,GE1401,10708,T34
689,BBA Global Business Systems Management,GE1401,CB2300,12535,S04
689,BBA Global Business Systems Management,GE1401,CB2500,15598,T08
690,BBA Global Business Systems Management,GE1401,CB2201,10339,C01
690,BBA Global Business Systems Management,GE1401,CB2500,10625,C02
690,BBA Global Business Systems Management,GE1401,GE1401,10721,T54
690,BBA Global Business Systems Management,GE1401,CB2300,12534,S03
690,BBA Global Business Systems Management,GE1401,CB2500,15287,T06
691,BBA Global Business Systems Management,GE1401,CB2201,10341,C03
691,BBA Global Business Systems Management,GE1401,CB2500,10624,C01
691,BBA Global Business Systems Management,GE1401,GE1401,10696,T20
691,BBA Global Business Systems Management,GE1401,CB2300,14881,SC2
691,BBA Global Business Systems Management,GE1401,CB2500,15283,T02
692,BBA Global Business Systems Management,GE1401,CB2500,10624,C01
692,BBA Global Business Systems Management,GE1401,GE1401,10680,T03
692,BBA Global Business Systems Management,GE1401,CB2201,10792,C04
692,BBA Global Business Systems Management,GE1401,CB2300,12534,S03
692,BBA Global Business Systems Management,GE1401,CB2500,15283,T02
693,BBA Global Business Systems Management,GE1401,CB2201,10339,C01
693,BBA Global Business Systems Management,GE1401,CB2500,10624,C01
693,BBA Global Business Systems Management,GE1401,GE1401,11491,T69
693,BBA Global Business Systems Management,GE1401,CB2300,12534,S03
693,BBA Global Business Systems Management,GE1401,CB2500,15598,T08
694,BBA Global Business Systems Management,GE1401,CB2201,10678,C05
694,BBA Global Business Systems Management,GE1401,CB2300,12534,S03
694,BBA Global Business Systems Management,GE1401,CB2500,13323,CA1
694,BBA Global Business Systems Management,GE1401,GE1401,15183,TC4
694,BBA Global Business Systems Management,GE1401,CB2500,15289,TA1
695,BBA Global Business Systems Management,GE1401,CB2300,12532,S02
695,BBA Global Business Systems Management,GE1401,CB2500,13323,CA1
695,BBA Global Business Systems Management,GE1401,CB2201,14827,C06
695,BBA Global Business Systems Management,GE1401,CB2500,15289,TA1
695,BBA Global Business Systems Management,GE1401,GE1401,15602,T58
696,BBA Global Business Systems Management,GE1401,CB2500,10624,C01
696,BBA Global Business Systems Management,GE1401,CB2201,10678,C05
696,BBA Global Business Systems Management,GE1401,CB2300,12534,S03
696,BBA Global Business Systems Management,GE1401,GE1401,12735,T74
696,BBA Global Business Systems Management,GE1401,CB2500,15283,T02
697,BBA Global Business Systems Management,GE1401,CB2201,10339,C01
697,BBA Global Business Systems Management,GE1401,CB2500,10625,C02
697,BBA Global Business Systems Management,GE1401,GE1401,10721,T54
697,BBA Global Business Systems Management,GE1401,CB2300,12534,S03
697,BBA Global Business Systems Management,GE1401,CB2500,15287,T06
698,BBA Global Business Systems Management,GE1401,CB2500,10624,C01
698,BBA Global Business Systems Management,GE1401,CB2201,10678,C05
698,BBA Global Business Systems Management,GE1401,GE1401,10715,T45
698,BBA Global Business Systems Management,GE1401,CB2300,12535,S04
698,BBA Global Business Systems Management,GE1401,CB2500,15598,T08
699,BBA Global Business Systems Management,GE1401,CB2500,10624,C01
699,BBA Global Business Systems Management,GE1401,CB2300,12534,S03
699,BBA Global Business Systems Management,GE1401,GE1401,14271,TB8
699,BBA Global Business Systems Management,GE1401,CB2201,14828,C07
699,BBA Global Business Systems Management,GE1401,CB2500,15288,T07
700,BBA Global Business Systems Management,GE1401,CB2201,10341,C03
700,BBA Global Business Systems Management,GE1401,CB2500,10624,C01
700,BBA Global Business Systems Management,GE1401,GE1401,10696,T20
700,BBA Global Business Systems Management,GE1401,CB2300,14881,SC2
700,BBA Global Business Systems Management,GE1401,CB2500,15283,T02
701,BBA Global Business Systems Management,GE1401,CB2201,10339,C01
701,BBA Global Business Systems Management,GE1401,CB2500,10624,C01
701,BBA Global Business Systems Management,GE1401,GE1401,10708,T34
701,BBA Global Business Systems Management,GE1401,CB2300,12534,S03
701,BBA Global Business Systems Management,GE1401,CB2500,15598,T08
702,BBA Global Business Systems Management,GE1401,CB2300,12532,S02
702,BBA Global Business Systems Management,GE1401,GE1401,12734,T71
702,BBA Global Business Systems Management,GE1401,CB2500,13323,CA1
702,BBA Global Business Systems Management,GE1401,CB2201,14827,C06
702,BBA Global Business Systems Management,GE1401,CB2500,15289,TA1
703,BBA Global Business Systems Management,GE1401,CB2500,10624,C01
703,BBA Global Business Systems Management,GE1401,CB2300,12534,S03
703,BBA Global Business Systems Management,GE1401,CB2201,14828,C07
703,BBA Global Business Systems Management,GE1401,CB2500,15288,T07
703,BBA Global Business Systems Management,GE1401,GE1401,15601,T28
704,BBA Global Business Systems Management,GE1401,CB2500,10624,C01
704,BBA Global Business Systems Management,GE1401,GE1401,10696,T20
704,BBA Global Business Systems Management,GE1401,CB2300,12534,S03
704,BBA Global Business Systems Management,GE1401,CB2201,13198,CF1
704,BBA Global Business Systems Management,GE1401,CB2500,15598,T08
705,BBA Global Business Systems Management,GE1401,GE1401,12119,T18
705,BBA Global Business Systems Management,GE1401,CB2300,12532,S02
705,BBA Global Business Systems Management,GE1401,CB2500,13323,CA1
705,BBA Global Business Systems Management,GE1401,CB2201,14827,C06
705,BBA Global Business Systems Management,GE1401,CB2500,15289,TA1
706,BBA Global Business Systems Management,GE1401,CB2500,10624,C01
706,BBA Global Business Systems Management,GE1401,CB2300,12534,S03
706,BBA Global Business Systems Management,GE1401,CB2201,14828,C07
706,BBA Global Business Systems Management,GE1401,CB2500,15288,T07
706,BBA Global Business Systems Management,GE1401,GE1401,15601,T28
707,BBA Global Business Systems Management,GE1401,CB2201,10340,C02
707,BBA Global Business Systems Management,GE1401,CB2500,10625,C02
707,BBA Global Business Systems Management,GE1401,CB2300,12534,S03
707,BBA Global Business Systems Management,GE1401,GE1401,13576,TB5
707,BBA Global Business Systems Management,GE1401,CB2500,15287,T06
708,BBA Global Business Systems Management,GE1401,CB2500,10625,C02
708,BBA Global Business Systems Management,GE1401,CB2201,10792,C04
708,BBA Global Business Systems Management,GE1401,CB2300,12536,S05
708,BBA Global Business Systems Management,GE1401,GE1401,13577,TB6
708,BBA Global Business Systems Management,GE1401,CB2500,15288,T07
709,BBA Global Business Systems Management,GE1401,CB2201,10339,C01
709,BBA Global Business Systems Management,GE1401,GE1401,12122,T35
709,BBA Global Business Systems Management,GE1401,CB2300,12534,S03
709,BBA Global Business Systems Management,GE1401,CB2500,13323,CA1
709,BBA Global Business Systems Management,GE1401,CB2500,15289,TA1
710,BBA Global Business Systems Management,GE1401,CB2500,10624,C01
710,BBA Global Business Systems Management,GE1401,CB2201,10678,C05
710,BBA Global Business Systems Management,GE1401,GE1401,10708,T34
710,BBA Global Business Systems Management,GE1401,CB2300,12535,S04
710,BBA Global Business Systems Management,GE1401,CB2500,15598,T08
711,BBA Global Business Systems Management,GE1401,CB2500,10624,C01
711,BBA Global Business Systems Management,GE1401,CB2201,10678,C05
711,BBA Global Business Systems Management,GE1401,GE1401,10723,T56
711,BBA Global Business Systems Management,GE1401,CB2300,13958,SB3
711,BBA Global Business Systems Management,GE1401,CB2500,15283,T02
712,BBA Global Business Systems Management,GE1401,CB2201,10339,C01
712,BBA Global Business Systems Management,GE1401,CB2500,10624,C01
712,BBA Global Business Systems Management,GE1401,GE1401,10701,T25
712,BBA Global Business Systems Management,GE1401,CB2300,12534,S03
712,BBA Global Business Systems Management,GE1401,CB2500,15598,T08
713,BBA Global Business Systems Management,GE1401,CB2500,10624,C01
713,BBA Global Business Systems Management,GE1401,CB2300,12534,S03
713,BBA Global Business Systems Management,GE1401,CB2201,14828,C07
713,BBA Global Business Systems Management,GE1401,CB2500,15288,T07
713,BBA Global Business Systems Management,GE1401,GE1401,15601,T28
714,BBA Global Business Systems Management,GE1401,GE1401,10357,T01
714,BBA Global Business Systems Management,GE1401,CB2500,10624,C01
714,BBA Global Business Systems Management,GE1401,CB2201,14828,C07
714,BBA Global Business Systems Management,GE1401,CB2300,14881,SC2
714,BBA Global Business Systems Management,GE1401,CB2500,15283,T02
715,BBA Global Business Systems Management,GE1401,CB2201,10339,C01
715,BBA Global Business Systems Management,GE1401,CB2500,10624,C01
715,BBA Global Business Systems Management,GE1401,GE1401,10701,T25
715,BBA Global Business Systems Management,GE1401,CB2300,12534,S03
715,BBA Global Business Systems Management,GE1401,CB2500,15598,T08
716,BBA Global Business Systems Management,GE1401,CB2201,10339,C01
716,BBA Global Business Systems Management,GE1401,CB2500,10624,C01
716,BBA Global Business Systems Management,GE1401,CB2300,12534,S03
716,BBA Global Business Systems Management,GE1401,GE1401,13263,T92
716,BBA Global Business Systems Management,GE1401,CB2500,15598,T08
717,BBA Global Business Systems Management,GE1401,GE1401,10357,T01
717,BBA Global Business Systems Management,GE1401,CB2500,10624,C01
717,BBA Global Business Systems Management,GE1401,CB2201,14828,C07
717,BBA Global Business Systems Management,GE1401,CB2300,14882,SC3
717,BBA Global Business Systems Management,GE1401,CB2500,15283,T02
718,BBA Global Business Systems Management,GE1401,CB2201,10339,C01
718,BBA Global Business Systems Management,GE1401,CB2500,10624,C01
718,BBA Global Business Systems Management,GE1401,GE1401,10701,T25
718,BBA Global Business Systems Management,GE1401,CB2300,12534,S03
718,BBA Global Business Systems Management,GE1401,CB2500,15598,T08
719,BBA Global Business Systems Management,LC0200A,CB2500,10624,C01
719,BBA Global Business Systems Management,LC0200A,LC0200A,10863,T03
719,BBA Global Business Systems Management,LC0200A,CB2300,12588,SA2
719,BBA Global Business Systems Management,LC0200A,CB2201,14827,C06
719,BBA Global Business Systems Management,LC0200A,CB2500,15283,T02
720,BBA Global Business Systems Management,LC0200A,CB2201,10339,C01
720,BBA Global Business Systems Management,LC0200A,CB2500,10625,C02
720,BBA Global Business Systems Management,LC0200A,LC0200A,10889,T21
720,BBA Global Business Systems Management,LC0200A,CB2300,12535,S04
720,BBA Global Business Systems Management,LC0200A,CB2500,15598,T08
721,BBA Global Business Systems Management,LC0200A,CB2201,10339,C01
721,BBA Global Business Systems Management,LC0200A,CB2500,10624,C01
721,BBA Global Business Systems Management,LC0200A,LC0200A,10862,T02
721,BBA Global Business Systems Management,LC0200A,CB2300,12534,S03
721,BBA Global Business Systems Management,LC0200A,CB2500,15598,T08
722,BBA Global Business Systems Management,LC0200A,LC0200A,10887,T19
722,BBA Global Business Systems Management,LC0200A,CB2300,12588,SA2
722,BBA Global Business Systems Management,LC0200A,CB2500,13323,CA1
722,BBA Global Business Systems Management,LC0200A,CB2201,14827,C06
722,BBA Global Business Systems Management,LC0200A,CB2500,15289,TA1
723,BBA Global Business Systems Management,LC0200A,CB2201,10341,C03
723,BBA Global Business Systems Management,LC0200A,CB2500,10624,C01
723,BBA Global Business Systems Management,LC0200A,LC0200A,10888,T20
723,BBA Global Business Systems Management,LC0200A,CB2300,12588,SA2
723,BBA Global Business Systems Management,LC0200A,CB2500,15287,T06
724,BBA Global Business Systems Management,LC0200A,CB2500,10624,C01
724,BBA Global Business Systems Management,LC0200A,LC0200A,11030,T31
724,BBA Global Business Systems Management,LC0200A,CB2300,12534,S03
724,BBA Global Business Systems Management,LC0200A,CB2201,14828,C07
724,BBA Global Business Systems Management,LC0200A,CB2500,15288,T07
725,BBA Global Business Systems Management,LC0200A,CB2500,10625,C02
725,BBA Global Business Systems Management,LC0200A,CB2201,10678,C05
725,BBA Global Business Systems Management,LC0200A,LC0200A,10890,T22
725,BBA Global Business Systems Management,LC0200A,CB2300,12536,S05
725,BBA Global Business Systems Management,LC0200A,CB2500,15285,T04
726,BBA Global Business Systems Management,LC0200A,CB2201,10341,C03
726,BBA Global Business Systems Management,LC0200A,CB2500,10624,C01
726,BBA Global Business Systems Management,LC0200A,LC0200A,10881,T12
726,BBA Global Business Systems Management,LC0200A,CB2300,12588,SA2
726,BBA Global Business Systems Management,LC0200A,CB2500,15288,T07
727,BBA Global Business Systems Management,LC0200A,CB2201,10339,C01
727,BBA Global Business Systems Management,LC0200A,CB2500,10625,C02
727,BBA Global Business Systems Management,LC0200A,LC0200A,10864,T04
727,BBA Global Business Systems Management,LC0200A,CB2300,12534,S03
727,BBA Global Business Systems Management,LC0200A,CB2500,15282,T01
728,BBA Global Business Systems Management,LC0200A,CB2201,10339,C01
728,BBA Global Business Systems Management,LC0200A,CB2500,10624,C01
728,BBA Global Business Systems Management,LC0200A,LC0200A,10862,T02
728,BBA Global Business Systems Management,LC0200A,CB2300,12534,S03
728,BBA Global Business Systems Management,LC0200A,CB2500,15598,T08
729,BBA Global Business Systems Management,LC0200A,CB2201,10339,C01
729,BBA Global Business Systems Management,LC0200A,CB2500,10625,C02
729,BBA Global Business Systems Management,LC0200A,LC0200A,10864,T04
729,BBA Global Business Systems Management,LC0200A,CB2300,12534,S03
729,BBA Global Business Systems Management,LC0200A,CB2500,15282,T01
730,BBA Global Business Systems Management,LC0200A,CB2500,10624,C01
730,BBA Global Business Systems Management,LC0200A,LC0200A,11976,T37
730,BBA Global Business Systems Management,LC0200A,CB2300,12534,S03
730,BBA Global Business Systems Management,LC0200A,CB2201,14828,C07
730,BBA Global Business Systems Management,LC0200A,CB2500,15288,T07
731,BBA Global Business Systems Management,LC0200A,CB2500,10624,C01
731,BBA Global Business Systems Management,LC0200A,LC0200A,10862,T02
731,BBA Global Business Systems Management,LC0200A,CB2300,12534,S03
731,BBA Global Business Systems Management,LC0200A,CB2201,13198,CF1
731,BBA Global Business Systems Management,LC0200A,CB2500,15598,T08
732,BBA Global Business Systems Management,LC0200A,CB2500,10624,C01
732,BBA Global Business Systems Management,LC0200A,LC0200A,11976,T37
732,BBA Global Business Systems Management,LC0200A,CB2300,12534,S03
732,BBA Global Business Systems Management,LC0200A,CB2201,14828,C07
732,BBA Global Business Systems Management,LC0200A,CB2500,15288,T07
733,BBA Global Business Systems Management,LC0200A,CB2500,10624,C01
733,BBA Global Business Systems Management,LC0200A,LC0200A,11030,T31
733,BBA Global Business Systems Management,LC0200A,CB2300,12534,S03
733,BBA Global Business Systems Management,LC0200A,CB2201,14828,C07
733,BBA Global Business Systems Management,LC0200A,CB2500,15288,T07
734,BBA Global Business Systems Management,LC0200A,CB2500,10624,C01
734,BBA Global Business Systems Management,LC0200A,LC0200A,11976,T37
734,BBA Global Business Systems Management,LC0200A,CB2300,12534,S03
734,BBA Global Business Systems Management,LC0200A,CB2201,14828,C07
734,BBA Global Business Systems Management,LC0200A,CB2500,15288,T07
735,BBA Global Business Systems Management,LC0200A,CB2201,10339,C01
735,BBA Global Business Systems Management,LC0200A,CB2500,10625,C02
735,BBA Global Business Systems Management,LC0200A,LC0200A,10864,T04
735,BBA Global Business Systems Management,LC0200A,CB2300,12534,S03
735,BBA Global Business Systems Management,LC0200A,CB2500,15282,T01
736,BBA Global Business Systems Management,LC0200A,CB2500,10624,C01
736,BBA Global Business Systems Management,LC0200A,LC0200A,10864,T04
736,BBA Global Business Systems Management,LC0200A,CB2300,12535,S04
736,BBA Global Business Systems Management,LC0200A,CB2201,14827,C06
736,BBA Global Business Systems Management,LC0200A,CB2500,15283,T02
737,BBA Global Business Systems Management,LC0200A,CB2500,10624,C01
737,BBA Global Business Systems Management,LC0200A,LC0200A,11976,T37
737,BBA Global Business Systems Management,LC0200A,CB2300,12534,S03
737,BBA Global Business Systems Management,LC0200A,CB2201,14828,C07
737,BBA Global Business Systems Management,LC0200A,CB2500,15288,T07
738,BBA Global Business Systems Management,LC0200A,CB2500,10624,C01
738,BBA Global Business Systems Management,LC0200A,LC0200A,11976,T37
738,BBA Global Business Systems Management,LC0200A,CB2300,12534,S03
738,BBA Global Business Systems Management,LC0200A,CB2201,14828,C07
738,BBA Global Business Systems Management,LC0200A,CB2500,15288,T07
739,BBA Global Business Systems Management,LC0200A,CB2201,10339,C01
739,BBA Global Business Systems Management,LC0200A,CB2500,10624,C01
739,BBA Global Business Systems Management,LC0200A,LC0200A,10862,T02
739,BBA Global Business Systems Management,LC0200A,CB2300,12534,S03
739,BBA Global Business Systems Management,LC0200A,CB2500,15598,T08
740,BBA Global Business Systems Management,LC0200A,CB2500,10625,C02
740,BBA Global Business Systems Management,LC0200A,CB2201,10678,C05
740,BBA Global Business Systems Management,LC0200A,LC0200A,10890,T22
740,BBA Global Business Systems Management,LC0200A,CB2300,12536,S05
740,BBA Global Business Systems Management,LC0200A,CB2500,15285,T04
741,BBA Global Business Systems Management,LC0200A,CB2500,10624,C01
741,BBA Global Business Systems Management,LC0200A,CB2201,14827,C06
741,BBA Global Business Systems Management,LC0200A,CB2300,14900,SC4
741,BBA Global Business Systems Management,LC0200A,LC0200A,14950,T18
741,BBA Global Business Systems Management,LC0200A,CB2500,15283,T02
742,BBA Global Business Systems Management,LC0200A,CB2500,10624,C01
742,BBA Global Business Systems Management,LC0200A,LC0200A,11030,T31
742,BBA Global Business Systems Management,LC0200A,CB2300,12534,S03
742,BBA Global Business Systems Management,LC0200A,CB2201,14828,C07
742,BBA Global Business Systems Management,LC0200A,CB2500,15288,T07
743,BBA Global Business Systems Management,LC0200A,CB2201,10339,C01
743,BBA Global Business Systems Management,LC0200A,CB2500,10624,C01
743,BBA Global Business Systems Management,LC0200A,LC0200A,10862,T02
743,BBA Global Business Systems Management,LC0200A,CB2300,12534,S03
743,BBA Global Business Systems Management,LC0200A,CB2500,15598,T08
744,BBA Global Business Systems Management,LC0200A,CB2500,10624,C01
744,BBA Global Business Systems Management,LC0200A,CB2300,13959,SB4
744,BBA Global Business Systems Management,LC0200A,CB2201,14827,C06
744,BBA Global Business Systems Management,LC0200A,LC0200A,14950,T18
744,BBA Global Business Systems Management,LC0200A,CB2500,15283,T02
745,BBA Global Business Systems Management,LC0200A,CB2201,10341,C03
745,BBA Global Business Systems Management,LC0200A,CB2500,10624,C01
745,BBA Global Business Systems Management,LC0200A,LC0200A,10881,T12
745,BBA Global Business Systems Management,LC0200A,CB2300,12588,SA2
745,BBA Global Business Systems Management,LC0200A,CB2500,15288,T07
746,BBA Artificial Intelligence in Business,GE1401,CB2400,10403,CA1
746,BBA Artificial Intelligence in Business,GE1401,CB2500,10624,C01
746,BBA Artificial Intelligence in Business,GE1401,GE1401,10723,T56
746,BBA Artificial Intelligence in Business,GE1401,CB2201,10792,C04
746,BBA Artificial Intelligence in Business,GE1401,CB2500,15283,T02
747,BBA Artificial Intelligence in Business,GE1401,CB2500,10624,C01
747,BBA Artificial Intelligence in Business,GE1401,GE1401,10718,T50
747,BBA Artificial Intelligence in Business,GE1401,CB2400,12538,C04
747,BBA Artificial Intelligence in Business,GE1401,CB2201,14828,C07
747,BBA Artificial Intelligence in Business,GE1401,CB2500,15288,T07
748,BBA Artificial Intelligence in Business,GE1401,CB2500,10624,C01
748,BBA Artificial Intelligence in Business,GE1401,GE1401,10680,T03
748,BBA Artificial Intelligence in Business,GE1401,CB2400,12538,C04
748,BBA Artificial Intelligence in Business,GE1401,CB2201,14828,C07
748,BBA Artificial Intelligence in Business,GE1401,CB2500,15598,T08
749,BBA Artificial Intelligence in Business,GE1401,CB2500,10624,C01
749,BBA Artificial Intelligence in Business,GE1401,CB2201,10678,C05
749,BBA Artificial Intelligence in Business,GE1401,CB2400,10839,CB1
749,BBA Artificial Intelligence in Business,GE1401,GE1401,11503,T89
749,BBA Artificial Intelligence in Business,GE1401,CB2500,15283,T02
750,BBA Artificial Intelligence in Business,GE1401,CB2400,10235,C02
750,BBA Artificial Intelligence in Business,GE1401,CB2201,10341,C03
750,BBA Artificial Intelligence in Business,GE1401,GE1401,10714,T43
750,BBA Artificial Intelligence in Business,GE1401,CB2500,13323,CA1
750,BBA Artificial Intelligence in Business,GE1401,CB2500,15289,TA1
751,BBA Artificial Intelligence in Business,GE1401,CB2400,10180,C01
751,BBA Artificial Intelligence in Business,GE1401,CB2201,10339,C01
751,BBA Artificial Intelligence in Business,GE1401,CB2500,10624,C01
751,BBA Artificial Intelligence in Business,GE1401,GE1401,10728,T61
751,BBA Artificial Intelligence in Business,GE1401,CB2500,15285,T04
752,BBA Artificial Intelligence in Business,GE1401,CB2500,10624,C01
752,BBA Artificial Intelligence in Business,GE1401,CB2201,10678,C05
752,BBA Artificial Intelligence in Business,GE1401,GE1401,12121,T33
752,BBA Artificial Intelligence in Business,GE1401,CB2400,12538,C04
752,BBA Artificial Intelligence in Business,GE1401,CB2500,15283,T02
753,BBA Artificial Intelligence in Business,GE1401,CB2400,10180,C01
753,BBA Artificial Intelligence in Business,GE1401,CB2201,10339,C01
753,BBA Artificial Intelligence in Business,GE1401,CB2500,10624,C01
753,BBA Artificial Intelligence in Business,GE1401,GE1401,10728,T61
753,BBA Artificial Intelligence in Business,GE1401,CB2500,15285,T04
754,BBA Artificial Intelligence in Business,GE1401,CB2400,10180,C01
754,BBA Artificial Intelligence in Business,GE1401,CB2500,10624,C01
754,BBA Artificial Intelligence in Business,GE1401,CB2201,10792,C04
754,BBA Artificial Intelligence in Business,GE1401,CB2500,15598,T08
754,BBA Artificial Intelligence in Business,GE1401,GE1401,15603,T73
755,BBA Artificial Intelligence in Business,GE1401,CB2500,10624,C01
755,BBA Artificial Intelligence in Business,GE1401,GE1401,10680,T03
755,BBA Artificial Intelligence in Business,GE1401,CB2400,12538,C04
755,BBA Artificial Intelligence in Business,GE1401,CB2201,14828,C07
755,BBA Artificial Intelligence in Business,GE1401,CB2500,15598,T08
756,BBA Artificial Intelligence in Business,GE1401,CB2400,10235,C02
756,BBA Artificial Intelligence in Business,GE1401,CB2201,10339,C01
756,BBA Artificial Intelligence in Business,GE1401,CB2500,10625,C02
756,BBA Artificial Intelligence in Business,GE1401,GE1401,13577,TB6
756,BBA Artificial Intelligence in Business,GE1401,CB2500,15288,T07
757,BBA Artificial Intelligence in Business,GE1401,CB2400,10403,CA1
757,BBA Artificial Intelligence in Business,GE1401,CB2500,10624,C01
757,BBA Artificial Intelligence in Business,GE1401,GE1401,10723,T56
757,BBA Artificial Intelligence in Business,GE1401,CB2201,10792,C04
757,BBA Artificial Intelligence in Business,GE1401,CB2500,15283,T02
758,BBA Artificial Intelligence in Business,GE1401,CB2400,10180,C01
758,BBA Artificial Intelligence in Business,GE1401,CB2201,10339,C01
758,BBA Artificial Intelligence in Business,GE1401,CB2500,10624,C01
758,BBA Artificial Intelligence in Business,GE1401,GE1401,11507,T80
758,BBA Artificial Intelligence in Business,GE1401,CB2500,15285,T04
759,BBA Artificial Intelligence in Business,GE1401,CB2500,10624,C01
759,BBA Artificial Intelligence in Business,GE1401,CB2201,10678,C05
759,BBA Artificial Intelligence in Business,GE1401,GE1401,12121,T33
759,BBA Artificial Intelligence in Business,GE1401,CB2400,12538,C04
759,BBA Artificial Intelligence in Business,GE1401,CB2500,15283,T02
760,BBA Artificial Intelligence in Business,GE1401,CB2500,10624,C01
760,BBA Artificial Intelligence in Business,GE1401,CB2201,10678,C05
760,BBA Artificial Intelligence in Business,GE1401,GE1401,12121,T33
760,BBA Artificial Intelligence in Business,GE1401,CB2400,12538,C04
760,BBA Artificial Intelligence in Business,GE1401,CB2500,15283,T02
761,BBA Artificial Intelligence in Business,GE1401,CB2500,10625,C02
761,BBA Artificial Intelligence in Business,GE1401,CB2201,10678,C05
761,BBA Artificial Intelligence in Business,GE1401,GE1401,10721,T54
761,BBA Artificial Intelligence in Business,GE1401,CB2400,10840,CB2
761,BBA Artificial Intelligence in Business,GE1401,CB2500,15287,T06
762,BBA Artificial Intelligence in Business,GE1401,CB2400,10180,C01
762,BBA Artificial Intelligence in Business,GE1401,CB2201,10339,C01
762,BBA Artificial Intelligence in Business,GE1401,CB2500,10624,C01
762,BBA Artificial Intelligence in Business,GE1401,GE1401,12121,T33
762,BBA Artificial Intelligence in Business,GE1401,CB2500,15598,T08
763,BBA Artificial Intelligence in Business,GE1401,CB2400,10180,C01
763,BBA Artificial Intelligence in Business,GE1401,CB2500,10624,C01
763,BBA Artificial Intelligence in Business,GE1401,CB2201,10792,C04
763,BBA Artificial Intelligence in Business,GE1401,CB2500,15598,T08
763,BBA Artificial Intelligence in Business,GE1401,GE1401,15603,T73
764,BBA Artificial Intelligence in Business,GE1401,CB2201,10341,C03
764,BBA Artificial Intelligence in Business,GE1401,CB2400,10839,CB1
764,BBA Artificial Intelligence in Business,GE1401,GE1401,13263,T92
764,BBA Artificial Intelligence in Business,GE1401,CB2500,13323,CA1
764,BBA Artificial Intelligence in Business,GE1401,CB2500,15289,TA1
765,BBA Artificial Intelligence in Business,GE1401,CB2400,10235,C02
765,BBA Artificial Intelligence in Business,GE1401,CB2201,10341,C03
765,BBA Artificial Intelligence in Business,GE1401,GE1401,10714,T43
765,BBA Artificial Intelligence in Business,GE1401,CB2500,13323,CA1
765,BBA Artificial Intelligence in Business,GE1401,CB2500,15289,TA1
766,BBA Artificial Intelligence in Business,GE1401,CB2400,10180,C01
766,BBA Artificial Intelligence in Business,GE1401,CB2201,10339,C01
766,BBA Artificial Intelligence in Business,GE1401,CB2500,10624,C01
766,BBA Artificial Intelligence in Business,GE1401,GE1401,12121,T33
766,BBA Artificial Intelligence in Business,GE1401,CB2500,15598,T08
767,BBA Artificial Intelligence in Business,GE1401,CB2400,10403,CA1
767,BBA Artificial Intelligence in Business,GE1401,CB2500,10624,C01
767,BBA Artificial Intelligence in Business,GE1401,GE1401,10727,T60
767,BBA Artificial Intelligence in Business,GE1401,CB2201,10792,C04
767,BBA Artificial Intelligence in Business,GE1401,CB2500,15283,T02
768,BBA Artificial Intelligence in Business,GE1401,CB2400,10180,C01
768,BBA Artificial Intelligence in Business,GE1401,CB2201,10339,C01
768,BBA Artificial Intelligence in Business,GE1401,CB2500,10624,C01
768,BBA Artificial Intelligence in Business,GE1401,GE1401,12121,T33
768,BBA Artificial Intelligence in Business,GE1401,CB2500,15598,T08
769,BBA Artificial Intelligence in Business,GE1401,CB2400,10235,C02
769,BBA Artificial Intelligence in Business,GE1401,CB2201,10341,C03
769,BBA Artificial Intelligence in Business,GE1401,CB2500,13323,CA1
769,BBA Artificial Intelligence in Business,GE1401,CB2500,15289,TA1
769,BBA Artificial Intelligence in Business,GE1401,GE1401,15602,T58
770,BBA Artificial Intelligence in Business,GE1401,CB2400,10235,C02
770,BBA Artificial Intelligence in Business,GE1401,CB2201,10341,C03
770,BBA Artificial Intelligence in Business,GE1401,GE1401,12734,T71
770,BBA Artificial Intelligence in Business,GE1401,CB2500,13323,CA1
770,BBA Artificial Intelligence in Business,GE1401,CB2500,15289,TA1
771,BBA Artificial Intelligence in Business,GE1401,CB2400,10180,C01
771,BBA Artificial Intelligence in Business,GE1401,CB2201,10339,C01
771,BBA Artificial Intelligence in Business,GE1401,CB2500,10624,C01
771,BBA Artificial Intelligence in Business,GE1401,GE1401,12121,T33
771,BBA Artificial Intelligence in Business,GE1401,CB2500,15598,T08
772,BBA Artificial Intelligence in Business,GE1401,CB2500,10624,C01
772,BBA Artificial Intelligence in Business,GE1401,GE1401,10689,T12
772,BBA Artificial Intelligence in Business,GE1401,CB2400,10839,CB1
772,BBA Artificial Intelligence in Business,GE1401,CB2201,14828,C07
772,BBA Artificial Intelligence in Business,GE1401,CB2500,15288,T07
773,BBA Artificial Intelligence in Business,GE1401,CB2201,10341,C03
773,BBA Artificial Intelligence in Business,GE1401,CB2400,10839,CB1
773,BBA Artificial Intelligence in Business,GE1401,GE1401,13263,T92
773,BBA Artificial Intelligence in Business,GE1401,CB2500,13323,CA1
773,BBA Artificial Intelligence in Business,GE1401,CB2500,15289,TA1
774,BBA Artificial Intelligence in Business,GE1401,CB2500,10624,C01
774,BBA Artificial Intelligence in Business,GE1401,GE1401,10680,T03
774,BBA Artificial Intelligence in Business,GE1401,CB2400,12538,C04
774,BBA Artificial Intelligence in Business,GE1401,CB2201,14828,C07
774,BBA Artificial Intelligence in Business,GE1401,CB2500,15598,T08
775,BBA Artificial Intelligence in Business,GE1401,CB2400,10180,C01
775,BBA Artificial Intelligence in Business,GE1401,CB2201,10339,C01
775,BBA Artificial Intelligence in Business,GE1401,CB2500,10624,C01
775,BBA Artificial Intelligence in Business,GE1401,GE1401,12121,T33
775,BBA Artificial Intelligence in Business,GE1401,CB2500,15598,T08
776,BBA Artificial Intelligence in Business,GE1401,CB2201,10341,C03
776,BBA Artificial Intelligence in Business,GE1401,CB2500,10624,C01
776,BBA Artificial Intelligence in Business,GE1401,GE1401,10704,T29
776,BBA Artificial Intelligence in Business,GE1401,CB2400,10839,CB1
776,BBA Artificial Intelligence in Business,GE1401,CB2500,15287,T06
777,BBA Artificial Intelligence in Business,GE1401,CB2500,10625,C02
777,BBA Artificial Intelligence in Business,GE1401,CB2201,10678,C05
777,BBA Artificial Intelligence in Business,GE1401,GE1401,10721,T54
777,BBA Artificial Intelligence in Business,GE1401,CB2400,10840,CB2
777,BBA Artificial Intelligence in Business,GE1401,CB2500,15287,T06
778,BBA Artificial Intelligence in Business,GE1401,CB2400,10180,C01
778,BBA Artificial Intelligence in Business,GE1401,CB2201,10339,C01
778,BBA Artificial Intelligence in Business,GE1401,CB2500,10624,C01
778,BBA Artificial Intelligence in Business,GE1401,GE1401,11507,T80
778,BBA Artificial Intelligence in Business,GE1401,CB2500,15285,T04
779,BBA Artificial Intelligence in Business,LC0200A,CB2400,10180,C01
779,BBA Artificial Intelligence in Business,LC0200A,CB2500,10624,C01
779,BBA Artificial Intelligence in Business,LC0200A,CB2201,10792,C04
779,BBA Artificial Intelligence in Business,LC0200A,LC0200A,11170,T32
779,BBA Artificial Intelligence in Business,LC0200A,CB2500,15598,T08
780,BBA Artificial Intelligence in Business,LC0200A,CB2400,10180,C01
780,BBA Artificial Intelligence in Business,LC0200A,CB2500,10624,C01
780,BBA Artificial Intelligence in Business,LC0200A,CB2201,10792,C04
780,BBA Artificial Intelligence in Business,LC0200A,LC0200A,10883,T14
780,BBA Artificial Intelligence in Business,LC0200A,CB2500,15283,T02
781,BBA Artificial Intelligence in Business,LC0200A,CB2500,10624,C01
781,BBA Artificial Intelligence in Business,LC0200A,LC0200A,10877,T08
781,BBA Artificial Intelligence in Business,LC0200A,CB2400,12538,C04
781,BBA Artificial Intelligence in Business,LC0200A,CB2201,14828,C07
781,BBA Artificial Intelligence in Business,LC0200A,CB2500,15288,T07
782,BBA Artificial Intelligence in Business,LC0200A,CB2400,10180,C01
782,BBA Artificial Intelligence in Business,LC0200A,CB2500,10624,C01
782,BBA Artificial Intelligence in Business,LC0200A,CB2201,10792,C04
782,BBA Artificial Intelligence in Business,LC0200A,LC0200A,10883,T14
782,BBA Artificial Intelligence in Business,LC0200A,CB2500,15283,T02
783,BBA Artificial Intelligence in Business,LC0200A,CB2201,10339,C01
783,BBA Artificial Intelligence in Business,LC0200A,CB2500,10625,C02
783,BBA Artificial Intelligence in Business,LC0200A,CB2400,10840,CB2
783,BBA Artificial Intelligence in Business,LC0200A,LC0200A,10841,T01
783,BBA Artificial Intelligence in Business,LC0200A,CB2500,15287,T06
784,BBA Artificial Intelligence in Business,LC0200A,CB2201,10339,C01
784,BBA Artificial Intelligence in Business,LC0200A,CB2500,10625,C02
784,BBA Artificial Intelligence in Business,LC0200A,CB2400,10840,CB2
784,BBA Artificial Intelligence in Business,LC0200A,LC0200A,10881,T12
784,BBA Artificial Intelligence in Business,LC0200A,CB2500,15285,T04
785,BBA Artificial Intelligence in Business,LC0200A,CB2500,10624,C01
785,BBA Artificial Intelligence in Business,LC0200A,CB2201,10678,C05
785,BBA Artificial Intelligence in Business,LC0200A,CB2400,10840,CB2
785,BBA Artificial Intelligence in Business,LC0200A,LC0200A,10864,T04
785,BBA Artificial Intelligence in Business,LC0200A,CB2500,15287,T06
786,BBA Artificial Intelligence in Business,LC0200A,CB2400,10180,C01
786,BBA Artificial Intelligence in Business,LC0200A,CB2500,10624,C01
786,BBA Artificial Intelligence in Business,LC0200A,CB2201,10792,C04
786,BBA Artificial Intelligence in Business,LC0200A,LC0200A,11173,T33
786,BBA Artificial Intelligence in Business,LC0200A,CB2500,15598,T08
787,BBA Artificial Intelligence in Business,LC0200A,CB2500,10624,C01
787,BBA Artificial Intelligence in Business,LC0200A,LC0200A,10877,T08
787,BBA Artificial Intelligence in Business,LC0200A,CB2400,12538,C04
787,BBA Artificial Intelligence in Business,LC0200A,CB2201,14828,C07
787,BBA Artificial Intelligence in Business,LC0200A,CB2500,15288,T07
788,BBA Artificial Intelligence in Business,LC0200A,CB2400,10180,C01
788,BBA Artificial Intelligence in Business,LC0200A,CB2500,10624,C01
788,BBA Artificial Intelligence in Business,LC0200A,CB2201,10792,C04
788,BBA Artificial Intelligence in Business,LC0200A,LC0200A,10883,T14
788,BBA Artificial Intelligence in Business,LC0200A,CB2500,15283,T02
789,BBA Artificial Intelligence in Business,LC0200A,CB2500,10624,C01
789,BBA Artificial Intelligence in Business,LC0200A,CB2201,10678,C05
789,BBA Artificial Intelligence in Business,LC0200A,LC0200A,10863,T03
789,BBA Artificial Intelligence in Business,LC0200A,CB2400,12538,C04
789,BBA Artificial Intelligence in Business,LC0200A,CB2500,15283,T02
790,BBA Artificial Intelligence in Business,LC0200A,CB2500,10624,C01
790,BBA Artificial Intelligence in Business,LC0200A,LC0200A,10880,T11
790,BBA Artificial Intelligence in Business,LC0200A,CB2400,12538,C04
790,BBA Artificial Intelligence in Business,LC0200A,CB2201,14826,CE1
790,BBA Artificial Intelligence in Business,LC0200A,CB2500,15287,T06
791,BBA Artificial Intelligence in Business,LC0200A,CB2400,10180,C01
791,BBA Artificial Intelligence in Business,LC0200A,CB2500,10624,C01
791,BBA Artificial Intelligence in Business,LC0200A,CB2201,10792,C04
791,BBA Artificial Intelligence in Business,LC0200A,LC0200A,10886,T17
791,BBA Artificial Intelligence in Business,LC0200A,CB2500,15598,T08
792,BBA Artificial Intelligence in Business,LC0200A,CB2201,10339,C01
792,BBA Artificial Intelligence in Business,LC0200A,CB2500,10625,C02
792,BBA Artificial Intelligence in Business,LC0200A,CB2400,10840,CB2
792,BBA Artificial Intelligence in Business,LC0200A,LC0200A,10841,T01
792,BBA Artificial Intelligence in Business,LC0200A,CB2500,15287,T06
793,BBA Artificial Intelligence in Business,LC0200A,CB2201,10339,C01
793,BBA Artificial Intelligence in Business,LC0200A,CB2500,10625,C02
793,BBA Artificial Intelligence in Business,LC0200A,CB2400,10840,CB2
793,BBA Artificial Intelligence in Business,LC0200A,LC0200A,10881,T12
793,BBA Artificial Intelligence in Business,LC0200A,CB2500,15285,T04
794,BBA Business Decision Analytics,GE1401,CB2201,10339,C01
794,BBA Business Decision Analytics,GE1401,CB2500,10624,C01
794,BBA Business Decision Analytics,GE1401,GE1401,10684,T07
794,BBA Business Decision Analytics,GE1401,CB2400,10839,CB1
794,BBA Business Decision Analytics,GE1401,CB2500,15287,T06
795,BBA Business Decision Analytics,GE1401,CB2400,10235,C02
795,BBA Business Decision Analytics,GE1401,CB2201,10341,C03
795,BBA Business Decision Analytics,GE1401,GE1401,12734,T71
795,BBA Business Decision Analytics,GE1401,CB2500,13323,CA1
795,BBA Business Decision Analytics,GE1401,CB2500,15289,TA1
796,BBA Business Decision Analytics,GE1401,CB2201,10339,C01
796,BBA Business Decision Analytics,GE1401,CB2500,10624,C01
796,BBA Business Decision Analytics,GE1401,GE1401,10684,T07
796,BBA Business Decision Analytics,GE1401,CB2400,10839,CB1
796,BBA Business Decision Analytics,GE1401,CB2500,15287,T06
797,BBA Business Decision Analytics,GE1401,CB2201,10341,C03
797,BBA Business Decision Analytics,GE1401,CB2400,10839,CB1
797,BBA Business Decision Analytics,GE1401,GE1401,13263,T92
797,BBA Business Decision Analytics,GE1401,CB2500,13323,CA1
797,BBA Business Decision Analytics,GE1401,CB2500,15289,TA1
798,BBA Business Decision Analytics,GE1401,CB2500,10624,C01
798,BBA Business Decision Analytics,GE1401,CB2201,10678,C05
798,BBA Business Decision Analytics,GE1401,CB2400,13315,CB3
798,BBA Business Decision Analytics,GE1401,GE1401,13576,TB5
798,BBA Business Decision Analytics,GE1401,CB2500,15285,T04
799,BBA Business Decision Analytics,GE1401,CB2500,10624,C01
799,BBA Business Decision Analytics,GE1401,GE1401,10680,T03
799,BBA Business Decision Analytics,GE1401,CB2400,12538,C04
799,BBA Business Decision Analytics,GE1401,CB2201,14828,C07
799,BBA Business Decision Analytics,GE1401,CB2500,15598,T08
800,BBA Business Decision Analytics,GE1401,CB2400,10180,C01
800,BBA Business Decision Analytics,GE1401,CB2201,10339,C01
800,BBA Business Decision Analytics,GE1401,CB2500,10624,C01
800,BBA Business Decision Analytics,GE1401,GE1401,11491,T69
800,BBA Business Decision Analytics,GE1401,CB2500,15285,T04
801,BBA Business Decision Analytics,GE1401,CB2201,10339,C01
801,BBA Business Decision Analytics,GE1401,CB2500,10624,C01
801,BBA Business Decision Analytics,GE1401,GE1401,10684,T07
801,BBA Business Decision Analytics,GE1401,CB2400,10839,CB1
801,BBA Business Decision Analytics,GE1401,CB2500,15287,T06
802,BBA Business Decision Analytics,GE1401,CB2500,10624,C01
802,BBA Business Decision Analytics,GE1401,GE1401,10680,T03
802,BBA Business Decision Analytics,GE1401,CB2400,12538,C04
802,BBA Business Decision Analytics,GE1401,CB2201,14828,C07
802,BBA Business Decision Analytics,GE1401,CB2500,15598,T08
803,BBA Business Decision Analytics,GE1401,CB2500,10624,C01
803,BBA Business Decision Analytics,GE1401,CB2201,10678,C05
803,BBA Business Decision Analytics,GE1401,CB2400,10839,CB1
803,BBA Business Decision Analytics,GE1401,GE1401,11503,T89
803,BBA Business Decision Analytics,GE1401,CB2500,15283,T02
804,BBA Business Decision Analytics,GE1401,CB2500,10624,C01
804,BBA Business Decision Analytics,GE1401,GE1401,10680,T03
804,BBA Business Decision Analytics,GE1401,CB2400,12538,C04
804,BBA Business Decision Analytics,GE1401,CB2201,14828,C07
804,BBA Business Decision Analytics,GE1401,CB2500,15598,T08
805,BBA Business Decision Analytics,GE1401,CB2500,10624,C01
805,BBA Business Decision Analytics,GE1401,CB2201,10678,C05
805,BBA Business Decision Analytics,GE1401,GE1401,10730,T64
805,BBA Business Decision Analytics,GE1401,CB2400,10840,CB2
805,BBA Business Decision Analytics,GE1401,CB2500,15288,T07
806,BBA Business Decision Analytics,GE1401,CB2500,10624,C01
806,BBA Business Decision Analytics,GE1401,CB2201,10678,C05
806,BBA Business Decision Analytics,GE1401,GE1401,10717,T48
806,BBA Business Decision Analytics,GE1401,CB2400,10840,CB2
806,BBA Business Decision Analytics,GE1401,CB2500,15288,T07
807,BBA Business Decision Analytics,GE1401,CB2500,10624,C01
807,BBA Business Decision Analytics,GE1401,GE1401,10680,T03
807,BBA Business Decision Analytics,GE1401,CB2400,12538,C04
807,BBA Business Decision Analytics,GE1401,CB2201,14828,C07
807,BBA Business Decision Analytics,GE1401,CB2500,15598,T08
808,BBA Business Decision Analytics,GE1401,CB2201,10341,C03
808,BBA Business Decision Analytics,GE1401,CB2400,10839,CB1
808,BBA Business Decision Analytics,GE1401,CB2500,13323,CA1
808,BBA Business Decision Analytics,GE1401,GE1401,15205,TC5
808,BBA Business Decision Analytics,GE1401,CB2500,15289,TA1
809,BBA Business Decision Analytics,GE1401,CB2400,10180,C01
809,BBA Business Decision Analytics,GE1401,CB2201,10339,C01
809,BBA Business Decision Analytics,GE1401,CB2500,10624,C01
809,BBA Business Decision Analytics,GE1401,GE1401,11507,T80
809,BBA Business Decision Analytics,GE1401,CB2500,15285,T04
810,BBA Business Decision Analytics,GE1401,CB2400,10403,CA1
810,BBA Business Decision Analytics,GE1401,CB2500,10624,C01
810,BBA Business Decision Analytics,GE1401,GE1401,10727,T60
810,BBA Business Decision Analytics,GE1401,CB2201,10792,C04
810,BBA Business Decision Analytics,GE1401,CB2500,15283,T02
811,BBA Business Decision Analytics,GE1401,CB2500,10624,C01
811,BBA Business Decision Analytics,GE1401,CB2201,10678,C05
811,BBA Business Decision Analytics,GE1401,CB2400,10839,CB1
811,BBA Business Decision Analytics,GE1401,GE1401,11503,T89
811,BBA Business Decision Analytics,GE1401,CB2500,15283,T02
812,BBA Business Decision Analytics,GE1401,CB2201,10339,C01
812,BBA Business Decision Analytics,GE1401,CB2500,10624,C01
812,BBA Business Decision Analytics,GE1401,GE1401,10681,T04
812,BBA Business Decision Analytics,GE1401,CB2400,10839,CB1
812,BBA Business Decision Analytics,GE1401,CB2500,15287,T06
813,BBA Business Decision Analytics,GE1401,CB2500,10624,C01
813,BBA Business Decision Analytics,GE1401,CB2201,10678,C05
813,BBA Business Decision Analytics,GE1401,GE1401,10679,T02
813,BBA Business Decision Analytics,GE1401,CB2400,12538,C04
813,BBA Business Decision Analytics,GE1401,CB2500,15598,T08
814,BBA Business Decision Analytics,GE1401,CB2201,10341,C03
814,BBA Business Decision Analytics,GE1401,CB2400,10839,CB1
814,BBA Business Decision Analytics,GE1401,CB2500,13323,CA1
814,BBA Business Decision Analytics,GE1401,GE1401,15205,TC5
814,BBA Business Decision Analytics,GE1401,CB2500,15289,TA1
815,BBA Business Decision Analytics,GE1401,CB2400,10235,C02
815,BBA Business Decision Analytics,GE1401,CB2201,10341,C03
815,BBA Business Decision Analytics,GE1401,GE1401,10714,T43
815,BBA Business Decision Analytics,GE1401,CB2500,13323,CA1
815,BBA Business Decision Analytics,GE1401,CB2500,15289,TA1
816,BBA Business Decision Analytics,GE1401,CB2500,10624,C01
816,BBA Business Decision Analytics,GE1401,CB2201,10678,C05
816,BBA Business Decision Analytics,GE1401,GE1401,10679,T02
816,BBA Business Decision Analytics,GE1401,CB2400,12538,C04
816,BBA Business Decision Analytics,GE1401,CB2500,15598,T08
817,BBA Business Decision Analytics,GE1401,CB2400,10235,C02
817,BBA Business Decision Analytics,GE1401,CB2201,10339,C01
817,BBA Business Decision Analytics,GE1401,CB2500,10625,C02
817,BBA Business Decision Analytics,GE1401,GE1401,12814,T91
817,BBA Business Decision Analytics,GE1401,CB2500,15288,T07
818,BBA Business Decision Analytics,GE1401,CB2400,10235,C02
818,BBA Business Decision Analytics,GE1401,CB2201,10339,C01
818,BBA Business Decision Analytics,GE1401,CB2500,10625,C02
818,BBA Business Decision Analytics,GE1401,GE1401,11497,T81
818,BBA Business Decision Analytics,GE1401,CB2500,15288,T07
819,BBA Business Decision Analytics,GE1401,CB2201,10341,C03
819,BBA Business Decision Analytics,GE1401,CB2400,10839,CB1
819,BBA Business Decision Analytics,GE1401,GE1401,13263,T92
819,BBA Business Decision Analytics,GE1401,CB2500,13323,CA1
819,BBA Business Decision Analytics,GE1401,CB2500,15289,TA1
820,BBA Business Decision Analytics,GE1401,CB2400,10235,C02
820,BBA Business Decision Analytics,GE1401,CB2201,10341,C03
820,BBA Business Decision Analytics,GE1401,GE1401,12734,T71
820,BBA Business Decision Analytics,GE1401,CB2500,13323,CA1
820,BBA Business Decision Analytics,GE1401,CB2500,15289,TA1
821,BBA Business Decision Analytics,GE1401,CB2201,10340,C02
821,BBA Business Decision Analytics,GE1401,CB2500,10625,C02
821,BBA Business Decision Analytics,GE1401,CB2400,10840,CB2
821,BBA Business Decision Analytics,GE1401,GE1401,13573,TB2
821,BBA Business Decision Analytics,GE1401,CB2500,15285,T04
822,BBA Business Decision Analytics,GE1401,CB2400,10235,C02
822,BBA Business Decision Analytics,GE1401,CB2201,10341,C03
822,BBA Business Decision Analytics,GE1401,GE1401,12734,T71
822,BBA Business Decision Analytics,GE1401,CB2500,13323,CA1
822,BBA Business Decision Analytics,GE1401,CB2500,15289,TA1
823,BBA Business Decision Analytics,GE1401,CB2400,10180,C01
823,BBA Business Decision Analytics,GE1401,CB2500,10624,C01
823,BBA Business Decision Analytics,GE1401,CB2201,10792,C04
823,BBA Business Decision Analytics,GE1401,CB2500,15598,T08
823,BBA Business Decision Analytics,GE1401,GE1401,15603,T73
824,BBA Business Decision Analytics,GE1401,CB2400,10180,C01
824,BBA Business Decision Analytics,GE1401,CB2201,10339,C01
824,BBA Business Decision Analytics,GE1401,CB2500,10624,C01
824,BBA Business Decision Analytics,GE1401,GE1401,11491,T69
824,BBA Business Decision Analytics,GE1401,CB2500,15285,T04
825,BBA Business Decision Analytics,GE1401,CB2500,10624,C01
825,BBA Business Decision Analytics,GE1401,CB2201,10678,C05
825,BBA Business Decision Analytics,GE1401,GE1401,10717,T48
825,BBA Business Decision Analytics,GE1401,CB2400,10840,CB2
825,BBA Business Decision Analytics,GE1401,CB2500,15288,T07
826,BBA Business Decision Analytics,GE1401,CB2400,10180,C01
826,BBA Business Decision Analytics,GE1401,CB2201,10339,C01
826,BBA Business Decision Analytics,GE1401,CB2500,10624,C01
826,BBA Business Decision Analytics,GE1401,GE1401,10728,T61
826,BBA Business Decision Analytics,GE1401,CB2500,15285,T04
827,BBA Business Decision Analytics,GE1401,CB2500,10624,C01
827,BBA Business Decision Analytics,GE1401,GE1401,10680,T03
827,BBA Business Decision Analytics,GE1401,CB2400,12538,C04
827,BBA Business Decision Analytics,GE1401,CB2201,14828,C07
827,BBA Business Decision Analytics,GE1401,CB2500,15598,T08
828,BBA Business Decision Analytics,GE1401,CB2201,10339,C01
828,BBA Business Decision Analytics,GE1401,CB2500,10624,C01
828,BBA Business Decision Analytics,GE1401,GE1401,10684,T07
828,BBA Business Decision Analytics,GE1401,CB2400,10839,CB1
828,BBA Business Decision Analytics,GE1401,CB2500,15287,T06
829,BBA Business Decision Analytics,GE1401,CB2500,10624,C01
829,BBA Business Decision Analytics,GE1401,CB2201,10678,C05
829,BBA Business Decision Analytics,GE1401,GE1401,10717,T48
829,BBA Business Decision Analytics,GE1401,CB2400,10840,CB2
829,BBA Business Decision Analytics,GE1401,CB2500,15288,T07
830,BBA Business Decision Analytics,GE1401,CB2500,10624,C01
830,BBA Business Decision Analytics,GE1401,CB2400,10840,CB2
830,BBA Business Decision Analytics,GE1401,CB2201,14828,C07
830,BBA Business Decision Analytics,GE1401,CB2500,15287,T06
830,BBA Business Decision Analytics,GE1401,GE1401,15603,T73
831,BBA Business Decision Analytics,GE1401,CB2500,10624,C01
831,BBA Business Decision Analytics,GE1401,CB2400,10840,CB2
831,BBA Business Decision Analytics,GE1401,CB2201,14828,C07
831,BBA Business Decision Analytics,GE1401,CB2500,15287,T06
831,BBA Business Decision Analytics,GE1401,GE1401,15603,T73
832,BBA Business Decision Analytics,GE1401,CB2500,10624,C01
832,BBA Business Decision Analytics,GE1401,GE1401,10683,T06
832,BBA Business Decision Analytics,GE1401,CB2400,13315,CB3
832,BBA Business Decision Analytics,GE1401,CB2201,14828,C07
832,BBA Business Decision Analytics,GE1401,CB2500,15283,T02
833,BBA Business Decision Analytics,LC0200A,CB2400,10180,C01
833,BBA Business Decision Analytics,LC0200A,CB2500,10624,C01
833,BBA Business Decision Analytics,LC0200A,CB2201,10792,C04
833,BBA Business Decision Analytics,LC0200A,LC0200A,10886,T17
833,BBA Business Decision Analytics,LC0200A,CB2500,15598,T08
834,BBA Business Decision Analytics,LC0200A,CB2201,10341,C03
834,BBA Business Decision Analytics,LC0200A,CB2400,10404,CA2
834,BBA Business Decision Analytics,LC0200A,LC0200A,10885,T16
834,BBA Business Decision Analytics,LC0200A,CB2500,13323,CA1
834,BBA Business Decision Analytics,LC0200A,CB2500,15289,TA1
835,BBA Business Decision Analytics,LC0200A,CB2500,10625,C02
835,BBA Business Decision Analytics,LC0200A,CB2201,10678,C05
835,BBA Business Decision Analytics,LC0200A,CB2400,10840,CB2
835,BBA Business Decision Analytics,LC0200A,LC0200A,10864,T04
835,BBA Business Decision Analytics,LC0200A,CB2500,15285,T04
836,BBA Business Decision Analytics,LC0200A,CB2500,10624,C01
836,BBA Business Decision Analytics,LC0200A,CB2201,10678,C05
836,BBA Business Decision Analytics,LC0200A,CB2400,10840,CB2
836,BBA Business Decision Analytics,LC0200A,LC0200A,10864,T04
836,BBA Business Decision Analytics,LC0200A,CB2500,15287,T06
837,BBA Business Decision Analytics,LC0200A,CB2500,10624,C01
837,BBA Business Decision Analytics,LC0200A,CB2400,10839,CB1
837,BBA Business Decision Analytics,LC0200A,CB2201,14828,C07
837,BBA Business Decision Analytics,LC0200A,LC0200A,14950,T18
837,BBA Business Decision Analytics,LC0200A,CB2500,15283,T02
838,BBA Business Decision Analytics,LC0200A,CB2500,10625,C02
838,BBA Business Decision Analytics,LC0200A,CB2201,10678,C05
838,BBA Business Decision Analytics,LC0200A,CB2400,10840,CB2
838,BBA Business Decision Analytics,LC0200A,LC0200A,10864,T04
838,BBA Business Decision Analytics,LC0200A,CB2500,15285,T04
839,BBA Business Decision Analytics,LC0200A,CB2201,10339,C01
839,BBA Business Decision Analytics,LC0200A,CB2500,10625,C02
839,BBA Business Decision Analytics,LC0200A,LC0200A,10877,T08
839,BBA Business Decision Analytics,LC0200A,CB2400,12538,C04
839,BBA Business Decision Analytics,LC0200A,CB2500,15285,T04
840,BBA Business Decision Analytics,LC0200A,CB2500,10624,C01
840,BBA Business Decision Analytics,LC0200A,CB2400,10839,CB1
840,BBA Business Decision Analytics,LC0200A,CB2201,14828,C07
840,BBA Business Decision Analytics,LC0200A,LC0200A,14950,T18
840,BBA Business Decision Analytics,LC0200A,CB2500,15283,T02
841,BBA Business Decision Analytics,LC0200A,CB2201,10340,C02
841,BBA Business Decision Analytics,LC0200A,CB2500,10625,C02
841,BBA Business Decision Analytics,LC0200A,CB2400,10840,CB2
841,BBA Business Decision Analytics,LC0200A,LC0200A,10890,T22
841,BBA Business Decision Analytics,LC0200A,CB2500,15287,T06
842,BBA Business Decision Analytics,LC0200A,CB2500,10625,C02
842,BBA Business Decision Analytics,LC0200A,CB2201,10678,C05
842,BBA Business Decision Analytics,LC0200A,CB2400,10840,CB2
842,BBA Business Decision Analytics,LC0200A,LC0200A,10890,T22
842,BBA Business Decision Analytics,LC0200A,CB2500,15285,T04
843,BBA Business Decision Analytics,LC0200A,CB2500,10624,C01
843,BBA Business Decision Analytics,LC0200A,CB2201,10678,C05
843,BBA Business Decision Analytics,LC0200A,LC0200A,10877,T08
843,BBA Business Decision Analytics,LC0200A,CB2400,12538,C04
843,BBA Business Decision Analytics,LC0200A,CB2500,15288,T07
844,BBA Business Decision Analytics,LC0200A,CB2201,10341,C03
844,BBA Business Decision Analytics,LC0200A,CB2400,10839,CB1
844,BBA Business Decision Analytics,LC0200A,LC0200A,10864,T04
844,BBA Business Decision Analytics,LC0200A,CB2500,13323,CA1
844,BBA Business Decision Analytics,LC0200A,CB2500,15289,TA1
845,BBA Business Decision Analytics,LC0200A,CB2500,10624,C01
845,BBA Business Decision Analytics,LC0200A,CB2201,10792,C04
845,BBA Business Decision Analytics,LC0200A,CB2400,10840,CB2
845,BBA Business Decision Analytics,LC0200A,LC0200A,10888,T20
845,BBA Business Decision Analytics,LC0200A,CB2500,15285,T04
846,BBA Business Decision Analytics,LC0200A,CB2400,10235,C02
846,BBA Business Decision Analytics,LC0200A,CB2201,10341,C03
846,BBA Business Decision Analytics,LC0200A,LC0200A,10885,T16
846,BBA Business Decision Analytics,LC0200A,CB2500,13323,CA1
846,BBA Business Decision Analytics,LC0200A,CB2500,15289,TA1
847,BBA Business Decision Analytics,LC0200A,CB2500,10624,C01
847,BBA Business Decision Analytics,LC0200A,CB2201,10678,C05
847,BBA Business Decision Analytics,LC0200A,LC0200A,10877,T08
847,BBA Business Decision Analytics,LC0200A,CB2400,12538,C04
847,BBA Business Decision Analytics,LC0200A,CB2500,15288,T07
848,BBA Business Decision Analytics,LC0200A,CB2500,10624,C01
848,BBA Business Decision Analytics,LC0200A,LC0200A,10865,T05
848,BBA Business Decision Analytics,LC0200A,CB2400,13315,CB3
848,BBA Business Decision Analytics,LC0200A,CB2201,14828,C07
848,BBA Business Decision Analytics,LC0200A,CB2500,15283,T02
849,BBA Business Decision Analytics,LC0200A,CB2500,10624,C01
849,BBA Business Decision Analytics,LC0200A,CB2400,10839,CB1
849,BBA Business Decision Analytics,LC0200A,LC0200A,10877,T08
849,BBA Business Decision Analytics,LC0200A,CB2201,14828,C07
849,BBA Business Decision Analytics,LC0200A,CB2500,15288,T07
850,BBA Business Decision Analytics,LC0200A,CB2500,10625,C02
850,BBA Business Decision Analytics,LC0200A,CB2201,10678,C05
850,BBA Business Decision Analytics,LC0200A,CB2400,10840,CB2
850,BBA Business Decision Analytics,LC0200A,LC0200A,10890,T22
850,BBA Business Decision Analytics,LC0200A,CB2500,15285,T04
851,BBA Global Operations Management,GE1401,CB2400,10235,C02
851,BBA Global Operations Management,GE1401,CB2201,10341,C03
851,BBA Global Operations Management,GE1401,GE1401,10714,T43
851,BBA Global Operations Management,GE1401,CB2500,13323,CA1
851,BBA Global Operations Management,GE1401,CB2500,15289,TA1
852,BBA Global Operations Management,GE1401,CB2201,10341,C03
852,BBA Global Operations Management,GE1401,CB2500,10624,C01
852,BBA Global Operations Management,GE1401,GE1401,10680,T03
852,BBA Global Operations Management,GE1401,CB2400,10839,CB1
852,BBA Global Operations Management,GE1401,CB2500,15283,T02
853,BBA Global Operations Management,GE1401,CB2500,10624,C01
853,BBA Global Operations Management,GE1401,CB2201,10678,C05
853,BBA Global Operations Management,GE1401,GE1401,10730,T64
853,BBA Global Operations Management,GE1401,CB2400,10840,CB2
853,BBA Global Operations Management,GE1401,CB2500,15288,T07
854,BBA Global Operations Management,GE1401,CB2201,10339,C01
854,BBA Global Operations Management,GE1401,CB2500,10624,C01
854,BBA Global Operations Management,GE1401,GE1401,10684,T07
854,BBA Global Operations Management,GE1401,CB2400,10839,CB1
854,BBA Global Operations Management,GE1401,CB2500,15287,T06
855,BBA Global Operations Management,GE1401,CB2201,10341,C03
855,BBA Global Operations Management,GE1401,CB2400,10404,CA2
855,BBA Global Operations Management,GE1401,CB2500,13323,CA1
855,BBA Global Operations Management,GE1401,GE1401,15205,TC5
855,BBA Global Operations Management,GE1401,CB2500,15289,TA1
856,BBA Global Operations Management,GE1401,CB2400,10235,C02
856,BBA Global Operations Management,GE1401,CB2201,10341,C03
856,BBA Global Operations Management,GE1401,GE1401,12734,T71
856,BBA Global Operations Management,GE1401,CB2500,13323,CA1
856,BBA Global Operations Management,GE1401,CB2500,15289,TA1
857,BBA Global Operations Management,GE1401,CB2500,10624,C01
857,BBA Global Operations Management,GE1401,CB2201,10678,C05
857,BBA Global Operations Management,GE1401,GE1401,10717,T48
857,BBA Global Operations Management,GE1401,CB2400,10840,CB2
857,BBA Global Operations Management,GE1401,CB2500,15288,T07
858,BBA Global Operations Management,GE1401,CB2500,10624,C01
858,BBA Global Operations Management,GE1401,GE1401,10680,T03
858,BBA Global Operations Management,GE1401,CB2400,12538,C04
858,BBA Global Operations Management,GE1401,CB2201,14828,C07
858,BBA Global Operations Management,GE1401,CB2500,15598,T08
859,BBA Global Operations Management,GE1401,CB2500,10625,C02
859,BBA Global Operations Management,GE1401,CB2201,10678,C05
859,BBA Global Operations Management,GE1401,GE1401,10721,T54
859,BBA Global Operations Management,GE1401,CB2400,10840,CB2
859,BBA Global Operations Management,GE1401,CB2500,15287,T06
860,BBA Global Operations Management,GE1401,CB2400,10180,C01
860,BBA Global Operations Management,GE1401,CB2500,10624,C01
860,BBA Global Operations Management,GE1401,GE1401,10727,T60
860,BBA Global Operations Management,GE1401,CB2201,10792,C04
860,BBA Global Operations Management,GE1401,CB2500,15283,T02
861,BBA Global Operations Management,GE1401,CB2400,10180,C01
861,BBA Global Operations Management,GE1401,CB2500,10624,C01
861,BBA Global Operations Management,GE1401,CB2201,10792,C04
861,BBA Global Operations Management,GE1401,CB2500,15598,T08
861,BBA Global Operations Management,GE1401,GE1401,15603,T73
862,BBA Global Operations Management,GE1401,CB2201,10339,C01
862,BBA Global Operations Management,GE1401,CB2500,10624,C01
862,BBA Global Operations Management,GE1401,GE1401,10684,T07
862,BBA Global Operations Management,GE1401,CB2400,10839,CB1
862,BBA Global Operations Management,GE1401,CB2500,15287,T06
863,BBA Global Operations Management,GE1401,CB2500,10624,C01
863,BBA Global Operations Management,GE1401,GE1401,10683,T06
863,BBA Global Operations Management,GE1401,CB2400,13315,CB3
863,BBA Global Operations Management,GE1401,CB2201,14828,C07
863,BBA Global Operations Management,GE1401,CB2500,15283,T02
864,BBA Global Operations Management,GE1401,CB2500,10624,C01
864,BBA Global Operations Management,GE1401,CB2201,10678,C05
864,BBA Global Operations Management,GE1401,GE1401,10730,T64
864,BBA Global Operations Management,GE1401,CB2400,10840,CB2
864,BBA Global Operations Management,GE1401,CB2500,15288,T07
865,BBA Global Operations Management,GE1401,CB2500,10624,C01
865,BBA Global Operations Management,GE1401,CB2400,10840,CB2
865,BBA Global Operations Management,GE1401,CB2201,14828,C07
865,BBA Global Operations Management,GE1401,CB2500,15287,T06
865,BBA Global Operations Management,GE1401,GE1401,15603,T73
866,BBA Global Operations Management,GE1401,CB2201,10339,C01
866,BBA Global Operations Management,GE1401,CB2500,10624,C01
866,BBA Global Operations Management,GE1401,GE1401,10681,T04
866,BBA Global Operations Management,GE1401,CB2400,10839,CB1
866,BBA Global Operations Management,GE1401,CB2500,15287,T06
867,BBA Global Operations Management,GE1401,CB2201,10339,C01
867,BBA Global Operations Management,GE1401,CB2500,10624,C01
867,BBA Global Operations Management,GE1401,GE1401,10684,T07
867,BBA Global Operations Management,GE1401,CB2400,10839,CB1
867,BBA Global Operations Management,GE1401,CB2500,15287,T06
868,BBA Global Operations Management,GE1401,CB2400,10235,C02
868,BBA Global Operations Management,GE1401,CB2201,10341,C03
868,BBA Global Operations Management,GE1401,GE1401,12734,T71
868,BBA Global Operations Management,GE1401,CB2500,13323,CA1
868,BBA Global Operations Management,GE1401,CB2500,15289,TA1
869,BBA Global Operations Management,GE1401,CB2500,10624,C01
869,BBA Global Operations Management,GE1401,GE1401,10680,T03
869,BBA Global Operations Management,GE1401,CB2400,12538,C04
869,BBA Global Operations Management,GE1401,CB2201,14828,C07
869,BBA Global Operations Management,GE1401,CB2500,15598,T08
870,BBA Global Operations Management,GE1401,CB2400,10180,C01
870,BBA Global Operations Management,GE1401,CB2201,10339,C01
870,BBA Global Operations Management,GE1401,CB2500,10624,C01
870,BBA Global Operations Management,GE1401,GE1401,11507,T80
870,BBA Global Operations Management,GE1401,CB2500,15285,T04
871,BBA Global Operations Management,GE1401,CB2400,10180,C01
871,BBA Global Operations Management,GE1401,CB2201,10339,C01
871,BBA Global Operations Management,GE1401,CB2500,10624,C01
871,BBA Global Operations Management,GE1401,GE1401,10728,T61
871,BBA Global Operations Management,GE1401,CB2500,15285,T04
872,BBA Global Operations Management,GE1401,CB2400,10235,C02
872,BBA Global Operations Management,GE1401,CB2201,10341,C03
872,BBA Global Operations Management,GE1401,CB2500,13323,CA1
872,BBA Global Operations Management,GE1401,CB2500,15289,TA1
872,BBA Global Operations Management,GE1401,GE1401,15602,T58
873,BBA Global Operations Management,GE1401,GE1401,10357,T01
873,BBA Global Operations Management,GE1401,CB2400,10403,CA1
873,BBA Global Operations Management,GE1401,CB2500,10624,C01
873,BBA Global Operations Management,GE1401,CB2201,10678,C05
873,BBA Global Operations Management,GE1401,CB2500,15283,T02
874,BBA Global Operations Management,GE1401,CB2201,10339,C01
874,BBA Global Operations Management,GE1401,CB2500,10624,C01
874,BBA Global Operations Management,GE1401,GE1401,10684,T07
874,BBA Global Operations Management,GE1401,CB2400,10839,CB1
874,BBA Global Operations Management,GE1401,CB2500,15287,T06
875,BBA Global Operations Management,GE1401,CB2500,10624,C01
875,BBA Global Operations Management,GE1401,CB2201,10678,C05
875,BBA Global Operations Management,GE1401,GE1401,10730,T64
875,BBA Global Operations Management,GE1401,CB2400,10840,CB2
875,BBA Global Operations Management,GE1401,CB2500,15288,T07
876,BBA Global Operations Management,GE1401,CB2400,10180,C01
876,BBA Global Operations Management,GE1401,CB2201,10339,C01
876,BBA Global Operations Management,GE1401,CB2500,10624,C01
876,BBA Global Operations Management,GE1401,GE1401,11507,T80
876,BBA Global Operations Management,GE1401,CB2500,15285,T04
877,BBA Global Operations Management,GE1401,CB2201,10339,C01
877,BBA Global Operations Management,GE1401,CB2500,10624,C01
877,BBA Global Operations Management,GE1401,CB2400,10840,CB2
877,BBA Global Operations Management,GE1401,GE1401,13576,TB5
877,BBA Global Operations Management,GE1401,CB2500,15285,T04
878,BBA Global Operations Management,GE1401,CB2500,10624,C01
878,BBA Global Operations Management,GE1401,GE1401,10698,T22
878,BBA Global Operations Management,GE1401,CB2400,12538,C04
878,BBA Global Operations Management,GE1401,CB2201,14828,C07
878,BBA Global Operations Management,GE1401,CB2500,15598,T08
879,BBA Global Operations Management,GE1401,CB2201,10339,C01
879,BBA Global Operations Management,GE1401,CB2500,10624,C01
879,BBA Global Operations Management,GE1401,GE1401,10684,T07
879,BBA Global Operations Management,GE1401,CB2400,10839,CB1
879,BBA Global Operations Management,GE1401,CB2500,15287,T06
880,BBA Global Operations Management,GE1401,CB2500,10624,C01
880,BBA Global Operations Management,GE1401,GE1401,10680,T03
880,BBA Global Operations Management,GE1401,CB2400,12538,C04
880,BBA Global Operations Management,GE1401,CB2201,14828,C07
880,BBA Global Operations Management,GE1401,CB2500,15598,T08
881,BBA Global Operations Management,GE1401,CB2400,10235,C02
881,BBA Global Operations Management,GE1401,CB2201,10341,C03
881,BBA Global Operations Management,GE1401,GE1401,10714,T43
881,BBA Global Operations Management,GE1401,CB2500,13323,CA1
881,BBA Global Operations Management,GE1401,CB2500,15289,TA1
882,BBA Global Operations Management,GE1401,CB2400,10403,CA1
882,BBA Global Operations Management,GE1401,CB2500,10624,C01
882,BBA Global Operations Management,GE1401,GE1401,10723,T56
882,BBA Global Operations Management,GE1401,CB2201,10792,C04
882,BBA Global Operations Management,GE1401,CB2500,15283,T02
883,BBA Global Operations Management,GE1401,CB2400,10180,C01
883,BBA Global Operations Management,GE1401,CB2500,10624,C01
883,BBA Global Operations Management,GE1401,CB2201,10792,C04
883,BBA Global Operations Management,GE1401,GE1401,12121,T33
883,BBA Global Operations Management,GE1401,CB2500,15283,T02
884,BBA Global Operations Management,LC0200A,CB2400,10180,C01
884,BBA Global Operations Management,LC0200A,CB2500,10624,C01
884,BBA Global Operations Management,LC0200A,CB2201,10792,C04
884,BBA Global Operations Management,LC0200A,LC0200A,11170,T32
884,BBA Global Operations Management,LC0200A,CB2500,15598,T08
885,BBA Global Operations Management,LC0200A,CB2201,10339,C01
885,BBA Global Operations Management,LC0200A,CB2500,10625,C02
885,BBA Global Operations Management,LC0200A,CB2400,10840,CB2
885,BBA Global Operations Management,LC0200A,LC0200A,10881,T12
885,BBA Global Operations Management,LC0200A,CB2500,15285,T04
886,BBA Global Operations Management,LC0200A,CB2500,10624,C01
886,BBA Global Operations Management,LC0200A,CB2400,10839,CB1
886,BBA Global Operations Management,LC0200A,LC0200A,10877,T08
886,BBA Global Operations Management,LC0200A,CB2201,14828,C07
886,BBA Global Operations Management,LC0200A,CB2500,15288,T07
887,BBA Global Operations Management,LC0200A,CB2201,10340,C02
887,BBA Global Operations Management,LC0200A,CB2500,10625,C02
887,BBA Global Operations Management,LC0200A,LC0200A,10893,T25
887,BBA Global Operations Management,LC0200A,CB2400,13315,CB3
887,BBA Global Operations Management,LC0200A,CB2500,15288,T07
888,BBA Global Operations Management,LC0200A,CB2500,10624,C01
888,BBA Global Operations Management,LC0200A,CB2400,10839,CB1
888,BBA Global Operations Management,LC0200A,CB2201,14828,C07
888,BBA Global Operations Management,LC0200A,LC0200A,14950,T18
888,BBA Global Operations Management,LC0200A,CB2500,15283,T02
889,BBA Global Operations Management,LC0200A,CB2500,10625,C02
889,BBA Global Operations Management,LC0200A,LC0200A,10877,T08
889,BBA Global Operations Management,LC0200A,CB2400,12538,C04
889,BBA Global Operations Management,LC0200A,CB2201,14826,CE1
889,BBA Global Operations Management,LC0200A,CB2500,15285,T04
890,BBA Global Operations Management,LC0200A,CB2500,10624,C01
890,BBA Global Operations Management,LC0200A,LC0200A,10877,T08
890,BBA Global Operations Management,LC0200A,CB2400,12538,C04
890,BBA Global Operations Management,LC0200A,CB2201,14828,C07
890,BBA Global Operations Management,LC0200A,CB2500,15288,T07
891,BBA Global Operations Management,LC0200A,CB2500,10625,C02
891,BBA Global Operations Management,LC0200A,CB2201,10678,C05
891,BBA Global Operations Management,LC0200A,CB2400,10840,CB2
891,BBA Global Operations Management,LC0200A,LC0200A,10890,T22
891,BBA Global Operations Management,LC0200A,CB2500,15285,T04
892,BBA Global Operations Management,LC0200A,CB2500,10624,C01
892,BBA Global Operations Management,LC0200A,CB2400,10839,CB1
892,BBA Global Operations Management,LC0200A,CB2201,14828,C07
892,BBA Global Operations Management,LC0200A,LC0200A,14950,T18
892,BBA Global Operations Management,LC0200A,CB2500,15283,T02
893,BBA Global Operations Management,LC0200A,CB2500,10624,C01
893,BBA Global Operations Management,LC0200A,CB2400,10839,CB1
893,BBA Global Operations Management,LC0200A,CB2201,14828,C07
893,BBA Global Operations Management,LC0200A,LC0200A,14950,T18
893,BBA Global Operations Management,LC0200A,CB2500,15283,T02
894,BBA Global Operations Management,LC0200A,CB2500,10624,C01
894,BBA Global Operations Management,LC0200A,CB2201,10678,C05
894,BBA Global Operations Management,LC0200A,CB2400,10840,CB2
894,BBA Global Operations Management,LC0200A,LC0200A,14952,T36
894,BBA Global Operations Management,LC0200A,CB2500,15283,T02
895,BBA Global Operations Management,LC0200A,CB2201,10339,C01
895,BBA Global Operations Management,LC0200A,CB2500,10625,C02
895,BBA Global Operations Management,LC0200A,LC0200A,10877,T08
895,BBA Global Operations Management,LC0200A,CB2400,12538,C04
895,BBA Global Operations Management,LC0200A,CB2500,15285,T04
896,BBA Global Operations Management,LC0200A,CB2201,10340,C02
896,BBA Global Operations Management,LC0200A,CB2500,10625,C02
896,BBA Global Operations Management,LC0200A,LC0200A,10893,T25
896,BBA Global Operations Management,LC0200A,CB2400,13315,CB3
896,BBA Global Operations Management,LC0200A,CB2500,15288,T07
897,BBA Global Operations Management,LC0200A,CB2500,10624,C01
897,BBA Global Operations Management,LC0200A,LC0200A,10865,T05
897,BBA Global Operations Management,LC0200A,CB2400,13315,CB3
897,BBA Global Operations Management,LC0200A,CB2201,14828,C07
897,BBA Global Operations Management,LC0200A,CB2500,15283,T02
898,BBA Global Operations Management,LC0200A,CB2201,10341,C03
898,BBA Global Operations Management,LC0200A,CB2400,10404,CA2
898,BBA Global Operations Management,LC0200A,LC0200A,10885,T16
898,BBA Global Operations Management,LC0200A,CB2500,13323,CA1
898,BBA Global Operations Management,LC0200A,CB2500,15289,TA1
899,BSc Computational Finance and Financial Technology,GE1401,CS1102,10778,LB7
899,BSc Computational Finance and Financial Technology,GE1401,CS1102,11712,CB2
899,BSc Computational Finance and Financial Technology,GE1401,MA1300,11762,CB1
899,BSc Computational Finance and Financial Technology,GE1401,MA1300,11767,TB3
899,BSc Computational Finance and Financial Technology,GE1401,CB2400,13315,CB3
899,BSc Computational Finance and Financial Technology,GE1401,GE1401,15601,T28
900,BSc Computational Finance and Financial Technology,GE1401,CS1102,11710,C02
900,BSc Computational Finance and Financial Technology,GE1401,CS1102,11716,L07
900,BSc Computational Finance and Financial Technology,GE1401,MA1300,11762,CB1
900,BSc Computational Finance and Financial Technology,GE1401,MA1300,11767,TB3
900,BSc Computational Finance and Financial Technology,GE1401,CB2400,13315,CB3
900,BSc Computational Finance and Financial Technology,GE1401,GE1401,14271,TB8
901,BSc Computational Finance and Financial Technology,GE1401,CB2400,10235,C02
901,BSc Computational Finance and Financial Technology,GE1401,CS1102,11710,C02
901,BSc Computational Finance and Financial Technology,GE1401,CS1102,11713,L04
901,BSc Computational Finance and Financial Technology,GE1401,MA1300,11762,CB1
901,BSc Computational Finance and Financial Technology,GE1401,MA1300,11767,TB3
901,BSc Computational Finance and Financial Technology,GE1401,GE1401,13571,T99
902,BSc Computational Finance and Financial Technology,GE1401,CS1102,11710,C02
902,BSc Computational Finance and Financial Technology,GE1401,CS1102,11716,L07
902,BSc Computational Finance and Financial Technology,GE1401,MA1300,11762,CB1
902,BSc Computational Finance and Financial Technology,GE1401,MA1300,11767,TB3
902,BSc Computational Finance and Financial Technology,GE1401,CB2400,13315,CB3
902,BSc Computational Finance and Financial Technology,GE1401,GE1401,14271,TB8
903,BSc Computational Finance and Financial Technology,GE1401,GE1401,11497,T81
903,BSc Computational Finance and Financial Technology,GE1401,MA1300,11762,CB1
903,BSc Computational Finance and Financial Technology,GE1401,MA1300,11766,TB2
903,BSc Computational Finance and Financial Technology,GE1401,CS1102,11969,LA2
903,BSc Computational Finance and Financial Technology,GE1401,CB2400,13315,CB3
903,BSc Computational Finance and Financial Technology,GE1401,CS1102,15735,CA2
904,BSc Computational Finance and Financial Technology,GE1401,CS1102,10778,LB7
904,BSc Computational Finance and Financial Technology,GE1401,CS1102,11712,CB2
904,BSc Computational Finance and Financial Technology,GE1401,MA1300,11762,CB1
904,BSc Computational Finance and Financial Technology,GE1401,MA1300,11767,TB3
904,BSc Computational Finance and Financial Technology,GE1401,CB2400,13315,CB3
904,BSc Computational Finance and Financial Technology,GE1401,GE1401,15601,T28
905,BSc Computational Finance and Financial Technology,GE1401,GE1401,10685,T08
905,BSc Computational Finance and Financial Technology,GE1401,CS1102,10778,LB7
905,BSc Computational Finance and Financial Technology,GE1401,CS1102,11712,CB2
905,BSc Computational Finance and Financial Technology,GE1401,MA1300,11762,CB1
905,BSc Computational Finance and Financial Technology,GE1401,MA1300,11767,TB3
905,BSc Computational Finance and Financial Technology,GE1401,CB2400,13315,CB3
906,BSc Computational Finance and Financial Technology,GE1401,GE1401,10685,T08
906,BSc Computational Finance and Financial Technology,GE1401,CS1102,10778,LB7
906,BSc Computational Finance and Financial Technology,GE1401,CS1102,11712,CB2
906,BSc Computational Finance and Financial Technology,GE1401,MA1300,11762,CB1
906,BSc Computational Finance and Financial Technology,GE1401,MA1300,11767,TB3
906,BSc Computational Finance and Financial Technology,GE1401,CB2400,13315,CB3
907,BSc Computational Finance and Financial Technology,GE1401,GE1401,10730,T64
907,BSc Computational Finance and Financial Technology,GE1401,CB2400,10839,CB1
907,BSc Computational Finance and Financial Technology,GE1401,CS1102,11710,C02
907,BSc Computational Finance and Financial Technology,GE1401,CS1102,11716,L07
907,BSc Computational Finance and Financial Technology,GE1401,MA1300,11762,CB1
907,BSc Computational Finance and Financial Technology,GE1401,MA1300,11767,TB3
908,BSc Computational Finance and Financial Technology,GE1401,GE1401,10719,T52
908,BSc Computational Finance and Financial Technology,GE1401,MA1300,11762,CB1
908,BSc Computational Finance and Financial Technology,GE1401,MA1300,11766,TB2
908,BSc Computational Finance and Financial Technology,GE1401,CS1102,11969,LA2
908,BSc Computational Finance and Financial Technology,GE1401,CB2400,13315,CB3
908,BSc Computational Finance and Financial Technology,GE1401,CS1102,15735,CA2
909,BSc Computational Finance and Financial Technology,GE1401,CS1102,11710,C02
909,BSc Computational Finance and Financial Technology,GE1401,CS1102,11716,L07
909,BSc Computational Finance and Financial Technology,GE1401,MA1300,11762,CB1
909,BSc Computational Finance and Financial Technology,GE1401,MA1300,11767,TB3
909,BSc Computational Finance and Financial Technology,GE1401,GE1401,12127,T84
909,BSc Computational Finance and Financial Technology,GE1401,CB2400,13315,CB3
910,BSc Computational Finance and Financial Technology,GE1401,CB2400,10840,CB2
910,BSc Computational Finance and Financial Technology,GE1401,CS1102,11710,C02
910,BSc Computational Finance and Financial Technology,GE1401,CS1102,11713,L04
910,BSc Computational Finance and Financial Technology,GE1401,MA1300,11762,CB1
910,BSc Computational Finance and Financial Technology,GE1401,MA1300,11767,TB3
910,BSc Computational Finance and Financial Technology,GE1401,GE1401,12733,T62
911,BSc Computational Finance and Financial Technology,GE1401,GE1401,10685,T08
911,BSc Computational Finance and Financial Technology,GE1401,CS1102,10778,LB7
911,BSc Computational Finance and Financial Technology,GE1401,CS1102,11712,CB2
911,BSc Computational Finance and Financial Technology,GE1401,MA1300,11762,CB1
911,BSc Computational Finance and Financial Technology,GE1401,MA1300,11767,TB3
911,BSc Computational Finance and Financial Technology,GE1401,CB2400,12538,C04
912,BSc Computational Finance and Financial Technology,GE1401,CS1102,11710,C02
912,BSc Computational Finance and Financial Technology,GE1401,CS1102,11716,L07
912,BSc Computational Finance and Financial Technology,GE1401,MA1300,11762,CB1
912,BSc Computational Finance and Financial Technology,GE1401,MA1300,11767,TB3
912,BSc Computational Finance and Financial Technology,GE1401,CB2400,13315,CB3
912,BSc Computational Finance and Financial Technology,GE1401,GE1401,14271,TB8
913,BSc Computational Finance and Financial Technology,GE1401,CS1102,10775,LB4
913,BSc Computational Finance and Financial Technology,GE1401,CS1102,11712,CB2
913,BSc Computational Finance and Financial Technology,GE1401,MA1300,11762,CB1
913,BSc Computational Finance and Financial Technology,GE1401,MA1300,11765,TB1
913,BSc Computational Finance and Financial Technology,GE1401,GE1401,12124,T49
913,BSc Computational Finance and Financial Technology,GE1401,CB2400,13315,CB3
914,BSc Computational Finance and Financial Technology,GE1401,GE1401,11497,T81
914,BSc Computational Finance and Financial Technology,GE1401,MA1300,11762,CB1
914,BSc Computational Finance and Financial Technology,GE1401,MA1300,11766,TB2
914,BSc Computational Finance and Financial Technology,GE1401,CS1102,11969,LA2
914,BSc Computational Finance and Financial Technology,GE1401,CB2400,13315,CB3
914,BSc Computational Finance and Financial Technology,GE1401,CS1102,15735,CA2
915,BSc Computational Finance and Financial Technology,GE1401,CS1102,10778,LB7
915,BSc Computational Finance and Financial Technology,GE1401,CS1102,11712,CB2
915,BSc Computational Finance and Financial Technology,GE1401,MA1300,11762,CB1
915,BSc Computational Finance and Financial Technology,GE1401,MA1300,11767,TB3
915,BSc Computational Finance and Financial Technology,GE1401,GE1401,12398,T70
915,BSc Computational Finance and Financial Technology,GE1401,CB2400,12538,C04
916,BSc Computational Finance and Financial Technology,GE1401,CB2400,10235,C02
916,BSc Computational Finance and Financial Technology,GE1401,GE1401,10719,T52
916,BSc Computational Finance and Financial Technology,GE1401,MA1300,11762,CB1
916,BSc Computational Finance and Financial Technology,GE1401,MA1300,11766,TB2
916,BSc Computational Finance and Financial Technology,GE1401,CS1102,11969,LA2
916,BSc Computational Finance and Financial Technology,GE1401,CS1102,15735,CA2
917,BSc Computational Finance and Financial Technology,GE1401,CS1102,10778,LB7
917,BSc Computational Finance and Financial Technology,GE1401,CB2400,10839,CB1
917,BSc Computational Finance and Financial Technology,GE1401,CS1102,11712,CB2
917,BSc Computational Finance and Financial Technology,GE1401,MA1300,11762,CB1
917,BSc Computational Finance and Financial Technology,GE1401,MA1300,11767,TB3
917,BSc Computational Finance and Financial Technology,GE1401,GE1401,12398,T70
918,BSc Computational Finance and Financial Technology,GE1401,GE1401,10730,T64
918,BSc Computational Finance and Financial Technology,GE1401,CS1102,11710,C02
918,BSc Computational Finance and Financial Technology,GE1401,CS1102,11716,L07
918,BSc Computational Finance and Financial Technology,GE1401,MA1300,11762,CB1
918,BSc Computational Finance and Financial Technology,GE1401,MA1300,11767,TB3
918,BSc Computational Finance and Financial Technology,GE1401,CB2400,13315,CB3
919,BSc Computational Finance and Financial Technology,GE1401,GE1401,10685,T08
919,BSc Computational Finance and Financial Technology,GE1401,CS1102,10778,LB7
919,BSc Computational Finance and Financial Technology,GE1401,CS1102,11712,CB2
919,BSc Computational Finance and Financial Technology,GE1401,MA1300,11762,CB1
919,BSc Computational Finance and Financial Technology,GE1401,MA1300,11767,TB3
919,BSc Computational Finance and Financial Technology,GE1401,CB2400,13315,CB3
920,BSc Computational Finance and Financial Technology,GE1401,GE1401,10685,T08
920,BSc Computational Finance and Financial Technology,GE1401,CS1102,10778,LB7
920,BSc Computational Finance and Financial Technology,GE1401,CS1102,11712,CB2
920,BSc Computational Finance and Financial Technology,GE1401,MA1300,11762,CB1
920,BSc Computational Finance and Financial Technology,GE1401,MA1300,11767,TB3
920,BSc Computational Finance and Financial Technology,GE1401,CB2400,13315,CB3
921,BSc Computational Finance and Financial Technology,GE1401,CB2400,10404,CA2
921,BSc Computational Finance and Financial Technology,GE1401,CS1102,11710,C02
921,BSc Computational Finance and Financial Technology,GE1401,CS1102,11713,L04
921,BSc Computational Finance and Financial Technology,GE1401,MA1300,11762,CB1
921,BSc Computational Finance and Financial Technology,GE1401,MA1300,11767,TB3
921,BSc Computational Finance and Financial Technology,GE1401,GE1401,12399,T72
922,BSc Computational Finance and Financial Technology,GE1401,GE1401,10685,T08
922,BSc Computational Finance and Financial Technology,GE1401,CS1102,10778,LB7
922,BSc Computational Finance and Financial Technology,GE1401,CS1102,11712,CB2
922,BSc Computational Finance and Financial Technology,GE1401,MA1300,11762,CB1
922,BSc Computational Finance and Financial Technology,GE1401,MA1300,11767,TB3
922,BSc Computational Finance and Financial Technology,GE1401,CB2400,13315,CB3
923,BSc Computational Finance and Financial Technology,GE1401,GE1401,11497,T81
923,BSc Computational Finance and Financial Technology,GE1401,MA1300,11762,CB1
923,BSc Computational Finance and Financial Technology,GE1401,MA1300,11766,TB2
923,BSc Computational Finance and Financial Technology,GE1401,CS1102,11969,LA2
923,BSc Computational Finance and Financial Technology,GE1401,CB2400,13315,CB3
923,BSc Computational Finance and Financial Technology,GE1401,CS1102,15735,CA2
924,BSc Computational Finance and Financial Technology,GE1401,CB2400,10404,CA2
924,BSc Computational Finance and Financial Technology,GE1401,CS1102,11710,C02
924,BSc Computational Finance and Financial Technology,GE1401,CS1102,11713,L04
924,BSc Computational Finance and Financial Technology,GE1401,MA1300,11762,CB1
924,BSc Computational Finance and Financial Technology,GE1401,MA1300,11767,TB3
924,BSc Computational Finance and Financial Technology,GE1401,GE1401,12399,T72
925,BSc Computational Finance and Financial Technology,GE1401,CS1102,11710,C02
925,BSc Computational Finance and Financial Technology,GE1401,CS1102,11716,L07
925,BSc Computational Finance and Financial Technology,GE1401,MA1300,11762,CB1
925,BSc Computational Finance and Financial Technology,GE1401,MA1300,11767,TB3
925,BSc Computational Finance and Financial Technology,GE1401,GE1401,12127,T84
925,BSc Computational Finance and Financial Technology,GE1401,CB2400,13315,CB3
926,BSc Computational Finance and Financial Technology,GE1401,GE1401,10730,T64
926,BSc Computational Finance and Financial Technology,GE1401,CS1102,11710,C02
926,BSc Computational Finance and Financial Technology,GE1401,CS1102,11716,L07
926,BSc Computational Finance and Financial Technology,GE1401,MA1300,11762,CB1
926,BSc Computational Finance and Financial Technology,GE1401,MA1300,11767,TB3
926,BSc Computational Finance and Financial Technology,GE1401,CB2400,13315,CB3
927,BSc Computational Finance and Financial Technology,GE1401,CS1102,10778,LB7
927,BSc Computational Finance and Financial Technology,GE1401,CB2400,10839,CB1
927,BSc Computational Finance and Financial Technology,GE1401,GE1401,11494,T76
927,BSc Computational Finance and Financial Technology,GE1401,CS1102,11712,CB2
927,BSc Computational Finance and Financial Technology,GE1401,MA1300,11762,CB1
927,BSc Computational Finance and Financial Technology,GE1401,MA1300,11767,TB3
928,BSc Computational Finance and Financial Technology,GE1401,GE1401,10685,T08
928,BSc Computational Finance and Financial Technology,GE1401,CS1102,10778,LB7
928,BSc Computational Finance and Financial Technology,GE1401,CS1102,11712,CB2
928,BSc Computational Finance and Financial Technology,GE1401,MA1300,11762,CB1
928,BSc Computational Finance and Financial Technology,GE1401,MA1300,11767,TB3
928,BSc Computational Finance and Financial Technology,GE1401,CB2400,12538,C04
929,BSc Computational Finance and Financial Technology,GE1401,GE1401,10719,T52
929,BSc Computational Finance and Financial Technology,GE1401,MA1300,11762,CB1
929,BSc Computational Finance and Financial Technology,GE1401,MA1300,11766,TB2
929,BSc Computational Finance and Financial Technology,GE1401,CS1102,11969,LA2
929,BSc Computational Finance and Financial Technology,GE1401,CB2400,13315,CB3
929,BSc Computational Finance and Financial Technology,GE1401,CS1102,15735,CA2
930,BSc Computational Finance and Financial Technology,GE1401,GE1401,10724,T57
930,BSc Computational Finance and Financial Technology,GE1401,CS1102,11712,CB2
930,BSc Computational Finance and Financial Technology,GE1401,MA1300,11762,CB1
930,BSc Computational Finance and Financial Technology,GE1401,MA1300,11766,TB2
930,BSc Computational Finance and Financial Technology,GE1401,CS1102,12394,LB3
930,BSc Computational Finance and Financial Technology,GE1401,CB2400,13315,CB3
931,BSc Computational Finance and Financial Technology,GE1401,CB2400,10235,C02
931,BSc Computational Finance and Financial Technology,GE1401,CS1102,11710,C02
931,BSc Computational Finance and Financial Technology,GE1401,CS1102,11713,L04
931,BSc Computational Finance and Financial Technology,GE1401,MA1300,11762,CB1
931,BSc Computational Finance and Financial Technology,GE1401,MA1300,11767,TB3
931,BSc Computational Finance and Financial Technology,GE1401,GE1401,13571,T99
932,BSc Computational Finance and Financial Technology,GE1401,CS1102,11710,C02
932,BSc Computational Finance and Financial Technology,GE1401,CS1102,11716,L07
932,BSc Computational Finance and Financial Technology,GE1401,MA1300,11762,CB1
932,BSc Computational Finance and Financial Technology,GE1401,MA1300,11767,TB3
932,BSc Computational Finance and Financial Technology,GE1401,GE1401,12127,T84
932,BSc Computational Finance and Financial Technology,GE1401,CB2400,13315,CB3
933,BSc Computational Finance and Financial Technology,GE1401,GE1401,10685,T08
933,BSc Computational Finance and Financial Technology,GE1401,CS1102,10778,LB7
933,BSc Computational Finance and Financial Technology,GE1401,CS1102,11712,CB2
933,BSc Computational Finance and Financial Technology,GE1401,MA1300,11762,CB1
933,BSc Computational Finance and Financial Technology,GE1401,MA1300,11767,TB3
933,BSc Computational Finance and Financial Technology,GE1401,CB2400,13315,CB3
934,BSc Computational Finance and Financial Technology,GE1401,GE1401,10724,T57
934,BSc Computational Finance and Financial Technology,GE1401,CS1102,11712,CB2
934,BSc Computational Finance and Financial Technology,GE1401,MA1300,11762,CB1
934,BSc Computational Finance and Financial Technology,GE1401,MA1300,11766,TB2
934,BSc Computational Finance and Financial Technology,GE1401,CS1102,12394,LB3
934,BSc Computational Finance and Financial Technology,GE1401,CB2400,13315,CB3
935,BSc Computational Finance and Financial Technology,GE1401,CS1102,10778,LB7
935,BSc Computational Finance and Financial Technology,GE1401,CS1102,11712,CB2
935,BSc Computational Finance and Financial Technology,GE1401,MA1300,11762,CB1
935,BSc Computational Finance and Financial Technology,GE1401,MA1300,11767,TB3
935,BSc Computational Finance and Financial Technology,GE1401,CB2400,13315,CB3
935,BSc Computational Finance and Financial Technology,GE1401,GE1401,15601,T28
936,BSc Computational Finance and Financial Technology,GE1401,GE1401,10706,T31
936,BSc Computational Finance and Financial Technology,GE1401,CS1102,10778,LB7
936,BSc Computational Finance and Financial Technology,GE1401,CS1102,11712,CB2
936,BSc Computational Finance and Financial Technology,GE1401,MA1300,11762,CB1
936,BSc Computational Finance and Financial Technology,GE1401,MA1300,11767,TB3
936,BSc Computational Finance and Financial Technology,GE1401,CB2400,12540,CA4
937,BSc Computational Finance and Financial Technology,GE1401,GE1401,10719,T52
937,BSc Computational Finance and Financial Technology,GE1401,MA1300,11762,CB1
937,BSc Computational Finance and Financial Technology,GE1401,MA1300,11766,TB2
937,BSc Computational Finance and Financial Technology,GE1401,CS1102,11969,LA2
937,BSc Computational Finance and Financial Technology,GE1401,CB2400,13315,CB3
937,BSc Computational Finance and Financial Technology,GE1401,CS1102,15735,CA2
938,BSc Computational Finance and Financial Technology,LC0200A,CS1102,10775,LB4
938,BSc Computational Finance and Financial Technology,LC0200A,CB2400,10839,CB1
938,BSc Computational Finance and Financial Technology,LC0200A,LC0200A,10876,T07
938,BSc Computational Finance and Financial Technology,LC0200A,CS1102,11712,CB2
938,BSc Computational Finance and Financial Technology,LC0200A,MA1300,11762,CB1
938,BSc Computational Finance and Financial Technology,LC0200A,MA1300,11765,TB1
939,BSc Computational Finance and Financial Technology,LC0200A,MA1300,11762,CB1
939,BSc Computational Finance and Financial Technology,LC0200A,MA1300,11767,TB3
939,BSc Computational Finance and Financial Technology,LC0200A,LC0200A,11976,T37
939,BSc Computational Finance and Financial Technology,LC0200A,CS1102,13144,CC2
939,BSc Computational Finance and Financial Technology,LC0200A,CB2400,13315,CB3
939,BSc Computational Finance and Financial Technology,LC0200A,CS1102,13728,LC7
940,BSc Computational Finance and Financial Technology,LC0200A,CB2400,10235,C02
940,BSc Computational Finance and Financial Technology,LC0200A,LC0200A,10875,T06
940,BSc Computational Finance and Financial Technology,LC0200A,MA1300,11762,CB1
940,BSc Computational Finance and Financial Technology,LC0200A,MA1300,11766,TB2
940,BSc Computational Finance and Financial Technology,LC0200A,CS1102,11969,LA2
940,BSc Computational Finance and Financial Technology,LC0200A,CS1102,15735,CA2
941,BSc Computational Finance and Financial Technology,LC0200A,LC0200A,10878,T09
941,BSc Computational Finance and Financial Technology,LC0200A,CS1102,11710,C02
941,BSc Computational Finance and Financial Technology,LC0200A,CS1102,11716,L07
941,BSc Computational Finance and Financial Technology,LC0200A,MA1300,11762,CB1
941,BSc Computational Finance and Financial Technology,LC0200A,MA1300,11767,TB3
941,BSc Computational Finance and Financial Technology,LC0200A,CB2400,12538,C04
942,BSc Computational Finance and Financial Technology,LC0200A,CS1102,10778,LB7
942,BSc Computational Finance and Financial Technology,LC0200A,LC0200A,10882,T13
942,BSc Computational Finance and Financial Technology,LC0200A,CS1102,11712,CB2
942,BSc Computational Finance and Financial Technology,LC0200A,MA1300,11762,CB1
942,BSc Computational Finance and Financial Technology,LC0200A,MA1300,11767,TB3
942,BSc Computational Finance and Financial Technology,LC0200A,CB2400,13315,CB3
943,BSc Computational Finance and Financial Technology,LC0200A,CS1102,10778,LB7
943,BSc Computational Finance and Financial Technology,LC0200A,CS1102,11712,CB2
943,BSc Computational Finance and Financial Technology,LC0200A,MA1300,11762,CB1
943,BSc Computational Finance and Financial Technology,LC0200A,MA1300,11767,TB3
943,BSc Computational Finance and Financial Technology,LC0200A,LC0200A,11976,T37
943,BSc Computational Finance and Financial Technology,LC0200A,CB2400,13315,CB3
944,BSc Computational Finance and Financial Technology,LC0200A,CB2400,10839,CB1
944,BSc Computational Finance and Financial Technology,LC0200A,CS1102,11710,C02
944,BSc Computational Finance and Financial Technology,LC0200A,CS1102,11716,L07
944,BSc Computational Finance and Financial Technology,LC0200A,MA1300,11762,CB1
944,BSc Computational Finance and Financial Technology,LC0200A,MA1300,11767,TB3
944,BSc Computational Finance and Financial Technology,LC0200A,LC0200A,11976,T37
945,BSc Computational Finance and Financial Technology,LC0200A,CB2400,10235,C02
945,BSc Computational Finance and Financial Technology,LC0200A,CS1102,10541,CA1
945,BSc Computational Finance and Financial Technology,LC0200A,LC0200A,10894,T26
945,BSc Computational Finance and Financial Technology,LC0200A,MA1300,11762,CB1
945,BSc Computational Finance and Financial Technology,LC0200A,MA1300,11766,TB2
945,BSc Computational Finance and Financial Technology,LC0200A,CS1102,11969,LA2
946,BSc Computational Finance and Financial Technology,LC0200A,CB2400,10839,CB1
946,BSc Computational Finance and Financial Technology,LC0200A,CS1102,11710,C02
946,BSc Computational Finance and Financial Technology,LC0200A,CS1102,11716,L07
946,BSc Computational Finance and Financial Technology,LC0200A,MA1300,11762,CB1
946,BSc Computational Finance and Financial Technology,LC0200A,MA1300,11767,TB3
946,BSc Computational Finance and Financial Technology,LC0200A,LC0200A,11976,T37
947,BSc Computational Finance and Financial Technology,LC0200A,LC0200A,10891,T23
947,BSc Computational Finance and Financial Technology,LC0200A,CS1102,11710,C02
947,BSc Computational Finance and Financial Technology,LC0200A,CS1102,11713,L04
947,BSc Computational Finance and Financial Technology,LC0200A,MA1300,11762,CB1
947,BSc Computational Finance and Financial Technology,LC0200A,MA1300,11767,TB3
947,BSc Computational Finance and Financial Technology,LC0200A,CB2400,13315,CB3
948,BSc Computational Finance and Financial Technology,LC0200A,LC0200A,11030,T31
948,BSc Computational Finance and Financial Technology,LC0200A,MA1300,11762,CB1
948,BSc Computational Finance and Financial Technology,LC0200A,MA1300,11767,TB3
948,BSc Computational Finance and Financial Technology,LC0200A,CS1102,13144,CC2
948,BSc Computational Finance and Financial Technology,LC0200A,CB2400,13315,CB3
948,BSc Computational Finance and Financial Technology,LC0200A,CS1102,13728,LC7
949,BSc Computational Finance and Financial Technology,LC0200A,CS1102,10778,LB7
949,BSc Computational Finance and Financial Technology,LC0200A,CS1102,11712,CB2
949,BSc Computational Finance and Financial Technology,LC0200A,MA1300,11762,CB1
949,BSc Computational Finance and Financial Technology,LC0200A,MA1300,11767,TB3
949,BSc Computational Finance and Financial Technology,LC0200A,LC0200A,11976,T37
949,BSc Computational Finance and Financial Technology,LC0200A,CB2400,13315,CB3
950,BSc Computational Finance and Financial Technology,LC0200A,CB2400,10235,C02
950,BSc Computational Finance and Financial Technology,LC0200A,LC0200A,10875,T06
950,BSc Computational Finance and Financial Technology,LC0200A,MA1300,11762,CB1
950,BSc Computational Finance and Financial Technology,LC0200A,MA1300,11766,TB2
950,BSc Computational Finance and Financial Technology,LC0200A,CS1102,11969,LA2
950,BSc Computational Finance and Financial Technology,LC0200A,CS1102,15735,CA2
951,BSc Computational Finance and Financial Technology,LC0200A,CS1102,10775,LB4
951,BSc Computational Finance and Financial Technology,LC0200A,CB2400,10840,CB2
951,BSc Computational Finance and Financial Technology,LC0200A,LC0200A,10881,T12
951,BSc Computational Finance and Financial Technology,LC0200A,CS1102,11712,CB2
951,BSc Computational Finance and Financial Technology,LC0200A,MA1300,11762,CB1
951,BSc Computational Finance and Financial Technology,LC0200A,MA1300,11767,TB3
952,BSc Computational Finance and Financial Technology,LC0200A,CB2400,10839,CB1
952,BSc Computational Finance and Financial Technology,LC0200A,MA1300,11762,CB1
952,BSc Computational Finance and Financial Technology,LC0200A,MA1300,11767,TB3
952,BSc Computational Finance and Financial Technology,LC0200A,LC0200A,11976,T37
952,BSc Computational Finance and Financial Technology,LC0200A,CS1102,13144,CC2
952,BSc Computational Finance and Financial Technology,LC0200A,CS1102,13728,LC7
953,BSc Computational Finance and Financial Technology,LC0200A,CS1102,10778,LB7
953,BSc Computational Finance and Financial Technology,LC0200A,CB2400,10839,CB1
953,BSc Computational Finance and Financial Technology,LC0200A,LC0200A,11030,T31
953,BSc Computational Finance and Financial Technology,LC0200A,CS1102,11712,CB2
953,BSc Computational Finance and Financial Technology,LC0200A,MA1300,11762,CB1
953,BSc Computational Finance and Financial Technology,LC0200A,MA1300,11767,TB3
954,BSc Computational Finance and Financial Technology,LC0200A,CB2400,10235,C02
954,BSc Computational Finance and Financial Technology,LC0200A,CS1102,10541,CA1
954,BSc Computational Finance and Financial Technology,LC0200A,LC0200A,10894,T26
954,BSc Computational Finance and Financial Technology,LC0200A,MA1300,11762,CB1
954,BSc Computational Finance and Financial Technology,LC0200A,MA1300,11766,TB2
954,BSc Computational Finance and Financial Technology,LC0200A,CS1102,11969,LA2
955,BSc Computational Finance and Financial Technology,LC0200A,LC0200A,10891,T23
955,BSc Computational Finance and Financial Technology,LC0200A,CS1102,11710,C02
955,BSc Computational Finance and Financial Technology,LC0200A,CS1102,11713,L04
955,BSc Computational Finance and Financial Technology,LC0200A,MA1300,11762,CB1
955,BSc Computational Finance and Financial Technology,LC0200A,MA1300,11767,TB3
955,BSc Computational Finance and Financial Technology,LC0200A,CB2400,13315,CB3
956,BSc Computer Science,GE1401,CS2115,10405,C01
956,BSc Computer Science,GE1401,MA1508,11511,CA1
956,BSc Computer Science,GE1401,MA1508,11709,TA1
956,BSc Computer Science,GE1401,GE1401,12399,T72
956,BSc Computer Science,GE1401,CS2115,15055,T04
956,BSc Computer Science,GE1401,CS1302A,15568,C01
956,BSc Computer Science,GE1401,CS1302A,15575,T03
957,BSc Computer Science,GE1401,CS2115,10405,C01
957,BSc Computer Science,GE1401,CS2115,10407,T02
957,BSc Computer Science,GE1401,GE1401,11504,T90
957,BSc Computer Science,GE1401,MA1508,13680,CB1
957,BSc Computer Science,GE1401,MA1508,13681,TB1
957,BSc Computer Science,GE1401,CS1302A,15568,C01
957,BSc Computer Science,GE1401,CS1302A,15570,T01
958,BSc Computer Science,GE1401,GE1401,10357,T01
958,BSc Computer Science,GE1401,CS2115,11251,CB1
958,BSc Computer Science,GE1401,CS2115,11252,TB2
958,BSc Computer Science,GE1401,MA1508,13680,CB1
958,BSc Computer Science,GE1401,MA1508,13681,TB1
958,BSc Computer Science,GE1401,CS1302A,15568,C01
958,BSc Computer Science,GE1401,CS1302A,15570,T01
959,BSc Computer Science,GE1401,CS2115,10405,C01
959,BSc Computer Science,GE1401,CS2115,10407,T02
959,BSc Computer Science,GE1401,GE1401,10702,T27
959,BSc Computer Science,GE1401,MA1508,13680,CB1
959,BSc Computer Science,GE1401,MA1508,13681,TB1
959,BSc Computer Science,GE1401,CS1302A,15568,C01
959,BSc Computer Science,GE1401,CS1302A,15570,T01
960,BSc Computer Science,GE1401,CS2115,10405,C01
960,BSc Computer Science,GE1401,CS2115,10408,T03
960,BSc Computer Science,GE1401,GE1401,12125,T65
960,BSc Computer Science,GE1401,MA1508,13680,CB1
960,BSc Computer Science,GE1401,MA1508,13681,TB1
960,BSc Computer Science,GE1401,CS1302A,15568,C01
960,BSc Computer Science,GE1401,CS1302A,15573,T02
961,BSc Computer Science,GE1401,CS2115,10405,C01
961,BSc Computer Science,GE1401,MA1508,11511,CA1
961,BSc Computer Science,GE1401,MA1508,11709,TA1
961,BSc Computer Science,GE1401,GE1401,13571,T99
961,BSc Computer Science,GE1401,CS2115,15055,T04
961,BSc Computer Science,GE1401,CS1302A,15568,C01
961,BSc Computer Science,GE1401,CS1302A,15575,T03
962,BSc Computer Science,GE1401,CS2115,10405,C01
962,BSc Computer Science,GE1401,CS2115,10407,T02
962,BSc Computer Science,GE1401,GE1401,10706,T31
962,BSc Computer Science,GE1401,MA1508,13680,CB1
962,BSc Computer Science,GE1401,MA1508,13681,TB1
962,BSc Computer Science,GE1401,CS1302A,15568,C01
962,BSc Computer Science,GE1401,CS1302A,15570,T01
963,BSc Computer Science,GE1401,CS2115,10405,C01
963,BSc Computer Science,GE1401,MA1508,11511,CA1
963,BSc Computer Science,GE1401,MA1508,11709,TA1
963,BSc Computer Science,GE1401,GE1401,13571,T99
963,BSc Computer Science,GE1401,CS2115,15055,T04
963,BSc Computer Science,GE1401,CS1302A,15568,C01
963,BSc Computer Science,GE1401,CS1302A,15575,T03
964,BSc Computer Science,GE1401,CS2115,10405,C01
964,BSc Computer Science,GE1401,CS2115,10407,T02
964,BSc Computer Science,GE1401,GE1401,10698,T22
964,BSc Computer Science,GE1401,MA1508,13680,CB1
964,BSc Computer Science,GE1401,MA1508,13681,TB1
964,BSc Computer Science,GE1401,CS1302A,15568,C01
964,BSc Computer Science,GE1401,CS1302A,15570,T01
965,BSc Computer Science,GE1401,CS2115,10405,C01
965,BSc Computer Science,GE1401,CS2115,10407,T02
965,BSc Computer Science,GE1401,GE1401,10702,T27
965,BSc Computer Science,GE1401,MA1508,13680,CB1
965,BSc Computer Science,GE1401,MA1508,13681,TB1
965,BSc Computer Science,GE1401,CS1302A,15568,C01
965,BSc Computer Science,GE1401,CS1302A,15570,T01
966,BSc Computer Science,GE1401,GE1401,10357,T01
966,BSc Computer Science,GE1401,CS2115,11251,CB1
966,BSc Computer Science,GE1401,CS2115,11252,TB2
966,BSc Computer Science,GE1401,MA1508,13680,CB1
966,BSc Computer Science,GE1401,MA1508,13681,TB1
966,BSc Computer Science,GE1401,CS1302A,15568,C01
966,BSc Computer Science,GE1401,CS1302A,15570,T01
967,BSc Computer Science,GE1401,CS2115,10405,C01
967,BSc Computer Science,GE1401,CS2115,10407,T02
967,BSc Computer Science,GE1401,GE1401,10706,T31
967,BSc Computer Science,GE1401,MA1508,13680,CB1
967,BSc Computer Science,GE1401,MA1508,13681,TB1
967,BSc Computer Science,GE1401,CS1302A,15568,C01
967,BSc Computer Science,GE1401,CS1302A,15570,T01
968,BSc Computer Science,GE1401,CS2115,10405,C01
968,BSc Computer Science,GE1401,CS2115,10407,T02
968,BSc Computer Science,GE1401,GE1401,10702,T27
968,BSc Computer Science,GE1401,MA1508,13680,CB1
968,BSc Computer Science,GE1401,MA1508,13681,TB1
968,BSc Computer Science,GE1401,CS1302A,15568,C01
968,BSc Computer Science,GE1401,CS1302A,15570,T01
969,BSc Computer Science,GE1401,CS2115,10405,C01
969,BSc Computer Science,GE1401,CS2115,10407,T02
969,BSc Computer Science,GE1401,GE1401,10704,T29
969,BSc Computer Science,GE1401,MA1508,13680,CB1
969,BSc Computer Science,GE1401,MA1508,13681,TB1
969,BSc Computer Science,GE1401,CS1302A,15568,C01
969,BSc Computer Science,GE1401,CS1302A,15570,T01
970,BSc Computer Science,GE1401,CS2115,10405,C01
970,BSc Computer Science,GE1401,CS2115,10407,T02
970,BSc Computer Science,GE1401,GE1401,10698,T22
970,BSc Computer Science,GE1401,MA1508,13680,CB1
970,BSc Computer Science,GE1401,MA1508,13681,TB1
970,BSc Computer Science,GE1401,CS1302A,15568,C01
970,BSc Computer Science,GE1401,CS1302A,15570,T01
971,BSc Computer Science,GE1401,CS2115,10405,C01
971,BSc Computer Science,GE1401,GE1401,10722,T55
971,BSc Computer Science,GE1401,MA1508,13680,CB1
971,BSc Computer Science,GE1401,MA1508,13681,TB1
971,BSc Computer Science,GE1401,CS2115,15055,T04
971,BSc Computer Science,GE1401,CS1302A,15569,CA1
971,BSc Computer Science,GE1401,CS1302A,15572,TA1
972,BSc Computer Science,GE1401,CS2115,10405,C01
972,BSc Computer Science,GE1401,CS2115,10407,T02
972,BSc Computer Science,GE1401,GE1401,10702,T27
972,BSc Computer Science,GE1401,MA1508,13680,CB1
972,BSc Computer Science,GE1401,MA1508,13681,TB1
972,BSc Computer Science,GE1401,CS1302A,15568,C01
972,BSc Computer Science,GE1401,CS1302A,15570,T01
973,BSc Computer Science,GE1401,CS2115,10405,C01
973,BSc Computer Science,GE1401,CS2115,10407,T02
973,BSc Computer Science,GE1401,GE1401,10704,T29
973,BSc Computer Science,GE1401,MA1508,13680,CB1
973,BSc Computer Science,GE1401,MA1508,13681,TB1
973,BSc Computer Science,GE1401,CS1302A,15568,C01
973,BSc Computer Science,GE1401,CS1302A,15570,T01
974,BSc Computer Science,GE1401,CS2115,10405,C01
974,BSc Computer Science,GE1401,CS2115,10407,T02
974,BSc Computer Science,GE1401,GE1401,10706,T31
974,BSc Computer Science,GE1401,MA1508,13680,CB1
974,BSc Computer Science,GE1401,MA1508,13681,TB1
974,BSc Computer Science,GE1401,CS1302A,15568,C01
974,BSc Computer Science,GE1401,CS1302A,15570,T01
975,BSc Computer Science,GE1401,CS2115,10405,C01
975,BSc Computer Science,GE1401,CS2115,10407,T02
975,BSc Computer Science,GE1401,GE1401,10706,T31
975,BSc Computer Science,GE1401,MA1508,13680,CB1
975,BSc Computer Science,GE1401,MA1508,13681,TB1
975,BSc Computer Science,GE1401,CS1302A,15568,C01
975,BSc Computer Science,GE1401,CS1302A,15570,T01
976,BSc Computer Science,GE1401,CS2115,10405,C01
976,BSc Computer Science,GE1401,MA1508,11511,CA1
976,BSc Computer Science,GE1401,MA1508,11709,TA1
976,BSc Computer Science,GE1401,GE1401,12399,T72
976,BSc Computer Science,GE1401,CS2115,15055,T04
976,BSc Computer Science,GE1401,CS1302A,15568,C01
976,BSc Computer Science,GE1401,CS1302A,15575,T03
977,BSc Computer Science,GE1401,CS2115,10405,C01
977,BSc Computer Science,GE1401,CS2115,10407,T02
977,BSc Computer Science,GE1401,GE1401,11494,T76
977,BSc Computer Science,GE1401,MA1508,13680,CB1
977,BSc Computer Science,GE1401,MA1508,13681,TB1
977,BSc Computer Science,GE1401,CS1302A,15568,C01
977,BSc Computer Science,GE1401,CS1302A,15570,T01
978,BSc Computer Science,GE1401,CS2115,10405,C01
978,BSc Computer Science,GE1401,CS2115,10407,T02
978,BSc Computer Science,GE1401,GE1401,11494,T76
978,BSc Computer Science,GE1401,MA1508,13680,CB1
978,BSc Computer Science,GE1401,MA1508,13681,TB1
978,BSc Computer Science,GE1401,CS1302A,15568,C01
978,BSc Computer Science,GE1401,CS1302A,15570,T01
979,BSc Computer Science,GE1401,CS2115,10405,C01
979,BSc Computer Science,GE1401,CS2115,10407,T02
979,BSc Computer Science,GE1401,GE1401,10716,T47
979,BSc Computer Science,GE1401,MA1508,13680,CB1
979,BSc Computer Science,GE1401,MA1508,13681,TB1
979,BSc Computer Science,GE1401,CS1302A,15568,C01
979,BSc Computer Science,GE1401,CS1302A,15570,T01
980,BSc Computer Science,GE1401,CS2115,10405,C01
980,BSc Computer Science,GE1401,CS2115,10407,T02
980,BSc Computer Science,GE1401,GE1401,11504,T90
980,BSc Computer Science,GE1401,MA1508,13680,CB1
980,BSc Computer Science,GE1401,MA1508,13681,TB1
980,BSc Computer Science,GE1401,CS1302A,15568,C01
980,BSc Computer Science,GE1401,CS1302A,15570,T01
981,BSc Computer Science,GE1401,CS2115,10405,C01
981,BSc Computer Science,GE1401,MA1508,11511,CA1
981,BSc Computer Science,GE1401,MA1508,11709,TA1
981,BSc Computer Science,GE1401,GE1401,13571,T99
981,BSc Computer Science,GE1401,CS2115,15055,T04
981,BSc Computer Science,GE1401,CS1302A,15568,C01
981,BSc Computer Science,GE1401,CS1302A,15575,T03
982,BSc Computer Science,GE1401,CS2115,10405,C01
982,BSc Computer Science,GE1401,CS2115,10408,T03
982,BSc Computer Science,GE1401,GE1401,10729,T63
982,BSc Computer Science,GE1401,MA1508,13680,CB1
982,BSc Computer Science,GE1401,MA1508,13681,TB1
982,BSc Computer Science,GE1401,CS1302A,15568,C01
982,BSc Computer Science,GE1401,CS1302A,15573,T02
983,BSc Computer Science,GE1401,GE1401,10722,T55
983,BSc Computer Science,GE1401,CS2115,11251,CB1
983,BSc Computer Science,GE1401,MA1508,13680,CB1
983,BSc Computer Science,GE1401,MA1508,13681,TB1
983,BSc Computer Science,GE1401,CS2115,15275,TB4
983,BSc Computer Science,GE1401,CS1302A,15568,C01
983,BSc Computer Science,GE1401,CS1302A,15570,T01
984,BSc Computer Science,GE1401,CS2115,10405,C01
984,BSc Computer Science,GE1401,CS2115,10408,T03
984,BSc Computer Science,GE1401,MA1508,13680,CB1
984,BSc Computer Science,GE1401,MA1508,13681,TB1
984,BSc Computer Science,GE1401,CS1302A,15568,C01
984,BSc Computer Science,GE1401,CS1302A,15573,T02
984,BSc Computer Science,GE1401,GE1401,15601,T28
985,BSc Computer Science,GE1401,CS2115,10405,C01
985,BSc Computer Science,GE1401,GE1401,10722,T55
985,BSc Computer Science,GE1401,MA1508,13680,CB1
985,BSc Computer Science,GE1401,MA1508,13681,TB1
985,BSc Computer Science,GE1401,CS2115,15055,T04
985,BSc Computer Science,GE1401,CS1302A,15569,CA1
985,BSc Computer Science,GE1401,CS1302A,15572,TA1
986,BSc Computer Science,GE1401,CS2115,10405,C01
986,BSc Computer Science,GE1401,CS2115,10407,T02
986,BSc Computer Science,GE1401,GE1401,11494,T76
986,BSc Computer Science,GE1401,MA1508,13680,CB1
986,BSc Computer Science,GE1401,MA1508,13681,TB1
986,BSc Computer Science,GE1401,CS1302A,15568,C01
986,BSc Computer Science,GE1401,CS1302A,15570,T01
987,BSc Computer Science,GE1401,CS2115,10405,C01
987,BSc Computer Science,GE1401,MA1508,11511,CA1
987,BSc Computer Science,GE1401,MA1508,11709,TA1
987,BSc Computer Science,GE1401,GE1401,12399,T72
987,BSc Computer Science,GE1401,CS2115,15055,T04
987,BSc Computer Science,GE1401,CS1302A,15568,C01
987,BSc Computer Science,GE1401,CS1302A,15575,T03
988,BSc Computer Science,GE1401,CS2115,10405,C01
988,BSc Computer Science,GE1401,MA1508,11511,CA1
988,BSc Computer Science,GE1401,MA1508,11709,TA1
988,BSc Computer Science,GE1401,GE1401,13571,T99
988,BSc Computer Science,GE1401,CS2115,15055,T04
988,BSc Computer Science,GE1401,CS1302A,15568,C01
988,BSc Computer Science,GE1401,CS1302A,15575,T03
989,BSc Computer Science,GE1401,CS2115,10405,C01
989,BSc Computer Science,GE1401,CS2115,10407,T02
989,BSc Computer Science,GE1401,GE1401,10702,T27
989,BSc Computer Science,GE1401,MA1508,13680,CB1
989,BSc Computer Science,GE1401,MA1508,13681,TB1
989,BSc Computer Science,GE1401,CS1302A,15568,C01
989,BSc Computer Science,GE1401,CS1302A,15570,T01
990,BSc Computer Science,GE1401,CS2115,10405,C01
990,BSc Computer Science,GE1401,CS2115,10408,T03
990,BSc Computer Science,GE1401,GE1401,10729,T63
990,BSc Computer Science,GE1401,MA1508,13680,CB1
990,BSc Computer Science,GE1401,MA1508,13681,TB1
990,BSc Computer Science,GE1401,CS1302A,15568,C01
990,BSc Computer Science,GE1401,CS1302A,15573,T02
991,BSc Computer Science,GE1401,CS2115,10405,C01
991,BSc Computer Science,GE1401,CS2115,10407,T02
991,BSc Computer Science,GE1401,GE1401,10698,T22
991,BSc Computer Science,GE1401,MA1508,13680,CB1
991,BSc Computer Science,GE1401,MA1508,13681,TB1
991,BSc Computer Science,GE1401,CS1302A,15568,C01
991,BSc Computer Science,GE1401,CS1302A,15570,T01
992,BSc Computer Science,GE1401,CS2115,10405,C01
992,BSc Computer Science,GE1401,MA1508,11511,CA1
992,BSc Computer Science,GE1401,MA1508,11709,TA1
992,BSc Computer Science,GE1401,GE1401,12399,T72
992,BSc Computer Science,GE1401,CS2115,15055,T04
992,BSc Computer Science,GE1401,CS1302A,15568,C01
992,BSc Computer Science,GE1401,CS1302A,15575,T03
993,BSc Computer Science,GE1401,CS2115,10405,C01
993,BSc Computer Science,GE1401,CS2115,10408,T03
993,BSc Computer Science,GE1401,MA1508,13680,CB1
993,BSc Computer Science,GE1401,MA1508,13681,TB1
993,BSc Computer Science,GE1401,CS1302A,15568,C01
993,BSc Computer Science,GE1401,CS1302A,15573,T02
993,BSc Computer Science,GE1401,GE1401,15601,T28
994,BSc Computer Science,GE1401,CS2115,10405,C01
994,BSc Computer Science,GE1401,MA1508,11511,CA1
994,BSc Computer Science,GE1401,MA1508,11709,TA1
994,BSc Computer Science,GE1401,GE1401,14270,TB7
994,BSc Computer Science,GE1401,CS2115,15055,T04
994,BSc Computer Science,GE1401,CS1302A,15568,C01
994,BSc Computer Science,GE1401,CS1302A,15575,T03
995,BSc Computer Science,GE1401,CS2115,10405,C01
995,BSc Computer Science,GE1401,CS2115,10407,T02
995,BSc Computer Science,GE1401,GE1401,11070,TA1
995,BSc Computer Science,GE1401,MA1508,13680,CB1
995,BSc Computer Science,GE1401,MA1508,13681,TB1
995,BSc Computer Science,GE1401,CS1302A,15568,C01
995,BSc Computer Science,GE1401,CS1302A,15570,T01
996,BSc Computer Science,GE1401,CS2115,10405,C01
996,BSc Computer Science,GE1401,CS2115,10408,T03
996,BSc Computer Science,GE1401,GE1401,10718,T50
996,BSc Computer Science,GE1401,MA1508,13680,CB1
996,BSc Computer Science,GE1401,MA1508,13681,TB1
996,BSc Computer Science,GE1401,CS1302A,15568,C01
996,BSc Computer Science,GE1401,CS1302A,15573,T02
997,BSc Computer Science,GE1401,CS2115,10405,C01
997,BSc Computer Science,GE1401,CS2115,10408,T03
997,BSc Computer Science,GE1401,GE1401,10718,T50
997,BSc Computer Science,GE1401,MA1508,13680,CB1
997,BSc Computer Science,GE1401,MA1508,13681,TB1
997,BSc Computer Science,GE1401,CS1302A,15568,C01
997,BSc Computer Science,GE1401,CS1302A,15573,T02
998,BSc Computer Science,GE1401,CS2115,10405,C01
998,BSc Computer Science,GE1401,MA1508,11511,CA1
998,BSc Computer Science,GE1401,MA1508,11709,TA1
998,BSc Computer Science,GE1401,GE1401,13571,T99
998,BSc Computer Science,GE1401,CS2115,15055,T04
998,BSc Computer Science,GE1401,CS1302A,15568,C01
998,BSc Computer Science,GE1401,CS1302A,15575,T03
999,BSc Computer Science,GE1401,CS2115,10405,C01
999,BSc Computer Science,GE1401,CS2115,10407,T02
999,BSc Computer Science,GE1401,GE1401,10698,T22
999,BSc Computer Science,GE1401,MA1508,13680,CB1
999,BSc Computer Science,GE1401,MA1508,13681,TB1
999,BSc Computer Science,GE1401,CS1302A,15568,C01
999,BSc Computer Science,GE1401,CS1302A,15570,T01
1000,BSc Computer Science,GE1401,CS2115,10405,C01
1000,BSc Computer Science,GE1401,GE1401,10722,T55
1000,BSc Computer Science,GE1401,MA1508,13680,CB1
1000,BSc Computer Science,GE1401,MA1508,13681,TB1
1000,BSc Computer Science,GE1401,CS2115,15055,T04
1000,BSc Computer Science,GE1401,CS1302A,15569,CA1
1000,BSc Computer Science,GE1401,CS1302A,15572,TA1
1001,BSc Computer Science,GE1401,CS2115,10405,C01
1001,BSc Computer Science,GE1401,CS2115,10407,T02
1001,BSc Computer Science,GE1401,GE1401,10706,T31
1001,BSc Computer Science,GE1401,MA1508,13680,CB1
1001,BSc Computer Science,GE1401,MA1508,13681,TB1
1001,BSc Computer Science,GE1401,CS1302A,15568,C01
1001,BSc Computer Science,GE1401,CS1302A,15570,T01
1002,BSc Computer Science,GE1401,CS2115,10405,C01
1002,BSc Computer Science,GE1401,CS2115,10407,T02
1002,BSc Computer Science,GE1401,GE1401,10702,T27
1002,BSc Computer Science,GE1401,MA1508,13680,CB1
1002,BSc Computer Science,GE1401,MA1508,13681,TB1
1002,BSc Computer Science,GE1401,CS1302A,15568,C01
1002,BSc Computer Science,GE1401,CS1302A,15570,T01
1003,BSc Computer Science,GE1401,CS2115,10405,C01
1003,BSc Computer Science,GE1401,MA1508,11511,CA1
1003,BSc Computer Science,GE1401,MA1508,11709,TA1
1003,BSc Computer Science,GE1401,GE1401,13571,T99
1003,BSc Computer Science,GE1401,CS2115,15055,T04
1003,BSc Computer Science,GE1401,CS1302A,15568,C01
1003,BSc Computer Science,GE1401,CS1302A,15575,T03
1004,BSc Computer Science,GE1401,GE1401,10357,T01
1004,BSc Computer Science,GE1401,CS2115,11251,CB1
1004,BSc Computer Science,GE1401,CS2115,11252,TB2
1004,BSc Computer Science,GE1401,MA1508,13680,CB1
1004,BSc Computer Science,GE1401,MA1508,13681,TB1
1004,BSc Computer Science,GE1401,CS1302A,15568,C01
1004,BSc Computer Science,GE1401,CS1302A,15570,T01
1005,BSc Computer Science,GE1401,GE1401,10357,T01
1005,BSc Computer Science,GE1401,CS2115,11251,CB1
1005,BSc Computer Science,GE1401,CS2115,11252,TB2
1005,BSc Computer Science,GE1401,MA1508,13680,CB1
1005,BSc Computer Science,GE1401,MA1508,13681,TB1
1005,BSc Computer Science,GE1401,CS1302A,15568,C01
1005,BSc Computer Science,GE1401,CS1302A,15570,T01
1006,BSc Computer Science,GE1401,CS2115,10405,C01
1006,BSc Computer Science,GE1401,MA1508,11511,CA1
1006,BSc Computer Science,GE1401,MA1508,11709,TA1
1006,BSc Computer Science,GE1401,GE1401,13571,T99
1006,BSc Computer Science,GE1401,CS2115,15055,T04
1006,BSc Computer Science,GE1401,CS1302A,15568,C01
1006,BSc Computer Science,GE1401,CS1302A,15575,T03
1007,BSc Computer Science,GE1401,CS2115,10405,C01
1007,BSc Computer Science,GE1401,CS2115,10408,T03
1007,BSc Computer Science,GE1401,GE1401,10718,T50
1007,BSc Computer Science,GE1401,MA1508,13680,CB1
1007,BSc Computer Science,GE1401,MA1508,13681,TB1
1007,BSc Computer Science,GE1401,CS1302A,15568,C01
1007,BSc Computer Science,GE1401,CS1302A,15573,T02
1008,BSc Computer Science,GE1401,CS2115,10405,C01
1008,BSc Computer Science,GE1401,CS2115,10407,T02
1008,BSc Computer Science,GE1401,GE1401,11070,TA1
1008,BSc Computer Science,GE1401,MA1508,13680,CB1
1008,BSc Computer Science,GE1401,MA1508,13681,TB1
1008,BSc Computer Science,GE1401,CS1302A,15568,C01
1008,BSc Computer Science,GE1401,CS1302A,15570,T01
1009,BSc Computer Science,GE1401,CS2115,10405,C01
1009,BSc Computer Science,GE1401,MA1508,11511,CA1
1009,BSc Computer Science,GE1401,MA1508,11709,TA1
1009,BSc Computer Science,GE1401,GE1401,13571,T99
1009,BSc Computer Science,GE1401,CS2115,15055,T04
1009,BSc Computer Science,GE1401,CS1302A,15568,C01
1009,BSc Computer Science,GE1401,CS1302A,15575,T03
1010,BSc Computer Science,GE1401,CS2115,10405,C01
1010,BSc Computer Science,GE1401,CS2115,10408,T03
1010,BSc Computer Science,GE1401,GE1401,10718,T50
1010,BSc Computer Science,GE1401,MA1508,13680,CB1
1010,BSc Computer Science,GE1401,MA1508,13681,TB1
1010,BSc Computer Science,GE1401,CS1302A,15568,C01
1010,BSc Computer Science,GE1401,CS1302A,15573,T02
1011,BSc Computer Science,GE1401,CS2115,10405,C01
1011,BSc Computer Science,GE1401,CS2115,10407,T02
1011,BSc Computer Science,GE1401,GE1401,11070,TA1
1011,BSc Computer Science,GE1401,MA1508,13680,CB1
1011,BSc Computer Science,GE1401,MA1508,13681,TB1
1011,BSc Computer Science,GE1401,CS1302A,15568,C01
1011,BSc Computer Science,GE1401,CS1302A,15570,T01
1012,BSc Computer Science,GE1401,CS2115,10405,C01
1012,BSc Computer Science,GE1401,MA1508,11511,CA1
1012,BSc Computer Science,GE1401,MA1508,11709,TA1
1012,BSc Computer Science,GE1401,GE1401,13571,T99
1012,BSc Computer Science,GE1401,CS2115,15055,T04
1012,BSc Computer Science,GE1401,CS1302A,15568,C01
1012,BSc Computer Science,GE1401,CS1302A,15575,T03
1013,BSc Computer Science,GE1401,CS2115,10405,C01
1013,BSc Computer Science,GE1401,CS2115,10407,T02
1013,BSc Computer Science,GE1401,GE1401,10706,T31
1013,BSc Computer Science,GE1401,MA1508,13680,CB1
1013,BSc Computer Science,GE1401,MA1508,13681,TB1
1013,BSc Computer Science,GE1401,CS1302A,15568,C01
1013,BSc Computer Science,GE1401,CS1302A,15570,T01
1014,BSc Computer Science,GE1401,CS2115,10405,C01
1014,BSc Computer Science,GE1401,GE1401,10724,T57
1014,BSc Computer Science,GE1401,MA1508,11511,CA1
1014,BSc Computer Science,GE1401,MA1508,11709,TA1
1014,BSc Computer Science,GE1401,CS2115,15055,T04
1014,BSc Computer Science,GE1401,CS1302A,15568,C01
1014,BSc Computer Science,GE1401,CS1302A,15575,T03
1015,BSc Computer Science,GE1401,CS2115,10405,C01
1015,BSc Computer Science,GE1401,CS2115,10407,T02
1015,BSc Computer Science,GE1401,GE1401,11494,T76
1015,BSc Computer Science,GE1401,MA1508,13680,CB1
1015,BSc Computer Science,GE1401,MA1508,13681,TB1
1015,BSc Computer Science,GE1401,CS1302A,15568,C01
1015,BSc Computer Science,GE1401,CS1302A,15570,T01
1016,BSc Computer Science,GE1401,CS2115,10405,C01
1016,BSc Computer Science,GE1401,MA1508,11511,CA1
1016,BSc Computer Science,GE1401,MA1508,11709,TA1
1016,BSc Computer Science,GE1401,GE1401,12399,T72
1016,BSc Computer Science,GE1401,CS2115,15055,T04
1016,BSc Computer Science,GE1401,CS1302A,15568,C01
1016,BSc Computer Science,GE1401,CS1302A,15575,T03
1017,BSc Computer Science,GE1401,CS2115,10405,C01
1017,BSc Computer Science,GE1401,GE1401,10722,T55
1017,BSc Computer Science,GE1401,MA1508,13680,CB1
1017,BSc Computer Science,GE1401,MA1508,13681,TB1
1017,BSc Computer Science,GE1401,CS2115,15055,T04
1017,BSc Computer Science,GE1401,CS1302A,15569,CA1
1017,BSc Computer Science,GE1401,CS1302A,15572,TA1
1018,BSc Computer Science,GE1401,CS2115,10405,C01
1018,BSc Computer Science,GE1401,CS2115,10407,T02
1018,BSc Computer Science,GE1401,MA1508,13680,CB1
1018,BSc Computer Science,GE1401,MA1508,13681,TB1
1018,BSc Computer Science,GE1401,CS1302A,15568,C01
1018,BSc Computer Science,GE1401,CS1302A,15570,T01
1018,BSc Computer Science,GE1401,GE1401,15603,T73
1019,BSc Computer Science,GE1401,CS2115,10405,C01
1019,BSc Computer Science,GE1401,CS2115,10407,T02
1019,BSc Computer Science,GE1401,GE1401,11070,TA1
1019,BSc Computer Science,GE1401,MA1508,13680,CB1
1019,BSc Computer Science,GE1401,MA1508,13681,TB1
1019,BSc Computer Science,GE1401,CS1302A,15568,C01
1019,BSc Computer Science,GE1401,CS1302A,15570,T01
1020,BSc Computer Science,GE1401,CS2115,10405,C01
1020,BSc Computer Science,GE1401,CS2115,10408,T03
1020,BSc Computer Science,GE1401,GE1401,10685,T08
1020,BSc Computer Science,GE1401,MA1508,13680,CB1
1020,BSc Computer Science,GE1401,MA1508,13681,TB1
1020,BSc Computer Science,GE1401,CS1302A,15568,C01
1020,BSc Computer Science,GE1401,CS1302A,15573,T02
1021,BSc Computer Science,GE1401,CS2115,10405,C01
1021,BSc Computer Science,GE1401,CS2115,10407,T02
1021,BSc Computer Science,GE1401,GE1401,11070,TA1
1021,BSc Computer Science,GE1401,MA1508,13680,CB1
1021,BSc Computer Science,GE1401,MA1508,13681,TB1
1021,BSc Computer Science,GE1401,CS1302A,15568,C01
1021,BSc Computer Science,GE1401,CS1302A,15570,T01
1022,BSc Computer Science,GE1401,CS2115,10405,C01
1022,BSc Computer Science,GE1401,MA1508,11511,CA1
1022,BSc Computer Science,GE1401,MA1508,11709,TA1
1022,BSc Computer Science,GE1401,GE1401,14270,TB7
1022,BSc Computer Science,GE1401,CS2115,15055,T04
1022,BSc Computer Science,GE1401,CS1302A,15568,C01
1022,BSc Computer Science,GE1401,CS1302A,15575,T03
1023,BSc Computer Science,GE1401,CS2115,10405,C01
1023,BSc Computer Science,GE1401,CS2115,10408,T03
1023,BSc Computer Science,GE1401,GE1401,12125,T65
1023,BSc Computer Science,GE1401,MA1508,13680,CB1
1023,BSc Computer Science,GE1401,MA1508,13681,TB1
1023,BSc Computer Science,GE1401,CS1302A,15568,C01
1023,BSc Computer Science,GE1401,CS1302A,15573,T02
1024,BSc Computer Science,GE1401,CS2115,10405,C01
1024,BSc Computer Science,GE1401,MA1508,11511,CA1
1024,BSc Computer Science,GE1401,MA1508,11709,TA1
1024,BSc Computer Science,GE1401,GE1401,13571,T99
1024,BSc Computer Science,GE1401,CS2115,15055,T04
1024,BSc Computer Science,GE1401,CS1302A,15568,C01
1024,BSc Computer Science,GE1401,CS1302A,15575,T03
1025,BSc Computer Science,GE1401,CS2115,10405,C01
1025,BSc Computer Science,GE1401,CS2115,10407,T02
1025,BSc Computer Science,GE1401,GE1401,10706,T31
1025,BSc Computer Science,GE1401,MA1508,13680,CB1
1025,BSc Computer Science,GE1401,MA1508,13681,TB1
1025,BSc Computer Science,GE1401,CS1302A,15568,C01
1025,BSc Computer Science,GE1401,CS1302A,15570,T01
1026,BSc Computer Science,GE1401,CS2115,10405,C01
1026,BSc Computer Science,GE1401,MA1508,11511,CA1
1026,BSc Computer Science,GE1401,MA1508,11709,TA1
1026,BSc Computer Science,GE1401,GE1401,12399,T72
1026,BSc Computer Science,GE1401,CS2115,15055,T04
1026,BSc Computer Science,GE1401,CS1302A,15568,C01
1026,BSc Computer Science,GE1401,CS1302A,15575,T03
1027,BSc Computer Science,GE1401,CS2115,10405,C01
1027,BSc Computer Science,GE1401,MA1508,11511,CA1
1027,BSc Computer Science,GE1401,MA1508,11709,TA1
1027,BSc Computer Science,GE1401,GE1401,12399,T72
1027,BSc Computer Science,GE1401,CS2115,15055,T04
1027,BSc Computer Science,GE1401,CS1302A,15568,C01
1027,BSc Computer Science,GE1401,CS1302A,15575,T03
1028,BSc Computer Science,GE1401,CS2115,10405,C01
1028,BSc Computer Science,GE1401,CS2115,10407,T02
1028,BSc Computer Science,GE1401,GE1401,10698,T22
1028,BSc Computer Science,GE1401,MA1508,13680,CB1
1028,BSc Computer Science,GE1401,MA1508,13681,TB1
1028,BSc Computer Science,GE1401,CS1302A,15568,C01
1028,BSc Computer Science,GE1401,CS1302A,15570,T01
1029,BSc Computer Science,GE1401,CS2115,10405,C01
1029,BSc Computer Science,GE1401,CS2115,10408,T03
1029,BSc Computer Science,GE1401,GE1401,12125,T65
1029,BSc Computer Science,GE1401,MA1508,13680,CB1
1029,BSc Computer Science,GE1401,MA1508,13681,TB1
1029,BSc Computer Science,GE1401,CS1302A,15568,C01
1029,BSc Computer Science,GE1401,CS1302A,15573,T02
1030,BSc Computer Science,GE1401,CS2115,10405,C01
1030,BSc Computer Science,GE1401,CS2115,10407,T02
1030,BSc Computer Science,GE1401,GE1401,11070,TA1
1030,BSc Computer Science,GE1401,MA1508,13680,CB1
1030,BSc Computer Science,GE1401,MA1508,13681,TB1
1030,BSc Computer Science,GE1401,CS1302A,15568,C01
1030,BSc Computer Science,GE1401,CS1302A,15570,T01
1031,BSc Computer Science,GE1401,CS2115,10405,C01
1031,BSc Computer Science,GE1401,CS2115,10407,T02
1031,BSc Computer Science,GE1401,GE1401,10702,T27
1031,BSc Computer Science,GE1401,MA1508,13680,CB1
1031,BSc Computer Science,GE1401,MA1508,13681,TB1
1031,BSc Computer Science,GE1401,CS1302A,15568,C01
1031,BSc Computer Science,GE1401,CS1302A,15570,T01
1032,BSc Computer Science,GE1401,CS2115,10405,C01
1032,BSc Computer Science,GE1401,CS2115,10407,T02
1032,BSc Computer Science,GE1401,GE1401,11070,TA1
1032,BSc Computer Science,GE1401,MA1508,13680,CB1
1032,BSc Computer Science,GE1401,MA1508,13681,TB1
1032,BSc Computer Science,GE1401,CS1302A,15568,C01
1032,BSc Computer Science,GE1401,CS1302A,15570,T01
1033,BSc Computer Science,GE1401,CS2115,10405,C01
1033,BSc Computer Science,GE1401,MA1508,11511,CA1
1033,BSc Computer Science,GE1401,MA1508,11709,TA1
1033,BSc Computer Science,GE1401,GE1401,13571,T99
1033,BSc Computer Science,GE1401,CS2115,15055,T04
1033,BSc Computer Science,GE1401,CS1302A,15568,C01
1033,BSc Computer Science,GE1401,CS1302A,15575,T03
1034,BSc Computer Science,GE1401,CS2115,10405,C01
1034,BSc Computer Science,GE1401,MA1508,11511,CA1
1034,BSc Computer Science,GE1401,MA1508,11709,TA1
1034,BSc Computer Science,GE1401,GE1401,12399,T72
1034,BSc Computer Science,GE1401,CS2115,15055,T04
1034,BSc Computer Science,GE1401,CS1302A,15568,C01
1034,BSc Computer Science,GE1401,CS1302A,15575,T03
1035,BSc Computer Science,GE1401,CS2115,10405,C01
1035,BSc Computer Science,GE1401,CS2115,10407,T02
1035,BSc Computer Science,GE1401,GE1401,11504,T90
1035,BSc Computer Science,GE1401,MA1508,13680,CB1
1035,BSc Computer Science,GE1401,MA1508,13681,TB1
1035,BSc Computer Science,GE1401,CS1302A,15568,C01
1035,BSc Computer Science,GE1401,CS1302A,15570,T01
1036,BSc Computer Science,GE1401,CS2115,10405,C01
1036,BSc Computer Science,GE1401,CS2115,10408,T03
1036,BSc Computer Science,GE1401,GE1401,10729,T63
1036,BSc Computer Science,GE1401,MA1508,13680,CB1
1036,BSc Computer Science,GE1401,MA1508,13681,TB1
1036,BSc Computer Science,GE1401,CS1302A,15568,C01
1036,BSc Computer Science,GE1401,CS1302A,15573,T02
1037,BSc Computer Science,GE1401,CS2115,10405,C01
1037,BSc Computer Science,GE1401,MA1508,11511,CA1
1037,BSc Computer Science,GE1401,MA1508,11709,TA1
1037,BSc Computer Science,GE1401,GE1401,13571,T99
1037,BSc Computer Science,GE1401,CS2115,15055,T04
1037,BSc Computer Science,GE1401,CS1302A,15568,C01
1037,BSc Computer Science,GE1401,CS1302A,15575,T03
1038,BSc Computer Science,GE1401,CS2115,10405,C01
1038,BSc Computer Science,GE1401,MA1508,11511,CA1
1038,BSc Computer Science,GE1401,MA1508,11709,TA1
1038,BSc Computer Science,GE1401,GE1401,14270,TB7
1038,BSc Computer Science,GE1401,CS2115,15055,T04
1038,BSc Computer Science,GE1401,CS1302A,15568,C01
1038,BSc Computer Science,GE1401,CS1302A,15575,T03
1039,BSc Computer Science,GE1401,CS2115,10405,C01
1039,BSc Computer Science,GE1401,CS2115,10408,T03
1039,BSc Computer Science,GE1401,GE1401,10718,T50
1039,BSc Computer Science,GE1401,MA1508,13680,CB1
1039,BSc Computer Science,GE1401,MA1508,13681,TB1
1039,BSc Computer Science,GE1401,CS1302A,15568,C01
1039,BSc Computer Science,GE1401,CS1302A,15573,T02
1040,BSc Computer Science,GE1401,CS2115,10405,C01
1040,BSc Computer Science,GE1401,CS2115,10408,T03
1040,BSc Computer Science,GE1401,GE1401,10718,T50
1040,BSc Computer Science,GE1401,MA1508,13680,CB1
1040,BSc Computer Science,GE1401,MA1508,13681,TB1
1040,BSc Computer Science,GE1401,CS1302A,15568,C01
1040,BSc Computer Science,GE1401,CS1302A,15573,T02
1041,BSc Computer Science,GE1401,CS2115,10405,C01
1041,BSc Computer Science,GE1401,CS2115,10407,T02
1041,BSc Computer Science,GE1401,GE1401,10704,T29
1041,BSc Computer Science,GE1401,MA1508,13680,CB1
1041,BSc Computer Science,GE1401,MA1508,13681,TB1
1041,BSc Computer Science,GE1401,CS1302A,15568,C01
1041,BSc Computer Science,GE1401,CS1302A,15570,T01
1042,BSc Computer Science,GE1401,CS2115,10405,C01
1042,BSc Computer Science,GE1401,CS2115,10407,T02
1042,BSc Computer Science,GE1401,GE1401,11494,T76
1042,BSc Computer Science,GE1401,MA1508,13680,CB1
1042,BSc Computer Science,GE1401,MA1508,13681,TB1
1042,BSc Computer Science,GE1401,CS1302A,15568,C01
1042,BSc Computer Science,GE1401,CS1302A,15570,T01
1043,BSc Computer Science,GE1401,CS2115,10405,C01
1043,BSc Computer Science,GE1401,CS2115,10408,T03
1043,BSc Computer Science,GE1401,GE1401,12125,T65
1043,BSc Computer Science,GE1401,MA1508,13680,CB1
1043,BSc Computer Science,GE1401,MA1508,13681,TB1
1043,BSc Computer Science,GE1401,CS1302A,15568,C01
1043,BSc Computer Science,GE1401,CS1302A,15573,T02
1044,BSc Computer Science,GE1401,CS2115,10405,C01
1044,BSc Computer Science,GE1401,MA1508,11511,CA1
1044,BSc Computer Science,GE1401,MA1508,11709,TA1
1044,BSc Computer Science,GE1401,GE1401,14270,TB7
1044,BSc Computer Science,GE1401,CS2115,15055,T04
1044,BSc Computer Science,GE1401,CS1302A,15568,C01
1044,BSc Computer Science,GE1401,CS1302A,15575,T03
1045,BSc Computer Science,GE1401,CS2115,10405,C01
1045,BSc Computer Science,GE1401,MA1508,11511,CA1
1045,BSc Computer Science,GE1401,MA1508,11709,TA1
1045,BSc Computer Science,GE1401,GE1401,14270,TB7
1045,BSc Computer Science,GE1401,CS2115,15055,T04
1045,BSc Computer Science,GE1401,CS1302A,15568,C01
1045,BSc Computer Science,GE1401,CS1302A,15575,T03
1046,BSc Computer Science,GE1401,CS2115,10405,C01
1046,BSc Computer Science,GE1401,CS2115,10407,T02
1046,BSc Computer Science,GE1401,GE1401,11494,T76
1046,BSc Computer Science,GE1401,MA1508,13680,CB1
1046,BSc Computer Science,GE1401,MA1508,13681,TB1
1046,BSc Computer Science,GE1401,CS1302A,15568,C01
1046,BSc Computer Science,GE1401,CS1302A,15570,T01
1047,BSc Computer Science,GE1401,CS2115,10405,C01
1047,BSc Computer Science,GE1401,CS2115,10408,T03
1047,BSc Computer Science,GE1401,GE1401,10718,T50
1047,BSc Computer Science,GE1401,MA1508,13680,CB1
1047,BSc Computer Science,GE1401,MA1508,13681,TB1
1047,BSc Computer Science,GE1401,CS1302A,15568,C01
1047,BSc Computer Science,GE1401,CS1302A,15573,T02
1048,BSc Computer Science,GE1401,CS2115,10405,C01
1048,BSc Computer Science,GE1401,CS2115,10408,T03
1048,BSc Computer Science,GE1401,GE1401,10698,T22
1048,BSc Computer Science,GE1401,MA1508,13680,CB1
1048,BSc Computer Science,GE1401,MA1508,13681,TB1
1048,BSc Computer Science,GE1401,CS1302A,15568,C01
1048,BSc Computer Science,GE1401,CS1302A,15573,T02
1049,BSc Computer Science,GE1401,CS2115,10405,C01
1049,BSc Computer Science,GE1401,CS2115,10408,T03
1049,BSc Computer Science,GE1401,GE1401,10729,T63
1049,BSc Computer Science,GE1401,MA1508,13680,CB1
1049,BSc Computer Science,GE1401,MA1508,13681,TB1
1049,BSc Computer Science,GE1401,CS1302A,15568,C01
1049,BSc Computer Science,GE1401,CS1302A,15573,T02
1050,BSc Computer Science,GE1401,CS2115,10405,C01
1050,BSc Computer Science,GE1401,CS2115,10408,T03
1050,BSc Computer Science,GE1401,GE1401,12125,T65
1050,BSc Computer Science,GE1401,MA1508,13680,CB1
1050,BSc Computer Science,GE1401,MA1508,13681,TB1
1050,BSc Computer Science,GE1401,CS1302A,15568,C01
1050,BSc Computer Science,GE1401,CS1302A,15573,T02
1051,BSc Computer Science,GE1401,CS2115,10405,C01
1051,BSc Computer Science,GE1401,CS2115,10407,T02
1051,BSc Computer Science,GE1401,GE1401,10702,T27
1051,BSc Computer Science,GE1401,MA1508,13680,CB1
1051,BSc Computer Science,GE1401,MA1508,13681,TB1
1051,BSc Computer Science,GE1401,CS1302A,15568,C01
1051,BSc Computer Science,GE1401,CS1302A,15570,T01
1052,BSc Computer Science,GE1401,CS2115,10405,C01
1052,BSc Computer Science,GE1401,CS2115,10408,T03
1052,BSc Computer Science,GE1401,GE1401,10729,T63
1052,BSc Computer Science,GE1401,MA1508,13680,CB1
1052,BSc Computer Science,GE1401,MA1508,13681,TB1
1052,BSc Computer Science,GE1401,CS1302A,15568,C01
1052,BSc Computer Science,GE1401,CS1302A,15573,T02
1053,BSc Computer Science,GE1401,CS2115,10405,C01
1053,BSc Computer Science,GE1401,CS2115,10408,T03
1053,BSc Computer Science,GE1401,GE1401,10718,T50
1053,BSc Computer Science,GE1401,MA1508,13680,CB1
1053,BSc Computer Science,GE1401,MA1508,13681,TB1
1053,BSc Computer Science,GE1401,CS1302A,15568,C01
1053,BSc Computer Science,GE1401,CS1302A,15573,T02
1054,BSc Computer Science,GE1401,CS2115,10405,C01
1054,BSc Computer Science,GE1401,CS2115,10407,T02
1054,BSc Computer Science,GE1401,GE1401,11494,T76
1054,BSc Computer Science,GE1401,MA1508,13680,CB1
1054,BSc Computer Science,GE1401,MA1508,13681,TB1
1054,BSc Computer Science,GE1401,CS1302A,15568,C01
1054,BSc Computer Science,GE1401,CS1302A,15570,T01
1055,BSc Computer Science,GE1401,CS2115,10405,C01
1055,BSc Computer Science,GE1401,CS2115,10407,T02
1055,BSc Computer Science,GE1401,GE1401,10704,T29
1055,BSc Computer Science,GE1401,MA1508,13680,CB1
1055,BSc Computer Science,GE1401,MA1508,13681,TB1
1055,BSc Computer Science,GE1401,CS1302A,15568,C01
1055,BSc Computer Science,GE1401,CS1302A,15570,T01
1056,BSc Computer Science,GE1401,CS2115,10405,C01
1056,BSc Computer Science,GE1401,MA1508,11511,CA1
1056,BSc Computer Science,GE1401,MA1508,11709,TA1
1056,BSc Computer Science,GE1401,GE1401,12399,T72
1056,BSc Computer Science,GE1401,CS2115,15055,T04
1056,BSc Computer Science,GE1401,CS1302A,15568,C01
1056,BSc Computer Science,GE1401,CS1302A,15575,T03
1057,BSc Computer Science,GE1401,CS2115,10405,C01
1057,BSc Computer Science,GE1401,CS2115,10407,T02
1057,BSc Computer Science,GE1401,GE1401,10702,T27
1057,BSc Computer Science,GE1401,MA1508,13680,CB1
1057,BSc Computer Science,GE1401,MA1508,13681,TB1
1057,BSc Computer Science,GE1401,CS1302A,15568,C01
1057,BSc Computer Science,GE1401,CS1302A,15570,T01
1058,BSc Computer Science,GE1401,CS2115,10405,C01
1058,BSc Computer Science,GE1401,MA1508,11511,CA1
1058,BSc Computer Science,GE1401,MA1508,11709,TA1
1058,BSc Computer Science,GE1401,GE1401,14270,TB7
1058,BSc Computer Science,GE1401,CS2115,15055,T04
1058,BSc Computer Science,GE1401,CS1302A,15568,C01
1058,BSc Computer Science,GE1401,CS1302A,15575,T03
1059,BSc Computer Science,GE1401,CS2115,10405,C01
1059,BSc Computer Science,GE1401,GE1401,10722,T55
1059,BSc Computer Science,GE1401,MA1508,13680,CB1
1059,BSc Computer Science,GE1401,MA1508,13681,TB1
1059,BSc Computer Science,GE1401,CS2115,15055,T04
1059,BSc Computer Science,GE1401,CS1302A,15569,CA1
1059,BSc Computer Science,GE1401,CS1302A,15572,TA1
1060,BSc Computer Science,GE1401,CS2115,10405,C01
1060,BSc Computer Science,GE1401,CS2115,10408,T03
1060,BSc Computer Science,GE1401,GE1401,10729,T63
1060,BSc Computer Science,GE1401,MA1508,13680,CB1
1060,BSc Computer Science,GE1401,MA1508,13681,TB1
1060,BSc Computer Science,GE1401,CS1302A,15568,C01
1060,BSc Computer Science,GE1401,CS1302A,15573,T02
1061,BSc Computer Science,GE1401,CS2115,10405,C01
1061,BSc Computer Science,GE1401,MA1508,11511,CA1
1061,BSc Computer Science,GE1401,MA1508,11709,TA1
1061,BSc Computer Science,GE1401,GE1401,13571,T99
1061,BSc Computer Science,GE1401,CS2115,15055,T04
1061,BSc Computer Science,GE1401,CS1302A,15568,C01
1061,BSc Computer Science,GE1401,CS1302A,15575,T03
1062,BSc Computer Science,GE1401,CS2115,10405,C01
1062,BSc Computer Science,GE1401,CS2115,10408,T03
1062,BSc Computer Science,GE1401,GE1401,10722,T55
1062,BSc Computer Science,GE1401,MA1508,13680,CB1
1062,BSc Computer Science,GE1401,MA1508,13681,TB1
1062,BSc Computer Science,GE1401,CS1302A,15568,C01
1062,BSc Computer Science,GE1401,CS1302A,15575,T03
1063,BSc Computer Science,GE1401,CS2115,10405,C01
1063,BSc Computer Science,GE1401,GE1401,10722,T55
1063,BSc Computer Science,GE1401,MA1508,13680,CB1
1063,BSc Computer Science,GE1401,MA1508,13681,TB1
1063,BSc Computer Science,GE1401,CS2115,15055,T04
1063,BSc Computer Science,GE1401,CS1302A,15569,CA1
1063,BSc Computer Science,GE1401,CS1302A,15572,TA1
1064,BSc Computer Science,GE1401,CS2115,10405,C01
1064,BSc Computer Science,GE1401,CS2115,10408,T03
1064,BSc Computer Science,GE1401,MA1508,13680,CB1
1064,BSc Computer Science,GE1401,MA1508,13681,TB1
1064,BSc Computer Science,GE1401,CS1302A,15568,C01
1064,BSc Computer Science,GE1401,CS1302A,15573,T02
1064,BSc Computer Science,GE1401,GE1401,15601,T28
1065,BSc Computer Science,GE1401,CS2115,10405,C01
1065,BSc Computer Science,GE1401,CS2115,10408,T03
1065,BSc Computer Science,GE1401,GE1401,10729,T63
1065,BSc Computer Science,GE1401,MA1508,13680,CB1
1065,BSc Computer Science,GE1401,MA1508,13681,TB1
1065,BSc Computer Science,GE1401,CS1302A,15568,C01
1065,BSc Computer Science,GE1401,CS1302A,15573,T02
1066,BSc Computer Science,GE1401,CS2115,10405,C01
1066,BSc Computer Science,GE1401,MA1508,11511,CA1
1066,BSc Computer Science,GE1401,MA1508,11709,TA1
1066,BSc Computer Science,GE1401,GE1401,12399,T72
1066,BSc Computer Science,GE1401,CS2115,15055,T04
1066,BSc Computer Science,GE1401,CS1302A,15568,C01
1066,BSc Computer Science,GE1401,CS1302A,15575,T03
1067,BSc Computer Science,GE1401,CS2115,10405,C01
1067,BSc Computer Science,GE1401,CS2115,10408,T03
1067,BSc Computer Science,GE1401,GE1401,10729,T63
1067,BSc Computer Science,GE1401,MA1508,13680,CB1
1067,BSc Computer Science,GE1401,MA1508,13681,TB1
1067,BSc Computer Science,GE1401,CS1302A,15568,C01
1067,BSc Computer Science,GE1401,CS1302A,15573,T02
1068,BSc Computer Science,GE1401,CS2115,10405,C01
1068,BSc Computer Science,GE1401,CS2115,10407,T02
1068,BSc Computer Science,GE1401,GE1401,11451,T68
1068,BSc Computer Science,GE1401,MA1508,13680,CB1
1068,BSc Computer Science,GE1401,MA1508,13681,TB1
1068,BSc Computer Science,GE1401,CS1302A,15568,C01
1068,BSc Computer Science,GE1401,CS1302A,15570,T01
1069,BSc Computer Science,GE1401,CS2115,10405,C01
1069,BSc Computer Science,GE1401,CS2115,10408,T03
1069,BSc Computer Science,GE1401,GE1401,12125,T65
1069,BSc Computer Science,GE1401,MA1508,13680,CB1
1069,BSc Computer Science,GE1401,MA1508,13681,TB1
1069,BSc Computer Science,GE1401,CS1302A,15568,C01
1069,BSc Computer Science,GE1401,CS1302A,15573,T02
1070,BSc Computer Science,GE1401,CS2115,10405,C01
1070,BSc Computer Science,GE1401,CS2115,10407,T02
1070,BSc Computer Science,GE1401,GE1401,11504,T90
1070,BSc Computer Science,GE1401,MA1508,13680,CB1
1070,BSc Computer Science,GE1401,MA1508,13681,TB1
1070,BSc Computer Science,GE1401,CS1302A,15568,C01
1070,BSc Computer Science,GE1401,CS1302A,15570,T01
1071,BSc Computer Science,GE1401,CS2115,10405,C01
1071,BSc Computer Science,GE1401,CS2115,10408,T03
1071,BSc Computer Science,GE1401,GE1401,10680,T03
1071,BSc Computer Science,GE1401,MA1508,13680,CB1
1071,BSc Computer Science,GE1401,MA1508,13681,TB1
1071,BSc Computer Science,GE1401,CS1302A,15568,C01
1071,BSc Computer Science,GE1401,CS1302A,15573,T02
1072,BSc Computer Science,GE1401,CS2115,10405,C01
1072,BSc Computer Science,GE1401,CS2115,10408,T03
1072,BSc Computer Science,GE1401,GE1401,12125,T65
1072,BSc Computer Science,GE1401,MA1508,13680,CB1
1072,BSc Computer Science,GE1401,MA1508,13681,TB1
1072,BSc Computer Science,GE1401,CS1302A,15568,C01
1072,BSc Computer Science,GE1401,CS1302A,15573,T02
1073,BSc Computer Science,GE1401,CS2115,10405,C01
1073,BSc Computer Science,GE1401,GE1401,10722,T55
1073,BSc Computer Science,GE1401,MA1508,13680,CB1
1073,BSc Computer Science,GE1401,MA1508,13681,TB1
1073,BSc Computer Science,GE1401,CS2115,15055,T04
1073,BSc Computer Science,GE1401,CS1302A,15569,CA1
1073,BSc Computer Science,GE1401,CS1302A,15572,TA1
1074,BSc Computer Science,GE1401,CS2115,10405,C01
1074,BSc Computer Science,GE1401,CS2115,10408,T03
1074,BSc Computer Science,GE1401,GE1401,12125,T65
1074,BSc Computer Science,GE1401,MA1508,13680,CB1
1074,BSc Computer Science,GE1401,MA1508,13681,TB1
1074,BSc Computer Science,GE1401,CS1302A,15568,C01
1074,BSc Computer Science,GE1401,CS1302A,15573,T02
1075,BSc Computer Science,GE1401,CS2115,10405,C01
1075,BSc Computer Science,GE1401,CS2115,10408,T03
1075,BSc Computer Science,GE1401,GE1401,12125,T65
1075,BSc Computer Science,GE1401,MA1508,13680,CB1
1075,BSc Computer Science,GE1401,MA1508,13681,TB1
1075,BSc Computer Science,GE1401,CS1302A,15568,C01
1075,BSc Computer Science,GE1401,CS1302A,15573,T02
1076,BSc Computer Science,GE1401,CS2115,10405,C01
1076,BSc Computer Science,GE1401,CS2115,10408,T03
1076,BSc Computer Science,GE1401,GE1401,10729,T63
1076,BSc Computer Science,GE1401,MA1508,13680,CB1
1076,BSc Computer Science,GE1401,MA1508,13681,TB1
1076,BSc Computer Science,GE1401,CS1302A,15568,C01
1076,BSc Computer Science,GE1401,CS1302A,15573,T02
1077,BSc Computer Science,GE1401,CS2115,10405,C01
1077,BSc Computer Science,GE1401,CS2115,10408,T03
1077,BSc Computer Science,GE1401,GE1401,10729,T63
1077,BSc Computer Science,GE1401,MA1508,13680,CB1
1077,BSc Computer Science,GE1401,MA1508,13681,TB1
1077,BSc Computer Science,GE1401,CS1302A,15568,C01
1077,BSc Computer Science,GE1401,CS1302A,15573,T02
1078,BSc Computer Science,LC0200A,CS2115,10405,C01
1078,BSc Computer Science,LC0200A,CS2115,10408,T03
1078,BSc Computer Science,LC0200A,LC0200A,10886,T17
1078,BSc Computer Science,LC0200A,MA1508,13680,CB1
1078,BSc Computer Science,LC0200A,MA1508,13681,TB1
1078,BSc Computer Science,LC0200A,CS1302A,15568,C01
1078,BSc Computer Science,LC0200A,CS1302A,15573,T02
1079,BSc Computer Science,LC0200A,LC0200A,10882,T13
1079,BSc Computer Science,LC0200A,CS2115,11251,CB1
1079,BSc Computer Science,LC0200A,CS2115,11253,TB3
1079,BSc Computer Science,LC0200A,MA1508,13680,CB1
1079,BSc Computer Science,LC0200A,MA1508,13681,TB1
1079,BSc Computer Science,LC0200A,CS1302A,15568,C01
1079,BSc Computer Science,LC0200A,CS1302A,15573,T02
1080,BSc Computer Science,LC0200A,CS2115,10405,C01
1080,BSc Computer Science,LC0200A,CS2115,10407,T02
1080,BSc Computer Science,LC0200A,LC0200A,10886,T17
1080,BSc Computer Science,LC0200A,MA1508,13680,CB1
1080,BSc Computer Science,LC0200A,MA1508,13681,TB1
1080,BSc Computer Science,LC0200A,CS1302A,15568,C01
1080,BSc Computer Science,LC0200A,CS1302A,15570,T01
1081,BSc Computer Science,LC0200A,CS2115,10405,C01
1081,BSc Computer Science,LC0200A,CS2115,10408,T03
1081,BSc Computer Science,LC0200A,LC0200A,11173,T33
1081,BSc Computer Science,LC0200A,MA1508,13680,CB1
1081,BSc Computer Science,LC0200A,MA1508,13681,TB1
1081,BSc Computer Science,LC0200A,CS1302A,15568,C01
1081,BSc Computer Science,LC0200A,CS1302A,15573,T02
1082,BSc Computer Science,LC0200A,CS2115,10405,C01
1082,BSc Computer Science,LC0200A,CS2115,10407,T02
1082,BSc Computer Science,LC0200A,LC0200A,10886,T17
1082,BSc Computer Science,LC0200A,MA1508,13680,CB1
1082,BSc Computer Science,LC0200A,MA1508,13681,TB1
1082,BSc Computer Science,LC0200A,CS1302A,15568,C01
1082,BSc Computer Science,LC0200A,CS1302A,15570,T01
1083,BSc Computer Science,LC0200A,CS2115,10405,C01
1083,BSc Computer Science,LC0200A,CS2115,10408,T03
1083,BSc Computer Science,LC0200A,LC0200A,10875,T06
1083,BSc Computer Science,LC0200A,MA1508,13680,CB1
1083,BSc Computer Science,LC0200A,MA1508,13681,TB1
1083,BSc Computer Science,LC0200A,CS1302A,15568,C01
1083,BSc Computer Science,LC0200A,CS1302A,15575,T03
1084,BSc Computer Science,LC0200A,CS2115,10405,C01
1084,BSc Computer Science,LC0200A,CS2115,10407,T02
1084,BSc Computer Science,LC0200A,LC0200A,10886,T17
1084,BSc Computer Science,LC0200A,MA1508,13680,CB1
1084,BSc Computer Science,LC0200A,MA1508,13681,TB1
1084,BSc Computer Science,LC0200A,CS1302A,15568,C01
1084,BSc Computer Science,LC0200A,CS1302A,15570,T01
1085,BSc Computer Science,LC0200A,CS2115,10405,C01
1085,BSc Computer Science,LC0200A,CS2115,10407,T02
1085,BSc Computer Science,LC0200A,LC0200A,10886,T17
1085,BSc Computer Science,LC0200A,MA1508,13680,CB1
1085,BSc Computer Science,LC0200A,MA1508,13681,TB1
1085,BSc Computer Science,LC0200A,CS1302A,15568,C01
1085,BSc Computer Science,LC0200A,CS1302A,15570,T01
1086,BSc Computer Science,LC0200A,CS2115,10405,C01
1086,BSc Computer Science,LC0200A,CS2115,10407,T02
1086,BSc Computer Science,LC0200A,LC0200A,10886,T17
1086,BSc Computer Science,LC0200A,MA1508,13680,CB1
1086,BSc Computer Science,LC0200A,MA1508,13681,TB1
1086,BSc Computer Science,LC0200A,CS1302A,15568,C01
1086,BSc Computer Science,LC0200A,CS1302A,15570,T01
1087,BSc Computer Science,LC0200A,CS2115,10405,C01
1087,BSc Computer Science,LC0200A,CS2115,10408,T03
1087,BSc Computer Science,LC0200A,LC0200A,11173,T33
1087,BSc Computer Science,LC0200A,MA1508,13680,CB1
1087,BSc Computer Science,LC0200A,MA1508,13681,TB1
1087,BSc Computer Science,LC0200A,CS1302A,15568,C01
1087,BSc Computer Science,LC0200A,CS1302A,15573,T02
1088,BSc Computer Science,LC0200A,CS2115,10405,C01
1088,BSc Computer Science,LC0200A,CS2115,10408,T03
1088,BSc Computer Science,LC0200A,LC0200A,10885,T16
1088,BSc Computer Science,LC0200A,MA1508,13680,CB1
1088,BSc Computer Science,LC0200A,MA1508,13681,TB1
1088,BSc Computer Science,LC0200A,CS1302A,15568,C01
1088,BSc Computer Science,LC0200A,CS1302A,15573,T02
1089,BSc Computer Science,LC0200A,CS2115,10405,C01
1089,BSc Computer Science,LC0200A,CS2115,10408,T03
1089,BSc Computer Science,LC0200A,LC0200A,10886,T17
1089,BSc Computer Science,LC0200A,MA1508,13680,CB1
1089,BSc Computer Science,LC0200A,MA1508,13681,TB1
1089,BSc Computer Science,LC0200A,CS1302A,15568,C01
1089,BSc Computer Science,LC0200A,CS1302A,15573,T02
1090,BSc Computer Science,LC0200A,CS2115,10405,C01
1090,BSc Computer Science,LC0200A,MA1508,11511,CA1
1090,BSc Computer Science,LC0200A,MA1508,11709,TA1
1090,BSc Computer Science,LC0200A,LC0200A,12320,T38
1090,BSc Computer Science,LC0200A,CS2115,15055,T04
1090,BSc Computer Science,LC0200A,CS1302A,15568,C01
1090,BSc Computer Science,LC0200A,CS1302A,15575,T03
1091,BSc Computer Science,LC0200A,CS2115,10405,C01
1091,BSc Computer Science,LC0200A,LC0200A,10876,T07
1091,BSc Computer Science,LC0200A,MA1508,11511,CA1
1091,BSc Computer Science,LC0200A,MA1508,11709,TA1
1091,BSc Computer Science,LC0200A,CS2115,15055,T04
1091,BSc Computer Science,LC0200A,CS1302A,15568,C01
1091,BSc Computer Science,LC0200A,CS1302A,15575,T03
1092,BSc Computer Science,LC0200A,CS2115,10405,C01
1092,BSc Computer Science,LC0200A,LC0200A,10876,T07
1092,BSc Computer Science,LC0200A,MA1508,11511,CA1
1092,BSc Computer Science,LC0200A,MA1508,11709,TA1
1092,BSc Computer Science,LC0200A,CS2115,15055,T04
1092,BSc Computer Science,LC0200A,CS1302A,15568,C01
1092,BSc Computer Science,LC0200A,CS1302A,15575,T03
1093,BSc Computer Science,LC0200A,CS2115,10405,C01
1093,BSc Computer Science,LC0200A,CS2115,10408,T03
1093,BSc Computer Science,LC0200A,LC0200A,11173,T33
1093,BSc Computer Science,LC0200A,MA1508,13680,CB1
1093,BSc Computer Science,LC0200A,MA1508,13681,TB1
1093,BSc Computer Science,LC0200A,CS1302A,15568,C01
1093,BSc Computer Science,LC0200A,CS1302A,15573,T02
1094,BSc Computer Science,LC0200A,CS2115,10405,C01
1094,BSc Computer Science,LC0200A,CS2115,10408,T03
1094,BSc Computer Science,LC0200A,LC0200A,10883,T14
1094,BSc Computer Science,LC0200A,MA1508,13680,CB1
1094,BSc Computer Science,LC0200A,MA1508,13681,TB1
1094,BSc Computer Science,LC0200A,CS1302A,15568,C01
1094,BSc Computer Science,LC0200A,CS1302A,15573,T02
1095,BSc Computer Science,LC0200A,CS2115,10405,C01
1095,BSc Computer Science,LC0200A,LC0200A,10891,T23
1095,BSc Computer Science,LC0200A,MA1508,11511,CA1
1095,BSc Computer Science,LC0200A,MA1508,11709,TA1
1095,BSc Computer Science,LC0200A,CS2115,15055,T04
1095,BSc Computer Science,LC0200A,CS1302A,15568,C01
1095,BSc Computer Science,LC0200A,CS1302A,15575,T03
1096,BSc Computer Science,LC0200A,CS2115,10405,C01
1096,BSc Computer Science,LC0200A,CS2115,10408,T03
1096,BSc Computer Science,LC0200A,LC0200A,10886,T17
1096,BSc Computer Science,LC0200A,MA1508,13680,CB1
1096,BSc Computer Science,LC0200A,MA1508,13681,TB1
1096,BSc Computer Science,LC0200A,CS1302A,15568,C01
1096,BSc Computer Science,LC0200A,CS1302A,15573,T02
1097,BSc Computer Science,LC0200A,CS2115,10405,C01
1097,BSc Computer Science,LC0200A,LC0200A,10876,T07
1097,BSc Computer Science,LC0200A,MA1508,11511,CA1
1097,BSc Computer Science,LC0200A,MA1508,11709,TA1
1097,BSc Computer Science,LC0200A,CS2115,15055,T04
1097,BSc Computer Science,LC0200A,CS1302A,15568,C01
1097,BSc Computer Science,LC0200A,CS1302A,15575,T03
1098,BSc Computer Science,LC0200A,CS2115,10405,C01
1098,BSc Computer Science,LC0200A,CS2115,10408,T03
1098,BSc Computer Science,LC0200A,LC0200A,11170,T32
1098,BSc Computer Science,LC0200A,MA1508,13680,CB1
1098,BSc Computer Science,LC0200A,MA1508,13681,TB1
1098,BSc Computer Science,LC0200A,CS1302A,15568,C01
1098,BSc Computer Science,LC0200A,CS1302A,15573,T02
1099,BSc Computer Science,LC0200A,LC0200A,10875,T06
1099,BSc Computer Science,LC0200A,CS2115,11251,CB1
1099,BSc Computer Science,LC0200A,MA1508,13680,CB1
1099,BSc Computer Science,LC0200A,MA1508,13681,TB1
1099,BSc Computer Science,LC0200A,CS2115,15275,TB4
1099,BSc Computer Science,LC0200A,CS1302A,15568,C01
1099,BSc Computer Science,LC0200A,CS1302A,15570,T01
1100,BSc Computer Science,LC0200A,CS2115,10405,C01
1100,BSc Computer Science,LC0200A,LC0200A,11173,T33
1100,BSc Computer Science,LC0200A,MA1508,11511,CA1
1100,BSc Computer Science,LC0200A,MA1508,11709,TA1
1100,BSc Computer Science,LC0200A,CS2115,15055,T04
1100,BSc Computer Science,LC0200A,CS1302A,15568,C01
1100,BSc Computer Science,LC0200A,CS1302A,15575,T03
1101,BSc Computer Science,LC0200A,CS2115,10405,C01
1101,BSc Computer Science,LC0200A,CS2115,10407,T02
1101,BSc Computer Science,LC0200A,LC0200A,10886,T17
1101,BSc Computer Science,LC0200A,MA1508,13680,CB1
1101,BSc Computer Science,LC0200A,MA1508,13681,TB1
1101,BSc Computer Science,LC0200A,CS1302A,15568,C01
1101,BSc Computer Science,LC0200A,CS1302A,15570,T01
1102,BSc Computer Science,LC0200A,CS2115,10405,C01
1102,BSc Computer Science,LC0200A,LC0200A,11173,T33
1102,BSc Computer Science,LC0200A,MA1508,11511,CA1
1102,BSc Computer Science,LC0200A,MA1508,11709,TA1
1102,BSc Computer Science,LC0200A,CS2115,15055,T04
1102,BSc Computer Science,LC0200A,CS1302A,15568,C01
1102,BSc Computer Science,LC0200A,CS1302A,15575,T03
1103,BSc Computer Science,LC0200A,CS2115,10405,C01
1103,BSc Computer Science,LC0200A,CS2115,10407,T02
1103,BSc Computer Science,LC0200A,LC0200A,10886,T17
1103,BSc Computer Science,LC0200A,MA1508,13680,CB1
1103,BSc Computer Science,LC0200A,MA1508,13681,TB1
1103,BSc Computer Science,LC0200A,CS1302A,15568,C01
1103,BSc Computer Science,LC0200A,CS1302A,15570,T01
1104,BSc Computer Science,LC0200A,CS2115,10405,C01
1104,BSc Computer Science,LC0200A,LC0200A,10875,T06
1104,BSc Computer Science,LC0200A,MA1508,13680,CB1
1104,BSc Computer Science,LC0200A,MA1508,13681,TB1
1104,BSc Computer Science,LC0200A,CS2115,15055,T04
1104,BSc Computer Science,LC0200A,CS1302A,15569,CA1
1104,BSc Computer Science,LC0200A,CS1302A,15572,TA1
1105,BSc Computer Science,LC0200A,CS2115,10405,C01
1105,BSc Computer Science,LC0200A,CS2115,10408,T03
1105,BSc Computer Science,LC0200A,LC0200A,10883,T14
1105,BSc Computer Science,LC0200A,MA1508,13680,CB1
1105,BSc Computer Science,LC0200A,MA1508,13681,TB1
1105,BSc Computer Science,LC0200A,CS1302A,15568,C01
1105,BSc Computer Science,LC0200A,CS1302A,15573,T02
1106,BSc Computer Science,LC0200A,CS2115,10405,C01
1106,BSc Computer Science,LC0200A,CS2115,10408,T03
1106,BSc Computer Science,LC0200A,LC0200A,10875,T06
1106,BSc Computer Science,LC0200A,MA1508,13680,CB1
1106,BSc Computer Science,LC0200A,MA1508,13681,TB1
1106,BSc Computer Science,LC0200A,CS1302A,15568,C01
1106,BSc Computer Science,LC0200A,CS1302A,15575,T03
1107,BSc Computer Science,LC0200A,CS2115,10405,C01
1107,BSc Computer Science,LC0200A,CS2115,10408,T03
1107,BSc Computer Science,LC0200A,LC0200A,10883,T14
1107,BSc Computer Science,LC0200A,MA1508,13680,CB1
1107,BSc Computer Science,LC0200A,MA1508,13681,TB1
1107,BSc Computer Science,LC0200A,CS1302A,15568,C01
1107,BSc Computer Science,LC0200A,CS1302A,15573,T02
1108,BSc Computer Science,LC0200A,CS2115,10405,C01
1108,BSc Computer Science,LC0200A,CS2115,10408,T03
1108,BSc Computer Science,LC0200A,LC0200A,10883,T14
1108,BSc Computer Science,LC0200A,MA1508,13680,CB1
1108,BSc Computer Science,LC0200A,MA1508,13681,TB1
1108,BSc Computer Science,LC0200A,CS1302A,15568,C01
1108,BSc Computer Science,LC0200A,CS1302A,15573,T02
1109,BSc Computer Science,LC0200A,CS2115,10405,C01
1109,BSc Computer Science,LC0200A,CS2115,10408,T03
1109,BSc Computer Science,LC0200A,LC0200A,10875,T06
1109,BSc Computer Science,LC0200A,MA1508,13680,CB1
1109,BSc Computer Science,LC0200A,MA1508,13681,TB1
1109,BSc Computer Science,LC0200A,CS1302A,15568,C01
1109,BSc Computer Science,LC0200A,CS1302A,15575,T03
1110,BSc Computer Science,LC0200A,CS2115,10405,C01
1110,BSc Computer Science,LC0200A,CS2115,10408,T03
1110,BSc Computer Science,LC0200A,LC0200A,10883,T14
1110,BSc Computer Science,LC0200A,MA1508,13680,CB1
1110,BSc Computer Science,LC0200A,MA1508,13681,TB1
1110,BSc Computer Science,LC0200A,CS1302A,15568,C01
1110,BSc Computer Science,LC0200A,CS1302A,15573,T02
1111,BSc Computer Science,LC0200A,LC0200A,10875,T06
1111,BSc Computer Science,LC0200A,CS2115,11251,CB1
1111,BSc Computer Science,LC0200A,MA1508,13680,CB1
1111,BSc Computer Science,LC0200A,MA1508,13681,TB1
1111,BSc Computer Science,LC0200A,CS2115,15275,TB4
1111,BSc Computer Science,LC0200A,CS1302A,15568,C01
1111,BSc Computer Science,LC0200A,CS1302A,15570,T01
1112,BSc Computer Science,LC0200A,CS2115,10405,C01
1112,BSc Computer Science,LC0200A,CS2115,10408,T03
1112,BSc Computer Science,LC0200A,LC0200A,10883,T14
1112,BSc Computer Science,LC0200A,MA1508,13680,CB1
1112,BSc Computer Science,LC0200A,MA1508,13681,TB1
1112,BSc Computer Science,LC0200A,CS1302A,15568,C01
1112,BSc Computer Science,LC0200A,CS1302A,15573,T02
1113,BSc Computer Science,LC0200A,CS2115,10405,C01
1113,BSc Computer Science,LC0200A,CS2115,10408,T03
1113,BSc Computer Science,LC0200A,LC0200A,10883,T14
1113,BSc Computer Science,LC0200A,MA1508,13680,CB1
1113,BSc Computer Science,LC0200A,MA1508,13681,TB1
1113,BSc Computer Science,LC0200A,CS1302A,15568,C01
1113,BSc Computer Science,LC0200A,CS1302A,15573,T02
1114,BSc Computer Science,LC0200A,CS2115,10405,C01
1114,BSc Computer Science,LC0200A,CS2115,10407,T02
1114,BSc Computer Science,LC0200A,LC0200A,10886,T17
1114,BSc Computer Science,LC0200A,MA1508,13680,CB1
1114,BSc Computer Science,LC0200A,MA1508,13681,TB1
1114,BSc Computer Science,LC0200A,CS1302A,15568,C01
1114,BSc Computer Science,LC0200A,CS1302A,15570,T01
1115,BSc Computer Science,LC0200A,CS2115,10405,C01
1115,BSc Computer Science,LC0200A,CS2115,10408,T03
1115,BSc Computer Science,LC0200A,LC0200A,10886,T17
1115,BSc Computer Science,LC0200A,MA1508,13680,CB1
1115,BSc Computer Science,LC0200A,MA1508,13681,TB1
1115,BSc Computer Science,LC0200A,CS1302A,15568,C01
1115,BSc Computer Science,LC0200A,CS1302A,15573,T02
1116,BSc Computer Science,LC0200A,CS2115,10405,C01
1116,BSc Computer Science,LC0200A,CS2115,10408,T03
1116,BSc Computer Science,LC0200A,LC0200A,10883,T14
1116,BSc Computer Science,LC0200A,MA1508,13680,CB1
1116,BSc Computer Science,LC0200A,MA1508,13681,TB1
1116,BSc Computer Science,LC0200A,CS1302A,15568,C01
1116,BSc Computer Science,LC0200A,CS1302A,15573,T02
1117,BSc Computer Science,LC0200A,CS2115,10405,C01
1117,BSc Computer Science,LC0200A,LC0200A,10876,T07
1117,BSc Computer Science,LC0200A,MA1508,11511,CA1
1117,BSc Computer Science,LC0200A,MA1508,11709,TA1
1117,BSc Computer Science,LC0200A,CS2115,15055,T04
1117,BSc Computer Science,LC0200A,CS1302A,15568,C01
1117,BSc Computer Science,LC0200A,CS1302A,15575,T03
1118,BSc Computer Science,LC0200A,CS2115,10405,C01
1118,BSc Computer Science,LC0200A,CS2115,10407,T02
1118,BSc Computer Science,LC0200A,LC0200A,10886,T17
1118,BSc Computer Science,LC0200A,MA1508,13680,CB1
1118,BSc Computer Science,LC0200A,MA1508,13681,TB1
1118,BSc Computer Science,LC0200A,CS1302A,15568,C01
1118,BSc Computer Science,LC0200A,CS1302A,15570,T01
1119,BSc Computer Science,LC0200A,CS2115,10405,C01
1119,BSc Computer Science,LC0200A,LC0200A,10891,T23
1119,BSc Computer Science,LC0200A,MA1508,11511,CA1
1119,BSc Computer Science,LC0200A,MA1508,11709,TA1
1119,BSc Computer Science,LC0200A,CS2115,15055,T04
1119,BSc Computer Science,LC0200A,CS1302A,15568,C01
1119,BSc Computer Science,LC0200A,CS1302A,15575,T03
1120,BSc Computer Science,LC0200A,LC0200A,10875,T06
1120,BSc Computer Science,LC0200A,CS2115,11251,CB1
1120,BSc Computer Science,LC0200A,MA1508,13680,CB1
1120,BSc Computer Science,LC0200A,MA1508,13681,TB1
1120,BSc Computer Science,LC0200A,CS2115,15275,TB4
1120,BSc Computer Science,LC0200A,CS1302A,15568,C01
1120,BSc Computer Science,LC0200A,CS1302A,15570,T01
1121,BSc Computer Science,LC0200A,LC0200A,10882,T13
1121,BSc Computer Science,LC0200A,CS2115,11251,CB1
1121,BSc Computer Science,LC0200A,CS2115,11253,TB3
1121,BSc Computer Science,LC0200A,MA1508,13680,CB1
1121,BSc Computer Science,LC0200A,MA1508,13681,TB1
1121,BSc Computer Science,LC0200A,CS1302A,15568,C01
1121,BSc Computer Science,LC0200A,CS1302A,15573,T02
1122,BSc Computer Science,LC0200A,LC0200A,10882,T13
1122,BSc Computer Science,LC0200A,CS2115,11251,CB1
1122,BSc Computer Science,LC0200A,CS2115,11253,TB3
1122,BSc Computer Science,LC0200A,MA1508,13680,CB1
1122,BSc Computer Science,LC0200A,MA1508,13681,TB1
1122,BSc Computer Science,LC0200A,CS1302A,15568,C01
1122,BSc Computer Science,LC0200A,CS1302A,15573,T02
1123,BSc Computer Science,LC0200A,LC0200A,10882,T13
1123,BSc Computer Science,LC0200A,CS2115,11251,CB1
1123,BSc Computer Science,LC0200A,CS2115,11253,TB3
1123,BSc Computer Science,LC0200A,MA1508,13680,CB1
1123,BSc Computer Science,LC0200A,MA1508,13681,TB1
1123,BSc Computer Science,LC0200A,CS1302A,15568,C01
1123,BSc Computer Science,LC0200A,CS1302A,15573,T02
1124,BSc Computer Science,LC0200A,CS2115,10405,C01
1124,BSc Computer Science,LC0200A,LC0200A,10875,T06
1124,BSc Computer Science,LC0200A,MA1508,13680,CB1
1124,BSc Computer Science,LC0200A,MA1508,13681,TB1
1124,BSc Computer Science,LC0200A,CS2115,15055,T04
1124,BSc Computer Science,LC0200A,CS1302A,15568,C01
1124,BSc Computer Science,LC0200A,CS1302A,15570,T01
1125,BSc Computer Science,LC0200A,CS2115,10405,C01
1125,BSc Computer Science,LC0200A,CS2115,10408,T03
1125,BSc Computer Science,LC0200A,LC0200A,10883,T14
1125,BSc Computer Science,LC0200A,MA1508,13680,CB1
1125,BSc Computer Science,LC0200A,MA1508,13681,TB1
1125,BSc Computer Science,LC0200A,CS1302A,15568,C01
1125,BSc Computer Science,LC0200A,CS1302A,15573,T02
1126,BSc Computer Science,LC0200A,CS2115,10405,C01
1126,BSc Computer Science,LC0200A,CS2115,10408,T03
1126,BSc Computer Science,LC0200A,LC0200A,10883,T14
1126,BSc Computer Science,LC0200A,MA1508,13680,CB1
1126,BSc Computer Science,LC0200A,MA1508,13681,TB1
1126,BSc Computer Science,LC0200A,CS1302A,15568,C01
1126,BSc Computer Science,LC0200A,CS1302A,15573,T02
1127,BSc Computer Science,LC0200A,CS2115,10405,C01
1127,BSc Computer Science,LC0200A,LC0200A,10891,T23
1127,BSc Computer Science,LC0200A,MA1508,11511,CA1
1127,BSc Computer Science,LC0200A,MA1508,11709,TA1
1127,BSc Computer Science,LC0200A,CS2115,15055,T04
1127,BSc Computer Science,LC0200A,CS1302A,15568,C01
1127,BSc Computer Science,LC0200A,CS1302A,15575,T03
1128,BSc Computer Science,LC0200A,CS2115,10405,C01
1128,BSc Computer Science,LC0200A,CS2115,10407,T02
1128,BSc Computer Science,LC0200A,LC0200A,10886,T17
1128,BSc Computer Science,LC0200A,MA1508,13680,CB1
1128,BSc Computer Science,LC0200A,MA1508,13681,TB1
1128,BSc Computer Science,LC0200A,CS1302A,15568,C01
1128,BSc Computer Science,LC0200A,CS1302A,15570,T01
1129,BSc Computer Science,LC0200A,CS2115,10405,C01
1129,BSc Computer Science,LC0200A,LC0200A,10875,T06
1129,BSc Computer Science,LC0200A,MA1508,13680,CB1
1129,BSc Computer Science,LC0200A,MA1508,13681,TB1
1129,BSc Computer Science,LC0200A,CS2115,15055,T04
1129,BSc Computer Science,LC0200A,CS1302A,15569,CA1
1129,BSc Computer Science,LC0200A,CS1302A,15572,TA1
1130,BSc Data Science,GE1401,GE1401,10686,T09
1130,BSc Data Science,GE1401,MA1508,11511,CA1
1130,BSc Data Science,GE1401,MA1508,11709,TA1
1130,BSc Data Science,GE1401,DSC1001,12087,C01
1130,BSc Data Science,GE1401,CS1315,13018,C01
1130,BSc Data Science,GE1401,CS1315,13021,L02
1131,BSc Data Science,GE1401,GE1401,10686,T09
1131,BSc Data Science,GE1401,MA1508,11511,CA1
1131,BSc Data Science,GE1401,MA1508,11709,TA1
1131,BSc Data Science,GE1401,DSC1001,12087,C01
1131,BSc Data Science,GE1401,CS1315,13018,C01
1131,BSc Data Science,GE1401,CS1315,13021,L02
1132,BSc Data Science,GE1401,DSC1001,12087,C01
1132,BSc Data Science,GE1401,CS1315,13018,C01
1132,BSc Data Science,GE1401,CS1315,13023,L04
1132,BSc Data Science,GE1401,MA1508,13680,CB1
1132,BSc Data Science,GE1401,MA1508,13681,TB1
1132,BSc Data Science,GE1401,GE1401,15206,TC6
1133,BSc Data Science,GE1401,GE1401,10686,T09
1133,BSc Data Science,GE1401,MA1508,11511,CA1
1133,BSc Data Science,GE1401,MA1508,11709,TA1
1133,BSc Data Science,GE1401,DSC1001,12087,C01
1133,BSc Data Science,GE1401,CS1315,13018,C01
1133,BSc Data Science,GE1401,CS1315,13021,L02
1134,BSc Data Science,GE1401,MA1508,11511,CA1
1134,BSc Data Science,GE1401,MA1508,11709,TA1
1134,BSc Data Science,GE1401,DSC1001,12087,C01
1134,BSc Data Science,GE1401,CS1315,13018,C01
1134,BSc Data Science,GE1401,CS1315,13022,L03
1134,BSc Data Science,GE1401,GE1401,13572,TB1
1135,BSc Data Science,GE1401,MA1508,11511,CA1
1135,BSc Data Science,GE1401,MA1508,11709,TA1
1135,BSc Data Science,GE1401,DSC1001,12087,C01
1135,BSc Data Science,GE1401,CS1315,13018,C01
1135,BSc Data Science,GE1401,CS1315,13022,L03
1135,BSc Data Science,GE1401,GE1401,13572,TB1
1136,BSc Data Science,GE1401,GE1401,10686,T09
1136,BSc Data Science,GE1401,MA1508,11511,CA1
1136,BSc Data Science,GE1401,MA1508,11709,TA1
1136,BSc Data Science,GE1401,DSC1001,12087,C01
1136,BSc Data Science,GE1401,CS1315,13018,C01
1136,BSc Data Science,GE1401,CS1315,13021,L02
1137,BSc Data Science,GE1401,MA1508,11511,CA1
1137,BSc Data Science,GE1401,MA1508,11709,TA1
1137,BSc Data Science,GE1401,DSC1001,12087,C01
1137,BSc Data Science,GE1401,CS1315,13018,C01
1137,BSc Data Science,GE1401,CS1315,13022,L03
1137,BSc Data Science,GE1401,GE1401,13572,TB1
1138,BSc Data Science,GE1401,GE1401,10687,T10
1138,BSc Data Science,GE1401,DSC1001,12087,C01
1138,BSc Data Science,GE1401,CS1315,13018,C01
1138,BSc Data Science,GE1401,CS1315,13023,L04
1138,BSc Data Science,GE1401,MA1508,13680,CB1
1138,BSc Data Science,GE1401,MA1508,13681,TB1
1139,BSc Data Science,GE1401,GE1401,10686,T09
1139,BSc Data Science,GE1401,MA1508,11511,CA1
1139,BSc Data Science,GE1401,MA1508,11709,TA1
1139,BSc Data Science,GE1401,DSC1001,12087,C01
1139,BSc Data Science,GE1401,CS1315,13018,C01
1139,BSc Data Science,GE1401,CS1315,13021,L02
1140,BSc Data Science,GE1401,GE1401,10686,T09
1140,BSc Data Science,GE1401,MA1508,11511,CA1
1140,BSc Data Science,GE1401,MA1508,11709,TA1
1140,BSc Data Science,GE1401,DSC1001,12087,C01
1140,BSc Data Science,GE1401,CS1315,13018,C01
1140,BSc Data Science,GE1401,CS1315,13021,L02
1141,BSc Data Science,GE1401,GE1401,11506,T78
1141,BSc Data Science,GE1401,MA1508,11511,CA1
1141,BSc Data Science,GE1401,MA1508,11709,TA1
1141,BSc Data Science,GE1401,DSC1001,12087,C01
1141,BSc Data Science,GE1401,CS1315,13018,C01
1141,BSc Data Science,GE1401,CS1315,13022,L03
1142,BSc Data Science,GE1401,MA1508,11511,CA1
1142,BSc Data Science,GE1401,MA1508,11709,TA1
1142,BSc Data Science,GE1401,DSC1001,12087,C01
1142,BSc Data Science,GE1401,CS1315,13018,C01
1142,BSc Data Science,GE1401,CS1315,13021,L02
1142,BSc Data Science,GE1401,GE1401,15601,T28
1143,BSc Data Science,GE1401,GE1401,10685,T08
1143,BSc Data Science,GE1401,MA1508,11511,CA1
1143,BSc Data Science,GE1401,MA1508,11709,TA1
1143,BSc Data Science,GE1401,DSC1001,12087,C01
1143,BSc Data Science,GE1401,CS1315,13018,C01
1143,BSc Data Science,GE1401,CS1315,13021,L02
1144,BSc Data Science,GE1401,GE1401,10729,T63
1144,BSc Data Science,GE1401,MA1508,11511,CA1
1144,BSc Data Science,GE1401,MA1508,11709,TA1
1144,BSc Data Science,GE1401,DSC1001,12087,C01
1144,BSc Data Science,GE1401,CS1315,13018,C01
1144,BSc Data Science,GE1401,CS1315,13022,L03
1145,BSc Data Science,GE1401,GE1401,10686,T09
1145,BSc Data Science,GE1401,MA1508,11511,CA1
1145,BSc Data Science,GE1401,MA1508,11709,TA1
1145,BSc Data Science,GE1401,DSC1001,12087,C01
1145,BSc Data Science,GE1401,CS1315,13018,C01
1145,BSc Data Science,GE1401,CS1315,13021,L02
1146,BSc Data Science,GE1401,GE1401,10686,T09
1146,BSc Data Science,GE1401,MA1508,11511,CA1
1146,BSc Data Science,GE1401,MA1508,11709,TA1
1146,BSc Data Science,GE1401,DSC1001,12087,C01
1146,BSc Data Science,GE1401,CS1315,13018,C01
1146,BSc Data Science,GE1401,CS1315,13021,L02
1147,BSc Data Science,GE1401,GE1401,11506,T78
1147,BSc Data Science,GE1401,MA1508,11511,CA1
1147,BSc Data Science,GE1401,MA1508,11709,TA1
1147,BSc Data Science,GE1401,DSC1001,12087,C01
1147,BSc Data Science,GE1401,CS1315,13018,C01
1147,BSc Data Science,GE1401,CS1315,13022,L03
1148,BSc Data Science,GE1401,DSC1001,12087,C01
1148,BSc Data Science,GE1401,CS1315,13018,C01
1148,BSc Data Science,GE1401,CS1315,13023,L04
1148,BSc Data Science,GE1401,MA1508,13680,CB1
1148,BSc Data Science,GE1401,MA1508,13681,TB1
1148,BSc Data Science,GE1401,GE1401,15206,TC6
1149,BSc Data Science,GE1401,GE1401,10686,T09
1149,BSc Data Science,GE1401,MA1508,11511,CA1
1149,BSc Data Science,GE1401,MA1508,11709,TA1
1149,BSc Data Science,GE1401,DSC1001,12087,C01
1149,BSc Data Science,GE1401,CS1315,13018,C01
1149,BSc Data Science,GE1401,CS1315,13021,L02
1150,BSc Data Science,GE1401,MA1508,11511,CA1
1150,BSc Data Science,GE1401,MA1508,11709,TA1
1150,BSc Data Science,GE1401,DSC1001,12087,C01
1150,BSc Data Science,GE1401,CS1315,13018,C01
1150,BSc Data Science,GE1401,CS1315,13022,L03
1150,BSc Data Science,GE1401,GE1401,13572,TB1
1151,BSc Data Science,GE1401,DSC1001,12087,C01
1151,BSc Data Science,GE1401,CS1315,13018,C01
1151,BSc Data Science,GE1401,CS1315,13020,L01
1151,BSc Data Science,GE1401,GE1401,13568,T96
1151,BSc Data Science,GE1401,MA1508,13680,CB1
1151,BSc Data Science,GE1401,MA1508,13681,TB1
1152,BSc Data Science,GE1401,MA1508,11511,CA1
1152,BSc Data Science,GE1401,MA1508,11709,TA1
1152,BSc Data Science,GE1401,DSC1001,12087,C01
1152,BSc Data Science,GE1401,CS1315,13018,C01
1152,BSc Data Science,GE1401,CS1315,13022,L03
1152,BSc Data Science,GE1401,GE1401,15600,T14
1153,BSc Data Science,GE1401,GE1401,10687,T10
1153,BSc Data Science,GE1401,DSC1001,12087,C01
1153,BSc Data Science,GE1401,CS1315,13018,C01
1153,BSc Data Science,GE1401,CS1315,13023,L04
1153,BSc Data Science,GE1401,MA1508,13680,CB1
1153,BSc Data Science,GE1401,MA1508,13681,TB1
1154,BSc Data Science,GE1401,MA1508,11511,CA1
1154,BSc Data Science,GE1401,MA1508,11709,TA1
1154,BSc Data Science,GE1401,DSC1001,12087,C01
1154,BSc Data Science,GE1401,GE1401,12398,T70
1154,BSc Data Science,GE1401,CS1315,13018,C01
1154,BSc Data Science,GE1401,CS1315,13021,L02
1155,BSc Data Science,GE1401,GE1401,10687,T10
1155,BSc Data Science,GE1401,DSC1001,12087,C01
1155,BSc Data Science,GE1401,CS1315,13018,C01
1155,BSc Data Science,GE1401,CS1315,13023,L04
1155,BSc Data Science,GE1401,MA1508,13680,CB1
1155,BSc Data Science,GE1401,MA1508,13681,TB1
1156,BSc Data Science,GE1401,GE1401,11506,T78
1156,BSc Data Science,GE1401,MA1508,11511,CA1
1156,BSc Data Science,GE1401,MA1508,11709,TA1
1156,BSc Data Science,GE1401,DSC1001,12087,C01
1156,BSc Data Science,GE1401,CS1315,13018,C01
1156,BSc Data Science,GE1401,CS1315,13022,L03
1157,BSc Data Science,GE1401,GE1401,10687,T10
1157,BSc Data Science,GE1401,DSC1001,12087,C01
1157,BSc Data Science,GE1401,CS1315,13025,CA1
1157,BSc Data Science,GE1401,MA1508,13680,CB1
1157,BSc Data Science,GE1401,MA1508,13681,TB1
1157,BSc Data Science,GE1401,CS1315,13729,LA4
1158,BSc Data Science,GE1401,DSC1001,12087,C01
1158,BSc Data Science,GE1401,CS1315,13018,C01
1158,BSc Data Science,GE1401,CS1315,13023,L04
1158,BSc Data Science,GE1401,MA1508,13680,CB1
1158,BSc Data Science,GE1401,MA1508,13681,TB1
1158,BSc Data Science,GE1401,GE1401,15206,TC6
1159,BSc Data Science,GE1401,GE1401,11451,T68
1159,BSc Data Science,GE1401,MA1508,11511,CA1
1159,BSc Data Science,GE1401,MA1508,11709,TA1
1159,BSc Data Science,GE1401,DSC1001,12087,C01
1159,BSc Data Science,GE1401,CS1315,13018,C01
1159,BSc Data Science,GE1401,CS1315,13021,L02
1160,BSc Data Science,GE1401,GE1401,10686,T09
1160,BSc Data Science,GE1401,MA1508,11511,CA1
1160,BSc Data Science,GE1401,MA1508,11709,TA1
1160,BSc Data Science,GE1401,DSC1001,12087,C01
1160,BSc Data Science,GE1401,CS1315,13018,C01
1160,BSc Data Science,GE1401,CS1315,13021,L02
1161,BSc Data Science,GE1401,GE1401,10686,T09
1161,BSc Data Science,GE1401,MA1508,11511,CA1
1161,BSc Data Science,GE1401,MA1508,11709,TA1
1161,BSc Data Science,GE1401,DSC1001,12087,C01
1161,BSc Data Science,GE1401,CS1315,13018,C01
1161,BSc Data Science,GE1401,CS1315,13021,L02
1162,BSc Data Science,GE1401,GE1401,10687,T10
1162,BSc Data Science,GE1401,DSC1001,12087,C01
1162,BSc Data Science,GE1401,CS1315,13018,C01
1162,BSc Data Science,GE1401,CS1315,13023,L04
1162,BSc Data Science,GE1401,MA1508,13680,CB1
1162,BSc Data Science,GE1401,MA1508,13681,TB1
1163,BSc Data Science,GE1401,DSC1001,12087,C01
1163,BSc Data Science,GE1401,CS1315,13018,C01
1163,BSc Data Science,GE1401,CS1315,13020,L01
1163,BSc Data Science,GE1401,GE1401,13568,T96
1163,BSc Data Science,GE1401,MA1508,13680,CB1
1163,BSc Data Science,GE1401,MA1508,13681,TB1
1164,BSc Data Science,GE1401,GE1401,10686,T09
1164,BSc Data Science,GE1401,MA1508,11511,CA1
1164,BSc Data Science,GE1401,MA1508,11709,TA1
1164,BSc Data Science,GE1401,DSC1001,12087,C01
1164,BSc Data Science,GE1401,CS1315,13018,C01
1164,BSc Data Science,GE1401,CS1315,13021,L02
1165,BSc Data Science,GE1401,MA1508,11511,CA1
1165,BSc Data Science,GE1401,MA1508,11709,TA1
1165,BSc Data Science,GE1401,DSC1001,12087,C01
1165,BSc Data Science,GE1401,GE1401,12398,T70
1165,BSc Data Science,GE1401,CS1315,13018,C01
1165,BSc Data Science,GE1401,CS1315,13021,L02
1166,BSc Data Science,GE1401,MA1508,11511,CA1
1166,BSc Data Science,GE1401,MA1508,11709,TA1
1166,BSc Data Science,GE1401,DSC1001,12087,C01
1166,BSc Data Science,GE1401,CS1315,13018,C01
1166,BSc Data Science,GE1401,CS1315,13022,L03
1166,BSc Data Science,GE1401,GE1401,15600,T14
1167,BSc Data Science,GE1401,GE1401,10685,T08
1167,BSc Data Science,GE1401,MA1508,11511,CA1
1167,BSc Data Science,GE1401,MA1508,11709,TA1
1167,BSc Data Science,GE1401,DSC1001,12087,C01
1167,BSc Data Science,GE1401,CS1315,13018,C01
1167,BSc Data Science,GE1401,CS1315,13021,L02
1168,BSc Data Science,GE1401,GE1401,10687,T10
1168,BSc Data Science,GE1401,DSC1001,12087,C01
1168,BSc Data Science,GE1401,CS1315,13025,CA1
1168,BSc Data Science,GE1401,MA1508,13680,CB1
1168,BSc Data Science,GE1401,MA1508,13681,TB1
1168,BSc Data Science,GE1401,CS1315,13729,LA4
1169,BSc Data Science,GE1401,GE1401,10729,T63
1169,BSc Data Science,GE1401,MA1508,11511,CA1
1169,BSc Data Science,GE1401,MA1508,11709,TA1
1169,BSc Data Science,GE1401,DSC1001,12087,C01
1169,BSc Data Science,GE1401,CS1315,13025,CA1
1169,BSc Data Science,GE1401,CS1315,13035,LA3
1170,BSc Data Science,GE1401,GE1401,10687,T10
1170,BSc Data Science,GE1401,DSC1001,12087,C01
1170,BSc Data Science,GE1401,CS1315,13018,C01
1170,BSc Data Science,GE1401,CS1315,13023,L04
1170,BSc Data Science,GE1401,MA1508,13680,CB1
1170,BSc Data Science,GE1401,MA1508,13681,TB1
1171,BSc Data Science,GE1401,DSC1001,12087,C01
1171,BSc Data Science,GE1401,CS1315,13018,C01
1171,BSc Data Science,GE1401,CS1315,13023,L04
1171,BSc Data Science,GE1401,MA1508,13680,CB1
1171,BSc Data Science,GE1401,MA1508,13681,TB1
1171,BSc Data Science,GE1401,GE1401,15206,TC6
1172,BSc Data Science,GE1401,GE1401,10686,T09
1172,BSc Data Science,GE1401,MA1508,11511,CA1
1172,BSc Data Science,GE1401,MA1508,11709,TA1
1172,BSc Data Science,GE1401,DSC1001,12087,C01
1172,BSc Data Science,GE1401,CS1315,13018,C01
1172,BSc Data Science,GE1401,CS1315,13021,L02
1173,BSc Data Science,GE1401,GE1401,10729,T63
1173,BSc Data Science,GE1401,MA1508,11511,CA1
1173,BSc Data Science,GE1401,MA1508,11709,TA1
1173,BSc Data Science,GE1401,DSC1001,12087,C01
1173,BSc Data Science,GE1401,CS1315,13018,C01
1173,BSc Data Science,GE1401,CS1315,13022,L03
1174,BSc Data Science,GE1401,GE1401,10685,T08
1174,BSc Data Science,GE1401,MA1508,11511,CA1
1174,BSc Data Science,GE1401,MA1508,11709,TA1
1174,BSc Data Science,GE1401,DSC1001,12087,C01
1174,BSc Data Science,GE1401,CS1315,13018,C01
1174,BSc Data Science,GE1401,CS1315,13021,L02
1175,BSc Data Science,GE1401,GE1401,10720,T53
1175,BSc Data Science,GE1401,DSC1001,12087,C01
1175,BSc Data Science,GE1401,CS1315,13025,CA1
1175,BSc Data Science,GE1401,CS1315,13033,LA1
1175,BSc Data Science,GE1401,MA1508,13680,CB1
1175,BSc Data Science,GE1401,MA1508,13681,TB1
1176,BSc Data Science,GE1401,GE1401,10686,T09
1176,BSc Data Science,GE1401,MA1508,11511,CA1
1176,BSc Data Science,GE1401,MA1508,11709,TA1
1176,BSc Data Science,GE1401,DSC1001,12087,C01
1176,BSc Data Science,GE1401,CS1315,13018,C01
1176,BSc Data Science,GE1401,CS1315,13021,L02
1177,BSc Data Science,GE1401,GE1401,10729,T63
1177,BSc Data Science,GE1401,MA1508,11511,CA1
1177,BSc Data Science,GE1401,MA1508,11709,TA1
1177,BSc Data Science,GE1401,DSC1001,12087,C01
1177,BSc Data Science,GE1401,CS1315,13018,C01
1177,BSc Data Science,GE1401,CS1315,13022,L03
1178,BSc Data Science,GE1401,GE1401,10720,T53
1178,BSc Data Science,GE1401,DSC1001,12087,C01
1178,BSc Data Science,GE1401,CS1315,13025,CA1
1178,BSc Data Science,GE1401,CS1315,13033,LA1
1178,BSc Data Science,GE1401,MA1508,13680,CB1
1178,BSc Data Science,GE1401,MA1508,13681,TB1
1179,BSc Data Science,GE1401,GE1401,10685,T08
1179,BSc Data Science,GE1401,MA1508,11511,CA1
1179,BSc Data Science,GE1401,MA1508,11709,TA1
1179,BSc Data Science,GE1401,DSC1001,12087,C01
1179,BSc Data Science,GE1401,CS1315,13018,C01
1179,BSc Data Science,GE1401,CS1315,13021,L02
1180,BSc Data Science,GE1401,GE1401,10687,T10
1180,BSc Data Science,GE1401,DSC1001,12087,C01
1180,BSc Data Science,GE1401,CS1315,13018,C01
1180,BSc Data Science,GE1401,CS1315,13023,L04
1180,BSc Data Science,GE1401,MA1508,13680,CB1
1180,BSc Data Science,GE1401,MA1508,13681,TB1
1181,BSc Data Science,GE1401,GE1401,10357,T01
1181,BSc Data Science,GE1401,MA1508,11511,CA1
1181,BSc Data Science,GE1401,MA1508,11709,TA1
1181,BSc Data Science,GE1401,DSC1001,12087,C01
1181,BSc Data Science,GE1401,CS1315,13025,CA1
1181,BSc Data Science,GE1401,CS1315,13034,LA2
1182,BSc Data Science,GE1401,MA1508,11511,CA1
1182,BSc Data Science,GE1401,MA1508,11709,TA1
1182,BSc Data Science,GE1401,DSC1001,12087,C01
1182,BSc Data Science,GE1401,CS1315,13018,C01
1182,BSc Data Science,GE1401,CS1315,13021,L02
1182,BSc Data Science,GE1401,GE1401,15601,T28
1183,BSc Data Science,GE1401,GE1401,10686,T09
1183,BSc Data Science,GE1401,MA1508,11511,CA1
1183,BSc Data Science,GE1401,MA1508,11709,TA1
1183,BSc Data Science,GE1401,DSC1001,12087,C01
1183,BSc Data Science,GE1401,CS1315,13018,C01
1183,BSc Data Science,GE1401,CS1315,13021,L02
1184,BSc Data Science,LC0200A,LC0200A,10889,T21
1184,BSc Data Science,LC0200A,DSC1001,12087,C01
1184,BSc Data Science,LC0200A,CS1315,13018,C01
1184,BSc Data Science,LC0200A,CS1315,13023,L04
1184,BSc Data Science,LC0200A,MA1508,13680,CB1
1184,BSc Data Science,LC0200A,MA1508,13681,TB1
1185,BSc Data Science,LC0200A,LC0200A,10889,T21
1185,BSc Data Science,LC0200A,DSC1001,12087,C01
1185,BSc Data Science,LC0200A,CS1315,13018,C01
1185,BSc Data Science,LC0200A,CS1315,13023,L04
1185,BSc Data Science,LC0200A,MA1508,13680,CB1
1185,BSc Data Science,LC0200A,MA1508,13681,TB1
1186,BSc Data Science,LC0200A,MA1508,11511,CA1
1186,BSc Data Science,LC0200A,MA1508,11709,TA1
1186,BSc Data Science,LC0200A,DSC1001,12087,C01
1186,BSc Data Science,LC0200A,LC0200A,12320,T38
1186,BSc Data Science,LC0200A,CS1315,13018,C01
1186,BSc Data Science,LC0200A,CS1315,13022,L03
1187,BSc Data Science,LC0200A,LC0200A,10885,T16
1187,BSc Data Science,LC0200A,MA1508,11511,CA1
1187,BSc Data Science,LC0200A,MA1508,11709,TA1
1187,BSc Data Science,LC0200A,DSC1001,12087,C01
1187,BSc Data Science,LC0200A,CS1315,13018,C01
1187,BSc Data Science,LC0200A,CS1315,13022,L03
1188,BSc Data Science,LC0200A,LC0200A,10885,T16
1188,BSc Data Science,LC0200A,MA1508,11511,CA1
1188,BSc Data Science,LC0200A,MA1508,11709,TA1
1188,BSc Data Science,LC0200A,DSC1001,12087,C01
1188,BSc Data Science,LC0200A,CS1315,13018,C01
1188,BSc Data Science,LC0200A,CS1315,13022,L03
1189,BSc Data Science,LC0200A,LC0200A,11170,T32
1189,BSc Data Science,LC0200A,MA1508,11511,CA1
1189,BSc Data Science,LC0200A,MA1508,11709,TA1
1189,BSc Data Science,LC0200A,DSC1001,12087,C01
1189,BSc Data Science,LC0200A,CS1315,13018,C01
1189,BSc Data Science,LC0200A,CS1315,13022,L03
1190,BSc Data Science,LC0200A,LC0200A,10889,T21
1190,BSc Data Science,LC0200A,DSC1001,12087,C01
1190,BSc Data Science,LC0200A,CS1315,13018,C01
1190,BSc Data Science,LC0200A,CS1315,13023,L04
1190,BSc Data Science,LC0200A,MA1508,13680,CB1
1190,BSc Data Science,LC0200A,MA1508,13681,TB1
1191,BSc Data Science,LC0200A,LC0200A,10881,T12
1191,BSc Data Science,LC0200A,MA1508,11511,CA1
1191,BSc Data Science,LC0200A,MA1508,11709,TA1
1191,BSc Data Science,LC0200A,DSC1001,12087,C01
1191,BSc Data Science,LC0200A,CS1315,13018,C01
1191,BSc Data Science,LC0200A,CS1315,13022,L03
1192,BSc Data Science,LC0200A,LC0200A,10879,T10
1192,BSc Data Science,LC0200A,MA1508,11511,CA1
1192,BSc Data Science,LC0200A,MA1508,11709,TA1
1192,BSc Data Science,LC0200A,DSC1001,12087,C01
1192,BSc Data Science,LC0200A,CS1315,13018,C01
1192,BSc Data Science,LC0200A,CS1315,13022,L03
1193,BSc Data Science,LC0200A,LC0200A,10863,T03
1193,BSc Data Science,LC0200A,DSC1001,12087,C01
1193,BSc Data Science,LC0200A,CS1315,13018,C01
1193,BSc Data Science,LC0200A,CS1315,13023,L04
1193,BSc Data Science,LC0200A,MA1508,13680,CB1
1193,BSc Data Science,LC0200A,MA1508,13681,TB1
1194,BSc Data Science,LC0200A,LC0200A,10878,T09
1194,BSc Data Science,LC0200A,MA1508,11511,CA1
1194,BSc Data Science,LC0200A,MA1508,11709,TA1
1194,BSc Data Science,LC0200A,DSC1001,12087,C01
1194,BSc Data Science,LC0200A,CS1315,13018,C01
1194,BSc Data Science,LC0200A,CS1315,13021,L02
1195,BSc Data Science,LC0200A,LC0200A,10863,T03
1195,BSc Data Science,LC0200A,DSC1001,12087,C01
1195,BSc Data Science,LC0200A,CS1315,13018,C01
1195,BSc Data Science,LC0200A,CS1315,13023,L04
1195,BSc Data Science,LC0200A,MA1508,13680,CB1
1195,BSc Data Science,LC0200A,MA1508,13681,TB1
1196,BSc Data Science,LC0200A,LC0200A,10889,T21
1196,BSc Data Science,LC0200A,DSC1001,12087,C01
1196,BSc Data Science,LC0200A,CS1315,13018,C01
1196,BSc Data Science,LC0200A,CS1315,13023,L04
1196,BSc Data Science,LC0200A,MA1508,13680,CB1
1196,BSc Data Science,LC0200A,MA1508,13681,TB1
1197,BSc Data Science,LC0200A,LC0200A,10889,T21
1197,BSc Data Science,LC0200A,DSC1001,12087,C01
1197,BSc Data Science,LC0200A,CS1315,13018,C01
1197,BSc Data Science,LC0200A,CS1315,13023,L04
1197,BSc Data Science,LC0200A,MA1508,13680,CB1
1197,BSc Data Science,LC0200A,MA1508,13681,TB1
1198,BSc Data Science,LC0200A,LC0200A,10878,T09
1198,BSc Data Science,LC0200A,MA1508,11511,CA1
1198,BSc Data Science,LC0200A,MA1508,11709,TA1
1198,BSc Data Science,LC0200A,DSC1001,12087,C01
1198,BSc Data Science,LC0200A,CS1315,13018,C01
1198,BSc Data Science,LC0200A,CS1315,13021,L02
1199,BSc Data Science,LC0200A,LC0200A,10878,T09
1199,BSc Data Science,LC0200A,MA1508,11511,CA1
1199,BSc Data Science,LC0200A,MA1508,11709,TA1
1199,BSc Data Science,LC0200A,DSC1001,12087,C01
1199,BSc Data Science,LC0200A,CS1315,13018,C01
1199,BSc Data Science,LC0200A,CS1315,13021,L02
1200,BSc Data Science,LC0200A,LC0200A,10863,T03
1200,BSc Data Science,LC0200A,DSC1001,12087,C01
1200,BSc Data Science,LC0200A,CS1315,13018,C01
1200,BSc Data Science,LC0200A,CS1315,13023,L04
1200,BSc Data Science,LC0200A,MA1508,13680,CB1
1200,BSc Data Science,LC0200A,MA1508,13681,TB1
1201,BSc Data Science,LC0200A,LC0200A,10878,T09
1201,BSc Data Science,LC0200A,MA1508,11511,CA1
1201,BSc Data Science,LC0200A,MA1508,11709,TA1
1201,BSc Data Science,LC0200A,DSC1001,12087,C01
1201,BSc Data Science,LC0200A,CS1315,13018,C01
1201,BSc Data Science,LC0200A,CS1315,13021,L02
1202,BSc Data Science,LC0200A,LC0200A,10881,T12
1202,BSc Data Science,LC0200A,MA1508,11511,CA1
1202,BSc Data Science,LC0200A,MA1508,11709,TA1
1202,BSc Data Science,LC0200A,DSC1001,12087,C01
1202,BSc Data Science,LC0200A,CS1315,13018,C01
1202,BSc Data Science,LC0200A,CS1315,13022,L03
1203,BSc Data Science,LC0200A,LC0200A,10878,T09
1203,BSc Data Science,LC0200A,MA1508,11511,CA1
1203,BSc Data Science,LC0200A,MA1508,11709,TA1
1203,BSc Data Science,LC0200A,DSC1001,12087,C01
1203,BSc Data Science,LC0200A,CS1315,13025,CA1
1203,BSc Data Science,LC0200A,CS1315,13034,LA2
1204,BSc Data Science,LC0200A,LC0200A,10879,T10
1204,BSc Data Science,LC0200A,MA1508,11511,CA1
1204,BSc Data Science,LC0200A,MA1508,11709,TA1
1204,BSc Data Science,LC0200A,DSC1001,12087,C01
1204,BSc Data Science,LC0200A,CS1315,13018,C01
1204,BSc Data Science,LC0200A,CS1315,13022,L03
1205,BSc Data Science,LC0200A,LC0200A,11030,T31
1205,BSc Data Science,LC0200A,MA1508,11511,CA1
1205,BSc Data Science,LC0200A,MA1508,11709,TA1
1205,BSc Data Science,LC0200A,DSC1001,12087,C01
1205,BSc Data Science,LC0200A,CS1315,13018,C01
1205,BSc Data Science,LC0200A,CS1315,13021,L02
1206,BSc Data Science,LC0200A,LC0200A,11170,T32
1206,BSc Data Science,LC0200A,MA1508,11511,CA1
1206,BSc Data Science,LC0200A,MA1508,11709,TA1
1206,BSc Data Science,LC0200A,DSC1001,12087,C01
1206,BSc Data Science,LC0200A,CS1315,13018,C01
1206,BSc Data Science,LC0200A,CS1315,13022,L03
1207,BSc Data and Systems Engineering,GE1401,DSC1001,12087,C01
1207,BSc Data and Systems Engineering,GE1401,CS1315,13018,C01
1207,BSc Data and Systems Engineering,GE1401,CS1315,13023,L04
1207,BSc Data and Systems Engineering,GE1401,MA1508,13680,CB1
1207,BSc Data and Systems Engineering,GE1401,MA1508,13681,TB1
1207,BSc Data and Systems Engineering,GE1401,GE1401,15206,TC6
1208,BSc Data and Systems Engineering,GE1401,GE1401,11451,T68
1208,BSc Data and Systems Engineering,GE1401,MA1508,11511,CA1
1208,BSc Data and Systems Engineering,GE1401,MA1508,11709,TA1
1208,BSc Data and Systems Engineering,GE1401,DSC1001,12087,C01
1208,BSc Data and Systems Engineering,GE1401,CS1315,13018,C01
1208,BSc Data and Systems Engineering,GE1401,CS1315,13021,L02
1209,BSc Data and Systems Engineering,GE1401,GE1401,11506,T78
1209,BSc Data and Systems Engineering,GE1401,MA1508,11511,CA1
1209,BSc Data and Systems Engineering,GE1401,MA1508,11709,TA1
1209,BSc Data and Systems Engineering,GE1401,DSC1001,12087,C01
1209,BSc Data and Systems Engineering,GE1401,CS1315,13018,C01
1209,BSc Data and Systems Engineering,GE1401,CS1315,13022,L03
1210,BSc Data and Systems Engineering,GE1401,MA1508,11511,CA1
1210,BSc Data and Systems Engineering,GE1401,MA1508,11709,TA1
1210,BSc Data and Systems Engineering,GE1401,DSC1001,12087,C01
1210,BSc Data and Systems Engineering,GE1401,CS1315,13018,C01
1210,BSc Data and Systems Engineering,GE1401,CS1315,13022,L03
1210,BSc Data and Systems Engineering,GE1401,GE1401,13572,TB1
1211,BSc Data and Systems Engineering,GE1401,MA1508,11511,CA1
1211,BSc Data and Systems Engineering,GE1401,MA1508,11709,TA1
1211,BSc Data and Systems Engineering,GE1401,DSC1001,12087,C01
1211,BSc Data and Systems Engineering,GE1401,CS1315,13018,C01
1211,BSc Data and Systems Engineering,GE1401,CS1315,13022,L03
1211,BSc Data and Systems Engineering,GE1401,GE1401,13572,TB1
1212,BSc Data and Systems Engineering,GE1401,MA1508,11511,CA1
1212,BSc Data and Systems Engineering,GE1401,MA1508,11709,TA1
1212,BSc Data and Systems Engineering,GE1401,DSC1001,12087,C01
1212,BSc Data and Systems Engineering,GE1401,CS1315,13018,C01
1212,BSc Data and Systems Engineering,GE1401,CS1315,13022,L03
1212,BSc Data and Systems Engineering,GE1401,GE1401,15600,T14
1213,BSc Data and Systems Engineering,GE1401,MA1508,11511,CA1
1213,BSc Data and Systems Engineering,GE1401,MA1508,11709,TA1
1213,BSc Data and Systems Engineering,GE1401,DSC1001,12087,C01
1213,BSc Data and Systems Engineering,GE1401,CS1315,13018,C01
1213,BSc Data and Systems Engineering,GE1401,CS1315,13021,L02
1213,BSc Data and Systems Engineering,GE1401,GE1401,15601,T28
1214,BSc Data and Systems Engineering,GE1401,DSC1001,12087,C01
1214,BSc Data and Systems Engineering,GE1401,CS1315,13018,C01
1214,BSc Data and Systems Engineering,GE1401,CS1315,13020,L01
1214,BSc Data and Systems Engineering,GE1401,GE1401,13568,T96
1214,BSc Data and Systems Engineering,GE1401,MA1508,13680,CB1
1214,BSc Data and Systems Engineering,GE1401,MA1508,13681,TB1
1215,BSc Data and Systems Engineering,GE1401,GE1401,11506,T78
1215,BSc Data and Systems Engineering,GE1401,MA1508,11511,CA1
1215,BSc Data and Systems Engineering,GE1401,MA1508,11709,TA1
1215,BSc Data and Systems Engineering,GE1401,DSC1001,12087,C01
1215,BSc Data and Systems Engineering,GE1401,CS1315,13018,C01
1215,BSc Data and Systems Engineering,GE1401,CS1315,13022,L03
1216,BSc Data and Systems Engineering,GE1401,GE1401,11506,T78
1216,BSc Data and Systems Engineering,GE1401,MA1508,11511,CA1
1216,BSc Data and Systems Engineering,GE1401,MA1508,11709,TA1
1216,BSc Data and Systems Engineering,GE1401,DSC1001,12087,C01
1216,BSc Data and Systems Engineering,GE1401,CS1315,13018,C01
1216,BSc Data and Systems Engineering,GE1401,CS1315,13022,L03
1217,BSc Data and Systems Engineering,GE1401,GE1401,10687,T10
1217,BSc Data and Systems Engineering,GE1401,DSC1001,12087,C01
1217,BSc Data and Systems Engineering,GE1401,CS1315,13018,C01
1217,BSc Data and Systems Engineering,GE1401,CS1315,13023,L04
1217,BSc Data and Systems Engineering,GE1401,MA1508,13680,CB1
1217,BSc Data and Systems Engineering,GE1401,MA1508,13681,TB1
1218,BSc Data and Systems Engineering,GE1401,GE1401,10687,T10
1218,BSc Data and Systems Engineering,GE1401,DSC1001,12087,C01
1218,BSc Data and Systems Engineering,GE1401,CS1315,13018,C01
1218,BSc Data and Systems Engineering,GE1401,CS1315,13023,L04
1218,BSc Data and Systems Engineering,GE1401,MA1508,13680,CB1
1218,BSc Data and Systems Engineering,GE1401,MA1508,13681,TB1
1219,BSc Data and Systems Engineering,GE1401,GE1401,10687,T10
1219,BSc Data and Systems Engineering,GE1401,DSC1001,12087,C01
1219,BSc Data and Systems Engineering,GE1401,CS1315,13018,C01
1219,BSc Data and Systems Engineering,GE1401,CS1315,13023,L04
1219,BSc Data and Systems Engineering,GE1401,MA1508,13680,CB1
1219,BSc Data and Systems Engineering,GE1401,MA1508,13681,TB1
1220,BSc Data and Systems Engineering,GE1401,DSC1001,12087,C01
1220,BSc Data and Systems Engineering,GE1401,CS1315,13018,C01
1220,BSc Data and Systems Engineering,GE1401,CS1315,13020,L01
1220,BSc Data and Systems Engineering,GE1401,GE1401,13568,T96
1220,BSc Data and Systems Engineering,GE1401,MA1508,13680,CB1
1220,BSc Data and Systems Engineering,GE1401,MA1508,13681,TB1
1221,BSc Data and Systems Engineering,GE1401,GE1401,10687,T10
1221,BSc Data and Systems Engineering,GE1401,DSC1001,12087,C01
1221,BSc Data and Systems Engineering,GE1401,CS1315,13018,C01
1221,BSc Data and Systems Engineering,GE1401,CS1315,13023,L04
1221,BSc Data and Systems Engineering,GE1401,MA1508,13680,CB1
1221,BSc Data and Systems Engineering,GE1401,MA1508,13681,TB1
1222,BSc Data and Systems Engineering,GE1401,GE1401,10687,T10
1222,BSc Data and Systems Engineering,GE1401,DSC1001,12087,C01
1222,BSc Data and Systems Engineering,GE1401,CS1315,13018,C01
1222,BSc Data and Systems Engineering,GE1401,CS1315,13023,L04
1222,BSc Data and Systems Engineering,GE1401,MA1508,13680,CB1
1222,BSc Data and Systems Engineering,GE1401,MA1508,13681,TB1
1223,BSc Data and Systems Engineering,GE1401,DSC1001,12087,C01
1223,BSc Data and Systems Engineering,GE1401,CS1315,13018,C01
1223,BSc Data and Systems Engineering,GE1401,CS1315,13020,L01
1223,BSc Data and Systems Engineering,GE1401,GE1401,13568,T96
1223,BSc Data and Systems Engineering,GE1401,MA1508,13680,CB1
1223,BSc Data and Systems Engineering,GE1401,MA1508,13681,TB1
1224,BSc Data and Systems Engineering,GE1401,MA1508,11511,CA1
1224,BSc Data and Systems Engineering,GE1401,MA1508,11709,TA1
1224,BSc Data and Systems Engineering,GE1401,DSC1001,12087,C01
1224,BSc Data and Systems Engineering,GE1401,CS1315,13018,C01
1224,BSc Data and Systems Engineering,GE1401,CS1315,13022,L03
1224,BSc Data and Systems Engineering,GE1401,GE1401,13572,TB1
1225,BSc Data and Systems Engineering,GE1401,GE1401,10729,T63
1225,BSc Data and Systems Engineering,GE1401,MA1508,11511,CA1
1225,BSc Data and Systems Engineering,GE1401,MA1508,11709,TA1
1225,BSc Data and Systems Engineering,GE1401,DSC1001,12087,C01
1225,BSc Data and Systems Engineering,GE1401,CS1315,13025,CA1
1225,BSc Data and Systems Engineering,GE1401,CS1315,13035,LA3
1226,BSc Data and Systems Engineering,GE1401,DSC1001,12087,C01
1226,BSc Data and Systems Engineering,GE1401,CS1315,13018,C01
1226,BSc Data and Systems Engineering,GE1401,CS1315,13023,L04
1226,BSc Data and Systems Engineering,GE1401,MA1508,13680,CB1
1226,BSc Data and Systems Engineering,GE1401,MA1508,13681,TB1
1226,BSc Data and Systems Engineering,GE1401,GE1401,15206,TC6
1227,BSc Data and Systems Engineering,GE1401,MA1508,11511,CA1
1227,BSc Data and Systems Engineering,GE1401,MA1508,11709,TA1
1227,BSc Data and Systems Engineering,GE1401,DSC1001,12087,C01
1227,BSc Data and Systems Engineering,GE1401,CS1315,13018,C01
1227,BSc Data and Systems Engineering,GE1401,CS1315,13022,L03
1227,BSc Data and Systems Engineering,GE1401,GE1401,13572,TB1
1228,BSc Data and Systems Engineering,GE1401,GE1401,10687,T10
1228,BSc Data and Systems Engineering,GE1401,DSC1001,12087,C01
1228,BSc Data and Systems Engineering,GE1401,CS1315,13018,C01
1228,BSc Data and Systems Engineering,GE1401,CS1315,13023,L04
1228,BSc Data and Systems Engineering,GE1401,MA1508,13680,CB1
1228,BSc Data and Systems Engineering,GE1401,MA1508,13681,TB1
1229,BSc Data and Systems Engineering,GE1401,GE1401,10686,T09
1229,BSc Data and Systems Engineering,GE1401,MA1508,11511,CA1
1229,BSc Data and Systems Engineering,GE1401,MA1508,11709,TA1
1229,BSc Data and Systems Engineering,GE1401,DSC1001,12087,C01
1229,BSc Data and Systems Engineering,GE1401,CS1315,13018,C01
1229,BSc Data and Systems Engineering,GE1401,CS1315,13021,L02
1230,BSc Data and Systems Engineering,GE1401,GE1401,10687,T10
1230,BSc Data and Systems Engineering,GE1401,DSC1001,12087,C01
1230,BSc Data and Systems Engineering,GE1401,CS1315,13018,C01
1230,BSc Data and Systems Engineering,GE1401,CS1315,13023,L04
1230,BSc Data and Systems Engineering,GE1401,MA1508,13680,CB1
1230,BSc Data and Systems Engineering,GE1401,MA1508,13681,TB1
1231,BSc Data and Systems Engineering,GE1401,GE1401,10687,T10
1231,BSc Data and Systems Engineering,GE1401,DSC1001,12087,C01
1231,BSc Data and Systems Engineering,GE1401,CS1315,13018,C01
1231,BSc Data and Systems Engineering,GE1401,CS1315,13023,L04
1231,BSc Data and Systems Engineering,GE1401,MA1508,13680,CB1
1231,BSc Data and Systems Engineering,GE1401,MA1508,13681,TB1
1232,BSc Data and Systems Engineering,GE1401,GE1401,10687,T10
1232,BSc Data and Systems Engineering,GE1401,DSC1001,12087,C01
1232,BSc Data and Systems Engineering,GE1401,CS1315,13018,C01
1232,BSc Data and Systems Engineering,GE1401,CS1315,13023,L04
1232,BSc Data and Systems Engineering,GE1401,MA1508,13680,CB1
1232,BSc Data and Systems Engineering,GE1401,MA1508,13681,TB1
1233,BSc Data and Systems Engineering,GE1401,GE1401,10687,T10
1233,BSc Data and Systems Engineering,GE1401,DSC1001,12087,C01
1233,BSc Data and Systems Engineering,GE1401,CS1315,13018,C01
1233,BSc Data and Systems Engineering,GE1401,CS1315,13023,L04
1233,BSc Data and Systems Engineering,GE1401,MA1508,13680,CB1
1233,BSc Data and Systems Engineering,GE1401,MA1508,13681,TB1
1234,BSc Data and Systems Engineering,GE1401,DSC1001,12087,C01
1234,BSc Data and Systems Engineering,GE1401,CS1315,13018,C01
1234,BSc Data and Systems Engineering,GE1401,CS1315,13023,L04
1234,BSc Data and Systems Engineering,GE1401,MA1508,13680,CB1
1234,BSc Data and Systems Engineering,GE1401,MA1508,13681,TB1
1234,BSc Data and Systems Engineering,GE1401,GE1401,15206,TC6
1235,BSc Data and Systems Engineering,GE1401,MA1508,11511,CA1
1235,BSc Data and Systems Engineering,GE1401,MA1508,11709,TA1
1235,BSc Data and Systems Engineering,GE1401,DSC1001,12087,C01
1235,BSc Data and Systems Engineering,GE1401,CS1315,13018,C01
1235,BSc Data and Systems Engineering,GE1401,CS1315,13021,L02
1235,BSc Data and Systems Engineering,GE1401,GE1401,15601,T28
1236,BSc Data and Systems Engineering,GE1401,GE1401,10687,T10
1236,BSc Data and Systems Engineering,GE1401,DSC1001,12087,C01
1236,BSc Data and Systems Engineering,GE1401,CS1315,13018,C01
1236,BSc Data and Systems Engineering,GE1401,CS1315,13023,L04
1236,BSc Data and Systems Engineering,GE1401,MA1508,13680,CB1
1236,BSc Data and Systems Engineering,GE1401,MA1508,13681,TB1
1237,BSc Data and Systems Engineering,GE1401,MA1508,11511,CA1
1237,BSc Data and Systems Engineering,GE1401,MA1508,11709,TA1
1237,BSc Data and Systems Engineering,GE1401,DSC1001,12087,C01
1237,BSc Data and Systems Engineering,GE1401,CS1315,13018,C01
1237,BSc Data and Systems Engineering,GE1401,CS1315,13021,L02
1237,BSc Data and Systems Engineering,GE1401,GE1401,15601,T28
1238,BSc Data and Systems Engineering,GE1401,GE1401,10687,T10
1238,BSc Data and Systems Engineering,GE1401,DSC1001,12087,C01
1238,BSc Data and Systems Engineering,GE1401,CS1315,13018,C01
1238,BSc Data and Systems Engineering,GE1401,CS1315,13023,L04
1238,BSc Data and Systems Engineering,GE1401,MA1508,13680,CB1
1238,BSc Data and Systems Engineering,GE1401,MA1508,13681,TB1
1239,BSc Data and Systems Engineering,GE1401,GE1401,11506,T78
1239,BSc Data and Systems Engineering,GE1401,MA1508,11511,CA1
1239,BSc Data and Systems Engineering,GE1401,MA1508,11709,TA1
1239,BSc Data and Systems Engineering,GE1401,DSC1001,12087,C01
1239,BSc Data and Systems Engineering,GE1401,CS1315,13018,C01
1239,BSc Data and Systems Engineering,GE1401,CS1315,13022,L03
1240,BSc Data and Systems Engineering,GE1401,MA1508,11511,CA1
1240,BSc Data and Systems Engineering,GE1401,MA1508,11709,TA1
1240,BSc Data and Systems Engineering,GE1401,DSC1001,12087,C01
1240,BSc Data and Systems Engineering,GE1401,CS1315,13018,C01
1240,BSc Data and Systems Engineering,GE1401,CS1315,13022,L03
1240,BSc Data and Systems Engineering,GE1401,GE1401,13572,TB1
1241,BSc Data and Systems Engineering,GE1401,DSC1001,12087,C01
1241,BSc Data and Systems Engineering,GE1401,CS1315,13018,C01
1241,BSc Data and Systems Engineering,GE1401,CS1315,13023,L04
1241,BSc Data and Systems Engineering,GE1401,MA1508,13680,CB1
1241,BSc Data and Systems Engineering,GE1401,MA1508,13681,TB1
1241,BSc Data and Systems Engineering,GE1401,GE1401,15206,TC6
1242,BSc Data and Systems Engineering,GE1401,DSC1001,12087,C01
1242,BSc Data and Systems Engineering,GE1401,CS1315,13018,C01
1242,BSc Data and Systems Engineering,GE1401,CS1315,13020,L01
1242,BSc Data and Systems Engineering,GE1401,GE1401,13568,T96
1242,BSc Data and Systems Engineering,GE1401,MA1508,13680,CB1
1242,BSc Data and Systems Engineering,GE1401,MA1508,13681,TB1
1243,BSc Data and Systems Engineering,LC0200A,LC0200A,10885,T16
1243,BSc Data and Systems Engineering,LC0200A,MA1508,11511,CA1
1243,BSc Data and Systems Engineering,LC0200A,MA1508,11709,TA1
1243,BSc Data and Systems Engineering,LC0200A,DSC1001,12087,C01
1243,BSc Data and Systems Engineering,LC0200A,CS1315,13018,C01
1243,BSc Data and Systems Engineering,LC0200A,CS1315,13022,L03
1244,BSc Data and Systems Engineering,LC0200A,LC0200A,10878,T09
1244,BSc Data and Systems Engineering,LC0200A,MA1508,11511,CA1
1244,BSc Data and Systems Engineering,LC0200A,MA1508,11709,TA1
1244,BSc Data and Systems Engineering,LC0200A,DSC1001,12087,C01
1244,BSc Data and Systems Engineering,LC0200A,CS1315,13018,C01
1244,BSc Data and Systems Engineering,LC0200A,CS1315,13021,L02
1245,BSc Data and Systems Engineering,LC0200A,LC0200A,11030,T31
1245,BSc Data and Systems Engineering,LC0200A,MA1508,11511,CA1
1245,BSc Data and Systems Engineering,LC0200A,MA1508,11709,TA1
1245,BSc Data and Systems Engineering,LC0200A,DSC1001,12087,C01
1245,BSc Data and Systems Engineering,LC0200A,CS1315,13018,C01
1245,BSc Data and Systems Engineering,LC0200A,CS1315,13021,L02
1246,BSc Data and Systems Engineering,LC0200A,LC0200A,10885,T16
1246,BSc Data and Systems Engineering,LC0200A,MA1508,11511,CA1
1246,BSc Data and Systems Engineering,LC0200A,MA1508,11709,TA1
1246,BSc Data and Systems Engineering,LC0200A,DSC1001,12087,C01
1246,BSc Data and Systems Engineering,LC0200A,CS1315,13018,C01
1246,BSc Data and Systems Engineering,LC0200A,CS1315,13022,L03
1247,BSc Data and Systems Engineering,LC0200A,LC0200A,10863,T03
1247,BSc Data and Systems Engineering,LC0200A,DSC1001,12087,C01
1247,BSc Data and Systems Engineering,LC0200A,CS1315,13018,C01
1247,BSc Data and Systems Engineering,LC0200A,CS1315,13023,L04
1247,BSc Data and Systems Engineering,LC0200A,MA1508,13680,CB1
1247,BSc Data and Systems Engineering,LC0200A,MA1508,13681,TB1
1248,BSc Data and Systems Engineering,LC0200A,LC0200A,10885,T16
1248,BSc Data and Systems Engineering,LC0200A,MA1508,11511,CA1
1248,BSc Data and Systems Engineering,LC0200A,MA1508,11709,TA1
1248,BSc Data and Systems Engineering,LC0200A,DSC1001,12087,C01
1248,BSc Data and Systems Engineering,LC0200A,CS1315,13018,C01
1248,BSc Data and Systems Engineering,LC0200A,CS1315,13022,L03
1249,BSc Data and Systems Engineering,LC0200A,LC0200A,11030,T31
1249,BSc Data and Systems Engineering,LC0200A,MA1508,11511,CA1
1249,BSc Data and Systems Engineering,LC0200A,MA1508,11709,TA1
1249,BSc Data and Systems Engineering,LC0200A,DSC1001,12087,C01
1249,BSc Data and Systems Engineering,LC0200A,CS1315,13018,C01
1249,BSc Data and Systems Engineering,LC0200A,CS1315,13021,L02
1250,BSc Data and Systems Engineering,LC0200A,LC0200A,10885,T16
1250,BSc Data and Systems Engineering,LC0200A,MA1508,11511,CA1
1250,BSc Data and Systems Engineering,LC0200A,MA1508,11709,TA1
1250,BSc Data and Systems Engineering,LC0200A,DSC1001,12087,C01
1250,BSc Data and Systems Engineering,LC0200A,CS1315,13018,C01
1250,BSc Data and Systems Engineering,LC0200A,CS1315,13022,L03
1251,BSc Data and Systems Engineering,LC0200A,LC0200A,10881,T12
1251,BSc Data and Systems Engineering,LC0200A,MA1508,11511,CA1
1251,BSc Data and Systems Engineering,LC0200A,MA1508,11709,TA1
1251,BSc Data and Systems Engineering,LC0200A,DSC1001,12087,C01
1251,BSc Data and Systems Engineering,LC0200A,CS1315,13018,C01
1251,BSc Data and Systems Engineering,LC0200A,CS1315,13022,L03
1252,BSc Data and Systems Engineering,LC0200A,LC0200A,10878,T09
1252,BSc Data and Systems Engineering,LC0200A,MA1508,11511,CA1
1252,BSc Data and Systems Engineering,LC0200A,MA1508,11709,TA1
1252,BSc Data and Systems Engineering,LC0200A,DSC1001,12087,C01
1252,BSc Data and Systems Engineering,LC0200A,CS1315,13018,C01
1252,BSc Data and Systems Engineering,LC0200A,CS1315,13021,L02
1253,BSc Data and Systems Engineering,LC0200A,LC0200A,10863,T03
1253,BSc Data and Systems Engineering,LC0200A,DSC1001,12087,C01
1253,BSc Data and Systems Engineering,LC0200A,CS1315,13018,C01
1253,BSc Data and Systems Engineering,LC0200A,CS1315,13023,L04
1253,BSc Data and Systems Engineering,LC0200A,MA1508,13680,CB1
1253,BSc Data and Systems Engineering,LC0200A,MA1508,13681,TB1
1254,BSc Data and Systems Engineering,LC0200A,LC0200A,10879,T10
1254,BSc Data and Systems Engineering,LC0200A,MA1508,11511,CA1
1254,BSc Data and Systems Engineering,LC0200A,MA1508,11709,TA1
1254,BSc Data and Systems Engineering,LC0200A,DSC1001,12087,C01
1254,BSc Data and Systems Engineering,LC0200A,CS1315,13018,C01
1254,BSc Data and Systems Engineering,LC0200A,CS1315,13022,L03
1255,BSc Data and Systems Engineering,LC0200A,LC0200A,10878,T09
1255,BSc Data and Systems Engineering,LC0200A,MA1508,11511,CA1
1255,BSc Data and Systems Engineering,LC0200A,MA1508,11709,TA1
1255,BSc Data and Systems Engineering,LC0200A,DSC1001,12087,C01
1255,BSc Data and Systems Engineering,LC0200A,CS1315,13018,C01
1255,BSc Data and Systems Engineering,LC0200A,CS1315,13021,L02
1256,BSc Data and Systems Engineering,LC0200A,LC0200A,10879,T10
1256,BSc Data and Systems Engineering,LC0200A,MA1508,11511,CA1
1256,BSc Data and Systems Engineering,LC0200A,MA1508,11709,TA1
1256,BSc Data and Systems Engineering,LC0200A,DSC1001,12087,C01
1256,BSc Data and Systems Engineering,LC0200A,CS1315,13018,C01
1256,BSc Data and Systems Engineering,LC0200A,CS1315,13022,L03
1257,BSc Data and Systems Engineering,LC0200A,LC0200A,10878,T09
1257,BSc Data and Systems Engineering,LC0200A,MA1508,11511,CA1
1257,BSc Data and Systems Engineering,LC0200A,MA1508,11709,TA1
1257,BSc Data and Systems Engineering,LC0200A,DSC1001,12087,C01
1257,BSc Data and Systems Engineering,LC0200A,CS1315,13018,C01
1257,BSc Data and Systems Engineering,LC0200A,CS1315,13021,L02
1258,BSc Cybersecurity,GE1401,CS2115,10405,C01
1258,BSc Cybersecurity,GE1401,CS2115,10406,T01
1258,BSc Cybersecurity,GE1401,GE1401,10711,T38
1258,BSc Cybersecurity,GE1401,MA1508,13680,CB1
1258,BSc Cybersecurity,GE1401,MA1508,13681,TB1
1258,BSc Cybersecurity,GE1401,CS2117,13735,C01
1258,BSc Cybersecurity,GE1401,CS2117,13736,T01
1258,BSc Cybersecurity,GE1401,CS1302A,15568,C01
1258,BSc Cybersecurity,GE1401,CS1302A,15575,T03
1259,BSc Cybersecurity,GE1401,CS2115,10405,C01
1259,BSc Cybersecurity,GE1401,CS2115,10406,T01
1259,BSc Cybersecurity,GE1401,GE1401,10704,T29
1259,BSc Cybersecurity,GE1401,MA1508,13680,CB1
1259,BSc Cybersecurity,GE1401,MA1508,13681,TB1
1259,BSc Cybersecurity,GE1401,CS2117,13735,C01
1259,BSc Cybersecurity,GE1401,CS2117,13736,T01
1259,BSc Cybersecurity,GE1401,CS1302A,15568,C01
1259,BSc Cybersecurity,GE1401,CS1302A,15573,T02
1260,BSc Cybersecurity,GE1401,CS2115,10405,C01
1260,BSc Cybersecurity,GE1401,CS2115,10406,T01
1260,BSc Cybersecurity,GE1401,GE1401,10704,T29
1260,BSc Cybersecurity,GE1401,MA1508,13680,CB1
1260,BSc Cybersecurity,GE1401,MA1508,13681,TB1
1260,BSc Cybersecurity,GE1401,CS2117,13735,C01
1260,BSc Cybersecurity,GE1401,CS2117,13736,T01
1260,BSc Cybersecurity,GE1401,CS1302A,15568,C01
1260,BSc Cybersecurity,GE1401,CS1302A,15573,T02
1261,BSc Cybersecurity,GE1401,CS2115,10405,C01
1261,BSc Cybersecurity,GE1401,CS2115,10406,T01
1261,BSc Cybersecurity,GE1401,GE1401,11070,TA1
1261,BSc Cybersecurity,GE1401,MA1508,13680,CB1
1261,BSc Cybersecurity,GE1401,MA1508,13681,TB1
1261,BSc Cybersecurity,GE1401,CS2117,13735,C01
1261,BSc Cybersecurity,GE1401,CS2117,13736,T01
1261,BSc Cybersecurity,GE1401,CS1302A,15568,C01
1261,BSc Cybersecurity,GE1401,CS1302A,15573,T02
1262,BSc Cybersecurity,GE1401,GE1401,10357,T01
1262,BSc Cybersecurity,GE1401,CS2115,11251,CB1
1262,BSc Cybersecurity,GE1401,CS2115,11254,TB1
1262,BSc Cybersecurity,GE1401,MA1508,13680,CB1
1262,BSc Cybersecurity,GE1401,MA1508,13681,TB1
1262,BSc Cybersecurity,GE1401,CS2117,13735,C01
1262,BSc Cybersecurity,GE1401,CS2117,13736,T01
1262,BSc Cybersecurity,GE1401,CS1302A,15568,C01
1262,BSc Cybersecurity,GE1401,CS1302A,15573,T02
1263,BSc Cybersecurity,GE1401,CS2115,10405,C01
1263,BSc Cybersecurity,GE1401,CS2115,10406,T01
1263,BSc Cybersecurity,GE1401,GE1401,10731,T66
1263,BSc Cybersecurity,GE1401,MA1508,13680,CB1
1263,BSc Cybersecurity,GE1401,MA1508,13681,TB1
1263,BSc Cybersecurity,GE1401,CS2117,13735,C01
1263,BSc Cybersecurity,GE1401,CS2117,13736,T01
1263,BSc Cybersecurity,GE1401,CS1302A,15568,C01
1263,BSc Cybersecurity,GE1401,CS1302A,15575,T03
1264,BSc Cybersecurity,GE1401,GE1401,10683,T06
1264,BSc Cybersecurity,GE1401,CS2115,11251,CB1
1264,BSc Cybersecurity,GE1401,CS2115,11254,TB1
1264,BSc Cybersecurity,GE1401,MA1508,13680,CB1
1264,BSc Cybersecurity,GE1401,MA1508,13681,TB1
1264,BSc Cybersecurity,GE1401,CS2117,13735,C01
1264,BSc Cybersecurity,GE1401,CS2117,13736,T01
1264,BSc Cybersecurity,GE1401,CS1302A,15568,C01
1264,BSc Cybersecurity,GE1401,CS1302A,15573,T02
1265,BSc Cybersecurity,GE1401,CS2115,10405,C01
1265,BSc Cybersecurity,GE1401,CS2115,10406,T01
1265,BSc Cybersecurity,GE1401,GE1401,11504,T90
1265,BSc Cybersecurity,GE1401,MA1508,13680,CB1
1265,BSc Cybersecurity,GE1401,MA1508,13681,TB1
1265,BSc Cybersecurity,GE1401,CS2117,13735,C01
1265,BSc Cybersecurity,GE1401,CS2117,13736,T01
1265,BSc Cybersecurity,GE1401,CS1302A,15568,C01
1265,BSc Cybersecurity,GE1401,CS1302A,15573,T02
1266,BSc Cybersecurity,GE1401,CS2115,10405,C01
1266,BSc Cybersecurity,GE1401,CS2115,10406,T01
1266,BSc Cybersecurity,GE1401,GE1401,11451,T68
1266,BSc Cybersecurity,GE1401,MA1508,13680,CB1
1266,BSc Cybersecurity,GE1401,MA1508,13681,TB1
1266,BSc Cybersecurity,GE1401,CS2117,13735,C01
1266,BSc Cybersecurity,GE1401,CS2117,13736,T01
1266,BSc Cybersecurity,GE1401,CS1302A,15568,C01
1266,BSc Cybersecurity,GE1401,CS1302A,15573,T02
1267,BSc Cybersecurity,GE1401,CS2115,10405,C01
1267,BSc Cybersecurity,GE1401,CS2115,10406,T01
1267,BSc Cybersecurity,GE1401,MA1508,13680,CB1
1267,BSc Cybersecurity,GE1401,MA1508,13681,TB1
1267,BSc Cybersecurity,GE1401,CS2117,13735,C01
1267,BSc Cybersecurity,GE1401,CS2117,13736,T01
1267,BSc Cybersecurity,GE1401,GE1401,14271,TB8
1267,BSc Cybersecurity,GE1401,CS1302A,15568,C01
1267,BSc Cybersecurity,GE1401,CS1302A,15573,T02
1268,BSc Cybersecurity,GE1401,CS2115,10405,C01
1268,BSc Cybersecurity,GE1401,CS2115,10406,T01
1268,BSc Cybersecurity,GE1401,GE1401,11493,T75
1268,BSc Cybersecurity,GE1401,MA1508,13680,CB1
1268,BSc Cybersecurity,GE1401,MA1508,13681,TB1
1268,BSc Cybersecurity,GE1401,CS2117,13735,C01
1268,BSc Cybersecurity,GE1401,CS2117,13736,T01
1268,BSc Cybersecurity,GE1401,CS1302A,15569,CA1
1268,BSc Cybersecurity,GE1401,CS1302A,15572,TA1
1269,BSc Cybersecurity,GE1401,CS2115,10405,C01
1269,BSc Cybersecurity,GE1401,CS2115,10406,T01
1269,BSc Cybersecurity,GE1401,GE1401,11070,TA1
1269,BSc Cybersecurity,GE1401,MA1508,13680,CB1
1269,BSc Cybersecurity,GE1401,MA1508,13681,TB1
1269,BSc Cybersecurity,GE1401,CS2117,13735,C01
1269,BSc Cybersecurity,GE1401,CS2117,13736,T01
1269,BSc Cybersecurity,GE1401,CS1302A,15568,C01
1269,BSc Cybersecurity,GE1401,CS1302A,15573,T02
1270,BSc Cybersecurity,GE1401,CS2115,10405,C01
1270,BSc Cybersecurity,GE1401,CS2115,10406,T01
1270,BSc Cybersecurity,GE1401,GE1401,10683,T06
1270,BSc Cybersecurity,GE1401,MA1508,13680,CB1
1270,BSc Cybersecurity,GE1401,MA1508,13681,TB1
1270,BSc Cybersecurity,GE1401,CS2117,13735,C01
1270,BSc Cybersecurity,GE1401,CS2117,13736,T01
1270,BSc Cybersecurity,GE1401,CS1302A,15568,C01
1270,BSc Cybersecurity,GE1401,CS1302A,15573,T02
1271,BSc Cybersecurity,GE1401,CS2115,10405,C01
1271,BSc Cybersecurity,GE1401,CS2115,10406,T01
1271,BSc Cybersecurity,GE1401,GE1401,10731,T66
1271,BSc Cybersecurity,GE1401,MA1508,13680,CB1
1271,BSc Cybersecurity,GE1401,MA1508,13681,TB1
1271,BSc Cybersecurity,GE1401,CS2117,13735,C01
1271,BSc Cybersecurity,GE1401,CS2117,13736,T01
1271,BSc Cybersecurity,GE1401,CS1302A,15568,C01
1271,BSc Cybersecurity,GE1401,CS1302A,15575,T03
1272,BSc Cybersecurity,GE1401,CS2115,10405,C01
1272,BSc Cybersecurity,GE1401,CS2115,10406,T01
1272,BSc Cybersecurity,GE1401,GE1401,10683,T06
1272,BSc Cybersecurity,GE1401,MA1508,13680,CB1
1272,BSc Cybersecurity,GE1401,MA1508,13681,TB1
1272,BSc Cybersecurity,GE1401,CS2117,13735,C01
1272,BSc Cybersecurity,GE1401,CS2117,13736,T01
1272,BSc Cybersecurity,GE1401,CS1302A,15568,C01
1272,BSc Cybersecurity,GE1401,CS1302A,15573,T02
1273,BSc Cybersecurity,GE1401,GE1401,10683,T06
1273,BSc Cybersecurity,GE1401,CS2115,11251,CB1
1273,BSc Cybersecurity,GE1401,CS2115,11254,TB1
1273,BSc Cybersecurity,GE1401,MA1508,13680,CB1
1273,BSc Cybersecurity,GE1401,MA1508,13681,TB1
1273,BSc Cybersecurity,GE1401,CS2117,13735,C01
1273,BSc Cybersecurity,GE1401,CS2117,13736,T01
1273,BSc Cybersecurity,GE1401,CS1302A,15568,C01
1273,BSc Cybersecurity,GE1401,CS1302A,15573,T02
1274,BSc Cybersecurity,GE1401,CS2115,10405,C01
1274,BSc Cybersecurity,GE1401,CS2115,10406,T01
1274,BSc Cybersecurity,GE1401,GE1401,11070,TA1
1274,BSc Cybersecurity,GE1401,MA1508,13680,CB1
1274,BSc Cybersecurity,GE1401,MA1508,13681,TB1
1274,BSc Cybersecurity,GE1401,CS2117,13735,C01
1274,BSc Cybersecurity,GE1401,CS2117,13736,T01
1274,BSc Cybersecurity,GE1401,CS1302A,15568,C01
1274,BSc Cybersecurity,GE1401,CS1302A,15575,T03
1275,BSc Cybersecurity,GE1401,CS2115,10405,C01
1275,BSc Cybersecurity,GE1401,CS2115,10406,T01
1275,BSc Cybersecurity,GE1401,GE1401,11504,T90
1275,BSc Cybersecurity,GE1401,MA1508,13680,CB1
1275,BSc Cybersecurity,GE1401,MA1508,13681,TB1
1275,BSc Cybersecurity,GE1401,CS2117,13735,C01
1275,BSc Cybersecurity,GE1401,CS2117,13736,T01
1275,BSc Cybersecurity,GE1401,CS1302A,15568,C01
1275,BSc Cybersecurity,GE1401,CS1302A,15573,T02
1276,BSc Cybersecurity,GE1401,GE1401,10683,T06
1276,BSc Cybersecurity,GE1401,CS2115,11251,CB1
1276,BSc Cybersecurity,GE1401,CS2115,11254,TB1
1276,BSc Cybersecurity,GE1401,MA1508,13680,CB1
1276,BSc Cybersecurity,GE1401,MA1508,13681,TB1
1276,BSc Cybersecurity,GE1401,CS2117,13735,C01
1276,BSc Cybersecurity,GE1401,CS2117,13736,T01
1276,BSc Cybersecurity,GE1401,CS1302A,15568,C01
1276,BSc Cybersecurity,GE1401,CS1302A,15573,T02
1277,BSc Cybersecurity,LC0200A,CS2115,10405,C01
1277,BSc Cybersecurity,LC0200A,CS2115,10406,T01
1277,BSc Cybersecurity,LC0200A,LC0200A,11170,T32
1277,BSc Cybersecurity,LC0200A,MA1508,13680,CB1
1277,BSc Cybersecurity,LC0200A,MA1508,13681,TB1
1277,BSc Cybersecurity,LC0200A,CS2117,13735,C01
1277,BSc Cybersecurity,LC0200A,CS2117,13736,T01
1277,BSc Cybersecurity,LC0200A,CS1302A,15568,C01
1277,BSc Cybersecurity,LC0200A,CS1302A,15575,T03
1278,BSc Cybersecurity,LC0200A,CS2115,10405,C01
1278,BSc Cybersecurity,LC0200A,CS2115,10406,T01
1278,BSc Cybersecurity,LC0200A,LC0200A,11976,T37
1278,BSc Cybersecurity,LC0200A,MA1508,13680,CB1
1278,BSc Cybersecurity,LC0200A,MA1508,13681,TB1
1278,BSc Cybersecurity,LC0200A,CS2117,13735,C01
1278,BSc Cybersecurity,LC0200A,CS2117,13736,T01
1278,BSc Cybersecurity,LC0200A,CS1302A,15568,C01
1278,BSc Cybersecurity,LC0200A,CS1302A,15573,T02
1279,BSc Cybersecurity,LC0200A,CS2115,10405,C01
1279,BSc Cybersecurity,LC0200A,CS2115,10406,T01
1279,BSc Cybersecurity,LC0200A,LC0200A,11976,T37
1279,BSc Cybersecurity,LC0200A,MA1508,13680,CB1
1279,BSc Cybersecurity,LC0200A,MA1508,13681,TB1
1279,BSc Cybersecurity,LC0200A,CS2117,13735,C01
1279,BSc Cybersecurity,LC0200A,CS2117,13736,T01
1279,BSc Cybersecurity,LC0200A,CS1302A,15568,C01
1279,BSc Cybersecurity,LC0200A,CS1302A,15573,T02
1280,BSc Cybersecurity,LC0200A,CS2115,10405,C01
1280,BSc Cybersecurity,LC0200A,CS2115,10406,T01
1280,BSc Cybersecurity,LC0200A,LC0200A,10886,T17
1280,BSc Cybersecurity,LC0200A,MA1508,13680,CB1
1280,BSc Cybersecurity,LC0200A,MA1508,13681,TB1
1280,BSc Cybersecurity,LC0200A,CS2117,13735,C01
1280,BSc Cybersecurity,LC0200A,CS2117,13736,T01
1280,BSc Cybersecurity,LC0200A,CS1302A,15568,C01
1280,BSc Cybersecurity,LC0200A,CS1302A,15573,T02
1281,BSc Cybersecurity,LC0200A,CS2115,10405,C01
1281,BSc Cybersecurity,LC0200A,CS2115,10406,T01
1281,BSc Cybersecurity,LC0200A,LC0200A,10885,T16
1281,BSc Cybersecurity,LC0200A,MA1508,13680,CB1
1281,BSc Cybersecurity,LC0200A,MA1508,13681,TB1
1281,BSc Cybersecurity,LC0200A,CS2117,13735,C01
1281,BSc Cybersecurity,LC0200A,CS2117,13736,T01
1281,BSc Cybersecurity,LC0200A,CS1302A,15568,C01
1281,BSc Cybersecurity,LC0200A,CS1302A,15575,T03
1282,BSc Cybersecurity,LC0200A,CS2115,10405,C01
1282,BSc Cybersecurity,LC0200A,CS2115,10406,T01
1282,BSc Cybersecurity,LC0200A,LC0200A,11976,T37
1282,BSc Cybersecurity,LC0200A,MA1508,13680,CB1
1282,BSc Cybersecurity,LC0200A,MA1508,13681,TB1
1282,BSc Cybersecurity,LC0200A,CS2117,13735,C01
1282,BSc Cybersecurity,LC0200A,CS2117,13736,T01
1282,BSc Cybersecurity,LC0200A,CS1302A,15568,C01
1282,BSc Cybersecurity,LC0200A,CS1302A,15573,T02
1283,BSc Cybersecurity,LC0200A,CS2115,10405,C01
1283,BSc Cybersecurity,LC0200A,CS2115,10406,T01
1283,BSc Cybersecurity,LC0200A,LC0200A,11170,T32
1283,BSc Cybersecurity,LC0200A,MA1508,13680,CB1
1283,BSc Cybersecurity,LC0200A,MA1508,13681,TB1
1283,BSc Cybersecurity,LC0200A,CS2117,13735,C01
1283,BSc Cybersecurity,LC0200A,CS2117,13736,T01
1283,BSc Cybersecurity,LC0200A,CS1302A,15568,C01
1283,BSc Cybersecurity,LC0200A,CS1302A,15575,T03
1284,BSc Cybersecurity,LC0200A,CS2115,10405,C01
1284,BSc Cybersecurity,LC0200A,CS2115,10406,T01
1284,BSc Cybersecurity,LC0200A,LC0200A,10886,T17
1284,BSc Cybersecurity,LC0200A,MA1508,13680,CB1
1284,BSc Cybersecurity,LC0200A,MA1508,13681,TB1
1284,BSc Cybersecurity,LC0200A,CS2117,13735,C01
1284,BSc Cybersecurity,LC0200A,CS2117,13736,T01
1284,BSc Cybersecurity,LC0200A,CS1302A,15568,C01
1284,BSc Cybersecurity,LC0200A,CS1302A,15573,T02
1285,BEng Civil Engineering,GE1401,GE1401,10695,T19
1285,BEng Civil Engineering,GE1401,MA1200,11784,CF1
1285,BEng Civil Engineering,GE1401,MA1200,11804,TF3
1285,BEng Civil Engineering,GE1401,CS1302,11859,CA1
1285,BEng Civil Engineering,GE1401,PHY1201,12180,L04
1285,BEng Civil Engineering,GE1401,CS1302,12215,LA4
1285,BEng Civil Engineering,GE1401,PHY1201,12368,C01
1285,BEng Civil Engineering,GE1401,PHY1201,12369,T02
1286,BEng Civil Engineering,GE1401,GE1401,11451,T68
1286,BEng Civil Engineering,GE1401,MA1200,11782,CE1
1286,BEng Civil Engineering,GE1401,MA1200,11801,TE3
1286,BEng Civil Engineering,GE1401,CS1302,11859,CA1
1286,BEng Civil Engineering,GE1401,PHY1201,12180,L04
1286,BEng Civil Engineering,GE1401,CS1302,12215,LA4
1286,BEng Civil Engineering,GE1401,PHY1201,12368,C01
1286,BEng Civil Engineering,GE1401,PHY1201,12369,T02
1287,BEng Civil Engineering,GE1401,GE1401,10679,T02
1287,BEng Civil Engineering,GE1401,PHY1201,11377,T01
1287,BEng Civil Engineering,GE1401,MA1200,11789,CD1
1287,BEng Civil Engineering,GE1401,MA1200,11798,TD3
1287,BEng Civil Engineering,GE1401,CS1302,11859,CA1
1287,BEng Civil Engineering,GE1401,CS1302,11982,LA3
1287,BEng Civil Engineering,GE1401,PHY1201,12181,L05
1287,BEng Civil Engineering,GE1401,PHY1201,12368,C01
1288,BEng Civil Engineering,GE1401,GE1401,10711,T38
1288,BEng Civil Engineering,GE1401,PHY1201,11377,T01
1288,BEng Civil Engineering,GE1401,MA1200,11788,CC1
1288,BEng Civil Engineering,GE1401,MA1200,11793,TC1
1288,BEng Civil Engineering,GE1401,CS1302,11860,CB1
1288,BEng Civil Engineering,GE1401,PHY1201,12178,L02
1288,BEng Civil Engineering,GE1401,PHY1201,12368,C01
1288,BEng Civil Engineering,GE1401,CS1302,15811,LB4
1289,BEng Civil Engineering,GE1401,GE1401,10710,T37
1289,BEng Civil Engineering,GE1401,MA1200,11782,CE1
1289,BEng Civil Engineering,GE1401,MA1200,11801,TE3
1289,BEng Civil Engineering,GE1401,CS1302,11859,CA1
1289,BEng Civil Engineering,GE1401,PHY1201,12180,L04
1289,BEng Civil Engineering,GE1401,CS1302,12215,LA4
1289,BEng Civil Engineering,GE1401,PHY1201,12368,C01
1289,BEng Civil Engineering,GE1401,PHY1201,12369,T02
1290,BEng Civil Engineering,GE1401,MA1200,11787,CA1
1290,BEng Civil Engineering,GE1401,MA1200,11791,TA2
1290,BEng Civil Engineering,GE1401,CS1302,11859,CA1
1290,BEng Civil Engineering,GE1401,CS1302,11982,LA3
1290,BEng Civil Engineering,GE1401,PHY1201,12179,L03
1290,BEng Civil Engineering,GE1401,PHY1201,12368,C01
1290,BEng Civil Engineering,GE1401,PHY1201,12369,T02
1290,BEng Civil Engineering,GE1401,GE1401,12397,T51
1291,BEng Civil Engineering,GE1401,GE1401,10710,T37
1291,BEng Civil Engineering,GE1401,MA1200,11782,CE1
1291,BEng Civil Engineering,GE1401,MA1200,11801,TE3
1291,BEng Civil Engineering,GE1401,CS1302,11859,CA1
1291,BEng Civil Engineering,GE1401,PHY1201,12180,L04
1291,BEng Civil Engineering,GE1401,CS1302,12215,LA4
1291,BEng Civil Engineering,GE1401,PHY1201,12368,C01
1291,BEng Civil Engineering,GE1401,PHY1201,12369,T02
1292,BEng Civil Engineering,GE1401,GE1401,10711,T38
1292,BEng Civil Engineering,GE1401,PHY1201,11377,T01
1292,BEng Civil Engineering,GE1401,MA1200,11787,CA1
1292,BEng Civil Engineering,GE1401,MA1200,11790,TA1
1292,BEng Civil Engineering,GE1401,CS1302,11860,CB1
1292,BEng Civil Engineering,GE1401,PHY1201,12178,L02
1292,BEng Civil Engineering,GE1401,PHY1201,12368,C01
1292,BEng Civil Engineering,GE1401,CS1302,15811,LB4
1293,BEng Civil Engineering,GE1401,GE1401,10715,T45
1293,BEng Civil Engineering,GE1401,PHY1201,11377,T01
1293,BEng Civil Engineering,GE1401,MA1200,11789,CD1
1293,BEng Civil Engineering,GE1401,MA1200,11798,TD3
1293,BEng Civil Engineering,GE1401,CS1302,11859,CA1
1293,BEng Civil Engineering,GE1401,CS1302,11982,LA3
1293,BEng Civil Engineering,GE1401,PHY1201,12181,L05
1293,BEng Civil Engineering,GE1401,PHY1201,12368,C01
1294,BEng Civil Engineering,GE1401,GE1401,10711,T38
1294,BEng Civil Engineering,GE1401,PHY1201,11377,T01
1294,BEng Civil Engineering,GE1401,MA1200,11788,CC1
1294,BEng Civil Engineering,GE1401,MA1200,11793,TC1
1294,BEng Civil Engineering,GE1401,CS1302,11860,CB1
1294,BEng Civil Engineering,GE1401,PHY1201,12178,L02
1294,BEng Civil Engineering,GE1401,PHY1201,12368,C01
1294,BEng Civil Engineering,GE1401,CS1302,15811,LB4
1295,BEng Civil Engineering,GE1401,GE1401,10715,T45
1295,BEng Civil Engineering,GE1401,PHY1201,11377,T01
1295,BEng Civil Engineering,GE1401,MA1200,11789,CD1
1295,BEng Civil Engineering,GE1401,MA1200,11798,TD3
1295,BEng Civil Engineering,GE1401,CS1302,11859,CA1
1295,BEng Civil Engineering,GE1401,CS1302,11982,LA3
1295,BEng Civil Engineering,GE1401,PHY1201,12181,L05
1295,BEng Civil Engineering,GE1401,PHY1201,12368,C01
1296,BEng Civil Engineering,GE1401,PHY1201,11377,T01
1296,BEng Civil Engineering,GE1401,GE1401,11506,T78
1296,BEng Civil Engineering,GE1401,MA1200,11788,CC1
1296,BEng Civil Engineering,GE1401,MA1200,11793,TC1
1296,BEng Civil Engineering,GE1401,CS1302,11860,CB1
1296,BEng Civil Engineering,GE1401,PHY1201,12178,L02
1296,BEng Civil Engineering,GE1401,PHY1201,12368,C01
1296,BEng Civil Engineering,GE1401,CS1302,15811,LB4
1297,BEng Civil Engineering,GE1401,GE1401,10711,T38
1297,BEng Civil Engineering,GE1401,PHY1201,11377,T01
1297,BEng Civil Engineering,GE1401,MA1200,11788,CC1
1297,BEng Civil Engineering,GE1401,MA1200,11793,TC1
1297,BEng Civil Engineering,GE1401,CS1302,11860,CB1
1297,BEng Civil Engineering,GE1401,PHY1201,12178,L02
1297,BEng Civil Engineering,GE1401,PHY1201,12368,C01
1297,BEng Civil Engineering,GE1401,CS1302,15811,LB4
1298,BEng Civil Engineering,GE1401,GE1401,10695,T19
1298,BEng Civil Engineering,GE1401,MA1200,11782,CE1
1298,BEng Civil Engineering,GE1401,MA1200,11801,TE3
1298,BEng Civil Engineering,GE1401,CS1302,11859,CA1
1298,BEng Civil Engineering,GE1401,PHY1201,12180,L04
1298,BEng Civil Engineering,GE1401,CS1302,12215,LA4
1298,BEng Civil Engineering,GE1401,PHY1201,12368,C01
1298,BEng Civil Engineering,GE1401,PHY1201,12369,T02
1299,BEng Civil Engineering,GE1401,GE1401,10711,T38
1299,BEng Civil Engineering,GE1401,PHY1201,11377,T01
1299,BEng Civil Engineering,GE1401,MA1200,11788,CC1
1299,BEng Civil Engineering,GE1401,MA1200,11793,TC1
1299,BEng Civil Engineering,GE1401,CS1302,11860,CB1
1299,BEng Civil Engineering,GE1401,PHY1201,12178,L02
1299,BEng Civil Engineering,GE1401,PHY1201,12368,C01
1299,BEng Civil Engineering,GE1401,CS1302,15811,LB4
1300,BEng Civil Engineering,GE1401,MA1200,11788,CC1
1300,BEng Civil Engineering,GE1401,MA1200,11794,TC2
1300,BEng Civil Engineering,GE1401,CS1302,11859,CA1
1300,BEng Civil Engineering,GE1401,CS1302,11864,LA2
1300,BEng Civil Engineering,GE1401,PHY1201,12371,CA2
1300,BEng Civil Engineering,GE1401,PHY1201,12372,TA2
1300,BEng Civil Engineering,GE1401,PHY1201,12379,LA5
1300,BEng Civil Engineering,GE1401,GE1401,13577,TB6
1301,BEng Civil Engineering,GE1401,GE1401,10698,T22
1301,BEng Civil Engineering,GE1401,PHY1201,11377,T01
1301,BEng Civil Engineering,GE1401,MA1200,11787,CA1
1301,BEng Civil Engineering,GE1401,MA1200,11790,TA1
1301,BEng Civil Engineering,GE1401,CS1302,11860,CB1
1301,BEng Civil Engineering,GE1401,PHY1201,12178,L02
1301,BEng Civil Engineering,GE1401,PHY1201,12368,C01
1301,BEng Civil Engineering,GE1401,CS1302,15811,LB4
1302,BEng Civil Engineering,GE1401,GE1401,10724,T57
1302,BEng Civil Engineering,GE1401,MA1200,11785,CG1
1302,BEng Civil Engineering,GE1401,MA1200,11807,TG3
1302,BEng Civil Engineering,GE1401,CS1302,11859,CA1
1302,BEng Civil Engineering,GE1401,CS1302,11982,LA3
1302,BEng Civil Engineering,GE1401,PHY1201,12180,L04
1302,BEng Civil Engineering,GE1401,PHY1201,12368,C01
1302,BEng Civil Engineering,GE1401,PHY1201,12369,T02
1303,BEng Civil Engineering,GE1401,MA1200,11787,CA1
1303,BEng Civil Engineering,GE1401,MA1200,11791,TA2
1303,BEng Civil Engineering,GE1401,CS1302,11859,CA1
1303,BEng Civil Engineering,GE1401,CS1302,11982,LA3
1303,BEng Civil Engineering,GE1401,PHY1201,12179,L03
1303,BEng Civil Engineering,GE1401,PHY1201,12368,C01
1303,BEng Civil Engineering,GE1401,PHY1201,12369,T02
1303,BEng Civil Engineering,GE1401,GE1401,12397,T51
1304,BEng Civil Engineering,GE1401,GE1401,11507,T80
1304,BEng Civil Engineering,GE1401,MA1200,11787,CA1
1304,BEng Civil Engineering,GE1401,MA1200,11791,TA2
1304,BEng Civil Engineering,GE1401,CS1302,11859,CA1
1304,BEng Civil Engineering,GE1401,CS1302,11982,LA3
1304,BEng Civil Engineering,GE1401,PHY1201,12179,L03
1304,BEng Civil Engineering,GE1401,PHY1201,12368,C01
1304,BEng Civil Engineering,GE1401,PHY1201,12369,T02
1305,BEng Civil Engineering,GE1401,GE1401,10711,T38
1305,BEng Civil Engineering,GE1401,PHY1201,11377,T01
1305,BEng Civil Engineering,GE1401,MA1200,11787,CA1
1305,BEng Civil Engineering,GE1401,MA1200,11790,TA1
1305,BEng Civil Engineering,GE1401,CS1302,11860,CB1
1305,BEng Civil Engineering,GE1401,PHY1201,12178,L02
1305,BEng Civil Engineering,GE1401,PHY1201,12368,C01
1305,BEng Civil Engineering,GE1401,CS1302,15811,LB4
1306,BEng Civil Engineering,GE1401,MA1200,11782,CE1
1306,BEng Civil Engineering,GE1401,MA1200,11801,TE3
1306,BEng Civil Engineering,GE1401,CS1302,11859,CA1
1306,BEng Civil Engineering,GE1401,PHY1201,12180,L04
1306,BEng Civil Engineering,GE1401,CS1302,12215,LA4
1306,BEng Civil Engineering,GE1401,PHY1201,12368,C01
1306,BEng Civil Engineering,GE1401,PHY1201,12369,T02
1306,BEng Civil Engineering,GE1401,GE1401,12396,T46
1307,BEng Civil Engineering,GE1401,GE1401,10698,T22
1307,BEng Civil Engineering,GE1401,PHY1201,11377,T01
1307,BEng Civil Engineering,GE1401,MA1200,11787,CA1
1307,BEng Civil Engineering,GE1401,MA1200,11790,TA1
1307,BEng Civil Engineering,GE1401,CS1302,11860,CB1
1307,BEng Civil Engineering,GE1401,PHY1201,12178,L02
1307,BEng Civil Engineering,GE1401,PHY1201,12368,C01
1307,BEng Civil Engineering,GE1401,CS1302,15811,LB4
1308,BEng Civil Engineering,GE1401,GE1401,10715,T45
1308,BEng Civil Engineering,GE1401,PHY1201,11377,T01
1308,BEng Civil Engineering,GE1401,MA1200,11789,CD1
1308,BEng Civil Engineering,GE1401,MA1200,11798,TD3
1308,BEng Civil Engineering,GE1401,CS1302,11859,CA1
1308,BEng Civil Engineering,GE1401,CS1302,11982,LA3
1308,BEng Civil Engineering,GE1401,PHY1201,12181,L05
1308,BEng Civil Engineering,GE1401,PHY1201,12368,C01
1309,BEng Civil Engineering,GE1401,GE1401,10711,T38
1309,BEng Civil Engineering,GE1401,PHY1201,11377,T01
1309,BEng Civil Engineering,GE1401,MA1200,11788,CC1
1309,BEng Civil Engineering,GE1401,MA1200,11793,TC1
1309,BEng Civil Engineering,GE1401,CS1302,11860,CB1
1309,BEng Civil Engineering,GE1401,PHY1201,12178,L02
1309,BEng Civil Engineering,GE1401,PHY1201,12368,C01
1309,BEng Civil Engineering,GE1401,CS1302,15811,LB4
1310,BEng Civil Engineering,GE1401,GE1401,10695,T19
1310,BEng Civil Engineering,GE1401,MA1200,11784,CF1
1310,BEng Civil Engineering,GE1401,MA1200,11804,TF3
1310,BEng Civil Engineering,GE1401,CS1302,11859,CA1
1310,BEng Civil Engineering,GE1401,PHY1201,12180,L04
1310,BEng Civil Engineering,GE1401,CS1302,12215,LA4
1310,BEng Civil Engineering,GE1401,PHY1201,12368,C01
1310,BEng Civil Engineering,GE1401,PHY1201,12369,T02
1311,BEng Civil Engineering,GE1401,GE1401,10711,T38
1311,BEng Civil Engineering,GE1401,PHY1201,11377,T01
1311,BEng Civil Engineering,GE1401,MA1200,11788,CC1
1311,BEng Civil Engineering,GE1401,MA1200,11793,TC1
1311,BEng Civil Engineering,GE1401,CS1302,11860,CB1
1311,BEng Civil Engineering,GE1401,PHY1201,12178,L02
1311,BEng Civil Engineering,GE1401,PHY1201,12368,C01
1311,BEng Civil Engineering,GE1401,CS1302,15811,LB4
1312,BEng Civil Engineering,GE1401,GE1401,10728,T61
1312,BEng Civil Engineering,GE1401,MA1200,11787,CA1
1312,BEng Civil Engineering,GE1401,MA1200,11791,TA2
1312,BEng Civil Engineering,GE1401,CS1302,11859,CA1
1312,BEng Civil Engineering,GE1401,CS1302,11982,LA3
1312,BEng Civil Engineering,GE1401,PHY1201,12179,L03
1312,BEng Civil Engineering,GE1401,PHY1201,12368,C01
1312,BEng Civil Engineering,GE1401,PHY1201,12369,T02
1313,BEng Civil Engineering,GE1401,GE1401,10711,T38
1313,BEng Civil Engineering,GE1401,PHY1201,11377,T01
1313,BEng Civil Engineering,GE1401,MA1200,11788,CC1
1313,BEng Civil Engineering,GE1401,MA1200,11793,TC1
1313,BEng Civil Engineering,GE1401,CS1302,11860,CB1
1313,BEng Civil Engineering,GE1401,PHY1201,12178,L02
1313,BEng Civil Engineering,GE1401,PHY1201,12368,C01
1313,BEng Civil Engineering,GE1401,CS1302,15811,LB4
1314,BEng Civil Engineering,GE1401,GE1401,10711,T38
1314,BEng Civil Engineering,GE1401,PHY1201,11377,T01
1314,BEng Civil Engineering,GE1401,MA1200,11787,CA1
1314,BEng Civil Engineering,GE1401,MA1200,11790,TA1
1314,BEng Civil Engineering,GE1401,CS1302,11860,CB1
1314,BEng Civil Engineering,GE1401,PHY1201,12178,L02
1314,BEng Civil Engineering,GE1401,PHY1201,12368,C01
1314,BEng Civil Engineering,GE1401,CS1302,15811,LB4
1315,BEng Civil Engineering,GE1401,GE1401,10731,T66
1315,BEng Civil Engineering,GE1401,MA1200,11789,CD1
1315,BEng Civil Engineering,GE1401,MA1200,11797,TD2
1315,BEng Civil Engineering,GE1401,CS1302,11859,CA1
1315,BEng Civil Engineering,GE1401,CS1302,11864,LA2
1315,BEng Civil Engineering,GE1401,PHY1201,12371,CA2
1315,BEng Civil Engineering,GE1401,PHY1201,12372,TA2
1315,BEng Civil Engineering,GE1401,PHY1201,12377,LA3
1316,BEng Civil Engineering,GE1401,PHY1201,11377,T01
1316,BEng Civil Engineering,GE1401,GE1401,11506,T78
1316,BEng Civil Engineering,GE1401,MA1200,11788,CC1
1316,BEng Civil Engineering,GE1401,MA1200,11793,TC1
1316,BEng Civil Engineering,GE1401,CS1302,11860,CB1
1316,BEng Civil Engineering,GE1401,PHY1201,12178,L02
1316,BEng Civil Engineering,GE1401,PHY1201,12368,C01
1316,BEng Civil Engineering,GE1401,CS1302,15811,LB4
1317,BEng Civil Engineering,GE1401,GE1401,11491,T69
1317,BEng Civil Engineering,GE1401,MA1200,11787,CA1
1317,BEng Civil Engineering,GE1401,MA1200,11791,TA2
1317,BEng Civil Engineering,GE1401,CS1302,11859,CA1
1317,BEng Civil Engineering,GE1401,CS1302,11982,LA3
1317,BEng Civil Engineering,GE1401,PHY1201,12179,L03
1317,BEng Civil Engineering,GE1401,PHY1201,12368,C01
1317,BEng Civil Engineering,GE1401,PHY1201,12369,T02
1318,BEng Civil Engineering,GE1401,GE1401,10731,T66
1318,BEng Civil Engineering,GE1401,MA1200,11789,CD1
1318,BEng Civil Engineering,GE1401,MA1200,11797,TD2
1318,BEng Civil Engineering,GE1401,CS1302,11859,CA1
1318,BEng Civil Engineering,GE1401,CS1302,11864,LA2
1318,BEng Civil Engineering,GE1401,PHY1201,12371,CA2
1318,BEng Civil Engineering,GE1401,PHY1201,12372,TA2
1318,BEng Civil Engineering,GE1401,PHY1201,12377,LA3
1319,BEng Civil Engineering,GE1401,GE1401,10720,T53
1319,BEng Civil Engineering,GE1401,MA1200,11785,CG1
1319,BEng Civil Engineering,GE1401,MA1200,11807,TG3
1319,BEng Civil Engineering,GE1401,CS1302,11859,CA1
1319,BEng Civil Engineering,GE1401,CS1302,11863,LA1
1319,BEng Civil Engineering,GE1401,PHY1201,12179,L03
1319,BEng Civil Engineering,GE1401,PHY1201,12368,C01
1319,BEng Civil Engineering,GE1401,PHY1201,12369,T02
1320,BEng Civil Engineering,GE1401,GE1401,10679,T02
1320,BEng Civil Engineering,GE1401,PHY1201,11377,T01
1320,BEng Civil Engineering,GE1401,MA1200,11788,CC1
1320,BEng Civil Engineering,GE1401,MA1200,11795,TC3
1320,BEng Civil Engineering,GE1401,CS1302,11859,CA1
1320,BEng Civil Engineering,GE1401,CS1302,11982,LA3
1320,BEng Civil Engineering,GE1401,PHY1201,12181,L05
1320,BEng Civil Engineering,GE1401,PHY1201,12368,C01
1321,BEng Civil Engineering,GE1401,GE1401,10728,T61
1321,BEng Civil Engineering,GE1401,MA1200,11787,CA1
1321,BEng Civil Engineering,GE1401,MA1200,11791,TA2
1321,BEng Civil Engineering,GE1401,CS1302,11859,CA1
1321,BEng Civil Engineering,GE1401,CS1302,11982,LA3
1321,BEng Civil Engineering,GE1401,PHY1201,12179,L03
1321,BEng Civil Engineering,GE1401,PHY1201,12368,C01
1321,BEng Civil Engineering,GE1401,PHY1201,12369,T02
1322,BEng Civil Engineering,GE1401,GE1401,10679,T02
1322,BEng Civil Engineering,GE1401,PHY1201,11377,T01
1322,BEng Civil Engineering,GE1401,MA1200,11788,CC1
1322,BEng Civil Engineering,GE1401,MA1200,11795,TC3
1322,BEng Civil Engineering,GE1401,CS1302,11859,CA1
1322,BEng Civil Engineering,GE1401,CS1302,11982,LA3
1322,BEng Civil Engineering,GE1401,PHY1201,12181,L05
1322,BEng Civil Engineering,GE1401,PHY1201,12368,C01
1323,BEng Civil Engineering,GE1401,GE1401,10711,T38
1323,BEng Civil Engineering,GE1401,PHY1201,11377,T01
1323,BEng Civil Engineering,GE1401,MA1200,11787,CA1
1323,BEng Civil Engineering,GE1401,MA1200,11790,TA1
1323,BEng Civil Engineering,GE1401,CS1302,11860,CB1
1323,BEng Civil Engineering,GE1401,PHY1201,12178,L02
1323,BEng Civil Engineering,GE1401,PHY1201,12368,C01
1323,BEng Civil Engineering,GE1401,CS1302,15811,LB4
1324,BEng Civil Engineering,LC0200A,LC0200A,10865,T05
1324,BEng Civil Engineering,LC0200A,MA1200,11784,CF1
1324,BEng Civil Engineering,LC0200A,MA1200,11804,TF3
1324,BEng Civil Engineering,LC0200A,CS1302,11859,CA1
1324,BEng Civil Engineering,LC0200A,PHY1201,12180,L04
1324,BEng Civil Engineering,LC0200A,CS1302,12215,LA4
1324,BEng Civil Engineering,LC0200A,PHY1201,12368,C01
1324,BEng Civil Engineering,LC0200A,PHY1201,12369,T02
1325,BEng Civil Engineering,LC0200A,LC0200A,11170,T32
1325,BEng Civil Engineering,LC0200A,MA1200,11787,CA1
1325,BEng Civil Engineering,LC0200A,MA1200,11790,TA1
1325,BEng Civil Engineering,LC0200A,CS1302,11860,CB1
1325,BEng Civil Engineering,LC0200A,PHY1201,12178,L02
1325,BEng Civil Engineering,LC0200A,PHY1201,12368,C01
1325,BEng Civil Engineering,LC0200A,PHY1201,12369,T02
1325,BEng Civil Engineering,LC0200A,CS1302,15811,LB4
1326,BEng Civil Engineering,LC0200A,LC0200A,10878,T09
1326,BEng Civil Engineering,LC0200A,MA1200,11784,CF1
1326,BEng Civil Engineering,LC0200A,MA1200,11804,TF3
1326,BEng Civil Engineering,LC0200A,CS1302,11859,CA1
1326,BEng Civil Engineering,LC0200A,PHY1201,12180,L04
1326,BEng Civil Engineering,LC0200A,CS1302,12215,LA4
1326,BEng Civil Engineering,LC0200A,PHY1201,12368,C01
1326,BEng Civil Engineering,LC0200A,PHY1201,12369,T02
1327,BEng Civil Engineering,LC0200A,LC0200A,10865,T05
1327,BEng Civil Engineering,LC0200A,PHY1201,11386,CA1
1327,BEng Civil Engineering,LC0200A,MA1200,11782,CE1
1327,BEng Civil Engineering,LC0200A,MA1200,11801,TE3
1327,BEng Civil Engineering,LC0200A,CS1302,11859,CA1
1327,BEng Civil Engineering,LC0200A,CS1302,12215,LA4
1327,BEng Civil Engineering,LC0200A,PHY1201,12372,TA2
1327,BEng Civil Engineering,LC0200A,PHY1201,12378,LA4
1328,BEng Civil Engineering,LC0200A,LC0200A,10878,T09
1328,BEng Civil Engineering,LC0200A,MA1200,11784,CF1
1328,BEng Civil Engineering,LC0200A,MA1200,11804,TF3
1328,BEng Civil Engineering,LC0200A,CS1302,11859,CA1
1328,BEng Civil Engineering,LC0200A,PHY1201,12180,L04
1328,BEng Civil Engineering,LC0200A,CS1302,12215,LA4
1328,BEng Civil Engineering,LC0200A,PHY1201,12368,C01
1328,BEng Civil Engineering,LC0200A,PHY1201,12369,T02
1329,BEng Civil Engineering,LC0200A,LC0200A,10865,T05
1329,BEng Civil Engineering,LC0200A,MA1200,11784,CF1
1329,BEng Civil Engineering,LC0200A,MA1200,11804,TF3
1329,BEng Civil Engineering,LC0200A,CS1302,11859,CA1
1329,BEng Civil Engineering,LC0200A,PHY1201,12180,L04
1329,BEng Civil Engineering,LC0200A,CS1302,12215,LA4
1329,BEng Civil Engineering,LC0200A,PHY1201,12368,C01
1329,BEng Civil Engineering,LC0200A,PHY1201,12369,T02
1330,BEng Civil Engineering,LC0200A,LC0200A,10891,T23
1330,BEng Civil Engineering,LC0200A,MA1200,11785,CG1
1330,BEng Civil Engineering,LC0200A,MA1200,11807,TG3
1330,BEng Civil Engineering,LC0200A,CS1302,11859,CA1
1330,BEng Civil Engineering,LC0200A,CS1302,11982,LA3
1330,BEng Civil Engineering,LC0200A,PHY1201,12180,L04
1330,BEng Civil Engineering,LC0200A,PHY1201,12368,C01
1330,BEng Civil Engineering,LC0200A,PHY1201,12369,T02
1331,BEng Civil Engineering,LC0200A,LC0200A,10865,T05
1331,BEng Civil Engineering,LC0200A,PHY1201,11386,CA1
1331,BEng Civil Engineering,LC0200A,MA1200,11782,CE1
1331,BEng Civil Engineering,LC0200A,MA1200,11801,TE3
1331,BEng Civil Engineering,LC0200A,CS1302,11859,CA1
1331,BEng Civil Engineering,LC0200A,CS1302,12215,LA4
1331,BEng Civil Engineering,LC0200A,PHY1201,12372,TA2
1331,BEng Civil Engineering,LC0200A,PHY1201,12378,LA4
1332,BEng Civil Engineering,LC0200A,LC0200A,10875,T06
1332,BEng Civil Engineering,LC0200A,PHY1201,11377,T01
1332,BEng Civil Engineering,LC0200A,MA1200,11789,CD1
1332,BEng Civil Engineering,LC0200A,MA1200,11797,TD2
1332,BEng Civil Engineering,LC0200A,CS1302,11859,CA1
1332,BEng Civil Engineering,LC0200A,CS1302,11864,LA2
1332,BEng Civil Engineering,LC0200A,PHY1201,12179,L03
1332,BEng Civil Engineering,LC0200A,PHY1201,12367,C02
1333,BEng Civil Engineering,LC0200A,LC0200A,11170,T32
1333,BEng Civil Engineering,LC0200A,PHY1201,11377,T01
1333,BEng Civil Engineering,LC0200A,MA1200,11788,CC1
1333,BEng Civil Engineering,LC0200A,MA1200,11793,TC1
1333,BEng Civil Engineering,LC0200A,CS1302,11860,CB1
1333,BEng Civil Engineering,LC0200A,PHY1201,12178,L02
1333,BEng Civil Engineering,LC0200A,PHY1201,12368,C01
1333,BEng Civil Engineering,LC0200A,CS1302,15811,LB4
1334,BEng Civil Engineering,LC0200A,LC0200A,10891,T23
1334,BEng Civil Engineering,LC0200A,MA1200,11785,CG1
1334,BEng Civil Engineering,LC0200A,MA1200,11807,TG3
1334,BEng Civil Engineering,LC0200A,CS1302,11859,CA1
1334,BEng Civil Engineering,LC0200A,CS1302,11982,LA3
1334,BEng Civil Engineering,LC0200A,PHY1201,12180,L04
1334,BEng Civil Engineering,LC0200A,PHY1201,12368,C01
1334,BEng Civil Engineering,LC0200A,PHY1201,12369,T02
1335,BEng Civil Engineering,LC0200A,LC0200A,11170,T32
1335,BEng Civil Engineering,LC0200A,PHY1201,11377,T01
1335,BEng Civil Engineering,LC0200A,MA1200,11787,CA1
1335,BEng Civil Engineering,LC0200A,MA1200,11790,TA1
1335,BEng Civil Engineering,LC0200A,CS1302,11860,CB1
1335,BEng Civil Engineering,LC0200A,PHY1201,12178,L02
1335,BEng Civil Engineering,LC0200A,PHY1201,12368,C01
1335,BEng Civil Engineering,LC0200A,CS1302,15811,LB4
1336,BEng Civil Engineering,LC0200A,LC0200A,10888,T20
1336,BEng Civil Engineering,LC0200A,MA1200,11787,CA1
1336,BEng Civil Engineering,LC0200A,MA1200,11791,TA2
1336,BEng Civil Engineering,LC0200A,CS1302,11859,CA1
1336,BEng Civil Engineering,LC0200A,CS1302,11982,LA3
1336,BEng Civil Engineering,LC0200A,PHY1201,12179,L03
1336,BEng Civil Engineering,LC0200A,PHY1201,12368,C01
1336,BEng Civil Engineering,LC0200A,PHY1201,12369,T02
1337,BEng Civil Engineering,LC0200A,LC0200A,10865,T05
1337,BEng Civil Engineering,LC0200A,MA1200,11784,CF1
1337,BEng Civil Engineering,LC0200A,MA1200,11804,TF3
1337,BEng Civil Engineering,LC0200A,CS1302,11859,CA1
1337,BEng Civil Engineering,LC0200A,PHY1201,12180,L04
1337,BEng Civil Engineering,LC0200A,CS1302,12215,LA4
1337,BEng Civil Engineering,LC0200A,PHY1201,12368,C01
1337,BEng Civil Engineering,LC0200A,PHY1201,12369,T02
1338,BEng Civil Engineering,LC0200A,LC0200A,10865,T05
1338,BEng Civil Engineering,LC0200A,PHY1201,11386,CA1
1338,BEng Civil Engineering,LC0200A,MA1200,11782,CE1
1338,BEng Civil Engineering,LC0200A,MA1200,11801,TE3
1338,BEng Civil Engineering,LC0200A,CS1302,11859,CA1
1338,BEng Civil Engineering,LC0200A,CS1302,12215,LA4
1338,BEng Civil Engineering,LC0200A,PHY1201,12372,TA2
1338,BEng Civil Engineering,LC0200A,PHY1201,12378,LA4
1339,BEng Civil Engineering,LC0200A,LC0200A,10862,T02
1339,BEng Civil Engineering,LC0200A,PHY1201,11377,T01
1339,BEng Civil Engineering,LC0200A,MA1200,11788,CC1
1339,BEng Civil Engineering,LC0200A,MA1200,11795,TC3
1339,BEng Civil Engineering,LC0200A,CS1302,11859,CA1
1339,BEng Civil Engineering,LC0200A,CS1302,11982,LA3
1339,BEng Civil Engineering,LC0200A,PHY1201,12181,L05
1339,BEng Civil Engineering,LC0200A,PHY1201,12368,C01
1340,BEng Civil Engineering,LC0200A,LC0200A,11170,T32
1340,BEng Civil Engineering,LC0200A,MA1200,11788,CC1
1340,BEng Civil Engineering,LC0200A,MA1200,11793,TC1
1340,BEng Civil Engineering,LC0200A,CS1302,11860,CB1
1340,BEng Civil Engineering,LC0200A,PHY1201,12178,L02
1340,BEng Civil Engineering,LC0200A,PHY1201,12368,C01
1340,BEng Civil Engineering,LC0200A,PHY1201,12369,T02
1340,BEng Civil Engineering,LC0200A,CS1302,15811,LB4
1341,BEng Building Services Engineering,GE1401,GE1401,10710,T37
1341,BEng Building Services Engineering,GE1401,MA1200,11782,CE1
1341,BEng Building Services Engineering,GE1401,MA1200,11801,TE3
1341,BEng Building Services Engineering,GE1401,CS1302,11859,CA1
1341,BEng Building Services Engineering,GE1401,PHY1201,12180,L04
1341,BEng Building Services Engineering,GE1401,CS1302,12215,LA4
1341,BEng Building Services Engineering,GE1401,PHY1201,12368,C01
1341,BEng Building Services Engineering,GE1401,PHY1201,12369,T02
1342,BEng Building Services Engineering,GE1401,GE1401,10731,T66
1342,BEng Building Services Engineering,GE1401,MA1200,11789,CD1
1342,BEng Building Services Engineering,GE1401,MA1200,11797,TD2
1342,BEng Building Services Engineering,GE1401,CS1302,11859,CA1
1342,BEng Building Services Engineering,GE1401,CS1302,11864,LA2
1342,BEng Building Services Engineering,GE1401,PHY1201,12371,CA2
1342,BEng Building Services Engineering,GE1401,PHY1201,12372,TA2
1342,BEng Building Services Engineering,GE1401,PHY1201,12377,LA3
1343,BEng Building Services Engineering,GE1401,GE1401,10711,T38
1343,BEng Building Services Engineering,GE1401,PHY1201,11377,T01
1343,BEng Building Services Engineering,GE1401,MA1200,11788,CC1
1343,BEng Building Services Engineering,GE1401,MA1200,11793,TC1
1343,BEng Building Services Engineering,GE1401,CS1302,11860,CB1
1343,BEng Building Services Engineering,GE1401,PHY1201,12178,L02
1343,BEng Building Services Engineering,GE1401,PHY1201,12368,C01
1343,BEng Building Services Engineering,GE1401,CS1302,15811,LB4
1344,BEng Building Services Engineering,GE1401,GE1401,10710,T37
1344,BEng Building Services Engineering,GE1401,MA1200,11782,CE1
1344,BEng Building Services Engineering,GE1401,MA1200,11801,TE3
1344,BEng Building Services Engineering,GE1401,CS1302,11859,CA1
1344,BEng Building Services Engineering,GE1401,PHY1201,12180,L04
1344,BEng Building Services Engineering,GE1401,CS1302,12215,LA4
1344,BEng Building Services Engineering,GE1401,PHY1201,12368,C01
1344,BEng Building Services Engineering,GE1401,PHY1201,12369,T02
1345,BEng Building Services Engineering,GE1401,GE1401,10710,T37
1345,BEng Building Services Engineering,GE1401,MA1200,11782,CE1
1345,BEng Building Services Engineering,GE1401,MA1200,11801,TE3
1345,BEng Building Services Engineering,GE1401,CS1302,11859,CA1
1345,BEng Building Services Engineering,GE1401,PHY1201,12180,L04
1345,BEng Building Services Engineering,GE1401,CS1302,12215,LA4
1345,BEng Building Services Engineering,GE1401,PHY1201,12368,C01
1345,BEng Building Services Engineering,GE1401,PHY1201,12369,T02
1346,BEng Building Services Engineering,GE1401,GE1401,10720,T53
1346,BEng Building Services Engineering,GE1401,MA1200,11785,CG1
1346,BEng Building Services Engineering,GE1401,MA1200,11805,TG1
1346,BEng Building Services Engineering,GE1401,CS1302,11859,CA1
1346,BEng Building Services Engineering,GE1401,CS1302,11863,LA1
1346,BEng Building Services Engineering,GE1401,PHY1201,12179,L03
1346,BEng Building Services Engineering,GE1401,PHY1201,12368,C01
1346,BEng Building Services Engineering,GE1401,PHY1201,12369,T02
1347,BEng Building Services Engineering,GE1401,GE1401,10710,T37
1347,BEng Building Services Engineering,GE1401,PHY1201,11386,CA1
1347,BEng Building Services Engineering,GE1401,MA1200,11782,CE1
1347,BEng Building Services Engineering,GE1401,MA1200,11801,TE3
1347,BEng Building Services Engineering,GE1401,CS1302,11859,CA1
1347,BEng Building Services Engineering,GE1401,CS1302,12215,LA4
1347,BEng Building Services Engineering,GE1401,PHY1201,12372,TA2
1347,BEng Building Services Engineering,GE1401,PHY1201,12378,LA4
1348,BEng Building Services Engineering,GE1401,GE1401,10679,T02
1348,BEng Building Services Engineering,GE1401,PHY1201,11377,T01
1348,BEng Building Services Engineering,GE1401,MA1200,11789,CD1
1348,BEng Building Services Engineering,GE1401,MA1200,11798,TD3
1348,BEng Building Services Engineering,GE1401,CS1302,11859,CA1
1348,BEng Building Services Engineering,GE1401,CS1302,11982,LA3
1348,BEng Building Services Engineering,GE1401,PHY1201,12181,L05
1348,BEng Building Services Engineering,GE1401,PHY1201,12368,C01
1349,BEng Building Services Engineering,GE1401,MA1200,11787,CA1
1349,BEng Building Services Engineering,GE1401,MA1200,11791,TA2
1349,BEng Building Services Engineering,GE1401,CS1302,11859,CA1
1349,BEng Building Services Engineering,GE1401,CS1302,11982,LA3
1349,BEng Building Services Engineering,GE1401,PHY1201,12179,L03
1349,BEng Building Services Engineering,GE1401,PHY1201,12368,C01
1349,BEng Building Services Engineering,GE1401,PHY1201,12369,T02
1349,BEng Building Services Engineering,GE1401,GE1401,12397,T51
1350,BEng Building Services Engineering,GE1401,PHY1201,11377,T01
1350,BEng Building Services Engineering,GE1401,GE1401,11506,T78
1350,BEng Building Services Engineering,GE1401,MA1200,11788,CC1
1350,BEng Building Services Engineering,GE1401,MA1200,11793,TC1
1350,BEng Building Services Engineering,GE1401,CS1302,11860,CB1
1350,BEng Building Services Engineering,GE1401,PHY1201,12178,L02
1350,BEng Building Services Engineering,GE1401,PHY1201,12368,C01
1350,BEng Building Services Engineering,GE1401,CS1302,15811,LB4
1351,BEng Building Services Engineering,GE1401,GE1401,10715,T45
1351,BEng Building Services Engineering,GE1401,PHY1201,11377,T01
1351,BEng Building Services Engineering,GE1401,MA1200,11789,CD1
1351,BEng Building Services Engineering,GE1401,MA1200,11798,TD3
1351,BEng Building Services Engineering,GE1401,CS1302,11859,CA1
1351,BEng Building Services Engineering,GE1401,CS1302,11982,LA3
1351,BEng Building Services Engineering,GE1401,PHY1201,12181,L05
1351,BEng Building Services Engineering,GE1401,PHY1201,12368,C01
1352,BEng Building Services Engineering,GE1401,GE1401,10710,T37
1352,BEng Building Services Engineering,GE1401,MA1200,11782,CE1
1352,BEng Building Services Engineering,GE1401,MA1200,11801,TE3
1352,BEng Building Services Engineering,GE1401,CS1302,11859,CA1
1352,BEng Building Services Engineering,GE1401,PHY1201,12180,L04
1352,BEng Building Services Engineering,GE1401,CS1302,12215,LA4
1352,BEng Building Services Engineering,GE1401,PHY1201,12368,C01
1352,BEng Building Services Engineering,GE1401,PHY1201,12369,T02
1353,BEng Building Services Engineering,GE1401,GE1401,10710,T37
1353,BEng Building Services Engineering,GE1401,PHY1201,11386,CA1
1353,BEng Building Services Engineering,GE1401,MA1200,11782,CE1
1353,BEng Building Services Engineering,GE1401,MA1200,11801,TE3
1353,BEng Building Services Engineering,GE1401,CS1302,11859,CA1
1353,BEng Building Services Engineering,GE1401,CS1302,12215,LA4
1353,BEng Building Services Engineering,GE1401,PHY1201,12372,TA2
1353,BEng Building Services Engineering,GE1401,PHY1201,12378,LA4
1354,BEng Building Services Engineering,GE1401,MA1200,11787,CA1
1354,BEng Building Services Engineering,GE1401,MA1200,11791,TA2
1354,BEng Building Services Engineering,GE1401,CS1302,11859,CA1
1354,BEng Building Services Engineering,GE1401,CS1302,11982,LA3
1354,BEng Building Services Engineering,GE1401,PHY1201,12179,L03
1354,BEng Building Services Engineering,GE1401,PHY1201,12368,C01
1354,BEng Building Services Engineering,GE1401,PHY1201,12369,T02
1354,BEng Building Services Engineering,GE1401,GE1401,12397,T51
1355,BEng Building Services Engineering,GE1401,GE1401,10690,T13
1355,BEng Building Services Engineering,GE1401,MA1200,11782,CE1
1355,BEng Building Services Engineering,GE1401,MA1200,11801,TE3
1355,BEng Building Services Engineering,GE1401,CS1302,11859,CA1
1355,BEng Building Services Engineering,GE1401,PHY1201,12180,L04
1355,BEng Building Services Engineering,GE1401,CS1302,12215,LA4
1355,BEng Building Services Engineering,GE1401,PHY1201,12368,C01
1355,BEng Building Services Engineering,GE1401,PHY1201,12369,T02
1356,BEng Building Services Engineering,GE1401,GE1401,10731,T66
1356,BEng Building Services Engineering,GE1401,MA1200,11789,CD1
1356,BEng Building Services Engineering,GE1401,MA1200,11797,TD2
1356,BEng Building Services Engineering,GE1401,CS1302,11859,CA1
1356,BEng Building Services Engineering,GE1401,CS1302,11864,LA2
1356,BEng Building Services Engineering,GE1401,PHY1201,12371,CA2
1356,BEng Building Services Engineering,GE1401,PHY1201,12372,TA2
1356,BEng Building Services Engineering,GE1401,PHY1201,12377,LA3
1357,BEng Building Services Engineering,GE1401,GE1401,10711,T38
1357,BEng Building Services Engineering,GE1401,PHY1201,11377,T01
1357,BEng Building Services Engineering,GE1401,MA1200,11787,CA1
1357,BEng Building Services Engineering,GE1401,MA1200,11790,TA1
1357,BEng Building Services Engineering,GE1401,CS1302,11860,CB1
1357,BEng Building Services Engineering,GE1401,PHY1201,12178,L02
1357,BEng Building Services Engineering,GE1401,PHY1201,12368,C01
1357,BEng Building Services Engineering,GE1401,CS1302,15811,LB4
1358,BEng Building Services Engineering,GE1401,GE1401,10686,T09
1358,BEng Building Services Engineering,GE1401,MA1200,11784,CF1
1358,BEng Building Services Engineering,GE1401,MA1200,11804,TF3
1358,BEng Building Services Engineering,GE1401,CS1302,11859,CA1
1358,BEng Building Services Engineering,GE1401,PHY1201,12180,L04
1358,BEng Building Services Engineering,GE1401,CS1302,12215,LA4
1358,BEng Building Services Engineering,GE1401,PHY1201,12368,C01
1358,BEng Building Services Engineering,GE1401,PHY1201,12369,T02
1359,BEng Building Services Engineering,GE1401,GE1401,10710,T37
1359,BEng Building Services Engineering,GE1401,MA1200,11782,CE1
1359,BEng Building Services Engineering,GE1401,MA1200,11801,TE3
1359,BEng Building Services Engineering,GE1401,CS1302,11859,CA1
1359,BEng Building Services Engineering,GE1401,PHY1201,12180,L04
1359,BEng Building Services Engineering,GE1401,CS1302,12215,LA4
1359,BEng Building Services Engineering,GE1401,PHY1201,12368,C01
1359,BEng Building Services Engineering,GE1401,PHY1201,12369,T02
1360,BEng Building Services Engineering,GE1401,GE1401,10731,T66
1360,BEng Building Services Engineering,GE1401,MA1200,11789,CD1
1360,BEng Building Services Engineering,GE1401,MA1200,11796,TD1
1360,BEng Building Services Engineering,GE1401,CS1302,11860,CB1
1360,BEng Building Services Engineering,GE1401,PHY1201,12178,L02
1360,BEng Building Services Engineering,GE1401,PHY1201,12368,C01
1360,BEng Building Services Engineering,GE1401,PHY1201,12369,T02
1360,BEng Building Services Engineering,GE1401,CS1302,15811,LB4
1361,BEng Building Services Engineering,GE1401,GE1401,10711,T38
1361,BEng Building Services Engineering,GE1401,PHY1201,11377,T01
1361,BEng Building Services Engineering,GE1401,MA1200,11787,CA1
1361,BEng Building Services Engineering,GE1401,MA1200,11790,TA1
1361,BEng Building Services Engineering,GE1401,CS1302,11860,CB1
1361,BEng Building Services Engineering,GE1401,PHY1201,12178,L02
1361,BEng Building Services Engineering,GE1401,PHY1201,12368,C01
1361,BEng Building Services Engineering,GE1401,CS1302,15811,LB4
1362,BEng Building Services Engineering,GE1401,GE1401,10731,T66
1362,BEng Building Services Engineering,GE1401,MA1200,11788,CC1
1362,BEng Building Services Engineering,GE1401,MA1200,11794,TC2
1362,BEng Building Services Engineering,GE1401,CS1302,11859,CA1
1362,BEng Building Services Engineering,GE1401,CS1302,11864,LA2
1362,BEng Building Services Engineering,GE1401,PHY1201,12371,CA2
1362,BEng Building Services Engineering,GE1401,PHY1201,12372,TA2
1362,BEng Building Services Engineering,GE1401,PHY1201,12377,LA3
1363,BEng Building Services Engineering,GE1401,MA1200,11782,CE1
1363,BEng Building Services Engineering,GE1401,MA1200,11801,TE3
1363,BEng Building Services Engineering,GE1401,CS1302,11859,CA1
1363,BEng Building Services Engineering,GE1401,PHY1201,12180,L04
1363,BEng Building Services Engineering,GE1401,CS1302,12215,LA4
1363,BEng Building Services Engineering,GE1401,PHY1201,12368,C01
1363,BEng Building Services Engineering,GE1401,PHY1201,12369,T02
1363,BEng Building Services Engineering,GE1401,GE1401,12396,T46
1364,BEng Building Services Engineering,GE1401,GE1401,10679,T02
1364,BEng Building Services Engineering,GE1401,PHY1201,11377,T01
1364,BEng Building Services Engineering,GE1401,MA1200,11788,CC1
1364,BEng Building Services Engineering,GE1401,MA1200,11795,TC3
1364,BEng Building Services Engineering,GE1401,CS1302,11859,CA1
1364,BEng Building Services Engineering,GE1401,CS1302,11982,LA3
1364,BEng Building Services Engineering,GE1401,PHY1201,12181,L05
1364,BEng Building Services Engineering,GE1401,PHY1201,12368,C01
1365,BEng Building Services Engineering,GE1401,MA1200,11784,CF1
1365,BEng Building Services Engineering,GE1401,MA1200,11804,TF3
1365,BEng Building Services Engineering,GE1401,CS1302,11859,CA1
1365,BEng Building Services Engineering,GE1401,PHY1201,12180,L04
1365,BEng Building Services Engineering,GE1401,CS1302,12215,LA4
1365,BEng Building Services Engineering,GE1401,PHY1201,12368,C01
1365,BEng Building Services Engineering,GE1401,PHY1201,12369,T02
1365,BEng Building Services Engineering,GE1401,GE1401,12396,T46
1366,BEng Building Services Engineering,GE1401,GE1401,10679,T02
1366,BEng Building Services Engineering,GE1401,PHY1201,11377,T01
1366,BEng Building Services Engineering,GE1401,MA1200,11789,CD1
1366,BEng Building Services Engineering,GE1401,MA1200,11798,TD3
1366,BEng Building Services Engineering,GE1401,CS1302,11859,CA1
1366,BEng Building Services Engineering,GE1401,CS1302,11982,LA3
1366,BEng Building Services Engineering,GE1401,PHY1201,12181,L05
1366,BEng Building Services Engineering,GE1401,PHY1201,12368,C01
1367,BEng Building Services Engineering,LC0200A,LC0200A,11170,T32
1367,BEng Building Services Engineering,LC0200A,MA1200,11787,CA1
1367,BEng Building Services Engineering,LC0200A,MA1200,11790,TA1
1367,BEng Building Services Engineering,LC0200A,CS1302,11860,CB1
1367,BEng Building Services Engineering,LC0200A,PHY1201,12178,L02
1367,BEng Building Services Engineering,LC0200A,PHY1201,12368,C01
1367,BEng Building Services Engineering,LC0200A,PHY1201,12369,T02
1367,BEng Building Services Engineering,LC0200A,CS1302,15811,LB4
1368,BEng Building Services Engineering,LC0200A,LC0200A,10865,T05
1368,BEng Building Services Engineering,LC0200A,PHY1201,11386,CA1
1368,BEng Building Services Engineering,LC0200A,MA1200,11782,CE1
1368,BEng Building Services Engineering,LC0200A,MA1200,11801,TE3
1368,BEng Building Services Engineering,LC0200A,CS1302,11859,CA1
1368,BEng Building Services Engineering,LC0200A,CS1302,12215,LA4
1368,BEng Building Services Engineering,LC0200A,PHY1201,12372,TA2
1368,BEng Building Services Engineering,LC0200A,PHY1201,12378,LA4
1369,BEng Building Services Engineering,LC0200A,LC0200A,11170,T32
1369,BEng Building Services Engineering,LC0200A,MA1200,11788,CC1
1369,BEng Building Services Engineering,LC0200A,MA1200,11793,TC1
1369,BEng Building Services Engineering,LC0200A,CS1302,11860,CB1
1369,BEng Building Services Engineering,LC0200A,PHY1201,12178,L02
1369,BEng Building Services Engineering,LC0200A,PHY1201,12368,C01
1369,BEng Building Services Engineering,LC0200A,PHY1201,12369,T02
1369,BEng Building Services Engineering,LC0200A,CS1302,15811,LB4
1370,BEng Building Services Engineering,LC0200A,LC0200A,10865,T05
1370,BEng Building Services Engineering,LC0200A,MA1200,11782,CE1
1370,BEng Building Services Engineering,LC0200A,MA1200,11801,TE3
1370,BEng Building Services Engineering,LC0200A,CS1302,11859,CA1
1370,BEng Building Services Engineering,LC0200A,PHY1201,12180,L04
1370,BEng Building Services Engineering,LC0200A,CS1302,12215,LA4
1370,BEng Building Services Engineering,LC0200A,PHY1201,12368,C01
1370,BEng Building Services Engineering,LC0200A,PHY1201,12369,T02
1371,BEng Building Services Engineering,LC0200A,LC0200A,10862,T02
1371,BEng Building Services Engineering,LC0200A,MA1200,11787,CA1
1371,BEng Building Services Engineering,LC0200A,MA1200,11791,TA2
1371,BEng Building Services Engineering,LC0200A,CS1302,11859,CA1
1371,BEng Building Services Engineering,LC0200A,CS1302,11982,LA3
1371,BEng Building Services Engineering,LC0200A,PHY1201,12179,L03
1371,BEng Building Services Engineering,LC0200A,PHY1201,12368,C01
1371,BEng Building Services Engineering,LC0200A,PHY1201,12369,T02
1372,BEng Building Services Engineering,LC0200A,LC0200A,10862,T02
1372,BEng Building Services Engineering,LC0200A,PHY1201,11377,T01
1372,BEng Building Services Engineering,LC0200A,MA1200,11789,CD1
1372,BEng Building Services Engineering,LC0200A,MA1200,11798,TD3
1372,BEng Building Services Engineering,LC0200A,CS1302,11859,CA1
1372,BEng Building Services Engineering,LC0200A,CS1302,11982,LA3
1372,BEng Building Services Engineering,LC0200A,PHY1201,12181,L05
1372,BEng Building Services Engineering,LC0200A,PHY1201,12368,C01
1373,BEng Building Services Engineering,LC0200A,LC0200A,10862,T02
1373,BEng Building Services Engineering,LC0200A,PHY1201,11377,T01
1373,BEng Building Services Engineering,LC0200A,MA1200,11789,CD1
1373,BEng Building Services Engineering,LC0200A,MA1200,11798,TD3
1373,BEng Building Services Engineering,LC0200A,CS1302,11859,CA1
1373,BEng Building Services Engineering,LC0200A,CS1302,11982,LA3
1373,BEng Building Services Engineering,LC0200A,PHY1201,12181,L05
1373,BEng Building Services Engineering,LC0200A,PHY1201,12368,C01
1374,BEng Building Services Engineering,LC0200A,LC0200A,10862,T02
1374,BEng Building Services Engineering,LC0200A,PHY1201,11377,T01
1374,BEng Building Services Engineering,LC0200A,MA1200,11789,CD1
1374,BEng Building Services Engineering,LC0200A,MA1200,11798,TD3
1374,BEng Building Services Engineering,LC0200A,CS1302,11859,CA1
1374,BEng Building Services Engineering,LC0200A,CS1302,11982,LA3
1374,BEng Building Services Engineering,LC0200A,PHY1201,12181,L05
1374,BEng Building Services Engineering,LC0200A,PHY1201,12368,C01
1375,BEng Building Services Engineering,LC0200A,LC0200A,10891,T23
1375,BEng Building Services Engineering,LC0200A,MA1200,11785,CG1
1375,BEng Building Services Engineering,LC0200A,MA1200,11807,TG3
1375,BEng Building Services Engineering,LC0200A,CS1302,11859,CA1
1375,BEng Building Services Engineering,LC0200A,CS1302,11982,LA3
1375,BEng Building Services Engineering,LC0200A,PHY1201,12180,L04
1375,BEng Building Services Engineering,LC0200A,PHY1201,12368,C01
1375,BEng Building Services Engineering,LC0200A,PHY1201,12369,T02
1376,BEng Building Services Engineering,LC0200A,LC0200A,11170,T32
1376,BEng Building Services Engineering,LC0200A,PHY1201,11377,T01
1376,BEng Building Services Engineering,LC0200A,MA1200,11788,CC1
1376,BEng Building Services Engineering,LC0200A,MA1200,11793,TC1
1376,BEng Building Services Engineering,LC0200A,CS1302,11860,CB1
1376,BEng Building Services Engineering,LC0200A,PHY1201,12178,L02
1376,BEng Building Services Engineering,LC0200A,PHY1201,12368,C01
1376,BEng Building Services Engineering,LC0200A,CS1302,15811,LB4
1377,BEng Building Services Engineering,LC0200A,LC0200A,10865,T05
1377,BEng Building Services Engineering,LC0200A,PHY1201,11386,CA1
1377,BEng Building Services Engineering,LC0200A,MA1200,11782,CE1
1377,BEng Building Services Engineering,LC0200A,MA1200,11801,TE3
1377,BEng Building Services Engineering,LC0200A,CS1302,11859,CA1
1377,BEng Building Services Engineering,LC0200A,CS1302,12215,LA4
1377,BEng Building Services Engineering,LC0200A,PHY1201,12372,TA2
1377,BEng Building Services Engineering,LC0200A,PHY1201,12378,LA4
1378,BSc Architecture and Surveying,GE1401,GE1401,10710,T37
1378,BSc Architecture and Surveying,GE1401,MA1200,11782,CE1
1378,BSc Architecture and Surveying,GE1401,MA1200,11801,TE3
1378,BSc Architecture and Surveying,GE1401,CS1302,11859,CA1
1378,BSc Architecture and Surveying,GE1401,PHY1201,12180,L04
1378,BSc Architecture and Surveying,GE1401,CS1302,12215,LA4
1378,BSc Architecture and Surveying,GE1401,PHY1201,12368,C01
1378,BSc Architecture and Surveying,GE1401,PHY1201,12369,T02
1379,BSc Architecture and Surveying,GE1401,GE1401,10679,T02
1379,BSc Architecture and Surveying,GE1401,PHY1201,11377,T01
1379,BSc Architecture and Surveying,GE1401,MA1200,11788,CC1
1379,BSc Architecture and Surveying,GE1401,MA1200,11795,TC3
1379,BSc Architecture and Surveying,GE1401,CS1302,11859,CA1
1379,BSc Architecture and Surveying,GE1401,CS1302,11982,LA3
1379,BSc Architecture and Surveying,GE1401,PHY1201,12181,L05
1379,BSc Architecture and Surveying,GE1401,PHY1201,12368,C01
1380,BSc Architecture and Surveying,GE1401,GE1401,10711,T38
1380,BSc Architecture and Surveying,GE1401,PHY1201,11377,T01
1380,BSc Architecture and Surveying,GE1401,MA1200,11788,CC1
1380,BSc Architecture and Surveying,GE1401,MA1200,11793,TC1
1380,BSc Architecture and Surveying,GE1401,CS1302,11860,CB1
1380,BSc Architecture and Surveying,GE1401,PHY1201,12178,L02
1380,BSc Architecture and Surveying,GE1401,PHY1201,12368,C01
1380,BSc Architecture and Surveying,GE1401,CS1302,15811,LB4
1381,BSc Architecture and Surveying,GE1401,GE1401,10715,T45
1381,BSc Architecture and Surveying,GE1401,PHY1201,11377,T01
1381,BSc Architecture and Surveying,GE1401,MA1200,11789,CD1
1381,BSc Architecture and Surveying,GE1401,MA1200,11798,TD3
1381,BSc Architecture and Surveying,GE1401,CS1302,11859,CA1
1381,BSc Architecture and Surveying,GE1401,CS1302,11982,LA3
1381,BSc Architecture and Surveying,GE1401,PHY1201,12181,L05
1381,BSc Architecture and Surveying,GE1401,PHY1201,12368,C01
1382,BSc Architecture and Surveying,GE1401,GE1401,10715,T45
1382,BSc Architecture and Surveying,GE1401,PHY1201,11377,T01
1382,BSc Architecture and Surveying,GE1401,MA1200,11789,CD1
1382,BSc Architecture and Surveying,GE1401,MA1200,11798,TD3
1382,BSc Architecture and Surveying,GE1401,CS1302,11859,CA1
1382,BSc Architecture and Surveying,GE1401,CS1302,11982,LA3
1382,BSc Architecture and Surveying,GE1401,PHY1201,12181,L05
1382,BSc Architecture and Surveying,GE1401,PHY1201,12368,C01
1383,BSc Architecture and Surveying,GE1401,GE1401,10728,T61
1383,BSc Architecture and Surveying,GE1401,MA1200,11787,CA1
1383,BSc Architecture and Surveying,GE1401,MA1200,11791,TA2
1383,BSc Architecture and Surveying,GE1401,CS1302,11859,CA1
1383,BSc Architecture and Surveying,GE1401,CS1302,11982,LA3
1383,BSc Architecture and Surveying,GE1401,PHY1201,12179,L03
1383,BSc Architecture and Surveying,GE1401,PHY1201,12368,C01
1383,BSc Architecture and Surveying,GE1401,PHY1201,12369,T02
1384,BSc Architecture and Surveying,GE1401,GE1401,10710,T37
1384,BSc Architecture and Surveying,GE1401,PHY1201,11386,CA1
1384,BSc Architecture and Surveying,GE1401,MA1200,11782,CE1
1384,BSc Architecture and Surveying,GE1401,MA1200,11801,TE3
1384,BSc Architecture and Surveying,GE1401,CS1302,11859,CA1
1384,BSc Architecture and Surveying,GE1401,CS1302,12215,LA4
1384,BSc Architecture and Surveying,GE1401,PHY1201,12372,TA2
1384,BSc Architecture and Surveying,GE1401,PHY1201,12378,LA4
1385,BSc Architecture and Surveying,GE1401,GE1401,10710,T37
1385,BSc Architecture and Surveying,GE1401,MA1200,11782,CE1
1385,BSc Architecture and Surveying,GE1401,MA1200,11801,TE3
1385,BSc Architecture and Surveying,GE1401,CS1302,11859,CA1
1385,BSc Architecture and Surveying,GE1401,PHY1201,12180,L04
1385,BSc Architecture and Surveying,GE1401,CS1302,12215,LA4
1385,BSc Architecture and Surveying,GE1401,PHY1201,12368,C01
1385,BSc Architecture and Surveying,GE1401,PHY1201,12369,T02
1386,BSc Architecture and Surveying,GE1401,MA1200,11787,CA1
1386,BSc Architecture and Surveying,GE1401,MA1200,11791,TA2
1386,BSc Architecture and Surveying,GE1401,CS1302,11859,CA1
1386,BSc Architecture and Surveying,GE1401,CS1302,11982,LA3
1386,BSc Architecture and Surveying,GE1401,PHY1201,12179,L03
1386,BSc Architecture and Surveying,GE1401,PHY1201,12368,C01
1386,BSc Architecture and Surveying,GE1401,PHY1201,12369,T02
1386,BSc Architecture and Surveying,GE1401,GE1401,12397,T51
1387,BSc Architecture and Surveying,GE1401,GE1401,10711,T38
1387,BSc Architecture and Surveying,GE1401,PHY1201,11377,T01
1387,BSc Architecture and Surveying,GE1401,MA1200,11788,CC1
1387,BSc Architecture and Surveying,GE1401,MA1200,11793,TC1
1387,BSc Architecture and Surveying,GE1401,CS1302,11860,CB1
1387,BSc Architecture and Surveying,GE1401,PHY1201,12178,L02
1387,BSc Architecture and Surveying,GE1401,PHY1201,12368,C01
1387,BSc Architecture and Surveying,GE1401,CS1302,15811,LB4
1388,BSc Architecture and Surveying,GE1401,GE1401,10731,T66
1388,BSc Architecture and Surveying,GE1401,MA1200,11789,CD1
1388,BSc Architecture and Surveying,GE1401,MA1200,11797,TD2
1388,BSc Architecture and Surveying,GE1401,CS1302,11859,CA1
1388,BSc Architecture and Surveying,GE1401,CS1302,11864,LA2
1388,BSc Architecture and Surveying,GE1401,PHY1201,12371,CA2
1388,BSc Architecture and Surveying,GE1401,PHY1201,12372,TA2
1388,BSc Architecture and Surveying,GE1401,PHY1201,12377,LA3
1389,BSc Architecture and Surveying,GE1401,GE1401,10679,T02
1389,BSc Architecture and Surveying,GE1401,PHY1201,11377,T01
1389,BSc Architecture and Surveying,GE1401,MA1200,11788,CC1
1389,BSc Architecture and Surveying,GE1401,MA1200,11795,TC3
1389,BSc Architecture and Surveying,GE1401,CS1302,11859,CA1
1389,BSc Architecture and Surveying,GE1401,CS1302,11982,LA3
1389,BSc Architecture and Surveying,GE1401,PHY1201,12181,L05
1389,BSc Architecture and Surveying,GE1401,PHY1201,12368,C01
1390,BSc Architecture and Surveying,GE1401,GE1401,10711,T38
1390,BSc Architecture and Surveying,GE1401,MA1200,11788,CC1
1390,BSc Architecture and Surveying,GE1401,MA1200,11793,TC1
1390,BSc Architecture and Surveying,GE1401,CS1302,11860,CB1
1390,BSc Architecture and Surveying,GE1401,PHY1201,12178,L02
1390,BSc Architecture and Surveying,GE1401,PHY1201,12368,C01
1390,BSc Architecture and Surveying,GE1401,PHY1201,12369,T02
1390,BSc Architecture and Surveying,GE1401,CS1302,15811,LB4
1391,BSc Architecture and Surveying,GE1401,GE1401,10710,T37
1391,BSc Architecture and Surveying,GE1401,MA1200,11782,CE1
1391,BSc Architecture and Surveying,GE1401,MA1200,11801,TE3
1391,BSc Architecture and Surveying,GE1401,CS1302,11859,CA1
1391,BSc Architecture and Surveying,GE1401,PHY1201,12180,L04
1391,BSc Architecture and Surveying,GE1401,CS1302,12215,LA4
1391,BSc Architecture and Surveying,GE1401,PHY1201,12368,C01
1391,BSc Architecture and Surveying,GE1401,PHY1201,12369,T02
1392,BSc Architecture and Surveying,GE1401,GE1401,10710,T37
1392,BSc Architecture and Surveying,GE1401,MA1200,11782,CE1
1392,BSc Architecture and Surveying,GE1401,MA1200,11801,TE3
1392,BSc Architecture and Surveying,GE1401,CS1302,11859,CA1
1392,BSc Architecture and Surveying,GE1401,PHY1201,12180,L04
1392,BSc Architecture and Surveying,GE1401,CS1302,12215,LA4
1392,BSc Architecture and Surveying,GE1401,PHY1201,12368,C01
1392,BSc Architecture and Surveying,GE1401,PHY1201,12369,T02
1393,BSc Architecture and Surveying,GE1401,GE1401,10711,T38
1393,BSc Architecture and Surveying,GE1401,PHY1201,11377,T01
1393,BSc Architecture and Surveying,GE1401,MA1200,11788,CC1
1393,BSc Architecture and Surveying,GE1401,MA1200,11793,TC1
1393,BSc Architecture and Surveying,GE1401,CS1302,11860,CB1
1393,BSc Architecture and Surveying,GE1401,PHY1201,12178,L02
1393,BSc Architecture and Surveying,GE1401,PHY1201,12368,C01
1393,BSc Architecture and Surveying,GE1401,CS1302,15811,LB4
1394,BSc Architecture and Surveying,GE1401,GE1401,10690,T13
1394,BSc Architecture and Surveying,GE1401,MA1200,11782,CE1
1394,BSc Architecture and Surveying,GE1401,MA1200,11801,TE3
1394,BSc Architecture and Surveying,GE1401,CS1302,11859,CA1
1394,BSc Architecture and Surveying,GE1401,PHY1201,12180,L04
1394,BSc Architecture and Surveying,GE1401,CS1302,12215,LA4
1394,BSc Architecture and Surveying,GE1401,PHY1201,12368,C01
1394,BSc Architecture and Surveying,GE1401,PHY1201,12369,T02
1395,BSc Architecture and Surveying,GE1401,GE1401,10728,T61
1395,BSc Architecture and Surveying,GE1401,MA1200,11787,CA1
1395,BSc Architecture and Surveying,GE1401,MA1200,11791,TA2
1395,BSc Architecture and Surveying,GE1401,CS1302,11859,CA1
1395,BSc Architecture and Surveying,GE1401,CS1302,11982,LA3
1395,BSc Architecture and Surveying,GE1401,PHY1201,12179,L03
1395,BSc Architecture and Surveying,GE1401,PHY1201,12368,C01
1395,BSc Architecture and Surveying,GE1401,PHY1201,12369,T02
1396,BSc Architecture and Surveying,GE1401,GE1401,10711,T38
1396,BSc Architecture and Surveying,GE1401,PHY1201,11377,T01
1396,BSc Architecture and Surveying,GE1401,MA1200,11788,CC1
1396,BSc Architecture and Surveying,GE1401,MA1200,11793,TC1
1396,BSc Architecture and Surveying,GE1401,CS1302,11860,CB1
1396,BSc Architecture and Surveying,GE1401,PHY1201,12178,L02
1396,BSc Architecture and Surveying,GE1401,PHY1201,12368,C01
1396,BSc Architecture and Surveying,GE1401,CS1302,15811,LB4
1397,BSc Architecture and Surveying,GE1401,GE1401,10710,T37
1397,BSc Architecture and Surveying,GE1401,MA1200,11782,CE1
1397,BSc Architecture and Surveying,GE1401,MA1200,11801,TE3
1397,BSc Architecture and Surveying,GE1401,CS1302,11859,CA1
1397,BSc Architecture and Surveying,GE1401,PHY1201,12180,L04
1397,BSc Architecture and Surveying,GE1401,CS1302,12215,LA4
1397,BSc Architecture and Surveying,GE1401,PHY1201,12368,C01
1397,BSc Architecture and Surveying,GE1401,PHY1201,12369,T02
1398,BSc Architecture and Surveying,GE1401,GE1401,10679,T02
1398,BSc Architecture and Surveying,GE1401,PHY1201,11377,T01
1398,BSc Architecture and Surveying,GE1401,MA1200,11788,CC1
1398,BSc Architecture and Surveying,GE1401,MA1200,11795,TC3
1398,BSc Architecture and Surveying,GE1401,CS1302,11859,CA1
1398,BSc Architecture and Surveying,GE1401,CS1302,11982,LA3
1398,BSc Architecture and Surveying,GE1401,PHY1201,12181,L05
1398,BSc Architecture and Surveying,GE1401,PHY1201,12368,C01
1399,BSc Architecture and Surveying,GE1401,MA1200,11784,CF1
1399,BSc Architecture and Surveying,GE1401,MA1200,11804,TF3
1399,BSc Architecture and Surveying,GE1401,CS1302,11859,CA1
1399,BSc Architecture and Surveying,GE1401,PHY1201,12180,L04
1399,BSc Architecture and Surveying,GE1401,CS1302,12215,LA4
1399,BSc Architecture and Surveying,GE1401,PHY1201,12368,C01
1399,BSc Architecture and Surveying,GE1401,PHY1201,12369,T02
1399,BSc Architecture and Surveying,GE1401,GE1401,12396,T46
1400,BSc Architecture and Surveying,GE1401,GE1401,11451,T68
1400,BSc Architecture and Surveying,GE1401,MA1200,11782,CE1
1400,BSc Architecture and Surveying,GE1401,MA1200,11801,TE3
1400,BSc Architecture and Surveying,GE1401,CS1302,11859,CA1
1400,BSc Architecture and Surveying,GE1401,PHY1201,12180,L04
1400,BSc Architecture and Surveying,GE1401,CS1302,12215,LA4
1400,BSc Architecture and Surveying,GE1401,PHY1201,12368,C01
1400,BSc Architecture and Surveying,GE1401,PHY1201,12369,T02
1401,BSc Architecture and Surveying,GE1401,MA1200,11787,CA1
1401,BSc Architecture and Surveying,GE1401,MA1200,11791,TA2
1401,BSc Architecture and Surveying,GE1401,CS1302,11859,CA1
1401,BSc Architecture and Surveying,GE1401,CS1302,11982,LA3
1401,BSc Architecture and Surveying,GE1401,PHY1201,12179,L03
1401,BSc Architecture and Surveying,GE1401,PHY1201,12368,C01
1401,BSc Architecture and Surveying,GE1401,PHY1201,12369,T02
1401,BSc Architecture and Surveying,GE1401,GE1401,12397,T51
1402,BSc Architecture and Surveying,GE1401,PHY1201,11377,T01
1402,BSc Architecture and Surveying,GE1401,GE1401,11506,T78
1402,BSc Architecture and Surveying,GE1401,MA1200,11788,CC1
1402,BSc Architecture and Surveying,GE1401,MA1200,11793,TC1
1402,BSc Architecture and Surveying,GE1401,CS1302,11860,CB1
1402,BSc Architecture and Surveying,GE1401,PHY1201,12178,L02
1402,BSc Architecture and Surveying,GE1401,PHY1201,12368,C01
1402,BSc Architecture and Surveying,GE1401,CS1302,15811,LB4
1403,BSc Architecture and Surveying,GE1401,GE1401,10715,T45
1403,BSc Architecture and Surveying,GE1401,PHY1201,11377,T01
1403,BSc Architecture and Surveying,GE1401,MA1200,11789,CD1
1403,BSc Architecture and Surveying,GE1401,MA1200,11798,TD3
1403,BSc Architecture and Surveying,GE1401,CS1302,11859,CA1
1403,BSc Architecture and Surveying,GE1401,CS1302,11982,LA3
1403,BSc Architecture and Surveying,GE1401,PHY1201,12181,L05
1403,BSc Architecture and Surveying,GE1401,PHY1201,12368,C01
1404,BSc Architecture and Surveying,GE1401,GE1401,10715,T45
1404,BSc Architecture and Surveying,GE1401,PHY1201,11377,T01
1404,BSc Architecture and Surveying,GE1401,MA1200,11789,CD1
1404,BSc Architecture and Surveying,GE1401,MA1200,11798,TD3
1404,BSc Architecture and Surveying,GE1401,CS1302,11859,CA1
1404,BSc Architecture and Surveying,GE1401,CS1302,11982,LA3
1404,BSc Architecture and Surveying,GE1401,PHY1201,12181,L05
1404,BSc Architecture and Surveying,GE1401,PHY1201,12368,C01
1405,BSc Architecture and Surveying,GE1401,GE1401,10710,T37
1405,BSc Architecture and Surveying,GE1401,MA1200,11782,CE1
1405,BSc Architecture and Surveying,GE1401,MA1200,11801,TE3
1405,BSc Architecture and Surveying,GE1401,CS1302,11859,CA1
1405,BSc Architecture and Surveying,GE1401,PHY1201,12180,L04
1405,BSc Architecture and Surveying,GE1401,CS1302,12215,LA4
1405,BSc Architecture and Surveying,GE1401,PHY1201,12368,C01
1405,BSc Architecture and Surveying,GE1401,PHY1201,12369,T02
1406,BSc Architecture and Surveying,GE1401,GE1401,10731,T66
1406,BSc Architecture and Surveying,GE1401,MA1200,11789,CD1
1406,BSc Architecture and Surveying,GE1401,MA1200,11797,TD2
1406,BSc Architecture and Surveying,GE1401,CS1302,11859,CA1
1406,BSc Architecture and Surveying,GE1401,CS1302,11864,LA2
1406,BSc Architecture and Surveying,GE1401,PHY1201,12371,CA2
1406,BSc Architecture and Surveying,GE1401,PHY1201,12372,TA2
1406,BSc Architecture and Surveying,GE1401,PHY1201,12377,LA3
1407,BSc Architecture and Surveying,GE1401,GE1401,10728,T61
1407,BSc Architecture and Surveying,GE1401,MA1200,11787,CA1
1407,BSc Architecture and Surveying,GE1401,MA1200,11791,TA2
1407,BSc Architecture and Surveying,GE1401,CS1302,11859,CA1
1407,BSc Architecture and Surveying,GE1401,CS1302,11982,LA3
1407,BSc Architecture and Surveying,GE1401,PHY1201,12179,L03
1407,BSc Architecture and Surveying,GE1401,PHY1201,12368,C01
1407,BSc Architecture and Surveying,GE1401,PHY1201,12369,T02
1408,BSc Architecture and Surveying,GE1401,GE1401,10731,T66
1408,BSc Architecture and Surveying,GE1401,MA1200,11788,CC1
1408,BSc Architecture and Surveying,GE1401,MA1200,11794,TC2
1408,BSc Architecture and Surveying,GE1401,CS1302,11859,CA1
1408,BSc Architecture and Surveying,GE1401,CS1302,11864,LA2
1408,BSc Architecture and Surveying,GE1401,PHY1201,12371,CA2
1408,BSc Architecture and Surveying,GE1401,PHY1201,12372,TA2
1408,BSc Architecture and Surveying,GE1401,PHY1201,12377,LA3
1409,BSc Architecture and Surveying,GE1401,GE1401,10710,T37
1409,BSc Architecture and Surveying,GE1401,MA1200,11782,CE1
1409,BSc Architecture and Surveying,GE1401,MA1200,11801,TE3
1409,BSc Architecture and Surveying,GE1401,CS1302,11859,CA1
1409,BSc Architecture and Surveying,GE1401,PHY1201,12180,L04
1409,BSc Architecture and Surveying,GE1401,CS1302,12215,LA4
1409,BSc Architecture and Surveying,GE1401,PHY1201,12368,C01
1409,BSc Architecture and Surveying,GE1401,PHY1201,12369,T02
1410,BSc Architecture and Surveying,GE1401,GE1401,10731,T66
1410,BSc Architecture and Surveying,GE1401,MA1200,11789,CD1
1410,BSc Architecture and Surveying,GE1401,MA1200,11797,TD2
1410,BSc Architecture and Surveying,GE1401,CS1302,11859,CA1
1410,BSc Architecture and Surveying,GE1401,CS1302,11864,LA2
1410,BSc Architecture and Surveying,GE1401,PHY1201,12371,CA2
1410,BSc Architecture and Surveying,GE1401,PHY1201,12372,TA2
1410,BSc Architecture and Surveying,GE1401,PHY1201,12377,LA3
1411,BSc Architecture and Surveying,LC0200A,LC0200A,10865,T05
1411,BSc Architecture and Surveying,LC0200A,PHY1201,11386,CA1
1411,BSc Architecture and Surveying,LC0200A,MA1200,11782,CE1
1411,BSc Architecture and Surveying,LC0200A,MA1200,11801,TE3
1411,BSc Architecture and Surveying,LC0200A,CS1302,11859,CA1
1411,BSc Architecture and Surveying,LC0200A,CS1302,12215,LA4
1411,BSc Architecture and Surveying,LC0200A,PHY1201,12372,TA2
1411,BSc Architecture and Surveying,LC0200A,PHY1201,12378,LA4
1412,BSc Architecture and Surveying,LC0200A,LC0200A,10865,T05
1412,BSc Architecture and Surveying,LC0200A,MA1200,11784,CF1
1412,BSc Architecture and Surveying,LC0200A,MA1200,11804,TF3
1412,BSc Architecture and Surveying,LC0200A,CS1302,11859,CA1
1412,BSc Architecture and Surveying,LC0200A,PHY1201,12180,L04
1412,BSc Architecture and Surveying,LC0200A,CS1302,12215,LA4
1412,BSc Architecture and Surveying,LC0200A,PHY1201,12368,C01
1412,BSc Architecture and Surveying,LC0200A,PHY1201,12369,T02
1413,BSc Architecture and Surveying,LC0200A,LC0200A,10895,T27
1413,BSc Architecture and Surveying,LC0200A,MA1200,11785,CG1
1413,BSc Architecture and Surveying,LC0200A,MA1200,11805,TG1
1413,BSc Architecture and Surveying,LC0200A,CS1302,11859,CA1
1413,BSc Architecture and Surveying,LC0200A,CS1302,11863,LA1
1413,BSc Architecture and Surveying,LC0200A,PHY1201,12179,L03
1413,BSc Architecture and Surveying,LC0200A,PHY1201,12368,C01
1413,BSc Architecture and Surveying,LC0200A,PHY1201,12369,T02
1414,BSc Architecture and Surveying,LC0200A,LC0200A,10862,T02
1414,BSc Architecture and Surveying,LC0200A,PHY1201,11377,T01
1414,BSc Architecture and Surveying,LC0200A,MA1200,11789,CD1
1414,BSc Architecture and Surveying,LC0200A,MA1200,11798,TD3
1414,BSc Architecture and Surveying,LC0200A,CS1302,11859,CA1
1414,BSc Architecture and Surveying,LC0200A,CS1302,11982,LA3
1414,BSc Architecture and Surveying,LC0200A,PHY1201,12181,L05
1414,BSc Architecture and Surveying,LC0200A,PHY1201,12368,C01
1415,BSc Architecture and Surveying,LC0200A,LC0200A,10875,T06
1415,BSc Architecture and Surveying,LC0200A,PHY1201,11377,T01
1415,BSc Architecture and Surveying,LC0200A,MA1200,11788,CC1
1415,BSc Architecture and Surveying,LC0200A,MA1200,11794,TC2
1415,BSc Architecture and Surveying,LC0200A,CS1302,11859,CA1
1415,BSc Architecture and Surveying,LC0200A,CS1302,11864,LA2
1415,BSc Architecture and Surveying,LC0200A,PHY1201,12179,L03
1415,BSc Architecture and Surveying,LC0200A,PHY1201,12367,C02
1416,BSc Architecture and Surveying,LC0200A,LC0200A,10865,T05
1416,BSc Architecture and Surveying,LC0200A,MA1200,11784,CF1
1416,BSc Architecture and Surveying,LC0200A,MA1200,11804,TF3
1416,BSc Architecture and Surveying,LC0200A,CS1302,11859,CA1
1416,BSc Architecture and Surveying,LC0200A,PHY1201,12180,L04
1416,BSc Architecture and Surveying,LC0200A,CS1302,12215,LA4
1416,BSc Architecture and Surveying,LC0200A,PHY1201,12368,C01
1416,BSc Architecture and Surveying,LC0200A,PHY1201,12369,T02
1417,BSc Architecture and Surveying,LC0200A,LC0200A,10875,T06
1417,BSc Architecture and Surveying,LC0200A,PHY1201,11377,T01
1417,BSc Architecture and Surveying,LC0200A,MA1200,11789,CD1
1417,BSc Architecture and Surveying,LC0200A,MA1200,11797,TD2
1417,BSc Architecture and Surveying,LC0200A,CS1302,11859,CA1
1417,BSc Architecture and Surveying,LC0200A,CS1302,11864,LA2
1417,BSc Architecture and Surveying,LC0200A,PHY1201,12179,L03
1417,BSc Architecture and Surveying,LC0200A,PHY1201,12367,C02
1418,BSc Architecture and Surveying,LC0200A,LC0200A,10865,T05
1418,BSc Architecture and Surveying,LC0200A,MA1200,11784,CF1
1418,BSc Architecture and Surveying,LC0200A,MA1200,11804,TF3
1418,BSc Architecture and Surveying,LC0200A,CS1302,11859,CA1
1418,BSc Architecture and Surveying,LC0200A,PHY1201,12180,L04
1418,BSc Architecture and Surveying,LC0200A,CS1302,12215,LA4
1418,BSc Architecture and Surveying,LC0200A,PHY1201,12368,C01
1418,BSc Architecture and Surveying,LC0200A,PHY1201,12369,T02
1419,BSc Architecture and Surveying,LC0200A,LC0200A,10865,T05
1419,BSc Architecture and Surveying,LC0200A,MA1200,11784,CF1
1419,BSc Architecture and Surveying,LC0200A,MA1200,11804,TF3
1419,BSc Architecture and Surveying,LC0200A,CS1302,11859,CA1
1419,BSc Architecture and Surveying,LC0200A,PHY1201,12180,L04
1419,BSc Architecture and Surveying,LC0200A,CS1302,12215,LA4
1419,BSc Architecture and Surveying,LC0200A,PHY1201,12368,C01
1419,BSc Architecture and Surveying,LC0200A,PHY1201,12369,T02
1420,BSc Architecture and Surveying,LC0200A,LC0200A,10865,T05
1420,BSc Architecture and Surveying,LC0200A,MA1200,11784,CF1
1420,BSc Architecture and Surveying,LC0200A,MA1200,11804,TF3
1420,BSc Architecture and Surveying,LC0200A,CS1302,11859,CA1
1420,BSc Architecture and Surveying,LC0200A,PHY1201,12180,L04
1420,BSc Architecture and Surveying,LC0200A,CS1302,12215,LA4
1420,BSc Architecture and Surveying,LC0200A,PHY1201,12368,C01
1420,BSc Architecture and Surveying,LC0200A,PHY1201,12369,T02
1421,BSc Architecture and Surveying,LC0200A,LC0200A,10875,T06
1421,BSc Architecture and Surveying,LC0200A,PHY1201,11377,T01
1421,BSc Architecture and Surveying,LC0200A,MA1200,11789,CD1
1421,BSc Architecture and Surveying,LC0200A,MA1200,11797,TD2
1421,BSc Architecture and Surveying,LC0200A,CS1302,11859,CA1
1421,BSc Architecture and Surveying,LC0200A,CS1302,11864,LA2
1421,BSc Architecture and Surveying,LC0200A,PHY1201,12179,L03
1421,BSc Architecture and Surveying,LC0200A,PHY1201,12367,C02
1422,BSc Architecture and Surveying,LC0200A,LC0200A,10865,T05
1422,BSc Architecture and Surveying,LC0200A,MA1200,11782,CE1
1422,BSc Architecture and Surveying,LC0200A,MA1200,11801,TE3
1422,BSc Architecture and Surveying,LC0200A,CS1302,11859,CA1
1422,BSc Architecture and Surveying,LC0200A,PHY1201,12180,L04
1422,BSc Architecture and Surveying,LC0200A,CS1302,12215,LA4
1422,BSc Architecture and Surveying,LC0200A,PHY1201,12368,C01
1422,BSc Architecture and Surveying,LC0200A,PHY1201,12369,T02
1423,BSc Architecture and Surveying,LC0200A,LC0200A,10878,T09
1423,BSc Architecture and Surveying,LC0200A,MA1200,11784,CF1
1423,BSc Architecture and Surveying,LC0200A,MA1200,11804,TF3
1423,BSc Architecture and Surveying,LC0200A,CS1302,11859,CA1
1423,BSc Architecture and Surveying,LC0200A,PHY1201,12180,L04
1423,BSc Architecture and Surveying,LC0200A,CS1302,12215,LA4
1423,BSc Architecture and Surveying,LC0200A,PHY1201,12368,C01
1423,BSc Architecture and Surveying,LC0200A,PHY1201,12369,T02
1424,BSc Architecture and Surveying,LC0200A,LC0200A,10895,T27
1424,BSc Architecture and Surveying,LC0200A,MA1200,11785,CG1
1424,BSc Architecture and Surveying,LC0200A,MA1200,11805,TG1
1424,BSc Architecture and Surveying,LC0200A,CS1302,11859,CA1
1424,BSc Architecture and Surveying,LC0200A,CS1302,11863,LA1
1424,BSc Architecture and Surveying,LC0200A,PHY1201,12179,L03
1424,BSc Architecture and Surveying,LC0200A,PHY1201,12368,C01
1424,BSc Architecture and Surveying,LC0200A,PHY1201,12369,T02
1425,BEng Computer and Data Engineering,GE1401,EE1001,10617,C01
1425,BEng Computer and Data Engineering,GE1401,EE1001,11159,L01
1425,BEng Computer and Data Engineering,GE1401,GE1354,11441,C01
1425,BEng Computer and Data Engineering,GE1401,GE1354,11444,L03
1425,BEng Computer and Data Engineering,GE1401,MA1200,11788,CC1
1425,BEng Computer and Data Engineering,GE1401,MA1200,11794,TC2
1425,BEng Computer and Data Engineering,GE1401,CS1302,11860,CB1
1425,BEng Computer and Data Engineering,GE1401,GE1401,12127,T84
1425,BEng Computer and Data Engineering,GE1401,CS1302,12216,LB1
1426,BEng Computer and Data Engineering,GE1401,EE1001,10617,C01
1426,BEng Computer and Data Engineering,GE1401,GE1401,10694,T17
1426,BEng Computer and Data Engineering,GE1401,EE1001,11161,L02
1426,BEng Computer and Data Engineering,GE1401,GE1354,11441,C01
1426,BEng Computer and Data Engineering,GE1401,GE1354,11443,L02
1426,BEng Computer and Data Engineering,GE1401,MA1200,11782,CE1
1426,BEng Computer and Data Engineering,GE1401,MA1200,11799,TE1
1426,BEng Computer and Data Engineering,GE1401,CS1302,11859,CA1
1426,BEng Computer and Data Engineering,GE1401,CS1302,11863,LA1
1427,BEng Computer and Data Engineering,GE1401,EE1001,10617,C01
1427,BEng Computer and Data Engineering,GE1401,GE1401,10694,T17
1427,BEng Computer and Data Engineering,GE1401,EE1001,11161,L02
1427,BEng Computer and Data Engineering,GE1401,GE1354,11441,C01
1427,BEng Computer and Data Engineering,GE1401,GE1354,11443,L02
1427,BEng Computer and Data Engineering,GE1401,MA1200,11784,CF1
1427,BEng Computer and Data Engineering,GE1401,MA1200,11802,TF1
1427,BEng Computer and Data Engineering,GE1401,CS1302,11859,CA1
1427,BEng Computer and Data Engineering,GE1401,CS1302,11863,LA1
1428,BEng Computer and Data Engineering,GE1401,EE1001,10617,C01
1428,BEng Computer and Data Engineering,GE1401,GE1401,10694,T17
1428,BEng Computer and Data Engineering,GE1401,EE1001,11161,L02
1428,BEng Computer and Data Engineering,GE1401,GE1354,11441,C01
1428,BEng Computer and Data Engineering,GE1401,GE1354,11443,L02
1428,BEng Computer and Data Engineering,GE1401,MA1200,11784,CF1
1428,BEng Computer and Data Engineering,GE1401,MA1200,11802,TF1
1428,BEng Computer and Data Engineering,GE1401,CS1302,11859,CA1
1428,BEng Computer and Data Engineering,GE1401,CS1302,11863,LA1
1429,BEng Computer and Data Engineering,GE1401,EE1001,10617,C01
1429,BEng Computer and Data Engineering,GE1401,EE1001,11159,L01
1429,BEng Computer and Data Engineering,GE1401,GE1354,11441,C01
1429,BEng Computer and Data Engineering,GE1401,GE1354,11444,L03
1429,BEng Computer and Data Engineering,GE1401,MA1200,11787,CA1
1429,BEng Computer and Data Engineering,GE1401,MA1200,11791,TA2
1429,BEng Computer and Data Engineering,GE1401,CS1302,11860,CB1
1429,BEng Computer and Data Engineering,GE1401,CS1302,12216,LB1
1429,BEng Computer and Data Engineering,GE1401,GE1401,13263,T92
1430,BEng Computer and Data Engineering,GE1401,EE1001,10617,C01
1430,BEng Computer and Data Engineering,GE1401,GE1401,10690,T13
1430,BEng Computer and Data Engineering,GE1401,EE1001,11161,L02
1430,BEng Computer and Data Engineering,GE1401,GE1354,11445,CA1
1430,BEng Computer and Data Engineering,GE1401,GE1354,11447,LA2
1430,BEng Computer and Data Engineering,GE1401,MA1200,11782,CE1
1430,BEng Computer and Data Engineering,GE1401,MA1200,11799,TE1
1430,BEng Computer and Data Engineering,GE1401,CS1302,11859,CA1
1430,BEng Computer and Data Engineering,GE1401,CS1302,11863,LA1
1431,BEng Computer and Data Engineering,GE1401,EE1001,10617,C01
1431,BEng Computer and Data Engineering,GE1401,EE1001,11159,L01
1431,BEng Computer and Data Engineering,GE1401,GE1354,11441,C01
1431,BEng Computer and Data Engineering,GE1401,GE1354,11444,L03
1431,BEng Computer and Data Engineering,GE1401,MA1200,11788,CC1
1431,BEng Computer and Data Engineering,GE1401,MA1200,11794,TC2
1431,BEng Computer and Data Engineering,GE1401,CS1302,11861,CC1
1431,BEng Computer and Data Engineering,GE1401,CS1302,11869,LC1
1431,BEng Computer and Data Engineering,GE1401,GE1401,12127,T84
1432,BEng Computer and Data Engineering,GE1401,EE1001,10617,C01
1432,BEng Computer and Data Engineering,GE1401,GE1401,10690,T13
1432,BEng Computer and Data Engineering,GE1401,EE1001,11161,L02
1432,BEng Computer and Data Engineering,GE1401,GE1354,11445,CA1
1432,BEng Computer and Data Engineering,GE1401,GE1354,11446,LA1
1432,BEng Computer and Data Engineering,GE1401,MA1200,11782,CE1
1432,BEng Computer and Data Engineering,GE1401,MA1200,11799,TE1
1432,BEng Computer and Data Engineering,GE1401,CS1302,11859,CA1
1432,BEng Computer and Data Engineering,GE1401,CS1302,11863,LA1
1433,BEng Computer and Data Engineering,GE1401,EE1001,10617,C01
1433,BEng Computer and Data Engineering,GE1401,GE1401,10694,T17
1433,BEng Computer and Data Engineering,GE1401,EE1001,11161,L02
1433,BEng Computer and Data Engineering,GE1401,GE1354,11441,C01
1433,BEng Computer and Data Engineering,GE1401,GE1354,11443,L02
1433,BEng Computer and Data Engineering,GE1401,MA1200,11784,CF1
1433,BEng Computer and Data Engineering,GE1401,MA1200,11802,TF1
1433,BEng Computer and Data Engineering,GE1401,CS1302,11859,CA1
1433,BEng Computer and Data Engineering,GE1401,CS1302,11863,LA1
1434,BEng Computer and Data Engineering,GE1401,EE1001,10617,C01
1434,BEng Computer and Data Engineering,GE1401,EE1001,11159,L01
1434,BEng Computer and Data Engineering,GE1401,GE1354,11441,C01
1434,BEng Computer and Data Engineering,GE1401,GE1354,11444,L03
1434,BEng Computer and Data Engineering,GE1401,MA1200,11788,CC1
1434,BEng Computer and Data Engineering,GE1401,MA1200,11794,TC2
1434,BEng Computer and Data Engineering,GE1401,CS1302,11860,CB1
1434,BEng Computer and Data Engineering,GE1401,GE1401,12127,T84
1434,BEng Computer and Data Engineering,GE1401,CS1302,12216,LB1
1435,BEng Computer and Data Engineering,GE1401,GE1401,10723,T56
1435,BEng Computer and Data Engineering,GE1401,EE1001,10900,CA1
1435,BEng Computer and Data Engineering,GE1401,EE1001,11160,LA1
1435,BEng Computer and Data Engineering,GE1401,GE1354,11455,CB1
1435,BEng Computer and Data Engineering,GE1401,GE1354,11456,LB1
1435,BEng Computer and Data Engineering,GE1401,MA1200,11782,CE1
1435,BEng Computer and Data Engineering,GE1401,MA1200,11800,TE2
1435,BEng Computer and Data Engineering,GE1401,CS1302,11859,CA1
1435,BEng Computer and Data Engineering,GE1401,CS1302,11863,LA1
1436,BEng Computer and Data Engineering,GE1401,EE1001,10617,C01
1436,BEng Computer and Data Engineering,GE1401,EE1001,11159,L01
1436,BEng Computer and Data Engineering,GE1401,GE1354,11441,C01
1436,BEng Computer and Data Engineering,GE1401,GE1354,11444,L03
1436,BEng Computer and Data Engineering,GE1401,GE1401,11491,T69
1436,BEng Computer and Data Engineering,GE1401,MA1200,11787,CA1
1436,BEng Computer and Data Engineering,GE1401,MA1200,11791,TA2
1436,BEng Computer and Data Engineering,GE1401,CS1302,11859,CA1
1436,BEng Computer and Data Engineering,GE1401,CS1302,11982,LA3
1437,BEng Computer and Data Engineering,GE1401,EE1001,10617,C01
1437,BEng Computer and Data Engineering,GE1401,GE1401,10690,T13
1437,BEng Computer and Data Engineering,GE1401,EE1001,11161,L02
1437,BEng Computer and Data Engineering,GE1401,GE1354,11445,CA1
1437,BEng Computer and Data Engineering,GE1401,GE1354,11446,LA1
1437,BEng Computer and Data Engineering,GE1401,MA1200,11782,CE1
1437,BEng Computer and Data Engineering,GE1401,MA1200,11799,TE1
1437,BEng Computer and Data Engineering,GE1401,CS1302,11859,CA1
1437,BEng Computer and Data Engineering,GE1401,CS1302,11863,LA1
1438,BEng Computer and Data Engineering,GE1401,EE1001,10617,C01
1438,BEng Computer and Data Engineering,GE1401,GE1401,10694,T17
1438,BEng Computer and Data Engineering,GE1401,EE1001,11161,L02
1438,BEng Computer and Data Engineering,GE1401,GE1354,11441,C01
1438,BEng Computer and Data Engineering,GE1401,GE1354,11443,L02
1438,BEng Computer and Data Engineering,GE1401,MA1200,11785,CG1
1438,BEng Computer and Data Engineering,GE1401,MA1200,11806,TG2
1438,BEng Computer and Data Engineering,GE1401,CS1302,11859,CA1
1438,BEng Computer and Data Engineering,GE1401,CS1302,11863,LA1
1439,BEng Computer and Data Engineering,GE1401,EE1001,10617,C01
1439,BEng Computer and Data Engineering,GE1401,EE1001,11159,L01
1439,BEng Computer and Data Engineering,GE1401,GE1354,11441,C01
1439,BEng Computer and Data Engineering,GE1401,GE1354,11444,L03
1439,BEng Computer and Data Engineering,GE1401,GE1401,11491,T69
1439,BEng Computer and Data Engineering,GE1401,MA1200,11787,CA1
1439,BEng Computer and Data Engineering,GE1401,MA1200,11791,TA2
1439,BEng Computer and Data Engineering,GE1401,CS1302,11859,CA1
1439,BEng Computer and Data Engineering,GE1401,CS1302,11982,LA3
1440,BEng Computer and Data Engineering,GE1401,EE1001,10617,C01
1440,BEng Computer and Data Engineering,GE1401,EE1001,11161,L02
1440,BEng Computer and Data Engineering,GE1401,GE1354,11445,CA1
1440,BEng Computer and Data Engineering,GE1401,GE1354,11447,LA2
1440,BEng Computer and Data Engineering,GE1401,MA1200,11782,CE1
1440,BEng Computer and Data Engineering,GE1401,MA1200,11799,TE1
1440,BEng Computer and Data Engineering,GE1401,CS1302,11859,CA1
1440,BEng Computer and Data Engineering,GE1401,CS1302,11863,LA1
1440,BEng Computer and Data Engineering,GE1401,GE1401,12735,T74
1441,BEng Computer and Data Engineering,GE1401,EE1001,10617,C01
1441,BEng Computer and Data Engineering,GE1401,GE1401,10690,T13
1441,BEng Computer and Data Engineering,GE1401,EE1001,11161,L02
1441,BEng Computer and Data Engineering,GE1401,GE1354,11441,C01
1441,BEng Computer and Data Engineering,GE1401,GE1354,11443,L02
1441,BEng Computer and Data Engineering,GE1401,MA1200,11782,CE1
1441,BEng Computer and Data Engineering,GE1401,MA1200,11799,TE1
1441,BEng Computer and Data Engineering,GE1401,CS1302,11859,CA1
1441,BEng Computer and Data Engineering,GE1401,CS1302,11863,LA1
1442,BEng Computer and Data Engineering,GE1401,EE1001,10617,C01
1442,BEng Computer and Data Engineering,GE1401,EE1001,11161,L02
1442,BEng Computer and Data Engineering,GE1401,GE1354,11441,C01
1442,BEng Computer and Data Engineering,GE1401,GE1354,11444,L03
1442,BEng Computer and Data Engineering,GE1401,MA1200,11787,CA1
1442,BEng Computer and Data Engineering,GE1401,MA1200,11791,TA2
1442,BEng Computer and Data Engineering,GE1401,CS1302,11859,CA1
1442,BEng Computer and Data Engineering,GE1401,CS1302,11982,LA3
1442,BEng Computer and Data Engineering,GE1401,GE1401,12397,T51
1443,BEng Computer and Data Engineering,GE1401,EE1001,10617,C01
1443,BEng Computer and Data Engineering,GE1401,GE1401,10690,T13
1443,BEng Computer and Data Engineering,GE1401,EE1001,11161,L02
1443,BEng Computer and Data Engineering,GE1401,GE1354,11445,CA1
1443,BEng Computer and Data Engineering,GE1401,GE1354,11446,LA1
1443,BEng Computer and Data Engineering,GE1401,MA1200,11782,CE1
1443,BEng Computer and Data Engineering,GE1401,MA1200,11799,TE1
1443,BEng Computer and Data Engineering,GE1401,CS1302,11859,CA1
1443,BEng Computer and Data Engineering,GE1401,CS1302,11863,LA1
1444,BEng Computer and Data Engineering,GE1401,EE1001,10617,C01
1444,BEng Computer and Data Engineering,GE1401,GE1401,10690,T13
1444,BEng Computer and Data Engineering,GE1401,EE1001,11161,L02
1444,BEng Computer and Data Engineering,GE1401,GE1354,11445,CA1
1444,BEng Computer and Data Engineering,GE1401,GE1354,11447,LA2
1444,BEng Computer and Data Engineering,GE1401,MA1200,11782,CE1
1444,BEng Computer and Data Engineering,GE1401,MA1200,11799,TE1
1444,BEng Computer and Data Engineering,GE1401,CS1302,11859,CA1
1444,BEng Computer and Data Engineering,GE1401,CS1302,11863,LA1
1445,BEng Computer and Data Engineering,GE1401,GE1401,10357,T01
1445,BEng Computer and Data Engineering,GE1401,EE1001,10900,CA1
1445,BEng Computer and Data Engineering,GE1401,EE1001,11160,LA1
1445,BEng Computer and Data Engineering,GE1401,GE1354,11455,CB1
1445,BEng Computer and Data Engineering,GE1401,GE1354,11583,LB2
1445,BEng Computer and Data Engineering,GE1401,MA1200,11782,CE1
1445,BEng Computer and Data Engineering,GE1401,MA1200,11800,TE2
1445,BEng Computer and Data Engineering,GE1401,CS1302,11859,CA1
1445,BEng Computer and Data Engineering,GE1401,CS1302,11863,LA1
1446,BEng Computer and Data Engineering,GE1401,EE1001,10617,C01
1446,BEng Computer and Data Engineering,GE1401,GE1401,10694,T17
1446,BEng Computer and Data Engineering,GE1401,EE1001,11161,L02
1446,BEng Computer and Data Engineering,GE1401,GE1354,11441,C01
1446,BEng Computer and Data Engineering,GE1401,GE1354,11443,L02
1446,BEng Computer and Data Engineering,GE1401,MA1200,11785,CG1
1446,BEng Computer and Data Engineering,GE1401,MA1200,11806,TG2
1446,BEng Computer and Data Engineering,GE1401,CS1302,11859,CA1
1446,BEng Computer and Data Engineering,GE1401,CS1302,11863,LA1
1447,BEng Computer and Data Engineering,GE1401,EE1001,10617,C01
1447,BEng Computer and Data Engineering,GE1401,EE1001,11159,L01
1447,BEng Computer and Data Engineering,GE1401,GE1354,11445,CA1
1447,BEng Computer and Data Engineering,GE1401,GE1354,11448,LA3
1447,BEng Computer and Data Engineering,GE1401,MA1200,11789,CD1
1447,BEng Computer and Data Engineering,GE1401,MA1200,11797,TD2
1447,BEng Computer and Data Engineering,GE1401,CS1302,11860,CB1
1447,BEng Computer and Data Engineering,GE1401,CS1302,12216,LB1
1447,BEng Computer and Data Engineering,GE1401,GE1401,13574,TB3
1448,BEng Computer and Data Engineering,GE1401,EE1001,10617,C01
1448,BEng Computer and Data Engineering,GE1401,GE1401,10690,T13
1448,BEng Computer and Data Engineering,GE1401,EE1001,11161,L02
1448,BEng Computer and Data Engineering,GE1401,GE1354,11445,CA1
1448,BEng Computer and Data Engineering,GE1401,GE1354,11447,LA2
1448,BEng Computer and Data Engineering,GE1401,MA1200,11782,CE1
1448,BEng Computer and Data Engineering,GE1401,MA1200,11799,TE1
1448,BEng Computer and Data Engineering,GE1401,CS1302,11859,CA1
1448,BEng Computer and Data Engineering,GE1401,CS1302,11863,LA1
1449,BEng Computer and Data Engineering,GE1401,EE1001,10617,C01
1449,BEng Computer and Data Engineering,GE1401,EE1001,11159,L01
1449,BEng Computer and Data Engineering,GE1401,GE1354,11441,C01
1449,BEng Computer and Data Engineering,GE1401,GE1354,11444,L03
1449,BEng Computer and Data Engineering,GE1401,GE1401,11507,T80
1449,BEng Computer and Data Engineering,GE1401,MA1200,11787,CA1
1449,BEng Computer and Data Engineering,GE1401,MA1200,11791,TA2
1449,BEng Computer and Data Engineering,GE1401,CS1302,11859,CA1
1449,BEng Computer and Data Engineering,GE1401,CS1302,11982,LA3
1450,BEng Computer and Data Engineering,LC0200A,EE1001,10617,C01
1450,BEng Computer and Data Engineering,LC0200A,LC0200A,10880,T11
1450,BEng Computer and Data Engineering,LC0200A,EE1001,11161,L02
1450,BEng Computer and Data Engineering,LC0200A,GE1354,11441,C01
1450,BEng Computer and Data Engineering,LC0200A,GE1354,11443,L02
1450,BEng Computer and Data Engineering,LC0200A,MA1200,11784,CF1
1450,BEng Computer and Data Engineering,LC0200A,MA1200,11803,TF2
1450,BEng Computer and Data Engineering,LC0200A,CS1302,11859,CA1
1450,BEng Computer and Data Engineering,LC0200A,CS1302,11863,LA1
1451,BEng Computer and Data Engineering,LC0200A,EE1001,10617,C01
1451,BEng Computer and Data Engineering,LC0200A,LC0200A,10895,T27
1451,BEng Computer and Data Engineering,LC0200A,EE1001,11161,L02
1451,BEng Computer and Data Engineering,LC0200A,GE1354,11441,C01
1451,BEng Computer and Data Engineering,LC0200A,GE1354,11443,L02
1451,BEng Computer and Data Engineering,LC0200A,MA1200,11785,CG1
1451,BEng Computer and Data Engineering,LC0200A,MA1200,11806,TG2
1451,BEng Computer and Data Engineering,LC0200A,CS1302,11859,CA1
1451,BEng Computer and Data Engineering,LC0200A,CS1302,11863,LA1
1452,BEng Computer and Data Engineering,LC0200A,EE1001,10617,C01
1452,BEng Computer and Data Engineering,LC0200A,LC0200A,11030,T31
1452,BEng Computer and Data Engineering,LC0200A,EE1001,11161,L02
1452,BEng Computer and Data Engineering,LC0200A,GE1354,11441,C01
1452,BEng Computer and Data Engineering,LC0200A,GE1354,11444,L03
1452,BEng Computer and Data Engineering,LC0200A,MA1200,11782,CE1
1452,BEng Computer and Data Engineering,LC0200A,MA1200,11799,TE1
1452,BEng Computer and Data Engineering,LC0200A,CS1302,11859,CA1
1452,BEng Computer and Data Engineering,LC0200A,CS1302,12215,LA4
1453,BEng Computer and Data Engineering,LC0200A,EE1001,10617,C01
1453,BEng Computer and Data Engineering,LC0200A,LC0200A,10879,T10
1453,BEng Computer and Data Engineering,LC0200A,EE1001,11159,L01
1453,BEng Computer and Data Engineering,LC0200A,GE1354,11441,C01
1453,BEng Computer and Data Engineering,LC0200A,GE1354,11444,L03
1453,BEng Computer and Data Engineering,LC0200A,MA1200,11788,CC1
1453,BEng Computer and Data Engineering,LC0200A,MA1200,11794,TC2
1453,BEng Computer and Data Engineering,LC0200A,CS1302,11860,CB1
1453,BEng Computer and Data Engineering,LC0200A,CS1302,12216,LB1
1454,BEng Computer and Data Engineering,LC0200A,EE1001,10617,C01
1454,BEng Computer and Data Engineering,LC0200A,LC0200A,10875,T06
1454,BEng Computer and Data Engineering,LC0200A,EE1001,11159,L01
1454,BEng Computer and Data Engineering,LC0200A,GE1354,11441,C01
1454,BEng Computer and Data Engineering,LC0200A,GE1354,11444,L03
1454,BEng Computer and Data Engineering,LC0200A,MA1200,11788,CC1
1454,BEng Computer and Data Engineering,LC0200A,MA1200,11794,TC2
1454,BEng Computer and Data Engineering,LC0200A,CS1302,11861,CC1
1454,BEng Computer and Data Engineering,LC0200A,CS1302,11869,LC1
1455,BEng Computer and Data Engineering,LC0200A,EE1001,10617,C01
1455,BEng Computer and Data Engineering,LC0200A,EE1001,11161,L02
1455,BEng Computer and Data Engineering,LC0200A,GE1354,11441,C01
1455,BEng Computer and Data Engineering,LC0200A,GE1354,11443,L02
1455,BEng Computer and Data Engineering,LC0200A,MA1200,11785,CG1
1455,BEng Computer and Data Engineering,LC0200A,MA1200,11805,TG1
1455,BEng Computer and Data Engineering,LC0200A,CS1302,11859,CA1
1455,BEng Computer and Data Engineering,LC0200A,CS1302,11863,LA1
1455,BEng Computer and Data Engineering,LC0200A,LC0200A,11976,T37
1456,BEng Computer and Data Engineering,LC0200A,EE1001,10900,CA1
1456,BEng Computer and Data Engineering,LC0200A,EE1001,11160,LA1
1456,BEng Computer and Data Engineering,LC0200A,GE1354,11455,CB1
1456,BEng Computer and Data Engineering,LC0200A,GE1354,11456,LB1
1456,BEng Computer and Data Engineering,LC0200A,MA1200,11782,CE1
1456,BEng Computer and Data Engineering,LC0200A,MA1200,11800,TE2
1456,BEng Computer and Data Engineering,LC0200A,CS1302,11859,CA1
1456,BEng Computer and Data Engineering,LC0200A,CS1302,11863,LA1
1456,BEng Computer and Data Engineering,LC0200A,LC0200A,14950,T18
1457,BEng Computer and Data Engineering,LC0200A,EE1001,10617,C01
1457,BEng Computer and Data Engineering,LC0200A,LC0200A,10879,T10
1457,BEng Computer and Data Engineering,LC0200A,EE1001,11159,L01
1457,BEng Computer and Data Engineering,LC0200A,GE1354,11455,CB1
1457,BEng Computer and Data Engineering,LC0200A,GE1354,11584,LB3
1457,BEng Computer and Data Engineering,LC0200A,MA1200,11788,CC1
1457,BEng Computer and Data Engineering,LC0200A,MA1200,11794,TC2
1457,BEng Computer and Data Engineering,LC0200A,CS1302,11860,CB1
1457,BEng Computer and Data Engineering,LC0200A,CS1302,12216,LB1
1458,BEng Computer and Data Engineering,LC0200A,EE1001,10617,C01
1458,BEng Computer and Data Engineering,LC0200A,LC0200A,10879,T10
1458,BEng Computer and Data Engineering,LC0200A,EE1001,11161,L02
1458,BEng Computer and Data Engineering,LC0200A,GE1354,11445,CA1
1458,BEng Computer and Data Engineering,LC0200A,GE1354,11448,LA3
1458,BEng Computer and Data Engineering,LC0200A,MA1200,11782,CE1
1458,BEng Computer and Data Engineering,LC0200A,MA1200,11800,TE2
1458,BEng Computer and Data Engineering,LC0200A,CS1302,11859,CA1
1458,BEng Computer and Data Engineering,LC0200A,CS1302,12215,LA4
1459,BEng Computer and Data Engineering,LC0200A,EE1001,10900,CA1
1459,BEng Computer and Data Engineering,LC0200A,EE1001,11160,LA1
1459,BEng Computer and Data Engineering,LC0200A,GE1354,11455,CB1
1459,BEng Computer and Data Engineering,LC0200A,GE1354,11583,LB2
1459,BEng Computer and Data Engineering,LC0200A,MA1200,11782,CE1
1459,BEng Computer and Data Engineering,LC0200A,MA1200,11800,TE2
1459,BEng Computer and Data Engineering,LC0200A,CS1302,11859,CA1
1459,BEng Computer and Data Engineering,LC0200A,CS1302,11863,LA1
1459,BEng Computer and Data Engineering,LC0200A,LC0200A,14950,T18
1460,BEng Electronic and Electrical Engineering,GE1401,EE1001,10617,C01
1460,BEng Electronic and Electrical Engineering,GE1401,GE1401,10694,T17
1460,BEng Electronic and Electrical Engineering,GE1401,EE1001,11161,L02
1460,BEng Electronic and Electrical Engineering,GE1401,GE1354,11441,C01
1460,BEng Electronic and Electrical Engineering,GE1401,GE1354,11443,L02
1460,BEng Electronic and Electrical Engineering,GE1401,MA1200,11782,CE1
1460,BEng Electronic and Electrical Engineering,GE1401,MA1200,11799,TE1
1460,BEng Electronic and Electrical Engineering,GE1401,CS1302,11859,CA1
1460,BEng Electronic and Electrical Engineering,GE1401,CS1302,11863,LA1
1461,BEng Electronic and Electrical Engineering,GE1401,EE1001,10617,C01
1461,BEng Electronic and Electrical Engineering,GE1401,EE1001,11159,L01
1461,BEng Electronic and Electrical Engineering,GE1401,GE1354,11455,CB1
1461,BEng Electronic and Electrical Engineering,GE1401,GE1401,11497,T81
1461,BEng Electronic and Electrical Engineering,GE1401,GE1354,11584,LB3
1461,BEng Electronic and Electrical Engineering,GE1401,MA1200,11789,CD1
1461,BEng Electronic and Electrical Engineering,GE1401,MA1200,11797,TD2
1461,BEng Electronic and Electrical Engineering,GE1401,CS1302,11860,CB1
1461,BEng Electronic and Electrical Engineering,GE1401,CS1302,12216,LB1
1462,BEng Electronic and Electrical Engineering,GE1401,EE1001,10617,C01
1462,BEng Electronic and Electrical Engineering,GE1401,EE1001,11159,L01
1462,BEng Electronic and Electrical Engineering,GE1401,GE1354,11441,C01
1462,BEng Electronic and Electrical Engineering,GE1401,GE1354,11444,L03
1462,BEng Electronic and Electrical Engineering,GE1401,MA1200,11788,CC1
1462,BEng Electronic and Electrical Engineering,GE1401,MA1200,11794,TC2
1462,BEng Electronic and Electrical Engineering,GE1401,CS1302,11860,CB1
1462,BEng Electronic and Electrical Engineering,GE1401,GE1401,12127,T84
1462,BEng Electronic and Electrical Engineering,GE1401,CS1302,12216,LB1
1463,BEng Electronic and Electrical Engineering,GE1401,EE1001,10617,C01
1463,BEng Electronic and Electrical Engineering,GE1401,GE1401,10728,T61
1463,BEng Electronic and Electrical Engineering,GE1401,EE1001,11159,L01
1463,BEng Electronic and Electrical Engineering,GE1401,GE1354,11441,C01
1463,BEng Electronic and Electrical Engineering,GE1401,GE1354,11444,L03
1463,BEng Electronic and Electrical Engineering,GE1401,MA1200,11787,CA1
1463,BEng Electronic and Electrical Engineering,GE1401,MA1200,11791,TA2
1463,BEng Electronic and Electrical Engineering,GE1401,CS1302,11859,CA1
1463,BEng Electronic and Electrical Engineering,GE1401,CS1302,11982,LA3
1464,BEng Electronic and Electrical Engineering,GE1401,EE1001,10617,C01
1464,BEng Electronic and Electrical Engineering,GE1401,EE1001,11159,L01
1464,BEng Electronic and Electrical Engineering,GE1401,GE1354,11441,C01
1464,BEng Electronic and Electrical Engineering,GE1401,GE1354,11444,L03
1464,BEng Electronic and Electrical Engineering,GE1401,MA1200,11787,CA1
1464,BEng Electronic and Electrical Engineering,GE1401,MA1200,11791,TA2
1464,BEng Electronic and Electrical Engineering,GE1401,CS1302,11860,CB1
1464,BEng Electronic and Electrical Engineering,GE1401,CS1302,12216,LB1
1464,BEng Electronic and Electrical Engineering,GE1401,GE1401,13263,T92
1465,BEng Electronic and Electrical Engineering,GE1401,EE1001,10617,C01
1465,BEng Electronic and Electrical Engineering,GE1401,EE1001,11159,L01
1465,BEng Electronic and Electrical Engineering,GE1401,GE1354,11441,C01
1465,BEng Electronic and Electrical Engineering,GE1401,GE1354,11444,L03
1465,BEng Electronic and Electrical Engineering,GE1401,MA1200,11787,CA1
1465,BEng Electronic and Electrical Engineering,GE1401,MA1200,11791,TA2
1465,BEng Electronic and Electrical Engineering,GE1401,CS1302,11859,CA1
1465,BEng Electronic and Electrical Engineering,GE1401,CS1302,11982,LA3
1465,BEng Electronic and Electrical Engineering,GE1401,GE1401,12397,T51
1466,BEng Electronic and Electrical Engineering,GE1401,EE1001,10617,C01
1466,BEng Electronic and Electrical Engineering,GE1401,EE1001,11159,L01
1466,BEng Electronic and Electrical Engineering,GE1401,GE1354,11441,C01
1466,BEng Electronic and Electrical Engineering,GE1401,GE1354,11444,L03
1466,BEng Electronic and Electrical Engineering,GE1401,MA1200,11787,CA1
1466,BEng Electronic and Electrical Engineering,GE1401,MA1200,11791,TA2
1466,BEng Electronic and Electrical Engineering,GE1401,CS1302,11859,CA1
1466,BEng Electronic and Electrical Engineering,GE1401,CS1302,11982,LA3
1466,BEng Electronic and Electrical Engineering,GE1401,GE1401,12397,T51
1467,BEng Electronic and Electrical Engineering,GE1401,EE1001,10617,C01
1467,BEng Electronic and Electrical Engineering,GE1401,GE1401,10694,T17
1467,BEng Electronic and Electrical Engineering,GE1401,EE1001,11161,L02
1467,BEng Electronic and Electrical Engineering,GE1401,GE1354,11441,C01
1467,BEng Electronic and Electrical Engineering,GE1401,GE1354,11443,L02
1467,BEng Electronic and Electrical Engineering,GE1401,MA1200,11784,CF1
1467,BEng Electronic and Electrical Engineering,GE1401,MA1200,11802,TF1
1467,BEng Electronic and Electrical Engineering,GE1401,CS1302,11859,CA1
1467,BEng Electronic and Electrical Engineering,GE1401,CS1302,11863,LA1
1468,BEng Electronic and Electrical Engineering,GE1401,EE1001,10617,C01
1468,BEng Electronic and Electrical Engineering,GE1401,GE1401,10694,T17
1468,BEng Electronic and Electrical Engineering,GE1401,EE1001,11161,L02
1468,BEng Electronic and Electrical Engineering,GE1401,GE1354,11441,C01
1468,BEng Electronic and Electrical Engineering,GE1401,GE1354,11443,L02
1468,BEng Electronic and Electrical Engineering,GE1401,MA1200,11784,CF1
1468,BEng Electronic and Electrical Engineering,GE1401,MA1200,11802,TF1
1468,BEng Electronic and Electrical Engineering,GE1401,CS1302,11859,CA1
1468,BEng Electronic and Electrical Engineering,GE1401,CS1302,11863,LA1
1469,BEng Electronic and Electrical Engineering,GE1401,EE1001,10617,C01
1469,BEng Electronic and Electrical Engineering,GE1401,GE1401,10690,T13
1469,BEng Electronic and Electrical Engineering,GE1401,EE1001,11161,L02
1469,BEng Electronic and Electrical Engineering,GE1401,GE1354,11441,C01
1469,BEng Electronic and Electrical Engineering,GE1401,GE1354,11443,L02
1469,BEng Electronic and Electrical Engineering,GE1401,MA1200,11782,CE1
1469,BEng Electronic and Electrical Engineering,GE1401,MA1200,11799,TE1
1469,BEng Electronic and Electrical Engineering,GE1401,CS1302,11859,CA1
1469,BEng Electronic and Electrical Engineering,GE1401,CS1302,11863,LA1
1470,BEng Electronic and Electrical Engineering,GE1401,EE1001,10617,C01
1470,BEng Electronic and Electrical Engineering,GE1401,GE1401,10694,T17
1470,BEng Electronic and Electrical Engineering,GE1401,EE1001,11161,L02
1470,BEng Electronic and Electrical Engineering,GE1401,GE1354,11441,C01
1470,BEng Electronic and Electrical Engineering,GE1401,GE1354,11443,L02
1470,BEng Electronic and Electrical Engineering,GE1401,MA1200,11782,CE1
1470,BEng Electronic and Electrical Engineering,GE1401,MA1200,11799,TE1
1470,BEng Electronic and Electrical Engineering,GE1401,CS1302,11859,CA1
1470,BEng Electronic and Electrical Engineering,GE1401,CS1302,11863,LA1
1471,BEng Electronic and Electrical Engineering,GE1401,EE1001,10617,C01
1471,BEng Electronic and Electrical Engineering,GE1401,EE1001,11159,L01
1471,BEng Electronic and Electrical Engineering,GE1401,GE1354,11455,CB1
1471,BEng Electronic and Electrical Engineering,GE1401,GE1354,11584,LB3
1471,BEng Electronic and Electrical Engineering,GE1401,MA1200,11788,CC1
1471,BEng Electronic and Electrical Engineering,GE1401,MA1200,11794,TC2
1471,BEng Electronic and Electrical Engineering,GE1401,CS1302,11860,CB1
1471,BEng Electronic and Electrical Engineering,GE1401,CS1302,12216,LB1
1471,BEng Electronic and Electrical Engineering,GE1401,GE1401,13574,TB3
1472,BEng Electronic and Electrical Engineering,GE1401,EE1001,10617,C01
1472,BEng Electronic and Electrical Engineering,GE1401,EE1001,11159,L01
1472,BEng Electronic and Electrical Engineering,GE1401,GE1354,11441,C01
1472,BEng Electronic and Electrical Engineering,GE1401,GE1354,11444,L03
1472,BEng Electronic and Electrical Engineering,GE1401,MA1200,11788,CC1
1472,BEng Electronic and Electrical Engineering,GE1401,MA1200,11794,TC2
1472,BEng Electronic and Electrical Engineering,GE1401,CS1302,11861,CC1
1472,BEng Electronic and Electrical Engineering,GE1401,CS1302,11869,LC1
1472,BEng Electronic and Electrical Engineering,GE1401,GE1401,12127,T84
1473,BEng Electronic and Electrical Engineering,GE1401,EE1001,10617,C01
1473,BEng Electronic and Electrical Engineering,GE1401,EE1001,11159,L01
1473,BEng Electronic and Electrical Engineering,GE1401,GE1354,11441,C01
1473,BEng Electronic and Electrical Engineering,GE1401,GE1354,11444,L03
1473,BEng Electronic and Electrical Engineering,GE1401,GE1401,11491,T69
1473,BEng Electronic and Electrical Engineering,GE1401,MA1200,11787,CA1
1473,BEng Electronic and Electrical Engineering,GE1401,MA1200,11791,TA2
1473,BEng Electronic and Electrical Engineering,GE1401,CS1302,11859,CA1
1473,BEng Electronic and Electrical Engineering,GE1401,CS1302,11982,LA3
1474,BEng Electronic and Electrical Engineering,GE1401,EE1001,10617,C01
1474,BEng Electronic and Electrical Engineering,GE1401,GE1401,10690,T13
1474,BEng Electronic and Electrical Engineering,GE1401,EE1001,11161,L02
1474,BEng Electronic and Electrical Engineering,GE1401,GE1354,11441,C01
1474,BEng Electronic and Electrical Engineering,GE1401,GE1354,11443,L02
1474,BEng Electronic and Electrical Engineering,GE1401,MA1200,11782,CE1
1474,BEng Electronic and Electrical Engineering,GE1401,MA1200,11799,TE1
1474,BEng Electronic and Electrical Engineering,GE1401,CS1302,11859,CA1
1474,BEng Electronic and Electrical Engineering,GE1401,CS1302,11863,LA1
1475,BEng Electronic and Electrical Engineering,GE1401,EE1001,10617,C01
1475,BEng Electronic and Electrical Engineering,GE1401,GE1401,10690,T13
1475,BEng Electronic and Electrical Engineering,GE1401,EE1001,11161,L02
1475,BEng Electronic and Electrical Engineering,GE1401,GE1354,11445,CA1
1475,BEng Electronic and Electrical Engineering,GE1401,GE1354,11446,LA1
1475,BEng Electronic and Electrical Engineering,GE1401,MA1200,11782,CE1
1475,BEng Electronic and Electrical Engineering,GE1401,MA1200,11799,TE1
1475,BEng Electronic and Electrical Engineering,GE1401,CS1302,11859,CA1
1475,BEng Electronic and Electrical Engineering,GE1401,CS1302,11863,LA1
1476,BEng Electronic and Electrical Engineering,GE1401,EE1001,10617,C01
1476,BEng Electronic and Electrical Engineering,GE1401,EE1001,11159,L01
1476,BEng Electronic and Electrical Engineering,GE1401,GE1354,11455,CB1
1476,BEng Electronic and Electrical Engineering,GE1401,GE1354,11584,LB3
1476,BEng Electronic and Electrical Engineering,GE1401,MA1200,11788,CC1
1476,BEng Electronic and Electrical Engineering,GE1401,MA1200,11794,TC2
1476,BEng Electronic and Electrical Engineering,GE1401,CS1302,11860,CB1
1476,BEng Electronic and Electrical Engineering,GE1401,CS1302,12216,LB1
1476,BEng Electronic and Electrical Engineering,GE1401,GE1401,13574,TB3
1477,BEng Electronic and Electrical Engineering,GE1401,GE1401,10357,T01
1477,BEng Electronic and Electrical Engineering,GE1401,EE1001,10900,CA1
1477,BEng Electronic and Electrical Engineering,GE1401,EE1001,11160,LA1
1477,BEng Electronic and Electrical Engineering,GE1401,GE1354,11455,CB1
1477,BEng Electronic and Electrical Engineering,GE1401,GE1354,11583,LB2
1477,BEng Electronic and Electrical Engineering,GE1401,MA1200,11782,CE1
1477,BEng Electronic and Electrical Engineering,GE1401,MA1200,11800,TE2
1477,BEng Electronic and Electrical Engineering,GE1401,CS1302,11859,CA1
1477,BEng Electronic and Electrical Engineering,GE1401,CS1302,11863,LA1
1478,BEng Electronic and Electrical Engineering,GE1401,EE1001,10617,C01
1478,BEng Electronic and Electrical Engineering,GE1401,GE1401,10705,T30
1478,BEng Electronic and Electrical Engineering,GE1401,EE1001,11161,L02
1478,BEng Electronic and Electrical Engineering,GE1401,GE1354,11441,C01
1478,BEng Electronic and Electrical Engineering,GE1401,GE1354,11443,L02
1478,BEng Electronic and Electrical Engineering,GE1401,MA1200,11785,CG1
1478,BEng Electronic and Electrical Engineering,GE1401,MA1200,11806,TG2
1478,BEng Electronic and Electrical Engineering,GE1401,CS1302,11859,CA1
1478,BEng Electronic and Electrical Engineering,GE1401,CS1302,11863,LA1
1479,BEng Electronic and Electrical Engineering,GE1401,EE1001,10617,C01
1479,BEng Electronic and Electrical Engineering,GE1401,EE1001,11159,L01
1479,BEng Electronic and Electrical Engineering,GE1401,GE1354,11441,C01
1479,BEng Electronic and Electrical Engineering,GE1401,GE1354,11444,L03
1479,BEng Electronic and Electrical Engineering,GE1401,MA1200,11788,CC1
1479,BEng Electronic and Electrical Engineering,GE1401,MA1200,11794,TC2
1479,BEng Electronic and Electrical Engineering,GE1401,CS1302,11861,CC1
1479,BEng Electronic and Electrical Engineering,GE1401,CS1302,11869,LC1
1479,BEng Electronic and Electrical Engineering,GE1401,GE1401,12127,T84
1480,BEng Electronic and Electrical Engineering,GE1401,EE1001,10617,C01
1480,BEng Electronic and Electrical Engineering,GE1401,GE1401,10690,T13
1480,BEng Electronic and Electrical Engineering,GE1401,EE1001,11161,L02
1480,BEng Electronic and Electrical Engineering,GE1401,GE1354,11441,C01
1480,BEng Electronic and Electrical Engineering,GE1401,GE1354,11443,L02
1480,BEng Electronic and Electrical Engineering,GE1401,MA1200,11782,CE1
1480,BEng Electronic and Electrical Engineering,GE1401,MA1200,11799,TE1
1480,BEng Electronic and Electrical Engineering,GE1401,CS1302,11859,CA1
1480,BEng Electronic and Electrical Engineering,GE1401,CS1302,11863,LA1
1481,BEng Electronic and Electrical Engineering,GE1401,EE1001,10617,C01
1481,BEng Electronic and Electrical Engineering,GE1401,EE1001,11161,L02
1481,BEng Electronic and Electrical Engineering,GE1401,GE1354,11441,C01
1481,BEng Electronic and Electrical Engineering,GE1401,GE1354,11444,L03
1481,BEng Electronic and Electrical Engineering,GE1401,MA1200,11787,CA1
1481,BEng Electronic and Electrical Engineering,GE1401,MA1200,11791,TA2
1481,BEng Electronic and Electrical Engineering,GE1401,CS1302,11859,CA1
1481,BEng Electronic and Electrical Engineering,GE1401,CS1302,11982,LA3
1481,BEng Electronic and Electrical Engineering,GE1401,GE1401,12397,T51
1482,BEng Electronic and Electrical Engineering,GE1401,EE1001,10617,C01
1482,BEng Electronic and Electrical Engineering,GE1401,GE1401,10690,T13
1482,BEng Electronic and Electrical Engineering,GE1401,EE1001,11161,L02
1482,BEng Electronic and Electrical Engineering,GE1401,GE1354,11445,CA1
1482,BEng Electronic and Electrical Engineering,GE1401,GE1354,11447,LA2
1482,BEng Electronic and Electrical Engineering,GE1401,MA1200,11782,CE1
1482,BEng Electronic and Electrical Engineering,GE1401,MA1200,11799,TE1
1482,BEng Electronic and Electrical Engineering,GE1401,CS1302,11859,CA1
1482,BEng Electronic and Electrical Engineering,GE1401,CS1302,11863,LA1
1483,BEng Electronic and Electrical Engineering,GE1401,EE1001,10617,C01
1483,BEng Electronic and Electrical Engineering,GE1401,EE1001,11161,L02
1483,BEng Electronic and Electrical Engineering,GE1401,GE1354,11455,CB1
1483,BEng Electronic and Electrical Engineering,GE1401,GE1354,11456,LB1
1483,BEng Electronic and Electrical Engineering,GE1401,MA1200,11782,CE1
1483,BEng Electronic and Electrical Engineering,GE1401,MA1200,11799,TE1
1483,BEng Electronic and Electrical Engineering,GE1401,CS1302,11859,CA1
1483,BEng Electronic and Electrical Engineering,GE1401,CS1302,11863,LA1
1483,BEng Electronic and Electrical Engineering,GE1401,GE1401,12735,T74
1484,BEng Electronic and Electrical Engineering,GE1401,EE1001,10617,C01
1484,BEng Electronic and Electrical Engineering,GE1401,GE1401,10694,T17
1484,BEng Electronic and Electrical Engineering,GE1401,EE1001,11161,L02
1484,BEng Electronic and Electrical Engineering,GE1401,GE1354,11441,C01
1484,BEng Electronic and Electrical Engineering,GE1401,GE1354,11443,L02
1484,BEng Electronic and Electrical Engineering,GE1401,MA1200,11782,CE1
1484,BEng Electronic and Electrical Engineering,GE1401,MA1200,11799,TE1
1484,BEng Electronic and Electrical Engineering,GE1401,CS1302,11859,CA1
1484,BEng Electronic and Electrical Engineering,GE1401,CS1302,11863,LA1
1485,BEng Electronic and Electrical Engineering,LC0200A,EE1001,10617,C01
1485,BEng Electronic and Electrical Engineering,LC0200A,LC0200A,10895,T27
1485,BEng Electronic and Electrical Engineering,LC0200A,EE1001,11161,L02
1485,BEng Electronic and Electrical Engineering,LC0200A,GE1354,11441,C01
1485,BEng Electronic and Electrical Engineering,LC0200A,GE1354,11443,L02
1485,BEng Electronic and Electrical Engineering,LC0200A,MA1200,11785,CG1
1485,BEng Electronic and Electrical Engineering,LC0200A,MA1200,11806,TG2
1485,BEng Electronic and Electrical Engineering,LC0200A,CS1302,11859,CA1
1485,BEng Electronic and Electrical Engineering,LC0200A,CS1302,11863,LA1
1486,BEng Electronic and Electrical Engineering,LC0200A,EE1001,10617,C01
1486,BEng Electronic and Electrical Engineering,LC0200A,LC0200A,10862,T02
1486,BEng Electronic and Electrical Engineering,LC0200A,EE1001,11159,L01
1486,BEng Electronic and Electrical Engineering,LC0200A,GE1354,11441,C01
1486,BEng Electronic and Electrical Engineering,LC0200A,GE1354,11444,L03
1486,BEng Electronic and Electrical Engineering,LC0200A,MA1200,11787,CA1
1486,BEng Electronic and Electrical Engineering,LC0200A,MA1200,11791,TA2
1486,BEng Electronic and Electrical Engineering,LC0200A,CS1302,11859,CA1
1486,BEng Electronic and Electrical Engineering,LC0200A,CS1302,11982,LA3
1487,BEng Electronic and Electrical Engineering,LC0200A,EE1001,10617,C01
1487,BEng Electronic and Electrical Engineering,LC0200A,LC0200A,11030,T31
1487,BEng Electronic and Electrical Engineering,LC0200A,EE1001,11161,L02
1487,BEng Electronic and Electrical Engineering,LC0200A,GE1354,11441,C01
1487,BEng Electronic and Electrical Engineering,LC0200A,GE1354,11444,L03
1487,BEng Electronic and Electrical Engineering,LC0200A,MA1200,11782,CE1
1487,BEng Electronic and Electrical Engineering,LC0200A,MA1200,11799,TE1
1487,BEng Electronic and Electrical Engineering,LC0200A,CS1302,11859,CA1
1487,BEng Electronic and Electrical Engineering,LC0200A,CS1302,12215,LA4
1488,BEng Electronic and Electrical Engineering,LC0200A,EE1001,10617,C01
1488,BEng Electronic and Electrical Engineering,LC0200A,LC0200A,10888,T20
1488,BEng Electronic and Electrical Engineering,LC0200A,EE1001,11159,L01
1488,BEng Electronic and Electrical Engineering,LC0200A,GE1354,11441,C01
1488,BEng Electronic and Electrical Engineering,LC0200A,GE1354,11444,L03
1488,BEng Electronic and Electrical Engineering,LC0200A,MA1200,11787,CA1
1488,BEng Electronic and Electrical Engineering,LC0200A,MA1200,11791,TA2
1488,BEng Electronic and Electrical Engineering,LC0200A,CS1302,11859,CA1
1488,BEng Electronic and Electrical Engineering,LC0200A,CS1302,11982,LA3
1489,BEng Electronic and Electrical Engineering,LC0200A,EE1001,10617,C01
1489,BEng Electronic and Electrical Engineering,LC0200A,LC0200A,10880,T11
1489,BEng Electronic and Electrical Engineering,LC0200A,EE1001,11161,L02
1489,BEng Electronic and Electrical Engineering,LC0200A,GE1354,11441,C01
1489,BEng Electronic and Electrical Engineering,LC0200A,GE1354,11443,L02
1489,BEng Electronic and Electrical Engineering,LC0200A,MA1200,11784,CF1
1489,BEng Electronic and Electrical Engineering,LC0200A,MA1200,11803,TF2
1489,BEng Electronic and Electrical Engineering,LC0200A,CS1302,11859,CA1
1489,BEng Electronic and Electrical Engineering,LC0200A,CS1302,11863,LA1
1490,BEng Electronic and Electrical Engineering,LC0200A,EE1001,10617,C01
1490,BEng Electronic and Electrical Engineering,LC0200A,LC0200A,10888,T20
1490,BEng Electronic and Electrical Engineering,LC0200A,EE1001,11159,L01
1490,BEng Electronic and Electrical Engineering,LC0200A,GE1354,11441,C01
1490,BEng Electronic and Electrical Engineering,LC0200A,GE1354,11444,L03
1490,BEng Electronic and Electrical Engineering,LC0200A,MA1200,11787,CA1
1490,BEng Electronic and Electrical Engineering,LC0200A,MA1200,11791,TA2
1490,BEng Electronic and Electrical Engineering,LC0200A,CS1302,11859,CA1
1490,BEng Electronic and Electrical Engineering,LC0200A,CS1302,11982,LA3
1491,BEng Electronic and Electrical Engineering,LC0200A,EE1001,10617,C01
1491,BEng Electronic and Electrical Engineering,LC0200A,LC0200A,10878,T09
1491,BEng Electronic and Electrical Engineering,LC0200A,EE1001,11161,L02
1491,BEng Electronic and Electrical Engineering,LC0200A,GE1354,11441,C01
1491,BEng Electronic and Electrical Engineering,LC0200A,GE1354,11443,L02
1491,BEng Electronic and Electrical Engineering,LC0200A,MA1200,11782,CE1
1491,BEng Electronic and Electrical Engineering,LC0200A,MA1200,11799,TE1
1491,BEng Electronic and Electrical Engineering,LC0200A,CS1302,11859,CA1
1491,BEng Electronic and Electrical Engineering,LC0200A,CS1302,11863,LA1
1492,BEng Electronic and Electrical Engineering,LC0200A,EE1001,10617,C01
1492,BEng Electronic and Electrical Engineering,LC0200A,LC0200A,10878,T09
1492,BEng Electronic and Electrical Engineering,LC0200A,EE1001,11161,L02
1492,BEng Electronic and Electrical Engineering,LC0200A,GE1354,11445,CA1
1492,BEng Electronic and Electrical Engineering,LC0200A,GE1354,11446,LA1
1492,BEng Electronic and Electrical Engineering,LC0200A,MA1200,11784,CF1
1492,BEng Electronic and Electrical Engineering,LC0200A,MA1200,11802,TF1
1492,BEng Electronic and Electrical Engineering,LC0200A,CS1302,11859,CA1
1492,BEng Electronic and Electrical Engineering,LC0200A,CS1302,11863,LA1
1493,BEng Electronic and Electrical Engineering,LC0200A,EE1001,10617,C01
1493,BEng Electronic and Electrical Engineering,LC0200A,LC0200A,10879,T10
1493,BEng Electronic and Electrical Engineering,LC0200A,EE1001,11159,L01
1493,BEng Electronic and Electrical Engineering,LC0200A,GE1354,11445,CA1
1493,BEng Electronic and Electrical Engineering,LC0200A,GE1354,11448,LA3
1493,BEng Electronic and Electrical Engineering,LC0200A,MA1200,11788,CC1
1493,BEng Electronic and Electrical Engineering,LC0200A,MA1200,11794,TC2
1493,BEng Electronic and Electrical Engineering,LC0200A,CS1302,11860,CB1
1493,BEng Electronic and Electrical Engineering,LC0200A,CS1302,12216,LB1
1494,BEng Electronic and Electrical Engineering,LC0200A,EE1001,10617,C01
1494,BEng Electronic and Electrical Engineering,LC0200A,LC0200A,10879,T10
1494,BEng Electronic and Electrical Engineering,LC0200A,EE1001,11159,L01
1494,BEng Electronic and Electrical Engineering,LC0200A,GE1354,11455,CB1
1494,BEng Electronic and Electrical Engineering,LC0200A,GE1354,11584,LB3
1494,BEng Electronic and Electrical Engineering,LC0200A,MA1200,11788,CC1
1494,BEng Electronic and Electrical Engineering,LC0200A,MA1200,11794,TC2
1494,BEng Electronic and Electrical Engineering,LC0200A,CS1302,11860,CB1
1494,BEng Electronic and Electrical Engineering,LC0200A,CS1302,12216,LB1
1495,BEng Information Engineering,GE1401,EE1001,10617,C01
1495,BEng Information Engineering,GE1401,EE1001,11159,L01
1495,BEng Information Engineering,GE1401,GE1354,11441,C01
1495,BEng Information Engineering,GE1401,GE1354,11444,L03
1495,BEng Information Engineering,GE1401,MA1200,11787,CA1
1495,BEng Information Engineering,GE1401,MA1200,11791,TA2
1495,BEng Information Engineering,GE1401,CS1302,11859,CA1
1495,BEng Information Engineering,GE1401,CS1302,11982,LA3
1495,BEng Information Engineering,GE1401,GE1401,12397,T51
1496,BEng Information Engineering,GE1401,EE1001,10617,C01
1496,BEng Information Engineering,GE1401,GE1401,10690,T13
1496,BEng Information Engineering,GE1401,EE1001,11161,L02
1496,BEng Information Engineering,GE1401,GE1354,11441,C01
1496,BEng Information Engineering,GE1401,GE1354,11443,L02
1496,BEng Information Engineering,GE1401,MA1200,11782,CE1
1496,BEng Information Engineering,GE1401,MA1200,11799,TE1
1496,BEng Information Engineering,GE1401,CS1302,11859,CA1
1496,BEng Information Engineering,GE1401,CS1302,11863,LA1
1497,BEng Information Engineering,GE1401,EE1001,10617,C01
1497,BEng Information Engineering,GE1401,GE1401,10690,T13
1497,BEng Information Engineering,GE1401,EE1001,11161,L02
1497,BEng Information Engineering,GE1401,GE1354,11441,C01
1497,BEng Information Engineering,GE1401,GE1354,11443,L02
1497,BEng Information Engineering,GE1401,MA1200,11782,CE1
1497,BEng Information Engineering,GE1401,MA1200,11799,TE1
1497,BEng Information Engineering,GE1401,CS1302,11859,CA1
1497,BEng Information Engineering,GE1401,CS1302,11863,LA1
1498,BEng Information Engineering,GE1401,EE1001,10617,C01
1498,BEng Information Engineering,GE1401,GE1401,10690,T13
1498,BEng Information Engineering,GE1401,EE1001,11161,L02
1498,BEng Information Engineering,GE1401,GE1354,11445,CA1
1498,BEng Information Engineering,GE1401,GE1354,11446,LA1
1498,BEng Information Engineering,GE1401,MA1200,11782,CE1
1498,BEng Information Engineering,GE1401,MA1200,11799,TE1
1498,BEng Information Engineering,GE1401,CS1302,11859,CA1
1498,BEng Information Engineering,GE1401,CS1302,11863,LA1
1499,BEng Information Engineering,GE1401,EE1001,10617,C01
1499,BEng Information Engineering,GE1401,GE1401,10694,T17
1499,BEng Information Engineering,GE1401,EE1001,11161,L02
1499,BEng Information Engineering,GE1401,GE1354,11441,C01
1499,BEng Information Engineering,GE1401,GE1354,11443,L02
1499,BEng Information Engineering,GE1401,MA1200,11784,CF1
1499,BEng Information Engineering,GE1401,MA1200,11802,TF1
1499,BEng Information Engineering,GE1401,CS1302,11859,CA1
1499,BEng Information Engineering,GE1401,CS1302,11863,LA1
1500,BEng Information Engineering,GE1401,EE1001,10617,C01
1500,BEng Information Engineering,GE1401,EE1001,11159,L01
1500,BEng Information Engineering,GE1401,GE1354,11441,C01
1500,BEng Information Engineering,GE1401,GE1354,11444,L03
1500,BEng Information Engineering,GE1401,GE1401,11507,T80
1500,BEng Information Engineering,GE1401,MA1200,11787,CA1
1500,BEng Information Engineering,GE1401,MA1200,11791,TA2
1500,BEng Information Engineering,GE1401,CS1302,11859,CA1
1500,BEng Information Engineering,GE1401,CS1302,11982,LA3
1501,BEng Information Engineering,GE1401,EE1001,10617,C01
1501,BEng Information Engineering,GE1401,EE1001,11161,L02
1501,BEng Information Engineering,GE1401,GE1354,11455,CB1
1501,BEng Information Engineering,GE1401,GE1354,11456,LB1
1501,BEng Information Engineering,GE1401,MA1200,11782,CE1
1501,BEng Information Engineering,GE1401,MA1200,11799,TE1
1501,BEng Information Engineering,GE1401,CS1302,11859,CA1
1501,BEng Information Engineering,GE1401,CS1302,11863,LA1
1501,BEng Information Engineering,GE1401,GE1401,12735,T74
1502,BEng Information Engineering,GE1401,EE1001,10617,C01
1502,BEng Information Engineering,GE1401,GE1401,10694,T17
1502,BEng Information Engineering,GE1401,EE1001,11161,L02
1502,BEng Information Engineering,GE1401,GE1354,11441,C01
1502,BEng Information Engineering,GE1401,GE1354,11443,L02
1502,BEng Information Engineering,GE1401,MA1200,11784,CF1
1502,BEng Information Engineering,GE1401,MA1200,11802,TF1
1502,BEng Information Engineering,GE1401,CS1302,11859,CA1
1502,BEng Information Engineering,GE1401,CS1302,11863,LA1
1503,BEng Information Engineering,GE1401,EE1001,10617,C01
1503,BEng Information Engineering,GE1401,EE1001,11159,L01
1503,BEng Information Engineering,GE1401,GE1354,11445,CA1
1503,BEng Information Engineering,GE1401,GE1354,11448,LA3
1503,BEng Information Engineering,GE1401,MA1200,11788,CC1
1503,BEng Information Engineering,GE1401,MA1200,11794,TC2
1503,BEng Information Engineering,GE1401,CS1302,11860,CB1
1503,BEng Information Engineering,GE1401,CS1302,12216,LB1
1503,BEng Information Engineering,GE1401,GE1401,12814,T91
1504,BEng Information Engineering,GE1401,EE1001,10617,C01
1504,BEng Information Engineering,GE1401,EE1001,11161,L02
1504,BEng Information Engineering,GE1401,GE1354,11441,C01
1504,BEng Information Engineering,GE1401,GE1354,11444,L03
1504,BEng Information Engineering,GE1401,MA1200,11787,CA1
1504,BEng Information Engineering,GE1401,MA1200,11791,TA2
1504,BEng Information Engineering,GE1401,CS1302,11859,CA1
1504,BEng Information Engineering,GE1401,CS1302,11982,LA3
1504,BEng Information Engineering,GE1401,GE1401,12397,T51
1505,BEng Information Engineering,GE1401,EE1001,10617,C01
1505,BEng Information Engineering,GE1401,EE1001,11159,L01
1505,BEng Information Engineering,GE1401,GE1354,11441,C01
1505,BEng Information Engineering,GE1401,GE1354,11444,L03
1505,BEng Information Engineering,GE1401,GE1401,11507,T80
1505,BEng Information Engineering,GE1401,MA1200,11787,CA1
1505,BEng Information Engineering,GE1401,MA1200,11791,TA2
1505,BEng Information Engineering,GE1401,CS1302,11859,CA1
1505,BEng Information Engineering,GE1401,CS1302,11982,LA3
1506,BEng Information Engineering,GE1401,EE1001,10617,C01
1506,BEng Information Engineering,GE1401,GE1401,10694,T17
1506,BEng Information Engineering,GE1401,EE1001,11161,L02
1506,BEng Information Engineering,GE1401,GE1354,11441,C01
1506,BEng Information Engineering,GE1401,GE1354,11443,L02
1506,BEng Information Engineering,GE1401,MA1200,11785,CG1
1506,BEng Information Engineering,GE1401,MA1200,11806,TG2
1506,BEng Information Engineering,GE1401,CS1302,11859,CA1
1506,BEng Information Engineering,GE1401,CS1302,11863,LA1
1507,BEng Information Engineering,GE1401,EE1001,10617,C01
1507,BEng Information Engineering,GE1401,EE1001,11159,L01
1507,BEng Information Engineering,GE1401,GE1354,11455,CB1
1507,BEng Information Engineering,GE1401,GE1401,11497,T81
1507,BEng Information Engineering,GE1401,GE1354,11584,LB3
1507,BEng Information Engineering,GE1401,MA1200,11788,CC1
1507,BEng Information Engineering,GE1401,MA1200,11794,TC2
1507,BEng Information Engineering,GE1401,CS1302,11860,CB1
1507,BEng Information Engineering,GE1401,CS1302,12216,LB1
1508,BEng Information Engineering,GE1401,EE1001,10617,C01
1508,BEng Information Engineering,GE1401,EE1001,11159,L01
1508,BEng Information Engineering,GE1401,GE1354,11441,C01
1508,BEng Information Engineering,GE1401,GE1354,11444,L03
1508,BEng Information Engineering,GE1401,MA1200,11788,CC1
1508,BEng Information Engineering,GE1401,MA1200,11794,TC2
1508,BEng Information Engineering,GE1401,CS1302,11861,CC1
1508,BEng Information Engineering,GE1401,CS1302,11869,LC1
1508,BEng Information Engineering,GE1401,GE1401,12127,T84
1509,BEng Information Engineering,GE1401,EE1001,10617,C01
1509,BEng Information Engineering,GE1401,GE1401,10723,T56
1509,BEng Information Engineering,GE1401,EE1001,11161,L02
1509,BEng Information Engineering,GE1401,GE1354,11455,CB1
1509,BEng Information Engineering,GE1401,GE1354,11456,LB1
1509,BEng Information Engineering,GE1401,MA1200,11782,CE1
1509,BEng Information Engineering,GE1401,MA1200,11799,TE1
1509,BEng Information Engineering,GE1401,CS1302,11859,CA1
1509,BEng Information Engineering,GE1401,CS1302,11863,LA1
1510,BEng Information Engineering,GE1401,EE1001,10617,C01
1510,BEng Information Engineering,GE1401,EE1001,11159,L01
1510,BEng Information Engineering,GE1401,GE1354,11441,C01
1510,BEng Information Engineering,GE1401,GE1354,11444,L03
1510,BEng Information Engineering,GE1401,MA1200,11788,CC1
1510,BEng Information Engineering,GE1401,MA1200,11794,TC2
1510,BEng Information Engineering,GE1401,CS1302,11860,CB1
1510,BEng Information Engineering,GE1401,GE1401,12127,T84
1510,BEng Information Engineering,GE1401,CS1302,12216,LB1
1511,BEng Information Engineering,GE1401,GE1401,10357,T01
1511,BEng Information Engineering,GE1401,EE1001,10900,CA1
1511,BEng Information Engineering,GE1401,EE1001,11160,LA1
1511,BEng Information Engineering,GE1401,GE1354,11455,CB1
1511,BEng Information Engineering,GE1401,GE1354,11583,LB2
1511,BEng Information Engineering,GE1401,MA1200,11782,CE1
1511,BEng Information Engineering,GE1401,MA1200,11800,TE2
1511,BEng Information Engineering,GE1401,CS1302,11859,CA1
1511,BEng Information Engineering,GE1401,CS1302,11863,LA1
1512,BEng Information Engineering,GE1401,GE1401,10723,T56
1512,BEng Information Engineering,GE1401,EE1001,10900,CA1
1512,BEng Information Engineering,GE1401,EE1001,11160,LA1
1512,BEng Information Engineering,GE1401,GE1354,11455,CB1
1512,BEng Information Engineering,GE1401,GE1354,11456,LB1
1512,BEng Information Engineering,GE1401,MA1200,11782,CE1
1512,BEng Information Engineering,GE1401,MA1200,11800,TE2
1512,BEng Information Engineering,GE1401,CS1302,11859,CA1
1512,BEng Information Engineering,GE1401,CS1302,11863,LA1
1513,BEng Information Engineering,GE1401,EE1001,10617,C01
1513,BEng Information Engineering,GE1401,EE1001,11161,L02
1513,BEng Information Engineering,GE1401,GE1354,11445,CA1
1513,BEng Information Engineering,GE1401,GE1354,11447,LA2
1513,BEng Information Engineering,GE1401,MA1200,11782,CE1
1513,BEng Information Engineering,GE1401,MA1200,11799,TE1
1513,BEng Information Engineering,GE1401,CS1302,11859,CA1
1513,BEng Information Engineering,GE1401,CS1302,11863,LA1
1513,BEng Information Engineering,GE1401,GE1401,12735,T74
1514,BEng Information Engineering,GE1401,EE1001,10617,C01
1514,BEng Information Engineering,GE1401,EE1001,11159,L01
1514,BEng Information Engineering,GE1401,GE1354,11441,C01
1514,BEng Information Engineering,GE1401,GE1354,11444,L03
1514,BEng Information Engineering,GE1401,MA1200,11787,CA1
1514,BEng Information Engineering,GE1401,MA1200,11791,TA2
1514,BEng Information Engineering,GE1401,CS1302,11859,CA1
1514,BEng Information Engineering,GE1401,CS1302,11982,LA3
1514,BEng Information Engineering,GE1401,GE1401,12397,T51
1515,BEng Information Engineering,GE1401,EE1001,10617,C01
1515,BEng Information Engineering,GE1401,EE1001,11161,L02
1515,BEng Information Engineering,GE1401,GE1354,11445,CA1
1515,BEng Information Engineering,GE1401,GE1354,11447,LA2
1515,BEng Information Engineering,GE1401,MA1200,11782,CE1
1515,BEng Information Engineering,GE1401,MA1200,11799,TE1
1515,BEng Information Engineering,GE1401,CS1302,11859,CA1
1515,BEng Information Engineering,GE1401,CS1302,11863,LA1
1515,BEng Information Engineering,GE1401,GE1401,12735,T74
1516,BEng Information Engineering,LC0200A,EE1001,10617,C01
1516,BEng Information Engineering,LC0200A,EE1001,11161,L02
1516,BEng Information Engineering,LC0200A,GE1354,11455,CB1
1516,BEng Information Engineering,LC0200A,GE1354,11456,LB1
1516,BEng Information Engineering,LC0200A,MA1200,11782,CE1
1516,BEng Information Engineering,LC0200A,MA1200,11800,TE2
1516,BEng Information Engineering,LC0200A,CS1302,11859,CA1
1516,BEng Information Engineering,LC0200A,CS1302,11863,LA1
1516,BEng Information Engineering,LC0200A,LC0200A,14950,T18
1517,BEng Information Engineering,LC0200A,EE1001,10617,C01
1517,BEng Information Engineering,LC0200A,LC0200A,10879,T10
1517,BEng Information Engineering,LC0200A,EE1001,11159,L01
1517,BEng Information Engineering,LC0200A,GE1354,11445,CA1
1517,BEng Information Engineering,LC0200A,GE1354,11448,LA3
1517,BEng Information Engineering,LC0200A,MA1200,11788,CC1
1517,BEng Information Engineering,LC0200A,MA1200,11794,TC2
1517,BEng Information Engineering,LC0200A,CS1302,11860,CB1
1517,BEng Information Engineering,LC0200A,CS1302,12216,LB1
1518,BEng Information Engineering,LC0200A,EE1001,10617,C01
1518,BEng Information Engineering,LC0200A,LC0200A,10888,T20
1518,BEng Information Engineering,LC0200A,EE1001,11159,L01
1518,BEng Information Engineering,LC0200A,GE1354,11441,C01
1518,BEng Information Engineering,LC0200A,GE1354,11444,L03
1518,BEng Information Engineering,LC0200A,MA1200,11787,CA1
1518,BEng Information Engineering,LC0200A,MA1200,11791,TA2
1518,BEng Information Engineering,LC0200A,CS1302,11859,CA1
1518,BEng Information Engineering,LC0200A,CS1302,11982,LA3
1519,BEng Information Engineering,LC0200A,EE1001,10617,C01
1519,BEng Information Engineering,LC0200A,LC0200A,10878,T09
1519,BEng Information Engineering,LC0200A,EE1001,11161,L02
1519,BEng Information Engineering,LC0200A,GE1354,11445,CA1
1519,BEng Information Engineering,LC0200A,GE1354,11446,LA1
1519,BEng Information Engineering,LC0200A,MA1200,11784,CF1
1519,BEng Information Engineering,LC0200A,MA1200,11802,TF1
1519,BEng Information Engineering,LC0200A,CS1302,11859,CA1
1519,BEng Information Engineering,LC0200A,CS1302,11863,LA1
1520,BEng Information Engineering,LC0200A,EE1001,10617,C01
1520,BEng Information Engineering,LC0200A,EE1001,11161,L02
1520,BEng Information Engineering,LC0200A,GE1354,11441,C01
1520,BEng Information Engineering,LC0200A,GE1354,11443,L02
1520,BEng Information Engineering,LC0200A,MA1200,11785,CG1
1520,BEng Information Engineering,LC0200A,MA1200,11805,TG1
1520,BEng Information Engineering,LC0200A,CS1302,11859,CA1
1520,BEng Information Engineering,LC0200A,CS1302,11863,LA1
1520,BEng Information Engineering,LC0200A,LC0200A,11976,T37
1521,BEng Information Engineering,LC0200A,EE1001,10617,C01
1521,BEng Information Engineering,LC0200A,EE1001,11161,L02
1521,BEng Information Engineering,LC0200A,GE1354,11441,C01
1521,BEng Information Engineering,LC0200A,GE1354,11443,L02
1521,BEng Information Engineering,LC0200A,MA1200,11785,CG1
1521,BEng Information Engineering,LC0200A,MA1200,11805,TG1
1521,BEng Information Engineering,LC0200A,CS1302,11859,CA1
1521,BEng Information Engineering,LC0200A,CS1302,11863,LA1
1521,BEng Information Engineering,LC0200A,LC0200A,11976,T37
1522,BEng Information Engineering,LC0200A,EE1001,10617,C01
1522,BEng Information Engineering,LC0200A,LC0200A,10879,T10
1522,BEng Information Engineering,LC0200A,EE1001,11159,L01
1522,BEng Information Engineering,LC0200A,GE1354,11441,C01
1522,BEng Information Engineering,LC0200A,GE1354,11444,L03
1522,BEng Information Engineering,LC0200A,MA1200,11788,CC1
1522,BEng Information Engineering,LC0200A,MA1200,11794,TC2
1522,BEng Information Engineering,LC0200A,CS1302,11860,CB1
1522,BEng Information Engineering,LC0200A,CS1302,12216,LB1
1523,BEng Information Engineering,LC0200A,EE1001,10617,C01
1523,BEng Information Engineering,LC0200A,EE1001,11161,L02
1523,BEng Information Engineering,LC0200A,GE1354,11445,CA1
1523,BEng Information Engineering,LC0200A,GE1354,11447,LA2
1523,BEng Information Engineering,LC0200A,MA1200,11782,CE1
1523,BEng Information Engineering,LC0200A,MA1200,11800,TE2
1523,BEng Information Engineering,LC0200A,CS1302,11859,CA1
1523,BEng Information Engineering,LC0200A,CS1302,11863,LA1
1523,BEng Information Engineering,LC0200A,LC0200A,14952,T36
1524,BEng Information Engineering,LC0200A,EE1001,10617,C01
1524,BEng Information Engineering,LC0200A,LC0200A,10887,T19
1524,BEng Information Engineering,LC0200A,EE1001,11159,L01
1524,BEng Information Engineering,LC0200A,GE1354,11441,C01
1524,BEng Information Engineering,LC0200A,GE1354,11444,L03
1524,BEng Information Engineering,LC0200A,MA1200,11787,CA1
1524,BEng Information Engineering,LC0200A,MA1200,11791,TA2
1524,BEng Information Engineering,LC0200A,CS1302,11860,CB1
1524,BEng Information Engineering,LC0200A,CS1302,12216,LB1
1525,BEng Microelectronics Engineering,GE1401,GE1401,10723,T56
1525,BEng Microelectronics Engineering,GE1401,EE1001,10900,CA1
1525,BEng Microelectronics Engineering,GE1401,EE1001,11160,LA1
1525,BEng Microelectronics Engineering,GE1401,GE1354,11455,CB1
1525,BEng Microelectronics Engineering,GE1401,GE1354,11583,LB2
1525,BEng Microelectronics Engineering,GE1401,MA1200,11782,CE1
1525,BEng Microelectronics Engineering,GE1401,MA1200,11800,TE2
1525,BEng Microelectronics Engineering,GE1401,CS1302,11859,CA1
1525,BEng Microelectronics Engineering,GE1401,CS1302,11863,LA1
1526,BEng Microelectronics Engineering,GE1401,GE1401,10357,T01
1526,BEng Microelectronics Engineering,GE1401,EE1001,10900,CA1
1526,BEng Microelectronics Engineering,GE1401,EE1001,11160,LA1
1526,BEng Microelectronics Engineering,GE1401,GE1354,11455,CB1
1526,BEng Microelectronics Engineering,GE1401,GE1354,11583,LB2
1526,BEng Microelectronics Engineering,GE1401,MA1200,11782,CE1
1526,BEng Microelectronics Engineering,GE1401,MA1200,11800,TE2
1526,BEng Microelectronics Engineering,GE1401,CS1302,11859,CA1
1526,BEng Microelectronics Engineering,GE1401,CS1302,11863,LA1
1527,BEng Microelectronics Engineering,GE1401,EE1001,10617,C01
1527,BEng Microelectronics Engineering,GE1401,GE1401,10690,T13
1527,BEng Microelectronics Engineering,GE1401,EE1001,11161,L02
1527,BEng Microelectronics Engineering,GE1401,GE1354,11441,C01
1527,BEng Microelectronics Engineering,GE1401,GE1354,11443,L02
1527,BEng Microelectronics Engineering,GE1401,MA1200,11782,CE1
1527,BEng Microelectronics Engineering,GE1401,MA1200,11799,TE1
1527,BEng Microelectronics Engineering,GE1401,CS1302,11859,CA1
1527,BEng Microelectronics Engineering,GE1401,CS1302,11863,LA1
1528,BEng Microelectronics Engineering,GE1401,EE1001,10617,C01
1528,BEng Microelectronics Engineering,GE1401,GE1401,10690,T13
1528,BEng Microelectronics Engineering,GE1401,EE1001,11161,L02
1528,BEng Microelectronics Engineering,GE1401,GE1354,11441,C01
1528,BEng Microelectronics Engineering,GE1401,GE1354,11443,L02
1528,BEng Microelectronics Engineering,GE1401,MA1200,11782,CE1
1528,BEng Microelectronics Engineering,GE1401,MA1200,11799,TE1
1528,BEng Microelectronics Engineering,GE1401,CS1302,11859,CA1
1528,BEng Microelectronics Engineering,GE1401,CS1302,11863,LA1
1529,BEng Microelectronics Engineering,GE1401,EE1001,10617,C01
1529,BEng Microelectronics Engineering,GE1401,EE1001,11159,L01
1529,BEng Microelectronics Engineering,GE1401,GE1354,11441,C01
1529,BEng Microelectronics Engineering,GE1401,GE1354,11444,L03
1529,BEng Microelectronics Engineering,GE1401,GE1401,11491,T69
1529,BEng Microelectronics Engineering,GE1401,MA1200,11787,CA1
1529,BEng Microelectronics Engineering,GE1401,MA1200,11791,TA2
1529,BEng Microelectronics Engineering,GE1401,CS1302,11859,CA1
1529,BEng Microelectronics Engineering,GE1401,CS1302,11982,LA3
1530,BEng Microelectronics Engineering,GE1401,EE1001,10617,C01
1530,BEng Microelectronics Engineering,GE1401,EE1001,11159,L01
1530,BEng Microelectronics Engineering,GE1401,GE1354,11441,C01
1530,BEng Microelectronics Engineering,GE1401,GE1354,11444,L03
1530,BEng Microelectronics Engineering,GE1401,MA1200,11788,CC1
1530,BEng Microelectronics Engineering,GE1401,MA1200,11794,TC2
1530,BEng Microelectronics Engineering,GE1401,CS1302,11860,CB1
1530,BEng Microelectronics Engineering,GE1401,GE1401,12127,T84
1530,BEng Microelectronics Engineering,GE1401,CS1302,12216,LB1
1531,BEng Microelectronics Engineering,GE1401,EE1001,10617,C01
1531,BEng Microelectronics Engineering,GE1401,GE1401,10694,T17
1531,BEng Microelectronics Engineering,GE1401,EE1001,11161,L02
1531,BEng Microelectronics Engineering,GE1401,GE1354,11441,C01
1531,BEng Microelectronics Engineering,GE1401,GE1354,11443,L02
1531,BEng Microelectronics Engineering,GE1401,MA1200,11784,CF1
1531,BEng Microelectronics Engineering,GE1401,MA1200,11802,TF1
1531,BEng Microelectronics Engineering,GE1401,CS1302,11859,CA1
1531,BEng Microelectronics Engineering,GE1401,CS1302,11863,LA1
1532,BEng Microelectronics Engineering,GE1401,EE1001,10617,C01
1532,BEng Microelectronics Engineering,GE1401,EE1001,11159,L01
1532,BEng Microelectronics Engineering,GE1401,GE1354,11441,C01
1532,BEng Microelectronics Engineering,GE1401,GE1354,11444,L03
1532,BEng Microelectronics Engineering,GE1401,GE1401,11491,T69
1532,BEng Microelectronics Engineering,GE1401,MA1200,11787,CA1
1532,BEng Microelectronics Engineering,GE1401,MA1200,11791,TA2
1532,BEng Microelectronics Engineering,GE1401,CS1302,11859,CA1
1532,BEng Microelectronics Engineering,GE1401,CS1302,11982,LA3
1533,BEng Microelectronics Engineering,GE1401,EE1001,10617,C01
1533,BEng Microelectronics Engineering,GE1401,EE1001,11159,L01
1533,BEng Microelectronics Engineering,GE1401,GE1354,11441,C01
1533,BEng Microelectronics Engineering,GE1401,GE1354,11444,L03
1533,BEng Microelectronics Engineering,GE1401,GE1401,11491,T69
1533,BEng Microelectronics Engineering,GE1401,MA1200,11787,CA1
1533,BEng Microelectronics Engineering,GE1401,MA1200,11791,TA2
1533,BEng Microelectronics Engineering,GE1401,CS1302,11859,CA1
1533,BEng Microelectronics Engineering,GE1401,CS1302,11982,LA3
1534,BEng Microelectronics Engineering,GE1401,EE1001,10617,C01
1534,BEng Microelectronics Engineering,GE1401,EE1001,11159,L01
1534,BEng Microelectronics Engineering,GE1401,GE1354,11445,CA1
1534,BEng Microelectronics Engineering,GE1401,GE1354,11448,LA3
1534,BEng Microelectronics Engineering,GE1401,MA1200,11788,CC1
1534,BEng Microelectronics Engineering,GE1401,MA1200,11794,TC2
1534,BEng Microelectronics Engineering,GE1401,CS1302,11860,CB1
1534,BEng Microelectronics Engineering,GE1401,CS1302,12216,LB1
1534,BEng Microelectronics Engineering,GE1401,GE1401,12814,T91
1535,BEng Microelectronics Engineering,GE1401,EE1001,10617,C01
1535,BEng Microelectronics Engineering,GE1401,GE1401,10705,T30
1535,BEng Microelectronics Engineering,GE1401,EE1001,11161,L02
1535,BEng Microelectronics Engineering,GE1401,GE1354,11441,C01
1535,BEng Microelectronics Engineering,GE1401,GE1354,11443,L02
1535,BEng Microelectronics Engineering,GE1401,MA1200,11785,CG1
1535,BEng Microelectronics Engineering,GE1401,MA1200,11806,TG2
1535,BEng Microelectronics Engineering,GE1401,CS1302,11859,CA1
1535,BEng Microelectronics Engineering,GE1401,CS1302,11863,LA1
1536,BEng Microelectronics Engineering,GE1401,GE1401,10723,T56
1536,BEng Microelectronics Engineering,GE1401,EE1001,10900,CA1
1536,BEng Microelectronics Engineering,GE1401,EE1001,11160,LA1
1536,BEng Microelectronics Engineering,GE1401,GE1354,11455,CB1
1536,BEng Microelectronics Engineering,GE1401,GE1354,11583,LB2
1536,BEng Microelectronics Engineering,GE1401,MA1200,11782,CE1
1536,BEng Microelectronics Engineering,GE1401,MA1200,11800,TE2
1536,BEng Microelectronics Engineering,GE1401,CS1302,11859,CA1
1536,BEng Microelectronics Engineering,GE1401,CS1302,11863,LA1
1537,BEng Microelectronics Engineering,LC0200A,EE1001,10617,C01
1537,BEng Microelectronics Engineering,LC0200A,LC0200A,10887,T19
1537,BEng Microelectronics Engineering,LC0200A,EE1001,11159,L01
1537,BEng Microelectronics Engineering,LC0200A,GE1354,11441,C01
1537,BEng Microelectronics Engineering,LC0200A,GE1354,11444,L03
1537,BEng Microelectronics Engineering,LC0200A,MA1200,11787,CA1
1537,BEng Microelectronics Engineering,LC0200A,MA1200,11791,TA2
1537,BEng Microelectronics Engineering,LC0200A,CS1302,11860,CB1
1537,BEng Microelectronics Engineering,LC0200A,CS1302,12216,LB1
1538,BEng Microelectronics Engineering,LC0200A,EE1001,10617,C01
1538,BEng Microelectronics Engineering,LC0200A,LC0200A,10862,T02
1538,BEng Microelectronics Engineering,LC0200A,EE1001,11159,L01
1538,BEng Microelectronics Engineering,LC0200A,GE1354,11441,C01
1538,BEng Microelectronics Engineering,LC0200A,GE1354,11444,L03
1538,BEng Microelectronics Engineering,LC0200A,MA1200,11787,CA1
1538,BEng Microelectronics Engineering,LC0200A,MA1200,11791,TA2
1538,BEng Microelectronics Engineering,LC0200A,CS1302,11859,CA1
1538,BEng Microelectronics Engineering,LC0200A,CS1302,11982,LA3
1539,BEng Microelectronics Engineering,LC0200A,EE1001,10617,C01
1539,BEng Microelectronics Engineering,LC0200A,LC0200A,10878,T09
1539,BEng Microelectronics Engineering,LC0200A,EE1001,11161,L02
1539,BEng Microelectronics Engineering,LC0200A,GE1354,11445,CA1
1539,BEng Microelectronics Engineering,LC0200A,GE1354,11446,LA1
1539,BEng Microelectronics Engineering,LC0200A,MA1200,11784,CF1
1539,BEng Microelectronics Engineering,LC0200A,MA1200,11802,TF1
1539,BEng Microelectronics Engineering,LC0200A,CS1302,11859,CA1
1539,BEng Microelectronics Engineering,LC0200A,CS1302,11863,LA1
1540,BEng Microelectronics Engineering,LC0200A,EE1001,10617,C01
1540,BEng Microelectronics Engineering,LC0200A,LC0200A,10888,T20
1540,BEng Microelectronics Engineering,LC0200A,EE1001,11159,L01
1540,BEng Microelectronics Engineering,LC0200A,GE1354,11441,C01
1540,BEng Microelectronics Engineering,LC0200A,GE1354,11444,L03
1540,BEng Microelectronics Engineering,LC0200A,MA1200,11787,CA1
1540,BEng Microelectronics Engineering,LC0200A,MA1200,11791,TA2
1540,BEng Microelectronics Engineering,LC0200A,CS1302,11859,CA1
1540,BEng Microelectronics Engineering,LC0200A,CS1302,11982,LA3
1541,BEng Microelectronics Engineering,LC0200A,EE1001,10617,C01
1541,BEng Microelectronics Engineering,LC0200A,EE1001,11161,L02
1541,BEng Microelectronics Engineering,LC0200A,GE1354,11441,C01
1541,BEng Microelectronics Engineering,LC0200A,GE1354,11443,L02
1541,BEng Microelectronics Engineering,LC0200A,MA1200,11785,CG1
1541,BEng Microelectronics Engineering,LC0200A,MA1200,11805,TG1
1541,BEng Microelectronics Engineering,LC0200A,CS1302,11859,CA1
1541,BEng Microelectronics Engineering,LC0200A,CS1302,11863,LA1
1541,BEng Microelectronics Engineering,LC0200A,LC0200A,11976,T37
1542,BEng Mechanical Engineering,GE1401,GE1401,10683,T06
1542,BEng Mechanical Engineering,GE1401,MA1200,11787,CA1
1542,BEng Mechanical Engineering,GE1401,MA1200,11792,TA3
1542,BEng Mechanical Engineering,GE1401,PHY1101,11832,CA1
1542,BEng Mechanical Engineering,GE1401,PHY1101,11835,TA1
1542,BEng Mechanical Engineering,GE1401,MNE2066,11846,C01
1542,BEng Mechanical Engineering,GE1401,MNE2116,12798,C01
1542,BEng Mechanical Engineering,GE1401,MNE2116,12823,L02
1543,BEng Mechanical Engineering,GE1401,GE1401,10683,T06
1543,BEng Mechanical Engineering,GE1401,MA1200,11787,CA1
1543,BEng Mechanical Engineering,GE1401,MA1200,11792,TA3
1543,BEng Mechanical Engineering,GE1401,PHY1101,11833,CB1
1543,BEng Mechanical Engineering,GE1401,PHY1101,11836,TB1
1543,BEng Mechanical Engineering,GE1401,MNE2066,11846,C01
1543,BEng Mechanical Engineering,GE1401,MNE2116,12798,C01
1543,BEng Mechanical Engineering,GE1401,MNE2116,12823,L02
1544,BEng Mechanical Engineering,GE1401,GE1401,10683,T06
1544,BEng Mechanical Engineering,GE1401,MA1200,11787,CA1
1544,BEng Mechanical Engineering,GE1401,MA1200,11792,TA3
1544,BEng Mechanical Engineering,GE1401,PHY1101,11833,CB1
1544,BEng Mechanical Engineering,GE1401,PHY1101,11836,TB1
1544,BEng Mechanical Engineering,GE1401,MNE2066,11846,C01
1544,BEng Mechanical Engineering,GE1401,MNE2116,12798,C01
1544,BEng Mechanical Engineering,GE1401,MNE2116,12823,L02
1545,BEng Mechanical Engineering,GE1401,MA1200,11788,CC1
1545,BEng Mechanical Engineering,GE1401,MA1200,11793,TC1
1545,BEng Mechanical Engineering,GE1401,PHY1101,11832,CA1
1545,BEng Mechanical Engineering,GE1401,PHY1101,11835,TA1
1545,BEng Mechanical Engineering,GE1401,MNE2066,11846,C01
1545,BEng Mechanical Engineering,GE1401,GE1401,13572,TB1
1545,BEng Mechanical Engineering,GE1401,MNE2116,14945,LA2
1545,BEng Mechanical Engineering,GE1401,MNE2116,15622,CA1
1546,BEng Mechanical Engineering,GE1401,GE1401,11506,T78
1546,BEng Mechanical Engineering,GE1401,MA1200,11788,CC1
1546,BEng Mechanical Engineering,GE1401,MA1200,11793,TC1
1546,BEng Mechanical Engineering,GE1401,PHY1101,11832,CA1
1546,BEng Mechanical Engineering,GE1401,PHY1101,11835,TA1
1546,BEng Mechanical Engineering,GE1401,MNE2066,11846,C01
1546,BEng Mechanical Engineering,GE1401,MNE2116,12798,C01
1546,BEng Mechanical Engineering,GE1401,MNE2116,14946,L03
1547,BEng Mechanical Engineering,GE1401,GE1401,10687,T10
1547,BEng Mechanical Engineering,GE1401,MA1200,11789,CD1
1547,BEng Mechanical Engineering,GE1401,MA1200,11798,TD3
1547,BEng Mechanical Engineering,GE1401,PHY1101,11832,CA1
1547,BEng Mechanical Engineering,GE1401,PHY1101,11835,TA1
1547,BEng Mechanical Engineering,GE1401,MNE2066,11846,C01
1547,BEng Mechanical Engineering,GE1401,MNE2116,14945,LA2
1547,BEng Mechanical Engineering,GE1401,MNE2116,15622,CA1
1548,BEng Mechanical Engineering,GE1401,MA1200,11785,CG1
1548,BEng Mechanical Engineering,GE1401,MA1200,11806,TG2
1548,BEng Mechanical Engineering,GE1401,PHY1101,11832,CA1
1548,BEng Mechanical Engineering,GE1401,PHY1101,11835,TA1
1548,BEng Mechanical Engineering,GE1401,MNE2066,11846,C01
1548,BEng Mechanical Engineering,GE1401,GE1401,13573,TB2
1548,BEng Mechanical Engineering,GE1401,MNE2116,14945,LA2
1548,BEng Mechanical Engineering,GE1401,MNE2116,15622,CA1
1549,BEng Mechanical Engineering,GE1401,MA1200,11788,CC1
1549,BEng Mechanical Engineering,GE1401,MA1200,11793,TC1
1549,BEng Mechanical Engineering,GE1401,PHY1101,11832,CA1
1549,BEng Mechanical Engineering,GE1401,PHY1101,11835,TA1
1549,BEng Mechanical Engineering,GE1401,MNE2066,11846,C01
1549,BEng Mechanical Engineering,GE1401,GE1401,13572,TB1
1549,BEng Mechanical Engineering,GE1401,MNE2116,14945,LA2
1549,BEng Mechanical Engineering,GE1401,MNE2116,15622,CA1
1550,BEng Mechanical Engineering,GE1401,GE1401,10704,T29
1550,BEng Mechanical Engineering,GE1401,MA1200,11789,CD1
1550,BEng Mechanical Engineering,GE1401,MA1200,11798,TD3
1550,BEng Mechanical Engineering,GE1401,PHY1101,11832,CA1
1550,BEng Mechanical Engineering,GE1401,PHY1101,11835,TA1
1550,BEng Mechanical Engineering,GE1401,MNE2066,11846,C01
1550,BEng Mechanical Engineering,GE1401,MNE2116,12798,C01
1550,BEng Mechanical Engineering,GE1401,MNE2116,12823,L02
1551,BEng Mechanical Engineering,GE1401,GE1401,11506,T78
1551,BEng Mechanical Engineering,GE1401,MA1200,11788,CC1
1551,BEng Mechanical Engineering,GE1401,MA1200,11793,TC1
1551,BEng Mechanical Engineering,GE1401,PHY1101,11832,CA1
1551,BEng Mechanical Engineering,GE1401,PHY1101,11835,TA1
1551,BEng Mechanical Engineering,GE1401,MNE2066,11846,C01
1551,BEng Mechanical Engineering,GE1401,MNE2116,14945,LA2
1551,BEng Mechanical Engineering,GE1401,MNE2116,15622,CA1
1552,BEng Mechanical Engineering,GE1401,MA1200,11787,CA1
1552,BEng Mechanical Engineering,GE1401,MA1200,11790,TA1
1552,BEng Mechanical Engineering,GE1401,PHY1101,11832,CA1
1552,BEng Mechanical Engineering,GE1401,PHY1101,11835,TA1
1552,BEng Mechanical Engineering,GE1401,MNE2066,11846,C01
1552,BEng Mechanical Engineering,GE1401,MNE2116,12798,C01
1552,BEng Mechanical Engineering,GE1401,MNE2116,14946,L03
1552,BEng Mechanical Engineering,GE1401,GE1401,15206,TC6
1553,BEng Mechanical Engineering,GE1401,MA1200,11785,CG1
1553,BEng Mechanical Engineering,GE1401,MA1200,11806,TG2
1553,BEng Mechanical Engineering,GE1401,PHY1101,11832,CA1
1553,BEng Mechanical Engineering,GE1401,PHY1101,11835,TA1
1553,BEng Mechanical Engineering,GE1401,MNE2066,11846,C01
1553,BEng Mechanical Engineering,GE1401,GE1401,13573,TB2
1553,BEng Mechanical Engineering,GE1401,MNE2116,14945,LA2
1553,BEng Mechanical Engineering,GE1401,MNE2116,15622,CA1
1554,BEng Mechanical Engineering,GE1401,MA1200,11786,CH1
1554,BEng Mechanical Engineering,GE1401,MA1200,11809,TH2
1554,BEng Mechanical Engineering,GE1401,PHY1101,11832,CA1
1554,BEng Mechanical Engineering,GE1401,PHY1101,11835,TA1
1554,BEng Mechanical Engineering,GE1401,MNE2066,11846,C01
1554,BEng Mechanical Engineering,GE1401,GE1401,13568,T96
1554,BEng Mechanical Engineering,GE1401,MNE2116,14945,LA2
1554,BEng Mechanical Engineering,GE1401,MNE2116,15622,CA1
1555,BEng Mechanical Engineering,GE1401,GE1401,10693,T16
1555,BEng Mechanical Engineering,GE1401,MA1200,11788,CC1
1555,BEng Mechanical Engineering,GE1401,MA1200,11795,TC3
1555,BEng Mechanical Engineering,GE1401,PHY1101,11832,CA1
1555,BEng Mechanical Engineering,GE1401,PHY1101,11835,TA1
1555,BEng Mechanical Engineering,GE1401,MNE2066,11846,C01
1555,BEng Mechanical Engineering,GE1401,MNE2116,12798,C01
1555,BEng Mechanical Engineering,GE1401,MNE2116,12823,L02
1556,BEng Mechanical Engineering,GE1401,MA1200,11787,CA1
1556,BEng Mechanical Engineering,GE1401,MA1200,11790,TA1
1556,BEng Mechanical Engineering,GE1401,PHY1101,11832,CA1
1556,BEng Mechanical Engineering,GE1401,PHY1101,11835,TA1
1556,BEng Mechanical Engineering,GE1401,MNE2066,11846,C01
1556,BEng Mechanical Engineering,GE1401,MNE2116,12798,C01
1556,BEng Mechanical Engineering,GE1401,MNE2116,14946,L03
1556,BEng Mechanical Engineering,GE1401,GE1401,15206,TC6
1557,BEng Mechanical Engineering,GE1401,MA1200,11788,CC1
1557,BEng Mechanical Engineering,GE1401,MA1200,11793,TC1
1557,BEng Mechanical Engineering,GE1401,PHY1101,11832,CA1
1557,BEng Mechanical Engineering,GE1401,PHY1101,11835,TA1
1557,BEng Mechanical Engineering,GE1401,MNE2066,11846,C01
1557,BEng Mechanical Engineering,GE1401,GE1401,13572,TB1
1557,BEng Mechanical Engineering,GE1401,MNE2116,14945,LA2
1557,BEng Mechanical Engineering,GE1401,MNE2116,15622,CA1
1558,BEng Mechanical Engineering,GE1401,GE1401,10693,T16
1558,BEng Mechanical Engineering,GE1401,MA1200,11788,CC1
1558,BEng Mechanical Engineering,GE1401,MA1200,11795,TC3
1558,BEng Mechanical Engineering,GE1401,PHY1101,11832,CA1
1558,BEng Mechanical Engineering,GE1401,PHY1101,11835,TA1
1558,BEng Mechanical Engineering,GE1401,MNE2066,11846,C01
1558,BEng Mechanical Engineering,GE1401,MNE2116,12798,C01
1558,BEng Mechanical Engineering,GE1401,MNE2116,12823,L02
1559,BEng Mechanical Engineering,GE1401,GE1401,10693,T16
1559,BEng Mechanical Engineering,GE1401,MA1200,11787,CA1
1559,BEng Mechanical Engineering,GE1401,MA1200,11792,TA3
1559,BEng Mechanical Engineering,GE1401,PHY1101,11832,CA1
1559,BEng Mechanical Engineering,GE1401,PHY1101,11835,TA1
1559,BEng Mechanical Engineering,GE1401,MNE2066,11846,C01
1559,BEng Mechanical Engineering,GE1401,MNE2116,12798,C01
1559,BEng Mechanical Engineering,GE1401,MNE2116,12823,L02
1560,BEng Mechanical Engineering,GE1401,GE1401,10693,T16
1560,BEng Mechanical Engineering,GE1401,MA1200,11787,CA1
1560,BEng Mechanical Engineering,GE1401,MA1200,11792,TA3
1560,BEng Mechanical Engineering,GE1401,PHY1101,11832,CA1
1560,BEng Mechanical Engineering,GE1401,PHY1101,11835,TA1
1560,BEng Mechanical Engineering,GE1401,MNE2066,11846,C01
1560,BEng Mechanical Engineering,GE1401,MNE2116,12798,C01
1560,BEng Mechanical Engineering,GE1401,MNE2116,12823,L02
1561,BEng Mechanical Engineering,GE1401,MA1200,11786,CH1
1561,BEng Mechanical Engineering,GE1401,MA1200,11809,TH2
1561,BEng Mechanical Engineering,GE1401,PHY1101,11832,CA1
1561,BEng Mechanical Engineering,GE1401,PHY1101,11835,TA1
1561,BEng Mechanical Engineering,GE1401,MNE2066,11846,C01
1561,BEng Mechanical Engineering,GE1401,GE1401,13568,T96
1561,BEng Mechanical Engineering,GE1401,MNE2116,14945,LA2
1561,BEng Mechanical Engineering,GE1401,MNE2116,15622,CA1
1562,BEng Mechanical Engineering,GE1401,MA1200,11787,CA1
1562,BEng Mechanical Engineering,GE1401,MA1200,11790,TA1
1562,BEng Mechanical Engineering,GE1401,PHY1101,11832,CA1
1562,BEng Mechanical Engineering,GE1401,PHY1101,11835,TA1
1562,BEng Mechanical Engineering,GE1401,MNE2066,11846,C01
1562,BEng Mechanical Engineering,GE1401,MNE2116,12798,C01
1562,BEng Mechanical Engineering,GE1401,MNE2116,14946,L03
1562,BEng Mechanical Engineering,GE1401,GE1401,15206,TC6
1563,BEng Mechanical Engineering,GE1401,GE1401,11506,T78
1563,BEng Mechanical Engineering,GE1401,MA1200,11787,CA1
1563,BEng Mechanical Engineering,GE1401,MA1200,11790,TA1
1563,BEng Mechanical Engineering,GE1401,PHY1101,11832,CA1
1563,BEng Mechanical Engineering,GE1401,PHY1101,11835,TA1
1563,BEng Mechanical Engineering,GE1401,MNE2066,11846,C01
1563,BEng Mechanical Engineering,GE1401,MNE2116,12798,C01
1563,BEng Mechanical Engineering,GE1401,MNE2116,13073,L04
1564,BEng Mechanical Engineering,GE1401,MA1200,11787,CA1
1564,BEng Mechanical Engineering,GE1401,MA1200,11790,TA1
1564,BEng Mechanical Engineering,GE1401,PHY1101,11832,CA1
1564,BEng Mechanical Engineering,GE1401,PHY1101,11835,TA1
1564,BEng Mechanical Engineering,GE1401,MNE2066,11846,C01
1564,BEng Mechanical Engineering,GE1401,MNE2116,12798,C01
1564,BEng Mechanical Engineering,GE1401,MNE2116,14946,L03
1564,BEng Mechanical Engineering,GE1401,GE1401,15206,TC6
1565,BEng Mechanical Engineering,GE1401,MA1200,11787,CA1
1565,BEng Mechanical Engineering,GE1401,MA1200,11790,TA1
1565,BEng Mechanical Engineering,GE1401,PHY1101,11832,CA1
1565,BEng Mechanical Engineering,GE1401,PHY1101,11835,TA1
1565,BEng Mechanical Engineering,GE1401,MNE2066,11846,C01
1565,BEng Mechanical Engineering,GE1401,MNE2116,12798,C01
1565,BEng Mechanical Engineering,GE1401,MNE2116,14946,L03
1565,BEng Mechanical Engineering,GE1401,GE1401,15206,TC6
1566,BEng Mechanical Engineering,GE1401,MA1200,11788,CC1
1566,BEng Mechanical Engineering,GE1401,MA1200,11793,TC1
1566,BEng Mechanical Engineering,GE1401,PHY1101,11832,CA1
1566,BEng Mechanical Engineering,GE1401,PHY1101,11835,TA1
1566,BEng Mechanical Engineering,GE1401,MNE2066,11846,C01
1566,BEng Mechanical Engineering,GE1401,GE1401,13572,TB1
1566,BEng Mechanical Engineering,GE1401,MNE2116,14945,LA2
1566,BEng Mechanical Engineering,GE1401,MNE2116,15622,CA1
1567,BEng Mechanical Engineering,GE1401,GE1401,10683,T06
1567,BEng Mechanical Engineering,GE1401,MA1200,11787,CA1
1567,BEng Mechanical Engineering,GE1401,MA1200,11792,TA3
1567,BEng Mechanical Engineering,GE1401,PHY1101,11833,CB1
1567,BEng Mechanical Engineering,GE1401,PHY1101,11836,TB1
1567,BEng Mechanical Engineering,GE1401,MNE2066,11846,C01
1567,BEng Mechanical Engineering,GE1401,MNE2116,12798,C01
1567,BEng Mechanical Engineering,GE1401,MNE2116,12823,L02
1568,BEng Mechanical Engineering,GE1401,GE1401,10704,T29
1568,BEng Mechanical Engineering,GE1401,MA1200,11789,CD1
1568,BEng Mechanical Engineering,GE1401,MA1200,11798,TD3
1568,BEng Mechanical Engineering,GE1401,PHY1101,11832,CA1
1568,BEng Mechanical Engineering,GE1401,PHY1101,11835,TA1
1568,BEng Mechanical Engineering,GE1401,MNE2066,11846,C01
1568,BEng Mechanical Engineering,GE1401,MNE2116,12798,C01
1568,BEng Mechanical Engineering,GE1401,MNE2116,12823,L02
1569,BEng Mechanical Engineering,GE1401,MA1200,11784,CF1
1569,BEng Mechanical Engineering,GE1401,MA1200,11803,TF2
1569,BEng Mechanical Engineering,GE1401,PHY1101,11832,CA1
1569,BEng Mechanical Engineering,GE1401,PHY1101,11835,TA1
1569,BEng Mechanical Engineering,GE1401,MNE2066,11846,C01
1569,BEng Mechanical Engineering,GE1401,MNE2116,12798,C01
1569,BEng Mechanical Engineering,GE1401,MNE2116,13073,L04
1569,BEng Mechanical Engineering,GE1401,GE1401,13573,TB2
1570,BEng Mechanical Engineering,GE1401,GE1401,10687,T10
1570,BEng Mechanical Engineering,GE1401,MA1200,11789,CD1
1570,BEng Mechanical Engineering,GE1401,MA1200,11798,TD3
1570,BEng Mechanical Engineering,GE1401,PHY1101,11832,CA1
1570,BEng Mechanical Engineering,GE1401,PHY1101,11835,TA1
1570,BEng Mechanical Engineering,GE1401,MNE2066,11846,C01
1570,BEng Mechanical Engineering,GE1401,MNE2116,14945,LA2
1570,BEng Mechanical Engineering,GE1401,MNE2116,15622,CA1
1571,BEng Mechanical Engineering,GE1401,MA1200,11785,CG1
1571,BEng Mechanical Engineering,GE1401,MA1200,11806,TG2
1571,BEng Mechanical Engineering,GE1401,PHY1101,11832,CA1
1571,BEng Mechanical Engineering,GE1401,PHY1101,11835,TA1
1571,BEng Mechanical Engineering,GE1401,MNE2066,11846,C01
1571,BEng Mechanical Engineering,GE1401,GE1401,13568,T96
1571,BEng Mechanical Engineering,GE1401,MNE2116,14945,LA2
1571,BEng Mechanical Engineering,GE1401,MNE2116,15622,CA1
1572,BEng Mechanical Engineering,GE1401,MA1200,11788,CC1
1572,BEng Mechanical Engineering,GE1401,MA1200,11793,TC1
1572,BEng Mechanical Engineering,GE1401,PHY1101,11832,CA1
1572,BEng Mechanical Engineering,GE1401,PHY1101,11835,TA1
1572,BEng Mechanical Engineering,GE1401,MNE2066,11846,C01
1572,BEng Mechanical Engineering,GE1401,GE1401,13572,TB1
1572,BEng Mechanical Engineering,GE1401,MNE2116,14945,LA2
1572,BEng Mechanical Engineering,GE1401,MNE2116,15622,CA1
1573,BEng Mechanical Engineering,GE1401,GE1401,10693,T16
1573,BEng Mechanical Engineering,GE1401,MA1200,11788,CC1
1573,BEng Mechanical Engineering,GE1401,MA1200,11795,TC3
1573,BEng Mechanical Engineering,GE1401,PHY1101,11832,CA1
1573,BEng Mechanical Engineering,GE1401,PHY1101,11835,TA1
1573,BEng Mechanical Engineering,GE1401,MNE2066,11846,C01
1573,BEng Mechanical Engineering,GE1401,MNE2116,12798,C01
1573,BEng Mechanical Engineering,GE1401,MNE2116,12823,L02
1574,BEng Mechanical Engineering,GE1401,MA1200,11787,CA1
1574,BEng Mechanical Engineering,GE1401,MA1200,11790,TA1
1574,BEng Mechanical Engineering,GE1401,PHY1101,11832,CA1
1574,BEng Mechanical Engineering,GE1401,PHY1101,11835,TA1
1574,BEng Mechanical Engineering,GE1401,MNE2066,11846,C01
1574,BEng Mechanical Engineering,GE1401,MNE2116,14945,LA2
1574,BEng Mechanical Engineering,GE1401,GE1401,15206,TC6
1574,BEng Mechanical Engineering,GE1401,MNE2116,15622,CA1
1575,BEng Mechanical Engineering,GE1401,GE1401,10683,T06
1575,BEng Mechanical Engineering,GE1401,MA1200,11787,CA1
1575,BEng Mechanical Engineering,GE1401,MA1200,11792,TA3
1575,BEng Mechanical Engineering,GE1401,PHY1101,11832,CA1
1575,BEng Mechanical Engineering,GE1401,PHY1101,11835,TA1
1575,BEng Mechanical Engineering,GE1401,MNE2066,11846,C01
1575,BEng Mechanical Engineering,GE1401,MNE2116,12798,C01
1575,BEng Mechanical Engineering,GE1401,MNE2116,12823,L02
1576,BEng Mechanical Engineering,GE1401,GE1401,10693,T16
1576,BEng Mechanical Engineering,GE1401,MA1200,11788,CC1
1576,BEng Mechanical Engineering,GE1401,MA1200,11795,TC3
1576,BEng Mechanical Engineering,GE1401,PHY1101,11832,CA1
1576,BEng Mechanical Engineering,GE1401,PHY1101,11835,TA1
1576,BEng Mechanical Engineering,GE1401,MNE2066,11846,C01
1576,BEng Mechanical Engineering,GE1401,MNE2116,12798,C01
1576,BEng Mechanical Engineering,GE1401,MNE2116,12823,L02
1577,BEng Mechanical Engineering,GE1401,GE1401,11495,T77
1577,BEng Mechanical Engineering,GE1401,MA1200,11784,CF1
1577,BEng Mechanical Engineering,GE1401,MA1200,11803,TF2
1577,BEng Mechanical Engineering,GE1401,PHY1101,11832,CA1
1577,BEng Mechanical Engineering,GE1401,PHY1101,11835,TA1
1577,BEng Mechanical Engineering,GE1401,MNE2066,11846,C01
1577,BEng Mechanical Engineering,GE1401,MNE2116,12798,C01
1577,BEng Mechanical Engineering,GE1401,MNE2116,13073,L04
1578,BEng Mechanical Engineering,GE1401,MA1200,11787,CA1
1578,BEng Mechanical Engineering,GE1401,MA1200,11790,TA1
1578,BEng Mechanical Engineering,GE1401,PHY1101,11832,CA1
1578,BEng Mechanical Engineering,GE1401,PHY1101,11835,TA1
1578,BEng Mechanical Engineering,GE1401,MNE2066,11846,C01
1578,BEng Mechanical Engineering,GE1401,MNE2116,12798,C01
1578,BEng Mechanical Engineering,GE1401,MNE2116,14946,L03
1578,BEng Mechanical Engineering,GE1401,GE1401,15206,TC6
1579,BEng Mechanical Engineering,GE1401,GE1401,10704,T29
1579,BEng Mechanical Engineering,GE1401,MA1200,11789,CD1
1579,BEng Mechanical Engineering,GE1401,MA1200,11798,TD3
1579,BEng Mechanical Engineering,GE1401,PHY1101,11832,CA1
1579,BEng Mechanical Engineering,GE1401,PHY1101,11835,TA1
1579,BEng Mechanical Engineering,GE1401,MNE2066,11846,C01
1579,BEng Mechanical Engineering,GE1401,MNE2116,12798,C01
1579,BEng Mechanical Engineering,GE1401,MNE2116,12823,L02
1580,BEng Mechanical Engineering,GE1401,GE1401,10704,T29
1580,BEng Mechanical Engineering,GE1401,MA1200,11788,CC1
1580,BEng Mechanical Engineering,GE1401,MA1200,11795,TC3
1580,BEng Mechanical Engineering,GE1401,PHY1101,11832,CA1
1580,BEng Mechanical Engineering,GE1401,PHY1101,11835,TA1
1580,BEng Mechanical Engineering,GE1401,MNE2066,11846,C01
1580,BEng Mechanical Engineering,GE1401,MNE2116,12798,C01
1580,BEng Mechanical Engineering,GE1401,MNE2116,12823,L02
1581,BEng Mechanical Engineering,LC0200A,LC0200A,10863,T03
1581,BEng Mechanical Engineering,LC0200A,MA1200,11787,CA1
1581,BEng Mechanical Engineering,LC0200A,MA1200,11790,TA1
1581,BEng Mechanical Engineering,LC0200A,PHY1101,11832,CA1
1581,BEng Mechanical Engineering,LC0200A,PHY1101,11835,TA1
1581,BEng Mechanical Engineering,LC0200A,MNE2066,11846,C01
1581,BEng Mechanical Engineering,LC0200A,MNE2116,12798,C01
1581,BEng Mechanical Engineering,LC0200A,MNE2116,14946,L03
1582,BEng Mechanical Engineering,LC0200A,LC0200A,10863,T03
1582,BEng Mechanical Engineering,LC0200A,MA1200,11787,CA1
1582,BEng Mechanical Engineering,LC0200A,MA1200,11790,TA1
1582,BEng Mechanical Engineering,LC0200A,PHY1101,11832,CA1
1582,BEng Mechanical Engineering,LC0200A,PHY1101,11835,TA1
1582,BEng Mechanical Engineering,LC0200A,MNE2066,11846,C01
1582,BEng Mechanical Engineering,LC0200A,MNE2116,12798,C01
1582,BEng Mechanical Engineering,LC0200A,MNE2116,14946,L03
1583,BEng Mechanical Engineering,LC0200A,LC0200A,11170,T32
1583,BEng Mechanical Engineering,LC0200A,MA1200,11789,CD1
1583,BEng Mechanical Engineering,LC0200A,MA1200,11796,TD1
1583,BEng Mechanical Engineering,LC0200A,PHY1101,11832,CA1
1583,BEng Mechanical Engineering,LC0200A,PHY1101,11835,TA1
1583,BEng Mechanical Engineering,LC0200A,MNE2066,11846,C01
1583,BEng Mechanical Engineering,LC0200A,MNE2116,14945,LA2
1583,BEng Mechanical Engineering,LC0200A,MNE2116,15622,CA1
1584,BEng Mechanical Engineering,LC0200A,MA1200,11788,CC1
1584,BEng Mechanical Engineering,LC0200A,MA1200,11795,TC3
1584,BEng Mechanical Engineering,LC0200A,PHY1101,11832,CA1
1584,BEng Mechanical Engineering,LC0200A,PHY1101,11835,TA1
1584,BEng Mechanical Engineering,LC0200A,MNE2066,11846,C01
1584,BEng Mechanical Engineering,LC0200A,LC0200A,12333,T40
1584,BEng Mechanical Engineering,LC0200A,MNE2116,13686,LA1
1584,BEng Mechanical Engineering,LC0200A,MNE2116,15622,CA1
1585,BEng Mechanical Engineering,LC0200A,LC0200A,10863,T03
1585,BEng Mechanical Engineering,LC0200A,MA1200,11787,CA1
1585,BEng Mechanical Engineering,LC0200A,MA1200,11790,TA1
1585,BEng Mechanical Engineering,LC0200A,PHY1101,11832,CA1
1585,BEng Mechanical Engineering,LC0200A,PHY1101,11835,TA1
1585,BEng Mechanical Engineering,LC0200A,MNE2066,11846,C01
1585,BEng Mechanical Engineering,LC0200A,MNE2116,12798,C01
1585,BEng Mechanical Engineering,LC0200A,MNE2116,14946,L03
1586,BEng Mechanical Engineering,LC0200A,LC0200A,10883,T14
1586,BEng Mechanical Engineering,LC0200A,MA1200,11788,CC1
1586,BEng Mechanical Engineering,LC0200A,MA1200,11795,TC3
1586,BEng Mechanical Engineering,LC0200A,PHY1101,11832,CA1
1586,BEng Mechanical Engineering,LC0200A,PHY1101,11835,TA1
1586,BEng Mechanical Engineering,LC0200A,MNE2066,11846,C01
1586,BEng Mechanical Engineering,LC0200A,MNE2116,12798,C01
1586,BEng Mechanical Engineering,LC0200A,MNE2116,12823,L02
1587,BEng Mechanical Engineering,LC0200A,MA1200,11787,CA1
1587,BEng Mechanical Engineering,LC0200A,MA1200,11792,TA3
1587,BEng Mechanical Engineering,LC0200A,PHY1101,11832,CA1
1587,BEng Mechanical Engineering,LC0200A,PHY1101,11835,TA1
1587,BEng Mechanical Engineering,LC0200A,MNE2066,11846,C01
1587,BEng Mechanical Engineering,LC0200A,LC0200A,12333,T40
1587,BEng Mechanical Engineering,LC0200A,MNE2116,13686,LA1
1587,BEng Mechanical Engineering,LC0200A,MNE2116,15622,CA1
1588,BEng Mechanical Engineering,LC0200A,MA1200,11787,CA1
1588,BEng Mechanical Engineering,LC0200A,MA1200,11792,TA3
1588,BEng Mechanical Engineering,LC0200A,PHY1101,11833,CB1
1588,BEng Mechanical Engineering,LC0200A,PHY1101,11836,TB1
1588,BEng Mechanical Engineering,LC0200A,MNE2066,11846,C01
1588,BEng Mechanical Engineering,LC0200A,LC0200A,12333,T40
1588,BEng Mechanical Engineering,LC0200A,MNE2116,13686,LA1
1588,BEng Mechanical Engineering,LC0200A,MNE2116,15622,CA1
1589,BEng Mechanical Engineering,LC0200A,MA1200,11787,CA1
1589,BEng Mechanical Engineering,LC0200A,MA1200,11792,TA3
1589,BEng Mechanical Engineering,LC0200A,PHY1101,11832,CA1
1589,BEng Mechanical Engineering,LC0200A,PHY1101,11835,TA1
1589,BEng Mechanical Engineering,LC0200A,MNE2066,11846,C01
1589,BEng Mechanical Engineering,LC0200A,LC0200A,12333,T40
1589,BEng Mechanical Engineering,LC0200A,MNE2116,13686,LA1
1589,BEng Mechanical Engineering,LC0200A,MNE2116,15622,CA1
1590,BEng Mechanical Engineering,LC0200A,LC0200A,10863,T03
1590,BEng Mechanical Engineering,LC0200A,MA1200,11787,CA1
1590,BEng Mechanical Engineering,LC0200A,MA1200,11790,TA1
1590,BEng Mechanical Engineering,LC0200A,PHY1101,11832,CA1
1590,BEng Mechanical Engineering,LC0200A,PHY1101,11835,TA1
1590,BEng Mechanical Engineering,LC0200A,MNE2066,11846,C01
1590,BEng Mechanical Engineering,LC0200A,MNE2116,12798,C01
1590,BEng Mechanical Engineering,LC0200A,MNE2116,14946,L03
1591,BEng Mechanical Engineering,LC0200A,LC0200A,10883,T14
1591,BEng Mechanical Engineering,LC0200A,MA1200,11788,CC1
1591,BEng Mechanical Engineering,LC0200A,MA1200,11795,TC3
1591,BEng Mechanical Engineering,LC0200A,PHY1101,11832,CA1
1591,BEng Mechanical Engineering,LC0200A,PHY1101,11835,TA1
1591,BEng Mechanical Engineering,LC0200A,MNE2066,11846,C01
1591,BEng Mechanical Engineering,LC0200A,MNE2116,12798,C01
1591,BEng Mechanical Engineering,LC0200A,MNE2116,12823,L02
1592,BEng Mechanical Engineering,LC0200A,LC0200A,10883,T14
1592,BEng Mechanical Engineering,LC0200A,MA1200,11788,CC1
1592,BEng Mechanical Engineering,LC0200A,MA1200,11795,TC3
1592,BEng Mechanical Engineering,LC0200A,PHY1101,11832,CA1
1592,BEng Mechanical Engineering,LC0200A,PHY1101,11835,TA1
1592,BEng Mechanical Engineering,LC0200A,MNE2066,11846,C01
1592,BEng Mechanical Engineering,LC0200A,MNE2116,12798,C01
1592,BEng Mechanical Engineering,LC0200A,MNE2116,12823,L02
1593,BEng Mechanical Engineering,LC0200A,MA1200,11787,CA1
1593,BEng Mechanical Engineering,LC0200A,MA1200,11792,TA3
1593,BEng Mechanical Engineering,LC0200A,PHY1101,11832,CA1
1593,BEng Mechanical Engineering,LC0200A,PHY1101,11835,TA1
1593,BEng Mechanical Engineering,LC0200A,MNE2066,11846,C01
1593,BEng Mechanical Engineering,LC0200A,LC0200A,12333,T40
1593,BEng Mechanical Engineering,LC0200A,MNE2116,13686,LA1
1593,BEng Mechanical Engineering,LC0200A,MNE2116,15622,CA1
1594,BEng Mechanical Engineering,LC0200A,LC0200A,10887,T19
1594,BEng Mechanical Engineering,LC0200A,MA1200,11784,CF1
1594,BEng Mechanical Engineering,LC0200A,MA1200,11803,TF2
1594,BEng Mechanical Engineering,LC0200A,PHY1101,11832,CA1
1594,BEng Mechanical Engineering,LC0200A,PHY1101,11835,TA1
1594,BEng Mechanical Engineering,LC0200A,MNE2066,11846,C01
1594,BEng Mechanical Engineering,LC0200A,MNE2116,12798,C01
1594,BEng Mechanical Engineering,LC0200A,MNE2116,13073,L04
1595,BEng Mechanical Engineering,LC0200A,MA1200,11788,CC1
1595,BEng Mechanical Engineering,LC0200A,MA1200,11795,TC3
1595,BEng Mechanical Engineering,LC0200A,PHY1101,11832,CA1
1595,BEng Mechanical Engineering,LC0200A,PHY1101,11835,TA1
1595,BEng Mechanical Engineering,LC0200A,MNE2066,11846,C01
1595,BEng Mechanical Engineering,LC0200A,LC0200A,12333,T40
1595,BEng Mechanical Engineering,LC0200A,MNE2116,13686,LA1
1595,BEng Mechanical Engineering,LC0200A,MNE2116,15622,CA1
1596,BEng Mechanical Engineering,LC0200A,MA1200,11789,CD1
1596,BEng Mechanical Engineering,LC0200A,MA1200,11796,TD1
1596,BEng Mechanical Engineering,LC0200A,PHY1101,11832,CA1
1596,BEng Mechanical Engineering,LC0200A,PHY1101,11835,TA1
1596,BEng Mechanical Engineering,LC0200A,MNE2066,11846,C01
1596,BEng Mechanical Engineering,LC0200A,LC0200A,12320,T38
1596,BEng Mechanical Engineering,LC0200A,MNE2116,14945,LA2
1596,BEng Mechanical Engineering,LC0200A,MNE2116,15622,CA1
1597,BEng Mechanical Engineering,LC0200A,LC0200A,11170,T32
1597,BEng Mechanical Engineering,LC0200A,MA1200,11789,CD1
1597,BEng Mechanical Engineering,LC0200A,MA1200,11796,TD1
1597,BEng Mechanical Engineering,LC0200A,PHY1101,11832,CA1
1597,BEng Mechanical Engineering,LC0200A,PHY1101,11835,TA1
1597,BEng Mechanical Engineering,LC0200A,MNE2066,11846,C01
1597,BEng Mechanical Engineering,LC0200A,MNE2116,14945,LA2
1597,BEng Mechanical Engineering,LC0200A,MNE2116,15622,CA1
1598,BEng Aerospace Engineering,GE1401,GE1401,10704,T29
1598,BEng Aerospace Engineering,GE1401,MA1200,11788,CC1
1598,BEng Aerospace Engineering,GE1401,MA1200,11795,TC3
1598,BEng Aerospace Engineering,GE1401,PHY1101,11832,CA1
1598,BEng Aerospace Engineering,GE1401,PHY1101,11835,TA1
1598,BEng Aerospace Engineering,GE1401,MNE2066,11846,C01
1598,BEng Aerospace Engineering,GE1401,MNE2116,12798,C01
1598,BEng Aerospace Engineering,GE1401,MNE2116,12823,L02
1599,BEng Aerospace Engineering,GE1401,MA1200,11788,CC1
1599,BEng Aerospace Engineering,GE1401,MA1200,11793,TC1
1599,BEng Aerospace Engineering,GE1401,PHY1101,11832,CA1
1599,BEng Aerospace Engineering,GE1401,PHY1101,11835,TA1
1599,BEng Aerospace Engineering,GE1401,MNE2066,11846,C01
1599,BEng Aerospace Engineering,GE1401,GE1401,13572,TB1
1599,BEng Aerospace Engineering,GE1401,MNE2116,14945,LA2
1599,BEng Aerospace Engineering,GE1401,MNE2116,15622,CA1
1600,BEng Aerospace Engineering,GE1401,GE1401,10704,T29
1600,BEng Aerospace Engineering,GE1401,MA1200,11789,CD1
1600,BEng Aerospace Engineering,GE1401,MA1200,11798,TD3
1600,BEng Aerospace Engineering,GE1401,PHY1101,11832,CA1
1600,BEng Aerospace Engineering,GE1401,PHY1101,11835,TA1
1600,BEng Aerospace Engineering,GE1401,MNE2066,11846,C01
1600,BEng Aerospace Engineering,GE1401,MNE2116,12798,C01
1600,BEng Aerospace Engineering,GE1401,MNE2116,12823,L02
1601,BEng Aerospace Engineering,GE1401,GE1401,10683,T06
1601,BEng Aerospace Engineering,GE1401,MA1200,11787,CA1
1601,BEng Aerospace Engineering,GE1401,MA1200,11792,TA3
1601,BEng Aerospace Engineering,GE1401,PHY1101,11832,CA1
1601,BEng Aerospace Engineering,GE1401,PHY1101,11835,TA1
1601,BEng Aerospace Engineering,GE1401,MNE2066,11846,C01
1601,BEng Aerospace Engineering,GE1401,MNE2116,12798,C01
1601,BEng Aerospace Engineering,GE1401,MNE2116,12823,L02
1602,BEng Aerospace Engineering,GE1401,MA1200,11788,CC1
1602,BEng Aerospace Engineering,GE1401,MA1200,11793,TC1
1602,BEng Aerospace Engineering,GE1401,PHY1101,11832,CA1
1602,BEng Aerospace Engineering,GE1401,PHY1101,11835,TA1
1602,BEng Aerospace Engineering,GE1401,MNE2066,11846,C01
1602,BEng Aerospace Engineering,GE1401,GE1401,13572,TB1
1602,BEng Aerospace Engineering,GE1401,MNE2116,14945,LA2
1602,BEng Aerospace Engineering,GE1401,MNE2116,15622,CA1
1603,BEng Aerospace Engineering,GE1401,GE1401,10693,T16
1603,BEng Aerospace Engineering,GE1401,MA1200,11788,CC1
1603,BEng Aerospace Engineering,GE1401,MA1200,11795,TC3
1603,BEng Aerospace Engineering,GE1401,PHY1101,11832,CA1
1603,BEng Aerospace Engineering,GE1401,PHY1101,11835,TA1
1603,BEng Aerospace Engineering,GE1401,MNE2066,11846,C01
1603,BEng Aerospace Engineering,GE1401,MNE2116,12798,C01
1603,BEng Aerospace Engineering,GE1401,MNE2116,12823,L02
1604,BEng Aerospace Engineering,GE1401,GE1401,10717,T48
1604,BEng Aerospace Engineering,GE1401,MA1200,11784,CF1
1604,BEng Aerospace Engineering,GE1401,MA1200,11803,TF2
1604,BEng Aerospace Engineering,GE1401,PHY1101,11832,CA1
1604,BEng Aerospace Engineering,GE1401,PHY1101,11835,TA1
1604,BEng Aerospace Engineering,GE1401,MNE2066,11846,C01
1604,BEng Aerospace Engineering,GE1401,MNE2116,14945,LA2
1604,BEng Aerospace Engineering,GE1401,MNE2116,15622,CA1
1605,BEng Aerospace Engineering,GE1401,GE1401,11495,T77
1605,BEng Aerospace Engineering,GE1401,MA1200,11784,CF1
1605,BEng Aerospace Engineering,GE1401,MA1200,11803,TF2
1605,BEng Aerospace Engineering,GE1401,PHY1101,11832,CA1
1605,BEng Aerospace Engineering,GE1401,PHY1101,11835,TA1
1605,BEng Aerospace Engineering,GE1401,MNE2066,11846,C01
1605,BEng Aerospace Engineering,GE1401,MNE2116,12798,C01
1605,BEng Aerospace Engineering,GE1401,MNE2116,13073,L04
1606,BEng Aerospace Engineering,GE1401,MA1200,11787,CA1
1606,BEng Aerospace Engineering,GE1401,MA1200,11790,TA1
1606,BEng Aerospace Engineering,GE1401,PHY1101,11832,CA1
1606,BEng Aerospace Engineering,GE1401,PHY1101,11835,TA1
1606,BEng Aerospace Engineering,GE1401,MNE2066,11846,C01
1606,BEng Aerospace Engineering,GE1401,MNE2116,12798,C01
1606,BEng Aerospace Engineering,GE1401,MNE2116,14946,L03
1606,BEng Aerospace Engineering,GE1401,GE1401,15206,TC6
1607,BEng Aerospace Engineering,GE1401,MA1200,11784,CF1
1607,BEng Aerospace Engineering,GE1401,MA1200,11803,TF2
1607,BEng Aerospace Engineering,GE1401,PHY1101,11832,CA1
1607,BEng Aerospace Engineering,GE1401,PHY1101,11835,TA1
1607,BEng Aerospace Engineering,GE1401,MNE2066,11846,C01
1607,BEng Aerospace Engineering,GE1401,GE1401,12733,T62
1607,BEng Aerospace Engineering,GE1401,MNE2116,12798,C01
1607,BEng Aerospace Engineering,GE1401,MNE2116,13073,L04
1608,BEng Aerospace Engineering,GE1401,GE1401,10693,T16
1608,BEng Aerospace Engineering,GE1401,MA1200,11787,CA1
1608,BEng Aerospace Engineering,GE1401,MA1200,11792,TA3
1608,BEng Aerospace Engineering,GE1401,PHY1101,11832,CA1
1608,BEng Aerospace Engineering,GE1401,PHY1101,11835,TA1
1608,BEng Aerospace Engineering,GE1401,MNE2066,11846,C01
1608,BEng Aerospace Engineering,GE1401,MNE2116,12798,C01
1608,BEng Aerospace Engineering,GE1401,MNE2116,12823,L02
1609,BEng Aerospace Engineering,GE1401,GE1401,10693,T16
1609,BEng Aerospace Engineering,GE1401,MA1200,11788,CC1
1609,BEng Aerospace Engineering,GE1401,MA1200,11795,TC3
1609,BEng Aerospace Engineering,GE1401,PHY1101,11832,CA1
1609,BEng Aerospace Engineering,GE1401,PHY1101,11835,TA1
1609,BEng Aerospace Engineering,GE1401,MNE2066,11846,C01
1609,BEng Aerospace Engineering,GE1401,MNE2116,12798,C01
1609,BEng Aerospace Engineering,GE1401,MNE2116,12823,L02
1610,BEng Aerospace Engineering,GE1401,MA1200,11785,CG1
1610,BEng Aerospace Engineering,GE1401,MA1200,11806,TG2
1610,BEng Aerospace Engineering,GE1401,PHY1101,11832,CA1
1610,BEng Aerospace Engineering,GE1401,PHY1101,11835,TA1
1610,BEng Aerospace Engineering,GE1401,MNE2066,11846,C01
1610,BEng Aerospace Engineering,GE1401,GE1401,13568,T96
1610,BEng Aerospace Engineering,GE1401,MNE2116,14945,LA2
1610,BEng Aerospace Engineering,GE1401,MNE2116,15622,CA1
1611,BEng Aerospace Engineering,GE1401,MA1200,11785,CG1
1611,BEng Aerospace Engineering,GE1401,MA1200,11806,TG2
1611,BEng Aerospace Engineering,GE1401,PHY1101,11832,CA1
1611,BEng Aerospace Engineering,GE1401,PHY1101,11835,TA1
1611,BEng Aerospace Engineering,GE1401,MNE2066,11846,C01
1611,BEng Aerospace Engineering,GE1401,GE1401,13568,T96
1611,BEng Aerospace Engineering,GE1401,MNE2116,14945,LA2
1611,BEng Aerospace Engineering,GE1401,MNE2116,15622,CA1
1612,BEng Aerospace Engineering,GE1401,MA1200,11785,CG1
1612,BEng Aerospace Engineering,GE1401,MA1200,11806,TG2
1612,BEng Aerospace Engineering,GE1401,PHY1101,11832,CA1
1612,BEng Aerospace Engineering,GE1401,PHY1101,11835,TA1
1612,BEng Aerospace Engineering,GE1401,MNE2066,11846,C01
1612,BEng Aerospace Engineering,GE1401,GE1401,13568,T96
1612,BEng Aerospace Engineering,GE1401,MNE2116,14945,LA2
1612,BEng Aerospace Engineering,GE1401,MNE2116,15622,CA1
1613,BEng Aerospace Engineering,GE1401,MA1200,11784,CF1
1613,BEng Aerospace Engineering,GE1401,MA1200,11803,TF2
1613,BEng Aerospace Engineering,GE1401,PHY1101,11832,CA1
1613,BEng Aerospace Engineering,GE1401,PHY1101,11835,TA1
1613,BEng Aerospace Engineering,GE1401,MNE2066,11846,C01
1613,BEng Aerospace Engineering,GE1401,GE1401,12733,T62
1613,BEng Aerospace Engineering,GE1401,MNE2116,12798,C01
1613,BEng Aerospace Engineering,GE1401,MNE2116,13073,L04
1614,BEng Aerospace Engineering,GE1401,GE1401,10683,T06
1614,BEng Aerospace Engineering,GE1401,MA1200,11787,CA1
1614,BEng Aerospace Engineering,GE1401,MA1200,11792,TA3
1614,BEng Aerospace Engineering,GE1401,PHY1101,11832,CA1
1614,BEng Aerospace Engineering,GE1401,PHY1101,11835,TA1
1614,BEng Aerospace Engineering,GE1401,MNE2066,11846,C01
1614,BEng Aerospace Engineering,GE1401,MNE2116,12798,C01
1614,BEng Aerospace Engineering,GE1401,MNE2116,12823,L02
1615,BEng Aerospace Engineering,GE1401,GE1401,10704,T29
1615,BEng Aerospace Engineering,GE1401,MA1200,11788,CC1
1615,BEng Aerospace Engineering,GE1401,MA1200,11795,TC3
1615,BEng Aerospace Engineering,GE1401,PHY1101,11832,CA1
1615,BEng Aerospace Engineering,GE1401,PHY1101,11835,TA1
1615,BEng Aerospace Engineering,GE1401,MNE2066,11846,C01
1615,BEng Aerospace Engineering,GE1401,MNE2116,12798,C01
1615,BEng Aerospace Engineering,GE1401,MNE2116,12823,L02
1616,BEng Aerospace Engineering,GE1401,GE1401,10693,T16
1616,BEng Aerospace Engineering,GE1401,MA1200,11788,CC1
1616,BEng Aerospace Engineering,GE1401,MA1200,11795,TC3
1616,BEng Aerospace Engineering,GE1401,PHY1101,11832,CA1
1616,BEng Aerospace Engineering,GE1401,PHY1101,11835,TA1
1616,BEng Aerospace Engineering,GE1401,MNE2066,11846,C01
1616,BEng Aerospace Engineering,GE1401,MNE2116,12798,C01
1616,BEng Aerospace Engineering,GE1401,MNE2116,12823,L02
1617,BEng Aerospace Engineering,GE1401,MA1200,11785,CG1
1617,BEng Aerospace Engineering,GE1401,MA1200,11806,TG2
1617,BEng Aerospace Engineering,GE1401,PHY1101,11832,CA1
1617,BEng Aerospace Engineering,GE1401,PHY1101,11835,TA1
1617,BEng Aerospace Engineering,GE1401,MNE2066,11846,C01
1617,BEng Aerospace Engineering,GE1401,GE1401,13573,TB2
1617,BEng Aerospace Engineering,GE1401,MNE2116,14945,LA2
1617,BEng Aerospace Engineering,GE1401,MNE2116,15622,CA1
1618,BEng Aerospace Engineering,GE1401,GE1401,10693,T16
1618,BEng Aerospace Engineering,GE1401,MA1200,11788,CC1
1618,BEng Aerospace Engineering,GE1401,MA1200,11795,TC3
1618,BEng Aerospace Engineering,GE1401,PHY1101,11832,CA1
1618,BEng Aerospace Engineering,GE1401,PHY1101,11835,TA1
1618,BEng Aerospace Engineering,GE1401,MNE2066,11846,C01
1618,BEng Aerospace Engineering,GE1401,MNE2116,12798,C01
1618,BEng Aerospace Engineering,GE1401,MNE2116,12823,L02
1619,BEng Aerospace Engineering,GE1401,GE1401,10704,T29
1619,BEng Aerospace Engineering,GE1401,MA1200,11789,CD1
1619,BEng Aerospace Engineering,GE1401,MA1200,11798,TD3
1619,BEng Aerospace Engineering,GE1401,PHY1101,11832,CA1
1619,BEng Aerospace Engineering,GE1401,PHY1101,11835,TA1
1619,BEng Aerospace Engineering,GE1401,MNE2066,11846,C01
1619,BEng Aerospace Engineering,GE1401,MNE2116,12798,C01
1619,BEng Aerospace Engineering,GE1401,MNE2116,12823,L02
1620,BEng Aerospace Engineering,GE1401,MA1200,11788,CC1
1620,BEng Aerospace Engineering,GE1401,MA1200,11793,TC1
1620,BEng Aerospace Engineering,GE1401,PHY1101,11832,CA1
1620,BEng Aerospace Engineering,GE1401,PHY1101,11835,TA1
1620,BEng Aerospace Engineering,GE1401,MNE2066,11846,C01
1620,BEng Aerospace Engineering,GE1401,GE1401,13572,TB1
1620,BEng Aerospace Engineering,GE1401,MNE2116,14945,LA2
1620,BEng Aerospace Engineering,GE1401,MNE2116,15622,CA1
1621,BEng Aerospace Engineering,GE1401,GE1401,10704,T29
1621,BEng Aerospace Engineering,GE1401,MA1200,11788,CC1
1621,BEng Aerospace Engineering,GE1401,MA1200,11795,TC3
1621,BEng Aerospace Engineering,GE1401,PHY1101,11832,CA1
1621,BEng Aerospace Engineering,GE1401,PHY1101,11835,TA1
1621,BEng Aerospace Engineering,GE1401,MNE2066,11846,C01
1621,BEng Aerospace Engineering,GE1401,MNE2116,12798,C01
1621,BEng Aerospace Engineering,GE1401,MNE2116,12823,L02
1622,BEng Aerospace Engineering,GE1401,GE1401,10683,T06
1622,BEng Aerospace Engineering,GE1401,MA1200,11787,CA1
1622,BEng Aerospace Engineering,GE1401,MA1200,11792,TA3
1622,BEng Aerospace Engineering,GE1401,PHY1101,11832,CA1
1622,BEng Aerospace Engineering,GE1401,PHY1101,11835,TA1
1622,BEng Aerospace Engineering,GE1401,MNE2066,11846,C01
1622,BEng Aerospace Engineering,GE1401,MNE2116,12798,C01
1622,BEng Aerospace Engineering,GE1401,MNE2116,12823,L02
1623,BEng Aerospace Engineering,GE1401,GE1401,10693,T16
1623,BEng Aerospace Engineering,GE1401,MA1200,11788,CC1
1623,BEng Aerospace Engineering,GE1401,MA1200,11795,TC3
1623,BEng Aerospace Engineering,GE1401,PHY1101,11832,CA1
1623,BEng Aerospace Engineering,GE1401,PHY1101,11835,TA1
1623,BEng Aerospace Engineering,GE1401,MNE2066,11846,C01
1623,BEng Aerospace Engineering,GE1401,MNE2116,12798,C01
1623,BEng Aerospace Engineering,GE1401,MNE2116,12823,L02
1624,BEng Aerospace Engineering,LC0200A,MA1200,11788,CC1
1624,BEng Aerospace Engineering,LC0200A,MA1200,11795,TC3
1624,BEng Aerospace Engineering,LC0200A,PHY1101,11832,CA1
1624,BEng Aerospace Engineering,LC0200A,PHY1101,11835,TA1
1624,BEng Aerospace Engineering,LC0200A,MNE2066,11846,C01
1624,BEng Aerospace Engineering,LC0200A,LC0200A,12333,T40
1624,BEng Aerospace Engineering,LC0200A,MNE2116,13686,LA1
1624,BEng Aerospace Engineering,LC0200A,MNE2116,15622,CA1
1625,BEng Aerospace Engineering,LC0200A,LC0200A,11170,T32
1625,BEng Aerospace Engineering,LC0200A,MA1200,11787,CA1
1625,BEng Aerospace Engineering,LC0200A,MA1200,11790,TA1
1625,BEng Aerospace Engineering,LC0200A,PHY1101,11832,CA1
1625,BEng Aerospace Engineering,LC0200A,PHY1101,11835,TA1
1625,BEng Aerospace Engineering,LC0200A,MNE2066,11846,C01
1625,BEng Aerospace Engineering,LC0200A,MNE2116,12798,C01
1625,BEng Aerospace Engineering,LC0200A,MNE2116,13073,L04
1626,BEng Aerospace Engineering,LC0200A,LC0200A,10879,T10
1626,BEng Aerospace Engineering,LC0200A,MA1200,11784,CF1
1626,BEng Aerospace Engineering,LC0200A,MA1200,11803,TF2
1626,BEng Aerospace Engineering,LC0200A,PHY1101,11832,CA1
1626,BEng Aerospace Engineering,LC0200A,PHY1101,11835,TA1
1626,BEng Aerospace Engineering,LC0200A,MNE2066,11846,C01
1626,BEng Aerospace Engineering,LC0200A,MNE2116,14945,LA2
1626,BEng Aerospace Engineering,LC0200A,MNE2116,15622,CA1
1627,BEng Aerospace Engineering,LC0200A,LC0200A,11170,T32
1627,BEng Aerospace Engineering,LC0200A,MA1200,11789,CD1
1627,BEng Aerospace Engineering,LC0200A,MA1200,11796,TD1
1627,BEng Aerospace Engineering,LC0200A,PHY1101,11832,CA1
1627,BEng Aerospace Engineering,LC0200A,PHY1101,11835,TA1
1627,BEng Aerospace Engineering,LC0200A,MNE2066,11846,C01
1627,BEng Aerospace Engineering,LC0200A,MNE2116,14945,LA2
1627,BEng Aerospace Engineering,LC0200A,MNE2116,15622,CA1
1628,BEng Aerospace Engineering,LC0200A,MA1200,11788,CC1
1628,BEng Aerospace Engineering,LC0200A,MA1200,11795,TC3
1628,BEng Aerospace Engineering,LC0200A,PHY1101,11832,CA1
1628,BEng Aerospace Engineering,LC0200A,PHY1101,11835,TA1
1628,BEng Aerospace Engineering,LC0200A,MNE2066,11846,C01
1628,BEng Aerospace Engineering,LC0200A,LC0200A,12333,T40
1628,BEng Aerospace Engineering,LC0200A,MNE2116,13686,LA1
1628,BEng Aerospace Engineering,LC0200A,MNE2116,15622,CA1
1629,BEng Aerospace Engineering,LC0200A,LC0200A,11170,T32
1629,BEng Aerospace Engineering,LC0200A,MA1200,11788,CC1
1629,BEng Aerospace Engineering,LC0200A,MA1200,11793,TC1
1629,BEng Aerospace Engineering,LC0200A,PHY1101,11832,CA1
1629,BEng Aerospace Engineering,LC0200A,PHY1101,11835,TA1
1629,BEng Aerospace Engineering,LC0200A,MNE2066,11846,C01
1629,BEng Aerospace Engineering,LC0200A,MNE2116,14945,LA2
1629,BEng Aerospace Engineering,LC0200A,MNE2116,15622,CA1
1630,BEng Aerospace Engineering,LC0200A,LC0200A,10889,T21
1630,BEng Aerospace Engineering,LC0200A,MA1200,11787,CA1
1630,BEng Aerospace Engineering,LC0200A,MA1200,11790,TA1
1630,BEng Aerospace Engineering,LC0200A,PHY1101,11832,CA1
1630,BEng Aerospace Engineering,LC0200A,PHY1101,11835,TA1
1630,BEng Aerospace Engineering,LC0200A,MNE2066,11846,C01
1630,BEng Aerospace Engineering,LC0200A,MNE2116,12798,C01
1630,BEng Aerospace Engineering,LC0200A,MNE2116,14946,L03
1631,BEng Aerospace Engineering,LC0200A,MA1200,11788,CC1
1631,BEng Aerospace Engineering,LC0200A,MA1200,11795,TC3
1631,BEng Aerospace Engineering,LC0200A,PHY1101,11832,CA1
1631,BEng Aerospace Engineering,LC0200A,PHY1101,11835,TA1
1631,BEng Aerospace Engineering,LC0200A,MNE2066,11846,C01
1631,BEng Aerospace Engineering,LC0200A,LC0200A,12333,T40
1631,BEng Aerospace Engineering,LC0200A,MNE2116,13686,LA1
1631,BEng Aerospace Engineering,LC0200A,MNE2116,15622,CA1
1632,BEng Aerospace Engineering,LC0200A,LC0200A,11170,T32
1632,BEng Aerospace Engineering,LC0200A,MA1200,11788,CC1
1632,BEng Aerospace Engineering,LC0200A,MA1200,11793,TC1
1632,BEng Aerospace Engineering,LC0200A,PHY1101,11832,CA1
1632,BEng Aerospace Engineering,LC0200A,PHY1101,11835,TA1
1632,BEng Aerospace Engineering,LC0200A,MNE2066,11846,C01
1632,BEng Aerospace Engineering,LC0200A,MNE2116,14945,LA2
1632,BEng Aerospace Engineering,LC0200A,MNE2116,15622,CA1
1633,BEng Aerospace Engineering,LC0200A,LC0200A,11170,T32
1633,BEng Aerospace Engineering,LC0200A,MA1200,11787,CA1
1633,BEng Aerospace Engineering,LC0200A,MA1200,11790,TA1
1633,BEng Aerospace Engineering,LC0200A,PHY1101,11832,CA1
1633,BEng Aerospace Engineering,LC0200A,PHY1101,11835,TA1
1633,BEng Aerospace Engineering,LC0200A,MNE2066,11846,C01
1633,BEng Aerospace Engineering,LC0200A,MNE2116,12798,C01
1633,BEng Aerospace Engineering,LC0200A,MNE2116,13073,L04
1634,BEng Aerospace Engineering,LC0200A,LC0200A,10889,T21
1634,BEng Aerospace Engineering,LC0200A,MA1200,11787,CA1
1634,BEng Aerospace Engineering,LC0200A,MA1200,11790,TA1
1634,BEng Aerospace Engineering,LC0200A,PHY1101,11832,CA1
1634,BEng Aerospace Engineering,LC0200A,PHY1101,11835,TA1
1634,BEng Aerospace Engineering,LC0200A,MNE2066,11846,C01
1634,BEng Aerospace Engineering,LC0200A,MNE2116,12798,C01
1634,BEng Aerospace Engineering,LC0200A,MNE2116,14946,L03
1635,BEng Nuclear and Risk Engineering,GE1401,GE1401,11506,T78
1635,BEng Nuclear and Risk Engineering,GE1401,MA1200,11788,CC1
1635,BEng Nuclear and Risk Engineering,GE1401,MA1200,11793,TC1
1635,BEng Nuclear and Risk Engineering,GE1401,PHY1101,11832,CA1
1635,BEng Nuclear and Risk Engineering,GE1401,PHY1101,11835,TA1
1635,BEng Nuclear and Risk Engineering,GE1401,MNE2066,11846,C01
1635,BEng Nuclear and Risk Engineering,GE1401,MNE2116,12798,C01
1635,BEng Nuclear and Risk Engineering,GE1401,MNE2116,14946,L03
1636,BEng Nuclear and Risk Engineering,GE1401,GE1401,10729,T63
1636,BEng Nuclear and Risk Engineering,GE1401,MA1200,11787,CA1
1636,BEng Nuclear and Risk Engineering,GE1401,MA1200,11790,TA1
1636,BEng Nuclear and Risk Engineering,GE1401,PHY1101,11832,CA1
1636,BEng Nuclear and Risk Engineering,GE1401,PHY1101,11835,TA1
1636,BEng Nuclear and Risk Engineering,GE1401,MNE2066,11846,C01
1636,BEng Nuclear and Risk Engineering,GE1401,MNE2116,12798,C01
1636,BEng Nuclear and Risk Engineering,GE1401,MNE2116,14946,L03
1637,BEng Nuclear and Risk Engineering,GE1401,MA1200,11784,CF1
1637,BEng Nuclear and Risk Engineering,GE1401,MA1200,11803,TF2
1637,BEng Nuclear and Risk Engineering,GE1401,PHY1101,11832,CA1
1637,BEng Nuclear and Risk Engineering,GE1401,PHY1101,11835,TA1
1637,BEng Nuclear and Risk Engineering,GE1401,MNE2066,11846,C01
1637,BEng Nuclear and Risk Engineering,GE1401,GE1401,12733,T62
1637,BEng Nuclear and Risk Engineering,GE1401,MNE2116,12798,C01
1637,BEng Nuclear and Risk Engineering,GE1401,MNE2116,13073,L04
1638,BEng Nuclear and Risk Engineering,GE1401,GE1401,10704,T29
1638,BEng Nuclear and Risk Engineering,GE1401,MA1200,11789,CD1
1638,BEng Nuclear and Risk Engineering,GE1401,MA1200,11798,TD3
1638,BEng Nuclear and Risk Engineering,GE1401,PHY1101,11832,CA1
1638,BEng Nuclear and Risk Engineering,GE1401,PHY1101,11835,TA1
1638,BEng Nuclear and Risk Engineering,GE1401,MNE2066,11846,C01
1638,BEng Nuclear and Risk Engineering,GE1401,MNE2116,12798,C01
1638,BEng Nuclear and Risk Engineering,GE1401,MNE2116,12823,L02
1639,BEng Nuclear and Risk Engineering,GE1401,GE1401,11506,T78
1639,BEng Nuclear and Risk Engineering,GE1401,MA1200,11787,CA1
1639,BEng Nuclear and Risk Engineering,GE1401,MA1200,11790,TA1
1639,BEng Nuclear and Risk Engineering,GE1401,PHY1101,11832,CA1
1639,BEng Nuclear and Risk Engineering,GE1401,PHY1101,11835,TA1
1639,BEng Nuclear and Risk Engineering,GE1401,MNE2066,11846,C01
1639,BEng Nuclear and Risk Engineering,GE1401,MNE2116,12798,C01
1639,BEng Nuclear and Risk Engineering,GE1401,MNE2116,13073,L04
1640,BEng Nuclear and Risk Engineering,GE1401,GE1401,10683,T06
1640,BEng Nuclear and Risk Engineering,GE1401,MA1200,11787,CA1
1640,BEng Nuclear and Risk Engineering,GE1401,MA1200,11792,TA3
1640,BEng Nuclear and Risk Engineering,GE1401,PHY1101,11832,CA1
1640,BEng Nuclear and Risk Engineering,GE1401,PHY1101,11835,TA1
1640,BEng Nuclear and Risk Engineering,GE1401,MNE2066,11846,C01
1640,BEng Nuclear and Risk Engineering,GE1401,MNE2116,12798,C01
1640,BEng Nuclear and Risk Engineering,GE1401,MNE2116,12823,L02
1641,BEng Nuclear and Risk Engineering,GE1401,MA1200,11784,CF1
1641,BEng Nuclear and Risk Engineering,GE1401,MA1200,11803,TF2
1641,BEng Nuclear and Risk Engineering,GE1401,PHY1101,11832,CA1
1641,BEng Nuclear and Risk Engineering,GE1401,PHY1101,11835,TA1
1641,BEng Nuclear and Risk Engineering,GE1401,MNE2066,11846,C01
1641,BEng Nuclear and Risk Engineering,GE1401,GE1401,12733,T62
1641,BEng Nuclear and Risk Engineering,GE1401,MNE2116,12798,C01
1641,BEng Nuclear and Risk Engineering,GE1401,MNE2116,13073,L04
1642,BEng Nuclear and Risk Engineering,GE1401,MA1200,11788,CC1
1642,BEng Nuclear and Risk Engineering,GE1401,MA1200,11793,TC1
1642,BEng Nuclear and Risk Engineering,GE1401,PHY1101,11832,CA1
1642,BEng Nuclear and Risk Engineering,GE1401,PHY1101,11835,TA1
1642,BEng Nuclear and Risk Engineering,GE1401,MNE2066,11846,C01
1642,BEng Nuclear and Risk Engineering,GE1401,GE1401,13572,TB1
1642,BEng Nuclear and Risk Engineering,GE1401,MNE2116,14945,LA2
1642,BEng Nuclear and Risk Engineering,GE1401,MNE2116,15622,CA1
1643,BEng Nuclear and Risk Engineering,GE1401,GE1401,10693,T16
1643,BEng Nuclear and Risk Engineering,GE1401,MA1200,11788,CC1
1643,BEng Nuclear and Risk Engineering,GE1401,MA1200,11795,TC3
1643,BEng Nuclear and Risk Engineering,GE1401,PHY1101,11832,CA1
1643,BEng Nuclear and Risk Engineering,GE1401,PHY1101,11835,TA1
1643,BEng Nuclear and Risk Engineering,GE1401,MNE2066,11846,C01
1643,BEng Nuclear and Risk Engineering,GE1401,MNE2116,12798,C01
1643,BEng Nuclear and Risk Engineering,GE1401,MNE2116,12823,L02
1644,BEng Nuclear and Risk Engineering,GE1401,MA1200,11787,CA1
1644,BEng Nuclear and Risk Engineering,GE1401,MA1200,11790,TA1
1644,BEng Nuclear and Risk Engineering,GE1401,PHY1101,11832,CA1
1644,BEng Nuclear and Risk Engineering,GE1401,PHY1101,11835,TA1
1644,BEng Nuclear and Risk Engineering,GE1401,MNE2066,11846,C01
1644,BEng Nuclear and Risk Engineering,GE1401,MNE2116,12798,C01
1644,BEng Nuclear and Risk Engineering,GE1401,MNE2116,14946,L03
1644,BEng Nuclear and Risk Engineering,GE1401,GE1401,15206,TC6
1645,BEng Nuclear and Risk Engineering,GE1401,MA1200,11788,CC1
1645,BEng Nuclear and Risk Engineering,GE1401,MA1200,11793,TC1
1645,BEng Nuclear and Risk Engineering,GE1401,PHY1101,11832,CA1
1645,BEng Nuclear and Risk Engineering,GE1401,PHY1101,11835,TA1
1645,BEng Nuclear and Risk Engineering,GE1401,MNE2066,11846,C01
1645,BEng Nuclear and Risk Engineering,GE1401,GE1401,13572,TB1
1645,BEng Nuclear and Risk Engineering,GE1401,MNE2116,14945,LA2
1645,BEng Nuclear and Risk Engineering,GE1401,MNE2116,15622,CA1
1646,BEng Nuclear and Risk Engineering,GE1401,MA1200,11784,CF1
1646,BEng Nuclear and Risk Engineering,GE1401,MA1200,11803,TF2
1646,BEng Nuclear and Risk Engineering,GE1401,PHY1101,11832,CA1
1646,BEng Nuclear and Risk Engineering,GE1401,PHY1101,11835,TA1
1646,BEng Nuclear and Risk Engineering,GE1401,MNE2066,11846,C01
1646,BEng Nuclear and Risk Engineering,GE1401,GE1401,12733,T62
1646,BEng Nuclear and Risk Engineering,GE1401,MNE2116,12798,C01
1646,BEng Nuclear and Risk Engineering,GE1401,MNE2116,13073,L04
1647,BEng Nuclear and Risk Engineering,GE1401,MA1200,11785,CG1
1647,BEng Nuclear and Risk Engineering,GE1401,MA1200,11806,TG2
1647,BEng Nuclear and Risk Engineering,GE1401,PHY1101,11832,CA1
1647,BEng Nuclear and Risk Engineering,GE1401,PHY1101,11835,TA1
1647,BEng Nuclear and Risk Engineering,GE1401,MNE2066,11846,C01
1647,BEng Nuclear and Risk Engineering,GE1401,GE1401,13573,TB2
1647,BEng Nuclear and Risk Engineering,GE1401,MNE2116,14945,LA2
1647,BEng Nuclear and Risk Engineering,GE1401,MNE2116,15622,CA1
1648,BEng Nuclear and Risk Engineering,GE1401,GE1401,10693,T16
1648,BEng Nuclear and Risk Engineering,GE1401,MA1200,11788,CC1
1648,BEng Nuclear and Risk Engineering,GE1401,MA1200,11795,TC3
1648,BEng Nuclear and Risk Engineering,GE1401,PHY1101,11832,CA1
1648,BEng Nuclear and Risk Engineering,GE1401,PHY1101,11835,TA1
1648,BEng Nuclear and Risk Engineering,GE1401,MNE2066,11846,C01
1648,BEng Nuclear and Risk Engineering,GE1401,MNE2116,12798,C01
1648,BEng Nuclear and Risk Engineering,GE1401,MNE2116,12823,L02
1649,BEng Nuclear and Risk Engineering,GE1401,MA1200,11784,CF1
1649,BEng Nuclear and Risk Engineering,GE1401,MA1200,11803,TF2
1649,BEng Nuclear and Risk Engineering,GE1401,PHY1101,11832,CA1
1649,BEng Nuclear and Risk Engineering,GE1401,PHY1101,11835,TA1
1649,BEng Nuclear and Risk Engineering,GE1401,MNE2066,11846,C01
1649,BEng Nuclear and Risk Engineering,GE1401,GE1401,12733,T62
1649,BEng Nuclear and Risk Engineering,GE1401,MNE2116,12798,C01
1649,BEng Nuclear and Risk Engineering,GE1401,MNE2116,13073,L04
1650,BEng Nuclear and Risk Engineering,GE1401,GE1401,10704,T29
1650,BEng Nuclear and Risk Engineering,GE1401,MA1200,11789,CD1
1650,BEng Nuclear and Risk Engineering,GE1401,MA1200,11798,TD3
1650,BEng Nuclear and Risk Engineering,GE1401,PHY1101,11832,CA1
1650,BEng Nuclear and Risk Engineering,GE1401,PHY1101,11835,TA1
1650,BEng Nuclear and Risk Engineering,GE1401,MNE2066,11846,C01
1650,BEng Nuclear and Risk Engineering,GE1401,MNE2116,12798,C01
1650,BEng Nuclear and Risk Engineering,GE1401,MNE2116,12823,L02
1651,BEng Nuclear and Risk Engineering,LC0200A,MA1200,11787,CA1
1651,BEng Nuclear and Risk Engineering,LC0200A,MA1200,11792,TA3
1651,BEng Nuclear and Risk Engineering,LC0200A,PHY1101,11832,CA1
1651,BEng Nuclear and Risk Engineering,LC0200A,PHY1101,11835,TA1
1651,BEng Nuclear and Risk Engineering,LC0200A,MNE2066,11846,C01
1651,BEng Nuclear and Risk Engineering,LC0200A,LC0200A,12333,T40
1651,BEng Nuclear and Risk Engineering,LC0200A,MNE2116,13686,LA1
1651,BEng Nuclear and Risk Engineering,LC0200A,MNE2116,15622,CA1
1652,BEng Nuclear and Risk Engineering,LC0200A,LC0200A,10889,T21
1652,BEng Nuclear and Risk Engineering,LC0200A,MA1200,11787,CA1
1652,BEng Nuclear and Risk Engineering,LC0200A,MA1200,11790,TA1
1652,BEng Nuclear and Risk Engineering,LC0200A,PHY1101,11832,CA1
1652,BEng Nuclear and Risk Engineering,LC0200A,PHY1101,11835,TA1
1652,BEng Nuclear and Risk Engineering,LC0200A,MNE2066,11846,C01
1652,BEng Nuclear and Risk Engineering,LC0200A,MNE2116,12798,C01
1652,BEng Nuclear and Risk Engineering,LC0200A,MNE2116,14946,L03
1653,BEng Nuclear and Risk Engineering,LC0200A,LC0200A,10889,T21
1653,BEng Nuclear and Risk Engineering,LC0200A,MA1200,11787,CA1
1653,BEng Nuclear and Risk Engineering,LC0200A,MA1200,11790,TA1
1653,BEng Nuclear and Risk Engineering,LC0200A,PHY1101,11832,CA1
1653,BEng Nuclear and Risk Engineering,LC0200A,PHY1101,11835,TA1
1653,BEng Nuclear and Risk Engineering,LC0200A,MNE2066,11846,C01
1653,BEng Nuclear and Risk Engineering,LC0200A,MNE2116,12798,C01
1653,BEng Nuclear and Risk Engineering,LC0200A,MNE2116,14946,L03
1654,BEng Nuclear and Risk Engineering,LC0200A,LC0200A,10883,T14
1654,BEng Nuclear and Risk Engineering,LC0200A,MA1200,11789,CD1
1654,BEng Nuclear and Risk Engineering,LC0200A,MA1200,11798,TD3
1654,BEng Nuclear and Risk Engineering,LC0200A,PHY1101,11832,CA1
1654,BEng Nuclear and Risk Engineering,LC0200A,PHY1101,11835,TA1
1654,BEng Nuclear and Risk Engineering,LC0200A,MNE2066,11846,C01
1654,BEng Nuclear and Risk Engineering,LC0200A,MNE2116,12798,C01
1654,BEng Nuclear and Risk Engineering,LC0200A,MNE2116,12823,L02
1655,BEng Nuclear and Risk Engineering,LC0200A,MA1200,11789,CD1
1655,BEng Nuclear and Risk Engineering,LC0200A,MA1200,11796,TD1
1655,BEng Nuclear and Risk Engineering,LC0200A,PHY1101,11832,CA1
1655,BEng Nuclear and Risk Engineering,LC0200A,PHY1101,11835,TA1
1655,BEng Nuclear and Risk Engineering,LC0200A,MNE2066,11846,C01
1655,BEng Nuclear and Risk Engineering,LC0200A,LC0200A,12320,T38
1655,BEng Nuclear and Risk Engineering,LC0200A,MNE2116,14945,LA2
1655,BEng Nuclear and Risk Engineering,LC0200A,MNE2116,15622,CA1
1656,BEng Nuclear and Risk Engineering,LC0200A,MA1200,11789,CD1
1656,BEng Nuclear and Risk Engineering,LC0200A,MA1200,11796,TD1
1656,BEng Nuclear and Risk Engineering,LC0200A,PHY1101,11832,CA1
1656,BEng Nuclear and Risk Engineering,LC0200A,PHY1101,11835,TA1
1656,BEng Nuclear and Risk Engineering,LC0200A,MNE2066,11846,C01
1656,BEng Nuclear and Risk Engineering,LC0200A,LC0200A,12320,T38
1656,BEng Nuclear and Risk Engineering,LC0200A,MNE2116,14945,LA2
1656,BEng Nuclear and Risk Engineering,LC0200A,MNE2116,15622,CA1
1657,BEng Nuclear and Risk Engineering,LC0200A,MA1200,11787,CA1
1657,BEng Nuclear and Risk Engineering,LC0200A,MA1200,11792,TA3
1657,BEng Nuclear and Risk Engineering,LC0200A,PHY1101,11833,CB1
1657,BEng Nuclear and Risk Engineering,LC0200A,PHY1101,11836,TB1
1657,BEng Nuclear and Risk Engineering,LC0200A,MNE2066,11846,C01
1657,BEng Nuclear and Risk Engineering,LC0200A,LC0200A,12333,T40
1657,BEng Nuclear and Risk Engineering,LC0200A,MNE2116,13686,LA1
1657,BEng Nuclear and Risk Engineering,LC0200A,MNE2116,15622,CA1
1658,BEng Materials Science and Engineering,GE1401,GE1401,10682,T05
1658,BEng Materials Science and Engineering,GE1401,MSE1001,11332,C61
1658,BEng Materials Science and Engineering,GE1401,PHY1201,11386,CA1
1658,BEng Materials Science and Engineering,GE1401,CHEM1300,11748,C02
1658,BEng Materials Science and Engineering,GE1401,CHEM1300,11752,T02
1658,BEng Materials Science and Engineering,GE1401,MA1200,11787,CA1
1658,BEng Materials Science and Engineering,GE1401,MA1200,11792,TA3
1658,BEng Materials Science and Engineering,GE1401,CHEM1300,12098,L02
1658,BEng Materials Science and Engineering,GE1401,PHY1201,12188,TA1
1658,BEng Materials Science and Engineering,GE1401,PHY1201,12375,LA1
1659,BEng Materials Science and Engineering,GE1401,MSE1001,11332,C61
1659,BEng Materials Science and Engineering,GE1401,CHEM1300,11747,C01
1659,BEng Materials Science and Engineering,GE1401,CHEM1300,11750,L05
1659,BEng Materials Science and Engineering,GE1401,CHEM1300,11752,T02
1659,BEng Materials Science and Engineering,GE1401,MA1200,11789,CD1
1659,BEng Materials Science and Engineering,GE1401,MA1200,11797,TD2
1659,BEng Materials Science and Engineering,GE1401,PHY1201,12179,L03
1659,BEng Materials Science and Engineering,GE1401,PHY1201,12367,C02
1659,BEng Materials Science and Engineering,GE1401,PHY1201,12369,T02
1659,BEng Materials Science and Engineering,GE1401,GE1401,15205,TC5
1660,BEng Materials Science and Engineering,GE1401,GE1401,10682,T05
1660,BEng Materials Science and Engineering,GE1401,MSE1001,11332,C61
1660,BEng Materials Science and Engineering,GE1401,PHY1201,11377,T01
1660,BEng Materials Science and Engineering,GE1401,MA1200,11788,CC1
1660,BEng Materials Science and Engineering,GE1401,MA1200,11795,TC3
1660,BEng Materials Science and Engineering,GE1401,PHY1201,12177,L01
1660,BEng Materials Science and Engineering,GE1401,PHY1201,12368,C01
1660,BEng Materials Science and Engineering,GE1401,CHEM1300,13875,CC1
1660,BEng Materials Science and Engineering,GE1401,CHEM1300,13876,LC1
1660,BEng Materials Science and Engineering,GE1401,CHEM1300,13878,TC1
1661,BEng Materials Science and Engineering,GE1401,GE1401,10723,T56
1661,BEng Materials Science and Engineering,GE1401,MSE1001,11332,C61
1661,BEng Materials Science and Engineering,GE1401,PHY1201,11386,CA1
1661,BEng Materials Science and Engineering,GE1401,MA1200,11787,CA1
1661,BEng Materials Science and Engineering,GE1401,MA1200,11792,TA3
1661,BEng Materials Science and Engineering,GE1401,PHY1201,12188,TA1
1661,BEng Materials Science and Engineering,GE1401,PHY1201,12375,LA1
1661,BEng Materials Science and Engineering,GE1401,CHEM1300,13875,CC1
1661,BEng Materials Science and Engineering,GE1401,CHEM1300,13876,LC1
1661,BEng Materials Science and Engineering,GE1401,CHEM1300,13878,TC1
1662,BEng Materials Science and Engineering,GE1401,MSE1001,11332,C61
1662,BEng Materials Science and Engineering,GE1401,GE1401,11495,T77
1662,BEng Materials Science and Engineering,GE1401,CHEM1300,11748,C02
1662,BEng Materials Science and Engineering,GE1401,CHEM1300,11756,T05
1662,BEng Materials Science and Engineering,GE1401,MA1200,11789,CD1
1662,BEng Materials Science and Engineering,GE1401,MA1200,11797,TD2
1662,BEng Materials Science and Engineering,GE1401,CHEM1300,12099,L03
1662,BEng Materials Science and Engineering,GE1401,PHY1201,12179,L03
1662,BEng Materials Science and Engineering,GE1401,PHY1201,12368,C01
1662,BEng Materials Science and Engineering,GE1401,PHY1201,12369,T02
1663,BEng Materials Science and Engineering,GE1401,GE1401,10688,T11
1663,BEng Materials Science and Engineering,GE1401,MSE1001,11332,C61
1663,BEng Materials Science and Engineering,GE1401,PHY1201,11377,T01
1663,BEng Materials Science and Engineering,GE1401,MA1200,11788,CC1
1663,BEng Materials Science and Engineering,GE1401,MA1200,11795,TC3
1663,BEng Materials Science and Engineering,GE1401,PHY1201,12178,L02
1663,BEng Materials Science and Engineering,GE1401,PHY1201,12368,C01
1663,BEng Materials Science and Engineering,GE1401,CHEM1300,13875,CC1
1663,BEng Materials Science and Engineering,GE1401,CHEM1300,13876,LC1
1663,BEng Materials Science and Engineering,GE1401,CHEM1300,13878,TC1
1664,BEng Materials Science and Engineering,GE1401,GE1401,10682,T05
1664,BEng Materials Science and Engineering,GE1401,MSE1001,11332,C61
1664,BEng Materials Science and Engineering,GE1401,PHY1201,11386,CA1
1664,BEng Materials Science and Engineering,GE1401,MA1200,11787,CA1
1664,BEng Materials Science and Engineering,GE1401,MA1200,11792,TA3
1664,BEng Materials Science and Engineering,GE1401,PHY1201,12188,TA1
1664,BEng Materials Science and Engineering,GE1401,PHY1201,12375,LA1
1664,BEng Materials Science and Engineering,GE1401,CHEM1300,12876,CB1
1664,BEng Materials Science and Engineering,GE1401,CHEM1300,12877,LB1
1664,BEng Materials Science and Engineering,GE1401,CHEM1300,12878,TB1
1665,BEng Materials Science and Engineering,GE1401,MSE1001,11332,C61
1665,BEng Materials Science and Engineering,GE1401,CHEM1300,11748,C02
1665,BEng Materials Science and Engineering,GE1401,CHEM1300,11750,L05
1665,BEng Materials Science and Engineering,GE1401,CHEM1300,11756,T05
1665,BEng Materials Science and Engineering,GE1401,MA1200,11789,CD1
1665,BEng Materials Science and Engineering,GE1401,MA1200,11797,TD2
1665,BEng Materials Science and Engineering,GE1401,PHY1201,12178,L02
1665,BEng Materials Science and Engineering,GE1401,PHY1201,12368,C01
1665,BEng Materials Science and Engineering,GE1401,PHY1201,12369,T02
1665,BEng Materials Science and Engineering,GE1401,GE1401,13577,TB6
1666,BEng Materials Science and Engineering,GE1401,GE1401,10682,T05
1666,BEng Materials Science and Engineering,GE1401,MSE1001,11332,C61
1666,BEng Materials Science and Engineering,GE1401,PHY1201,11377,T01
1666,BEng Materials Science and Engineering,GE1401,CHEM1300,11748,C02
1666,BEng Materials Science and Engineering,GE1401,CHEM1300,11750,L05
1666,BEng Materials Science and Engineering,GE1401,CHEM1300,11751,T04
1666,BEng Materials Science and Engineering,GE1401,MA1200,11788,CC1
1666,BEng Materials Science and Engineering,GE1401,MA1200,11795,TC3
1666,BEng Materials Science and Engineering,GE1401,PHY1201,12178,L02
1666,BEng Materials Science and Engineering,GE1401,PHY1201,12368,C01
1667,BEng Materials Science and Engineering,GE1401,MSE1001,11332,C61
1667,BEng Materials Science and Engineering,GE1401,MA1200,11789,CD1
1667,BEng Materials Science and Engineering,GE1401,MA1200,11797,TD2
1667,BEng Materials Science and Engineering,GE1401,PHY1201,12179,L03
1667,BEng Materials Science and Engineering,GE1401,CHEM1300,12268,CA1
1667,BEng Materials Science and Engineering,GE1401,CHEM1300,12270,LA1
1667,BEng Materials Science and Engineering,GE1401,CHEM1300,12271,TA1
1667,BEng Materials Science and Engineering,GE1401,PHY1201,12367,C02
1667,BEng Materials Science and Engineering,GE1401,PHY1201,12369,T02
1667,BEng Materials Science and Engineering,GE1401,GE1401,15205,TC5
1668,BEng Materials Science and Engineering,GE1401,MSE1001,11332,C61
1668,BEng Materials Science and Engineering,GE1401,MA1200,11789,CD1
1668,BEng Materials Science and Engineering,GE1401,MA1200,11797,TD2
1668,BEng Materials Science and Engineering,GE1401,GE1401,12124,T49
1668,BEng Materials Science and Engineering,GE1401,PHY1201,12178,L02
1668,BEng Materials Science and Engineering,GE1401,CHEM1300,12268,CA1
1668,BEng Materials Science and Engineering,GE1401,CHEM1300,12270,LA1
1668,BEng Materials Science and Engineering,GE1401,CHEM1300,12271,TA1
1668,BEng Materials Science and Engineering,GE1401,PHY1201,12367,C02
1668,BEng Materials Science and Engineering,GE1401,PHY1201,12369,T02
1669,BEng Materials Science and Engineering,GE1401,MSE1001,11332,C61
1669,BEng Materials Science and Engineering,GE1401,GE1401,11495,T77
1669,BEng Materials Science and Engineering,GE1401,CHEM1300,11748,C02
1669,BEng Materials Science and Engineering,GE1401,CHEM1300,11750,L05
1669,BEng Materials Science and Engineering,GE1401,CHEM1300,11752,T02
1669,BEng Materials Science and Engineering,GE1401,MA1200,11789,CD1
1669,BEng Materials Science and Engineering,GE1401,MA1200,11797,TD2
1669,BEng Materials Science and Engineering,GE1401,PHY1201,12179,L03
1669,BEng Materials Science and Engineering,GE1401,PHY1201,12368,C01
1669,BEng Materials Science and Engineering,GE1401,PHY1201,12369,T02
1670,BEng Materials Science and Engineering,GE1401,MSE1001,11332,C61
1670,BEng Materials Science and Engineering,GE1401,GE1401,11495,T77
1670,BEng Materials Science and Engineering,GE1401,CHEM1300,11748,C02
1670,BEng Materials Science and Engineering,GE1401,CHEM1300,11750,L05
1670,BEng Materials Science and Engineering,GE1401,CHEM1300,11752,T02
1670,BEng Materials Science and Engineering,GE1401,MA1200,11789,CD1
1670,BEng Materials Science and Engineering,GE1401,MA1200,11797,TD2
1670,BEng Materials Science and Engineering,GE1401,PHY1201,12179,L03
1670,BEng Materials Science and Engineering,GE1401,PHY1201,12368,C01
1670,BEng Materials Science and Engineering,GE1401,PHY1201,12369,T02
1671,BEng Materials Science and Engineering,GE1401,GE1401,10727,T60
1671,BEng Materials Science and Engineering,GE1401,MSE1001,11332,C61
1671,BEng Materials Science and Engineering,GE1401,PHY1201,11386,CA1
1671,BEng Materials Science and Engineering,GE1401,MA1200,11787,CA1
1671,BEng Materials Science and Engineering,GE1401,MA1200,11792,TA3
1671,BEng Materials Science and Engineering,GE1401,PHY1201,12188,TA1
1671,BEng Materials Science and Engineering,GE1401,PHY1201,12375,LA1
1671,BEng Materials Science and Engineering,GE1401,CHEM1300,13875,CC1
1671,BEng Materials Science and Engineering,GE1401,CHEM1300,13876,LC1
1671,BEng Materials Science and Engineering,GE1401,CHEM1300,13878,TC1
1672,BEng Materials Science and Engineering,GE1401,MSE1001,11332,C61
1672,BEng Materials Science and Engineering,GE1401,CHEM1300,11747,C01
1672,BEng Materials Science and Engineering,GE1401,CHEM1300,11750,L05
1672,BEng Materials Science and Engineering,GE1401,CHEM1300,11756,T05
1672,BEng Materials Science and Engineering,GE1401,MA1200,11789,CD1
1672,BEng Materials Science and Engineering,GE1401,MA1200,11797,TD2
1672,BEng Materials Science and Engineering,GE1401,PHY1201,12177,L01
1672,BEng Materials Science and Engineering,GE1401,PHY1201,12367,C02
1672,BEng Materials Science and Engineering,GE1401,PHY1201,12369,T02
1672,BEng Materials Science and Engineering,GE1401,GE1401,13570,T98
1673,BEng Materials Science and Engineering,GE1401,MSE1001,11332,C61
1673,BEng Materials Science and Engineering,GE1401,MA1200,11789,CD1
1673,BEng Materials Science and Engineering,GE1401,MA1200,11797,TD2
1673,BEng Materials Science and Engineering,GE1401,PHY1201,12178,L02
1673,BEng Materials Science and Engineering,GE1401,CHEM1300,12268,CA1
1673,BEng Materials Science and Engineering,GE1401,CHEM1300,12270,LA1
1673,BEng Materials Science and Engineering,GE1401,CHEM1300,12271,TA1
1673,BEng Materials Science and Engineering,GE1401,PHY1201,12367,C02
1673,BEng Materials Science and Engineering,GE1401,PHY1201,12369,T02
1673,BEng Materials Science and Engineering,GE1401,GE1401,13570,T98
1674,BEng Materials Science and Engineering,GE1401,GE1401,10682,T05
1674,BEng Materials Science and Engineering,GE1401,MSE1001,11332,C61
1674,BEng Materials Science and Engineering,GE1401,PHY1201,11386,CA1
1674,BEng Materials Science and Engineering,GE1401,MA1200,11787,CA1
1674,BEng Materials Science and Engineering,GE1401,MA1200,11792,TA3
1674,BEng Materials Science and Engineering,GE1401,PHY1201,12188,TA1
1674,BEng Materials Science and Engineering,GE1401,PHY1201,12375,LA1
1674,BEng Materials Science and Engineering,GE1401,CHEM1300,12876,CB1
1674,BEng Materials Science and Engineering,GE1401,CHEM1300,12877,LB1
1674,BEng Materials Science and Engineering,GE1401,CHEM1300,12878,TB1
1675,BEng Materials Science and Engineering,GE1401,MSE1001,11332,C61
1675,BEng Materials Science and Engineering,GE1401,CHEM1300,11747,C01
1675,BEng Materials Science and Engineering,GE1401,CHEM1300,11750,L05
1675,BEng Materials Science and Engineering,GE1401,CHEM1300,11752,T02
1675,BEng Materials Science and Engineering,GE1401,MA1200,11789,CD1
1675,BEng Materials Science and Engineering,GE1401,MA1200,11797,TD2
1675,BEng Materials Science and Engineering,GE1401,PHY1201,12179,L03
1675,BEng Materials Science and Engineering,GE1401,PHY1201,12367,C02
1675,BEng Materials Science and Engineering,GE1401,PHY1201,12369,T02
1675,BEng Materials Science and Engineering,GE1401,GE1401,15205,TC5
1676,BEng Materials Science and Engineering,GE1401,MSE1001,11332,C61
1676,BEng Materials Science and Engineering,GE1401,GE1401,11495,T77
1676,BEng Materials Science and Engineering,GE1401,CHEM1300,11747,C01
1676,BEng Materials Science and Engineering,GE1401,CHEM1300,11750,L05
1676,BEng Materials Science and Engineering,GE1401,CHEM1300,11756,T05
1676,BEng Materials Science and Engineering,GE1401,MA1200,11789,CD1
1676,BEng Materials Science and Engineering,GE1401,MA1200,11797,TD2
1676,BEng Materials Science and Engineering,GE1401,PHY1201,12179,L03
1676,BEng Materials Science and Engineering,GE1401,PHY1201,12367,C02
1676,BEng Materials Science and Engineering,GE1401,PHY1201,12369,T02
1677,BEng Materials Science and Engineering,GE1401,GE1401,10722,T55
1677,BEng Materials Science and Engineering,GE1401,MSE1001,11332,C61
1677,BEng Materials Science and Engineering,GE1401,PHY1201,11377,T01
1677,BEng Materials Science and Engineering,GE1401,MA1200,11789,CD1
1677,BEng Materials Science and Engineering,GE1401,MA1200,11798,TD3
1677,BEng Materials Science and Engineering,GE1401,PHY1201,12178,L02
1677,BEng Materials Science and Engineering,GE1401,PHY1201,12368,C01
1677,BEng Materials Science and Engineering,GE1401,CHEM1300,13875,CC1
1677,BEng Materials Science and Engineering,GE1401,CHEM1300,13876,LC1
1677,BEng Materials Science and Engineering,GE1401,CHEM1300,13878,TC1
1678,BEng Materials Science and Engineering,GE1401,GE1401,10708,T34
1678,BEng Materials Science and Engineering,GE1401,MSE1001,11332,C61
1678,BEng Materials Science and Engineering,GE1401,CHEM1300,11748,C02
1678,BEng Materials Science and Engineering,GE1401,CHEM1300,11752,T02
1678,BEng Materials Science and Engineering,GE1401,MA1200,11789,CD1
1678,BEng Materials Science and Engineering,GE1401,MA1200,11797,TD2
1678,BEng Materials Science and Engineering,GE1401,CHEM1300,12098,L02
1678,BEng Materials Science and Engineering,GE1401,PHY1201,12179,L03
1678,BEng Materials Science and Engineering,GE1401,PHY1201,12368,C01
1678,BEng Materials Science and Engineering,GE1401,PHY1201,12369,T02
1679,BEng Materials Science and Engineering,GE1401,MSE1001,11332,C61
1679,BEng Materials Science and Engineering,GE1401,MA1200,11789,CD1
1679,BEng Materials Science and Engineering,GE1401,MA1200,11797,TD2
1679,BEng Materials Science and Engineering,GE1401,PHY1201,12178,L02
1679,BEng Materials Science and Engineering,GE1401,CHEM1300,12268,CA1
1679,BEng Materials Science and Engineering,GE1401,CHEM1300,12270,LA1
1679,BEng Materials Science and Engineering,GE1401,CHEM1300,12271,TA1
1679,BEng Materials Science and Engineering,GE1401,PHY1201,12367,C02
1679,BEng Materials Science and Engineering,GE1401,PHY1201,12369,T02
1679,BEng Materials Science and Engineering,GE1401,GE1401,13570,T98
1680,BEng Materials Science and Engineering,GE1401,GE1401,10708,T34
1680,BEng Materials Science and Engineering,GE1401,MSE1001,11332,C61
1680,BEng Materials Science and Engineering,GE1401,CHEM1300,11748,C02
1680,BEng Materials Science and Engineering,GE1401,CHEM1300,11756,T05
1680,BEng Materials Science and Engineering,GE1401,MA1200,11789,CD1
1680,BEng Materials Science and Engineering,GE1401,MA1200,11797,TD2
1680,BEng Materials Science and Engineering,GE1401,CHEM1300,12098,L02
1680,BEng Materials Science and Engineering,GE1401,PHY1201,12179,L03
1680,BEng Materials Science and Engineering,GE1401,PHY1201,12368,C01
1680,BEng Materials Science and Engineering,GE1401,PHY1201,12369,T02
1681,BEng Materials Science and Engineering,GE1401,GE1401,10682,T05
1681,BEng Materials Science and Engineering,GE1401,MSE1001,11332,C61
1681,BEng Materials Science and Engineering,GE1401,PHY1201,11386,CA1
1681,BEng Materials Science and Engineering,GE1401,MA1200,11787,CA1
1681,BEng Materials Science and Engineering,GE1401,MA1200,11792,TA3
1681,BEng Materials Science and Engineering,GE1401,PHY1201,12188,TA1
1681,BEng Materials Science and Engineering,GE1401,PHY1201,12375,LA1
1681,BEng Materials Science and Engineering,GE1401,CHEM1300,12876,CB1
1681,BEng Materials Science and Engineering,GE1401,CHEM1300,12877,LB1
1681,BEng Materials Science and Engineering,GE1401,CHEM1300,12878,TB1
1682,BEng Materials Science and Engineering,GE1401,GE1401,10682,T05
1682,BEng Materials Science and Engineering,GE1401,MSE1001,11332,C61
1682,BEng Materials Science and Engineering,GE1401,PHY1201,11377,T01
1682,BEng Materials Science and Engineering,GE1401,MA1200,11788,CC1
1682,BEng Materials Science and Engineering,GE1401,MA1200,11795,TC3
1682,BEng Materials Science and Engineering,GE1401,PHY1201,12177,L01
1682,BEng Materials Science and Engineering,GE1401,PHY1201,12368,C01
1682,BEng Materials Science and Engineering,GE1401,CHEM1300,12876,CB1
1682,BEng Materials Science and Engineering,GE1401,CHEM1300,12877,LB1
1682,BEng Materials Science and Engineering,GE1401,CHEM1300,12878,TB1
1683,BEng Materials Science and Engineering,GE1401,GE1401,10722,T55
1683,BEng Materials Science and Engineering,GE1401,MSE1001,11332,C61
1683,BEng Materials Science and Engineering,GE1401,PHY1201,11377,T01
1683,BEng Materials Science and Engineering,GE1401,CHEM1300,11748,C02
1683,BEng Materials Science and Engineering,GE1401,CHEM1300,11750,L05
1683,BEng Materials Science and Engineering,GE1401,CHEM1300,11756,T05
1683,BEng Materials Science and Engineering,GE1401,MA1200,11789,CD1
1683,BEng Materials Science and Engineering,GE1401,MA1200,11798,TD3
1683,BEng Materials Science and Engineering,GE1401,PHY1201,12177,L01
1683,BEng Materials Science and Engineering,GE1401,PHY1201,12368,C01
1684,BEng Materials Science and Engineering,GE1401,MSE1001,11332,C61
1684,BEng Materials Science and Engineering,GE1401,MA1200,11789,CD1
1684,BEng Materials Science and Engineering,GE1401,MA1200,11797,TD2
1684,BEng Materials Science and Engineering,GE1401,PHY1201,12179,L03
1684,BEng Materials Science and Engineering,GE1401,CHEM1300,12268,CA1
1684,BEng Materials Science and Engineering,GE1401,CHEM1300,12270,LA1
1684,BEng Materials Science and Engineering,GE1401,CHEM1300,12271,TA1
1684,BEng Materials Science and Engineering,GE1401,PHY1201,12367,C02
1684,BEng Materials Science and Engineering,GE1401,PHY1201,12369,T02
1684,BEng Materials Science and Engineering,GE1401,GE1401,15205,TC5
1685,BEng Materials Science and Engineering,GE1401,GE1401,10708,T34
1685,BEng Materials Science and Engineering,GE1401,MSE1001,11332,C61
1685,BEng Materials Science and Engineering,GE1401,CHEM1300,11748,C02
1685,BEng Materials Science and Engineering,GE1401,CHEM1300,11756,T05
1685,BEng Materials Science and Engineering,GE1401,MA1200,11789,CD1
1685,BEng Materials Science and Engineering,GE1401,MA1200,11797,TD2
1685,BEng Materials Science and Engineering,GE1401,CHEM1300,12098,L02
1685,BEng Materials Science and Engineering,GE1401,PHY1201,12179,L03
1685,BEng Materials Science and Engineering,GE1401,PHY1201,12368,C01
1685,BEng Materials Science and Engineering,GE1401,PHY1201,12369,T02
1686,BEng Materials Science and Engineering,GE1401,GE1401,10682,T05
1686,BEng Materials Science and Engineering,GE1401,MSE1001,11332,C61
1686,BEng Materials Science and Engineering,GE1401,PHY1201,11386,CA1
1686,BEng Materials Science and Engineering,GE1401,MA1200,11787,CA1
1686,BEng Materials Science and Engineering,GE1401,MA1200,11792,TA3
1686,BEng Materials Science and Engineering,GE1401,PHY1201,12188,TA1
1686,BEng Materials Science and Engineering,GE1401,PHY1201,12375,LA1
1686,BEng Materials Science and Engineering,GE1401,CHEM1300,13875,CC1
1686,BEng Materials Science and Engineering,GE1401,CHEM1300,13876,LC1
1686,BEng Materials Science and Engineering,GE1401,CHEM1300,13878,TC1
1687,BEng Materials Science and Engineering,GE1401,GE1401,10708,T34
1687,BEng Materials Science and Engineering,GE1401,MSE1001,11332,C61
1687,BEng Materials Science and Engineering,GE1401,CHEM1300,11748,C02
1687,BEng Materials Science and Engineering,GE1401,CHEM1300,11752,T02
1687,BEng Materials Science and Engineering,GE1401,MA1200,11789,CD1
1687,BEng Materials Science and Engineering,GE1401,MA1200,11797,TD2
1687,BEng Materials Science and Engineering,GE1401,CHEM1300,12098,L02
1687,BEng Materials Science and Engineering,GE1401,PHY1201,12179,L03
1687,BEng Materials Science and Engineering,GE1401,PHY1201,12368,C01
1687,BEng Materials Science and Engineering,GE1401,PHY1201,12369,T02
1688,BEng Materials Science and Engineering,GE1401,MSE1001,11332,C61
1688,BEng Materials Science and Engineering,GE1401,MA1200,11789,CD1
1688,BEng Materials Science and Engineering,GE1401,MA1200,11797,TD2
1688,BEng Materials Science and Engineering,GE1401,PHY1201,12177,L01
1688,BEng Materials Science and Engineering,GE1401,CHEM1300,12268,CA1
1688,BEng Materials Science and Engineering,GE1401,CHEM1300,12270,LA1
1688,BEng Materials Science and Engineering,GE1401,CHEM1300,12271,TA1
1688,BEng Materials Science and Engineering,GE1401,PHY1201,12367,C02
1688,BEng Materials Science and Engineering,GE1401,PHY1201,12369,T02
1688,BEng Materials Science and Engineering,GE1401,GE1401,13570,T98
1689,BEng Materials Science and Engineering,GE1401,GE1401,10688,T11
1689,BEng Materials Science and Engineering,GE1401,MSE1001,11332,C61
1689,BEng Materials Science and Engineering,GE1401,PHY1201,11377,T01
1689,BEng Materials Science and Engineering,GE1401,CHEM1300,11748,C02
1689,BEng Materials Science and Engineering,GE1401,CHEM1300,11750,L05
1689,BEng Materials Science and Engineering,GE1401,CHEM1300,11756,T05
1689,BEng Materials Science and Engineering,GE1401,MA1200,11788,CC1
1689,BEng Materials Science and Engineering,GE1401,MA1200,11795,TC3
1689,BEng Materials Science and Engineering,GE1401,PHY1201,12178,L02
1689,BEng Materials Science and Engineering,GE1401,PHY1201,12368,C01
1690,BEng Materials Science and Engineering,GE1401,MSE1001,11332,C61
1690,BEng Materials Science and Engineering,GE1401,CHEM1300,11748,C02
1690,BEng Materials Science and Engineering,GE1401,CHEM1300,11750,L05
1690,BEng Materials Science and Engineering,GE1401,CHEM1300,11752,T02
1690,BEng Materials Science and Engineering,GE1401,MA1200,11789,CD1
1690,BEng Materials Science and Engineering,GE1401,MA1200,11797,TD2
1690,BEng Materials Science and Engineering,GE1401,GE1401,12124,T49
1690,BEng Materials Science and Engineering,GE1401,PHY1201,12177,L01
1690,BEng Materials Science and Engineering,GE1401,PHY1201,12368,C01
1690,BEng Materials Science and Engineering,GE1401,PHY1201,12369,T02
1691,BEng Materials Science and Engineering,LC0200A,LC0200A,10887,T19
1691,BEng Materials Science and Engineering,LC0200A,MSE1001,11332,C61
1691,BEng Materials Science and Engineering,LC0200A,CHEM1300,11748,C02
1691,BEng Materials Science and Engineering,LC0200A,CHEM1300,11752,T02
1691,BEng Materials Science and Engineering,LC0200A,MA1200,11789,CD1
1691,BEng Materials Science and Engineering,LC0200A,MA1200,11797,TD2
1691,BEng Materials Science and Engineering,LC0200A,CHEM1300,12098,L02
1691,BEng Materials Science and Engineering,LC0200A,PHY1201,12179,L03
1691,BEng Materials Science and Engineering,LC0200A,PHY1201,12368,C01
1691,BEng Materials Science and Engineering,LC0200A,PHY1201,12369,T02
1692,BEng Materials Science and Engineering,LC0200A,LC0200A,10875,T06
1692,BEng Materials Science and Engineering,LC0200A,MSE1001,11332,C61
1692,BEng Materials Science and Engineering,LC0200A,PHY1201,11377,T01
1692,BEng Materials Science and Engineering,LC0200A,MA1200,11788,CC1
1692,BEng Materials Science and Engineering,LC0200A,MA1200,11795,TC3
1692,BEng Materials Science and Engineering,LC0200A,PHY1201,12178,L02
1692,BEng Materials Science and Engineering,LC0200A,PHY1201,12368,C01
1692,BEng Materials Science and Engineering,LC0200A,CHEM1300,13875,CC1
1692,BEng Materials Science and Engineering,LC0200A,CHEM1300,13876,LC1
1692,BEng Materials Science and Engineering,LC0200A,CHEM1300,13878,TC1
1693,BEng Materials Science and Engineering,LC0200A,LC0200A,10876,T07
1693,BEng Materials Science and Engineering,LC0200A,MSE1001,11332,C61
1693,BEng Materials Science and Engineering,LC0200A,CHEM1300,11747,C01
1693,BEng Materials Science and Engineering,LC0200A,CHEM1300,11752,T02
1693,BEng Materials Science and Engineering,LC0200A,MA1200,11789,CD1
1693,BEng Materials Science and Engineering,LC0200A,MA1200,11797,TD2
1693,BEng Materials Science and Engineering,LC0200A,CHEM1300,12098,L02
1693,BEng Materials Science and Engineering,LC0200A,PHY1201,12177,L01
1693,BEng Materials Science and Engineering,LC0200A,PHY1201,12367,C02
1693,BEng Materials Science and Engineering,LC0200A,PHY1201,12369,T02
1694,BEng Materials Science and Engineering,LC0200A,MSE1001,11332,C61
1694,BEng Materials Science and Engineering,LC0200A,PHY1201,11377,T01
1694,BEng Materials Science and Engineering,LC0200A,CHEM1300,11748,C02
1694,BEng Materials Science and Engineering,LC0200A,CHEM1300,11755,T01
1694,BEng Materials Science and Engineering,LC0200A,MA1200,11788,CC1
1694,BEng Materials Science and Engineering,LC0200A,MA1200,11795,TC3
1694,BEng Materials Science and Engineering,LC0200A,CHEM1300,12098,L02
1694,BEng Materials Science and Engineering,LC0200A,PHY1201,12177,L01
1694,BEng Materials Science and Engineering,LC0200A,LC0200A,12333,T40
1694,BEng Materials Science and Engineering,LC0200A,PHY1201,12368,C01
1695,BEng Materials Science and Engineering,LC0200A,MSE1001,11332,C61
1695,BEng Materials Science and Engineering,LC0200A,PHY1201,11386,CA1
1695,BEng Materials Science and Engineering,LC0200A,MA1200,11787,CA1
1695,BEng Materials Science and Engineering,LC0200A,MA1200,11792,TA3
1695,BEng Materials Science and Engineering,LC0200A,PHY1201,12188,TA1
1695,BEng Materials Science and Engineering,LC0200A,PHY1201,12375,LA1
1695,BEng Materials Science and Engineering,LC0200A,CHEM1300,12876,CB1
1695,BEng Materials Science and Engineering,LC0200A,CHEM1300,12877,LB1
1695,BEng Materials Science and Engineering,LC0200A,CHEM1300,12878,TB1
1695,BEng Materials Science and Engineering,LC0200A,LC0200A,14950,T18
1696,BEng Materials Science and Engineering,LC0200A,MSE1001,11332,C61
1696,BEng Materials Science and Engineering,LC0200A,PHY1201,11386,CA1
1696,BEng Materials Science and Engineering,LC0200A,MA1200,11787,CA1
1696,BEng Materials Science and Engineering,LC0200A,MA1200,11792,TA3
1696,BEng Materials Science and Engineering,LC0200A,PHY1201,12188,TA1
1696,BEng Materials Science and Engineering,LC0200A,PHY1201,12376,LA2
1696,BEng Materials Science and Engineering,LC0200A,CHEM1300,13875,CC1
1696,BEng Materials Science and Engineering,LC0200A,CHEM1300,13876,LC1
1696,BEng Materials Science and Engineering,LC0200A,CHEM1300,13878,TC1
1696,BEng Materials Science and Engineering,LC0200A,LC0200A,14952,T36
1697,BEng Materials Science and Engineering,LC0200A,LC0200A,10876,T07
1697,BEng Materials Science and Engineering,LC0200A,MSE1001,11332,C61
1697,BEng Materials Science and Engineering,LC0200A,CHEM1300,11747,C01
1697,BEng Materials Science and Engineering,LC0200A,CHEM1300,11752,T02
1697,BEng Materials Science and Engineering,LC0200A,MA1200,11788,CC1
1697,BEng Materials Science and Engineering,LC0200A,MA1200,11794,TC2
1697,BEng Materials Science and Engineering,LC0200A,CHEM1300,12098,L02
1697,BEng Materials Science and Engineering,LC0200A,PHY1201,12177,L01
1697,BEng Materials Science and Engineering,LC0200A,PHY1201,12367,C02
1697,BEng Materials Science and Engineering,LC0200A,PHY1201,12369,T02
1698,BEng Materials Science and Engineering,LC0200A,LC0200A,10875,T06
1698,BEng Materials Science and Engineering,LC0200A,MSE1001,11332,C61
1698,BEng Materials Science and Engineering,LC0200A,PHY1201,11377,T01
1698,BEng Materials Science and Engineering,LC0200A,CHEM1300,11748,C02
1698,BEng Materials Science and Engineering,LC0200A,CHEM1300,11750,L05
1698,BEng Materials Science and Engineering,LC0200A,CHEM1300,11756,T05
1698,BEng Materials Science and Engineering,LC0200A,MA1200,11787,CA1
1698,BEng Materials Science and Engineering,LC0200A,MA1200,11792,TA3
1698,BEng Materials Science and Engineering,LC0200A,PHY1201,12177,L01
1698,BEng Materials Science and Engineering,LC0200A,PHY1201,12368,C01
1699,BEng Materials Science and Engineering,LC0200A,LC0200A,10863,T03
1699,BEng Materials Science and Engineering,LC0200A,MSE1001,11332,C61
1699,BEng Materials Science and Engineering,LC0200A,CHEM1300,11748,C02
1699,BEng Materials Science and Engineering,LC0200A,CHEM1300,11755,T01
1699,BEng Materials Science and Engineering,LC0200A,MA1200,11789,CD1
1699,BEng Materials Science and Engineering,LC0200A,MA1200,11797,TD2
1699,BEng Materials Science and Engineering,LC0200A,CHEM1300,12099,L03
1699,BEng Materials Science and Engineering,LC0200A,PHY1201,12179,L03
1699,BEng Materials Science and Engineering,LC0200A,PHY1201,12368,C01
1699,BEng Materials Science and Engineering,LC0200A,PHY1201,12369,T02
1700,BEng Materials Science and Engineering,LC0200A,MSE1001,11332,C61
1700,BEng Materials Science and Engineering,LC0200A,PHY1201,11386,CA1
1700,BEng Materials Science and Engineering,LC0200A,MA1200,11787,CA1
1700,BEng Materials Science and Engineering,LC0200A,MA1200,11792,TA3
1700,BEng Materials Science and Engineering,LC0200A,PHY1201,12188,TA1
1700,BEng Materials Science and Engineering,LC0200A,PHY1201,12376,LA2
1700,BEng Materials Science and Engineering,LC0200A,CHEM1300,13875,CC1
1700,BEng Materials Science and Engineering,LC0200A,CHEM1300,13876,LC1
1700,BEng Materials Science and Engineering,LC0200A,CHEM1300,13878,TC1
1700,BEng Materials Science and Engineering,LC0200A,LC0200A,14952,T36
1701,BEng Materials Science and Engineering,LC0200A,LC0200A,10863,T03
1701,BEng Materials Science and Engineering,LC0200A,MSE1001,11332,C61
1701,BEng Materials Science and Engineering,LC0200A,CHEM1300,11748,C02
1701,BEng Materials Science and Engineering,LC0200A,CHEM1300,11756,T05
1701,BEng Materials Science and Engineering,LC0200A,MA1200,11789,CD1
1701,BEng Materials Science and Engineering,LC0200A,MA1200,11797,TD2
1701,BEng Materials Science and Engineering,LC0200A,CHEM1300,12099,L03
1701,BEng Materials Science and Engineering,LC0200A,PHY1201,12179,L03
1701,BEng Materials Science and Engineering,LC0200A,PHY1201,12368,C01
1701,BEng Materials Science and Engineering,LC0200A,PHY1201,12369,T02
1702,BEng Materials Science and Engineering,LC0200A,MSE1001,11332,C61
1702,BEng Materials Science and Engineering,LC0200A,PHY1201,11386,CA1
1702,BEng Materials Science and Engineering,LC0200A,MA1200,11787,CA1
1702,BEng Materials Science and Engineering,LC0200A,MA1200,11792,TA3
1702,BEng Materials Science and Engineering,LC0200A,PHY1201,12188,TA1
1702,BEng Materials Science and Engineering,LC0200A,PHY1201,12376,LA2
1702,BEng Materials Science and Engineering,LC0200A,CHEM1300,13875,CC1
1702,BEng Materials Science and Engineering,LC0200A,CHEM1300,13876,LC1
1702,BEng Materials Science and Engineering,LC0200A,CHEM1300,13878,TC1
1702,BEng Materials Science and Engineering,LC0200A,LC0200A,14952,T36
1703,BEng Materials Science and Engineering,LC0200A,LC0200A,10889,T21
1703,BEng Materials Science and Engineering,LC0200A,MSE1001,11332,C61
1703,BEng Materials Science and Engineering,LC0200A,CHEM1300,11748,C02
1703,BEng Materials Science and Engineering,LC0200A,CHEM1300,11750,L05
1703,BEng Materials Science and Engineering,LC0200A,CHEM1300,11754,T03
1703,BEng Materials Science and Engineering,LC0200A,MA1200,11789,CD1
1703,BEng Materials Science and Engineering,LC0200A,MA1200,11797,TD2
1703,BEng Materials Science and Engineering,LC0200A,PHY1201,12179,L03
1703,BEng Materials Science and Engineering,LC0200A,PHY1201,12368,C01
1703,BEng Materials Science and Engineering,LC0200A,PHY1201,12369,T02
1704,BEng Materials Science and Engineering,LC0200A,LC0200A,10893,T25
1704,BEng Materials Science and Engineering,LC0200A,MSE1001,11332,C61
1704,BEng Materials Science and Engineering,LC0200A,MA1200,11788,CC1
1704,BEng Materials Science and Engineering,LC0200A,MA1200,11794,TC2
1704,BEng Materials Science and Engineering,LC0200A,CHEM1300,12268,CA1
1704,BEng Materials Science and Engineering,LC0200A,CHEM1300,12270,LA1
1704,BEng Materials Science and Engineering,LC0200A,CHEM1300,12271,TA1
1704,BEng Materials Science and Engineering,LC0200A,PHY1201,12371,CA2
1704,BEng Materials Science and Engineering,LC0200A,PHY1201,12372,TA2
1704,BEng Materials Science and Engineering,LC0200A,PHY1201,12376,LA2
1705,BEng Intelligent Manufacturing Engineering,GE1401,PHY1201,11386,CA1
1705,BEng Intelligent Manufacturing Engineering,GE1401,MA1200,11787,CA1
1705,BEng Intelligent Manufacturing Engineering,GE1401,MA1200,11792,TA3
1705,BEng Intelligent Manufacturing Engineering,GE1401,PHY1201,12188,TA1
1705,BEng Intelligent Manufacturing Engineering,GE1401,SYE2066,12338,C01
1705,BEng Intelligent Manufacturing Engineering,GE1401,PHY1201,12379,LA5
1705,BEng Intelligent Manufacturing Engineering,GE1401,GE1501,12621,CB2
1705,BEng Intelligent Manufacturing Engineering,GE1401,GE1401,12735,T74
1706,BEng Intelligent Manufacturing Engineering,GE1401,MA1200,11786,CH1
1706,BEng Intelligent Manufacturing Engineering,GE1401,MA1200,11808,TH1
1706,BEng Intelligent Manufacturing Engineering,GE1401,PHY1201,12179,L03
1706,BEng Intelligent Manufacturing Engineering,GE1401,SYE2066,12338,C01
1706,BEng Intelligent Manufacturing Engineering,GE1401,PHY1201,12368,C01
1706,BEng Intelligent Manufacturing Engineering,GE1401,PHY1201,12369,T02
1706,BEng Intelligent Manufacturing Engineering,GE1401,GE1501,12616,C11
1706,BEng Intelligent Manufacturing Engineering,GE1401,GE1401,13573,TB2
1707,BEng Intelligent Manufacturing Engineering,GE1401,GE1401,10705,T30
1707,BEng Intelligent Manufacturing Engineering,GE1401,MA1200,11785,CG1
1707,BEng Intelligent Manufacturing Engineering,GE1401,MA1200,11807,TG3
1707,BEng Intelligent Manufacturing Engineering,GE1401,PHY1201,12180,L04
1707,BEng Intelligent Manufacturing Engineering,GE1401,SYE2066,12338,C01
1707,BEng Intelligent Manufacturing Engineering,GE1401,PHY1201,12368,C01
1707,BEng Intelligent Manufacturing Engineering,GE1401,PHY1201,12369,T02
1707,BEng Intelligent Manufacturing Engineering,GE1401,GE1501,12616,C11
1708,BEng Intelligent Manufacturing Engineering,GE1401,PHY1201,11386,CA1
1708,BEng Intelligent Manufacturing Engineering,GE1401,MA1200,11787,CA1
1708,BEng Intelligent Manufacturing Engineering,GE1401,MA1200,11792,TA3
1708,BEng Intelligent Manufacturing Engineering,GE1401,PHY1201,12188,TA1
1708,BEng Intelligent Manufacturing Engineering,GE1401,SYE2066,12338,C01
1708,BEng Intelligent Manufacturing Engineering,GE1401,PHY1201,12379,LA5
1708,BEng Intelligent Manufacturing Engineering,GE1401,GE1501,12621,CB2
1708,BEng Intelligent Manufacturing Engineering,GE1401,GE1401,12735,T74
1709,BEng Intelligent Manufacturing Engineering,GE1401,PHY1201,11377,T01
1709,BEng Intelligent Manufacturing Engineering,GE1401,GE1401,11491,T69
1709,BEng Intelligent Manufacturing Engineering,GE1401,MA1200,11787,CA1
1709,BEng Intelligent Manufacturing Engineering,GE1401,MA1200,11790,TA1
1709,BEng Intelligent Manufacturing Engineering,GE1401,PHY1201,12178,L02
1709,BEng Intelligent Manufacturing Engineering,GE1401,SYE2066,12338,C01
1709,BEng Intelligent Manufacturing Engineering,GE1401,PHY1201,12368,C01
1709,BEng Intelligent Manufacturing Engineering,GE1401,GE1501,12616,C11
1710,BEng Intelligent Manufacturing Engineering,GE1401,GE1401,10695,T19
1710,BEng Intelligent Manufacturing Engineering,GE1401,MA1200,11784,CF1
1710,BEng Intelligent Manufacturing Engineering,GE1401,MA1200,11804,TF3
1710,BEng Intelligent Manufacturing Engineering,GE1401,PHY1201,12180,L04
1710,BEng Intelligent Manufacturing Engineering,GE1401,SYE2066,12338,C01
1710,BEng Intelligent Manufacturing Engineering,GE1401,PHY1201,12368,C01
1710,BEng Intelligent Manufacturing Engineering,GE1401,PHY1201,12369,T02
1710,BEng Intelligent Manufacturing Engineering,GE1401,GE1501,12616,C11
1711,BEng Intelligent Manufacturing Engineering,GE1401,GE1401,10715,T45
1711,BEng Intelligent Manufacturing Engineering,GE1401,PHY1201,11377,T01
1711,BEng Intelligent Manufacturing Engineering,GE1401,MA1200,11789,CD1
1711,BEng Intelligent Manufacturing Engineering,GE1401,MA1200,11798,TD3
1711,BEng Intelligent Manufacturing Engineering,GE1401,PHY1201,12181,L05
1711,BEng Intelligent Manufacturing Engineering,GE1401,SYE2066,12338,C01
1711,BEng Intelligent Manufacturing Engineering,GE1401,PHY1201,12368,C01
1711,BEng Intelligent Manufacturing Engineering,GE1401,GE1501,12616,C11
1712,BEng Intelligent Manufacturing Engineering,GE1401,PHY1201,11386,CA1
1712,BEng Intelligent Manufacturing Engineering,GE1401,MA1200,11787,CA1
1712,BEng Intelligent Manufacturing Engineering,GE1401,MA1200,11792,TA3
1712,BEng Intelligent Manufacturing Engineering,GE1401,PHY1201,12188,TA1
1712,BEng Intelligent Manufacturing Engineering,GE1401,SYE2066,12338,C01
1712,BEng Intelligent Manufacturing Engineering,GE1401,PHY1201,12379,LA5
1712,BEng Intelligent Manufacturing Engineering,GE1401,GE1501,12621,CB2
1712,BEng Intelligent Manufacturing Engineering,GE1401,GE1401,12735,T74
1713,BEng Intelligent Manufacturing Engineering,GE1401,GE1401,10690,T13
1713,BEng Intelligent Manufacturing Engineering,GE1401,MA1200,11784,CF1
1713,BEng Intelligent Manufacturing Engineering,GE1401,MA1200,11804,TF3
1713,BEng Intelligent Manufacturing Engineering,GE1401,PHY1201,12180,L04
1713,BEng Intelligent Manufacturing Engineering,GE1401,SYE2066,12338,C01
1713,BEng Intelligent Manufacturing Engineering,GE1401,PHY1201,12368,C01
1713,BEng Intelligent Manufacturing Engineering,GE1401,PHY1201,12369,T02
1713,BEng Intelligent Manufacturing Engineering,GE1401,GE1501,12616,C11
1714,BEng Intelligent Manufacturing Engineering,GE1401,GE1501,10604,C09
1714,BEng Intelligent Manufacturing Engineering,GE1401,GE1401,10694,T17
1714,BEng Intelligent Manufacturing Engineering,GE1401,MA1200,11784,CF1
1714,BEng Intelligent Manufacturing Engineering,GE1401,MA1200,11804,TF3
1714,BEng Intelligent Manufacturing Engineering,GE1401,PHY1201,12180,L04
1714,BEng Intelligent Manufacturing Engineering,GE1401,SYE2066,12338,C01
1714,BEng Intelligent Manufacturing Engineering,GE1401,PHY1201,12368,C01
1714,BEng Intelligent Manufacturing Engineering,GE1401,PHY1201,12369,T02
1715,BEng Intelligent Manufacturing Engineering,GE1401,GE1501,10604,C09
1715,BEng Intelligent Manufacturing Engineering,GE1401,GE1401,10686,T09
1715,BEng Intelligent Manufacturing Engineering,GE1401,MA1200,11784,CF1
1715,BEng Intelligent Manufacturing Engineering,GE1401,MA1200,11804,TF3
1715,BEng Intelligent Manufacturing Engineering,GE1401,PHY1201,12180,L04
1715,BEng Intelligent Manufacturing Engineering,GE1401,SYE2066,12338,C01
1715,BEng Intelligent Manufacturing Engineering,GE1401,PHY1201,12368,C01
1715,BEng Intelligent Manufacturing Engineering,GE1401,PHY1201,12369,T02
1716,BEng Intelligent Manufacturing Engineering,GE1401,MA1200,11784,CF1
1716,BEng Intelligent Manufacturing Engineering,GE1401,MA1200,11804,TF3
1716,BEng Intelligent Manufacturing Engineering,GE1401,PHY1201,12180,L04
1716,BEng Intelligent Manufacturing Engineering,GE1401,SYE2066,12338,C01
1716,BEng Intelligent Manufacturing Engineering,GE1401,PHY1201,12368,C01
1716,BEng Intelligent Manufacturing Engineering,GE1401,PHY1201,12369,T02
1716,BEng Intelligent Manufacturing Engineering,GE1401,GE1401,12396,T46
1716,BEng Intelligent Manufacturing Engineering,GE1401,GE1501,12622,C16
1717,BEng Intelligent Manufacturing Engineering,GE1401,GE1501,10604,C09
1717,BEng Intelligent Manufacturing Engineering,GE1401,GE1401,10723,T56
1717,BEng Intelligent Manufacturing Engineering,GE1401,MA1200,11782,CE1
1717,BEng Intelligent Manufacturing Engineering,GE1401,MA1200,11801,TE3
1717,BEng Intelligent Manufacturing Engineering,GE1401,PHY1201,12180,L04
1717,BEng Intelligent Manufacturing Engineering,GE1401,SYE2066,12338,C01
1717,BEng Intelligent Manufacturing Engineering,GE1401,PHY1201,12368,C01
1717,BEng Intelligent Manufacturing Engineering,GE1401,PHY1201,12369,T02
1718,BEng Intelligent Manufacturing Engineering,GE1401,GE1501,10604,C09
1718,BEng Intelligent Manufacturing Engineering,GE1401,GE1401,10727,T60
1718,BEng Intelligent Manufacturing Engineering,GE1401,MA1200,11782,CE1
1718,BEng Intelligent Manufacturing Engineering,GE1401,MA1200,11801,TE3
1718,BEng Intelligent Manufacturing Engineering,GE1401,PHY1201,12180,L04
1718,BEng Intelligent Manufacturing Engineering,GE1401,SYE2066,12338,C01
1718,BEng Intelligent Manufacturing Engineering,GE1401,PHY1201,12368,C01
1718,BEng Intelligent Manufacturing Engineering,GE1401,PHY1201,12369,T02
1719,BEng Intelligent Manufacturing Engineering,GE1401,MA1200,11785,CG1
1719,BEng Intelligent Manufacturing Engineering,GE1401,MA1200,11807,TG3
1719,BEng Intelligent Manufacturing Engineering,GE1401,PHY1201,12180,L04
1719,BEng Intelligent Manufacturing Engineering,GE1401,SYE2066,12338,C01
1719,BEng Intelligent Manufacturing Engineering,GE1401,PHY1201,12368,C01
1719,BEng Intelligent Manufacturing Engineering,GE1401,PHY1201,12369,T02
1719,BEng Intelligent Manufacturing Engineering,GE1401,GE1401,12396,T46
1719,BEng Intelligent Manufacturing Engineering,GE1401,GE1501,12622,C16
1720,BEng Intelligent Manufacturing Engineering,GE1401,MA1200,11785,CG1
1720,BEng Intelligent Manufacturing Engineering,GE1401,MA1200,11805,TG1
1720,BEng Intelligent Manufacturing Engineering,GE1401,GE1401,12122,T35
1720,BEng Intelligent Manufacturing Engineering,GE1401,PHY1201,12179,L03
1720,BEng Intelligent Manufacturing Engineering,GE1401,SYE2066,12338,C01
1720,BEng Intelligent Manufacturing Engineering,GE1401,PHY1201,12368,C01
1720,BEng Intelligent Manufacturing Engineering,GE1401,PHY1201,12369,T02
1720,BEng Intelligent Manufacturing Engineering,GE1401,GE1501,12616,C11
1721,BEng Intelligent Manufacturing Engineering,GE1401,PHY1201,11377,T01
1721,BEng Intelligent Manufacturing Engineering,GE1401,MA1200,11787,CA1
1721,BEng Intelligent Manufacturing Engineering,GE1401,MA1200,11790,TA1
1721,BEng Intelligent Manufacturing Engineering,GE1401,PHY1201,12178,L02
1721,BEng Intelligent Manufacturing Engineering,GE1401,SYE2066,12338,C01
1721,BEng Intelligent Manufacturing Engineering,GE1401,PHY1201,12368,C01
1721,BEng Intelligent Manufacturing Engineering,GE1401,GE1501,12616,C11
1721,BEng Intelligent Manufacturing Engineering,GE1401,GE1401,13576,TB5
1722,BEng Intelligent Manufacturing Engineering,GE1401,MA1200,11785,CG1
1722,BEng Intelligent Manufacturing Engineering,GE1401,MA1200,11807,TG3
1722,BEng Intelligent Manufacturing Engineering,GE1401,PHY1201,12180,L04
1722,BEng Intelligent Manufacturing Engineering,GE1401,SYE2066,12338,C01
1722,BEng Intelligent Manufacturing Engineering,GE1401,PHY1201,12368,C01
1722,BEng Intelligent Manufacturing Engineering,GE1401,PHY1201,12369,T02
1722,BEng Intelligent Manufacturing Engineering,GE1401,GE1401,12396,T46
1722,BEng Intelligent Manufacturing Engineering,GE1401,GE1501,12622,C16
1723,BEng Intelligent Manufacturing Engineering,GE1401,PHY1201,11377,T01
1723,BEng Intelligent Manufacturing Engineering,GE1401,GE1401,11491,T69
1723,BEng Intelligent Manufacturing Engineering,GE1401,MA1200,11787,CA1
1723,BEng Intelligent Manufacturing Engineering,GE1401,MA1200,11790,TA1
1723,BEng Intelligent Manufacturing Engineering,GE1401,PHY1201,12178,L02
1723,BEng Intelligent Manufacturing Engineering,GE1401,SYE2066,12338,C01
1723,BEng Intelligent Manufacturing Engineering,GE1401,PHY1201,12368,C01
1723,BEng Intelligent Manufacturing Engineering,GE1401,GE1501,12616,C11
1724,BEng Intelligent Manufacturing Engineering,GE1401,GE1401,10731,T66
1724,BEng Intelligent Manufacturing Engineering,GE1401,MA1200,11789,CD1
1724,BEng Intelligent Manufacturing Engineering,GE1401,MA1200,11797,TD2
1724,BEng Intelligent Manufacturing Engineering,GE1401,SYE2066,12338,C01
1724,BEng Intelligent Manufacturing Engineering,GE1401,PHY1201,12371,CA2
1724,BEng Intelligent Manufacturing Engineering,GE1401,PHY1201,12372,TA2
1724,BEng Intelligent Manufacturing Engineering,GE1401,PHY1201,12377,LA3
1724,BEng Intelligent Manufacturing Engineering,GE1401,GE1501,12618,C13
1725,BEng Intelligent Manufacturing Engineering,GE1401,GE1401,10705,T30
1725,BEng Intelligent Manufacturing Engineering,GE1401,MA1200,11785,CG1
1725,BEng Intelligent Manufacturing Engineering,GE1401,MA1200,11807,TG3
1725,BEng Intelligent Manufacturing Engineering,GE1401,PHY1201,12180,L04
1725,BEng Intelligent Manufacturing Engineering,GE1401,SYE2066,12338,C01
1725,BEng Intelligent Manufacturing Engineering,GE1401,PHY1201,12368,C01
1725,BEng Intelligent Manufacturing Engineering,GE1401,PHY1201,12369,T02
1725,BEng Intelligent Manufacturing Engineering,GE1401,GE1501,12616,C11
1726,BEng Intelligent Manufacturing Engineering,GE1401,GE1501,10604,C09
1726,BEng Intelligent Manufacturing Engineering,GE1401,GE1401,10705,T30
1726,BEng Intelligent Manufacturing Engineering,GE1401,MA1200,11785,CG1
1726,BEng Intelligent Manufacturing Engineering,GE1401,MA1200,11807,TG3
1726,BEng Intelligent Manufacturing Engineering,GE1401,PHY1201,12180,L04
1726,BEng Intelligent Manufacturing Engineering,GE1401,SYE2066,12338,C01
1726,BEng Intelligent Manufacturing Engineering,GE1401,PHY1201,12368,C01
1726,BEng Intelligent Manufacturing Engineering,GE1401,PHY1201,12369,T02
1727,BEng Intelligent Manufacturing Engineering,GE1401,GE1401,10679,T02
1727,BEng Intelligent Manufacturing Engineering,GE1401,PHY1201,11386,CA1
1727,BEng Intelligent Manufacturing Engineering,GE1401,MA1200,11787,CA1
1727,BEng Intelligent Manufacturing Engineering,GE1401,MA1200,11792,TA3
1727,BEng Intelligent Manufacturing Engineering,GE1401,PHY1201,12188,TA1
1727,BEng Intelligent Manufacturing Engineering,GE1401,SYE2066,12338,C01
1727,BEng Intelligent Manufacturing Engineering,GE1401,PHY1201,12379,LA5
1727,BEng Intelligent Manufacturing Engineering,GE1401,GE1501,12616,C11
1728,BEng Intelligent Manufacturing Engineering,LC0200A,GE1501,10254,C06
1728,BEng Intelligent Manufacturing Engineering,LC0200A,LC0200A,10893,T25
1728,BEng Intelligent Manufacturing Engineering,LC0200A,MA1200,11788,CC1
1728,BEng Intelligent Manufacturing Engineering,LC0200A,MA1200,11794,TC2
1728,BEng Intelligent Manufacturing Engineering,LC0200A,PHY1201,12181,L05
1728,BEng Intelligent Manufacturing Engineering,LC0200A,SYE2066,12338,C01
1728,BEng Intelligent Manufacturing Engineering,LC0200A,PHY1201,12367,C02
1728,BEng Intelligent Manufacturing Engineering,LC0200A,PHY1201,12369,T02
1729,BEng Intelligent Manufacturing Engineering,LC0200A,PHY1201,11377,T01
1729,BEng Intelligent Manufacturing Engineering,LC0200A,MA1200,11787,CA1
1729,BEng Intelligent Manufacturing Engineering,LC0200A,MA1200,11792,TA3
1729,BEng Intelligent Manufacturing Engineering,LC0200A,PHY1201,12181,L05
1729,BEng Intelligent Manufacturing Engineering,LC0200A,LC0200A,12333,T40
1729,BEng Intelligent Manufacturing Engineering,LC0200A,SYE2066,12338,C01
1729,BEng Intelligent Manufacturing Engineering,LC0200A,PHY1201,12368,C01
1729,BEng Intelligent Manufacturing Engineering,LC0200A,GE1501,12621,CB2
1730,BEng Intelligent Manufacturing Engineering,LC0200A,LC0200A,10888,T20
1730,BEng Intelligent Manufacturing Engineering,LC0200A,MA1200,11788,CC1
1730,BEng Intelligent Manufacturing Engineering,LC0200A,MA1200,11793,TC1
1730,BEng Intelligent Manufacturing Engineering,LC0200A,PHY1201,12178,L02
1730,BEng Intelligent Manufacturing Engineering,LC0200A,SYE2066,12338,C01
1730,BEng Intelligent Manufacturing Engineering,LC0200A,PHY1201,12368,C01
1730,BEng Intelligent Manufacturing Engineering,LC0200A,PHY1201,12369,T02
1730,BEng Intelligent Manufacturing Engineering,LC0200A,GE1501,12620,C15
1731,BEng Intelligent Manufacturing Engineering,LC0200A,LC0200A,10888,T20
1731,BEng Intelligent Manufacturing Engineering,LC0200A,MA1200,11787,CA1
1731,BEng Intelligent Manufacturing Engineering,LC0200A,MA1200,11790,TA1
1731,BEng Intelligent Manufacturing Engineering,LC0200A,PHY1201,12178,L02
1731,BEng Intelligent Manufacturing Engineering,LC0200A,SYE2066,12338,C01
1731,BEng Intelligent Manufacturing Engineering,LC0200A,PHY1201,12368,C01
1731,BEng Intelligent Manufacturing Engineering,LC0200A,PHY1201,12369,T02
1731,BEng Intelligent Manufacturing Engineering,LC0200A,GE1501,12620,C15
1732,BEng Intelligent Manufacturing Engineering,LC0200A,LC0200A,10891,T23
1732,BEng Intelligent Manufacturing Engineering,LC0200A,MA1200,11785,CG1
1732,BEng Intelligent Manufacturing Engineering,LC0200A,MA1200,11807,TG3
1732,BEng Intelligent Manufacturing Engineering,LC0200A,PHY1201,12180,L04
1732,BEng Intelligent Manufacturing Engineering,LC0200A,SYE2066,12338,C01
1732,BEng Intelligent Manufacturing Engineering,LC0200A,PHY1201,12368,C01
1732,BEng Intelligent Manufacturing Engineering,LC0200A,PHY1201,12369,T02
1732,BEng Intelligent Manufacturing Engineering,LC0200A,GE1501,12622,C16
1733,BEng Intelligent Manufacturing Engineering,LC0200A,PHY1201,11377,T01
1733,BEng Intelligent Manufacturing Engineering,LC0200A,MA1200,11788,CC1
1733,BEng Intelligent Manufacturing Engineering,LC0200A,MA1200,11795,TC3
1733,BEng Intelligent Manufacturing Engineering,LC0200A,PHY1201,12181,L05
1733,BEng Intelligent Manufacturing Engineering,LC0200A,LC0200A,12333,T40
1733,BEng Intelligent Manufacturing Engineering,LC0200A,SYE2066,12338,C01
1733,BEng Intelligent Manufacturing Engineering,LC0200A,PHY1201,12368,C01
1733,BEng Intelligent Manufacturing Engineering,LC0200A,GE1501,12621,CB2
1734,BEng Intelligent Manufacturing Engineering,LC0200A,PHY1201,11377,T01
1734,BEng Intelligent Manufacturing Engineering,LC0200A,MA1200,11788,CC1
1734,BEng Intelligent Manufacturing Engineering,LC0200A,MA1200,11795,TC3
1734,BEng Intelligent Manufacturing Engineering,LC0200A,PHY1201,12181,L05
1734,BEng Intelligent Manufacturing Engineering,LC0200A,LC0200A,12333,T40
1734,BEng Intelligent Manufacturing Engineering,LC0200A,SYE2066,12338,C01
1734,BEng Intelligent Manufacturing Engineering,LC0200A,PHY1201,12368,C01
1734,BEng Intelligent Manufacturing Engineering,LC0200A,GE1501,12621,CB2
1735,BEng Intelligent Manufacturing Engineering,LC0200A,GE1501,10604,C09
1735,BEng Intelligent Manufacturing Engineering,LC0200A,LC0200A,10878,T09
1735,BEng Intelligent Manufacturing Engineering,LC0200A,MA1200,11784,CF1
1735,BEng Intelligent Manufacturing Engineering,LC0200A,MA1200,11804,TF3
1735,BEng Intelligent Manufacturing Engineering,LC0200A,PHY1201,12180,L04
1735,BEng Intelligent Manufacturing Engineering,LC0200A,SYE2066,12338,C01
1735,BEng Intelligent Manufacturing Engineering,LC0200A,PHY1201,12368,C01
1735,BEng Intelligent Manufacturing Engineering,LC0200A,PHY1201,12369,T02
1736,BEng Intelligent Manufacturing Engineering,LC0200A,LC0200A,10888,T20
1736,BEng Intelligent Manufacturing Engineering,LC0200A,MA1200,11787,CA1
1736,BEng Intelligent Manufacturing Engineering,LC0200A,MA1200,11790,TA1
1736,BEng Intelligent Manufacturing Engineering,LC0200A,PHY1201,12178,L02
1736,BEng Intelligent Manufacturing Engineering,LC0200A,SYE2066,12338,C01
1736,BEng Intelligent Manufacturing Engineering,LC0200A,PHY1201,12368,C01
1736,BEng Intelligent Manufacturing Engineering,LC0200A,PHY1201,12369,T02
1736,BEng Intelligent Manufacturing Engineering,LC0200A,GE1501,12620,C15
1737,BEng Innovation and Enterprise Engineering,GE1401,MA1200,11789,CD1
1737,BEng Innovation and Enterprise Engineering,GE1401,MA1200,11798,TD3
1737,BEng Innovation and Enterprise Engineering,GE1401,PHY1201,12188,TA1
1737,BEng Innovation and Enterprise Engineering,GE1401,PHY1201,12371,CA2
1737,BEng Innovation and Enterprise Engineering,GE1401,PHY1201,12375,LA1
1737,BEng Innovation and Enterprise Engineering,GE1401,GE1501,12621,CB2
1737,BEng Innovation and Enterprise Engineering,GE1401,GE2304,12651,C01
1737,BEng Innovation and Enterprise Engineering,GE1401,SYE1001,14066,C01
1737,BEng Innovation and Enterprise Engineering,GE1401,GE1401,14271,TB8
1738,BEng Innovation and Enterprise Engineering,GE1401,GE1501,10253,C05
1738,BEng Innovation and Enterprise Engineering,GE1401,MA1200,11789,CD1
1738,BEng Innovation and Enterprise Engineering,GE1401,MA1200,11796,TD1
1738,BEng Innovation and Enterprise Engineering,GE1401,PHY1201,12178,L02
1738,BEng Innovation and Enterprise Engineering,GE1401,PHY1201,12368,C01
1738,BEng Innovation and Enterprise Engineering,GE1401,PHY1201,12369,T02
1738,BEng Innovation and Enterprise Engineering,GE1401,GE1401,12397,T51
1738,BEng Innovation and Enterprise Engineering,GE1401,GE2304,12651,C01
1738,BEng Innovation and Enterprise Engineering,GE1401,SYE1001,14066,C01
1739,BEng Innovation and Enterprise Engineering,GE1401,GE1501,10253,C05
1739,BEng Innovation and Enterprise Engineering,GE1401,GE1401,10679,T02
1739,BEng Innovation and Enterprise Engineering,GE1401,PHY1201,11386,CA1
1739,BEng Innovation and Enterprise Engineering,GE1401,MA1200,11789,CD1
1739,BEng Innovation and Enterprise Engineering,GE1401,MA1200,11798,TD3
1739,BEng Innovation and Enterprise Engineering,GE1401,PHY1201,12188,TA1
1739,BEng Innovation and Enterprise Engineering,GE1401,PHY1201,12375,LA1
1739,BEng Innovation and Enterprise Engineering,GE1401,GE2304,12651,C01
1739,BEng Innovation and Enterprise Engineering,GE1401,SYE1001,14066,C01
1740,BEng Innovation and Enterprise Engineering,GE1401,PHY1201,11377,T01
1740,BEng Innovation and Enterprise Engineering,GE1401,MA1200,11789,CD1
1740,BEng Innovation and Enterprise Engineering,GE1401,MA1200,11798,TD3
1740,BEng Innovation and Enterprise Engineering,GE1401,PHY1201,12178,L02
1740,BEng Innovation and Enterprise Engineering,GE1401,PHY1201,12368,C01
1740,BEng Innovation and Enterprise Engineering,GE1401,GE1501,12621,CB2
1740,BEng Innovation and Enterprise Engineering,GE1401,GE2304,12651,C01
1740,BEng Innovation and Enterprise Engineering,GE1401,SYE1001,14066,C01
1740,BEng Innovation and Enterprise Engineering,GE1401,GE1401,15600,T14
1741,BEng Innovation and Enterprise Engineering,GE1401,MA1200,11789,CD1
1741,BEng Innovation and Enterprise Engineering,GE1401,MA1200,11798,TD3
1741,BEng Innovation and Enterprise Engineering,GE1401,PHY1201,12188,TA1
1741,BEng Innovation and Enterprise Engineering,GE1401,PHY1201,12371,CA2
1741,BEng Innovation and Enterprise Engineering,GE1401,PHY1201,12375,LA1
1741,BEng Innovation and Enterprise Engineering,GE1401,GE1501,12621,CB2
1741,BEng Innovation and Enterprise Engineering,GE1401,GE2304,12651,C01
1741,BEng Innovation and Enterprise Engineering,GE1401,SYE1001,14066,C01
1741,BEng Innovation and Enterprise Engineering,GE1401,GE1401,14271,TB8
1742,BEng Innovation and Enterprise Engineering,GE1401,MA1200,11789,CD1
1742,BEng Innovation and Enterprise Engineering,GE1401,MA1200,11796,TD1
1742,BEng Innovation and Enterprise Engineering,GE1401,PHY1201,12178,L02
1742,BEng Innovation and Enterprise Engineering,GE1401,PHY1201,12368,C01
1742,BEng Innovation and Enterprise Engineering,GE1401,PHY1201,12369,T02
1742,BEng Innovation and Enterprise Engineering,GE1401,GE1501,12616,C11
1742,BEng Innovation and Enterprise Engineering,GE1401,GE2304,12651,C01
1742,BEng Innovation and Enterprise Engineering,GE1401,SYE1001,14066,C01
1742,BEng Innovation and Enterprise Engineering,GE1401,GE1401,15600,T14
1743,BEng Innovation and Enterprise Engineering,GE1401,GE1401,10680,T03
1743,BEng Innovation and Enterprise Engineering,GE1401,PHY1201,11386,CA1
1743,BEng Innovation and Enterprise Engineering,GE1401,MA1200,11789,CD1
1743,BEng Innovation and Enterprise Engineering,GE1401,MA1200,11798,TD3
1743,BEng Innovation and Enterprise Engineering,GE1401,PHY1201,12188,TA1
1743,BEng Innovation and Enterprise Engineering,GE1401,PHY1201,12376,LA2
1743,BEng Innovation and Enterprise Engineering,GE1401,GE1501,12621,CB2
1743,BEng Innovation and Enterprise Engineering,GE1401,GE2304,12651,C01
1743,BEng Innovation and Enterprise Engineering,GE1401,SYE1001,14066,C01
1744,BEng Innovation and Enterprise Engineering,GE1401,PHY1201,11377,T01
1744,BEng Innovation and Enterprise Engineering,GE1401,MA1200,11789,CD1
1744,BEng Innovation and Enterprise Engineering,GE1401,MA1200,11796,TD1
1744,BEng Innovation and Enterprise Engineering,GE1401,PHY1201,12178,L02
1744,BEng Innovation and Enterprise Engineering,GE1401,PHY1201,12368,C01
1744,BEng Innovation and Enterprise Engineering,GE1401,GE1501,12616,C11
1744,BEng Innovation and Enterprise Engineering,GE1401,GE2304,12651,C01
1744,BEng Innovation and Enterprise Engineering,GE1401,SYE1001,14066,C01
1744,BEng Innovation and Enterprise Engineering,GE1401,GE1401,15600,T14
1745,BEng Innovation and Enterprise Engineering,GE1401,GE1501,10254,C06
1745,BEng Innovation and Enterprise Engineering,GE1401,MA1200,11789,CD1
1745,BEng Innovation and Enterprise Engineering,GE1401,MA1200,11796,TD1
1745,BEng Innovation and Enterprise Engineering,GE1401,PHY1201,12371,CA2
1745,BEng Innovation and Enterprise Engineering,GE1401,PHY1201,12372,TA2
1745,BEng Innovation and Enterprise Engineering,GE1401,PHY1201,12376,LA2
1745,BEng Innovation and Enterprise Engineering,GE1401,GE2304,12651,C01
1745,BEng Innovation and Enterprise Engineering,GE1401,SYE1001,14066,C01
1745,BEng Innovation and Enterprise Engineering,GE1401,GE1401,14270,TB7
1746,BEng Innovation and Enterprise Engineering,GE1401,GE1501,10254,C06
1746,BEng Innovation and Enterprise Engineering,GE1401,MA1200,11789,CD1
1746,BEng Innovation and Enterprise Engineering,GE1401,MA1200,11796,TD1
1746,BEng Innovation and Enterprise Engineering,GE1401,PHY1201,12371,CA2
1746,BEng Innovation and Enterprise Engineering,GE1401,PHY1201,12372,TA2
1746,BEng Innovation and Enterprise Engineering,GE1401,PHY1201,12376,LA2
1746,BEng Innovation and Enterprise Engineering,GE1401,GE2304,12651,C01
1746,BEng Innovation and Enterprise Engineering,GE1401,SYE1001,14066,C01
1746,BEng Innovation and Enterprise Engineering,GE1401,GE1401,14270,TB7
1747,BEng Innovation and Enterprise Engineering,GE1401,GE1501,10254,C06
1747,BEng Innovation and Enterprise Engineering,GE1401,MA1200,11789,CD1
1747,BEng Innovation and Enterprise Engineering,GE1401,MA1200,11796,TD1
1747,BEng Innovation and Enterprise Engineering,GE1401,PHY1201,12371,CA2
1747,BEng Innovation and Enterprise Engineering,GE1401,PHY1201,12372,TA2
1747,BEng Innovation and Enterprise Engineering,GE1401,PHY1201,12376,LA2
1747,BEng Innovation and Enterprise Engineering,GE1401,GE2304,12651,C01
1747,BEng Innovation and Enterprise Engineering,GE1401,SYE1001,14066,C01
1747,BEng Innovation and Enterprise Engineering,GE1401,GE1401,14270,TB7
1748,BEng Innovation and Enterprise Engineering,GE1401,PHY1201,11377,T01
1748,BEng Innovation and Enterprise Engineering,GE1401,MA1200,11789,CD1
1748,BEng Innovation and Enterprise Engineering,GE1401,MA1200,11798,TD3
1748,BEng Innovation and Enterprise Engineering,GE1401,PHY1201,12178,L02
1748,BEng Innovation and Enterprise Engineering,GE1401,PHY1201,12367,C02
1748,BEng Innovation and Enterprise Engineering,GE1401,GE1501,12621,CB2
1748,BEng Innovation and Enterprise Engineering,GE1401,GE2304,12651,C01
1748,BEng Innovation and Enterprise Engineering,GE1401,SYE1001,14066,C01
1748,BEng Innovation and Enterprise Engineering,GE1401,GE1401,14271,TB8
1749,BEng Innovation and Enterprise Engineering,GE1401,MA1200,11789,CD1
1749,BEng Innovation and Enterprise Engineering,GE1401,MA1200,11796,TD1
1749,BEng Innovation and Enterprise Engineering,GE1401,PHY1201,12178,L02
1749,BEng Innovation and Enterprise Engineering,GE1401,PHY1201,12368,C01
1749,BEng Innovation and Enterprise Engineering,GE1401,PHY1201,12369,T02
1749,BEng Innovation and Enterprise Engineering,GE1401,GE1501,12616,C11
1749,BEng Innovation and Enterprise Engineering,GE1401,GE2304,12651,C01
1749,BEng Innovation and Enterprise Engineering,GE1401,SYE1001,14066,C01
1749,BEng Innovation and Enterprise Engineering,GE1401,GE1401,15600,T14
1750,BEng Innovation and Enterprise Engineering,GE1401,PHY1201,11377,T01
1750,BEng Innovation and Enterprise Engineering,GE1401,MA1200,11789,CD1
1750,BEng Innovation and Enterprise Engineering,GE1401,MA1200,11796,TD1
1750,BEng Innovation and Enterprise Engineering,GE1401,PHY1201,12178,L02
1750,BEng Innovation and Enterprise Engineering,GE1401,PHY1201,12368,C01
1750,BEng Innovation and Enterprise Engineering,GE1401,GE1501,12616,C11
1750,BEng Innovation and Enterprise Engineering,GE1401,GE2304,12651,C01
1750,BEng Innovation and Enterprise Engineering,GE1401,SYE1001,14066,C01
1750,BEng Innovation and Enterprise Engineering,GE1401,GE1401,15600,T14
1751,BEng Innovation and Enterprise Engineering,GE1401,PHY1201,11377,T01
1751,BEng Innovation and Enterprise Engineering,GE1401,MA1200,11789,CD1
1751,BEng Innovation and Enterprise Engineering,GE1401,MA1200,11798,TD3
1751,BEng Innovation and Enterprise Engineering,GE1401,PHY1201,12178,L02
1751,BEng Innovation and Enterprise Engineering,GE1401,PHY1201,12368,C01
1751,BEng Innovation and Enterprise Engineering,GE1401,GE1501,12616,C11
1751,BEng Innovation and Enterprise Engineering,GE1401,GE2304,12651,C01
1751,BEng Innovation and Enterprise Engineering,GE1401,SYE1001,14066,C01
1751,BEng Innovation and Enterprise Engineering,GE1401,GE1401,15600,T14
1752,BEng Innovation and Enterprise Engineering,GE1401,GE1501,10253,C05
1752,BEng Innovation and Enterprise Engineering,GE1401,GE1401,11507,T80
1752,BEng Innovation and Enterprise Engineering,GE1401,MA1200,11789,CD1
1752,BEng Innovation and Enterprise Engineering,GE1401,MA1200,11796,TD1
1752,BEng Innovation and Enterprise Engineering,GE1401,PHY1201,12178,L02
1752,BEng Innovation and Enterprise Engineering,GE1401,PHY1201,12368,C01
1752,BEng Innovation and Enterprise Engineering,GE1401,PHY1201,12369,T02
1752,BEng Innovation and Enterprise Engineering,GE1401,GE2304,12651,C01
1752,BEng Innovation and Enterprise Engineering,GE1401,SYE1001,14066,C01
1753,BEng Innovation and Enterprise Engineering,LC0200A,LC0200A,10862,T02
1753,BEng Innovation and Enterprise Engineering,LC0200A,MA1200,11789,CD1
1753,BEng Innovation and Enterprise Engineering,LC0200A,MA1200,11796,TD1
1753,BEng Innovation and Enterprise Engineering,LC0200A,PHY1201,12178,L02
1753,BEng Innovation and Enterprise Engineering,LC0200A,PHY1201,12367,C02
1753,BEng Innovation and Enterprise Engineering,LC0200A,PHY1201,12369,T02
1753,BEng Innovation and Enterprise Engineering,LC0200A,GE1501,12616,C11
1753,BEng Innovation and Enterprise Engineering,LC0200A,GE2304,12651,C01
1753,BEng Innovation and Enterprise Engineering,LC0200A,SYE1001,14066,C01
1754,BEng Innovation and Enterprise Engineering,LC0200A,LC0200A,10885,T16
1754,BEng Innovation and Enterprise Engineering,LC0200A,PHY1201,11377,T01
1754,BEng Innovation and Enterprise Engineering,LC0200A,MA1200,11789,CD1
1754,BEng Innovation and Enterprise Engineering,LC0200A,MA1200,11798,TD3
1754,BEng Innovation and Enterprise Engineering,LC0200A,PHY1201,12177,L01
1754,BEng Innovation and Enterprise Engineering,LC0200A,PHY1201,12368,C01
1754,BEng Innovation and Enterprise Engineering,LC0200A,GE1501,12616,C11
1754,BEng Innovation and Enterprise Engineering,LC0200A,GE2304,12651,C01
1754,BEng Innovation and Enterprise Engineering,LC0200A,SYE1001,14066,C01
1755,BEng Innovation and Enterprise Engineering,LC0200A,PHY1201,11377,T01
1755,BEng Innovation and Enterprise Engineering,LC0200A,MA1200,11789,CD1
1755,BEng Innovation and Enterprise Engineering,LC0200A,MA1200,11798,TD3
1755,BEng Innovation and Enterprise Engineering,LC0200A,PHY1201,12179,L03
1755,BEng Innovation and Enterprise Engineering,LC0200A,LC0200A,12333,T40
1755,BEng Innovation and Enterprise Engineering,LC0200A,PHY1201,12367,C02
1755,BEng Innovation and Enterprise Engineering,LC0200A,GE1501,12621,CB2
1755,BEng Innovation and Enterprise Engineering,LC0200A,GE2304,12651,C01
1755,BEng Innovation and Enterprise Engineering,LC0200A,SYE1001,14066,C01
1756,BEng Innovation and Enterprise Engineering,LC0200A,GE1501,10253,C05
1756,BEng Innovation and Enterprise Engineering,LC0200A,LC0200A,10888,T20
1756,BEng Innovation and Enterprise Engineering,LC0200A,PHY1201,11377,T01
1756,BEng Innovation and Enterprise Engineering,LC0200A,MA1200,11789,CD1
1756,BEng Innovation and Enterprise Engineering,LC0200A,MA1200,11796,TD1
1756,BEng Innovation and Enterprise Engineering,LC0200A,PHY1201,12178,L02
1756,BEng Innovation and Enterprise Engineering,LC0200A,PHY1201,12368,C01
1756,BEng Innovation and Enterprise Engineering,LC0200A,GE2304,12651,C01
1756,BEng Innovation and Enterprise Engineering,LC0200A,SYE1001,14066,C01
1757,BEng Innovation and Enterprise Engineering,LC0200A,PHY1201,11377,T01
1757,BEng Innovation and Enterprise Engineering,LC0200A,MA1200,11789,CD1
1757,BEng Innovation and Enterprise Engineering,LC0200A,MA1200,11798,TD3
1757,BEng Innovation and Enterprise Engineering,LC0200A,PHY1201,12179,L03
1757,BEng Innovation and Enterprise Engineering,LC0200A,LC0200A,12333,T40
1757,BEng Innovation and Enterprise Engineering,LC0200A,PHY1201,12367,C02
1757,BEng Innovation and Enterprise Engineering,LC0200A,GE1501,12621,CB2
1757,BEng Innovation and Enterprise Engineering,LC0200A,GE2304,12651,C01
1757,BEng Innovation and Enterprise Engineering,LC0200A,SYE1001,14066,C01
1758,BEng Innovation and Enterprise Engineering,LC0200A,GE1501,10255,C07
1758,BEng Innovation and Enterprise Engineering,LC0200A,LC0200A,11449,T34
1758,BEng Innovation and Enterprise Engineering,LC0200A,MA1200,11789,CD1
1758,BEng Innovation and Enterprise Engineering,LC0200A,MA1200,11796,TD1
1758,BEng Innovation and Enterprise Engineering,LC0200A,PHY1201,12178,L02
1758,BEng Innovation and Enterprise Engineering,LC0200A,PHY1201,12368,C01
1758,BEng Innovation and Enterprise Engineering,LC0200A,PHY1201,12369,T02
1758,BEng Innovation and Enterprise Engineering,LC0200A,GE2304,12651,C01
1758,BEng Innovation and Enterprise Engineering,LC0200A,SYE1001,14066,C01
1759,BEng Innovation and Enterprise Engineering,LC0200A,PHY1201,11377,T01
1759,BEng Innovation and Enterprise Engineering,LC0200A,MA1200,11789,CD1
1759,BEng Innovation and Enterprise Engineering,LC0200A,MA1200,11798,TD3
1759,BEng Innovation and Enterprise Engineering,LC0200A,PHY1201,12179,L03
1759,BEng Innovation and Enterprise Engineering,LC0200A,LC0200A,12333,T40
1759,BEng Innovation and Enterprise Engineering,LC0200A,PHY1201,12367,C02
1759,BEng Innovation and Enterprise Engineering,LC0200A,GE1501,12621,CB2
1759,BEng Innovation and Enterprise Engineering,LC0200A,GE2304,12651,C01
1759,BEng Innovation and Enterprise Engineering,LC0200A,SYE1001,14066,C01
1760,BEng Energy Science and Engineering,GE1401,CHEM1200,11295,L04
1760,BEng Energy Science and Engineering,GE1401,CHEM1200,11735,C02
1760,BEng Energy Science and Engineering,GE1401,CHEM1300,11747,C01
1760,BEng Energy Science and Engineering,GE1401,CHEM1300,11752,T02
1760,BEng Energy Science and Engineering,GE1401,MA1200,11785,CG1
1760,BEng Energy Science and Engineering,GE1401,MA1200,11807,TG3
1760,BEng Energy Science and Engineering,GE1401,CHEM1300,12098,L02
1760,BEng Energy Science and Engineering,GE1401,SEE1003,12365,C01
1760,BEng Energy Science and Engineering,GE1401,GE1401,13263,T92
1761,BEng Energy Science and Engineering,GE1401,CHEM1200,10384,C01
1761,BEng Energy Science and Engineering,GE1401,CHEM1200,11092,L02
1761,BEng Energy Science and Engineering,GE1401,CHEM1300,11747,C01
1761,BEng Energy Science and Engineering,GE1401,CHEM1300,11752,T02
1761,BEng Energy Science and Engineering,GE1401,MA1200,11785,CG1
1761,BEng Energy Science and Engineering,GE1401,MA1200,11806,TG2
1761,BEng Energy Science and Engineering,GE1401,CHEM1300,12098,L02
1761,BEng Energy Science and Engineering,GE1401,GE1401,12127,T84
1761,BEng Energy Science and Engineering,GE1401,SEE1003,12365,C01
1762,BEng Energy Science and Engineering,GE1401,GE1401,10696,T20
1762,BEng Energy Science and Engineering,GE1401,CHEM1200,11294,L03
1762,BEng Energy Science and Engineering,GE1401,CHEM1200,11735,C02
1762,BEng Energy Science and Engineering,GE1401,CHEM1300,11747,C01
1762,BEng Energy Science and Engineering,GE1401,CHEM1300,11755,T01
1762,BEng Energy Science and Engineering,GE1401,MA1200,11782,CE1
1762,BEng Energy Science and Engineering,GE1401,MA1200,11801,TE3
1762,BEng Energy Science and Engineering,GE1401,CHEM1300,12100,L01
1762,BEng Energy Science and Engineering,GE1401,SEE1003,12365,C01
1763,BEng Energy Science and Engineering,GE1401,GE1401,10708,T34
1763,BEng Energy Science and Engineering,GE1401,CHEM1200,11295,L04
1763,BEng Energy Science and Engineering,GE1401,CHEM1200,11735,C02
1763,BEng Energy Science and Engineering,GE1401,CHEM1300,11747,C01
1763,BEng Energy Science and Engineering,GE1401,CHEM1300,11755,T01
1763,BEng Energy Science and Engineering,GE1401,MA1200,11785,CG1
1763,BEng Energy Science and Engineering,GE1401,MA1200,11807,TG3
1763,BEng Energy Science and Engineering,GE1401,CHEM1300,12098,L02
1763,BEng Energy Science and Engineering,GE1401,SEE1003,12365,C01
1764,BEng Energy Science and Engineering,GE1401,GE1401,10727,T60
1764,BEng Energy Science and Engineering,GE1401,CHEM1200,11294,L03
1764,BEng Energy Science and Engineering,GE1401,CHEM1200,11735,C02
1764,BEng Energy Science and Engineering,GE1401,CHEM1300,11747,C01
1764,BEng Energy Science and Engineering,GE1401,CHEM1300,11752,T02
1764,BEng Energy Science and Engineering,GE1401,MA1200,11782,CE1
1764,BEng Energy Science and Engineering,GE1401,MA1200,11800,TE2
1764,BEng Energy Science and Engineering,GE1401,CHEM1300,12269,L04
1764,BEng Energy Science and Engineering,GE1401,SEE1003,12366,CA1
1765,BEng Energy Science and Engineering,GE1401,GE1401,10708,T34
1765,BEng Energy Science and Engineering,GE1401,CHEM1200,11295,L04
1765,BEng Energy Science and Engineering,GE1401,CHEM1200,11735,C02
1765,BEng Energy Science and Engineering,GE1401,CHEM1300,11747,C01
1765,BEng Energy Science and Engineering,GE1401,CHEM1300,11755,T01
1765,BEng Energy Science and Engineering,GE1401,MA1200,11785,CG1
1765,BEng Energy Science and Engineering,GE1401,MA1200,11807,TG3
1765,BEng Energy Science and Engineering,GE1401,CHEM1300,12098,L02
1765,BEng Energy Science and Engineering,GE1401,SEE1003,12365,C01
1766,BEng Energy Science and Engineering,GE1401,CHEM1200,10384,C01
1766,BEng Energy Science and Engineering,GE1401,CHEM1200,11092,L02
1766,BEng Energy Science and Engineering,GE1401,CHEM1300,11747,C01
1766,BEng Energy Science and Engineering,GE1401,CHEM1300,11752,T02
1766,BEng Energy Science and Engineering,GE1401,MA1200,11784,CF1
1766,BEng Energy Science and Engineering,GE1401,MA1200,11803,TF2
1766,BEng Energy Science and Engineering,GE1401,CHEM1300,12098,L02
1766,BEng Energy Science and Engineering,GE1401,GE1401,12127,T84
1766,BEng Energy Science and Engineering,GE1401,SEE1003,12365,C01
1767,BEng Energy Science and Engineering,GE1401,GE1401,10696,T20
1767,BEng Energy Science and Engineering,GE1401,CHEM1200,11294,L03
1767,BEng Energy Science and Engineering,GE1401,CHEM1200,11735,C02
1767,BEng Energy Science and Engineering,GE1401,CHEM1300,11747,C01
1767,BEng Energy Science and Engineering,GE1401,CHEM1300,11755,T01
1767,BEng Energy Science and Engineering,GE1401,MA1200,11784,CF1
1767,BEng Energy Science and Engineering,GE1401,MA1200,11803,TF2
1767,BEng Energy Science and Engineering,GE1401,CHEM1300,12100,L01
1767,BEng Energy Science and Engineering,GE1401,SEE1003,12365,C01
1768,BEng Energy Science and Engineering,GE1401,CHEM1200,11092,L02
1768,BEng Energy Science and Engineering,GE1401,CHEM1200,11735,C02
1768,BEng Energy Science and Engineering,GE1401,CHEM1300,11747,C01
1768,BEng Energy Science and Engineering,GE1401,CHEM1300,11752,T02
1768,BEng Energy Science and Engineering,GE1401,MA1200,11786,CH1
1768,BEng Energy Science and Engineering,GE1401,MA1200,11810,TH3
1768,BEng Energy Science and Engineering,GE1401,CHEM1300,12098,L02
1768,BEng Energy Science and Engineering,GE1401,SEE1003,12365,C01
1768,BEng Energy Science and Engineering,GE1401,GE1401,13574,TB3
1769,BEng Energy Science and Engineering,GE1401,CHEM1200,11294,L03
1769,BEng Energy Science and Engineering,GE1401,CHEM1200,11735,C02
1769,BEng Energy Science and Engineering,GE1401,CHEM1300,11747,C01
1769,BEng Energy Science and Engineering,GE1401,CHEM1300,11752,T02
1769,BEng Energy Science and Engineering,GE1401,MA1200,11782,CE1
1769,BEng Energy Science and Engineering,GE1401,MA1200,11800,TE2
1769,BEng Energy Science and Engineering,GE1401,CHEM1300,12100,L01
1769,BEng Energy Science and Engineering,GE1401,SEE1003,12366,CA1
1769,BEng Energy Science and Engineering,GE1401,GE1401,12735,T74
1770,BEng Energy Science and Engineering,GE1401,CHEM1200,11295,L04
1770,BEng Energy Science and Engineering,GE1401,GE1401,11495,T77
1770,BEng Energy Science and Engineering,GE1401,CHEM1200,11735,C02
1770,BEng Energy Science and Engineering,GE1401,CHEM1300,11747,C01
1770,BEng Energy Science and Engineering,GE1401,CHEM1300,11752,T02
1770,BEng Energy Science and Engineering,GE1401,MA1200,11784,CF1
1770,BEng Energy Science and Engineering,GE1401,MA1200,11803,TF2
1770,BEng Energy Science and Engineering,GE1401,CHEM1300,12098,L02
1770,BEng Energy Science and Engineering,GE1401,SEE1003,12365,C01
1771,BEng Energy Science and Engineering,GE1401,GE1401,10723,T56
1771,BEng Energy Science and Engineering,GE1401,CHEM1200,11294,L03
1771,BEng Energy Science and Engineering,GE1401,CHEM1200,11735,C02
1771,BEng Energy Science and Engineering,GE1401,CHEM1300,11747,C01
1771,BEng Energy Science and Engineering,GE1401,CHEM1300,11752,T02
1771,BEng Energy Science and Engineering,GE1401,MA1200,11782,CE1
1771,BEng Energy Science and Engineering,GE1401,MA1200,11800,TE2
1771,BEng Energy Science and Engineering,GE1401,CHEM1300,12269,L04
1771,BEng Energy Science and Engineering,GE1401,SEE1003,12366,CA1
1772,BEng Energy Science and Engineering,GE1401,CHEM1200,10384,C01
1772,BEng Energy Science and Engineering,GE1401,CHEM1200,11092,L02
1772,BEng Energy Science and Engineering,GE1401,CHEM1300,11747,C01
1772,BEng Energy Science and Engineering,GE1401,CHEM1300,11752,T02
1772,BEng Energy Science and Engineering,GE1401,MA1200,11786,CH1
1772,BEng Energy Science and Engineering,GE1401,MA1200,11809,TH2
1772,BEng Energy Science and Engineering,GE1401,CHEM1300,12098,L02
1772,BEng Energy Science and Engineering,GE1401,SEE1003,12365,C01
1772,BEng Energy Science and Engineering,GE1401,GE1401,12814,T91
1773,BEng Energy Science and Engineering,GE1401,CHEM1200,11092,L02
1773,BEng Energy Science and Engineering,GE1401,CHEM1200,11735,C02
1773,BEng Energy Science and Engineering,GE1401,CHEM1300,11747,C01
1773,BEng Energy Science and Engineering,GE1401,CHEM1300,11752,T02
1773,BEng Energy Science and Engineering,GE1401,MA1200,11786,CH1
1773,BEng Energy Science and Engineering,GE1401,MA1200,11810,TH3
1773,BEng Energy Science and Engineering,GE1401,CHEM1300,12098,L02
1773,BEng Energy Science and Engineering,GE1401,SEE1003,12365,C01
1773,BEng Energy Science and Engineering,GE1401,GE1401,13574,TB3
1774,BEng Energy Science and Engineering,GE1401,GE1401,10708,T34
1774,BEng Energy Science and Engineering,GE1401,CHEM1200,11295,L04
1774,BEng Energy Science and Engineering,GE1401,CHEM1200,11735,C02
1774,BEng Energy Science and Engineering,GE1401,CHEM1300,11747,C01
1774,BEng Energy Science and Engineering,GE1401,CHEM1300,11755,T01
1774,BEng Energy Science and Engineering,GE1401,MA1200,11785,CG1
1774,BEng Energy Science and Engineering,GE1401,MA1200,11807,TG3
1774,BEng Energy Science and Engineering,GE1401,CHEM1300,12098,L02
1774,BEng Energy Science and Engineering,GE1401,SEE1003,12365,C01
1775,BEng Energy Science and Engineering,GE1401,GE1401,10708,T34
1775,BEng Energy Science and Engineering,GE1401,CHEM1200,11295,L04
1775,BEng Energy Science and Engineering,GE1401,CHEM1200,11735,C02
1775,BEng Energy Science and Engineering,GE1401,CHEM1300,11747,C01
1775,BEng Energy Science and Engineering,GE1401,CHEM1300,11755,T01
1775,BEng Energy Science and Engineering,GE1401,MA1200,11785,CG1
1775,BEng Energy Science and Engineering,GE1401,MA1200,11807,TG3
1775,BEng Energy Science and Engineering,GE1401,CHEM1300,12098,L02
1775,BEng Energy Science and Engineering,GE1401,SEE1003,12365,C01
1776,BEng Energy Science and Engineering,GE1401,GE1401,10701,T25
1776,BEng Energy Science and Engineering,GE1401,CHEM1200,11295,L04
1776,BEng Energy Science and Engineering,GE1401,CHEM1200,11735,C02
1776,BEng Energy Science and Engineering,GE1401,CHEM1300,11747,C01
1776,BEng Energy Science and Engineering,GE1401,CHEM1300,11755,T01
1776,BEng Energy Science and Engineering,GE1401,MA1200,11784,CF1
1776,BEng Energy Science and Engineering,GE1401,MA1200,11804,TF3
1776,BEng Energy Science and Engineering,GE1401,CHEM1300,12098,L02
1776,BEng Energy Science and Engineering,GE1401,SEE1003,12365,C01
1777,BEng Energy Science and Engineering,GE1401,GE1401,10357,T01
1777,BEng Energy Science and Engineering,GE1401,CHEM1200,11294,L03
1777,BEng Energy Science and Engineering,GE1401,CHEM1200,11735,C02
1777,BEng Energy Science and Engineering,GE1401,CHEM1300,11747,C01
1777,BEng Energy Science and Engineering,GE1401,CHEM1300,11751,T04
1777,BEng Energy Science and Engineering,GE1401,MA1200,11782,CE1
1777,BEng Energy Science and Engineering,GE1401,MA1200,11800,TE2
1777,BEng Energy Science and Engineering,GE1401,CHEM1300,12100,L01
1777,BEng Energy Science and Engineering,GE1401,SEE1003,12366,CA1
1778,BEng Energy Science and Engineering,GE1401,GE1401,10708,T34
1778,BEng Energy Science and Engineering,GE1401,CHEM1200,11295,L04
1778,BEng Energy Science and Engineering,GE1401,CHEM1200,11735,C02
1778,BEng Energy Science and Engineering,GE1401,CHEM1300,11747,C01
1778,BEng Energy Science and Engineering,GE1401,CHEM1300,11755,T01
1778,BEng Energy Science and Engineering,GE1401,MA1200,11785,CG1
1778,BEng Energy Science and Engineering,GE1401,MA1200,11807,TG3
1778,BEng Energy Science and Engineering,GE1401,CHEM1300,12098,L02
1778,BEng Energy Science and Engineering,GE1401,SEE1003,12365,C01
1779,BEng Energy Science and Engineering,GE1401,GE1401,10696,T20
1779,BEng Energy Science and Engineering,GE1401,CHEM1200,11294,L03
1779,BEng Energy Science and Engineering,GE1401,CHEM1200,11735,C02
1779,BEng Energy Science and Engineering,GE1401,CHEM1300,11747,C01
1779,BEng Energy Science and Engineering,GE1401,CHEM1300,11755,T01
1779,BEng Energy Science and Engineering,GE1401,MA1200,11782,CE1
1779,BEng Energy Science and Engineering,GE1401,MA1200,11800,TE2
1779,BEng Energy Science and Engineering,GE1401,CHEM1300,12098,L02
1779,BEng Energy Science and Engineering,GE1401,SEE1003,12366,CA1
1780,BEng Energy Science and Engineering,GE1401,GE1401,10701,T25
1780,BEng Energy Science and Engineering,GE1401,CHEM1200,11295,L04
1780,BEng Energy Science and Engineering,GE1401,CHEM1200,11735,C02
1780,BEng Energy Science and Engineering,GE1401,CHEM1300,11747,C01
1780,BEng Energy Science and Engineering,GE1401,CHEM1300,11755,T01
1780,BEng Energy Science and Engineering,GE1401,MA1200,11784,CF1
1780,BEng Energy Science and Engineering,GE1401,MA1200,11804,TF3
1780,BEng Energy Science and Engineering,GE1401,CHEM1300,12098,L02
1780,BEng Energy Science and Engineering,GE1401,SEE1003,12365,C01
1781,BEng Energy Science and Engineering,GE1401,GE1401,10696,T20
1781,BEng Energy Science and Engineering,GE1401,CHEM1200,11294,L03
1781,BEng Energy Science and Engineering,GE1401,CHEM1200,11735,C02
1781,BEng Energy Science and Engineering,GE1401,CHEM1300,11747,C01
1781,BEng Energy Science and Engineering,GE1401,CHEM1300,11751,T04
1781,BEng Energy Science and Engineering,GE1401,MA1200,11784,CF1
1781,BEng Energy Science and Engineering,GE1401,MA1200,11804,TF3
1781,BEng Energy Science and Engineering,GE1401,CHEM1300,12098,L02
1781,BEng Energy Science and Engineering,GE1401,SEE1003,12365,C01
1782,BEng Energy Science and Engineering,GE1401,CHEM1200,11092,L02
1782,BEng Energy Science and Engineering,GE1401,CHEM1200,11735,C02
1782,BEng Energy Science and Engineering,GE1401,CHEM1300,11747,C01
1782,BEng Energy Science and Engineering,GE1401,CHEM1300,11752,T02
1782,BEng Energy Science and Engineering,GE1401,MA1200,11786,CH1
1782,BEng Energy Science and Engineering,GE1401,MA1200,11810,TH3
1782,BEng Energy Science and Engineering,GE1401,CHEM1300,12098,L02
1782,BEng Energy Science and Engineering,GE1401,SEE1003,12365,C01
1782,BEng Energy Science and Engineering,GE1401,GE1401,13574,TB3
1783,BEng Energy Science and Engineering,LC0200A,LC0200A,10841,T01
1783,BEng Energy Science and Engineering,LC0200A,CHEM1200,11295,L04
1783,BEng Energy Science and Engineering,LC0200A,CHEM1200,11735,C02
1783,BEng Energy Science and Engineering,LC0200A,CHEM1300,11747,C01
1783,BEng Energy Science and Engineering,LC0200A,CHEM1300,11755,T01
1783,BEng Energy Science and Engineering,LC0200A,MA1200,11785,CG1
1783,BEng Energy Science and Engineering,LC0200A,MA1200,11807,TG3
1783,BEng Energy Science and Engineering,LC0200A,CHEM1300,12098,L02
1783,BEng Energy Science and Engineering,LC0200A,SEE1003,12365,C01
1784,BEng Energy Science and Engineering,LC0200A,LC0200A,10841,T01
1784,BEng Energy Science and Engineering,LC0200A,CHEM1200,11295,L04
1784,BEng Energy Science and Engineering,LC0200A,CHEM1200,11735,C02
1784,BEng Energy Science and Engineering,LC0200A,CHEM1300,11747,C01
1784,BEng Energy Science and Engineering,LC0200A,CHEM1300,11755,T01
1784,BEng Energy Science and Engineering,LC0200A,MA1200,11785,CG1
1784,BEng Energy Science and Engineering,LC0200A,MA1200,11807,TG3
1784,BEng Energy Science and Engineering,LC0200A,CHEM1300,12098,L02
1784,BEng Energy Science and Engineering,LC0200A,SEE1003,12365,C01
1785,BEng Energy Science and Engineering,LC0200A,LC0200A,10841,T01
1785,BEng Energy Science and Engineering,LC0200A,CHEM1200,11295,L04
1785,BEng Energy Science and Engineering,LC0200A,CHEM1200,11735,C02
1785,BEng Energy Science and Engineering,LC0200A,CHEM1300,11747,C01
1785,BEng Energy Science and Engineering,LC0200A,CHEM1300,11755,T01
1785,BEng Energy Science and Engineering,LC0200A,MA1200,11785,CG1
1785,BEng Energy Science and Engineering,LC0200A,MA1200,11807,TG3
1785,BEng Energy Science and Engineering,LC0200A,CHEM1300,12098,L02
1785,BEng Energy Science and Engineering,LC0200A,SEE1003,12365,C01
1786,BEng Energy Science and Engineering,LC0200A,CHEM1200,11294,L03
1786,BEng Energy Science and Engineering,LC0200A,CHEM1200,11735,C02
1786,BEng Energy Science and Engineering,LC0200A,CHEM1300,11747,C01
1786,BEng Energy Science and Engineering,LC0200A,CHEM1300,11752,T02
1786,BEng Energy Science and Engineering,LC0200A,MA1200,11782,CE1
1786,BEng Energy Science and Engineering,LC0200A,MA1200,11800,TE2
1786,BEng Energy Science and Engineering,LC0200A,CHEM1300,12098,L02
1786,BEng Energy Science and Engineering,LC0200A,SEE1003,12366,CA1
1786,BEng Energy Science and Engineering,LC0200A,LC0200A,14952,T36
1787,BEng Energy Science and Engineering,LC0200A,LC0200A,10841,T01
1787,BEng Energy Science and Engineering,LC0200A,CHEM1200,11295,L04
1787,BEng Energy Science and Engineering,LC0200A,CHEM1200,11735,C02
1787,BEng Energy Science and Engineering,LC0200A,CHEM1300,11747,C01
1787,BEng Energy Science and Engineering,LC0200A,CHEM1300,11755,T01
1787,BEng Energy Science and Engineering,LC0200A,MA1200,11785,CG1
1787,BEng Energy Science and Engineering,LC0200A,MA1200,11807,TG3
1787,BEng Energy Science and Engineering,LC0200A,CHEM1300,12098,L02
1787,BEng Energy Science and Engineering,LC0200A,SEE1003,12365,C01
1788,BEng Energy Science and Engineering,LC0200A,CHEM1200,11294,L03
1788,BEng Energy Science and Engineering,LC0200A,CHEM1200,11735,C02
1788,BEng Energy Science and Engineering,LC0200A,CHEM1300,11747,C01
1788,BEng Energy Science and Engineering,LC0200A,CHEM1300,11752,T02
1788,BEng Energy Science and Engineering,LC0200A,MA1200,11782,CE1
1788,BEng Energy Science and Engineering,LC0200A,MA1200,11800,TE2
1788,BEng Energy Science and Engineering,LC0200A,CHEM1300,12098,L02
1788,BEng Energy Science and Engineering,LC0200A,SEE1003,12366,CA1
1788,BEng Energy Science and Engineering,LC0200A,LC0200A,14950,T18
1789,BEng Energy Science and Engineering,LC0200A,CHEM1200,11294,L03
1789,BEng Energy Science and Engineering,LC0200A,CHEM1200,11735,C02
1789,BEng Energy Science and Engineering,LC0200A,CHEM1300,11747,C01
1789,BEng Energy Science and Engineering,LC0200A,CHEM1300,11752,T02
1789,BEng Energy Science and Engineering,LC0200A,MA1200,11782,CE1
1789,BEng Energy Science and Engineering,LC0200A,MA1200,11800,TE2
1789,BEng Energy Science and Engineering,LC0200A,CHEM1300,12098,L02
1789,BEng Energy Science and Engineering,LC0200A,SEE1003,12366,CA1
1789,BEng Energy Science and Engineering,LC0200A,LC0200A,14952,T36
1790,BEng Energy Science and Engineering,LC0200A,LC0200A,10887,T19
1790,BEng Energy Science and Engineering,LC0200A,CHEM1200,11092,L02
1790,BEng Energy Science and Engineering,LC0200A,CHEM1200,11735,C02
1790,BEng Energy Science and Engineering,LC0200A,CHEM1300,11747,C01
1790,BEng Energy Science and Engineering,LC0200A,CHEM1300,11752,T02
1790,BEng Energy Science and Engineering,LC0200A,MA1200,11785,CG1
1790,BEng Energy Science and Engineering,LC0200A,MA1200,11807,TG3
1790,BEng Energy Science and Engineering,LC0200A,CHEM1300,12098,L02
1790,BEng Energy Science and Engineering,LC0200A,SEE1003,12365,C01
1791,BEng Energy Science and Engineering,LC0200A,LC0200A,10841,T01
1791,BEng Energy Science and Engineering,LC0200A,CHEM1200,11295,L04
1791,BEng Energy Science and Engineering,LC0200A,CHEM1200,11735,C02
1791,BEng Energy Science and Engineering,LC0200A,CHEM1300,11747,C01
1791,BEng Energy Science and Engineering,LC0200A,CHEM1300,11755,T01
1791,BEng Energy Science and Engineering,LC0200A,MA1200,11785,CG1
1791,BEng Energy Science and Engineering,LC0200A,MA1200,11807,TG3
1791,BEng Energy Science and Engineering,LC0200A,CHEM1300,12098,L02
1791,BEng Energy Science and Engineering,LC0200A,SEE1003,12365,C01
1792,BEng Environmental Science and Engineering,GE1401,CHEM1200,11295,L04
1792,BEng Environmental Science and Engineering,GE1401,GE1401,11495,T77
1792,BEng Environmental Science and Engineering,GE1401,CHEM1200,11735,C02
1792,BEng Environmental Science and Engineering,GE1401,CHEM1300,11747,C01
1792,BEng Environmental Science and Engineering,GE1401,CHEM1300,11752,T02
1792,BEng Environmental Science and Engineering,GE1401,MA1200,11784,CF1
1792,BEng Environmental Science and Engineering,GE1401,MA1200,11803,TF2
1792,BEng Environmental Science and Engineering,GE1401,CHEM1300,12098,L02
1792,BEng Environmental Science and Engineering,GE1401,SEE1003,12365,C01
1793,BEng Environmental Science and Engineering,GE1401,CHEM1200,11092,L02
1793,BEng Environmental Science and Engineering,GE1401,CHEM1200,11735,C02
1793,BEng Environmental Science and Engineering,GE1401,CHEM1300,11747,C01
1793,BEng Environmental Science and Engineering,GE1401,CHEM1300,11752,T02
1793,BEng Environmental Science and Engineering,GE1401,MA1200,11785,CG1
1793,BEng Environmental Science and Engineering,GE1401,MA1200,11806,TG2
1793,BEng Environmental Science and Engineering,GE1401,CHEM1300,12098,L02
1793,BEng Environmental Science and Engineering,GE1401,SEE1003,12365,C01
1793,BEng Environmental Science and Engineering,GE1401,GE1401,12814,T91
1794,BEng Environmental Science and Engineering,GE1401,CHEM1200,11092,L02
1794,BEng Environmental Science and Engineering,GE1401,CHEM1200,11735,C02
1794,BEng Environmental Science and Engineering,GE1401,CHEM1300,11747,C01
1794,BEng Environmental Science and Engineering,GE1401,CHEM1300,11752,T02
1794,BEng Environmental Science and Engineering,GE1401,MA1200,11785,CG1
1794,BEng Environmental Science and Engineering,GE1401,MA1200,11807,TG3
1794,BEng Environmental Science and Engineering,GE1401,CHEM1300,12098,L02
1794,BEng Environmental Science and Engineering,GE1401,GE1401,12127,T84
1794,BEng Environmental Science and Engineering,GE1401,SEE1003,12365,C01
1795,BEng Environmental Science and Engineering,GE1401,CHEM1200,11092,L02
1795,BEng Environmental Science and Engineering,GE1401,CHEM1200,11735,C02
1795,BEng Environmental Science and Engineering,GE1401,CHEM1300,11747,C01
1795,BEng Environmental Science and Engineering,GE1401,CHEM1300,11752,T02
1795,BEng Environmental Science and Engineering,GE1401,MA1200,11785,CG1
1795,BEng Environmental Science and Engineering,GE1401,MA1200,11807,TG3
1795,BEng Environmental Science and Engineering,GE1401,CHEM1300,12098,L02
1795,BEng Environmental Science and Engineering,GE1401,GE1401,12127,T84
1795,BEng Environmental Science and Engineering,GE1401,SEE1003,12365,C01
1796,BEng Environmental Science and Engineering,GE1401,GE1401,10701,T25
1796,BEng Environmental Science and Engineering,GE1401,CHEM1200,11295,L04
1796,BEng Environmental Science and Engineering,GE1401,CHEM1200,11735,C02
1796,BEng Environmental Science and Engineering,GE1401,CHEM1300,11747,C01
1796,BEng Environmental Science and Engineering,GE1401,CHEM1300,11755,T01
1796,BEng Environmental Science and Engineering,GE1401,MA1200,11784,CF1
1796,BEng Environmental Science and Engineering,GE1401,MA1200,11804,TF3
1796,BEng Environmental Science and Engineering,GE1401,CHEM1300,12098,L02
1796,BEng Environmental Science and Engineering,GE1401,SEE1003,12365,C01
1797,BEng Environmental Science and Engineering,GE1401,CHEM1200,11092,L02
1797,BEng Environmental Science and Engineering,GE1401,CHEM1200,11735,C02
1797,BEng Environmental Science and Engineering,GE1401,CHEM1300,11747,C01
1797,BEng Environmental Science and Engineering,GE1401,CHEM1300,11752,T02
1797,BEng Environmental Science and Engineering,GE1401,MA1200,11785,CG1
1797,BEng Environmental Science and Engineering,GE1401,MA1200,11806,TG2
1797,BEng Environmental Science and Engineering,GE1401,CHEM1300,12098,L02
1797,BEng Environmental Science and Engineering,GE1401,SEE1003,12365,C01
1797,BEng Environmental Science and Engineering,GE1401,GE1401,12814,T91
1798,BEng Environmental Science and Engineering,GE1401,GE1401,10708,T34
1798,BEng Environmental Science and Engineering,GE1401,CHEM1200,11295,L04
1798,BEng Environmental Science and Engineering,GE1401,CHEM1200,11735,C02
1798,BEng Environmental Science and Engineering,GE1401,CHEM1300,11747,C01
1798,BEng Environmental Science and Engineering,GE1401,CHEM1300,11755,T01
1798,BEng Environmental Science and Engineering,GE1401,MA1200,11785,CG1
1798,BEng Environmental Science and Engineering,GE1401,MA1200,11807,TG3
1798,BEng Environmental Science and Engineering,GE1401,CHEM1300,12098,L02
1798,BEng Environmental Science and Engineering,GE1401,SEE1003,12365,C01
1799,BEng Environmental Science and Engineering,GE1401,CHEM1200,10384,C01
1799,BEng Environmental Science and Engineering,GE1401,CHEM1200,11092,L02
1799,BEng Environmental Science and Engineering,GE1401,CHEM1300,11747,C01
1799,BEng Environmental Science and Engineering,GE1401,CHEM1300,11752,T02
1799,BEng Environmental Science and Engineering,GE1401,MA1200,11785,CG1
1799,BEng Environmental Science and Engineering,GE1401,MA1200,11806,TG2
1799,BEng Environmental Science and Engineering,GE1401,CHEM1300,12098,L02
1799,BEng Environmental Science and Engineering,GE1401,GE1401,12127,T84
1799,BEng Environmental Science and Engineering,GE1401,SEE1003,12365,C01
1800,BEng Environmental Science and Engineering,GE1401,GE1401,10696,T20
1800,BEng Environmental Science and Engineering,GE1401,CHEM1200,11294,L03
1800,BEng Environmental Science and Engineering,GE1401,CHEM1200,11735,C02
1800,BEng Environmental Science and Engineering,GE1401,CHEM1300,11747,C01
1800,BEng Environmental Science and Engineering,GE1401,CHEM1300,11755,T01
1800,BEng Environmental Science and Engineering,GE1401,MA1200,11784,CF1
1800,BEng Environmental Science and Engineering,GE1401,MA1200,11803,TF2
1800,BEng Environmental Science and Engineering,GE1401,CHEM1300,12100,L01
1800,BEng Environmental Science and Engineering,GE1401,SEE1003,12365,C01
1801,BEng Environmental Science and Engineering,GE1401,GE1401,10708,T34
1801,BEng Environmental Science and Engineering,GE1401,CHEM1200,11295,L04
1801,BEng Environmental Science and Engineering,GE1401,CHEM1200,11735,C02
1801,BEng Environmental Science and Engineering,GE1401,CHEM1300,11747,C01
1801,BEng Environmental Science and Engineering,GE1401,CHEM1300,11755,T01
1801,BEng Environmental Science and Engineering,GE1401,MA1200,11785,CG1
1801,BEng Environmental Science and Engineering,GE1401,MA1200,11807,TG3
1801,BEng Environmental Science and Engineering,GE1401,CHEM1300,12098,L02
1801,BEng Environmental Science and Engineering,GE1401,SEE1003,12365,C01
1802,BEng Environmental Science and Engineering,GE1401,CHEM1200,11092,L02
1802,BEng Environmental Science and Engineering,GE1401,CHEM1200,11735,C02
1802,BEng Environmental Science and Engineering,GE1401,CHEM1300,11747,C01
1802,BEng Environmental Science and Engineering,GE1401,CHEM1300,11752,T02
1802,BEng Environmental Science and Engineering,GE1401,MA1200,11785,CG1
1802,BEng Environmental Science and Engineering,GE1401,MA1200,11807,TG3
1802,BEng Environmental Science and Engineering,GE1401,CHEM1300,12098,L02
1802,BEng Environmental Science and Engineering,GE1401,SEE1003,12365,C01
1802,BEng Environmental Science and Engineering,GE1401,GE1401,13263,T92
1803,BEng Environmental Science and Engineering,GE1401,GE1401,10696,T20
1803,BEng Environmental Science and Engineering,GE1401,CHEM1200,11294,L03
1803,BEng Environmental Science and Engineering,GE1401,CHEM1200,11735,C02
1803,BEng Environmental Science and Engineering,GE1401,CHEM1300,11747,C01
1803,BEng Environmental Science and Engineering,GE1401,CHEM1300,11755,T01
1803,BEng Environmental Science and Engineering,GE1401,MA1200,11782,CE1
1803,BEng Environmental Science and Engineering,GE1401,MA1200,11800,TE2
1803,BEng Environmental Science and Engineering,GE1401,CHEM1300,12100,L01
1803,BEng Environmental Science and Engineering,GE1401,SEE1003,12365,C01
1804,BEng Environmental Science and Engineering,GE1401,GE1401,10357,T01
1804,BEng Environmental Science and Engineering,GE1401,CHEM1200,11294,L03
1804,BEng Environmental Science and Engineering,GE1401,CHEM1200,11735,C02
1804,BEng Environmental Science and Engineering,GE1401,CHEM1300,11747,C01
1804,BEng Environmental Science and Engineering,GE1401,CHEM1300,11751,T04
1804,BEng Environmental Science and Engineering,GE1401,MA1200,11782,CE1
1804,BEng Environmental Science and Engineering,GE1401,MA1200,11800,TE2
1804,BEng Environmental Science and Engineering,GE1401,CHEM1300,12100,L01
1804,BEng Environmental Science and Engineering,GE1401,SEE1003,12366,CA1
1805,BEng Environmental Science and Engineering,GE1401,CHEM1200,11092,L02
1805,BEng Environmental Science and Engineering,GE1401,CHEM1200,11735,C02
1805,BEng Environmental Science and Engineering,GE1401,CHEM1300,11747,C01
1805,BEng Environmental Science and Engineering,GE1401,CHEM1300,11752,T02
1805,BEng Environmental Science and Engineering,GE1401,MA1200,11785,CG1
1805,BEng Environmental Science and Engineering,GE1401,MA1200,11807,TG3
1805,BEng Environmental Science and Engineering,GE1401,CHEM1300,12098,L02
1805,BEng Environmental Science and Engineering,GE1401,SEE1003,12365,C01
1805,BEng Environmental Science and Engineering,GE1401,GE1401,15183,TC4
1806,BEng Environmental Science and Engineering,GE1401,CHEM1200,11092,L02
1806,BEng Environmental Science and Engineering,GE1401,CHEM1200,11735,C02
1806,BEng Environmental Science and Engineering,GE1401,CHEM1300,11747,C01
1806,BEng Environmental Science and Engineering,GE1401,CHEM1300,11752,T02
1806,BEng Environmental Science and Engineering,GE1401,MA1200,11785,CG1
1806,BEng Environmental Science and Engineering,GE1401,MA1200,11807,TG3
1806,BEng Environmental Science and Engineering,GE1401,CHEM1300,12098,L02
1806,BEng Environmental Science and Engineering,GE1401,SEE1003,12365,C01
1806,BEng Environmental Science and Engineering,GE1401,GE1401,13263,T92
1807,BEng Environmental Science and Engineering,GE1401,GE1401,10708,T34
1807,BEng Environmental Science and Engineering,GE1401,CHEM1200,11295,L04
1807,BEng Environmental Science and Engineering,GE1401,CHEM1200,11735,C02
1807,BEng Environmental Science and Engineering,GE1401,CHEM1300,11747,C01
1807,BEng Environmental Science and Engineering,GE1401,CHEM1300,11751,T04
1807,BEng Environmental Science and Engineering,GE1401,MA1200,11785,CG1
1807,BEng Environmental Science and Engineering,GE1401,MA1200,11807,TG3
1807,BEng Environmental Science and Engineering,GE1401,CHEM1300,12098,L02
1807,BEng Environmental Science and Engineering,GE1401,SEE1003,12365,C01
1808,BEng Environmental Science and Engineering,GE1401,GE1401,10696,T20
1808,BEng Environmental Science and Engineering,GE1401,CHEM1200,11294,L03
1808,BEng Environmental Science and Engineering,GE1401,CHEM1200,11735,C02
1808,BEng Environmental Science and Engineering,GE1401,CHEM1300,11747,C01
1808,BEng Environmental Science and Engineering,GE1401,CHEM1300,11755,T01
1808,BEng Environmental Science and Engineering,GE1401,MA1200,11782,CE1
1808,BEng Environmental Science and Engineering,GE1401,MA1200,11800,TE2
1808,BEng Environmental Science and Engineering,GE1401,CHEM1300,12100,L01
1808,BEng Environmental Science and Engineering,GE1401,SEE1003,12366,CA1
1809,BEng Environmental Science and Engineering,GE1401,GE1401,10701,T25
1809,BEng Environmental Science and Engineering,GE1401,CHEM1200,11295,L04
1809,BEng Environmental Science and Engineering,GE1401,CHEM1200,11735,C02
1809,BEng Environmental Science and Engineering,GE1401,CHEM1300,11747,C01
1809,BEng Environmental Science and Engineering,GE1401,CHEM1300,11755,T01
1809,BEng Environmental Science and Engineering,GE1401,MA1200,11785,CG1
1809,BEng Environmental Science and Engineering,GE1401,MA1200,11807,TG3
1809,BEng Environmental Science and Engineering,GE1401,CHEM1300,12269,L04
1809,BEng Environmental Science and Engineering,GE1401,SEE1003,12365,C01
1810,BEng Environmental Science and Engineering,GE1401,GE1401,10701,T25
1810,BEng Environmental Science and Engineering,GE1401,CHEM1200,11294,L03
1810,BEng Environmental Science and Engineering,GE1401,CHEM1200,11735,C02
1810,BEng Environmental Science and Engineering,GE1401,CHEM1300,11747,C01
1810,BEng Environmental Science and Engineering,GE1401,CHEM1300,11751,T04
1810,BEng Environmental Science and Engineering,GE1401,MA1200,11784,CF1
1810,BEng Environmental Science and Engineering,GE1401,MA1200,11804,TF3
1810,BEng Environmental Science and Engineering,GE1401,CHEM1300,12100,L01
1810,BEng Environmental Science and Engineering,GE1401,SEE1003,12365,C01
1811,BEng Environmental Science and Engineering,GE1401,CHEM1200,11092,L02
1811,BEng Environmental Science and Engineering,GE1401,CHEM1200,11735,C02
1811,BEng Environmental Science and Engineering,GE1401,CHEM1300,11747,C01
1811,BEng Environmental Science and Engineering,GE1401,CHEM1300,11752,T02
1811,BEng Environmental Science and Engineering,GE1401,MA1200,11785,CG1
1811,BEng Environmental Science and Engineering,GE1401,MA1200,11807,TG3
1811,BEng Environmental Science and Engineering,GE1401,CHEM1300,12098,L02
1811,BEng Environmental Science and Engineering,GE1401,SEE1003,12365,C01
1811,BEng Environmental Science and Engineering,GE1401,GE1401,15205,TC5
1812,BEng Environmental Science and Engineering,GE1401,CHEM1200,11092,L02
1812,BEng Environmental Science and Engineering,GE1401,CHEM1200,11735,C02
1812,BEng Environmental Science and Engineering,GE1401,CHEM1300,11747,C01
1812,BEng Environmental Science and Engineering,GE1401,CHEM1300,11752,T02
1812,BEng Environmental Science and Engineering,GE1401,MA1200,11785,CG1
1812,BEng Environmental Science and Engineering,GE1401,MA1200,11807,TG3
1812,BEng Environmental Science and Engineering,GE1401,CHEM1300,12098,L02
1812,BEng Environmental Science and Engineering,GE1401,SEE1003,12365,C01
1812,BEng Environmental Science and Engineering,GE1401,GE1401,15183,TC4
1813,BEng Environmental Science and Engineering,GE1401,GE1401,10696,T20
1813,BEng Environmental Science and Engineering,GE1401,CHEM1200,11294,L03
1813,BEng Environmental Science and Engineering,GE1401,CHEM1200,11735,C02
1813,BEng Environmental Science and Engineering,GE1401,CHEM1300,11747,C01
1813,BEng Environmental Science and Engineering,GE1401,CHEM1300,11752,T02
1813,BEng Environmental Science and Engineering,GE1401,MA1200,11782,CE1
1813,BEng Environmental Science and Engineering,GE1401,MA1200,11801,TE3
1813,BEng Environmental Science and Engineering,GE1401,CHEM1300,12269,L04
1813,BEng Environmental Science and Engineering,GE1401,SEE1003,12365,C01
1814,BEng Environmental Science and Engineering,GE1401,CHEM1200,11295,L04
1814,BEng Environmental Science and Engineering,GE1401,GE1401,11495,T77
1814,BEng Environmental Science and Engineering,GE1401,CHEM1200,11735,C02
1814,BEng Environmental Science and Engineering,GE1401,CHEM1300,11747,C01
1814,BEng Environmental Science and Engineering,GE1401,CHEM1300,11752,T02
1814,BEng Environmental Science and Engineering,GE1401,MA1200,11784,CF1
1814,BEng Environmental Science and Engineering,GE1401,MA1200,11803,TF2
1814,BEng Environmental Science and Engineering,GE1401,CHEM1300,12098,L02
1814,BEng Environmental Science and Engineering,GE1401,SEE1003,12365,C01
1815,BEng Environmental Science and Engineering,LC0200A,LC0200A,10841,T01
1815,BEng Environmental Science and Engineering,LC0200A,CHEM1200,11295,L04
1815,BEng Environmental Science and Engineering,LC0200A,CHEM1200,11735,C02
1815,BEng Environmental Science and Engineering,LC0200A,CHEM1300,11747,C01
1815,BEng Environmental Science and Engineering,LC0200A,CHEM1300,11755,T01
1815,BEng Environmental Science and Engineering,LC0200A,MA1200,11784,CF1
1815,BEng Environmental Science and Engineering,LC0200A,MA1200,11804,TF3
1815,BEng Environmental Science and Engineering,LC0200A,CHEM1300,12100,L01
1815,BEng Environmental Science and Engineering,LC0200A,SEE1003,12365,C01
1816,BEng Environmental Science and Engineering,LC0200A,LC0200A,10887,T19
1816,BEng Environmental Science and Engineering,LC0200A,CHEM1200,11092,L02
1816,BEng Environmental Science and Engineering,LC0200A,CHEM1200,11735,C02
1816,BEng Environmental Science and Engineering,LC0200A,CHEM1300,11747,C01
1816,BEng Environmental Science and Engineering,LC0200A,CHEM1300,11752,T02
1816,BEng Environmental Science and Engineering,LC0200A,MA1200,11785,CG1
1816,BEng Environmental Science and Engineering,LC0200A,MA1200,11807,TG3
1816,BEng Environmental Science and Engineering,LC0200A,CHEM1300,12098,L02
1816,BEng Environmental Science and Engineering,LC0200A,SEE1003,12365,C01
1817,BEng Environmental Science and Engineering,LC0200A,LC0200A,10841,T01
1817,BEng Environmental Science and Engineering,LC0200A,CHEM1200,11294,L03
1817,BEng Environmental Science and Engineering,LC0200A,CHEM1200,11735,C02
1817,BEng Environmental Science and Engineering,LC0200A,CHEM1300,11747,C01
1817,BEng Environmental Science and Engineering,LC0200A,CHEM1300,11755,T01
1817,BEng Environmental Science and Engineering,LC0200A,MA1200,11782,CE1
1817,BEng Environmental Science and Engineering,LC0200A,MA1200,11801,TE3
1817,BEng Environmental Science and Engineering,LC0200A,CHEM1300,12269,L04
1817,BEng Environmental Science and Engineering,LC0200A,SEE1003,12365,C01
1818,BEng Environmental Science and Engineering,LC0200A,LC0200A,10841,T01
1818,BEng Environmental Science and Engineering,LC0200A,CHEM1200,11295,L04
1818,BEng Environmental Science and Engineering,LC0200A,CHEM1200,11735,C02
1818,BEng Environmental Science and Engineering,LC0200A,CHEM1300,11747,C01
1818,BEng Environmental Science and Engineering,LC0200A,CHEM1300,11755,T01
1818,BEng Environmental Science and Engineering,LC0200A,MA1200,11784,CF1
1818,BEng Environmental Science and Engineering,LC0200A,MA1200,11804,TF3
1818,BEng Environmental Science and Engineering,LC0200A,CHEM1300,12100,L01
1818,BEng Environmental Science and Engineering,LC0200A,SEE1003,12365,C01
1819,BEng Environmental Science and Engineering,LC0200A,LC0200A,10841,T01
1819,BEng Environmental Science and Engineering,LC0200A,CHEM1200,11295,L04
1819,BEng Environmental Science and Engineering,LC0200A,CHEM1200,11735,C02
1819,BEng Environmental Science and Engineering,LC0200A,CHEM1300,11747,C01
1819,BEng Environmental Science and Engineering,LC0200A,CHEM1300,11755,T01
1819,BEng Environmental Science and Engineering,LC0200A,MA1200,11785,CG1
1819,BEng Environmental Science and Engineering,LC0200A,MA1200,11807,TG3
1819,BEng Environmental Science and Engineering,LC0200A,CHEM1300,12098,L02
1819,BEng Environmental Science and Engineering,LC0200A,SEE1003,12365,C01
1820,BEng Environmental Science and Engineering,LC0200A,LC0200A,10887,T19
1820,BEng Environmental Science and Engineering,LC0200A,CHEM1200,11092,L02
1820,BEng Environmental Science and Engineering,LC0200A,CHEM1200,11735,C02
1820,BEng Environmental Science and Engineering,LC0200A,CHEM1300,11747,C01
1820,BEng Environmental Science and Engineering,LC0200A,CHEM1300,11752,T02
1820,BEng Environmental Science and Engineering,LC0200A,MA1200,11785,CG1
1820,BEng Environmental Science and Engineering,LC0200A,MA1200,11807,TG3
1820,BEng Environmental Science and Engineering,LC0200A,CHEM1300,12098,L02
1820,BEng Environmental Science and Engineering,LC0200A,SEE1003,12365,C01
1821,BEng Environmental Science and Engineering,LC0200A,LC0200A,10841,T01
1821,BEng Environmental Science and Engineering,LC0200A,CHEM1200,11294,L03
1821,BEng Environmental Science and Engineering,LC0200A,CHEM1200,11735,C02
1821,BEng Environmental Science and Engineering,LC0200A,CHEM1300,11747,C01
1821,BEng Environmental Science and Engineering,LC0200A,CHEM1300,11752,T02
1821,BEng Environmental Science and Engineering,LC0200A,MA1200,11784,CF1
1821,BEng Environmental Science and Engineering,LC0200A,MA1200,11804,TF3
1821,BEng Environmental Science and Engineering,LC0200A,CHEM1300,12100,L01
1821,BEng Environmental Science and Engineering,LC0200A,SEE1003,12365,C01
1822,BEng Environmental Science and Engineering,LC0200A,LC0200A,10887,T19
1822,BEng Environmental Science and Engineering,LC0200A,CHEM1200,11092,L02
1822,BEng Environmental Science and Engineering,LC0200A,CHEM1200,11735,C02
1822,BEng Environmental Science and Engineering,LC0200A,CHEM1300,11747,C01
1822,BEng Environmental Science and Engineering,LC0200A,CHEM1300,11752,T02
1822,BEng Environmental Science and Engineering,LC0200A,MA1200,11785,CG1
1822,BEng Environmental Science and Engineering,LC0200A,MA1200,11807,TG3
1822,BEng Environmental Science and Engineering,LC0200A,CHEM1300,12098,L02
1822,BEng Environmental Science and Engineering,LC0200A,SEE1003,12365,C01
1823,BEng Environmental Science and Engineering,LC0200A,LC0200A,10841,T01
1823,BEng Environmental Science and Engineering,LC0200A,CHEM1200,11295,L04
1823,BEng Environmental Science and Engineering,LC0200A,CHEM1200,11735,C02
1823,BEng Environmental Science and Engineering,LC0200A,CHEM1300,11747,C01
1823,BEng Environmental Science and Engineering,LC0200A,CHEM1300,11755,T01
1823,BEng Environmental Science and Engineering,LC0200A,MA1200,11785,CG1
1823,BEng Environmental Science and Engineering,LC0200A,MA1200,11807,TG3
1823,BEng Environmental Science and Engineering,LC0200A,CHEM1300,12098,L02
1823,BEng Environmental Science and Engineering,LC0200A,SEE1003,12365,C01
1824,BSc Environment and Sustainable Business,GE1401,CB2100,10443,T08
1824,BSc Environment and Sustainable Business,GE1401,CB2100,10551,C02
1824,BSc Environment and Sustainable Business,GE1401,CHEM1300,11747,C01
1824,BSc Environment and Sustainable Business,GE1401,CHEM1300,11750,L05
1824,BSc Environment and Sustainable Business,GE1401,CHEM1300,11752,T02
1824,BSc Environment and Sustainable Business,GE1401,MA1200,11786,CH1
1824,BSc Environment and Sustainable Business,GE1401,MA1200,11809,TH2
1824,BSc Environment and Sustainable Business,GE1401,SEE1005,13142,C61
1824,BSc Environment and Sustainable Business,GE1401,GE1401,13573,TB2
1825,BSc Environment and Sustainable Business,GE1401,CB2100,10443,T08
1825,BSc Environment and Sustainable Business,GE1401,CB2100,10551,C02
1825,BSc Environment and Sustainable Business,GE1401,CHEM1300,11747,C01
1825,BSc Environment and Sustainable Business,GE1401,CHEM1300,11750,L05
1825,BSc Environment and Sustainable Business,GE1401,CHEM1300,11752,T02
1825,BSc Environment and Sustainable Business,GE1401,MA1200,11785,CG1
1825,BSc Environment and Sustainable Business,GE1401,MA1200,11806,TG2
1825,BSc Environment and Sustainable Business,GE1401,SEE1005,13142,C61
1825,BSc Environment and Sustainable Business,GE1401,GE1401,13573,TB2
1826,BSc Environment and Sustainable Business,GE1401,CB2100,10441,T06
1826,BSc Environment and Sustainable Business,GE1401,CB2100,10551,C02
1826,BSc Environment and Sustainable Business,GE1401,GE1401,10689,T12
1826,BSc Environment and Sustainable Business,GE1401,MA1200,11784,CF1
1826,BSc Environment and Sustainable Business,GE1401,MA1200,11803,TF2
1826,BSc Environment and Sustainable Business,GE1401,CHEM1300,12268,CA1
1826,BSc Environment and Sustainable Business,GE1401,CHEM1300,12270,LA1
1826,BSc Environment and Sustainable Business,GE1401,CHEM1300,12271,TA1
1826,BSc Environment and Sustainable Business,GE1401,SEE1005,13142,C61
1827,BSc Environment and Sustainable Business,GE1401,CB2100,10551,C02
1827,BSc Environment and Sustainable Business,GE1401,GE1401,10710,T37
1827,BSc Environment and Sustainable Business,GE1401,CB2100,11277,T13
1827,BSc Environment and Sustainable Business,GE1401,CHEM1300,11747,C01
1827,BSc Environment and Sustainable Business,GE1401,CHEM1300,11751,T04
1827,BSc Environment and Sustainable Business,GE1401,MA1200,11782,CE1
1827,BSc Environment and Sustainable Business,GE1401,MA1200,11800,TE2
1827,BSc Environment and Sustainable Business,GE1401,CHEM1300,12269,L04
1827,BSc Environment and Sustainable Business,GE1401,SEE1005,13142,C61
1828,BSc Environment and Sustainable Business,GE1401,CB2100,10192,T05
1828,BSc Environment and Sustainable Business,GE1401,CB2100,10551,C02
1828,BSc Environment and Sustainable Business,GE1401,GE1401,10722,T55
1828,BSc Environment and Sustainable Business,GE1401,CHEM1300,11747,C01
1828,BSc Environment and Sustainable Business,GE1401,CHEM1300,11752,T02
1828,BSc Environment and Sustainable Business,GE1401,MA1200,11785,CG1
1828,BSc Environment and Sustainable Business,GE1401,MA1200,11806,TG2
1828,BSc Environment and Sustainable Business,GE1401,CHEM1300,12100,L01
1828,BSc Environment and Sustainable Business,GE1401,SEE1005,13142,C61
1829,BSc Environment and Sustainable Business,GE1401,CB2100,10192,T05
1829,BSc Environment and Sustainable Business,GE1401,CB2100,10551,C02
1829,BSc Environment and Sustainable Business,GE1401,CHEM1300,11747,C01
1829,BSc Environment and Sustainable Business,GE1401,CHEM1300,11752,T02
1829,BSc Environment and Sustainable Business,GE1401,MA1200,11786,CH1
1829,BSc Environment and Sustainable Business,GE1401,MA1200,11809,TH2
1829,BSc Environment and Sustainable Business,GE1401,CHEM1300,12100,L01
1829,BSc Environment and Sustainable Business,GE1401,GE1401,12399,T72
1829,BSc Environment and Sustainable Business,GE1401,SEE1005,13142,C61
1830,BSc Environment and Sustainable Business,GE1401,CB2100,10441,T06
1830,BSc Environment and Sustainable Business,GE1401,CB2100,10551,C02
1830,BSc Environment and Sustainable Business,GE1401,GE1401,10689,T12
1830,BSc Environment and Sustainable Business,GE1401,MA1200,11784,CF1
1830,BSc Environment and Sustainable Business,GE1401,MA1200,11803,TF2
1830,BSc Environment and Sustainable Business,GE1401,CHEM1300,12268,CA1
1830,BSc Environment and Sustainable Business,GE1401,CHEM1300,12270,LA1
1830,BSc Environment and Sustainable Business,GE1401,CHEM1300,12271,TA1
1830,BSc Environment and Sustainable Business,GE1401,SEE1005,13142,C61
1831,BSc Environment and Sustainable Business,GE1401,CB2100,10551,C02
1831,BSc Environment and Sustainable Business,GE1401,CB2100,11278,T14
1831,BSc Environment and Sustainable Business,GE1401,MA1200,11784,CF1
1831,BSc Environment and Sustainable Business,GE1401,MA1200,11803,TF2
1831,BSc Environment and Sustainable Business,GE1401,GE1401,12121,T33
1831,BSc Environment and Sustainable Business,GE1401,CHEM1300,12268,CA1
1831,BSc Environment and Sustainable Business,GE1401,CHEM1300,12270,LA1
1831,BSc Environment and Sustainable Business,GE1401,CHEM1300,12271,TA1
1831,BSc Environment and Sustainable Business,GE1401,SEE1005,13142,C61
1832,BSc Environment and Sustainable Business,GE1401,CB2100,10551,C02
1832,BSc Environment and Sustainable Business,GE1401,GE1401,10710,T37
1832,BSc Environment and Sustainable Business,GE1401,CB2100,11277,T13
1832,BSc Environment and Sustainable Business,GE1401,CHEM1300,11747,C01
1832,BSc Environment and Sustainable Business,GE1401,CHEM1300,11751,T04
1832,BSc Environment and Sustainable Business,GE1401,MA1200,11782,CE1
1832,BSc Environment and Sustainable Business,GE1401,MA1200,11800,TE2
1832,BSc Environment and Sustainable Business,GE1401,CHEM1300,12100,L01
1832,BSc Environment and Sustainable Business,GE1401,SEE1005,13142,C61
1833,BSc Environment and Sustainable Business,GE1401,CB2100,10551,C02
1833,BSc Environment and Sustainable Business,GE1401,CB2100,11277,T13
1833,BSc Environment and Sustainable Business,GE1401,CHEM1300,11747,C01
1833,BSc Environment and Sustainable Business,GE1401,CHEM1300,11752,T02
1833,BSc Environment and Sustainable Business,GE1401,MA1200,11784,CF1
1833,BSc Environment and Sustainable Business,GE1401,MA1200,11803,TF2
1833,BSc Environment and Sustainable Business,GE1401,CHEM1300,12100,L01
1833,BSc Environment and Sustainable Business,GE1401,GE1401,12124,T49
1833,BSc Environment and Sustainable Business,GE1401,SEE1005,13142,C61
1834,BSc Environment and Sustainable Business,GE1401,CB2100,10192,T05
1834,BSc Environment and Sustainable Business,GE1401,CB2100,10551,C02
1834,BSc Environment and Sustainable Business,GE1401,MA1200,11785,CG1
1834,BSc Environment and Sustainable Business,GE1401,MA1200,11806,TG2
1834,BSc Environment and Sustainable Business,GE1401,CHEM1300,12268,CA1
1834,BSc Environment and Sustainable Business,GE1401,CHEM1300,12270,LA1
1834,BSc Environment and Sustainable Business,GE1401,CHEM1300,12271,TA1
1834,BSc Environment and Sustainable Business,GE1401,SEE1005,13142,C61
1834,BSc Environment and Sustainable Business,GE1401,GE1401,13570,T98
1835,BSc Environment and Sustainable Business,GE1401,CB2100,10441,T06
1835,BSc Environment and Sustainable Business,GE1401,CB2100,10551,C02
1835,BSc Environment and Sustainable Business,GE1401,GE1401,10724,T57
1835,BSc Environment and Sustainable Business,GE1401,CHEM1300,11747,C01
1835,BSc Environment and Sustainable Business,GE1401,CHEM1300,11752,T02
1835,BSc Environment and Sustainable Business,GE1401,MA1200,11785,CG1
1835,BSc Environment and Sustainable Business,GE1401,MA1200,11806,TG2
1835,BSc Environment and Sustainable Business,GE1401,CHEM1300,12269,L04
1835,BSc Environment and Sustainable Business,GE1401,SEE1005,13142,C61
1836,BSc Environment and Sustainable Business,GE1401,CB2100,10555,TA5
1836,BSc Environment and Sustainable Business,GE1401,GE1401,10723,T56
1836,BSc Environment and Sustainable Business,GE1401,CB2100,11077,CA1
1836,BSc Environment and Sustainable Business,GE1401,CHEM1300,11747,C01
1836,BSc Environment and Sustainable Business,GE1401,CHEM1300,11752,T02
1836,BSc Environment and Sustainable Business,GE1401,MA1200,11782,CE1
1836,BSc Environment and Sustainable Business,GE1401,MA1200,11800,TE2
1836,BSc Environment and Sustainable Business,GE1401,CHEM1300,12100,L01
1836,BSc Environment and Sustainable Business,GE1401,SEE1005,13142,C61
1837,BSc Environment and Sustainable Business,GE1401,CB2100,10551,C02
1837,BSc Environment and Sustainable Business,GE1401,GE1401,10689,T12
1837,BSc Environment and Sustainable Business,GE1401,CB2100,11277,T13
1837,BSc Environment and Sustainable Business,GE1401,MA1200,11784,CF1
1837,BSc Environment and Sustainable Business,GE1401,MA1200,11803,TF2
1837,BSc Environment and Sustainable Business,GE1401,CHEM1300,12268,CA1
1837,BSc Environment and Sustainable Business,GE1401,CHEM1300,12270,LA1
1837,BSc Environment and Sustainable Business,GE1401,CHEM1300,12271,TA1
1837,BSc Environment and Sustainable Business,GE1401,SEE1005,13142,C61
1838,BSc Environment and Sustainable Business,GE1401,CB2100,10441,T06
1838,BSc Environment and Sustainable Business,GE1401,CB2100,10551,C02
1838,BSc Environment and Sustainable Business,GE1401,GE1401,10689,T12
1838,BSc Environment and Sustainable Business,GE1401,MA1200,11784,CF1
1838,BSc Environment and Sustainable Business,GE1401,MA1200,11803,TF2
1838,BSc Environment and Sustainable Business,GE1401,CHEM1300,12268,CA1
1838,BSc Environment and Sustainable Business,GE1401,CHEM1300,12270,LA1
1838,BSc Environment and Sustainable Business,GE1401,CHEM1300,12271,TA1
1838,BSc Environment and Sustainable Business,GE1401,SEE1005,13142,C61
1839,BSc Environment and Sustainable Business,GE1401,CB2100,10551,C02
1839,BSc Environment and Sustainable Business,GE1401,CB2100,11280,TAD
1839,BSc Environment and Sustainable Business,GE1401,GE1401,11503,T89
1839,BSc Environment and Sustainable Business,GE1401,MA1200,11782,CE1
1839,BSc Environment and Sustainable Business,GE1401,MA1200,11800,TE2
1839,BSc Environment and Sustainable Business,GE1401,CHEM1300,12268,CA1
1839,BSc Environment and Sustainable Business,GE1401,CHEM1300,12270,LA1
1839,BSc Environment and Sustainable Business,GE1401,CHEM1300,12271,TA1
1839,BSc Environment and Sustainable Business,GE1401,SEE1005,13142,C61
1840,BSc Environment and Sustainable Business,LC0200A,CB2100,10192,T05
1840,BSc Environment and Sustainable Business,LC0200A,CB2100,10551,C02
1840,BSc Environment and Sustainable Business,LC0200A,LC0200A,10876,T07
1840,BSc Environment and Sustainable Business,LC0200A,CHEM1300,11747,C01
1840,BSc Environment and Sustainable Business,LC0200A,CHEM1300,11750,L05
1840,BSc Environment and Sustainable Business,LC0200A,CHEM1300,11752,T02
1840,BSc Environment and Sustainable Business,LC0200A,MA1200,11785,CG1
1840,BSc Environment and Sustainable Business,LC0200A,MA1200,11806,TG2
1840,BSc Environment and Sustainable Business,LC0200A,SEE1005,13142,C61
1841,BSc Environment and Sustainable Business,LC0200A,CB2100,10190,C01
1841,BSc Environment and Sustainable Business,LC0200A,CB2100,10554,T11
1841,BSc Environment and Sustainable Business,LC0200A,MA1200,11789,CD1
1841,BSc Environment and Sustainable Business,LC0200A,MA1200,11796,TD1
1841,BSc Environment and Sustainable Business,LC0200A,CHEM1300,12268,CA1
1841,BSc Environment and Sustainable Business,LC0200A,CHEM1300,12270,LA1
1841,BSc Environment and Sustainable Business,LC0200A,CHEM1300,12271,TA1
1841,BSc Environment and Sustainable Business,LC0200A,LC0200A,12320,T38
1841,BSc Environment and Sustainable Business,LC0200A,SEE1005,13142,C61
1842,BSc Environment and Sustainable Business,LC0200A,CB2100,10190,C01
1842,BSc Environment and Sustainable Business,LC0200A,CB2100,10554,T11
1842,BSc Environment and Sustainable Business,LC0200A,LC0200A,11170,T32
1842,BSc Environment and Sustainable Business,LC0200A,CHEM1300,11747,C01
1842,BSc Environment and Sustainable Business,LC0200A,CHEM1300,11750,L05
1842,BSc Environment and Sustainable Business,LC0200A,CHEM1300,11752,T02
1842,BSc Environment and Sustainable Business,LC0200A,MA1200,11788,CC1
1842,BSc Environment and Sustainable Business,LC0200A,MA1200,11793,TC1
1842,BSc Environment and Sustainable Business,LC0200A,SEE1005,13142,C61
1843,BSc Environment and Sustainable Business,LC0200A,CB2100,10551,C02
1843,BSc Environment and Sustainable Business,LC0200A,LC0200A,10877,T08
1843,BSc Environment and Sustainable Business,LC0200A,CB2100,11277,T13
1843,BSc Environment and Sustainable Business,LC0200A,CHEM1300,11747,C01
1843,BSc Environment and Sustainable Business,LC0200A,CHEM1300,11752,T02
1843,BSc Environment and Sustainable Business,LC0200A,MA1200,11785,CG1
1843,BSc Environment and Sustainable Business,LC0200A,MA1200,11806,TG2
1843,BSc Environment and Sustainable Business,LC0200A,CHEM1300,12099,L03
1843,BSc Environment and Sustainable Business,LC0200A,SEE1005,13142,C61
1844,BSc Environment and Sustainable Business,LC0200A,CB2100,10457,CA2
1844,BSc Environment and Sustainable Business,LC0200A,CB2100,10555,TA5
1844,BSc Environment and Sustainable Business,LC0200A,CHEM1300,11747,C01
1844,BSc Environment and Sustainable Business,LC0200A,CHEM1300,11750,L05
1844,BSc Environment and Sustainable Business,LC0200A,CHEM1300,11755,T01
1844,BSc Environment and Sustainable Business,LC0200A,MA1200,11782,CE1
1844,BSc Environment and Sustainable Business,LC0200A,MA1200,11800,TE2
1844,BSc Environment and Sustainable Business,LC0200A,SEE1005,13142,C61
1844,BSc Environment and Sustainable Business,LC0200A,LC0200A,14950,T18
1845,BSc Environment and Sustainable Business,LC0200A,CB2100,10551,C02
1845,BSc Environment and Sustainable Business,LC0200A,LC0200A,10877,T08
1845,BSc Environment and Sustainable Business,LC0200A,CB2100,11277,T13
1845,BSc Environment and Sustainable Business,LC0200A,MA1200,11784,CF1
1845,BSc Environment and Sustainable Business,LC0200A,MA1200,11803,TF2
1845,BSc Environment and Sustainable Business,LC0200A,CHEM1300,12268,CA1
1845,BSc Environment and Sustainable Business,LC0200A,CHEM1300,12270,LA1
1845,BSc Environment and Sustainable Business,LC0200A,CHEM1300,12271,TA1
1845,BSc Environment and Sustainable Business,LC0200A,SEE1005,13142,C61
1846,BSc Environment and Sustainable Business,LC0200A,CB2100,10190,C01
1846,BSc Environment and Sustainable Business,LC0200A,CB2100,10554,T11
1846,BSc Environment and Sustainable Business,LC0200A,LC0200A,11170,T32
1846,BSc Environment and Sustainable Business,LC0200A,CHEM1300,11747,C01
1846,BSc Environment and Sustainable Business,LC0200A,CHEM1300,11750,L05
1846,BSc Environment and Sustainable Business,LC0200A,CHEM1300,11752,T02
1846,BSc Environment and Sustainable Business,LC0200A,MA1200,11789,CD1
1846,BSc Environment and Sustainable Business,LC0200A,MA1200,11796,TD1
1846,BSc Environment and Sustainable Business,LC0200A,SEE1005,13142,C61
1847,BSc Chemistry,GE1401,MA1300,10342,CA1
1847,BSc Chemistry,GE1401,GE1401,10693,T16
1847,BSc Chemistry,GE1401,CS1102,10776,LB5
1847,BSc Chemistry,GE1401,CS1102,11712,CB2
1847,BSc Chemistry,GE1401,CHEM1300,11747,C01
1847,BSc Chemistry,GE1401,CHEM1300,11750,L05
1847,BSc Chemistry,GE1401,CHEM1300,11755,T01
1847,BSc Chemistry,GE1401,MA1300,11957,TA3
1847,BSc Chemistry,GE1401,CSCI1001,12056,C01
1848,BSc Chemistry,GE1401,MA1300,10342,CA1
1848,BSc Chemistry,GE1401,CS1102,10775,LB4
1848,BSc Chemistry,GE1401,CS1102,11712,CB2
1848,BSc Chemistry,GE1401,CHEM1300,11747,C01
1848,BSc Chemistry,GE1401,CHEM1300,11755,T01
1848,BSc Chemistry,GE1401,MA1300,11764,TA2
1848,BSc Chemistry,GE1401,CSCI1001,12056,C01
1848,BSc Chemistry,GE1401,CHEM1300,12099,L03
1848,BSc Chemistry,GE1401,GE1401,12124,T49
1849,BSc Chemistry,GE1401,MA1300,10342,CA1
1849,BSc Chemistry,GE1401,CS1102,10775,LB4
1849,BSc Chemistry,GE1401,CS1102,11712,CB2
1849,BSc Chemistry,GE1401,CHEM1300,11747,C01
1849,BSc Chemistry,GE1401,CHEM1300,11750,L05
1849,BSc Chemistry,GE1401,CHEM1300,11755,T01
1849,BSc Chemistry,GE1401,MA1300,11764,TA2
1849,BSc Chemistry,GE1401,CSCI1001,12056,C01
1849,BSc Chemistry,GE1401,GE1401,12121,T33
1850,BSc Chemistry,GE1401,MA1300,10342,CA1
1850,BSc Chemistry,GE1401,GE1401,10693,T16
1850,BSc Chemistry,GE1401,CS1102,10776,LB5
1850,BSc Chemistry,GE1401,CS1102,11712,CB2
1850,BSc Chemistry,GE1401,CHEM1300,11747,C01
1850,BSc Chemistry,GE1401,CHEM1300,11750,L05
1850,BSc Chemistry,GE1401,CHEM1300,11755,T01
1850,BSc Chemistry,GE1401,MA1300,11957,TA3
1850,BSc Chemistry,GE1401,CSCI1001,12056,C01
1851,BSc Chemistry,GE1401,MA1300,10342,CA1
1851,BSc Chemistry,GE1401,GE1401,10727,T60
1851,BSc Chemistry,GE1401,CS1102,10776,LB5
1851,BSc Chemistry,GE1401,CS1102,11712,CB2
1851,BSc Chemistry,GE1401,CHEM1300,11747,C01
1851,BSc Chemistry,GE1401,CHEM1300,11755,T01
1851,BSc Chemistry,GE1401,MA1300,11957,TA3
1851,BSc Chemistry,GE1401,CSCI1001,12056,C01
1851,BSc Chemistry,GE1401,CHEM1300,12269,L04
1852,BSc Chemistry,GE1401,MA1300,10342,CA1
1852,BSc Chemistry,GE1401,CS1102,10775,LB4
1852,BSc Chemistry,GE1401,CS1102,11712,CB2
1852,BSc Chemistry,GE1401,CHEM1300,11747,C01
1852,BSc Chemistry,GE1401,CHEM1300,11755,T01
1852,BSc Chemistry,GE1401,MA1300,11764,TA2
1852,BSc Chemistry,GE1401,CSCI1001,12056,C01
1852,BSc Chemistry,GE1401,CHEM1300,12099,L03
1852,BSc Chemistry,GE1401,GE1401,12124,T49
1853,BSc Chemistry,GE1401,MA1300,10342,CA1
1853,BSc Chemistry,GE1401,CS1102,11519,LC4
1853,BSc Chemistry,GE1401,CHEM1300,11747,C01
1853,BSc Chemistry,GE1401,CHEM1300,11750,L05
1853,BSc Chemistry,GE1401,CHEM1300,11756,T05
1853,BSc Chemistry,GE1401,MA1300,11764,TA2
1853,BSc Chemistry,GE1401,CSCI1001,12056,C01
1853,BSc Chemistry,GE1401,CS1102,13144,CC2
1853,BSc Chemistry,GE1401,GE1401,13570,T98
1854,BSc Chemistry,GE1401,MA1300,10342,CA1
1854,BSc Chemistry,GE1401,CS1102,10775,LB4
1854,BSc Chemistry,GE1401,CS1102,11712,CB2
1854,BSc Chemistry,GE1401,CHEM1300,11747,C01
1854,BSc Chemistry,GE1401,CHEM1300,11755,T01
1854,BSc Chemistry,GE1401,MA1300,11764,TA2
1854,BSc Chemistry,GE1401,CSCI1001,12056,C01
1854,BSc Chemistry,GE1401,CHEM1300,12099,L03
1854,BSc Chemistry,GE1401,GE1401,12124,T49
1855,BSc Chemistry,GE1401,MA1300,10342,CA1
1855,BSc Chemistry,GE1401,CHEM1300,11747,C01
1855,BSc Chemistry,GE1401,CHEM1300,11750,L05
1855,BSc Chemistry,GE1401,CHEM1300,11756,T05
1855,BSc Chemistry,GE1401,MA1300,11764,TA2
1855,BSc Chemistry,GE1401,CSCI1001,12056,C01
1855,BSc Chemistry,GE1401,GE1401,13577,TB6
1855,BSc Chemistry,GE1401,CS1102,15734,LA4
1855,BSc Chemistry,GE1401,CS1102,15735,CA2
1856,BSc Chemistry,GE1401,MA1300,10342,CA1
1856,BSc Chemistry,GE1401,CS1102,11710,C02
1856,BSc Chemistry,GE1401,CS1102,11713,L04
1856,BSc Chemistry,GE1401,MA1300,11764,TA2
1856,BSc Chemistry,GE1401,CSCI1001,12056,C01
1856,BSc Chemistry,GE1401,CHEM1300,12268,CA1
1856,BSc Chemistry,GE1401,CHEM1300,12270,LA1
1856,BSc Chemistry,GE1401,CHEM1300,12271,TA1
1856,BSc Chemistry,GE1401,GE1401,13570,T98
1857,BSc Chemistry,GE1401,MA1300,10342,CA1
1857,BSc Chemistry,GE1401,GE1401,10683,T06
1857,BSc Chemistry,GE1401,CS1102,10776,LB5
1857,BSc Chemistry,GE1401,CS1102,11712,CB2
1857,BSc Chemistry,GE1401,CHEM1300,11747,C01
1857,BSc Chemistry,GE1401,CHEM1300,11755,T01
1857,BSc Chemistry,GE1401,MA1300,11957,TA3
1857,BSc Chemistry,GE1401,CSCI1001,12056,C01
1857,BSc Chemistry,GE1401,CHEM1300,12269,L04
1858,BSc Chemistry,GE1401,MA1300,10342,CA1
1858,BSc Chemistry,GE1401,CS1102,10775,LB4
1858,BSc Chemistry,GE1401,CS1102,11712,CB2
1858,BSc Chemistry,GE1401,CHEM1300,11747,C01
1858,BSc Chemistry,GE1401,CHEM1300,11755,T01
1858,BSc Chemistry,GE1401,MA1300,11764,TA2
1858,BSc Chemistry,GE1401,CSCI1001,12056,C01
1858,BSc Chemistry,GE1401,CHEM1300,12099,L03
1858,BSc Chemistry,GE1401,GE1401,12124,T49
1859,BSc Chemistry,GE1401,MA1300,10342,CA1
1859,BSc Chemistry,GE1401,GE1401,10683,T06
1859,BSc Chemistry,GE1401,CS1102,10776,LB5
1859,BSc Chemistry,GE1401,CS1102,11712,CB2
1859,BSc Chemistry,GE1401,CHEM1300,11747,C01
1859,BSc Chemistry,GE1401,CHEM1300,11750,L05
1859,BSc Chemistry,GE1401,CHEM1300,11755,T01
1859,BSc Chemistry,GE1401,MA1300,11957,TA3
1859,BSc Chemistry,GE1401,CSCI1001,12056,C01
1860,BSc Chemistry,GE1401,MA1300,10342,CA1
1860,BSc Chemistry,GE1401,GE1401,10683,T06
1860,BSc Chemistry,GE1401,CS1102,11712,CB2
1860,BSc Chemistry,GE1401,CHEM1300,11747,C01
1860,BSc Chemistry,GE1401,CHEM1300,11755,T01
1860,BSc Chemistry,GE1401,MA1300,11957,TA3
1860,BSc Chemistry,GE1401,CSCI1001,12056,C01
1860,BSc Chemistry,GE1401,CHEM1300,12269,L04
1860,BSc Chemistry,GE1401,CS1102,12394,LB3
1861,BSc Chemistry,GE1401,MA1300,10342,CA1
1861,BSc Chemistry,GE1401,GE1401,10704,T29
1861,BSc Chemistry,GE1401,CS1102,11520,LC5
1861,BSc Chemistry,GE1401,CHEM1300,11747,C01
1861,BSc Chemistry,GE1401,CHEM1300,11750,L05
1861,BSc Chemistry,GE1401,CHEM1300,11755,T01
1861,BSc Chemistry,GE1401,MA1300,11957,TA3
1861,BSc Chemistry,GE1401,CSCI1001,12056,C01
1861,BSc Chemistry,GE1401,CS1102,13144,CC2
1862,BSc Chemistry,GE1401,MA1300,10342,CA1
1862,BSc Chemistry,GE1401,CHEM1300,11747,C01
1862,BSc Chemistry,GE1401,CHEM1300,11750,L05
1862,BSc Chemistry,GE1401,CHEM1300,11756,T05
1862,BSc Chemistry,GE1401,MA1300,11764,TA2
1862,BSc Chemistry,GE1401,CSCI1001,12056,C01
1862,BSc Chemistry,GE1401,GE1401,13577,TB6
1862,BSc Chemistry,GE1401,CS1102,15734,LA4
1862,BSc Chemistry,GE1401,CS1102,15735,CA2
1863,BSc Chemistry,GE1401,MA1300,10342,CA1
1863,BSc Chemistry,GE1401,CS1102,10775,LB4
1863,BSc Chemistry,GE1401,CS1102,11712,CB2
1863,BSc Chemistry,GE1401,CHEM1300,11747,C01
1863,BSc Chemistry,GE1401,CHEM1300,11755,T01
1863,BSc Chemistry,GE1401,MA1300,11764,TA2
1863,BSc Chemistry,GE1401,CSCI1001,12056,C01
1863,BSc Chemistry,GE1401,CHEM1300,12099,L03
1863,BSc Chemistry,GE1401,GE1401,12124,T49
1864,BSc Chemistry,GE1401,MA1300,10342,CA1
1864,BSc Chemistry,GE1401,GE1401,10704,T29
1864,BSc Chemistry,GE1401,CS1102,11710,C02
1864,BSc Chemistry,GE1401,CS1102,11714,L05
1864,BSc Chemistry,GE1401,CHEM1300,11747,C01
1864,BSc Chemistry,GE1401,CHEM1300,11755,T01
1864,BSc Chemistry,GE1401,MA1300,11957,TA3
1864,BSc Chemistry,GE1401,CSCI1001,12056,C01
1864,BSc Chemistry,GE1401,CHEM1300,12269,L04
1865,BSc Chemistry,GE1401,MA1300,10342,CA1
1865,BSc Chemistry,GE1401,GE1401,10693,T16
1865,BSc Chemistry,GE1401,CS1102,10776,LB5
1865,BSc Chemistry,GE1401,CS1102,11712,CB2
1865,BSc Chemistry,GE1401,CHEM1300,11747,C01
1865,BSc Chemistry,GE1401,CHEM1300,11750,L05
1865,BSc Chemistry,GE1401,CHEM1300,11755,T01
1865,BSc Chemistry,GE1401,MA1300,11957,TA3
1865,BSc Chemistry,GE1401,CSCI1001,12056,C01
1866,BSc Chemistry,GE1401,MA1300,10342,CA1
1866,BSc Chemistry,GE1401,GE1401,10357,T01
1866,BSc Chemistry,GE1401,CS1102,10776,LB5
1866,BSc Chemistry,GE1401,CS1102,11712,CB2
1866,BSc Chemistry,GE1401,CHEM1300,11747,C01
1866,BSc Chemistry,GE1401,CHEM1300,11755,T01
1866,BSc Chemistry,GE1401,MA1300,11957,TA3
1866,BSc Chemistry,GE1401,CSCI1001,12056,C01
1866,BSc Chemistry,GE1401,CHEM1300,12269,L04
1867,BSc Chemistry,GE1401,MA1300,10342,CA1
1867,BSc Chemistry,GE1401,MA1300,11764,TA2
1867,BSc Chemistry,GE1401,CSCI1001,12056,C01
1867,BSc Chemistry,GE1401,CHEM1300,12268,CA1
1867,BSc Chemistry,GE1401,CHEM1300,12270,LA1
1867,BSc Chemistry,GE1401,CHEM1300,12271,TA1
1867,BSc Chemistry,GE1401,GE1401,13570,T98
1867,BSc Chemistry,GE1401,CS1102,15734,LA4
1867,BSc Chemistry,GE1401,CS1102,15735,CA2
1868,BSc Chemistry,GE1401,MA1300,10342,CA1
1868,BSc Chemistry,GE1401,CS1102,10775,LB4
1868,BSc Chemistry,GE1401,CS1102,11712,CB2
1868,BSc Chemistry,GE1401,CHEM1300,11747,C01
1868,BSc Chemistry,GE1401,CHEM1300,11756,T05
1868,BSc Chemistry,GE1401,MA1300,11764,TA2
1868,BSc Chemistry,GE1401,CSCI1001,12056,C01
1868,BSc Chemistry,GE1401,CHEM1300,12099,L03
1868,BSc Chemistry,GE1401,GE1401,13570,T98
1869,BSc Chemistry,GE1401,MA1300,10342,CA1
1869,BSc Chemistry,GE1401,CS1102,10775,LB4
1869,BSc Chemistry,GE1401,CS1102,11712,CB2
1869,BSc Chemistry,GE1401,CHEM1300,11747,C01
1869,BSc Chemistry,GE1401,CHEM1300,11750,L05
1869,BSc Chemistry,GE1401,CHEM1300,11756,T05
1869,BSc Chemistry,GE1401,MA1300,11764,TA2
1869,BSc Chemistry,GE1401,CSCI1001,12056,C01
1869,BSc Chemistry,GE1401,GE1401,12124,T49
1870,BSc Chemistry,GE1401,MA1300,10342,CA1
1870,BSc Chemistry,GE1401,GE1401,10704,T29
1870,BSc Chemistry,GE1401,CS1102,11710,C02
1870,BSc Chemistry,GE1401,CS1102,11714,L05
1870,BSc Chemistry,GE1401,CHEM1300,11747,C01
1870,BSc Chemistry,GE1401,CHEM1300,11750,L05
1870,BSc Chemistry,GE1401,CHEM1300,11755,T01
1870,BSc Chemistry,GE1401,MA1300,11957,TA3
1870,BSc Chemistry,GE1401,CSCI1001,12056,C01
1871,BSc Chemistry,GE1401,MA1300,10342,CA1
1871,BSc Chemistry,GE1401,CS1102,11710,C02
1871,BSc Chemistry,GE1401,CS1102,11713,L04
1871,BSc Chemistry,GE1401,CHEM1300,11747,C01
1871,BSc Chemistry,GE1401,CHEM1300,11750,L05
1871,BSc Chemistry,GE1401,CHEM1300,11756,T05
1871,BSc Chemistry,GE1401,MA1300,11764,TA2
1871,BSc Chemistry,GE1401,CSCI1001,12056,C01
1871,BSc Chemistry,GE1401,GE1401,13570,T98
1872,BSc Chemistry,GE1401,MA1300,10342,CA1
1872,BSc Chemistry,GE1401,CS1102,10775,LB4
1872,BSc Chemistry,GE1401,CS1102,11712,CB2
1872,BSc Chemistry,GE1401,CHEM1300,11747,C01
1872,BSc Chemistry,GE1401,CHEM1300,11756,T05
1872,BSc Chemistry,GE1401,MA1300,11764,TA2
1872,BSc Chemistry,GE1401,CSCI1001,12056,C01
1872,BSc Chemistry,GE1401,CHEM1300,12099,L03
1872,BSc Chemistry,GE1401,GE1401,12124,T49
1873,BSc Chemistry,GE1401,MA1300,10342,CA1
1873,BSc Chemistry,GE1401,CS1102,10775,LB4
1873,BSc Chemistry,GE1401,CS1102,11712,CB2
1873,BSc Chemistry,GE1401,CHEM1300,11747,C01
1873,BSc Chemistry,GE1401,CHEM1300,11750,L05
1873,BSc Chemistry,GE1401,CHEM1300,11755,T01
1873,BSc Chemistry,GE1401,MA1300,11764,TA2
1873,BSc Chemistry,GE1401,CSCI1001,12056,C01
1873,BSc Chemistry,GE1401,GE1401,12121,T33
1874,BSc Chemistry,GE1401,MA1300,10342,CA1
1874,BSc Chemistry,GE1401,CS1102,11519,LC4
1874,BSc Chemistry,GE1401,CHEM1300,11747,C01
1874,BSc Chemistry,GE1401,CHEM1300,11750,L05
1874,BSc Chemistry,GE1401,CHEM1300,11755,T01
1874,BSc Chemistry,GE1401,MA1300,11764,TA2
1874,BSc Chemistry,GE1401,CSCI1001,12056,C01
1874,BSc Chemistry,GE1401,GE1401,12121,T33
1874,BSc Chemistry,GE1401,CS1102,13144,CC2
1875,BSc Chemistry,GE1401,MA1300,10342,CA1
1875,BSc Chemistry,GE1401,MA1300,11764,TA2
1875,BSc Chemistry,GE1401,CSCI1001,12056,C01
1875,BSc Chemistry,GE1401,CHEM1300,12268,CA1
1875,BSc Chemistry,GE1401,CHEM1300,12270,LA1
1875,BSc Chemistry,GE1401,CHEM1300,12271,TA1
1875,BSc Chemistry,GE1401,GE1401,13570,T98
1875,BSc Chemistry,GE1401,CS1102,15734,LA4
1875,BSc Chemistry,GE1401,CS1102,15735,CA2
1876,BSc Chemistry,GE1401,MA1300,10342,CA1
1876,BSc Chemistry,GE1401,CHEM1300,11747,C01
1876,BSc Chemistry,GE1401,CHEM1300,11750,L05
1876,BSc Chemistry,GE1401,CHEM1300,11756,T05
1876,BSc Chemistry,GE1401,MA1300,11764,TA2
1876,BSc Chemistry,GE1401,CSCI1001,12056,C01
1876,BSc Chemistry,GE1401,GE1401,13577,TB6
1876,BSc Chemistry,GE1401,CS1102,15734,LA4
1876,BSc Chemistry,GE1401,CS1102,15735,CA2
1877,BSc Chemistry,GE1401,MA1300,10342,CA1
1877,BSc Chemistry,GE1401,GE1401,10723,T56
1877,BSc Chemistry,GE1401,CS1102,10776,LB5
1877,BSc Chemistry,GE1401,CS1102,11712,CB2
1877,BSc Chemistry,GE1401,CHEM1300,11747,C01
1877,BSc Chemistry,GE1401,CHEM1300,11755,T01
1877,BSc Chemistry,GE1401,MA1300,11957,TA3
1877,BSc Chemistry,GE1401,CSCI1001,12056,C01
1877,BSc Chemistry,GE1401,CHEM1300,12269,L04
1878,BSc Chemistry,GE1401,MA1300,10342,CA1
1878,BSc Chemistry,GE1401,GE1401,10693,T16
1878,BSc Chemistry,GE1401,CS1102,10776,LB5
1878,BSc Chemistry,GE1401,CS1102,11712,CB2
1878,BSc Chemistry,GE1401,CHEM1300,11747,C01
1878,BSc Chemistry,GE1401,CHEM1300,11750,L05
1878,BSc Chemistry,GE1401,CHEM1300,11755,T01
1878,BSc Chemistry,GE1401,MA1300,11957,TA3
1878,BSc Chemistry,GE1401,CSCI1001,12056,C01
1879,BSc Chemistry,GE1401,MA1300,10342,CA1
1879,BSc Chemistry,GE1401,CS1102,10775,LB4
1879,BSc Chemistry,GE1401,CS1102,11712,CB2
1879,BSc Chemistry,GE1401,CHEM1300,11747,C01
1879,BSc Chemistry,GE1401,CHEM1300,11755,T01
1879,BSc Chemistry,GE1401,MA1300,11764,TA2
1879,BSc Chemistry,GE1401,CSCI1001,12056,C01
1879,BSc Chemistry,GE1401,CHEM1300,12099,L03
1879,BSc Chemistry,GE1401,GE1401,12124,T49
1880,BSc Chemistry,GE1401,MA1300,10342,CA1
1880,BSc Chemistry,GE1401,CHEM1300,11747,C01
1880,BSc Chemistry,GE1401,CHEM1300,11750,L05
1880,BSc Chemistry,GE1401,CHEM1300,11756,T05
1880,BSc Chemistry,GE1401,MA1300,11764,TA2
1880,BSc Chemistry,GE1401,CSCI1001,12056,C01
1880,BSc Chemistry,GE1401,GE1401,13577,TB6
1880,BSc Chemistry,GE1401,CS1102,15734,LA4
1880,BSc Chemistry,GE1401,CS1102,15735,CA2
1881,BSc Chemistry,GE1401,MA1300,10342,CA1
1881,BSc Chemistry,GE1401,CS1102,11710,C02
1881,BSc Chemistry,GE1401,CS1102,11713,L04
1881,BSc Chemistry,GE1401,MA1300,11764,TA2
1881,BSc Chemistry,GE1401,CSCI1001,12056,C01
1881,BSc Chemistry,GE1401,CHEM1300,12268,CA1
1881,BSc Chemistry,GE1401,CHEM1300,12270,LA1
1881,BSc Chemistry,GE1401,CHEM1300,12271,TA1
1881,BSc Chemistry,GE1401,GE1401,13570,T98
1882,BSc Chemistry,GE1401,MA1300,10342,CA1
1882,BSc Chemistry,GE1401,CHEM1300,11747,C01
1882,BSc Chemistry,GE1401,CHEM1300,11750,L05
1882,BSc Chemistry,GE1401,CHEM1300,11756,T05
1882,BSc Chemistry,GE1401,MA1300,11764,TA2
1882,BSc Chemistry,GE1401,CSCI1001,12056,C01
1882,BSc Chemistry,GE1401,GE1401,13577,TB6
1882,BSc Chemistry,GE1401,CS1102,15734,LA4
1882,BSc Chemistry,GE1401,CS1102,15735,CA2
1883,BSc Chemistry,GE1401,MA1300,10342,CA1
1883,BSc Chemistry,GE1401,CS1102,10775,LB4
1883,BSc Chemistry,GE1401,CS1102,11712,CB2
1883,BSc Chemistry,GE1401,CHEM1300,11747,C01
1883,BSc Chemistry,GE1401,CHEM1300,11756,T05
1883,BSc Chemistry,GE1401,MA1300,11764,TA2
1883,BSc Chemistry,GE1401,CSCI1001,12056,C01
1883,BSc Chemistry,GE1401,CHEM1300,12099,L03
1883,BSc Chemistry,GE1401,GE1401,13570,T98
1884,BSc Chemistry,GE1401,MA1300,10342,CA1
1884,BSc Chemistry,GE1401,GE1401,10683,T06
1884,BSc Chemistry,GE1401,CS1102,10776,LB5
1884,BSc Chemistry,GE1401,CS1102,11712,CB2
1884,BSc Chemistry,GE1401,CHEM1300,11747,C01
1884,BSc Chemistry,GE1401,CHEM1300,11750,L05
1884,BSc Chemistry,GE1401,CHEM1300,11755,T01
1884,BSc Chemistry,GE1401,MA1300,11957,TA3
1884,BSc Chemistry,GE1401,CSCI1001,12056,C01
1885,BSc Chemistry,GE1401,MA1300,10342,CA1
1885,BSc Chemistry,GE1401,GE1401,10704,T29
1885,BSc Chemistry,GE1401,CS1102,11710,C02
1885,BSc Chemistry,GE1401,CS1102,11714,L05
1885,BSc Chemistry,GE1401,CHEM1300,11747,C01
1885,BSc Chemistry,GE1401,CHEM1300,11750,L05
1885,BSc Chemistry,GE1401,CHEM1300,11755,T01
1885,BSc Chemistry,GE1401,MA1300,11957,TA3
1885,BSc Chemistry,GE1401,CSCI1001,12056,C01
1886,BSc Chemistry,LC0200A,MA1300,10342,CA1
1886,BSc Chemistry,LC0200A,CS1102,10776,LB5
1886,BSc Chemistry,LC0200A,LC0200A,10883,T14
1886,BSc Chemistry,LC0200A,CS1102,11712,CB2
1886,BSc Chemistry,LC0200A,CHEM1300,11747,C01
1886,BSc Chemistry,LC0200A,CHEM1300,11750,L05
1886,BSc Chemistry,LC0200A,CHEM1300,11755,T01
1886,BSc Chemistry,LC0200A,MA1300,11957,TA3
1886,BSc Chemistry,LC0200A,CSCI1001,12056,C01
1887,BSc Chemistry,LC0200A,MA1300,10342,CA1
1887,BSc Chemistry,LC0200A,LC0200A,10876,T07
1887,BSc Chemistry,LC0200A,MA1300,11764,TA2
1887,BSc Chemistry,LC0200A,CSCI1001,12056,C01
1887,BSc Chemistry,LC0200A,CHEM1300,12268,CA1
1887,BSc Chemistry,LC0200A,CHEM1300,12270,LA1
1887,BSc Chemistry,LC0200A,CHEM1300,12271,TA1
1887,BSc Chemistry,LC0200A,CS1102,15734,LA4
1887,BSc Chemistry,LC0200A,CS1102,15735,CA2
1888,BSc Chemistry,LC0200A,MA1300,10342,CA1
1888,BSc Chemistry,LC0200A,CS1102,11520,LC5
1888,BSc Chemistry,LC0200A,CHEM1300,11747,C01
1888,BSc Chemistry,LC0200A,CHEM1300,11750,L05
1888,BSc Chemistry,LC0200A,CHEM1300,11755,T01
1888,BSc Chemistry,LC0200A,MA1300,11957,TA3
1888,BSc Chemistry,LC0200A,CSCI1001,12056,C01
1888,BSc Chemistry,LC0200A,LC0200A,12333,T40
1888,BSc Chemistry,LC0200A,CS1102,13144,CC2
1889,BSc Chemistry,LC0200A,MA1300,10342,CA1
1889,BSc Chemistry,LC0200A,CS1102,10776,LB5
1889,BSc Chemistry,LC0200A,CS1102,11712,CB2
1889,BSc Chemistry,LC0200A,CHEM1300,11747,C01
1889,BSc Chemistry,LC0200A,CHEM1300,11750,L05
1889,BSc Chemistry,LC0200A,CHEM1300,11755,T01
1889,BSc Chemistry,LC0200A,MA1300,11957,TA3
1889,BSc Chemistry,LC0200A,CSCI1001,12056,C01
1889,BSc Chemistry,LC0200A,LC0200A,12333,T40
1890,BSc Chemistry,LC0200A,MA1300,10342,CA1
1890,BSc Chemistry,LC0200A,LC0200A,10876,T07
1890,BSc Chemistry,LC0200A,CS1102,11710,C02
1890,BSc Chemistry,LC0200A,CS1102,11713,L04
1890,BSc Chemistry,LC0200A,CHEM1300,11747,C01
1890,BSc Chemistry,LC0200A,CHEM1300,11750,L05
1890,BSc Chemistry,LC0200A,CHEM1300,11756,T05
1890,BSc Chemistry,LC0200A,MA1300,11764,TA2
1890,BSc Chemistry,LC0200A,CSCI1001,12056,C01
1891,BSc Chemistry,LC0200A,MA1300,10342,CA1
1891,BSc Chemistry,LC0200A,CS1102,10776,LB5
1891,BSc Chemistry,LC0200A,CS1102,11712,CB2
1891,BSc Chemistry,LC0200A,CHEM1300,11747,C01
1891,BSc Chemistry,LC0200A,CHEM1300,11750,L05
1891,BSc Chemistry,LC0200A,CHEM1300,11755,T01
1891,BSc Chemistry,LC0200A,MA1300,11957,TA3
1891,BSc Chemistry,LC0200A,CSCI1001,12056,C01
1891,BSc Chemistry,LC0200A,LC0200A,12333,T40
1892,BSc Chemistry,LC0200A,MA1300,10342,CA1
1892,BSc Chemistry,LC0200A,LC0200A,10876,T07
1892,BSc Chemistry,LC0200A,CS1102,11710,C02
1892,BSc Chemistry,LC0200A,CS1102,11713,L04
1892,BSc Chemistry,LC0200A,CHEM1300,11747,C01
1892,BSc Chemistry,LC0200A,CHEM1300,11750,L05
1892,BSc Chemistry,LC0200A,CHEM1300,11756,T05
1892,BSc Chemistry,LC0200A,MA1300,11764,TA2
1892,BSc Chemistry,LC0200A,CSCI1001,12056,C01
1893,BSc Chemistry,LC0200A,MA1300,10342,CA1
1893,BSc Chemistry,LC0200A,CS1102,10775,LB4
1893,BSc Chemistry,LC0200A,LC0200A,10876,T07
1893,BSc Chemistry,LC0200A,CS1102,11712,CB2
1893,BSc Chemistry,LC0200A,CHEM1300,11747,C01
1893,BSc Chemistry,LC0200A,CHEM1300,11750,L05
1893,BSc Chemistry,LC0200A,CHEM1300,11756,T05
1893,BSc Chemistry,LC0200A,MA1300,11764,TA2
1893,BSc Chemistry,LC0200A,CSCI1001,12056,C01
1894,BSc Chemistry,LC0200A,MA1300,10342,CA1
1894,BSc Chemistry,LC0200A,CS1102,10775,LB4
1894,BSc Chemistry,LC0200A,LC0200A,10876,T07
1894,BSc Chemistry,LC0200A,CS1102,11712,CB2
1894,BSc Chemistry,LC0200A,CHEM1300,11747,C01
1894,BSc Chemistry,LC0200A,CHEM1300,11750,L05
1894,BSc Chemistry,LC0200A,CHEM1300,11756,T05
1894,BSc Chemistry,LC0200A,MA1300,11764,TA2
1894,BSc Chemistry,LC0200A,CSCI1001,12056,C01
1895,BSc Chemistry,LC0200A,MA1300,10342,CA1
1895,BSc Chemistry,LC0200A,CS1102,10776,LB5
1895,BSc Chemistry,LC0200A,LC0200A,10883,T14
1895,BSc Chemistry,LC0200A,CS1102,11712,CB2
1895,BSc Chemistry,LC0200A,CHEM1300,11747,C01
1895,BSc Chemistry,LC0200A,CHEM1300,11750,L05
1895,BSc Chemistry,LC0200A,CHEM1300,11755,T01
1895,BSc Chemistry,LC0200A,MA1300,11957,TA3
1895,BSc Chemistry,LC0200A,CSCI1001,12056,C01
1896,BSc Chemistry,LC0200A,MA1300,10342,CA1
1896,BSc Chemistry,LC0200A,CS1102,10775,LB4
1896,BSc Chemistry,LC0200A,LC0200A,10876,T07
1896,BSc Chemistry,LC0200A,CS1102,11712,CB2
1896,BSc Chemistry,LC0200A,MA1300,11764,TA2
1896,BSc Chemistry,LC0200A,CSCI1001,12056,C01
1896,BSc Chemistry,LC0200A,CHEM1300,12268,CA1
1896,BSc Chemistry,LC0200A,CHEM1300,12270,LA1
1896,BSc Chemistry,LC0200A,CHEM1300,12271,TA1
1897,BSc Chemistry,LC0200A,MA1300,10342,CA1
1897,BSc Chemistry,LC0200A,CS1102,10776,LB5
1897,BSc Chemistry,LC0200A,LC0200A,10883,T14
1897,BSc Chemistry,LC0200A,CS1102,11712,CB2
1897,BSc Chemistry,LC0200A,CHEM1300,11747,C01
1897,BSc Chemistry,LC0200A,CHEM1300,11750,L05
1897,BSc Chemistry,LC0200A,CHEM1300,11755,T01
1897,BSc Chemistry,LC0200A,MA1300,11957,TA3
1897,BSc Chemistry,LC0200A,CSCI1001,12056,C01
1898,BSc Chemistry,LC0200A,MA1300,10342,CA1
1898,BSc Chemistry,LC0200A,CS1102,10776,LB5
1898,BSc Chemistry,LC0200A,LC0200A,10883,T14
1898,BSc Chemistry,LC0200A,CS1102,11712,CB2
1898,BSc Chemistry,LC0200A,CHEM1300,11747,C01
1898,BSc Chemistry,LC0200A,CHEM1300,11750,L05
1898,BSc Chemistry,LC0200A,CHEM1300,11755,T01
1898,BSc Chemistry,LC0200A,MA1300,11957,TA3
1898,BSc Chemistry,LC0200A,CSCI1001,12056,C01
1899,BSc Chemistry,LC0200A,MA1300,10342,CA1
1899,BSc Chemistry,LC0200A,CS1102,10775,LB4
1899,BSc Chemistry,LC0200A,LC0200A,10876,T07
1899,BSc Chemistry,LC0200A,CS1102,11712,CB2
1899,BSc Chemistry,LC0200A,CHEM1300,11747,C01
1899,BSc Chemistry,LC0200A,CHEM1300,11755,T01
1899,BSc Chemistry,LC0200A,MA1300,11764,TA2
1899,BSc Chemistry,LC0200A,CSCI1001,12056,C01
1899,BSc Chemistry,LC0200A,CHEM1300,12099,L03
1900,BSc Chemistry,LC0200A,MA1300,10342,CA1
1900,BSc Chemistry,LC0200A,CS1102,10776,LB5
1900,BSc Chemistry,LC0200A,LC0200A,10883,T14
1900,BSc Chemistry,LC0200A,CS1102,11712,CB2
1900,BSc Chemistry,LC0200A,CHEM1300,11747,C01
1900,BSc Chemistry,LC0200A,CHEM1300,11750,L05
1900,BSc Chemistry,LC0200A,CHEM1300,11755,T01
1900,BSc Chemistry,LC0200A,MA1300,11957,TA3
1900,BSc Chemistry,LC0200A,CSCI1001,12056,C01
1901,BSc Chemistry,LC0200A,MA1300,10342,CA1
1901,BSc Chemistry,LC0200A,CS1102,10776,LB5
1901,BSc Chemistry,LC0200A,LC0200A,10883,T14
1901,BSc Chemistry,LC0200A,CS1102,11712,CB2
1901,BSc Chemistry,LC0200A,CHEM1300,11747,C01
1901,BSc Chemistry,LC0200A,CHEM1300,11750,L05
1901,BSc Chemistry,LC0200A,CHEM1300,11755,T01
1901,BSc Chemistry,LC0200A,MA1300,11957,TA3
1901,BSc Chemistry,LC0200A,CSCI1001,12056,C01
1902,BSc Chemistry,LC0200A,MA1300,10342,CA1
1902,BSc Chemistry,LC0200A,CS1102,10776,LB5
1902,BSc Chemistry,LC0200A,LC0200A,10883,T14
1902,BSc Chemistry,LC0200A,CS1102,11712,CB2
1902,BSc Chemistry,LC0200A,CHEM1300,11747,C01
1902,BSc Chemistry,LC0200A,CHEM1300,11750,L05
1902,BSc Chemistry,LC0200A,CHEM1300,11755,T01
1902,BSc Chemistry,LC0200A,MA1300,11957,TA3
1902,BSc Chemistry,LC0200A,CSCI1001,12056,C01
1903,BSc Chemistry,LC0200A,MA1300,10342,CA1
1903,BSc Chemistry,LC0200A,LC0200A,10876,T07
1903,BSc Chemistry,LC0200A,CS1102,11710,C02
1903,BSc Chemistry,LC0200A,CS1102,11713,L04
1903,BSc Chemistry,LC0200A,CHEM1300,11747,C01
1903,BSc Chemistry,LC0200A,CHEM1300,11750,L05
1903,BSc Chemistry,LC0200A,CHEM1300,11756,T05
1903,BSc Chemistry,LC0200A,MA1300,11764,TA2
1903,BSc Chemistry,LC0200A,CSCI1001,12056,C01
1904,BSc Computing Mathematics,GE1401,GE1401,10685,T08
1904,BSc Computing Mathematics,GE1401,CS1302,11860,CB1
1904,BSc Computing Mathematics,GE1401,CSCI1001,12056,C01
1904,BSc Computing Mathematics,GE1401,CS1302,12218,LB3
1904,BSc Computing Mathematics,GE1401,MA1502,12609,CB1
1904,BSc Computing Mathematics,GE1401,GE1501,12619,C14
1904,BSc Computing Mathematics,GE1401,MA1400,14938,C01
1904,BSc Computing Mathematics,GE1401,MA1400,14939,T01
1905,BSc Computing Mathematics,GE1401,GE1401,10708,T34
1905,BSc Computing Mathematics,GE1401,CS1302,11860,CB1
1905,BSc Computing Mathematics,GE1401,CSCI1001,12056,C01
1905,BSc Computing Mathematics,GE1401,CS1302,12218,LB3
1905,BSc Computing Mathematics,GE1401,MA1502,12609,CB1
1905,BSc Computing Mathematics,GE1401,GE1501,12618,C13
1905,BSc Computing Mathematics,GE1401,MA1400,14938,C01
1905,BSc Computing Mathematics,GE1401,MA1400,14939,T01
1906,BSc Computing Mathematics,GE1401,GE1401,10696,T20
1906,BSc Computing Mathematics,GE1401,CS1302,11860,CB1
1906,BSc Computing Mathematics,GE1401,CSCI1001,12056,C01
1906,BSc Computing Mathematics,GE1401,CS1302,12218,LB3
1906,BSc Computing Mathematics,GE1401,MA1502,12609,CB1
1906,BSc Computing Mathematics,GE1401,GE1501,12618,C13
1906,BSc Computing Mathematics,GE1401,MA1400,14938,C01
1906,BSc Computing Mathematics,GE1401,MA1400,14939,T01
1907,BSc Computing Mathematics,GE1401,GE1401,10696,T20
1907,BSc Computing Mathematics,GE1401,CS1302,11861,CC1
1907,BSc Computing Mathematics,GE1401,CSCI1001,12056,C01
1907,BSc Computing Mathematics,GE1401,MA1502,12609,CB1
1907,BSc Computing Mathematics,GE1401,GE1501,12618,C13
1907,BSc Computing Mathematics,GE1401,CS1302,13150,LC3
1907,BSc Computing Mathematics,GE1401,MA1400,14938,C01
1907,BSc Computing Mathematics,GE1401,MA1400,14939,T01
1908,BSc Computing Mathematics,GE1401,GE1401,10685,T08
1908,BSc Computing Mathematics,GE1401,CS1302,11860,CB1
1908,BSc Computing Mathematics,GE1401,CSCI1001,12056,C01
1908,BSc Computing Mathematics,GE1401,CS1302,12218,LB3
1908,BSc Computing Mathematics,GE1401,MA1502,12609,CB1
1908,BSc Computing Mathematics,GE1401,GE1501,12619,C14
1908,BSc Computing Mathematics,GE1401,MA1400,14938,C01
1908,BSc Computing Mathematics,GE1401,MA1400,14939,T01
1909,BSc Computing Mathematics,GE1401,GE1401,10685,T08
1909,BSc Computing Mathematics,GE1401,CS1302,11861,CC1
1909,BSc Computing Mathematics,GE1401,CSCI1001,12056,C01
1909,BSc Computing Mathematics,GE1401,MA1502,12609,CB1
1909,BSc Computing Mathematics,GE1401,GE1501,12619,C14
1909,BSc Computing Mathematics,GE1401,CS1302,13150,LC3
1909,BSc Computing Mathematics,GE1401,MA1400,14938,C01
1909,BSc Computing Mathematics,GE1401,MA1400,14939,T01
1910,BSc Computing Mathematics,GE1401,GE1401,10685,T08
1910,BSc Computing Mathematics,GE1401,CS1302,11860,CB1
1910,BSc Computing Mathematics,GE1401,CSCI1001,12056,C01
1910,BSc Computing Mathematics,GE1401,CS1302,12218,LB3
1910,BSc Computing Mathematics,GE1401,MA1502,12609,CB1
1910,BSc Computing Mathematics,GE1401,GE1501,12619,C14
1910,BSc Computing Mathematics,GE1401,MA1400,14938,C01
1910,BSc Computing Mathematics,GE1401,MA1400,14939,T01
1911,BSc Computing Mathematics,GE1401,CS1302,11860,CB1
1911,BSc Computing Mathematics,GE1401,CSCI1001,12056,C01
1911,BSc Computing Mathematics,GE1401,CS1302,12218,LB3
1911,BSc Computing Mathematics,GE1401,MA1502,12609,CB1
1911,BSc Computing Mathematics,GE1401,GE1501,12618,C13
1911,BSc Computing Mathematics,GE1401,GE1401,13263,T92
1911,BSc Computing Mathematics,GE1401,MA1400,14938,C01
1911,BSc Computing Mathematics,GE1401,MA1400,14939,T01
1912,BSc Computing Mathematics,GE1401,GE1401,11495,T77
1912,BSc Computing Mathematics,GE1401,CS1302,11860,CB1
1912,BSc Computing Mathematics,GE1401,CSCI1001,12056,C01
1912,BSc Computing Mathematics,GE1401,CS1302,12218,LB3
1912,BSc Computing Mathematics,GE1401,MA1502,12609,CB1
1912,BSc Computing Mathematics,GE1401,GE1501,12618,C13
1912,BSc Computing Mathematics,GE1401,MA1400,14938,C01
1912,BSc Computing Mathematics,GE1401,MA1400,14939,T01
1913,BSc Computing Mathematics,GE1401,CS1302,11860,CB1
1913,BSc Computing Mathematics,GE1401,CSCI1001,12056,C01
1913,BSc Computing Mathematics,GE1401,CS1302,12218,LB3
1913,BSc Computing Mathematics,GE1401,MA1502,12609,CB1
1913,BSc Computing Mathematics,GE1401,GE1501,12618,C13
1913,BSc Computing Mathematics,GE1401,MA1400,14938,C01
1913,BSc Computing Mathematics,GE1401,MA1400,14939,T01
1913,BSc Computing Mathematics,GE1401,GE1401,15183,TC4
1914,BSc Computing Mathematics,GE1401,GE1401,10685,T08
1914,BSc Computing Mathematics,GE1401,CS1302,11860,CB1
1914,BSc Computing Mathematics,GE1401,CSCI1001,12056,C01
1914,BSc Computing Mathematics,GE1401,CS1302,12218,LB3
1914,BSc Computing Mathematics,GE1401,MA1502,12609,CB1
1914,BSc Computing Mathematics,GE1401,GE1501,12619,C14
1914,BSc Computing Mathematics,GE1401,MA1400,14938,C01
1914,BSc Computing Mathematics,GE1401,MA1400,14939,T01
1915,BSc Computing Mathematics,GE1401,CS1302,11860,CB1
1915,BSc Computing Mathematics,GE1401,CSCI1001,12056,C01
1915,BSc Computing Mathematics,GE1401,CS1302,12218,LB3
1915,BSc Computing Mathematics,GE1401,MA1502,12609,CB1
1915,BSc Computing Mathematics,GE1401,GE1501,12618,C13
1915,BSc Computing Mathematics,GE1401,GE1401,13263,T92
1915,BSc Computing Mathematics,GE1401,MA1400,14938,C01
1915,BSc Computing Mathematics,GE1401,MA1400,14939,T01
1916,BSc Computing Mathematics,GE1401,CS1302,11860,CB1
1916,BSc Computing Mathematics,GE1401,CSCI1001,12056,C01
1916,BSc Computing Mathematics,GE1401,CS1302,12218,LB3
1916,BSc Computing Mathematics,GE1401,MA1502,12609,CB1
1916,BSc Computing Mathematics,GE1401,GE1501,12618,C13
1916,BSc Computing Mathematics,GE1401,MA1400,14938,C01
1916,BSc Computing Mathematics,GE1401,MA1400,14939,T01
1916,BSc Computing Mathematics,GE1401,GE1401,15183,TC4
1917,BSc Computing Mathematics,GE1401,GE1401,11495,T77
1917,BSc Computing Mathematics,GE1401,CS1302,11860,CB1
1917,BSc Computing Mathematics,GE1401,CSCI1001,12056,C01
1917,BSc Computing Mathematics,GE1401,CS1302,12218,LB3
1917,BSc Computing Mathematics,GE1401,MA1502,12609,CB1
1917,BSc Computing Mathematics,GE1401,GE1501,12618,C13
1917,BSc Computing Mathematics,GE1401,MA1400,14938,C01
1917,BSc Computing Mathematics,GE1401,MA1400,14939,T01
1918,BSc Computing Mathematics,GE1401,GE1401,10708,T34
1918,BSc Computing Mathematics,GE1401,CS1302,11860,CB1
1918,BSc Computing Mathematics,GE1401,CSCI1001,12056,C01
1918,BSc Computing Mathematics,GE1401,CS1302,12218,LB3
1918,BSc Computing Mathematics,GE1401,MA1502,12609,CB1
1918,BSc Computing Mathematics,GE1401,GE1501,12618,C13
1918,BSc Computing Mathematics,GE1401,MA1400,14938,C01
1918,BSc Computing Mathematics,GE1401,MA1400,14939,T01
1919,BSc Computing Mathematics,GE1401,GE1401,10701,T25
1919,BSc Computing Mathematics,GE1401,CS1302,11860,CB1
1919,BSc Computing Mathematics,GE1401,CSCI1001,12056,C01
1919,BSc Computing Mathematics,GE1401,CS1302,12218,LB3
1919,BSc Computing Mathematics,GE1401,MA1502,12609,CB1
1919,BSc Computing Mathematics,GE1401,GE1501,12618,C13
1919,BSc Computing Mathematics,GE1401,MA1400,14938,C01
1919,BSc Computing Mathematics,GE1401,MA1400,14939,T01
1920,BSc Computing Mathematics,GE1401,CS1302,11860,CB1
1920,BSc Computing Mathematics,GE1401,CSCI1001,12056,C01
1920,BSc Computing Mathematics,GE1401,CS1302,12218,LB3
1920,BSc Computing Mathematics,GE1401,MA1502,12609,CB1
1920,BSc Computing Mathematics,GE1401,GE1501,12618,C13
1920,BSc Computing Mathematics,GE1401,GE1401,13570,T98
1920,BSc Computing Mathematics,GE1401,MA1400,14938,C01
1920,BSc Computing Mathematics,GE1401,MA1400,14939,T01
1921,BSc Computing Mathematics,GE1401,GE1401,10696,T20
1921,BSc Computing Mathematics,GE1401,CS1302,11860,CB1
1921,BSc Computing Mathematics,GE1401,CSCI1001,12056,C01
1921,BSc Computing Mathematics,GE1401,CS1302,12218,LB3
1921,BSc Computing Mathematics,GE1401,MA1502,12609,CB1
1921,BSc Computing Mathematics,GE1401,GE1501,12618,C13
1921,BSc Computing Mathematics,GE1401,MA1400,14938,C01
1921,BSc Computing Mathematics,GE1401,MA1400,14939,T01
1922,BSc Computing Mathematics,GE1401,GE1401,10731,T66
1922,BSc Computing Mathematics,GE1401,CS1302,11860,CB1
1922,BSc Computing Mathematics,GE1401,CSCI1001,12056,C01
1922,BSc Computing Mathematics,GE1401,CS1302,12218,LB3
1922,BSc Computing Mathematics,GE1401,MA1502,12609,CB1
1922,BSc Computing Mathematics,GE1401,GE1501,12618,C13
1922,BSc Computing Mathematics,GE1401,MA1400,14938,C01
1922,BSc Computing Mathematics,GE1401,MA1400,14939,T01
1923,BSc Computing Mathematics,GE1401,GE1401,11495,T77
1923,BSc Computing Mathematics,GE1401,CS1302,11860,CB1
1923,BSc Computing Mathematics,GE1401,CSCI1001,12056,C01
1923,BSc Computing Mathematics,GE1401,CS1302,12218,LB3
1923,BSc Computing Mathematics,GE1401,MA1502,12609,CB1
1923,BSc Computing Mathematics,GE1401,GE1501,12618,C13
1923,BSc Computing Mathematics,GE1401,MA1400,14938,C01
1923,BSc Computing Mathematics,GE1401,MA1400,14939,T01
1924,BSc Computing Mathematics,GE1401,GE1401,11504,T90
1924,BSc Computing Mathematics,GE1401,CS1302,11860,CB1
1924,BSc Computing Mathematics,GE1401,CSCI1001,12056,C01
1924,BSc Computing Mathematics,GE1401,CS1302,12218,LB3
1924,BSc Computing Mathematics,GE1401,MA1502,12609,CB1
1924,BSc Computing Mathematics,GE1401,GE1501,12619,C14
1924,BSc Computing Mathematics,GE1401,MA1400,14938,C01
1924,BSc Computing Mathematics,GE1401,MA1400,14939,T01
1925,BSc Computing Mathematics,GE1401,GE1401,10685,T08
1925,BSc Computing Mathematics,GE1401,CS1302,11860,CB1
1925,BSc Computing Mathematics,GE1401,CSCI1001,12056,C01
1925,BSc Computing Mathematics,GE1401,CS1302,12218,LB3
1925,BSc Computing Mathematics,GE1401,MA1502,12609,CB1
1925,BSc Computing Mathematics,GE1401,GE1501,12619,C14
1925,BSc Computing Mathematics,GE1401,MA1400,14938,C01
1925,BSc Computing Mathematics,GE1401,MA1400,14939,T01
1926,BSc Computing Mathematics,GE1401,GE1401,10701,T25
1926,BSc Computing Mathematics,GE1401,CS1302,11860,CB1
1926,BSc Computing Mathematics,GE1401,CSCI1001,12056,C01
1926,BSc Computing Mathematics,GE1401,CS1302,12218,LB3
1926,BSc Computing Mathematics,GE1401,MA1502,12609,CB1
1926,BSc Computing Mathematics,GE1401,GE1501,12618,C13
1926,BSc Computing Mathematics,GE1401,MA1400,14938,C01
1926,BSc Computing Mathematics,GE1401,MA1400,14939,T01
1927,BSc Computing Mathematics,GE1401,GE1401,10708,T34
1927,BSc Computing Mathematics,GE1401,CS1302,11860,CB1
1927,BSc Computing Mathematics,GE1401,CSCI1001,12056,C01
1927,BSc Computing Mathematics,GE1401,CS1302,12218,LB3
1927,BSc Computing Mathematics,GE1401,MA1502,12609,CB1
1927,BSc Computing Mathematics,GE1401,GE1501,12618,C13
1927,BSc Computing Mathematics,GE1401,MA1400,14938,C01
1927,BSc Computing Mathematics,GE1401,MA1400,14939,T01
1928,BSc Computing Mathematics,GE1401,CS1302,11860,CB1
1928,BSc Computing Mathematics,GE1401,CSCI1001,12056,C01
1928,BSc Computing Mathematics,GE1401,CS1302,12218,LB3
1928,BSc Computing Mathematics,GE1401,MA1502,12609,CB1
1928,BSc Computing Mathematics,GE1401,GE1501,12619,C14
1928,BSc Computing Mathematics,GE1401,MA1400,14938,C01
1928,BSc Computing Mathematics,GE1401,MA1400,14939,T01
1928,BSc Computing Mathematics,GE1401,GE1401,15601,T28
1929,BSc Computing Mathematics,GE1401,GE1401,10708,T34
1929,BSc Computing Mathematics,GE1401,CS1302,11860,CB1
1929,BSc Computing Mathematics,GE1401,CSCI1001,12056,C01
1929,BSc Computing Mathematics,GE1401,CS1302,12218,LB3
1929,BSc Computing Mathematics,GE1401,MA1502,12609,CB1
1929,BSc Computing Mathematics,GE1401,GE1501,12618,C13
1929,BSc Computing Mathematics,GE1401,MA1400,14938,C01
1929,BSc Computing Mathematics,GE1401,MA1400,14939,T01
1930,BSc Computing Mathematics,GE1401,GE1401,10701,T25
1930,BSc Computing Mathematics,GE1401,CS1302,11860,CB1
1930,BSc Computing Mathematics,GE1401,CSCI1001,12056,C01
1930,BSc Computing Mathematics,GE1401,CS1302,12218,LB3
1930,BSc Computing Mathematics,GE1401,MA1502,12609,CB1
1930,BSc Computing Mathematics,GE1401,GE1501,12618,C13
1930,BSc Computing Mathematics,GE1401,MA1400,14938,C01
1930,BSc Computing Mathematics,GE1401,MA1400,14939,T01
1931,BSc Computing Mathematics,GE1401,CS1302,11860,CB1
1931,BSc Computing Mathematics,GE1401,CSCI1001,12056,C01
1931,BSc Computing Mathematics,GE1401,CS1302,12218,LB3
1931,BSc Computing Mathematics,GE1401,GE1401,12398,T70
1931,BSc Computing Mathematics,GE1401,MA1502,12609,CB1
1931,BSc Computing Mathematics,GE1401,GE1501,12619,C14
1931,BSc Computing Mathematics,GE1401,MA1400,14938,C01
1931,BSc Computing Mathematics,GE1401,MA1400,14939,T01
1932,BSc Computing Mathematics,GE1401,GE1401,10696,T20
1932,BSc Computing Mathematics,GE1401,CS1302,11860,CB1
1932,BSc Computing Mathematics,GE1401,CSCI1001,12056,C01
1932,BSc Computing Mathematics,GE1401,CS1302,12218,LB3
1932,BSc Computing Mathematics,GE1401,MA1502,12609,CB1
1932,BSc Computing Mathematics,GE1401,GE1501,12618,C13
1932,BSc Computing Mathematics,GE1401,MA1400,14938,C01
1932,BSc Computing Mathematics,GE1401,MA1400,14939,T01
1933,BSc Computing Mathematics,GE1401,GE1401,10701,T25
1933,BSc Computing Mathematics,GE1401,CS1302,11860,CB1
1933,BSc Computing Mathematics,GE1401,CSCI1001,12056,C01
1933,BSc Computing Mathematics,GE1401,CS1302,12218,LB3
1933,BSc Computing Mathematics,GE1401,MA1502,12609,CB1
1933,BSc Computing Mathematics,GE1401,GE1501,12618,C13
1933,BSc Computing Mathematics,GE1401,MA1400,14938,C01
1933,BSc Computing Mathematics,GE1401,MA1400,14939,T01
1934,BSc Computing Mathematics,GE1401,GE1401,10731,T66
1934,BSc Computing Mathematics,GE1401,CS1302,11860,CB1
1934,BSc Computing Mathematics,GE1401,CSCI1001,12056,C01
1934,BSc Computing Mathematics,GE1401,CS1302,12218,LB3
1934,BSc Computing Mathematics,GE1401,MA1502,12609,CB1
1934,BSc Computing Mathematics,GE1401,GE1501,12618,C13
1934,BSc Computing Mathematics,GE1401,MA1400,14938,C01
1934,BSc Computing Mathematics,GE1401,MA1400,14939,T01
1935,BSc Computing Mathematics,GE1401,GE1401,10708,T34
1935,BSc Computing Mathematics,GE1401,CS1302,11860,CB1
1935,BSc Computing Mathematics,GE1401,CSCI1001,12056,C01
1935,BSc Computing Mathematics,GE1401,CS1302,12218,LB3
1935,BSc Computing Mathematics,GE1401,MA1502,12609,CB1
1935,BSc Computing Mathematics,GE1401,GE1501,12618,C13
1935,BSc Computing Mathematics,GE1401,MA1400,14938,C01
1935,BSc Computing Mathematics,GE1401,MA1400,14939,T01
1936,BSc Computing Mathematics,GE1401,GE1401,10685,T08
1936,BSc Computing Mathematics,GE1401,CS1302,11861,CC1
1936,BSc Computing Mathematics,GE1401,CSCI1001,12056,C01
1936,BSc Computing Mathematics,GE1401,MA1502,12609,CB1
1936,BSc Computing Mathematics,GE1401,GE1501,12619,C14
1936,BSc Computing Mathematics,GE1401,CS1302,13150,LC3
1936,BSc Computing Mathematics,GE1401,MA1400,14938,C01
1936,BSc Computing Mathematics,GE1401,MA1400,14939,T01
1937,BSc Computing Mathematics,GE1401,CS1302,11860,CB1
1937,BSc Computing Mathematics,GE1401,CSCI1001,12056,C01
1937,BSc Computing Mathematics,GE1401,CS1302,12218,LB3
1937,BSc Computing Mathematics,GE1401,MA1502,12609,CB1
1937,BSc Computing Mathematics,GE1401,GE1501,12619,C14
1937,BSc Computing Mathematics,GE1401,MA1400,14938,C01
1937,BSc Computing Mathematics,GE1401,MA1400,14939,T01
1937,BSc Computing Mathematics,GE1401,GE1401,15601,T28
1938,BSc Computing Mathematics,GE1401,GE1401,10708,T34
1938,BSc Computing Mathematics,GE1401,CS1302,11860,CB1
1938,BSc Computing Mathematics,GE1401,CSCI1001,12056,C01
1938,BSc Computing Mathematics,GE1401,CS1302,12218,LB3
1938,BSc Computing Mathematics,GE1401,MA1502,12609,CB1
1938,BSc Computing Mathematics,GE1401,GE1501,12618,C13
1938,BSc Computing Mathematics,GE1401,MA1400,14938,C01
1938,BSc Computing Mathematics,GE1401,MA1400,14939,T01
1939,BSc Computing Mathematics,GE1401,GE1401,10685,T08
1939,BSc Computing Mathematics,GE1401,CS1302,11860,CB1
1939,BSc Computing Mathematics,GE1401,CSCI1001,12056,C01
1939,BSc Computing Mathematics,GE1401,CS1302,12218,LB3
1939,BSc Computing Mathematics,GE1401,MA1502,12609,CB1
1939,BSc Computing Mathematics,GE1401,GE1501,12619,C14
1939,BSc Computing Mathematics,GE1401,MA1400,14938,C01
1939,BSc Computing Mathematics,GE1401,MA1400,14939,T01
1940,BSc Computing Mathematics,GE1401,GE1401,10731,T66
1940,BSc Computing Mathematics,GE1401,CS1302,11860,CB1
1940,BSc Computing Mathematics,GE1401,CSCI1001,12056,C01
1940,BSc Computing Mathematics,GE1401,CS1302,12218,LB3
1940,BSc Computing Mathematics,GE1401,MA1502,12609,CB1
1940,BSc Computing Mathematics,GE1401,GE1501,12618,C13
1940,BSc Computing Mathematics,GE1401,MA1400,14938,C01
1940,BSc Computing Mathematics,GE1401,MA1400,14939,T01
1941,BSc Computing Mathematics,GE1401,GE1401,10708,T34
1941,BSc Computing Mathematics,GE1401,CS1302,11860,CB1
1941,BSc Computing Mathematics,GE1401,CSCI1001,12056,C01
1941,BSc Computing Mathematics,GE1401,CS1302,12218,LB3
1941,BSc Computing Mathematics,GE1401,MA1502,12609,CB1
1941,BSc Computing Mathematics,GE1401,GE1501,12618,C13
1941,BSc Computing Mathematics,GE1401,MA1400,14938,C01
1941,BSc Computing Mathematics,GE1401,MA1400,14939,T01
1942,BSc Computing Mathematics,GE1401,GE1401,11495,T77
1942,BSc Computing Mathematics,GE1401,CS1302,11860,CB1
1942,BSc Computing Mathematics,GE1401,CSCI1001,12056,C01
1942,BSc Computing Mathematics,GE1401,CS1302,12218,LB3
1942,BSc Computing Mathematics,GE1401,MA1502,12609,CB1
1942,BSc Computing Mathematics,GE1401,GE1501,12618,C13
1942,BSc Computing Mathematics,GE1401,MA1400,14938,C01
1942,BSc Computing Mathematics,GE1401,MA1400,14939,T01
1943,BSc Computing Mathematics,LC0200A,LC0200A,10841,T01
1943,BSc Computing Mathematics,LC0200A,CS1302,11860,CB1
1943,BSc Computing Mathematics,LC0200A,CSCI1001,12056,C01
1943,BSc Computing Mathematics,LC0200A,CS1302,12218,LB3
1943,BSc Computing Mathematics,LC0200A,MA1502,12609,CB1
1943,BSc Computing Mathematics,LC0200A,GE1501,12618,C13
1943,BSc Computing Mathematics,LC0200A,MA1400,14938,C01
1943,BSc Computing Mathematics,LC0200A,MA1400,14939,T01
1944,BSc Computing Mathematics,LC0200A,LC0200A,10841,T01
1944,BSc Computing Mathematics,LC0200A,CS1302,11860,CB1
1944,BSc Computing Mathematics,LC0200A,CSCI1001,12056,C01
1944,BSc Computing Mathematics,LC0200A,CS1302,12218,LB3
1944,BSc Computing Mathematics,LC0200A,MA1502,12609,CB1
1944,BSc Computing Mathematics,LC0200A,GE1501,12618,C13
1944,BSc Computing Mathematics,LC0200A,MA1400,14938,C01
1944,BSc Computing Mathematics,LC0200A,MA1400,14939,T01
1945,BSc Computing Mathematics,LC0200A,LC0200A,10841,T01
1945,BSc Computing Mathematics,LC0200A,CS1302,11860,CB1
1945,BSc Computing Mathematics,LC0200A,CSCI1001,12056,C01
1945,BSc Computing Mathematics,LC0200A,CS1302,12218,LB3
1945,BSc Computing Mathematics,LC0200A,MA1502,12609,CB1
1945,BSc Computing Mathematics,LC0200A,GE1501,12618,C13
1945,BSc Computing Mathematics,LC0200A,MA1400,14938,C01
1945,BSc Computing Mathematics,LC0200A,MA1400,14939,T01
1946,BSc Computing Mathematics,LC0200A,LC0200A,11030,T31
1946,BSc Computing Mathematics,LC0200A,CS1302,11860,CB1
1946,BSc Computing Mathematics,LC0200A,CSCI1001,12056,C01
1946,BSc Computing Mathematics,LC0200A,CS1302,12218,LB3
1946,BSc Computing Mathematics,LC0200A,MA1502,12609,CB1
1946,BSc Computing Mathematics,LC0200A,GE1501,12619,C14
1946,BSc Computing Mathematics,LC0200A,MA1400,14938,C01
1946,BSc Computing Mathematics,LC0200A,MA1400,14939,T01
1947,BSc Computing Mathematics,LC0200A,LC0200A,10887,T19
1947,BSc Computing Mathematics,LC0200A,CS1302,11860,CB1
1947,BSc Computing Mathematics,LC0200A,CSCI1001,12056,C01
1947,BSc Computing Mathematics,LC0200A,CS1302,12218,LB3
1947,BSc Computing Mathematics,LC0200A,MA1502,12609,CB1
1947,BSc Computing Mathematics,LC0200A,GE1501,12618,C13
1947,BSc Computing Mathematics,LC0200A,MA1400,14938,C01
1947,BSc Computing Mathematics,LC0200A,MA1400,14939,T01
1948,BSc Computing Mathematics,LC0200A,LC0200A,10882,T13
1948,BSc Computing Mathematics,LC0200A,CS1302,11861,CC1
1948,BSc Computing Mathematics,LC0200A,CSCI1001,12056,C01
1948,BSc Computing Mathematics,LC0200A,MA1502,12609,CB1
1948,BSc Computing Mathematics,LC0200A,GE1501,12619,C14
1948,BSc Computing Mathematics,LC0200A,CS1302,13150,LC3
1948,BSc Computing Mathematics,LC0200A,MA1400,14938,C01
1948,BSc Computing Mathematics,LC0200A,MA1400,14939,T01
1949,BSc Computing Mathematics,LC0200A,LC0200A,10841,T01
1949,BSc Computing Mathematics,LC0200A,CS1302,11860,CB1
1949,BSc Computing Mathematics,LC0200A,CSCI1001,12056,C01
1949,BSc Computing Mathematics,LC0200A,CS1302,12218,LB3
1949,BSc Computing Mathematics,LC0200A,MA1502,12609,CB1
1949,BSc Computing Mathematics,LC0200A,GE1501,12618,C13
1949,BSc Computing Mathematics,LC0200A,MA1400,14938,C01
1949,BSc Computing Mathematics,LC0200A,MA1400,14939,T01
1950,BSc Computing Mathematics,LC0200A,LC0200A,10887,T19
1950,BSc Computing Mathematics,LC0200A,CS1302,11860,CB1
1950,BSc Computing Mathematics,LC0200A,CSCI1001,12056,C01
1950,BSc Computing Mathematics,LC0200A,CS1302,12218,LB3
1950,BSc Computing Mathematics,LC0200A,MA1502,12609,CB1
1950,BSc Computing Mathematics,LC0200A,GE1501,12618,C13
1950,BSc Computing Mathematics,LC0200A,MA1400,14938,C01
1950,BSc Computing Mathematics,LC0200A,MA1400,14939,T01
1951,BSc Computing Mathematics,LC0200A,LC0200A,10887,T19
1951,BSc Computing Mathematics,LC0200A,CS1302,11860,CB1
1951,BSc Computing Mathematics,LC0200A,CSCI1001,12056,C01
1951,BSc Computing Mathematics,LC0200A,CS1302,12218,LB3
1951,BSc Computing Mathematics,LC0200A,MA1502,12609,CB1
1951,BSc Computing Mathematics,LC0200A,GE1501,12618,C13
1951,BSc Computing Mathematics,LC0200A,MA1400,14938,C01
1951,BSc Computing Mathematics,LC0200A,MA1400,14939,T01
1952,BSc Computing Mathematics,LC0200A,LC0200A,10882,T13
1952,BSc Computing Mathematics,LC0200A,CS1302,11861,CC1
1952,BSc Computing Mathematics,LC0200A,CSCI1001,12056,C01
1952,BSc Computing Mathematics,LC0200A,MA1502,12609,CB1
1952,BSc Computing Mathematics,LC0200A,GE1501,12619,C14
1952,BSc Computing Mathematics,LC0200A,CS1302,13150,LC3
1952,BSc Computing Mathematics,LC0200A,MA1400,14938,C01
1952,BSc Computing Mathematics,LC0200A,MA1400,14939,T01
1953,BSc Computing Mathematics,LC0200A,LC0200A,10894,T26
1953,BSc Computing Mathematics,LC0200A,CS1302,11860,CB1
1953,BSc Computing Mathematics,LC0200A,CSCI1001,12056,C01
1953,BSc Computing Mathematics,LC0200A,CS1302,12218,LB3
1953,BSc Computing Mathematics,LC0200A,MA1502,12609,CB1
1953,BSc Computing Mathematics,LC0200A,GE1501,12618,C13
1953,BSc Computing Mathematics,LC0200A,MA1400,14938,C01
1953,BSc Computing Mathematics,LC0200A,MA1400,14939,T01
1954,BSc Computing Mathematics,LC0200A,LC0200A,10841,T01
1954,BSc Computing Mathematics,LC0200A,CS1302,11860,CB1
1954,BSc Computing Mathematics,LC0200A,CSCI1001,12056,C01
1954,BSc Computing Mathematics,LC0200A,CS1302,12218,LB3
1954,BSc Computing Mathematics,LC0200A,MA1502,12609,CB1
1954,BSc Computing Mathematics,LC0200A,GE1501,12618,C13
1954,BSc Computing Mathematics,LC0200A,MA1400,14938,C01
1954,BSc Computing Mathematics,LC0200A,MA1400,14939,T01
1955,BSc Computing Mathematics,LC0200A,LC0200A,10887,T19
1955,BSc Computing Mathematics,LC0200A,CS1302,11860,CB1
1955,BSc Computing Mathematics,LC0200A,CSCI1001,12056,C01
1955,BSc Computing Mathematics,LC0200A,CS1302,12218,LB3
1955,BSc Computing Mathematics,LC0200A,MA1502,12609,CB1
1955,BSc Computing Mathematics,LC0200A,GE1501,12618,C13
1955,BSc Computing Mathematics,LC0200A,MA1400,14938,C01
1955,BSc Computing Mathematics,LC0200A,MA1400,14939,T01
1956,BSc Computing Mathematics,LC0200A,LC0200A,10841,T01
1956,BSc Computing Mathematics,LC0200A,CS1302,11860,CB1
1956,BSc Computing Mathematics,LC0200A,CSCI1001,12056,C01
1956,BSc Computing Mathematics,LC0200A,CS1302,12218,LB3
1956,BSc Computing Mathematics,LC0200A,MA1502,12609,CB1
1956,BSc Computing Mathematics,LC0200A,GE1501,12618,C13
1956,BSc Computing Mathematics,LC0200A,MA1400,14938,C01
1956,BSc Computing Mathematics,LC0200A,MA1400,14939,T01
1957,BSc Computing Mathematics,LC0200A,LC0200A,10841,T01
1957,BSc Computing Mathematics,LC0200A,CS1302,11860,CB1
1957,BSc Computing Mathematics,LC0200A,CSCI1001,12056,C01
1957,BSc Computing Mathematics,LC0200A,CS1302,12218,LB3
1957,BSc Computing Mathematics,LC0200A,MA1502,12609,CB1
1957,BSc Computing Mathematics,LC0200A,GE1501,12618,C13
1957,BSc Computing Mathematics,LC0200A,MA1400,14938,C01
1957,BSc Computing Mathematics,LC0200A,MA1400,14939,T01
1958,BSc Computing Mathematics,LC0200A,LC0200A,11030,T31
1958,BSc Computing Mathematics,LC0200A,CS1302,11860,CB1
1958,BSc Computing Mathematics,LC0200A,CSCI1001,12056,C01
1958,BSc Computing Mathematics,LC0200A,CS1302,12218,LB3
1958,BSc Computing Mathematics,LC0200A,MA1502,12609,CB1
1958,BSc Computing Mathematics,LC0200A,GE1501,12619,C14
1958,BSc Computing Mathematics,LC0200A,MA1400,14938,C01
1958,BSc Computing Mathematics,LC0200A,MA1400,14939,T01
1959,BSc Computing Mathematics,LC0200A,LC0200A,10841,T01
1959,BSc Computing Mathematics,LC0200A,CS1302,11860,CB1
1959,BSc Computing Mathematics,LC0200A,CSCI1001,12056,C01
1959,BSc Computing Mathematics,LC0200A,CS1302,12218,LB3
1959,BSc Computing Mathematics,LC0200A,MA1502,12609,CB1
1959,BSc Computing Mathematics,LC0200A,GE1501,12618,C13
1959,BSc Computing Mathematics,LC0200A,MA1400,14938,C01
1959,BSc Computing Mathematics,LC0200A,MA1400,14939,T01
1960,BSc Computing Mathematics,LC0200A,LC0200A,10841,T01
1960,BSc Computing Mathematics,LC0200A,CS1302,11860,CB1
1960,BSc Computing Mathematics,LC0200A,CSCI1001,12056,C01
1960,BSc Computing Mathematics,LC0200A,CS1302,12218,LB3
1960,BSc Computing Mathematics,LC0200A,MA1502,12609,CB1
1960,BSc Computing Mathematics,LC0200A,GE1501,12618,C13
1960,BSc Computing Mathematics,LC0200A,MA1400,14938,C01
1960,BSc Computing Mathematics,LC0200A,MA1400,14939,T01
1961,BSc Physics,GE1401,MA1300,10342,CA1
1961,BSc Physics,GE1401,MA1300,11764,TA2
1961,BSc Physics,GE1401,PHY1101,11832,CA1
1961,BSc Physics,GE1401,PHY1101,11835,TA1
1961,BSc Physics,GE1401,CS1302,11860,CB1
1961,BSc Physics,GE1401,CSCI1001,12056,C01
1961,BSc Physics,GE1401,GE1401,13570,T98
1961,BSc Physics,GE1401,CS1302,15811,LB4
1962,BSc Physics,GE1401,MA1300,10342,CA1
1962,BSc Physics,GE1401,GE1401,11504,T90
1962,BSc Physics,GE1401,PHY1101,11832,CA1
1962,BSc Physics,GE1401,PHY1101,11835,TA1
1962,BSc Physics,GE1401,CS1302,11860,CB1
1962,BSc Physics,GE1401,MA1300,11957,TA3
1962,BSc Physics,GE1401,CSCI1001,12056,C01
1962,BSc Physics,GE1401,CS1302,12218,LB3
1963,BSc Physics,GE1401,MA1300,10342,CA1
1963,BSc Physics,GE1401,MA1300,11764,TA2
1963,BSc Physics,GE1401,PHY1101,11832,CA1
1963,BSc Physics,GE1401,PHY1101,11835,TA1
1963,BSc Physics,GE1401,CS1302,11859,CA1
1963,BSc Physics,GE1401,CS1302,11982,LA3
1963,BSc Physics,GE1401,CSCI1001,12056,C01
1963,BSc Physics,GE1401,GE1401,12121,T33
1964,BSc Physics,GE1401,MA1300,10342,CA1
1964,BSc Physics,GE1401,MA1300,11764,TA2
1964,BSc Physics,GE1401,PHY1101,11832,CA1
1964,BSc Physics,GE1401,PHY1101,11835,TA1
1964,BSc Physics,GE1401,CS1302,11859,CA1
1964,BSc Physics,GE1401,CS1302,11982,LA3
1964,BSc Physics,GE1401,CSCI1001,12056,C01
1964,BSc Physics,GE1401,GE1401,12124,T49
1965,BSc Physics,GE1401,MA1300,10342,CA1
1965,BSc Physics,GE1401,GE1401,11494,T76
1965,BSc Physics,GE1401,PHY1101,11832,CA1
1965,BSc Physics,GE1401,PHY1101,11835,TA1
1965,BSc Physics,GE1401,CS1302,11860,CB1
1965,BSc Physics,GE1401,MA1300,11957,TA3
1965,BSc Physics,GE1401,CSCI1001,12056,C01
1965,BSc Physics,GE1401,CS1302,12218,LB3
1966,BSc Physics,GE1401,MA1300,10342,CA1
1966,BSc Physics,GE1401,GE1401,10693,T16
1966,BSc Physics,GE1401,PHY1101,11832,CA1
1966,BSc Physics,GE1401,PHY1101,11835,TA1
1966,BSc Physics,GE1401,CS1302,11859,CA1
1966,BSc Physics,GE1401,MA1300,11957,TA3
1966,BSc Physics,GE1401,CSCI1001,12056,C01
1966,BSc Physics,GE1401,CS1302,12215,LA4
1967,BSc Physics,GE1401,MA1300,10342,CA1
1967,BSc Physics,GE1401,MA1300,11764,TA2
1967,BSc Physics,GE1401,PHY1101,11832,CA1
1967,BSc Physics,GE1401,PHY1101,11835,TA1
1967,BSc Physics,GE1401,CS1302,11860,CB1
1967,BSc Physics,GE1401,CSCI1001,12056,C01
1967,BSc Physics,GE1401,GE1401,13577,TB6
1967,BSc Physics,GE1401,CS1302,15811,LB4
1968,BSc Physics,GE1401,MA1300,10342,CA1
1968,BSc Physics,GE1401,GE1401,11504,T90
1968,BSc Physics,GE1401,PHY1101,11832,CA1
1968,BSc Physics,GE1401,PHY1101,11835,TA1
1968,BSc Physics,GE1401,CS1302,11860,CB1
1968,BSc Physics,GE1401,MA1300,11957,TA3
1968,BSc Physics,GE1401,CSCI1001,12056,C01
1968,BSc Physics,GE1401,CS1302,12218,LB3
1969,BSc Physics,GE1401,MA1300,10342,CA1
1969,BSc Physics,GE1401,MA1300,11764,TA2
1969,BSc Physics,GE1401,PHY1101,11832,CA1
1969,BSc Physics,GE1401,PHY1101,11835,TA1
1969,BSc Physics,GE1401,CS1302,11859,CA1
1969,BSc Physics,GE1401,CS1302,11982,LA3
1969,BSc Physics,GE1401,CSCI1001,12056,C01
1969,BSc Physics,GE1401,GE1401,13570,T98
1970,BSc Physics,GE1401,MA1300,10342,CA1
1970,BSc Physics,GE1401,MA1300,11764,TA2
1970,BSc Physics,GE1401,PHY1101,11832,CA1
1970,BSc Physics,GE1401,PHY1101,11835,TA1
1970,BSc Physics,GE1401,CS1302,11860,CB1
1970,BSc Physics,GE1401,CSCI1001,12056,C01
1970,BSc Physics,GE1401,GE1401,13577,TB6
1970,BSc Physics,GE1401,CS1302,15811,LB4
1971,BSc Physics,GE1401,MA1300,10342,CA1
1971,BSc Physics,GE1401,GE1401,10693,T16
1971,BSc Physics,GE1401,PHY1101,11832,CA1
1971,BSc Physics,GE1401,PHY1101,11835,TA1
1971,BSc Physics,GE1401,CS1302,11859,CA1
1971,BSc Physics,GE1401,MA1300,11957,TA3
1971,BSc Physics,GE1401,CSCI1001,12056,C01
1971,BSc Physics,GE1401,CS1302,12215,LA4
1972,BSc Physics,GE1401,MA1300,10342,CA1
1972,BSc Physics,GE1401,GE1401,10693,T16
1972,BSc Physics,GE1401,PHY1101,11832,CA1
1972,BSc Physics,GE1401,PHY1101,11835,TA1
1972,BSc Physics,GE1401,CS1302,11859,CA1
1972,BSc Physics,GE1401,MA1300,11957,TA3
1972,BSc Physics,GE1401,CSCI1001,12056,C01
1972,BSc Physics,GE1401,CS1302,12215,LA4
1973,BSc Physics,GE1401,MA1300,10342,CA1
1973,BSc Physics,GE1401,MA1300,11764,TA2
1973,BSc Physics,GE1401,PHY1101,11832,CA1
1973,BSc Physics,GE1401,PHY1101,11835,TA1
1973,BSc Physics,GE1401,CS1302,11859,CA1
1973,BSc Physics,GE1401,CS1302,11982,LA3
1973,BSc Physics,GE1401,CSCI1001,12056,C01
1973,BSc Physics,GE1401,GE1401,12124,T49
1974,BSc Physics,GE1401,MA1300,10342,CA1
1974,BSc Physics,GE1401,GE1401,10693,T16
1974,BSc Physics,GE1401,PHY1101,11832,CA1
1974,BSc Physics,GE1401,PHY1101,11835,TA1
1974,BSc Physics,GE1401,CS1302,11859,CA1
1974,BSc Physics,GE1401,MA1300,11957,TA3
1974,BSc Physics,GE1401,CSCI1001,12056,C01
1974,BSc Physics,GE1401,CS1302,12215,LA4
1975,BSc Physics,GE1401,MA1300,10342,CA1
1975,BSc Physics,GE1401,GE1401,10683,T06
1975,BSc Physics,GE1401,PHY1101,11832,CA1
1975,BSc Physics,GE1401,PHY1101,11835,TA1
1975,BSc Physics,GE1401,CS1302,11859,CA1
1975,BSc Physics,GE1401,MA1300,11957,TA3
1975,BSc Physics,GE1401,CSCI1001,12056,C01
1975,BSc Physics,GE1401,CS1302,12215,LA4
1976,BSc Physics,GE1401,MA1300,10342,CA1
1976,BSc Physics,GE1401,GE1401,11504,T90
1976,BSc Physics,GE1401,PHY1101,11832,CA1
1976,BSc Physics,GE1401,PHY1101,11835,TA1
1976,BSc Physics,GE1401,CS1302,11860,CB1
1976,BSc Physics,GE1401,MA1300,11957,TA3
1976,BSc Physics,GE1401,CSCI1001,12056,C01
1976,BSc Physics,GE1401,CS1302,12218,LB3
1977,BSc Physics,GE1401,MA1300,10342,CA1
1977,BSc Physics,GE1401,GE1401,10727,T60
1977,BSc Physics,GE1401,PHY1101,11832,CA1
1977,BSc Physics,GE1401,PHY1101,11835,TA1
1977,BSc Physics,GE1401,CS1302,11859,CA1
1977,BSc Physics,GE1401,MA1300,11957,TA3
1977,BSc Physics,GE1401,CSCI1001,12056,C01
1977,BSc Physics,GE1401,CS1302,12215,LA4
1978,BSc Physics,GE1401,MA1300,10342,CA1
1978,BSc Physics,GE1401,GE1401,10683,T06
1978,BSc Physics,GE1401,PHY1101,11832,CA1
1978,BSc Physics,GE1401,PHY1101,11835,TA1
1978,BSc Physics,GE1401,CS1302,11859,CA1
1978,BSc Physics,GE1401,MA1300,11957,TA3
1978,BSc Physics,GE1401,CSCI1001,12056,C01
1978,BSc Physics,GE1401,CS1302,12215,LA4
1979,BSc Physics,GE1401,MA1300,10342,CA1
1979,BSc Physics,GE1401,MA1300,11764,TA2
1979,BSc Physics,GE1401,PHY1101,11832,CA1
1979,BSc Physics,GE1401,PHY1101,11835,TA1
1979,BSc Physics,GE1401,CS1302,11860,CB1
1979,BSc Physics,GE1401,CSCI1001,12056,C01
1979,BSc Physics,GE1401,GE1401,13570,T98
1979,BSc Physics,GE1401,CS1302,15811,LB4
1980,BSc Physics,GE1401,MA1300,10342,CA1
1980,BSc Physics,GE1401,MA1300,11764,TA2
1980,BSc Physics,GE1401,PHY1101,11832,CA1
1980,BSc Physics,GE1401,PHY1101,11835,TA1
1980,BSc Physics,GE1401,CS1302,11860,CB1
1980,BSc Physics,GE1401,CSCI1001,12056,C01
1980,BSc Physics,GE1401,GE1401,13570,T98
1980,BSc Physics,GE1401,CS1302,15811,LB4
1981,BSc Physics,GE1401,MA1300,10342,CA1
1981,BSc Physics,GE1401,GE1401,10683,T06
1981,BSc Physics,GE1401,PHY1101,11832,CA1
1981,BSc Physics,GE1401,PHY1101,11835,TA1
1981,BSc Physics,GE1401,CS1302,11859,CA1
1981,BSc Physics,GE1401,MA1300,11957,TA3
1981,BSc Physics,GE1401,CSCI1001,12056,C01
1981,BSc Physics,GE1401,CS1302,12215,LA4
1982,BSc Physics,GE1401,MA1300,10342,CA1
1982,BSc Physics,GE1401,GE1401,10693,T16
1982,BSc Physics,GE1401,PHY1101,11832,CA1
1982,BSc Physics,GE1401,PHY1101,11835,TA1
1982,BSc Physics,GE1401,CS1302,11859,CA1
1982,BSc Physics,GE1401,MA1300,11957,TA3
1982,BSc Physics,GE1401,CSCI1001,12056,C01
1982,BSc Physics,GE1401,CS1302,12215,LA4
1983,BSc Physics,GE1401,MA1300,10342,CA1
1983,BSc Physics,GE1401,GE1401,10693,T16
1983,BSc Physics,GE1401,PHY1101,11832,CA1
1983,BSc Physics,GE1401,PHY1101,11835,TA1
1983,BSc Physics,GE1401,CS1302,11859,CA1
1983,BSc Physics,GE1401,MA1300,11957,TA3
1983,BSc Physics,GE1401,CSCI1001,12056,C01
1983,BSc Physics,GE1401,CS1302,12215,LA4
1984,BSc Physics,GE1401,MA1300,10342,CA1
1984,BSc Physics,GE1401,MA1300,11764,TA2
1984,BSc Physics,GE1401,PHY1101,11832,CA1
1984,BSc Physics,GE1401,PHY1101,11835,TA1
1984,BSc Physics,GE1401,CS1302,11860,CB1
1984,BSc Physics,GE1401,CSCI1001,12056,C01
1984,BSc Physics,GE1401,GE1401,13577,TB6
1984,BSc Physics,GE1401,CS1302,15811,LB4
1985,BSc Physics,GE1401,MA1300,10342,CA1
1985,BSc Physics,GE1401,GE1401,10693,T16
1985,BSc Physics,GE1401,PHY1101,11832,CA1
1985,BSc Physics,GE1401,PHY1101,11835,TA1
1985,BSc Physics,GE1401,CS1302,11859,CA1
1985,BSc Physics,GE1401,MA1300,11957,TA3
1985,BSc Physics,GE1401,CSCI1001,12056,C01
1985,BSc Physics,GE1401,CS1302,12215,LA4
1986,BSc Physics,GE1401,MA1300,10342,CA1
1986,BSc Physics,GE1401,MA1300,11764,TA2
1986,BSc Physics,GE1401,PHY1101,11832,CA1
1986,BSc Physics,GE1401,PHY1101,11835,TA1
1986,BSc Physics,GE1401,CS1302,11860,CB1
1986,BSc Physics,GE1401,CSCI1001,12056,C01
1986,BSc Physics,GE1401,GE1401,13577,TB6
1986,BSc Physics,GE1401,CS1302,15811,LB4
1987,BSc Physics,LC0200A,MA1300,10342,CA1
1987,BSc Physics,LC0200A,PHY1101,11832,CA1
1987,BSc Physics,LC0200A,PHY1101,11835,TA1
1987,BSc Physics,LC0200A,CS1302,11859,CA1
1987,BSc Physics,LC0200A,MA1300,11957,TA3
1987,BSc Physics,LC0200A,CSCI1001,12056,C01
1987,BSc Physics,LC0200A,CS1302,12215,LA4
1987,BSc Physics,LC0200A,LC0200A,12333,T40
1988,BSc Physics,LC0200A,MA1300,10342,CA1
1988,BSc Physics,LC0200A,PHY1101,11832,CA1
1988,BSc Physics,LC0200A,PHY1101,11835,TA1
1988,BSc Physics,LC0200A,CS1302,11859,CA1
1988,BSc Physics,LC0200A,MA1300,11957,TA3
1988,BSc Physics,LC0200A,CSCI1001,12056,C01
1988,BSc Physics,LC0200A,CS1302,12215,LA4
1988,BSc Physics,LC0200A,LC0200A,12333,T40
1989,BSc Physics,LC0200A,MA1300,10342,CA1
1989,BSc Physics,LC0200A,LC0200A,10876,T07
1989,BSc Physics,LC0200A,MA1300,11764,TA2
1989,BSc Physics,LC0200A,PHY1101,11832,CA1
1989,BSc Physics,LC0200A,PHY1101,11835,TA1
1989,BSc Physics,LC0200A,CS1302,11860,CB1
1989,BSc Physics,LC0200A,CSCI1001,12056,C01
1989,BSc Physics,LC0200A,CS1302,15811,LB4
1990,BSc Physics,LC0200A,MA1300,10342,CA1
1990,BSc Physics,LC0200A,LC0200A,10876,T07
1990,BSc Physics,LC0200A,MA1300,11764,TA2
1990,BSc Physics,LC0200A,PHY1101,11832,CA1
1990,BSc Physics,LC0200A,PHY1101,11835,TA1
1990,BSc Physics,LC0200A,CS1302,11860,CB1
1990,BSc Physics,LC0200A,CSCI1001,12056,C01
1990,BSc Physics,LC0200A,CS1302,15811,LB4
1991,BSc Physics,LC0200A,MA1300,10342,CA1
1991,BSc Physics,LC0200A,LC0200A,10876,T07
1991,BSc Physics,LC0200A,MA1300,11764,TA2
1991,BSc Physics,LC0200A,PHY1101,11832,CA1
1991,BSc Physics,LC0200A,PHY1101,11835,TA1
1991,BSc Physics,LC0200A,CS1302,11860,CB1
1991,BSc Physics,LC0200A,CSCI1001,12056,C01
1991,BSc Physics,LC0200A,CS1302,15811,LB4
1992,BSc Physics,LC0200A,MA1300,10342,CA1
1992,BSc Physics,LC0200A,PHY1101,11832,CA1
1992,BSc Physics,LC0200A,PHY1101,11835,TA1
1992,BSc Physics,LC0200A,CS1302,11859,CA1
1992,BSc Physics,LC0200A,MA1300,11957,TA3
1992,BSc Physics,LC0200A,CSCI1001,12056,C01
1992,BSc Physics,LC0200A,CS1302,12215,LA4
1992,BSc Physics,LC0200A,LC0200A,12333,T40
1993,BSc Physics,LC0200A,MA1300,10342,CA1
1993,BSc Physics,LC0200A,LC0200A,10876,T07
1993,BSc Physics,LC0200A,MA1300,11764,TA2
1993,BSc Physics,LC0200A,PHY1101,11832,CA1
1993,BSc Physics,LC0200A,PHY1101,11835,TA1
1993,BSc Physics,LC0200A,CS1302,11860,CB1
1993,BSc Physics,LC0200A,CSCI1001,12056,C01
1993,BSc Physics,LC0200A,CS1302,15811,LB4
1994,BSc Physics,LC0200A,MA1300,10342,CA1
1994,BSc Physics,LC0200A,LC0200A,10883,T14
1994,BSc Physics,LC0200A,PHY1101,11832,CA1
1994,BSc Physics,LC0200A,PHY1101,11835,TA1
1994,BSc Physics,LC0200A,CS1302,11859,CA1
1994,BSc Physics,LC0200A,MA1300,11957,TA3
1994,BSc Physics,LC0200A,CSCI1001,12056,C01
1994,BSc Physics,LC0200A,CS1302,12215,LA4
1995,BSc Physics,LC0200A,MA1300,10342,CA1
1995,BSc Physics,LC0200A,LC0200A,10883,T14
1995,BSc Physics,LC0200A,PHY1101,11832,CA1
1995,BSc Physics,LC0200A,PHY1101,11835,TA1
1995,BSc Physics,LC0200A,CS1302,11859,CA1
1995,BSc Physics,LC0200A,MA1300,11957,TA3
1995,BSc Physics,LC0200A,CSCI1001,12056,C01
1995,BSc Physics,LC0200A,CS1302,12215,LA4
1996,BSc Physics,LC0200A,MA1300,10342,CA1
1996,BSc Physics,LC0200A,PHY1101,11832,CA1
1996,BSc Physics,LC0200A,PHY1101,11835,TA1
1996,BSc Physics,LC0200A,CS1302,11859,CA1
1996,BSc Physics,LC0200A,MA1300,11957,TA3
1996,BSc Physics,LC0200A,CSCI1001,12056,C01
1996,BSc Physics,LC0200A,CS1302,12215,LA4
1996,BSc Physics,LC0200A,LC0200A,12333,T40
1997,BSc Physics,LC0200A,MA1300,10342,CA1
1997,BSc Physics,LC0200A,LC0200A,10876,T07
1997,BSc Physics,LC0200A,MA1300,11764,TA2
1997,BSc Physics,LC0200A,PHY1101,11832,CA1
1997,BSc Physics,LC0200A,PHY1101,11835,TA1
1997,BSc Physics,LC0200A,CS1302,11860,CB1
1997,BSc Physics,LC0200A,CSCI1001,12056,C01
1997,BSc Physics,LC0200A,CS1302,15811,LB4
1998,BSc Physics,LC0200A,MA1300,10342,CA1
1998,BSc Physics,LC0200A,LC0200A,10893,T25
1998,BSc Physics,LC0200A,MA1300,11764,TA2
1998,BSc Physics,LC0200A,PHY1101,11832,CA1
1998,BSc Physics,LC0200A,PHY1101,11835,TA1
1998,BSc Physics,LC0200A,CS1302,11860,CB1
1998,BSc Physics,LC0200A,CSCI1001,12056,C01
1998,BSc Physics,LC0200A,CS1302,15811,LB4
1999,BEng Biomedical Engineering,GE1401,CHEM1200,10384,C01
1999,BEng Biomedical Engineering,GE1401,GE1401,10690,T13
1999,BEng Biomedical Engineering,GE1401,BME2105,10791,C01
1999,BEng Biomedical Engineering,GE1401,CHEM1200,11294,L03
1999,BEng Biomedical Engineering,GE1401,PHY1201,11377,T01
1999,BEng Biomedical Engineering,GE1401,BME2105,11417,T01
1999,BEng Biomedical Engineering,GE1401,MA1200,11784,CF1
1999,BEng Biomedical Engineering,GE1401,MA1200,11803,TF2
1999,BEng Biomedical Engineering,GE1401,PHY1201,12180,L04
1999,BEng Biomedical Engineering,GE1401,PHY1201,12368,C01
2000,BEng Biomedical Engineering,GE1401,CHEM1200,10384,C01
2000,BEng Biomedical Engineering,GE1401,GE1401,10705,T30
2000,BEng Biomedical Engineering,GE1401,BME2105,10791,C01
2000,BEng Biomedical Engineering,GE1401,CHEM1200,11295,L04
2000,BEng Biomedical Engineering,GE1401,BME2105,11417,T01
2000,BEng Biomedical Engineering,GE1401,MA1200,11784,CF1
2000,BEng Biomedical Engineering,GE1401,MA1200,11803,TF2
2000,BEng Biomedical Engineering,GE1401,PHY1201,12180,L04
2000,BEng Biomedical Engineering,GE1401,PHY1201,12368,C01
2000,BEng Biomedical Engineering,GE1401,PHY1201,12369,T02
2001,BEng Biomedical Engineering,GE1401,CHEM1200,10384,C01
2001,BEng Biomedical Engineering,GE1401,GE1401,10720,T53
2001,BEng Biomedical Engineering,GE1401,BME2105,10791,C01
2001,BEng Biomedical Engineering,GE1401,CHEM1200,11295,L04
2001,BEng Biomedical Engineering,GE1401,BME2105,11417,T01
2001,BEng Biomedical Engineering,GE1401,MA1200,11785,CG1
2001,BEng Biomedical Engineering,GE1401,MA1200,11806,TG2
2001,BEng Biomedical Engineering,GE1401,PHY1201,12179,L03
2001,BEng Biomedical Engineering,GE1401,PHY1201,12368,C01
2001,BEng Biomedical Engineering,GE1401,PHY1201,12369,T02
2002,BEng Biomedical Engineering,GE1401,CHEM1200,10384,C01
2002,BEng Biomedical Engineering,GE1401,BME2105,10791,C01
2002,BEng Biomedical Engineering,GE1401,CHEM1200,11092,L02
2002,BEng Biomedical Engineering,GE1401,BME2105,11417,T01
2002,BEng Biomedical Engineering,GE1401,MA1200,11786,CH1
2002,BEng Biomedical Engineering,GE1401,MA1200,11809,TH2
2002,BEng Biomedical Engineering,GE1401,PHY1201,12179,L03
2002,BEng Biomedical Engineering,GE1401,PHY1201,12368,C01
2002,BEng Biomedical Engineering,GE1401,PHY1201,12369,T02
2002,BEng Biomedical Engineering,GE1401,GE1401,13568,T96
2003,BEng Biomedical Engineering,GE1401,CHEM1200,10384,C01
2003,BEng Biomedical Engineering,GE1401,GE1401,10695,T19
2003,BEng Biomedical Engineering,GE1401,BME2105,10791,C01
2003,BEng Biomedical Engineering,GE1401,CHEM1200,11295,L04
2003,BEng Biomedical Engineering,GE1401,BME2105,11417,T01
2003,BEng Biomedical Engineering,GE1401,MA1200,11784,CF1
2003,BEng Biomedical Engineering,GE1401,MA1200,11803,TF2
2003,BEng Biomedical Engineering,GE1401,PHY1201,12180,L04
2003,BEng Biomedical Engineering,GE1401,PHY1201,12368,C01
2003,BEng Biomedical Engineering,GE1401,PHY1201,12369,T02
2004,BEng Biomedical Engineering,GE1401,CHEM1200,10384,C01
2004,BEng Biomedical Engineering,GE1401,GE1401,10686,T09
2004,BEng Biomedical Engineering,GE1401,BME2105,10791,C01
2004,BEng Biomedical Engineering,GE1401,CHEM1200,11294,L03
2004,BEng Biomedical Engineering,GE1401,PHY1201,11377,T01
2004,BEng Biomedical Engineering,GE1401,BME2105,11417,T01
2004,BEng Biomedical Engineering,GE1401,MA1200,11782,CE1
2004,BEng Biomedical Engineering,GE1401,MA1200,11800,TE2
2004,BEng Biomedical Engineering,GE1401,PHY1201,12180,L04
2004,BEng Biomedical Engineering,GE1401,PHY1201,12368,C01
2005,BEng Biomedical Engineering,GE1401,CHEM1200,10346,L01
2005,BEng Biomedical Engineering,GE1401,CHEM1200,10384,C01
2005,BEng Biomedical Engineering,GE1401,BME2105,10791,C01
2005,BEng Biomedical Engineering,GE1401,BME2105,11417,T01
2005,BEng Biomedical Engineering,GE1401,MA1200,11788,CC1
2005,BEng Biomedical Engineering,GE1401,MA1200,11794,TC2
2005,BEng Biomedical Engineering,GE1401,PHY1201,12188,TA1
2005,BEng Biomedical Engineering,GE1401,PHY1201,12371,CA2
2005,BEng Biomedical Engineering,GE1401,PHY1201,12377,LA3
2005,BEng Biomedical Engineering,GE1401,GE1401,12814,T91
2006,BEng Biomedical Engineering,GE1401,CHEM1200,10384,C01
2006,BEng Biomedical Engineering,GE1401,GE1401,10686,T09
2006,BEng Biomedical Engineering,GE1401,BME2105,10791,C01
2006,BEng Biomedical Engineering,GE1401,CHEM1200,11294,L03
2006,BEng Biomedical Engineering,GE1401,PHY1201,11386,CA1
2006,BEng Biomedical Engineering,GE1401,BME2105,11417,T01
2006,BEng Biomedical Engineering,GE1401,MA1200,11782,CE1
2006,BEng Biomedical Engineering,GE1401,MA1200,11800,TE2
2006,BEng Biomedical Engineering,GE1401,PHY1201,12372,TA2
2006,BEng Biomedical Engineering,GE1401,PHY1201,12378,LA4
2007,BEng Biomedical Engineering,GE1401,CHEM1200,10384,C01
2007,BEng Biomedical Engineering,GE1401,BME2105,10791,C01
2007,BEng Biomedical Engineering,GE1401,CHEM1200,11092,L02
2007,BEng Biomedical Engineering,GE1401,BME2105,11417,T01
2007,BEng Biomedical Engineering,GE1401,MA1200,11785,CG1
2007,BEng Biomedical Engineering,GE1401,MA1200,11806,TG2
2007,BEng Biomedical Engineering,GE1401,PHY1201,12179,L03
2007,BEng Biomedical Engineering,GE1401,PHY1201,12368,C01
2007,BEng Biomedical Engineering,GE1401,PHY1201,12369,T02
2007,BEng Biomedical Engineering,GE1401,GE1401,12733,T62
2008,BEng Biomedical Engineering,GE1401,CHEM1200,10384,C01
2008,BEng Biomedical Engineering,GE1401,GE1401,10705,T30
2008,BEng Biomedical Engineering,GE1401,BME2105,10791,C01
2008,BEng Biomedical Engineering,GE1401,CHEM1200,11295,L04
2008,BEng Biomedical Engineering,GE1401,BME2105,11417,T01
2008,BEng Biomedical Engineering,GE1401,MA1200,11785,CG1
2008,BEng Biomedical Engineering,GE1401,MA1200,11806,TG2
2008,BEng Biomedical Engineering,GE1401,PHY1201,12180,L04
2008,BEng Biomedical Engineering,GE1401,PHY1201,12368,C01
2008,BEng Biomedical Engineering,GE1401,PHY1201,12369,T02
2009,BEng Biomedical Engineering,GE1401,CHEM1200,10384,C01
2009,BEng Biomedical Engineering,GE1401,GE1401,10686,T09
2009,BEng Biomedical Engineering,GE1401,BME2105,10791,C01
2009,BEng Biomedical Engineering,GE1401,CHEM1200,11294,L03
2009,BEng Biomedical Engineering,GE1401,BME2105,11417,T01
2009,BEng Biomedical Engineering,GE1401,MA1200,11784,CF1
2009,BEng Biomedical Engineering,GE1401,MA1200,11803,TF2
2009,BEng Biomedical Engineering,GE1401,PHY1201,12180,L04
2009,BEng Biomedical Engineering,GE1401,PHY1201,12368,C01
2009,BEng Biomedical Engineering,GE1401,PHY1201,12369,T02
2010,BEng Biomedical Engineering,GE1401,CHEM1200,10384,C01
2010,BEng Biomedical Engineering,GE1401,BME2105,10791,C01
2010,BEng Biomedical Engineering,GE1401,CHEM1200,11092,L02
2010,BEng Biomedical Engineering,GE1401,BME2105,11417,T01
2010,BEng Biomedical Engineering,GE1401,MA1200,11784,CF1
2010,BEng Biomedical Engineering,GE1401,MA1200,11803,TF2
2010,BEng Biomedical Engineering,GE1401,PHY1201,12179,L03
2010,BEng Biomedical Engineering,GE1401,PHY1201,12368,C01
2010,BEng Biomedical Engineering,GE1401,PHY1201,12369,T02
2010,BEng Biomedical Engineering,GE1401,GE1401,12733,T62
2011,BEng Biomedical Engineering,GE1401,CHEM1200,10384,C01
2011,BEng Biomedical Engineering,GE1401,BME2105,10791,C01
2011,BEng Biomedical Engineering,GE1401,CHEM1200,11092,L02
2011,BEng Biomedical Engineering,GE1401,BME2105,11417,T01
2011,BEng Biomedical Engineering,GE1401,MA1200,11785,CG1
2011,BEng Biomedical Engineering,GE1401,MA1200,11806,TG2
2011,BEng Biomedical Engineering,GE1401,PHY1201,12179,L03
2011,BEng Biomedical Engineering,GE1401,PHY1201,12368,C01
2011,BEng Biomedical Engineering,GE1401,PHY1201,12369,T02
2011,BEng Biomedical Engineering,GE1401,GE1401,12733,T62
2012,BEng Biomedical Engineering,GE1401,CHEM1200,10384,C01
2012,BEng Biomedical Engineering,GE1401,GE1401,10720,T53
2012,BEng Biomedical Engineering,GE1401,BME2105,10791,C01
2012,BEng Biomedical Engineering,GE1401,CHEM1200,11295,L04
2012,BEng Biomedical Engineering,GE1401,BME2105,11417,T01
2012,BEng Biomedical Engineering,GE1401,MA1200,11785,CG1
2012,BEng Biomedical Engineering,GE1401,MA1200,11806,TG2
2012,BEng Biomedical Engineering,GE1401,PHY1201,12180,L04
2012,BEng Biomedical Engineering,GE1401,PHY1201,12368,C01
2012,BEng Biomedical Engineering,GE1401,PHY1201,12369,T02
2013,BEng Biomedical Engineering,GE1401,CHEM1200,10384,C01
2013,BEng Biomedical Engineering,GE1401,GE1401,10705,T30
2013,BEng Biomedical Engineering,GE1401,BME2105,10791,C01
2013,BEng Biomedical Engineering,GE1401,CHEM1200,11295,L04
2013,BEng Biomedical Engineering,GE1401,BME2105,11417,T01
2013,BEng Biomedical Engineering,GE1401,MA1200,11785,CG1
2013,BEng Biomedical Engineering,GE1401,MA1200,11806,TG2
2013,BEng Biomedical Engineering,GE1401,PHY1201,12180,L04
2013,BEng Biomedical Engineering,GE1401,PHY1201,12368,C01
2013,BEng Biomedical Engineering,GE1401,PHY1201,12369,T02
2014,BEng Biomedical Engineering,GE1401,CHEM1200,10384,C01
2014,BEng Biomedical Engineering,GE1401,GE1401,10695,T19
2014,BEng Biomedical Engineering,GE1401,BME2105,10791,C01
2014,BEng Biomedical Engineering,GE1401,CHEM1200,11295,L04
2014,BEng Biomedical Engineering,GE1401,BME2105,11417,T01
2014,BEng Biomedical Engineering,GE1401,MA1200,11784,CF1
2014,BEng Biomedical Engineering,GE1401,MA1200,11803,TF2
2014,BEng Biomedical Engineering,GE1401,PHY1201,12180,L04
2014,BEng Biomedical Engineering,GE1401,PHY1201,12368,C01
2014,BEng Biomedical Engineering,GE1401,PHY1201,12369,T02
2015,BEng Biomedical Engineering,GE1401,CHEM1200,10384,C01
2015,BEng Biomedical Engineering,GE1401,GE1401,10705,T30
2015,BEng Biomedical Engineering,GE1401,BME2105,10791,C01
2015,BEng Biomedical Engineering,GE1401,CHEM1200,11295,L04
2015,BEng Biomedical Engineering,GE1401,BME2105,11417,T01
2015,BEng Biomedical Engineering,GE1401,MA1200,11785,CG1
2015,BEng Biomedical Engineering,GE1401,MA1200,11806,TG2
2015,BEng Biomedical Engineering,GE1401,PHY1201,12180,L04
2015,BEng Biomedical Engineering,GE1401,PHY1201,12368,C01
2015,BEng Biomedical Engineering,GE1401,PHY1201,12369,T02
2016,BEng Biomedical Engineering,GE1401,GE1401,10731,T66
2016,BEng Biomedical Engineering,GE1401,BME2105,10791,C01
2016,BEng Biomedical Engineering,GE1401,BME2105,11417,T01
2016,BEng Biomedical Engineering,GE1401,MA1200,11789,CD1
2016,BEng Biomedical Engineering,GE1401,MA1200,11797,TD2
2016,BEng Biomedical Engineering,GE1401,PHY1201,12179,L03
2016,BEng Biomedical Engineering,GE1401,PHY1201,12367,C02
2016,BEng Biomedical Engineering,GE1401,PHY1201,12369,T02
2016,BEng Biomedical Engineering,GE1401,CHEM1200,13869,CA1
2016,BEng Biomedical Engineering,GE1401,CHEM1200,13871,LA1
2017,BEng Biomedical Engineering,GE1401,CHEM1200,10384,C01
2017,BEng Biomedical Engineering,GE1401,GE1401,10686,T09
2017,BEng Biomedical Engineering,GE1401,BME2105,10791,C01
2017,BEng Biomedical Engineering,GE1401,CHEM1200,11294,L03
2017,BEng Biomedical Engineering,GE1401,PHY1201,11386,CA1
2017,BEng Biomedical Engineering,GE1401,BME2105,11417,T01
2017,BEng Biomedical Engineering,GE1401,MA1200,11782,CE1
2017,BEng Biomedical Engineering,GE1401,MA1200,11800,TE2
2017,BEng Biomedical Engineering,GE1401,PHY1201,12188,TA1
2017,BEng Biomedical Engineering,GE1401,PHY1201,12378,LA4
2018,BEng Biomedical Engineering,GE1401,CHEM1200,10384,C01
2018,BEng Biomedical Engineering,GE1401,BME2105,10791,C01
2018,BEng Biomedical Engineering,GE1401,CHEM1200,11092,L02
2018,BEng Biomedical Engineering,GE1401,BME2105,11417,T01
2018,BEng Biomedical Engineering,GE1401,MA1200,11785,CG1
2018,BEng Biomedical Engineering,GE1401,MA1200,11806,TG2
2018,BEng Biomedical Engineering,GE1401,PHY1201,12179,L03
2018,BEng Biomedical Engineering,GE1401,PHY1201,12368,C01
2018,BEng Biomedical Engineering,GE1401,PHY1201,12369,T02
2018,BEng Biomedical Engineering,GE1401,GE1401,12733,T62
2019,BEng Biomedical Engineering,GE1401,CHEM1200,10384,C01
2019,BEng Biomedical Engineering,GE1401,GE1401,10705,T30
2019,BEng Biomedical Engineering,GE1401,BME2105,10791,C01
2019,BEng Biomedical Engineering,GE1401,CHEM1200,11295,L04
2019,BEng Biomedical Engineering,GE1401,BME2105,11417,T01
2019,BEng Biomedical Engineering,GE1401,MA1200,11785,CG1
2019,BEng Biomedical Engineering,GE1401,MA1200,11806,TG2
2019,BEng Biomedical Engineering,GE1401,PHY1201,12180,L04
2019,BEng Biomedical Engineering,GE1401,PHY1201,12368,C01
2019,BEng Biomedical Engineering,GE1401,PHY1201,12369,T02
2020,BEng Biomedical Engineering,GE1401,CHEM1200,10384,C01
2020,BEng Biomedical Engineering,GE1401,BME2105,10791,C01
2020,BEng Biomedical Engineering,GE1401,CHEM1200,11092,L02
2020,BEng Biomedical Engineering,GE1401,BME2105,11417,T01
2020,BEng Biomedical Engineering,GE1401,MA1200,11786,CH1
2020,BEng Biomedical Engineering,GE1401,MA1200,11809,TH2
2020,BEng Biomedical Engineering,GE1401,PHY1201,12179,L03
2020,BEng Biomedical Engineering,GE1401,PHY1201,12368,C01
2020,BEng Biomedical Engineering,GE1401,PHY1201,12369,T02
2020,BEng Biomedical Engineering,GE1401,GE1401,13568,T96
2021,BEng Biomedical Engineering,GE1401,CHEM1200,10384,C01
2021,BEng Biomedical Engineering,GE1401,GE1401,10686,T09
2021,BEng Biomedical Engineering,GE1401,BME2105,10791,C01
2021,BEng Biomedical Engineering,GE1401,CHEM1200,11294,L03
2021,BEng Biomedical Engineering,GE1401,PHY1201,11386,CA1
2021,BEng Biomedical Engineering,GE1401,BME2105,11417,T01
2021,BEng Biomedical Engineering,GE1401,MA1200,11782,CE1
2021,BEng Biomedical Engineering,GE1401,MA1200,11800,TE2
2021,BEng Biomedical Engineering,GE1401,PHY1201,12188,TA1
2021,BEng Biomedical Engineering,GE1401,PHY1201,12378,LA4
2022,BEng Biomedical Engineering,GE1401,CHEM1200,10384,C01
2022,BEng Biomedical Engineering,GE1401,BME2105,10791,C01
2022,BEng Biomedical Engineering,GE1401,CHEM1200,11092,L02
2022,BEng Biomedical Engineering,GE1401,BME2105,11417,T01
2022,BEng Biomedical Engineering,GE1401,MA1200,11785,CG1
2022,BEng Biomedical Engineering,GE1401,MA1200,11806,TG2
2022,BEng Biomedical Engineering,GE1401,PHY1201,12179,L03
2022,BEng Biomedical Engineering,GE1401,PHY1201,12368,C01
2022,BEng Biomedical Engineering,GE1401,PHY1201,12369,T02
2022,BEng Biomedical Engineering,GE1401,GE1401,12733,T62
2023,BEng Biomedical Engineering,GE1401,CHEM1200,10384,C01
2023,BEng Biomedical Engineering,GE1401,GE1401,10695,T19
2023,BEng Biomedical Engineering,GE1401,BME2105,10791,C01
2023,BEng Biomedical Engineering,GE1401,CHEM1200,11295,L04
2023,BEng Biomedical Engineering,GE1401,BME2105,11417,T01
2023,BEng Biomedical Engineering,GE1401,MA1200,11784,CF1
2023,BEng Biomedical Engineering,GE1401,MA1200,11803,TF2
2023,BEng Biomedical Engineering,GE1401,PHY1201,12180,L04
2023,BEng Biomedical Engineering,GE1401,PHY1201,12368,C01
2023,BEng Biomedical Engineering,GE1401,PHY1201,12369,T02
2024,BEng Biomedical Engineering,GE1401,CHEM1200,10384,C01
2024,BEng Biomedical Engineering,GE1401,GE1401,10686,T09
2024,BEng Biomedical Engineering,GE1401,BME2105,10791,C01
2024,BEng Biomedical Engineering,GE1401,CHEM1200,11294,L03
2024,BEng Biomedical Engineering,GE1401,PHY1201,11377,T01
2024,BEng Biomedical Engineering,GE1401,BME2105,11417,T01
2024,BEng Biomedical Engineering,GE1401,MA1200,11782,CE1
2024,BEng Biomedical Engineering,GE1401,MA1200,11800,TE2
2024,BEng Biomedical Engineering,GE1401,PHY1201,12180,L04
2024,BEng Biomedical Engineering,GE1401,PHY1201,12368,C01
2025,BEng Biomedical Engineering,LC0200A,CHEM1200,10384,C01
2025,BEng Biomedical Engineering,LC0200A,BME2105,10791,C01
2025,BEng Biomedical Engineering,LC0200A,LC0200A,10895,T27
2025,BEng Biomedical Engineering,LC0200A,CHEM1200,11092,L02
2025,BEng Biomedical Engineering,LC0200A,BME2105,11417,T01
2025,BEng Biomedical Engineering,LC0200A,MA1200,11784,CF1
2025,BEng Biomedical Engineering,LC0200A,MA1200,11803,TF2
2025,BEng Biomedical Engineering,LC0200A,PHY1201,12179,L03
2025,BEng Biomedical Engineering,LC0200A,PHY1201,12368,C01
2025,BEng Biomedical Engineering,LC0200A,PHY1201,12369,T02
2026,BEng Biomedical Engineering,LC0200A,CHEM1200,10384,C01
2026,BEng Biomedical Engineering,LC0200A,BME2105,10791,C01
2026,BEng Biomedical Engineering,LC0200A,LC0200A,10878,T09
2026,BEng Biomedical Engineering,LC0200A,CHEM1200,11295,L04
2026,BEng Biomedical Engineering,LC0200A,PHY1201,11377,T01
2026,BEng Biomedical Engineering,LC0200A,BME2105,11417,T01
2026,BEng Biomedical Engineering,LC0200A,MA1200,11785,CG1
2026,BEng Biomedical Engineering,LC0200A,MA1200,11806,TG2
2026,BEng Biomedical Engineering,LC0200A,PHY1201,12180,L04
2026,BEng Biomedical Engineering,LC0200A,PHY1201,12368,C01
2027,BEng Biomedical Engineering,LC0200A,CHEM1200,10384,C01
2027,BEng Biomedical Engineering,LC0200A,BME2105,10791,C01
2027,BEng Biomedical Engineering,LC0200A,LC0200A,10895,T27
2027,BEng Biomedical Engineering,LC0200A,CHEM1200,11092,L02
2027,BEng Biomedical Engineering,LC0200A,BME2105,11417,T01
2027,BEng Biomedical Engineering,LC0200A,MA1200,11785,CG1
2027,BEng Biomedical Engineering,LC0200A,MA1200,11806,TG2
2027,BEng Biomedical Engineering,LC0200A,PHY1201,12179,L03
2027,BEng Biomedical Engineering,LC0200A,PHY1201,12368,C01
2027,BEng Biomedical Engineering,LC0200A,PHY1201,12369,T02
2028,BEng Biomedical Engineering,LC0200A,CHEM1200,10384,C01
2028,BEng Biomedical Engineering,LC0200A,BME2105,10791,C01
2028,BEng Biomedical Engineering,LC0200A,LC0200A,10878,T09
2028,BEng Biomedical Engineering,LC0200A,CHEM1200,11295,L04
2028,BEng Biomedical Engineering,LC0200A,PHY1201,11377,T01
2028,BEng Biomedical Engineering,LC0200A,BME2105,11417,T01
2028,BEng Biomedical Engineering,LC0200A,MA1200,11785,CG1
2028,BEng Biomedical Engineering,LC0200A,MA1200,11806,TG2
2028,BEng Biomedical Engineering,LC0200A,PHY1201,12180,L04
2028,BEng Biomedical Engineering,LC0200A,PHY1201,12368,C01
2029,BEng Biomedical Engineering,LC0200A,CHEM1200,10384,C01
2029,BEng Biomedical Engineering,LC0200A,BME2105,10791,C01
2029,BEng Biomedical Engineering,LC0200A,LC0200A,10893,T25
2029,BEng Biomedical Engineering,LC0200A,CHEM1200,11092,L02
2029,BEng Biomedical Engineering,LC0200A,BME2105,11417,T01
2029,BEng Biomedical Engineering,LC0200A,MA1200,11788,CC1
2029,BEng Biomedical Engineering,LC0200A,MA1200,11794,TC2
2029,BEng Biomedical Engineering,LC0200A,PHY1201,12181,L05
2029,BEng Biomedical Engineering,LC0200A,PHY1201,12367,C02
2029,BEng Biomedical Engineering,LC0200A,PHY1201,12369,T02
2030,BEng Biomedical Engineering,LC0200A,CHEM1200,10384,C01
2030,BEng Biomedical Engineering,LC0200A,BME2105,10791,C01
2030,BEng Biomedical Engineering,LC0200A,LC0200A,10875,T06
2030,BEng Biomedical Engineering,LC0200A,CHEM1200,11092,L02
2030,BEng Biomedical Engineering,LC0200A,PHY1201,11377,T01
2030,BEng Biomedical Engineering,LC0200A,BME2105,11417,T01
2030,BEng Biomedical Engineering,LC0200A,MA1200,11788,CC1
2030,BEng Biomedical Engineering,LC0200A,MA1200,11794,TC2
2030,BEng Biomedical Engineering,LC0200A,PHY1201,12179,L03
2030,BEng Biomedical Engineering,LC0200A,PHY1201,12367,C02
2031,BEng Biomedical Engineering,LC0200A,CHEM1200,10384,C01
2031,BEng Biomedical Engineering,LC0200A,BME2105,10791,C01
2031,BEng Biomedical Engineering,LC0200A,LC0200A,10895,T27
2031,BEng Biomedical Engineering,LC0200A,CHEM1200,11295,L04
2031,BEng Biomedical Engineering,LC0200A,BME2105,11417,T01
2031,BEng Biomedical Engineering,LC0200A,MA1200,11785,CG1
2031,BEng Biomedical Engineering,LC0200A,MA1200,11806,TG2
2031,BEng Biomedical Engineering,LC0200A,PHY1201,12180,L04
2031,BEng Biomedical Engineering,LC0200A,PHY1201,12368,C01
2031,BEng Biomedical Engineering,LC0200A,PHY1201,12369,T02
2032,BEng Biomedical Engineering,LC0200A,CHEM1200,10384,C01
2032,BEng Biomedical Engineering,LC0200A,BME2105,10791,C01
2032,BEng Biomedical Engineering,LC0200A,LC0200A,10880,T11
2032,BEng Biomedical Engineering,LC0200A,CHEM1200,11294,L03
2032,BEng Biomedical Engineering,LC0200A,PHY1201,11377,T01
2032,BEng Biomedical Engineering,LC0200A,BME2105,11417,T01
2032,BEng Biomedical Engineering,LC0200A,MA1200,11782,CE1
2032,BEng Biomedical Engineering,LC0200A,MA1200,11800,TE2
2032,BEng Biomedical Engineering,LC0200A,PHY1201,12180,L04
2032,BEng Biomedical Engineering,LC0200A,PHY1201,12368,C01
2033,BEng Biomedical Engineering,LC0200A,CHEM1200,10346,L01
2033,BEng Biomedical Engineering,LC0200A,CHEM1200,10384,C01
2033,BEng Biomedical Engineering,LC0200A,BME2105,10791,C01
2033,BEng Biomedical Engineering,LC0200A,LC0200A,10876,T07
2033,BEng Biomedical Engineering,LC0200A,BME2105,11417,T01
2033,BEng Biomedical Engineering,LC0200A,MA1200,11788,CC1
2033,BEng Biomedical Engineering,LC0200A,MA1200,11794,TC2
2033,BEng Biomedical Engineering,LC0200A,PHY1201,12371,CA2
2033,BEng Biomedical Engineering,LC0200A,PHY1201,12372,TA2
2033,BEng Biomedical Engineering,LC0200A,PHY1201,12379,LA5
2034,BEng Biomedical Engineering,LC0200A,CHEM1200,10384,C01
2034,BEng Biomedical Engineering,LC0200A,BME2105,10791,C01
2034,BEng Biomedical Engineering,LC0200A,LC0200A,10878,T09
2034,BEng Biomedical Engineering,LC0200A,CHEM1200,11294,L03
2034,BEng Biomedical Engineering,LC0200A,PHY1201,11377,T01
2034,BEng Biomedical Engineering,LC0200A,BME2105,11417,T01
2034,BEng Biomedical Engineering,LC0200A,MA1200,11784,CF1
2034,BEng Biomedical Engineering,LC0200A,MA1200,11803,TF2
2034,BEng Biomedical Engineering,LC0200A,PHY1201,12180,L04
2034,BEng Biomedical Engineering,LC0200A,PHY1201,12368,C01
2035,BEng Biomedical Engineering,LC0200A,CHEM1200,10384,C01
2035,BEng Biomedical Engineering,LC0200A,BME2105,10791,C01
2035,BEng Biomedical Engineering,LC0200A,LC0200A,10895,T27
2035,BEng Biomedical Engineering,LC0200A,CHEM1200,11295,L04
2035,BEng Biomedical Engineering,LC0200A,BME2105,11417,T01
2035,BEng Biomedical Engineering,LC0200A,MA1200,11785,CG1
2035,BEng Biomedical Engineering,LC0200A,MA1200,11806,TG2
2035,BEng Biomedical Engineering,LC0200A,PHY1201,12179,L03
2035,BEng Biomedical Engineering,LC0200A,PHY1201,12368,C01
2035,BEng Biomedical Engineering,LC0200A,PHY1201,12369,T02
2036,BSc Biological Sciences,GE1401,GE1401,10688,T11
2036,BSc Biological Sciences,GE1401,GE1501,11157,CB1
2036,BSc Biological Sciences,GE1401,CHEM1200,11295,L04
2036,BSc Biological Sciences,GE1401,BMS1901,11330,C01
2036,BSc Biological Sciences,GE1401,BMS1901,11470,L02
2036,BSc Biological Sciences,GE1401,CHEM1200,11735,C02
2036,BSc Biological Sciences,GE1401,CHEM1300,11748,C02
2036,BSc Biological Sciences,GE1401,CHEM1300,11754,T03
2036,BSc Biological Sciences,GE1401,CHEM1300,12100,L01
2037,BSc Biological Sciences,GE1401,GE1401,10724,T57
2037,BSc Biological Sciences,GE1401,CHEM1200,11092,L02
2037,BSc Biological Sciences,GE1401,BMS1901,11330,C01
2037,BSc Biological Sciences,GE1401,BMS1901,11331,L01
2037,BSc Biological Sciences,GE1401,CHEM1200,11735,C02
2037,BSc Biological Sciences,GE1401,CHEM1300,11747,C01
2037,BSc Biological Sciences,GE1401,CHEM1300,11751,T04
2037,BSc Biological Sciences,GE1401,CHEM1300,12269,L04
2037,BSc Biological Sciences,GE1401,GE1501,12620,C15
2038,BSc Biological Sciences,GE1401,GE1401,10722,T55
2038,BSc Biological Sciences,GE1401,CHEM1200,11092,L02
2038,BSc Biological Sciences,GE1401,BMS1901,11330,C01
2038,BSc Biological Sciences,GE1401,BMS1901,11331,L01
2038,BSc Biological Sciences,GE1401,CHEM1200,11735,C02
2038,BSc Biological Sciences,GE1401,CHEM1300,11747,C01
2038,BSc Biological Sciences,GE1401,CHEM1300,11751,T04
2038,BSc Biological Sciences,GE1401,CHEM1300,12100,L01
2038,BSc Biological Sciences,GE1401,GE1501,12620,C15
2039,BSc Biological Sciences,GE1401,CHEM1200,10384,C01
2039,BSc Biological Sciences,GE1401,GE1501,10604,C09
2039,BSc Biological Sciences,GE1401,CHEM1200,11294,L03
2039,BSc Biological Sciences,GE1401,BMS1901,11330,C01
2039,BSc Biological Sciences,GE1401,BMS1901,11470,L02
2039,BSc Biological Sciences,GE1401,GE1401,12126,T67
2039,BSc Biological Sciences,GE1401,CHEM1300,13875,CC1
2039,BSc Biological Sciences,GE1401,CHEM1300,13876,LC1
2039,BSc Biological Sciences,GE1401,CHEM1300,13878,TC1
2040,BSc Biological Sciences,GE1401,CHEM1200,10384,C01
2040,BSc Biological Sciences,GE1401,CHEM1200,11295,L04
2040,BSc Biological Sciences,GE1401,BMS1901,11330,C01
2040,BSc Biological Sciences,GE1401,BMS1901,11470,L02
2040,BSc Biological Sciences,GE1401,CHEM1300,11748,C02
2040,BSc Biological Sciences,GE1401,CHEM1300,11755,T01
2040,BSc Biological Sciences,GE1401,CHEM1300,12100,L01
2040,BSc Biological Sciences,GE1401,GE1401,12396,T46
2040,BSc Biological Sciences,GE1401,GE1501,12622,C16
2041,BSc Biological Sciences,GE1401,CHEM1200,10384,C01
2041,BSc Biological Sciences,GE1401,GE1401,10688,T11
2041,BSc Biological Sciences,GE1401,CHEM1200,11295,L04
2041,BSc Biological Sciences,GE1401,BMS1901,11330,C01
2041,BSc Biological Sciences,GE1401,BMS1901,11470,L02
2041,BSc Biological Sciences,GE1401,CHEM1300,11748,C02
2041,BSc Biological Sciences,GE1401,CHEM1300,11755,T01
2041,BSc Biological Sciences,GE1401,CHEM1300,12100,L01
2041,BSc Biological Sciences,GE1401,GE1501,12622,C16
2042,BSc Biological Sciences,GE1401,CHEM1200,10384,C01
2042,BSc Biological Sciences,GE1401,GE1401,10723,T56
2042,BSc Biological Sciences,GE1401,CHEM1200,11294,L03
2042,BSc Biological Sciences,GE1401,BMS1901,11330,C01
2042,BSc Biological Sciences,GE1401,BMS1901,11470,L02
2042,BSc Biological Sciences,GE1401,CHEM1300,11748,C02
2042,BSc Biological Sciences,GE1401,CHEM1300,11751,T04
2042,BSc Biological Sciences,GE1401,CHEM1300,12099,L03
2042,BSc Biological Sciences,GE1401,GE1501,12622,C16
2043,BSc Biological Sciences,GE1401,CHEM1200,10384,C01
2043,BSc Biological Sciences,GE1401,GE1401,10695,T19
2043,BSc Biological Sciences,GE1401,CHEM1200,11295,L04
2043,BSc Biological Sciences,GE1401,BMS1901,11330,C01
2043,BSc Biological Sciences,GE1401,BMS1901,11470,L02
2043,BSc Biological Sciences,GE1401,CHEM1300,11748,C02
2043,BSc Biological Sciences,GE1401,CHEM1300,11754,T03
2043,BSc Biological Sciences,GE1401,CHEM1300,12100,L01
2043,BSc Biological Sciences,GE1401,GE1501,12621,CB2
2044,BSc Biological Sciences,GE1401,CHEM1200,10384,C01
2044,BSc Biological Sciences,GE1401,GE1401,10727,T60
2044,BSc Biological Sciences,GE1401,CHEM1200,11294,L03
2044,BSc Biological Sciences,GE1401,BMS1901,11330,C01
2044,BSc Biological Sciences,GE1401,BMS1901,11470,L02
2044,BSc Biological Sciences,GE1401,CHEM1300,11748,C02
2044,BSc Biological Sciences,GE1401,CHEM1300,11751,T04
2044,BSc Biological Sciences,GE1401,CHEM1300,12099,L03
2044,BSc Biological Sciences,GE1401,GE1501,12622,C16
2045,BSc Biological Sciences,GE1401,GE1501,10254,C06
2045,BSc Biological Sciences,GE1401,CHEM1200,11092,L02
2045,BSc Biological Sciences,GE1401,BMS1901,11330,C01
2045,BSc Biological Sciences,GE1401,BMS1901,11331,L01
2045,BSc Biological Sciences,GE1401,CHEM1200,11735,C02
2045,BSc Biological Sciences,GE1401,CHEM1300,11748,C02
2045,BSc Biological Sciences,GE1401,CHEM1300,11754,T03
2045,BSc Biological Sciences,GE1401,CHEM1300,12100,L01
2045,BSc Biological Sciences,GE1401,GE1401,12814,T91
2046,BSc Biological Sciences,GE1401,CHEM1200,10384,C01
2046,BSc Biological Sciences,GE1401,CHEM1200,11295,L04
2046,BSc Biological Sciences,GE1401,BMS1901,11330,C01
2046,BSc Biological Sciences,GE1401,BMS1901,11470,L02
2046,BSc Biological Sciences,GE1401,CHEM1300,11748,C02
2046,BSc Biological Sciences,GE1401,CHEM1300,11755,T01
2046,BSc Biological Sciences,GE1401,CHEM1300,12100,L01
2046,BSc Biological Sciences,GE1401,GE1401,12396,T46
2046,BSc Biological Sciences,GE1401,GE1501,12622,C16
2047,BSc Biological Sciences,GE1401,GE1501,10254,C06
2047,BSc Biological Sciences,GE1401,CHEM1200,11092,L02
2047,BSc Biological Sciences,GE1401,BMS1901,11330,C01
2047,BSc Biological Sciences,GE1401,BMS1901,11331,L01
2047,BSc Biological Sciences,GE1401,CHEM1200,11735,C02
2047,BSc Biological Sciences,GE1401,CHEM1300,11748,C02
2047,BSc Biological Sciences,GE1401,CHEM1300,11751,T04
2047,BSc Biological Sciences,GE1401,CHEM1300,12100,L01
2047,BSc Biological Sciences,GE1401,GE1401,13571,T99
2048,BSc Biological Sciences,GE1401,CHEM1200,10384,C01
2048,BSc Biological Sciences,GE1401,GE1401,10688,T11
2048,BSc Biological Sciences,GE1401,CHEM1200,11295,L04
2048,BSc Biological Sciences,GE1401,BMS1901,11330,C01
2048,BSc Biological Sciences,GE1401,BMS1901,11470,L02
2048,BSc Biological Sciences,GE1401,CHEM1300,11748,C02
2048,BSc Biological Sciences,GE1401,CHEM1300,11755,T01
2048,BSc Biological Sciences,GE1401,CHEM1300,12100,L01
2048,BSc Biological Sciences,GE1401,GE1501,12622,C16
2049,BSc Biological Sciences,GE1401,GE1501,10604,C09
2049,BSc Biological Sciences,GE1401,CHEM1200,11092,L02
2049,BSc Biological Sciences,GE1401,BMS1901,11330,C01
2049,BSc Biological Sciences,GE1401,BMS1901,11331,L01
2049,BSc Biological Sciences,GE1401,GE1401,11506,T78
2049,BSc Biological Sciences,GE1401,CHEM1200,11735,C02
2049,BSc Biological Sciences,GE1401,CHEM1300,11747,C01
2049,BSc Biological Sciences,GE1401,CHEM1300,11751,T04
2049,BSc Biological Sciences,GE1401,CHEM1300,12100,L01
2050,BSc Biological Sciences,GE1401,CHEM1200,10384,C01
2050,BSc Biological Sciences,GE1401,GE1401,10727,T60
2050,BSc Biological Sciences,GE1401,CHEM1200,11294,L03
2050,BSc Biological Sciences,GE1401,BMS1901,11330,C01
2050,BSc Biological Sciences,GE1401,BMS1901,11470,L02
2050,BSc Biological Sciences,GE1401,CHEM1300,11748,C02
2050,BSc Biological Sciences,GE1401,CHEM1300,11751,T04
2050,BSc Biological Sciences,GE1401,CHEM1300,12099,L03
2050,BSc Biological Sciences,GE1401,GE1501,12622,C16
2051,BSc Biological Sciences,GE1401,CHEM1200,10384,C01
2051,BSc Biological Sciences,GE1401,GE1501,10604,C09
2051,BSc Biological Sciences,GE1401,CHEM1200,11092,L02
2051,BSc Biological Sciences,GE1401,BMS1901,11330,C01
2051,BSc Biological Sciences,GE1401,BMS1901,11331,L01
2051,BSc Biological Sciences,GE1401,CHEM1300,11748,C02
2051,BSc Biological Sciences,GE1401,CHEM1300,11751,T04
2051,BSc Biological Sciences,GE1401,CHEM1300,12269,L04
2051,BSc Biological Sciences,GE1401,GE1401,13574,TB3
2052,BSc Biological Sciences,GE1401,CHEM1200,10384,C01
2052,BSc Biological Sciences,GE1401,GE1401,10727,T60
2052,BSc Biological Sciences,GE1401,CHEM1200,11294,L03
2052,BSc Biological Sciences,GE1401,BMS1901,11330,C01
2052,BSc Biological Sciences,GE1401,BMS1901,11470,L02
2052,BSc Biological Sciences,GE1401,CHEM1300,11748,C02
2052,BSc Biological Sciences,GE1401,CHEM1300,11751,T04
2052,BSc Biological Sciences,GE1401,CHEM1300,12099,L03
2052,BSc Biological Sciences,GE1401,GE1501,12622,C16
2053,BSc Biological Sciences,GE1401,GE1501,10254,C06
2053,BSc Biological Sciences,GE1401,GE1401,10719,T52
2053,BSc Biological Sciences,GE1401,CHEM1200,11092,L02
2053,BSc Biological Sciences,GE1401,BMS1901,11330,C01
2053,BSc Biological Sciences,GE1401,BMS1901,11331,L01
2053,BSc Biological Sciences,GE1401,CHEM1200,11735,C02
2053,BSc Biological Sciences,GE1401,CHEM1300,11748,C02
2053,BSc Biological Sciences,GE1401,CHEM1300,11754,T03
2053,BSc Biological Sciences,GE1401,CHEM1300,12100,L01
2054,BSc Biological Sciences,GE1401,CHEM1200,10384,C01
2054,BSc Biological Sciences,GE1401,GE1501,10604,C09
2054,BSc Biological Sciences,GE1401,CHEM1200,11294,L03
2054,BSc Biological Sciences,GE1401,BMS1901,11330,C01
2054,BSc Biological Sciences,GE1401,BMS1901,11470,L02
2054,BSc Biological Sciences,GE1401,GE1401,12126,T67
2054,BSc Biological Sciences,GE1401,CHEM1300,13875,CC1
2054,BSc Biological Sciences,GE1401,CHEM1300,13876,LC1
2054,BSc Biological Sciences,GE1401,CHEM1300,13878,TC1
2055,BSc Biological Sciences,GE1401,CHEM1200,10384,C01
2055,BSc Biological Sciences,GE1401,GE1401,10694,T17
2055,BSc Biological Sciences,GE1401,CHEM1200,11295,L04
2055,BSc Biological Sciences,GE1401,BMS1901,11330,C01
2055,BSc Biological Sciences,GE1401,BMS1901,11470,L02
2055,BSc Biological Sciences,GE1401,GE1501,12621,CB2
2055,BSc Biological Sciences,GE1401,CHEM1300,13875,CC1
2055,BSc Biological Sciences,GE1401,CHEM1300,13876,LC1
2055,BSc Biological Sciences,GE1401,CHEM1300,13878,TC1
2056,BSc Biological Sciences,GE1401,GE1401,10724,T57
2056,BSc Biological Sciences,GE1401,CHEM1200,11295,L04
2056,BSc Biological Sciences,GE1401,BMS1901,11330,C01
2056,BSc Biological Sciences,GE1401,BMS1901,11470,L02
2056,BSc Biological Sciences,GE1401,CHEM1200,11735,C02
2056,BSc Biological Sciences,GE1401,CHEM1300,11747,C01
2056,BSc Biological Sciences,GE1401,CHEM1300,11755,T01
2056,BSc Biological Sciences,GE1401,CHEM1300,12100,L01
2056,BSc Biological Sciences,GE1401,GE1501,12620,C15
2057,BSc Biological Sciences,GE1401,GE1501,10254,C06
2057,BSc Biological Sciences,GE1401,CHEM1200,11092,L02
2057,BSc Biological Sciences,GE1401,BMS1901,11330,C01
2057,BSc Biological Sciences,GE1401,BMS1901,11331,L01
2057,BSc Biological Sciences,GE1401,CHEM1200,11735,C02
2057,BSc Biological Sciences,GE1401,CHEM1300,11748,C02
2057,BSc Biological Sciences,GE1401,CHEM1300,11754,T03
2057,BSc Biological Sciences,GE1401,CHEM1300,12100,L01
2057,BSc Biological Sciences,GE1401,GE1401,12814,T91
2058,BSc Biological Sciences,GE1401,CHEM1200,10384,C01
2058,BSc Biological Sciences,GE1401,GE1401,10695,T19
2058,BSc Biological Sciences,GE1401,CHEM1200,11295,L04
2058,BSc Biological Sciences,GE1401,BMS1901,11330,C01
2058,BSc Biological Sciences,GE1401,BMS1901,11470,L02
2058,BSc Biological Sciences,GE1401,CHEM1300,11748,C02
2058,BSc Biological Sciences,GE1401,CHEM1300,11754,T03
2058,BSc Biological Sciences,GE1401,CHEM1300,12100,L01
2058,BSc Biological Sciences,GE1401,GE1501,12621,CB2
2059,BSc Biological Sciences,GE1401,CHEM1200,10384,C01
2059,BSc Biological Sciences,GE1401,GE1401,10723,T56
2059,BSc Biological Sciences,GE1401,CHEM1200,11294,L03
2059,BSc Biological Sciences,GE1401,BMS1901,11330,C01
2059,BSc Biological Sciences,GE1401,BMS1901,11470,L02
2059,BSc Biological Sciences,GE1401,CHEM1300,11748,C02
2059,BSc Biological Sciences,GE1401,CHEM1300,11751,T04
2059,BSc Biological Sciences,GE1401,CHEM1300,12099,L03
2059,BSc Biological Sciences,GE1401,GE1501,12622,C16
2060,BSc Biological Sciences,GE1401,GE1501,10604,C09
2060,BSc Biological Sciences,GE1401,CHEM1200,11092,L02
2060,BSc Biological Sciences,GE1401,BMS1901,11330,C01
2060,BSc Biological Sciences,GE1401,BMS1901,11331,L01
2060,BSc Biological Sciences,GE1401,GE1401,11506,T78
2060,BSc Biological Sciences,GE1401,CHEM1200,11735,C02
2060,BSc Biological Sciences,GE1401,CHEM1300,11747,C01
2060,BSc Biological Sciences,GE1401,CHEM1300,11751,T04
2060,BSc Biological Sciences,GE1401,CHEM1300,12100,L01
2061,BSc Biological Sciences,GE1401,GE1501,11157,CB1
2061,BSc Biological Sciences,GE1401,CHEM1200,11294,L03
2061,BSc Biological Sciences,GE1401,BMS1901,11330,C01
2061,BSc Biological Sciences,GE1401,BMS1901,11470,L02
2061,BSc Biological Sciences,GE1401,GE1401,11503,T89
2061,BSc Biological Sciences,GE1401,CHEM1200,11735,C02
2061,BSc Biological Sciences,GE1401,CHEM1300,11748,C02
2061,BSc Biological Sciences,GE1401,CHEM1300,11751,T04
2061,BSc Biological Sciences,GE1401,CHEM1300,12099,L03
2062,BSc Biological Sciences,GE1401,GE1501,11157,CB1
2062,BSc Biological Sciences,GE1401,CHEM1200,11294,L03
2062,BSc Biological Sciences,GE1401,BMS1901,11330,C01
2062,BSc Biological Sciences,GE1401,BMS1901,11470,L02
2062,BSc Biological Sciences,GE1401,GE1401,11503,T89
2062,BSc Biological Sciences,GE1401,CHEM1200,11735,C02
2062,BSc Biological Sciences,GE1401,CHEM1300,11748,C02
2062,BSc Biological Sciences,GE1401,CHEM1300,11751,T04
2062,BSc Biological Sciences,GE1401,CHEM1300,12099,L03
2063,BSc Biological Sciences,GE1401,GE1401,10724,T57
2063,BSc Biological Sciences,GE1401,CHEM1200,11295,L04
2063,BSc Biological Sciences,GE1401,BMS1901,11330,C01
2063,BSc Biological Sciences,GE1401,BMS1901,11470,L02
2063,BSc Biological Sciences,GE1401,CHEM1200,11735,C02
2063,BSc Biological Sciences,GE1401,CHEM1300,11748,C02
2063,BSc Biological Sciences,GE1401,CHEM1300,11751,T04
2063,BSc Biological Sciences,GE1401,CHEM1300,12100,L01
2063,BSc Biological Sciences,GE1401,GE1501,12616,C11
2064,BSc Biological Sciences,GE1401,GE1501,10254,C06
2064,BSc Biological Sciences,GE1401,CHEM1200,11092,L02
2064,BSc Biological Sciences,GE1401,BMS1901,11330,C01
2064,BSc Biological Sciences,GE1401,BMS1901,11331,L01
2064,BSc Biological Sciences,GE1401,CHEM1200,11735,C02
2064,BSc Biological Sciences,GE1401,CHEM1300,11748,C02
2064,BSc Biological Sciences,GE1401,CHEM1300,11751,T04
2064,BSc Biological Sciences,GE1401,CHEM1300,12100,L01
2064,BSc Biological Sciences,GE1401,GE1401,13571,T99
2065,BSc Biological Sciences,GE1401,GE1401,10724,T57
2065,BSc Biological Sciences,GE1401,CHEM1200,11295,L04
2065,BSc Biological Sciences,GE1401,BMS1901,11330,C01
2065,BSc Biological Sciences,GE1401,BMS1901,11470,L02
2065,BSc Biological Sciences,GE1401,CHEM1200,11735,C02
2065,BSc Biological Sciences,GE1401,CHEM1300,11748,C02
2065,BSc Biological Sciences,GE1401,CHEM1300,11751,T04
2065,BSc Biological Sciences,GE1401,CHEM1300,12100,L01
2065,BSc Biological Sciences,GE1401,GE1501,12616,C11
2066,BSc Biological Sciences,GE1401,GE1401,10688,T11
2066,BSc Biological Sciences,GE1401,GE1501,11157,CB1
2066,BSc Biological Sciences,GE1401,CHEM1200,11295,L04
2066,BSc Biological Sciences,GE1401,BMS1901,11330,C01
2066,BSc Biological Sciences,GE1401,BMS1901,11470,L02
2066,BSc Biological Sciences,GE1401,CHEM1200,11735,C02
2066,BSc Biological Sciences,GE1401,CHEM1300,11748,C02
2066,BSc Biological Sciences,GE1401,CHEM1300,11754,T03
2066,BSc Biological Sciences,GE1401,CHEM1300,12100,L01
2067,BSc Biological Sciences,GE1401,GE1501,10254,C06
2067,BSc Biological Sciences,GE1401,CHEM1200,11092,L02
2067,BSc Biological Sciences,GE1401,BMS1901,11330,C01
2067,BSc Biological Sciences,GE1401,BMS1901,11331,L01
2067,BSc Biological Sciences,GE1401,GE1401,11497,T81
2067,BSc Biological Sciences,GE1401,CHEM1200,11735,C02
2067,BSc Biological Sciences,GE1401,CHEM1300,11748,C02
2067,BSc Biological Sciences,GE1401,CHEM1300,11754,T03
2067,BSc Biological Sciences,GE1401,CHEM1300,12100,L01
2068,BSc Biological Sciences,GE1401,GE1401,10724,T57
2068,BSc Biological Sciences,GE1401,CHEM1200,11295,L04
2068,BSc Biological Sciences,GE1401,BMS1901,11330,C01
2068,BSc Biological Sciences,GE1401,BMS1901,11470,L02
2068,BSc Biological Sciences,GE1401,CHEM1200,11735,C02
2068,BSc Biological Sciences,GE1401,CHEM1300,11748,C02
2068,BSc Biological Sciences,GE1401,CHEM1300,11751,T04
2068,BSc Biological Sciences,GE1401,CHEM1300,12100,L01
2068,BSc Biological Sciences,GE1401,GE1501,12616,C11
2069,BSc Biological Sciences,LC0200A,LC0200A,10893,T25
2069,BSc Biological Sciences,LC0200A,CHEM1200,11092,L02
2069,BSc Biological Sciences,LC0200A,BMS1901,11330,C01
2069,BSc Biological Sciences,LC0200A,BMS1901,11331,L01
2069,BSc Biological Sciences,LC0200A,CHEM1200,11735,C02
2069,BSc Biological Sciences,LC0200A,CHEM1300,11748,C02
2069,BSc Biological Sciences,LC0200A,CHEM1300,11754,T03
2069,BSc Biological Sciences,LC0200A,CHEM1300,12100,L01
2069,BSc Biological Sciences,LC0200A,GE1501,12618,C13
2070,BSc Biological Sciences,LC0200A,CHEM1200,11294,L03
2070,BSc Biological Sciences,LC0200A,BMS1901,11330,C01
2070,BSc Biological Sciences,LC0200A,BMS1901,11470,L02
2070,BSc Biological Sciences,LC0200A,CHEM1200,11735,C02
2070,BSc Biological Sciences,LC0200A,CHEM1300,11748,C02
2070,BSc Biological Sciences,LC0200A,CHEM1300,11751,T04
2070,BSc Biological Sciences,LC0200A,CHEM1300,12100,L01
2070,BSc Biological Sciences,LC0200A,GE1501,12616,C11
2070,BSc Biological Sciences,LC0200A,LC0200A,14950,T18
2071,BSc Biological Sciences,LC0200A,CHEM1200,11294,L03
2071,BSc Biological Sciences,LC0200A,BMS1901,11330,C01
2071,BSc Biological Sciences,LC0200A,BMS1901,11470,L02
2071,BSc Biological Sciences,LC0200A,CHEM1200,11735,C02
2071,BSc Biological Sciences,LC0200A,CHEM1300,11748,C02
2071,BSc Biological Sciences,LC0200A,CHEM1300,11751,T04
2071,BSc Biological Sciences,LC0200A,CHEM1300,12100,L01
2071,BSc Biological Sciences,LC0200A,GE1501,12616,C11
2071,BSc Biological Sciences,LC0200A,LC0200A,14950,T18
2072,BSc Biological Sciences,LC0200A,GE1501,10254,C06
2072,BSc Biological Sciences,LC0200A,LC0200A,10894,T26
2072,BSc Biological Sciences,LC0200A,CHEM1200,11092,L02
2072,BSc Biological Sciences,LC0200A,BMS1901,11330,C01
2072,BSc Biological Sciences,LC0200A,BMS1901,11331,L01
2072,BSc Biological Sciences,LC0200A,CHEM1200,11735,C02
2072,BSc Biological Sciences,LC0200A,CHEM1300,11748,C02
2072,BSc Biological Sciences,LC0200A,CHEM1300,11754,T03
2072,BSc Biological Sciences,LC0200A,CHEM1300,12100,L01
2073,BSc Biological Sciences,LC0200A,CHEM1200,10384,C01
2073,BSc Biological Sciences,LC0200A,GE1501,10604,C09
2073,BSc Biological Sciences,LC0200A,LC0200A,10879,T10
2073,BSc Biological Sciences,LC0200A,CHEM1200,11092,L02
2073,BSc Biological Sciences,LC0200A,BMS1901,11330,C01
2073,BSc Biological Sciences,LC0200A,BMS1901,11331,L01
2073,BSc Biological Sciences,LC0200A,CHEM1300,11748,C02
2073,BSc Biological Sciences,LC0200A,CHEM1300,11756,T05
2073,BSc Biological Sciences,LC0200A,CHEM1300,12269,L04
2074,BSc Biological Sciences,LC0200A,GE1501,10248,C01
2074,BSc Biological Sciences,LC0200A,CHEM1200,10384,C01
2074,BSc Biological Sciences,LC0200A,LC0200A,10891,T23
2074,BSc Biological Sciences,LC0200A,CHEM1200,11092,L02
2074,BSc Biological Sciences,LC0200A,BMS1901,11330,C01
2074,BSc Biological Sciences,LC0200A,BMS1901,11331,L01
2074,BSc Biological Sciences,LC0200A,CHEM1300,11748,C02
2074,BSc Biological Sciences,LC0200A,CHEM1300,11751,T04
2074,BSc Biological Sciences,LC0200A,CHEM1300,12269,L04
2075,BSc Biological Sciences,LC0200A,GE1501,10248,C01
2075,BSc Biological Sciences,LC0200A,CHEM1200,10384,C01
2075,BSc Biological Sciences,LC0200A,LC0200A,10891,T23
2075,BSc Biological Sciences,LC0200A,CHEM1200,11295,L04
2075,BSc Biological Sciences,LC0200A,BMS1901,11330,C01
2075,BSc Biological Sciences,LC0200A,BMS1901,11470,L02
2075,BSc Biological Sciences,LC0200A,CHEM1300,11748,C02
2075,BSc Biological Sciences,LC0200A,CHEM1300,11751,T04
2075,BSc Biological Sciences,LC0200A,CHEM1300,12269,L04
2076,BSc Biological Sciences,LC0200A,GE1501,10248,C01
2076,BSc Biological Sciences,LC0200A,CHEM1200,10384,C01
2076,BSc Biological Sciences,LC0200A,LC0200A,10891,T23
2076,BSc Biological Sciences,LC0200A,CHEM1200,11295,L04
2076,BSc Biological Sciences,LC0200A,BMS1901,11330,C01
2076,BSc Biological Sciences,LC0200A,BMS1901,11470,L02
2076,BSc Biological Sciences,LC0200A,CHEM1300,11748,C02
2076,BSc Biological Sciences,LC0200A,CHEM1300,11751,T04
2076,BSc Biological Sciences,LC0200A,CHEM1300,12269,L04
2077,BSc Biological Sciences,LC0200A,GE1501,10248,C01
2077,BSc Biological Sciences,LC0200A,CHEM1200,10384,C01
2077,BSc Biological Sciences,LC0200A,LC0200A,10891,T23
2077,BSc Biological Sciences,LC0200A,CHEM1200,11092,L02
2077,BSc Biological Sciences,LC0200A,BMS1901,11330,C01
2077,BSc Biological Sciences,LC0200A,BMS1901,11331,L01
2077,BSc Biological Sciences,LC0200A,CHEM1300,11748,C02
2077,BSc Biological Sciences,LC0200A,CHEM1300,11756,T05
2077,BSc Biological Sciences,LC0200A,CHEM1300,12269,L04
2078,BSc Biological Sciences,LC0200A,GE1501,10254,C06
2078,BSc Biological Sciences,LC0200A,LC0200A,10891,T23
2078,BSc Biological Sciences,LC0200A,CHEM1200,11295,L04
2078,BSc Biological Sciences,LC0200A,BMS1901,11330,C01
2078,BSc Biological Sciences,LC0200A,BMS1901,11470,L02
2078,BSc Biological Sciences,LC0200A,CHEM1200,11735,C02
2078,BSc Biological Sciences,LC0200A,CHEM1300,11748,C02
2078,BSc Biological Sciences,LC0200A,CHEM1300,11755,T01
2078,BSc Biological Sciences,LC0200A,CHEM1300,12269,L04
2079,BSc Biological Sciences,LC0200A,LC0200A,10893,T25
2079,BSc Biological Sciences,LC0200A,CHEM1200,11092,L02
2079,BSc Biological Sciences,LC0200A,BMS1901,11330,C01
2079,BSc Biological Sciences,LC0200A,BMS1901,11331,L01
2079,BSc Biological Sciences,LC0200A,CHEM1200,11735,C02
2079,BSc Biological Sciences,LC0200A,CHEM1300,11748,C02
2079,BSc Biological Sciences,LC0200A,CHEM1300,11754,T03
2079,BSc Biological Sciences,LC0200A,CHEM1300,12100,L01
2079,BSc Biological Sciences,LC0200A,GE1501,12618,C13
2080,BSc Biological Sciences,LC0200A,GE1501,10254,C06
2080,BSc Biological Sciences,LC0200A,LC0200A,10877,T08
2080,BSc Biological Sciences,LC0200A,CHEM1200,11295,L04
2080,BSc Biological Sciences,LC0200A,BMS1901,11330,C01
2080,BSc Biological Sciences,LC0200A,BMS1901,11470,L02
2080,BSc Biological Sciences,LC0200A,CHEM1200,11735,C02
2080,BSc Biological Sciences,LC0200A,CHEM1300,11748,C02
2080,BSc Biological Sciences,LC0200A,CHEM1300,11754,T03
2080,BSc Biological Sciences,LC0200A,CHEM1300,12099,L03
2081,BSc Biological Sciences,LC0200A,GE1501,10254,C06
2081,BSc Biological Sciences,LC0200A,LC0200A,10877,T08
2081,BSc Biological Sciences,LC0200A,CHEM1200,11295,L04
2081,BSc Biological Sciences,LC0200A,BMS1901,11330,C01
2081,BSc Biological Sciences,LC0200A,BMS1901,11470,L02
2081,BSc Biological Sciences,LC0200A,CHEM1200,11735,C02
2081,BSc Biological Sciences,LC0200A,CHEM1300,11748,C02
2081,BSc Biological Sciences,LC0200A,CHEM1300,11755,T01
2081,BSc Biological Sciences,LC0200A,CHEM1300,12100,L01
2082,BSc Biological Sciences,LC0200A,LC0200A,10893,T25
2082,BSc Biological Sciences,LC0200A,CHEM1200,11092,L02
2082,BSc Biological Sciences,LC0200A,BMS1901,11330,C01
2082,BSc Biological Sciences,LC0200A,BMS1901,11331,L01
2082,BSc Biological Sciences,LC0200A,CHEM1200,11735,C02
2082,BSc Biological Sciences,LC0200A,CHEM1300,11748,C02
2082,BSc Biological Sciences,LC0200A,CHEM1300,11754,T03
2082,BSc Biological Sciences,LC0200A,CHEM1300,12100,L01
2082,BSc Biological Sciences,LC0200A,GE1501,12618,C13
2083,BSc Biological Sciences,LC0200A,GE1501,10248,C01
2083,BSc Biological Sciences,LC0200A,CHEM1200,10384,C01
2083,BSc Biological Sciences,LC0200A,LC0200A,10891,T23
2083,BSc Biological Sciences,LC0200A,CHEM1200,11092,L02
2083,BSc Biological Sciences,LC0200A,BMS1901,11330,C01
2083,BSc Biological Sciences,LC0200A,BMS1901,11331,L01
2083,BSc Biological Sciences,LC0200A,CHEM1300,11748,C02
2083,BSc Biological Sciences,LC0200A,CHEM1300,11751,T04
2083,BSc Biological Sciences,LC0200A,CHEM1300,12269,L04
2084,BSc Biomedical Sciences,GE1401,GE1501,10254,C06
2084,BSc Biomedical Sciences,GE1401,CHEM1200,11092,L02
2084,BSc Biomedical Sciences,GE1401,BMS1901,11330,C01
2084,BSc Biomedical Sciences,GE1401,BMS1901,11331,L01
2084,BSc Biomedical Sciences,GE1401,CHEM1200,11735,C02
2084,BSc Biomedical Sciences,GE1401,CHEM1300,11748,C02
2084,BSc Biomedical Sciences,GE1401,CHEM1300,11751,T04
2084,BSc Biomedical Sciences,GE1401,CHEM1300,12100,L01
2084,BSc Biomedical Sciences,GE1401,GE1401,13571,T99
2085,BSc Biomedical Sciences,GE1401,GE1501,10254,C06
2085,BSc Biomedical Sciences,GE1401,GE1401,10719,T52
2085,BSc Biomedical Sciences,GE1401,CHEM1200,11092,L02
2085,BSc Biomedical Sciences,GE1401,BMS1901,11330,C01
2085,BSc Biomedical Sciences,GE1401,BMS1901,11331,L01
2085,BSc Biomedical Sciences,GE1401,CHEM1200,11735,C02
2085,BSc Biomedical Sciences,GE1401,CHEM1300,11748,C02
2085,BSc Biomedical Sciences,GE1401,CHEM1300,11754,T03
2085,BSc Biomedical Sciences,GE1401,CHEM1300,12100,L01
2086,BSc Biomedical Sciences,GE1401,CHEM1200,10384,C01
2086,BSc Biomedical Sciences,GE1401,GE1501,10604,C09
2086,BSc Biomedical Sciences,GE1401,CHEM1200,11294,L03
2086,BSc Biomedical Sciences,GE1401,BMS1901,11330,C01
2086,BSc Biomedical Sciences,GE1401,BMS1901,11470,L02
2086,BSc Biomedical Sciences,GE1401,GE1401,12126,T67
2086,BSc Biomedical Sciences,GE1401,CHEM1300,13875,CC1
2086,BSc Biomedical Sciences,GE1401,CHEM1300,13876,LC1
2086,BSc Biomedical Sciences,GE1401,CHEM1300,13878,TC1
2087,BSc Biomedical Sciences,GE1401,GE1401,10688,T11
2087,BSc Biomedical Sciences,GE1401,GE1501,11157,CB1
2087,BSc Biomedical Sciences,GE1401,CHEM1200,11295,L04
2087,BSc Biomedical Sciences,GE1401,BMS1901,11330,C01
2087,BSc Biomedical Sciences,GE1401,BMS1901,11470,L02
2087,BSc Biomedical Sciences,GE1401,CHEM1200,11735,C02
2087,BSc Biomedical Sciences,GE1401,CHEM1300,11748,C02
2087,BSc Biomedical Sciences,GE1401,CHEM1300,11754,T03
2087,BSc Biomedical Sciences,GE1401,CHEM1300,12100,L01
2088,BSc Biomedical Sciences,GE1401,GE1401,10722,T55
2088,BSc Biomedical Sciences,GE1401,CHEM1200,11092,L02
2088,BSc Biomedical Sciences,GE1401,BMS1901,11330,C01
2088,BSc Biomedical Sciences,GE1401,BMS1901,11331,L01
2088,BSc Biomedical Sciences,GE1401,CHEM1200,11735,C02
2088,BSc Biomedical Sciences,GE1401,CHEM1300,11747,C01
2088,BSc Biomedical Sciences,GE1401,CHEM1300,11751,T04
2088,BSc Biomedical Sciences,GE1401,CHEM1300,12100,L01
2088,BSc Biomedical Sciences,GE1401,GE1501,12620,C15
2089,BSc Biomedical Sciences,GE1401,GE1501,10254,C06
2089,BSc Biomedical Sciences,GE1401,GE1401,10719,T52
2089,BSc Biomedical Sciences,GE1401,CHEM1200,11092,L02
2089,BSc Biomedical Sciences,GE1401,BMS1901,11330,C01
2089,BSc Biomedical Sciences,GE1401,BMS1901,11331,L01
2089,BSc Biomedical Sciences,GE1401,CHEM1200,11735,C02
2089,BSc Biomedical Sciences,GE1401,CHEM1300,11748,C02
2089,BSc Biomedical Sciences,GE1401,CHEM1300,11754,T03
2089,BSc Biomedical Sciences,GE1401,CHEM1300,12100,L01
2090,BSc Biomedical Sciences,GE1401,GE1401,10724,T57
2090,BSc Biomedical Sciences,GE1401,CHEM1200,11092,L02
2090,BSc Biomedical Sciences,GE1401,BMS1901,11330,C01
2090,BSc Biomedical Sciences,GE1401,BMS1901,11331,L01
2090,BSc Biomedical Sciences,GE1401,CHEM1200,11735,C02
2090,BSc Biomedical Sciences,GE1401,CHEM1300,11747,C01
2090,BSc Biomedical Sciences,GE1401,CHEM1300,11751,T04
2090,BSc Biomedical Sciences,GE1401,CHEM1300,12100,L01
2090,BSc Biomedical Sciences,GE1401,GE1501,12620,C15
2091,BSc Biomedical Sciences,GE1401,CHEM1200,10384,C01
2091,BSc Biomedical Sciences,GE1401,CHEM1200,11294,L03
2091,BSc Biomedical Sciences,GE1401,BMS1901,11330,C01
2091,BSc Biomedical Sciences,GE1401,BMS1901,11470,L02
2091,BSc Biomedical Sciences,GE1401,CHEM1300,11748,C02
2091,BSc Biomedical Sciences,GE1401,CHEM1300,11751,T04
2091,BSc Biomedical Sciences,GE1401,CHEM1300,12100,L01
2091,BSc Biomedical Sciences,GE1401,GE1501,12622,C16
2091,BSc Biomedical Sciences,GE1401,GE1401,12735,T74
2092,BSc Biomedical Sciences,GE1401,GE1501,10604,C09
2092,BSc Biomedical Sciences,GE1401,CHEM1200,11092,L02
2092,BSc Biomedical Sciences,GE1401,BMS1901,11330,C01
2092,BSc Biomedical Sciences,GE1401,BMS1901,11331,L01
2092,BSc Biomedical Sciences,GE1401,GE1401,11506,T78
2092,BSc Biomedical Sciences,GE1401,CHEM1200,11735,C02
2092,BSc Biomedical Sciences,GE1401,CHEM1300,11747,C01
2092,BSc Biomedical Sciences,GE1401,CHEM1300,11751,T04
2092,BSc Biomedical Sciences,GE1401,CHEM1300,12100,L01
2093,BSc Biomedical Sciences,GE1401,CHEM1200,10384,C01
2093,BSc Biomedical Sciences,GE1401,CHEM1200,11295,L04
2093,BSc Biomedical Sciences,GE1401,BMS1901,11330,C01
2093,BSc Biomedical Sciences,GE1401,BMS1901,11470,L02
2093,BSc Biomedical Sciences,GE1401,CHEM1300,11748,C02
2093,BSc Biomedical Sciences,GE1401,CHEM1300,11755,T01
2093,BSc Biomedical Sciences,GE1401,CHEM1300,12100,L01
2093,BSc Biomedical Sciences,GE1401,GE1401,12396,T46
2093,BSc Biomedical Sciences,GE1401,GE1501,12622,C16
2094,BSc Biomedical Sciences,GE1401,CHEM1200,10384,C01
2094,BSc Biomedical Sciences,GE1401,GE1401,10723,T56
2094,BSc Biomedical Sciences,GE1401,CHEM1200,11294,L03
2094,BSc Biomedical Sciences,GE1401,BMS1901,11330,C01
2094,BSc Biomedical Sciences,GE1401,BMS1901,11470,L02
2094,BSc Biomedical Sciences,GE1401,CHEM1300,11748,C02
2094,BSc Biomedical Sciences,GE1401,CHEM1300,11751,T04
2094,BSc Biomedical Sciences,GE1401,CHEM1300,12099,L03
2094,BSc Biomedical Sciences,GE1401,GE1501,12622,C16
2095,BSc Biomedical Sciences,GE1401,CHEM1200,11092,L02
2095,BSc Biomedical Sciences,GE1401,GE1501,11157,CB1
2095,BSc Biomedical Sciences,GE1401,BMS1901,11330,C01
2095,BSc Biomedical Sciences,GE1401,BMS1901,11331,L01
2095,BSc Biomedical Sciences,GE1401,CHEM1200,11735,C02
2095,BSc Biomedical Sciences,GE1401,CHEM1300,11748,C02
2095,BSc Biomedical Sciences,GE1401,CHEM1300,11751,T04
2095,BSc Biomedical Sciences,GE1401,CHEM1300,12100,L01
2095,BSc Biomedical Sciences,GE1401,GE1401,12399,T72
2096,BSc Biomedical Sciences,GE1401,CHEM1200,10384,C01
2096,BSc Biomedical Sciences,GE1401,GE1501,10604,C09
2096,BSc Biomedical Sciences,GE1401,CHEM1200,11294,L03
2096,BSc Biomedical Sciences,GE1401,BMS1901,11330,C01
2096,BSc Biomedical Sciences,GE1401,BMS1901,11470,L02
2096,BSc Biomedical Sciences,GE1401,GE1401,12126,T67
2096,BSc Biomedical Sciences,GE1401,CHEM1300,13875,CC1
2096,BSc Biomedical Sciences,GE1401,CHEM1300,13876,LC1
2096,BSc Biomedical Sciences,GE1401,CHEM1300,13878,TC1
2097,BSc Biomedical Sciences,GE1401,CHEM1200,10384,C01
2097,BSc Biomedical Sciences,GE1401,GE1401,10695,T19
2097,BSc Biomedical Sciences,GE1401,CHEM1200,11295,L04
2097,BSc Biomedical Sciences,GE1401,BMS1901,11330,C01
2097,BSc Biomedical Sciences,GE1401,BMS1901,11470,L02
2097,BSc Biomedical Sciences,GE1401,CHEM1300,11748,C02
2097,BSc Biomedical Sciences,GE1401,CHEM1300,11755,T01
2097,BSc Biomedical Sciences,GE1401,CHEM1300,12100,L01
2097,BSc Biomedical Sciences,GE1401,GE1501,12621,CB2
2098,BSc Biomedical Sciences,GE1401,CHEM1200,10384,C01
2098,BSc Biomedical Sciences,GE1401,GE1401,10695,T19
2098,BSc Biomedical Sciences,GE1401,CHEM1200,11295,L04
2098,BSc Biomedical Sciences,GE1401,BMS1901,11330,C01
2098,BSc Biomedical Sciences,GE1401,BMS1901,11470,L02
2098,BSc Biomedical Sciences,GE1401,CHEM1300,11748,C02
2098,BSc Biomedical Sciences,GE1401,CHEM1300,11754,T03
2098,BSc Biomedical Sciences,GE1401,CHEM1300,12100,L01
2098,BSc Biomedical Sciences,GE1401,GE1501,12621,CB2
2099,BSc Biomedical Sciences,GE1401,GE1501,10254,C06
2099,BSc Biomedical Sciences,GE1401,CHEM1200,11092,L02
2099,BSc Biomedical Sciences,GE1401,BMS1901,11330,C01
2099,BSc Biomedical Sciences,GE1401,BMS1901,11331,L01
2099,BSc Biomedical Sciences,GE1401,CHEM1200,11735,C02
2099,BSc Biomedical Sciences,GE1401,CHEM1300,11748,C02
2099,BSc Biomedical Sciences,GE1401,CHEM1300,11754,T03
2099,BSc Biomedical Sciences,GE1401,CHEM1300,12100,L01
2099,BSc Biomedical Sciences,GE1401,GE1401,12814,T91
2100,BSc Biomedical Sciences,GE1401,CHEM1200,10384,C01
2100,BSc Biomedical Sciences,GE1401,CHEM1200,11295,L04
2100,BSc Biomedical Sciences,GE1401,BMS1901,11330,C01
2100,BSc Biomedical Sciences,GE1401,BMS1901,11470,L02
2100,BSc Biomedical Sciences,GE1401,CHEM1300,11748,C02
2100,BSc Biomedical Sciences,GE1401,CHEM1300,11755,T01
2100,BSc Biomedical Sciences,GE1401,CHEM1300,12100,L01
2100,BSc Biomedical Sciences,GE1401,GE1401,12396,T46
2100,BSc Biomedical Sciences,GE1401,GE1501,12622,C16
2101,BSc Biomedical Sciences,GE1401,GE1401,10704,T29
2101,BSc Biomedical Sciences,GE1401,CHEM1200,11295,L04
2101,BSc Biomedical Sciences,GE1401,BMS1901,11330,C01
2101,BSc Biomedical Sciences,GE1401,BMS1901,11470,L02
2101,BSc Biomedical Sciences,GE1401,CHEM1200,11735,C02
2101,BSc Biomedical Sciences,GE1401,CHEM1300,11747,C01
2101,BSc Biomedical Sciences,GE1401,CHEM1300,11755,T01
2101,BSc Biomedical Sciences,GE1401,CHEM1300,12100,L01
2101,BSc Biomedical Sciences,GE1401,GE1501,12621,CB2
2102,BSc Biomedical Sciences,GE1401,GE1401,10357,T01
2102,BSc Biomedical Sciences,GE1401,CHEM1200,10384,C01
2102,BSc Biomedical Sciences,GE1401,CHEM1200,11294,L03
2102,BSc Biomedical Sciences,GE1401,BMS1901,11330,C01
2102,BSc Biomedical Sciences,GE1401,BMS1901,11470,L02
2102,BSc Biomedical Sciences,GE1401,CHEM1300,11748,C02
2102,BSc Biomedical Sciences,GE1401,CHEM1300,11755,T01
2102,BSc Biomedical Sciences,GE1401,CHEM1300,12100,L01
2102,BSc Biomedical Sciences,GE1401,GE1501,12622,C16
2103,BSc Biomedical Sciences,GE1401,GE1401,10722,T55
2103,BSc Biomedical Sciences,GE1401,CHEM1200,11092,L02
2103,BSc Biomedical Sciences,GE1401,BMS1901,11330,C01
2103,BSc Biomedical Sciences,GE1401,BMS1901,11331,L01
2103,BSc Biomedical Sciences,GE1401,CHEM1200,11735,C02
2103,BSc Biomedical Sciences,GE1401,CHEM1300,11747,C01
2103,BSc Biomedical Sciences,GE1401,CHEM1300,11751,T04
2103,BSc Biomedical Sciences,GE1401,CHEM1300,12100,L01
2103,BSc Biomedical Sciences,GE1401,GE1501,12620,C15
2104,BSc Biomedical Sciences,GE1401,GE1501,10254,C06
2104,BSc Biomedical Sciences,GE1401,CHEM1200,11092,L02
2104,BSc Biomedical Sciences,GE1401,BMS1901,11330,C01
2104,BSc Biomedical Sciences,GE1401,BMS1901,11331,L01
2104,BSc Biomedical Sciences,GE1401,CHEM1200,11735,C02
2104,BSc Biomedical Sciences,GE1401,CHEM1300,11748,C02
2104,BSc Biomedical Sciences,GE1401,CHEM1300,11754,T03
2104,BSc Biomedical Sciences,GE1401,CHEM1300,12100,L01
2104,BSc Biomedical Sciences,GE1401,GE1401,12814,T91
2105,BSc Biomedical Sciences,GE1401,GE1501,10248,C01
2105,BSc Biomedical Sciences,GE1401,CHEM1200,10384,C01
2105,BSc Biomedical Sciences,GE1401,CHEM1200,11092,L02
2105,BSc Biomedical Sciences,GE1401,BMS1901,11330,C01
2105,BSc Biomedical Sciences,GE1401,BMS1901,11331,L01
2105,BSc Biomedical Sciences,GE1401,CHEM1300,11748,C02
2105,BSc Biomedical Sciences,GE1401,CHEM1300,11756,T05
2105,BSc Biomedical Sciences,GE1401,CHEM1300,12269,L04
2105,BSc Biomedical Sciences,GE1401,GE1401,12399,T72
2106,BSc Biomedical Sciences,GE1401,GE1501,10254,C06
2106,BSc Biomedical Sciences,GE1401,GE1401,10719,T52
2106,BSc Biomedical Sciences,GE1401,CHEM1200,11092,L02
2106,BSc Biomedical Sciences,GE1401,BMS1901,11330,C01
2106,BSc Biomedical Sciences,GE1401,BMS1901,11331,L01
2106,BSc Biomedical Sciences,GE1401,CHEM1200,11735,C02
2106,BSc Biomedical Sciences,GE1401,CHEM1300,11748,C02
2106,BSc Biomedical Sciences,GE1401,CHEM1300,11754,T03
2106,BSc Biomedical Sciences,GE1401,CHEM1300,12100,L01
2107,BSc Biomedical Sciences,GE1401,CHEM1200,10384,C01
2107,BSc Biomedical Sciences,GE1401,GE1401,10695,T19
2107,BSc Biomedical Sciences,GE1401,CHEM1200,11295,L04
2107,BSc Biomedical Sciences,GE1401,BMS1901,11330,C01
2107,BSc Biomedical Sciences,GE1401,BMS1901,11470,L02
2107,BSc Biomedical Sciences,GE1401,CHEM1300,11748,C02
2107,BSc Biomedical Sciences,GE1401,CHEM1300,11754,T03
2107,BSc Biomedical Sciences,GE1401,CHEM1300,12100,L01
2107,BSc Biomedical Sciences,GE1401,GE1501,12621,CB2
2108,BSc Biomedical Sciences,GE1401,CHEM1200,10384,C01
2108,BSc Biomedical Sciences,GE1401,CHEM1200,11295,L04
2108,BSc Biomedical Sciences,GE1401,BMS1901,11330,C01
2108,BSc Biomedical Sciences,GE1401,BMS1901,11470,L02
2108,BSc Biomedical Sciences,GE1401,CHEM1300,11748,C02
2108,BSc Biomedical Sciences,GE1401,CHEM1300,11755,T01
2108,BSc Biomedical Sciences,GE1401,CHEM1300,12100,L01
2108,BSc Biomedical Sciences,GE1401,GE1401,12396,T46
2108,BSc Biomedical Sciences,GE1401,GE1501,12622,C16
2109,BSc Biomedical Sciences,GE1401,GE1501,10248,C01
2109,BSc Biomedical Sciences,GE1401,CHEM1200,10384,C01
2109,BSc Biomedical Sciences,GE1401,CHEM1200,11092,L02
2109,BSc Biomedical Sciences,GE1401,BMS1901,11330,C01
2109,BSc Biomedical Sciences,GE1401,BMS1901,11331,L01
2109,BSc Biomedical Sciences,GE1401,CHEM1300,11748,C02
2109,BSc Biomedical Sciences,GE1401,CHEM1300,11756,T05
2109,BSc Biomedical Sciences,GE1401,CHEM1300,12269,L04
2109,BSc Biomedical Sciences,GE1401,GE1401,12399,T72
2110,BSc Biomedical Sciences,GE1401,GE1401,10724,T57
2110,BSc Biomedical Sciences,GE1401,CHEM1200,11092,L02
2110,BSc Biomedical Sciences,GE1401,GE1501,11157,CB1
2110,BSc Biomedical Sciences,GE1401,BMS1901,11330,C01
2110,BSc Biomedical Sciences,GE1401,BMS1901,11331,L01
2110,BSc Biomedical Sciences,GE1401,CHEM1200,11735,C02
2110,BSc Biomedical Sciences,GE1401,CHEM1300,11748,C02
2110,BSc Biomedical Sciences,GE1401,CHEM1300,11751,T04
2110,BSc Biomedical Sciences,GE1401,CHEM1300,12100,L01
2111,BSc Biomedical Sciences,GE1401,CHEM1200,10384,C01
2111,BSc Biomedical Sciences,GE1401,CHEM1200,11295,L04
2111,BSc Biomedical Sciences,GE1401,BMS1901,11330,C01
2111,BSc Biomedical Sciences,GE1401,BMS1901,11470,L02
2111,BSc Biomedical Sciences,GE1401,CHEM1300,11748,C02
2111,BSc Biomedical Sciences,GE1401,CHEM1300,11755,T01
2111,BSc Biomedical Sciences,GE1401,CHEM1300,12100,L01
2111,BSc Biomedical Sciences,GE1401,GE1401,12396,T46
2111,BSc Biomedical Sciences,GE1401,GE1501,12622,C16
2112,BSc Biomedical Sciences,GE1401,CHEM1200,10384,C01
2112,BSc Biomedical Sciences,GE1401,GE1401,10723,T56
2112,BSc Biomedical Sciences,GE1401,CHEM1200,11294,L03
2112,BSc Biomedical Sciences,GE1401,BMS1901,11330,C01
2112,BSc Biomedical Sciences,GE1401,BMS1901,11470,L02
2112,BSc Biomedical Sciences,GE1401,CHEM1300,11748,C02
2112,BSc Biomedical Sciences,GE1401,CHEM1300,11751,T04
2112,BSc Biomedical Sciences,GE1401,CHEM1300,12099,L03
2112,BSc Biomedical Sciences,GE1401,GE1501,12622,C16
2113,BSc Biomedical Sciences,GE1401,GE1401,10724,T57
2113,BSc Biomedical Sciences,GE1401,CHEM1200,11092,L02
2113,BSc Biomedical Sciences,GE1401,BMS1901,11330,C01
2113,BSc Biomedical Sciences,GE1401,BMS1901,11331,L01
2113,BSc Biomedical Sciences,GE1401,CHEM1200,11735,C02
2113,BSc Biomedical Sciences,GE1401,CHEM1300,11747,C01
2113,BSc Biomedical Sciences,GE1401,CHEM1300,11751,T04
2113,BSc Biomedical Sciences,GE1401,CHEM1300,12100,L01
2113,BSc Biomedical Sciences,GE1401,GE1501,12620,C15
2114,BSc Biomedical Sciences,GE1401,GE1401,10704,T29
2114,BSc Biomedical Sciences,GE1401,CHEM1200,11295,L04
2114,BSc Biomedical Sciences,GE1401,BMS1901,11330,C01
2114,BSc Biomedical Sciences,GE1401,BMS1901,11470,L02
2114,BSc Biomedical Sciences,GE1401,CHEM1200,11735,C02
2114,BSc Biomedical Sciences,GE1401,CHEM1300,11747,C01
2114,BSc Biomedical Sciences,GE1401,CHEM1300,11755,T01
2114,BSc Biomedical Sciences,GE1401,CHEM1300,12100,L01
2114,BSc Biomedical Sciences,GE1401,GE1501,12621,CB2
2115,BSc Biomedical Sciences,GE1401,GE1501,10254,C06
2115,BSc Biomedical Sciences,GE1401,GE1401,10719,T52
2115,BSc Biomedical Sciences,GE1401,CHEM1200,11092,L02
2115,BSc Biomedical Sciences,GE1401,BMS1901,11330,C01
2115,BSc Biomedical Sciences,GE1401,BMS1901,11331,L01
2115,BSc Biomedical Sciences,GE1401,CHEM1200,11735,C02
2115,BSc Biomedical Sciences,GE1401,CHEM1300,11748,C02
2115,BSc Biomedical Sciences,GE1401,CHEM1300,11754,T03
2115,BSc Biomedical Sciences,GE1401,CHEM1300,12100,L01
2116,BSc Biomedical Sciences,GE1401,GE1401,10724,T57
2116,BSc Biomedical Sciences,GE1401,CHEM1200,11092,L02
2116,BSc Biomedical Sciences,GE1401,BMS1901,11330,C01
2116,BSc Biomedical Sciences,GE1401,BMS1901,11331,L01
2116,BSc Biomedical Sciences,GE1401,CHEM1200,11735,C02
2116,BSc Biomedical Sciences,GE1401,CHEM1300,11747,C01
2116,BSc Biomedical Sciences,GE1401,CHEM1300,11751,T04
2116,BSc Biomedical Sciences,GE1401,CHEM1300,12100,L01
2116,BSc Biomedical Sciences,GE1401,GE1501,12620,C15
2117,BSc Biomedical Sciences,LC0200A,GE1501,10248,C01
2117,BSc Biomedical Sciences,LC0200A,CHEM1200,10384,C01
2117,BSc Biomedical Sciences,LC0200A,LC0200A,10891,T23
2117,BSc Biomedical Sciences,LC0200A,CHEM1200,11092,L02
2117,BSc Biomedical Sciences,LC0200A,BMS1901,11330,C01
2117,BSc Biomedical Sciences,LC0200A,BMS1901,11331,L01
2117,BSc Biomedical Sciences,LC0200A,CHEM1300,11748,C02
2117,BSc Biomedical Sciences,LC0200A,CHEM1300,11756,T05
2117,BSc Biomedical Sciences,LC0200A,CHEM1300,12269,L04
2118,BSc Biomedical Sciences,LC0200A,CHEM1200,11294,L03
2118,BSc Biomedical Sciences,LC0200A,BMS1901,11330,C01
2118,BSc Biomedical Sciences,LC0200A,BMS1901,11470,L02
2118,BSc Biomedical Sciences,LC0200A,CHEM1200,11735,C02
2118,BSc Biomedical Sciences,LC0200A,CHEM1300,11748,C02
2118,BSc Biomedical Sciences,LC0200A,CHEM1300,11751,T04
2118,BSc Biomedical Sciences,LC0200A,CHEM1300,12100,L01
2118,BSc Biomedical Sciences,LC0200A,GE1501,12616,C11
2118,BSc Biomedical Sciences,LC0200A,LC0200A,14950,T18
2119,BSc Biomedical Sciences,LC0200A,GE1501,10248,C01
2119,BSc Biomedical Sciences,LC0200A,CHEM1200,10384,C01
2119,BSc Biomedical Sciences,LC0200A,LC0200A,10891,T23
2119,BSc Biomedical Sciences,LC0200A,CHEM1200,11295,L04
2119,BSc Biomedical Sciences,LC0200A,BMS1901,11330,C01
2119,BSc Biomedical Sciences,LC0200A,BMS1901,11470,L02
2119,BSc Biomedical Sciences,LC0200A,CHEM1300,11748,C02
2119,BSc Biomedical Sciences,LC0200A,CHEM1300,11751,T04
2119,BSc Biomedical Sciences,LC0200A,CHEM1300,12269,L04
2120,BSc Biomedical Sciences,LC0200A,GE1501,10248,C01
2120,BSc Biomedical Sciences,LC0200A,CHEM1200,10384,C01
2120,BSc Biomedical Sciences,LC0200A,LC0200A,10891,T23
2120,BSc Biomedical Sciences,LC0200A,CHEM1200,11295,L04
2120,BSc Biomedical Sciences,LC0200A,BMS1901,11330,C01
2120,BSc Biomedical Sciences,LC0200A,BMS1901,11470,L02
2120,BSc Biomedical Sciences,LC0200A,CHEM1300,11748,C02
2120,BSc Biomedical Sciences,LC0200A,CHEM1300,11751,T04
2120,BSc Biomedical Sciences,LC0200A,CHEM1300,12269,L04
2121,BSc Biomedical Sciences,LC0200A,GE1501,10254,C06
2121,BSc Biomedical Sciences,LC0200A,LC0200A,10865,T05
2121,BSc Biomedical Sciences,LC0200A,CHEM1200,11294,L03
2121,BSc Biomedical Sciences,LC0200A,BMS1901,11330,C01
2121,BSc Biomedical Sciences,LC0200A,BMS1901,11470,L02
2121,BSc Biomedical Sciences,LC0200A,CHEM1200,11735,C02
2121,BSc Biomedical Sciences,LC0200A,CHEM1300,11748,C02
2121,BSc Biomedical Sciences,LC0200A,CHEM1300,11751,T04
2121,BSc Biomedical Sciences,LC0200A,CHEM1300,12269,L04
2122,BSc Biomedical Sciences,LC0200A,GE1501,10248,C01
2122,BSc Biomedical Sciences,LC0200A,CHEM1200,10384,C01
2122,BSc Biomedical Sciences,LC0200A,LC0200A,10891,T23
2122,BSc Biomedical Sciences,LC0200A,CHEM1200,11295,L04
2122,BSc Biomedical Sciences,LC0200A,BMS1901,11330,C01
2122,BSc Biomedical Sciences,LC0200A,BMS1901,11470,L02
2122,BSc Biomedical Sciences,LC0200A,CHEM1300,11748,C02
2122,BSc Biomedical Sciences,LC0200A,CHEM1300,11751,T04
2122,BSc Biomedical Sciences,LC0200A,CHEM1300,12269,L04
2123,BSc Biomedical Sciences,LC0200A,GE1501,10254,C06
2123,BSc Biomedical Sciences,LC0200A,LC0200A,10877,T08
2123,BSc Biomedical Sciences,LC0200A,CHEM1200,11295,L04
2123,BSc Biomedical Sciences,LC0200A,BMS1901,11330,C01
2123,BSc Biomedical Sciences,LC0200A,BMS1901,11470,L02
2123,BSc Biomedical Sciences,LC0200A,CHEM1200,11735,C02
2123,BSc Biomedical Sciences,LC0200A,CHEM1300,11748,C02
2123,BSc Biomedical Sciences,LC0200A,CHEM1300,11754,T03
2123,BSc Biomedical Sciences,LC0200A,CHEM1300,12099,L03
2124,BSc Biomedical Sciences,LC0200A,LC0200A,10893,T25
2124,BSc Biomedical Sciences,LC0200A,CHEM1200,11092,L02
2124,BSc Biomedical Sciences,LC0200A,BMS1901,11330,C01
2124,BSc Biomedical Sciences,LC0200A,BMS1901,11331,L01
2124,BSc Biomedical Sciences,LC0200A,CHEM1200,11735,C02
2124,BSc Biomedical Sciences,LC0200A,CHEM1300,11748,C02
2124,BSc Biomedical Sciences,LC0200A,CHEM1300,11754,T03
2124,BSc Biomedical Sciences,LC0200A,CHEM1300,12100,L01
2124,BSc Biomedical Sciences,LC0200A,GE1501,12618,C13
2125,BSc Biomedical Sciences,LC0200A,GE1501,10254,C06
2125,BSc Biomedical Sciences,LC0200A,LC0200A,10865,T05
2125,BSc Biomedical Sciences,LC0200A,CHEM1200,11294,L03
2125,BSc Biomedical Sciences,LC0200A,BMS1901,11330,C01
2125,BSc Biomedical Sciences,LC0200A,BMS1901,11470,L02
2125,BSc Biomedical Sciences,LC0200A,CHEM1200,11735,C02
2125,BSc Biomedical Sciences,LC0200A,CHEM1300,11748,C02
2125,BSc Biomedical Sciences,LC0200A,CHEM1300,11755,T01
2125,BSc Biomedical Sciences,LC0200A,CHEM1300,12269,L04
2126,BSc Biomedical Sciences,LC0200A,GE1501,10254,C06
2126,BSc Biomedical Sciences,LC0200A,LC0200A,10877,T08
2126,BSc Biomedical Sciences,LC0200A,CHEM1200,11295,L04
2126,BSc Biomedical Sciences,LC0200A,BMS1901,11330,C01
2126,BSc Biomedical Sciences,LC0200A,BMS1901,11470,L02
2126,BSc Biomedical Sciences,LC0200A,CHEM1200,11735,C02
2126,BSc Biomedical Sciences,LC0200A,CHEM1300,11748,C02
2126,BSc Biomedical Sciences,LC0200A,CHEM1300,11755,T01
2126,BSc Biomedical Sciences,LC0200A,CHEM1300,12100,L01
2127,BSc Biomedical Sciences,LC0200A,GE1501,10254,C06
2127,BSc Biomedical Sciences,LC0200A,LC0200A,10865,T05
2127,BSc Biomedical Sciences,LC0200A,CHEM1200,11294,L03
2127,BSc Biomedical Sciences,LC0200A,BMS1901,11330,C01
2127,BSc Biomedical Sciences,LC0200A,BMS1901,11470,L02
2127,BSc Biomedical Sciences,LC0200A,CHEM1200,11735,C02
2127,BSc Biomedical Sciences,LC0200A,CHEM1300,11748,C02
2127,BSc Biomedical Sciences,LC0200A,CHEM1300,11755,T01
2127,BSc Biomedical Sciences,LC0200A,CHEM1300,12269,L04
2128,BSc Biomedical Sciences,LC0200A,CHEM1200,11294,L03
2128,BSc Biomedical Sciences,LC0200A,BMS1901,11330,C01
2128,BSc Biomedical Sciences,LC0200A,BMS1901,11470,L02
2128,BSc Biomedical Sciences,LC0200A,CHEM1200,11735,C02
2128,BSc Biomedical Sciences,LC0200A,CHEM1300,11748,C02
2128,BSc Biomedical Sciences,LC0200A,CHEM1300,11751,T04
2128,BSc Biomedical Sciences,LC0200A,CHEM1300,12100,L01
2128,BSc Biomedical Sciences,LC0200A,GE1501,12616,C11
2128,BSc Biomedical Sciences,LC0200A,LC0200A,14950,T18
2129,BSc Biomedical Sciences,LC0200A,GE1501,10254,C06
2129,BSc Biomedical Sciences,LC0200A,LC0200A,10865,T05
2129,BSc Biomedical Sciences,LC0200A,CHEM1200,11295,L04
2129,BSc Biomedical Sciences,LC0200A,BMS1901,11330,C01
2129,BSc Biomedical Sciences,LC0200A,BMS1901,11470,L02
2129,BSc Biomedical Sciences,LC0200A,CHEM1200,11735,C02
2129,BSc Biomedical Sciences,LC0200A,CHEM1300,11748,C02
2129,BSc Biomedical Sciences,LC0200A,CHEM1300,11755,T01
2129,BSc Biomedical Sciences,LC0200A,CHEM1300,12269,L04
2130,BSc Biomedical Sciences,LC0200A,GE1501,10254,C06
2130,BSc Biomedical Sciences,LC0200A,LC0200A,10877,T08
2130,BSc Biomedical Sciences,LC0200A,CHEM1200,11295,L04
2130,BSc Biomedical Sciences,LC0200A,BMS1901,11330,C01
2130,BSc Biomedical Sciences,LC0200A,BMS1901,11470,L02
2130,BSc Biomedical Sciences,LC0200A,CHEM1200,11735,C02
2130,BSc Biomedical Sciences,LC0200A,CHEM1300,11748,C02
2130,BSc Biomedical Sciences,LC0200A,CHEM1300,11755,T01
2130,BSc Biomedical Sciences,LC0200A,CHEM1300,12100,L01
2131,BSc Biomedical Sciences,LC0200A,GE1501,10248,C01
2131,BSc Biomedical Sciences,LC0200A,CHEM1200,10384,C01
2131,BSc Biomedical Sciences,LC0200A,LC0200A,10891,T23
2131,BSc Biomedical Sciences,LC0200A,CHEM1200,11295,L04
2131,BSc Biomedical Sciences,LC0200A,BMS1901,11330,C01
2131,BSc Biomedical Sciences,LC0200A,BMS1901,11470,L02
2131,BSc Biomedical Sciences,LC0200A,CHEM1300,11748,C02
2131,BSc Biomedical Sciences,LC0200A,CHEM1300,11751,T04
2131,BSc Biomedical Sciences,LC0200A,CHEM1300,12269,L04
2132,Bachelor of Veterinary Medicine,GE1401,GE1401,10715,T45
2132,Bachelor of Veterinary Medicine,GE1401,VM2001,11078,C01
2132,Bachelor of Veterinary Medicine,GE1401,VM2001,11080,T01
2132,Bachelor of Veterinary Medicine,GE1401,VM2102,11412,L01
2132,Bachelor of Veterinary Medicine,GE1401,VM2102,11413,T01
2132,Bachelor of Veterinary Medicine,GE1401,VM2102,11414,C01
2133,Bachelor of Veterinary Medicine,GE1401,VM2001,11078,C01
2133,Bachelor of Veterinary Medicine,GE1401,VM2001,11080,T01
2133,Bachelor of Veterinary Medicine,GE1401,VM2102,11412,L01
2133,Bachelor of Veterinary Medicine,GE1401,VM2102,11413,T01
2133,Bachelor of Veterinary Medicine,GE1401,VM2102,11414,C01
2133,Bachelor of Veterinary Medicine,GE1401,GE1401,15603,T73
2134,Bachelor of Veterinary Medicine,GE1401,GE1401,10679,T02
2134,Bachelor of Veterinary Medicine,GE1401,VM2001,11078,C01
2134,Bachelor of Veterinary Medicine,GE1401,VM2001,11080,T01
2134,Bachelor of Veterinary Medicine,GE1401,VM2102,11412,L01
2134,Bachelor of Veterinary Medicine,GE1401,VM2102,11413,T01
2134,Bachelor of Veterinary Medicine,GE1401,VM2102,11414,C01
2135,Bachelor of Veterinary Medicine,GE1401,VM2001,11078,C01
2135,Bachelor of Veterinary Medicine,GE1401,VM2001,11080,T01
2135,Bachelor of Veterinary Medicine,GE1401,VM2102,11412,L01
2135,Bachelor of Veterinary Medicine,GE1401,VM2102,11413,T01
2135,Bachelor of Veterinary Medicine,GE1401,VM2102,11414,C01
2135,Bachelor of Veterinary Medicine,GE1401,GE1401,13576,TB5
2136,Bachelor of Veterinary Medicine,GE1401,GE1401,10679,T02
2136,Bachelor of Veterinary Medicine,GE1401,VM2001,11078,C01
2136,Bachelor of Veterinary Medicine,GE1401,VM2001,11080,T01
2136,Bachelor of Veterinary Medicine,GE1401,VM2102,11412,L01
2136,Bachelor of Veterinary Medicine,GE1401,VM2102,11413,T01
2136,Bachelor of Veterinary Medicine,GE1401,VM2102,11414,C01
2137,Bachelor of Veterinary Medicine,GE1401,VM2001,11078,C01
2137,Bachelor of Veterinary Medicine,GE1401,VM2001,11080,T01
2137,Bachelor of Veterinary Medicine,GE1401,VM2102,11412,L01
2137,Bachelor of Veterinary Medicine,GE1401,VM2102,11413,T01
2137,Bachelor of Veterinary Medicine,GE1401,VM2102,11414,C01
2137,Bachelor of Veterinary Medicine,GE1401,GE1401,11507,T80
2138,Bachelor of Veterinary Medicine,GE1401,VM2001,11078,C01
2138,Bachelor of Veterinary Medicine,GE1401,VM2001,11080,T01
2138,Bachelor of Veterinary Medicine,GE1401,VM2102,11412,L01
2138,Bachelor of Veterinary Medicine,GE1401,VM2102,11413,T01
2138,Bachelor of Veterinary Medicine,GE1401,VM2102,11414,C01
2138,Bachelor of Veterinary Medicine,GE1401,GE1401,11506,T78
2139,Bachelor of Veterinary Medicine,GE1401,GE1401,10728,T61
2139,Bachelor of Veterinary Medicine,GE1401,VM2001,11078,C01
2139,Bachelor of Veterinary Medicine,GE1401,VM2001,11080,T01
2139,Bachelor of Veterinary Medicine,GE1401,VM2102,11412,L01
2139,Bachelor of Veterinary Medicine,GE1401,VM2102,11413,T01
2139,Bachelor of Veterinary Medicine,GE1401,VM2102,11414,C01
2140,Bachelor of Veterinary Medicine,GE1401,GE1401,10679,T02
2140,Bachelor of Veterinary Medicine,GE1401,VM2001,11078,C01
2140,Bachelor of Veterinary Medicine,GE1401,VM2001,11080,T01
2140,Bachelor of Veterinary Medicine,GE1401,VM2102,11412,L01
2140,Bachelor of Veterinary Medicine,GE1401,VM2102,11413,T01
2140,Bachelor of Veterinary Medicine,GE1401,VM2102,11414,C01
2141,Bachelor of Veterinary Medicine,GE1401,GE1401,10679,T02
2141,Bachelor of Veterinary Medicine,GE1401,VM2001,11078,C01
2141,Bachelor of Veterinary Medicine,GE1401,VM2001,11080,T01
2141,Bachelor of Veterinary Medicine,GE1401,VM2102,11412,L01
2141,Bachelor of Veterinary Medicine,GE1401,VM2102,11413,T01
2141,Bachelor of Veterinary Medicine,GE1401,VM2102,11414,C01
2142,Bachelor of Veterinary Medicine,GE1401,GE1401,10715,T45
2142,Bachelor of Veterinary Medicine,GE1401,VM2001,11078,C01
2142,Bachelor of Veterinary Medicine,GE1401,VM2001,11080,T01
2142,Bachelor of Veterinary Medicine,GE1401,VM2102,11412,L01
2142,Bachelor of Veterinary Medicine,GE1401,VM2102,11413,T01
2142,Bachelor of Veterinary Medicine,GE1401,VM2102,11414,C01
2143,Bachelor of Veterinary Medicine,GE1401,GE1401,10728,T61
2143,Bachelor of Veterinary Medicine,GE1401,VM2001,11078,C01
2143,Bachelor of Veterinary Medicine,GE1401,VM2001,11080,T01
2143,Bachelor of Veterinary Medicine,GE1401,VM2102,11412,L01
2143,Bachelor of Veterinary Medicine,GE1401,VM2102,11413,T01
2143,Bachelor of Veterinary Medicine,GE1401,VM2102,11414,C01
2144,Bachelor of Veterinary Medicine,LC0200A,LC0200A,10888,T20
2144,Bachelor of Veterinary Medicine,LC0200A,VM2001,11078,C01
2144,Bachelor of Veterinary Medicine,LC0200A,VM2001,11080,T01
2144,Bachelor of Veterinary Medicine,LC0200A,VM2102,11412,L01
2144,Bachelor of Veterinary Medicine,LC0200A,VM2102,11413,T01
2144,Bachelor of Veterinary Medicine,LC0200A,VM2102,11414,C01
2145,Bachelor of Veterinary Medicine,LC0200A,VM2001,11078,C01
2145,Bachelor of Veterinary Medicine,LC0200A,VM2001,11080,T01
2145,Bachelor of Veterinary Medicine,LC0200A,LC0200A,11170,T32
2145,Bachelor of Veterinary Medicine,LC0200A,VM2102,11412,L01
2145,Bachelor of Veterinary Medicine,LC0200A,VM2102,11413,T01
2145,Bachelor of Veterinary Medicine,LC0200A,VM2102,11414,C01
2146,Bachelor of Veterinary Medicine,LC0200A,LC0200A,10862,T02
2146,Bachelor of Veterinary Medicine,LC0200A,VM2001,11078,C01
2146,Bachelor of Veterinary Medicine,LC0200A,VM2001,11080,T01
2146,Bachelor of Veterinary Medicine,LC0200A,VM2102,11412,L01
2146,Bachelor of Veterinary Medicine,LC0200A,VM2102,11413,T01
2146,Bachelor of Veterinary Medicine,LC0200A,VM2102,11414,C01
2147,Bachelor of Veterinary Medicine,LC0200A,VM2001,11078,C01
2147,Bachelor of Veterinary Medicine,LC0200A,VM2001,11080,T01
2147,Bachelor of Veterinary Medicine,LC0200A,LC0200A,11170,T32
2147,Bachelor of Veterinary Medicine,LC0200A,VM2102,11412,L01
2147,Bachelor of Veterinary Medicine,LC0200A,VM2102,11413,T01
2147,Bachelor of Veterinary Medicine,LC0200A,VM2102,11414,C01
2148,Bachelor of Veterinary Medicine,LC0200A,LC0200A,10862,T02
2148,Bachelor of Veterinary Medicine,LC0200A,VM2001,11078,C01
2148,Bachelor of Veterinary Medicine,LC0200A,VM2001,11080,T01
2148,Bachelor of Veterinary Medicine,LC0200A,VM2102,11412,L01
2148,Bachelor of Veterinary Medicine,LC0200A,VM2102,11413,T01
2148,Bachelor of Veterinary Medicine,LC0200A,VM2102,11414,C01
2149,BA English,GE1401,EN2714,10513,T01
2149,BA English,GE1401,GE1401,10705,T30
2150,BA English,GE1401,EN2714,10513,T01
2150,BA English,GE1401,GE1401,10690,T13
2151,BA English,GE1401,EN2714,10513,T01
2151,BA English,GE1401,GE1401,10689,T12
2152,BA English,GE1401,EN2714,10513,T01
2152,BA English,GE1401,GE1401,10682,T05
2153,BA English,GE1401,EN2714,10513,T01
2153,BA English,GE1401,GE1401,10720,T53
2154,BA English,GE1401,EN2714,10513,T01
2154,BA English,GE1401,GE1401,10682,T05
2155,BA English,GE1401,EN2714,10513,T01
2155,BA English,GE1401,GE1401,10722,T55
2156,BA English,GE1401,EN2714,10513,T01
2156,BA English,GE1401,GE1401,10689,T12
2157,BA English,GE1401,EN2714,10513,T01
2157,BA English,GE1401,GE1401,10689,T12
2158,BA English,GE1401,EN2714,10513,T01
2158,BA English,GE1401,GE1401,10689,T12
2159,BA English,GE1401,EN2714,10513,T01
2159,BA English,GE1401,GE1401,10705,T30
2160,BA English,GE1401,EN2714,10513,T01
2160,BA English,GE1401,GE1401,11497,T81
2161,BA English,GE1401,EN2714,10513,T01
2161,BA English,GE1401,GE1401,12814,T91
2162,BA English,GE1401,EN2714,10513,T01
2162,BA English,GE1401,GE1401,10682,T05
2163,BA English,GE1401,EN2714,10513,T01
2163,BA English,GE1401,GE1401,10705,T30
2164,BA English,GE1401,EN2714,10513,T01
2164,BA English,GE1401,GE1401,10722,T55
2165,BA English,GE1401,EN2714,10513,T01
2165,BA English,GE1401,GE1401,10722,T55
2166,BA English,GE1401,EN2714,10513,T01
2166,BA English,GE1401,GE1401,10720,T53
2167,BA English,GE1401,EN2714,10513,T01
2167,BA English,GE1401,GE1401,12398,T70
2168,BA English,GE1401,EN2714,10513,T01
2168,BA English,GE1401,GE1401,10682,T05
2169,BA English,GE1401,EN2714,10513,T01
2169,BA English,GE1401,GE1401,10717,T48
2170,BA English,GE1401,EN2714,10513,T01
2170,BA English,GE1401,GE1401,10720,T53
2171,BA English,GE1401,EN2714,10513,T01
2171,BA English,GE1401,GE1401,10694,T17
2172,BA English,GE1401,EN2714,10513,T01
2172,BA English,GE1401,GE1401,10682,T05
2173,BA English,GE1401,EN2714,10513,T01
2173,BA English,GE1401,GE1401,10682,T05
2174,BA English,LC0200A,EN2714,10513,T01
2174,BA English,LC0200A,LC0200A,10877,T08
2175,BA English,LC0200A,EN2714,10513,T01
2175,BA English,LC0200A,LC0200A,10875,T06
2176,BA English,LC0200A,EN2714,10513,T01
2176,BA English,LC0200A,LC0200A,10877,T08
2177,BA English,LC0200A,EN2714,10513,T01
2177,BA English,LC0200A,LC0200A,10876,T07
2178,BA English,LC0200A,EN2714,10513,T01
2178,BA English,LC0200A,LC0200A,11030,T31
2179,BA English,LC0200A,EN2714,10513,T01
2179,BA English,LC0200A,LC0200A,10876,T07
2180,BA English,LC0200A,EN2714,10513,T01
2180,BA English,LC0200A,LC0200A,10882,T13
2181,BA English,LC0200A,EN2714,10513,T01
2181,BA English,LC0200A,LC0200A,10881,T12
2182,BA English,LC0200A,EN2714,10513,T01
2182,BA English,LC0200A,LC0200A,10876,T07
2183,BA English,LC0200A,EN2714,10513,T01
2183,BA English,LC0200A,LC0200A,10877,T08
2184,BA Chinese and History,GE1401,GE1401,10722,T55
2184,BA Chinese and History,GE1401,CAH2610,11008,C02
2184,BA Chinese and History,GE1401,CAH2614,11920,CA1
2185,BA Chinese and History,GE1401,GE1401,10682,T05
2185,BA Chinese and History,GE1401,CAH2610,11008,C02
2185,BA Chinese and History,GE1401,CAH2614,12503,CB1
2186,BA Chinese and History,GE1401,GE1401,10689,T12
2186,BA Chinese and History,GE1401,CAH2610,11008,C02
2186,BA Chinese and History,GE1401,CAH2614,11920,CA1
2187,BA Chinese and History,GE1401,GE1401,10722,T55
2187,BA Chinese and History,GE1401,CAH2610,11008,C02
2187,BA Chinese and History,GE1401,CAH2614,11920,CA1
2188,BA Chinese and History,GE1401,GE1401,10719,T52
2188,BA Chinese and History,GE1401,CAH2610,11008,C02
2188,BA Chinese and History,GE1401,CAH2614,11920,CA1
2189,BA Chinese and History,GE1401,CAH2610,11008,C02
2189,BA Chinese and History,GE1401,CAH2614,11920,CA1
2189,BA Chinese and History,GE1401,GE1401,12122,T35
2190,BA Chinese and History,GE1401,GE1401,10689,T12
2190,BA Chinese and History,GE1401,CAH2610,11008,C02
2190,BA Chinese and History,GE1401,CAH2614,11920,CA1
2191,BA Chinese and History,GE1401,GE1401,10689,T12
2191,BA Chinese and History,GE1401,CAH2610,11008,C02
2191,BA Chinese and History,GE1401,CAH2614,11920,CA1
2192,BA Chinese and History,GE1401,GE1401,10689,T12
2192,BA Chinese and History,GE1401,CAH2610,11008,C02
2192,BA Chinese and History,GE1401,CAH2614,11920,CA1
2193,BA Chinese and History,GE1401,GE1401,10727,T60
2193,BA Chinese and History,GE1401,CAH2610,11008,C02
2193,BA Chinese and History,GE1401,CAH2614,12503,CB1
2194,BA Chinese and History,GE1401,GE1401,10694,T17
2194,BA Chinese and History,GE1401,CAH2610,11008,C02
2194,BA Chinese and History,GE1401,CAH2614,11920,CA1
2195,BA Chinese and History,GE1401,GE1401,10722,T55
2195,BA Chinese and History,GE1401,CAH2610,11008,C02
2195,BA Chinese and History,GE1401,CAH2614,11920,CA1
2196,BA Chinese and History,GE1401,GE1401,10689,T12
2196,BA Chinese and History,GE1401,CAH2610,11008,C02
2196,BA Chinese and History,GE1401,CAH2614,11920,CA1
2197,BA Chinese and History,GE1401,GE1401,10722,T55
2197,BA Chinese and History,GE1401,CAH2610,11008,C02
2197,BA Chinese and History,GE1401,CAH2614,11920,CA1
2198,BA Chinese and History,GE1401,GE1401,10682,T05
2198,BA Chinese and History,GE1401,CAH2610,11008,C02
2198,BA Chinese and History,GE1401,CAH2614,12503,CB1
2199,BA Chinese and History,GE1401,GE1401,10689,T12
2199,BA Chinese and History,GE1401,CAH2610,11008,C02
2199,BA Chinese and History,GE1401,CAH2614,11920,CA1
2200,BA Chinese and History,GE1401,GE1401,10682,T05
2200,BA Chinese and History,GE1401,CAH2610,11008,C02
2200,BA Chinese and History,GE1401,CAH2614,12503,CB1
2201,BA Chinese and History,GE1401,GE1401,10719,T52
2201,BA Chinese and History,GE1401,CAH2610,11008,C02
2201,BA Chinese and History,GE1401,CAH2614,11920,CA1
2202,BA Chinese and History,GE1401,GE1401,10723,T56
2202,BA Chinese and History,GE1401,CAH2610,11008,C02
2202,BA Chinese and History,GE1401,CAH2614,12503,CB1
2203,BA Chinese and History,GE1401,CAH2610,11008,C02
2203,BA Chinese and History,GE1401,CAH2614,11920,CA1
2203,BA Chinese and History,GE1401,GE1401,12399,T72
2204,BA Chinese and History,GE1401,GE1401,10719,T52
2204,BA Chinese and History,GE1401,CAH2610,11008,C02
2204,BA Chinese and History,GE1401,CAH2614,11920,CA1
2205,BA Chinese and History,GE1401,CAH2610,11008,C02
2205,BA Chinese and History,GE1401,GE1401,11497,T81
2205,BA Chinese and History,GE1401,CAH2614,11920,CA1
2206,BA Chinese and History,GE1401,GE1401,10689,T12
2206,BA Chinese and History,GE1401,CAH2610,11008,C02
2206,BA Chinese and History,GE1401,CAH2614,11920,CA1
2207,BA Chinese and History,GE1401,GE1401,10689,T12
2207,BA Chinese and History,GE1401,CAH2610,11008,C02
2207,BA Chinese and History,GE1401,CAH2614,11920,CA1
2208,BA Chinese and History,GE1401,GE1401,10722,T55
2208,BA Chinese and History,GE1401,CAH2610,11008,C02
2208,BA Chinese and History,GE1401,CAH2614,11920,CA1
2209,BA Chinese and History,GE1401,GE1401,10722,T55
2209,BA Chinese and History,GE1401,CAH2610,11008,C02
2209,BA Chinese and History,GE1401,CAH2614,11920,CA1
2210,BA Chinese and History,GE1401,CAH2610,11008,C02
2210,BA Chinese and History,GE1401,CAH2614,11920,CA1
2210,BA Chinese and History,GE1401,GE1401,12814,T91
2211,BA Chinese and History,GE1401,CAH2610,11008,C02
2211,BA Chinese and History,GE1401,CAH2614,12503,CB1
2211,BA Chinese and History,GE1401,GE1401,12735,T74
2212,BA Chinese and History,GE1401,CAH2610,11008,C02
2212,BA Chinese and History,GE1401,GE1401,11497,T81
2212,BA Chinese and History,GE1401,CAH2614,11920,CA1
2213,BA Chinese and History,GE1401,GE1401,10689,T12
2213,BA Chinese and History,GE1401,CAH2610,11008,C02
2213,BA Chinese and History,GE1401,CAH2614,11920,CA1
2214,BA Chinese and History,GE1401,GE1401,10689,T12
2214,BA Chinese and History,GE1401,CAH2610,11008,C02
2214,BA Chinese and History,GE1401,CAH2614,11920,CA1
2215,BA Chinese and History,GE1401,GE1401,10689,T12
2215,BA Chinese and History,GE1401,CAH2610,11008,C02
2215,BA Chinese and History,GE1401,CAH2614,11920,CA1
2216,BA Chinese and History,GE1401,GE1401,10689,T12
2216,BA Chinese and History,GE1401,CAH2610,11008,C02
2216,BA Chinese and History,GE1401,CAH2614,11920,CA1
2217,BA Chinese and History,LC0200A,LC0200A,10885,T16
2217,BA Chinese and History,LC0200A,CAH2610,11008,C02
2217,BA Chinese and History,LC0200A,CAH2614,11920,CA1
2218,BA Chinese and History,LC0200A,LC0200A,10881,T12
2218,BA Chinese and History,LC0200A,CAH2610,11008,C02
2218,BA Chinese and History,LC0200A,CAH2614,11920,CA1
2219,BA Chinese and History,LC0200A,LC0200A,10875,T06
2219,BA Chinese and History,LC0200A,CAH2610,11008,C02
2219,BA Chinese and History,LC0200A,CAH2614,12503,CB1
2220,BA Chinese and History,LC0200A,CAH2610,11008,C02
2220,BA Chinese and History,LC0200A,CAH2614,12503,CB1
2220,BA Chinese and History,LC0200A,LC0200A,14950,T18
2221,BA Chinese and History,LC0200A,CAH2610,11008,C02
2221,BA Chinese and History,LC0200A,CAH2614,12503,CB1
2221,BA Chinese and History,LC0200A,LC0200A,14952,T36
2222,BA Chinese and History,LC0200A,CAH2610,11008,C02
2222,BA Chinese and History,LC0200A,CAH2614,12503,CB1
2222,BA Chinese and History,LC0200A,LC0200A,14950,T18
2223,BA Chinese and History,LC0200A,LC0200A,10881,T12
2223,BA Chinese and History,LC0200A,CAH2610,11008,C02
2223,BA Chinese and History,LC0200A,CAH2614,11920,CA1
2224,BA Chinese and History,LC0200A,LC0200A,10875,T06
2224,BA Chinese and History,LC0200A,CAH2610,11008,C02
2224,BA Chinese and History,LC0200A,CAH2614,11920,CA1
2225,BA Chinese and History,LC0200A,LC0200A,10883,T14
2225,BA Chinese and History,LC0200A,CAH2610,11008,C02
2225,BA Chinese and History,LC0200A,CAH2614,11920,CA1
2226,BA Chinese and History,LC0200A,LC0200A,10875,T06
2226,BA Chinese and History,LC0200A,CAH2610,11008,C02
2226,BA Chinese and History,LC0200A,CAH2614,12503,CB1
2227,BA Chinese and History,LC0200A,CAH2610,11008,C02
2227,BA Chinese and History,LC0200A,CAH2614,12503,CB1
2227,BA Chinese and History,LC0200A,LC0200A,14952,T36
2228,BA Chinese and History,LC0200A,LC0200A,10878,T09
2228,BA Chinese and History,LC0200A,CAH2610,11008,C02
2228,BA Chinese and History,LC0200A,CAH2614,11920,CA1
2229,BA Chinese and History,LC0200A,LC0200A,10881,T12
2229,BA Chinese and History,LC0200A,CAH2610,11008,C02
2229,BA Chinese and History,LC0200A,CAH2614,11920,CA1
2230,BA Chinese and History,LC0200A,LC0200A,10876,T07
2230,BA Chinese and History,LC0200A,CAH2610,11008,C02
2230,BA Chinese and History,LC0200A,CAH2614,11920,CA1
2231,BA Chinese and History,LC0200A,LC0200A,10881,T12
2231,BA Chinese and History,LC0200A,CAH2610,11008,C02
2231,BA Chinese and History,LC0200A,CAH2614,11920,CA1
2232,BA Linguistics and Language Applications,GE1401,GE1401,10719,T52
2232,BA Linguistics and Language Applications,GE1401,LT1101,11475,CC1
2232,BA Linguistics and Language Applications,GE1401,GE1501,12619,C14
2233,BA Linguistics and Language Applications,GE1401,GE1501,10252,C04
2233,BA Linguistics and Language Applications,GE1401,GE1401,10698,T22
2233,BA Linguistics and Language Applications,GE1401,LT1101,15755,CF1
2234,BA Linguistics and Language Applications,GE1401,GE1501,10249,C02
2234,BA Linguistics and Language Applications,GE1401,GE1401,10714,T43
2234,BA Linguistics and Language Applications,GE1401,LT1101,10838,CA1
2235,BA Linguistics and Language Applications,GE1401,GE1501,10249,C02
2235,BA Linguistics and Language Applications,GE1401,LT1101,10838,CA1
2235,BA Linguistics and Language Applications,GE1401,GE1401,15205,TC5
2236,BA Linguistics and Language Applications,GE1401,GE1501,10252,C04
2236,BA Linguistics and Language Applications,GE1401,GE1401,10698,T22
2236,BA Linguistics and Language Applications,GE1401,LT1101,15755,CF1
2237,BA Linguistics and Language Applications,GE1401,GE1501,10249,C02
2237,BA Linguistics and Language Applications,GE1401,LT1101,10838,CA1
2237,BA Linguistics and Language Applications,GE1401,GE1401,15205,TC5
2238,BA Linguistics and Language Applications,GE1401,GE1401,11503,T89
2238,BA Linguistics and Language Applications,GE1401,GE1501,12619,C14
2238,BA Linguistics and Language Applications,GE1401,LT1101,15755,CF1
2239,BA Linguistics and Language Applications,GE1401,GE1501,10252,C04
2239,BA Linguistics and Language Applications,GE1401,GE1401,10698,T22
2239,BA Linguistics and Language Applications,GE1401,LT1101,11475,CC1
2240,BA Linguistics and Language Applications,GE1401,GE1501,10252,C04
2240,BA Linguistics and Language Applications,GE1401,GE1401,10698,T22
2240,BA Linguistics and Language Applications,GE1401,LT1101,15755,CF1
2241,BA Linguistics and Language Applications,GE1401,GE1501,10252,C04
2241,BA Linguistics and Language Applications,GE1401,GE1401,10698,T22
2241,BA Linguistics and Language Applications,GE1401,LT1101,11475,CC1
2242,BA Linguistics and Language Applications,GE1401,GE1401,10724,T57
2242,BA Linguistics and Language Applications,GE1401,LT1101,10838,CA1
2242,BA Linguistics and Language Applications,GE1401,GE1501,12619,C14
2243,BA Linguistics and Language Applications,GE1401,GE1501,10249,C02
2243,BA Linguistics and Language Applications,GE1401,LT1101,10838,CA1
2243,BA Linguistics and Language Applications,GE1401,GE1401,15602,T58
2244,BA Linguistics and Language Applications,GE1401,LT1101,10838,CA1
2244,BA Linguistics and Language Applications,GE1401,GE1501,12619,C14
2244,BA Linguistics and Language Applications,GE1401,GE1401,14270,TB7
2245,BA Linguistics and Language Applications,GE1401,LT1101,10838,CA1
2245,BA Linguistics and Language Applications,GE1401,GE1501,12619,C14
2245,BA Linguistics and Language Applications,GE1401,GE1401,14270,TB7
2246,BA Linguistics and Language Applications,GE1401,GE1401,10719,T52
2246,BA Linguistics and Language Applications,GE1401,LT1101,11475,CC1
2246,BA Linguistics and Language Applications,GE1401,GE1501,12619,C14
2247,BA Linguistics and Language Applications,GE1401,LT1101,10838,CA1
2247,BA Linguistics and Language Applications,GE1401,GE1501,12619,C14
2247,BA Linguistics and Language Applications,GE1401,GE1401,14270,TB7
2248,BA Linguistics and Language Applications,GE1401,GE1501,10249,C02
2248,BA Linguistics and Language Applications,GE1401,LT1101,10838,CA1
2248,BA Linguistics and Language Applications,GE1401,GE1401,15205,TC5
2249,BA Linguistics and Language Applications,GE1401,GE1501,10249,C02
2249,BA Linguistics and Language Applications,GE1401,GE1401,10714,T43
2249,BA Linguistics and Language Applications,GE1401,LT1101,10838,CA1
2250,BA Linguistics and Language Applications,GE1401,GE1501,10249,C02
2250,BA Linguistics and Language Applications,GE1401,LT1101,10838,CA1
2250,BA Linguistics and Language Applications,GE1401,GE1401,15205,TC5
2251,BA Linguistics and Language Applications,GE1401,GE1401,10719,T52
2251,BA Linguistics and Language Applications,GE1401,LT1101,11475,CC1
2251,BA Linguistics and Language Applications,GE1401,GE1501,12619,C14
2252,BA Linguistics and Language Applications,GE1401,GE1401,10719,T52
2252,BA Linguistics and Language Applications,GE1401,LT1101,11475,CC1
2252,BA Linguistics and Language Applications,GE1401,GE1501,12619,C14
2253,BA Linguistics and Language Applications,GE1401,GE1501,10604,C09
2253,BA Linguistics and Language Applications,GE1401,LT1101,10838,CA1
2253,BA Linguistics and Language Applications,GE1401,GE1401,15602,T58
2254,BA Linguistics and Language Applications,GE1401,GE1501,10252,C04
2254,BA Linguistics and Language Applications,GE1401,GE1401,10698,T22
2254,BA Linguistics and Language Applications,GE1401,LT1101,11475,CC1
2255,BA Linguistics and Language Applications,GE1401,LT1101,10838,CA1
2255,BA Linguistics and Language Applications,GE1401,GE1501,12619,C14
2255,BA Linguistics and Language Applications,GE1401,GE1401,14270,TB7
2256,BA Linguistics and Language Applications,GE1401,GE1401,10724,T57
2256,BA Linguistics and Language Applications,GE1401,LT1101,11475,CC1
2256,BA Linguistics and Language Applications,GE1401,GE1501,12619,C14
2257,BA Linguistics and Language Applications,GE1401,LT1101,10838,CA1
2257,BA Linguistics and Language Applications,GE1401,GE1501,12619,C14
2257,BA Linguistics and Language Applications,GE1401,GE1401,14270,TB7
2258,BA Linguistics and Language Applications,LC0200A,GE1501,12616,C11
2258,BA Linguistics and Language Applications,LC0200A,LC0200A,14950,T18
2258,BA Linguistics and Language Applications,LC0200A,LT1101,15755,CF1
2259,BA Linguistics and Language Applications,LC0200A,LC0200A,10884,T15
2259,BA Linguistics and Language Applications,LC0200A,GE1501,12620,C15
2259,BA Linguistics and Language Applications,LC0200A,LT1101,15755,CF1
2260,BA Linguistics and Language Applications,LC0200A,LC0200A,10884,T15
2260,BA Linguistics and Language Applications,LC0200A,GE1501,12620,C15
2260,BA Linguistics and Language Applications,LC0200A,LT1101,15755,CF1
2261,BA Linguistics and Language Applications,LC0200A,LC0200A,10884,T15
2261,BA Linguistics and Language Applications,LC0200A,GE1501,12620,C15
2261,BA Linguistics and Language Applications,LC0200A,LT1101,15755,CF1
2262,BA Linguistics and Language Applications,LC0200A,LT1101,10838,CA1
2262,BA Linguistics and Language Applications,LC0200A,LC0200A,10887,T19
2262,BA Linguistics and Language Applications,LC0200A,GE1501,12621,CB2
2263,BA Linguistics and Language Applications,LC0200A,LT1101,10838,CA1
2263,BA Linguistics and Language Applications,LC0200A,LC0200A,10876,T07
2263,BA Linguistics and Language Applications,LC0200A,GE1501,12619,C14
2264,BA Linguistics and Language Applications,LC0200A,LT1101,10838,CA1
2264,BA Linguistics and Language Applications,LC0200A,LC0200A,10893,T25
2264,BA Linguistics and Language Applications,LC0200A,GE1501,12513,C10
2265,BA Linguistics and Language Applications,LC0200A,LC0200A,10884,T15
2265,BA Linguistics and Language Applications,LC0200A,GE1501,12620,C15
2265,BA Linguistics and Language Applications,LC0200A,LT1101,15755,CF1
2266,BA Linguistics and Language Applications,LC0200A,LC0200A,10877,T08
2266,BA Linguistics and Language Applications,LC0200A,LT1101,11475,CC1
2266,BA Linguistics and Language Applications,LC0200A,GE1501,12619,C14
2267,BA Linguistics and Language Applications,LC0200A,LC0200A,10891,T23
2267,BA Linguistics and Language Applications,LC0200A,LT1101,11475,CC1
2267,BA Linguistics and Language Applications,LC0200A,GE1501,12619,C14
2268,BA Linguistics and Language Applications,LC0200A,LT1101,10838,CA1
2268,BA Linguistics and Language Applications,LC0200A,LC0200A,10876,T07
2268,BA Linguistics and Language Applications,LC0200A,GE1501,12619,C14
2269,BA Linguistics and Language Applications,LC0200A,LC0200A,10884,T15
2269,BA Linguistics and Language Applications,LC0200A,GE1501,12620,C15
2269,BA Linguistics and Language Applications,LC0200A,LT1101,15755,CF1
2270,BA Media and Communication,GE1401,GE1401,11497,T81
2270,BA Media and Communication,GE1401,COM2105,11637,CD1
2271,BA Media and Communication,GE1401,GE1401,10720,T53
2271,BA Media and Communication,GE1401,COM2105,11637,CD1
2272,BA Media and Communication,GE1401,GE1401,10717,T48
2272,BA Media and Communication,GE1401,COM2105,11637,CD1
2273,BA Media and Communication,GE1401,GE1401,11504,T90
2273,BA Media and Communication,GE1401,COM2105,11637,CD1
2274,BA Media and Communication,GE1401,GE1401,10720,T53
2274,BA Media and Communication,GE1401,COM2105,11637,CD1
2275,BA Media and Communication,GE1401,GE1401,10706,T31
2275,BA Media and Communication,GE1401,COM2105,11637,CD1
2276,BA Media and Communication,GE1401,COM2105,11637,CD1
2276,BA Media and Communication,GE1401,GE1401,15601,T28
2277,BA Media and Communication,GE1401,GE1401,10705,T30
2277,BA Media and Communication,GE1401,COM2105,11637,CD1
2278,BA Media and Communication,GE1401,COM2105,11637,CD1
2278,BA Media and Communication,GE1401,GE1401,15601,T28
2279,BA Media and Communication,GE1401,COM2105,11637,CD1
2279,BA Media and Communication,GE1401,GE1401,12814,T91
2280,BA Media and Communication,GE1401,COM2105,11637,CD1
2280,BA Media and Communication,GE1401,GE1401,12122,T35
2281,BA Media and Communication,GE1401,GE1401,10694,T17
2281,BA Media and Communication,GE1401,COM2105,11637,CD1
2282,BA Media and Communication,GE1401,GE1401,11504,T90
2282,BA Media and Communication,GE1401,COM2105,11637,CD1
2283,BA Media and Communication,GE1401,GE1401,11494,T76
2283,BA Media and Communication,GE1401,COM2105,11637,CD1
2284,BA Media and Communication,GE1401,GE1401,10706,T31
2284,BA Media and Communication,GE1401,COM2105,11637,CD1
2285,BA Media and Communication,GE1401,GE1401,10694,T17
2285,BA Media and Communication,GE1401,COM2105,11637,CD1
2286,BA Media and Communication,GE1401,GE1401,10720,T53
2286,BA Media and Communication,GE1401,COM2105,11637,CD1
2287,BA Media and Communication,GE1401,COM2105,11637,CD1
2287,BA Media and Communication,GE1401,GE1401,12122,T35
2288,BA Media and Communication,GE1401,GE1401,11494,T76
2288,BA Media and Communication,GE1401,COM2105,11637,CD1
2289,BA Media and Communication,GE1401,GE1401,10706,T31
2289,BA Media and Communication,GE1401,COM2105,11637,CD1
2290,BA Media and Communication,GE1401,COM2105,11637,CD1
2290,BA Media and Communication,GE1401,GE1401,12733,T62
2291,BA Media and Communication,GE1401,COM2105,11637,CD1
2291,BA Media and Communication,GE1401,GE1401,14271,TB8
2292,BA Media and Communication,GE1401,GE1401,10694,T17
2292,BA Media and Communication,GE1401,COM2105,11637,CD1
2293,BA Media and Communication,GE1401,GE1401,11494,T76
2293,BA Media and Communication,GE1401,COM2105,11637,CD1
2294,BA Media and Communication,GE1401,GE1401,10706,T31
2294,BA Media and Communication,GE1401,COM2105,11637,CD1
2295,BA Media and Communication,GE1401,COM2105,11637,CD1
2295,BA Media and Communication,GE1401,GE1401,12119,T18
2296,BA Media and Communication,GE1401,COM2105,11637,CD1
2296,BA Media and Communication,GE1401,GE1401,12734,T71
2297,BA Media and Communication,GE1401,COM2105,11637,CD1
2297,BA Media and Communication,GE1401,GE1401,12122,T35
2298,BA Media and Communication,GE1401,COM2105,11637,CD1
2298,BA Media and Communication,GE1401,GE1401,12398,T70
2299,BA Media and Communication,GE1401,GE1401,11497,T81
2299,BA Media and Communication,GE1401,COM2105,11637,CD1
2300,BA Media and Communication,GE1401,COM2105,11637,CD1
2300,BA Media and Communication,GE1401,GE1401,12733,T62
2301,BA Media and Communication,GE1401,COM2105,11637,CD1
2301,BA Media and Communication,GE1401,GE1401,15600,T14
2302,BA Media and Communication,GE1401,GE1401,11451,T68
2302,BA Media and Communication,GE1401,COM2105,11637,CD1
2303,BA Media and Communication,GE1401,COM2105,11637,CD1
2303,BA Media and Communication,GE1401,GE1401,12398,T70
2304,BA Media and Communication,GE1401,COM2105,11637,CD1
2304,BA Media and Communication,GE1401,GE1401,12398,T70
2305,BA Media and Communication,GE1401,COM2105,11637,CD1
2305,BA Media and Communication,GE1401,GE1401,12397,T51
2306,BA Media and Communication,GE1401,COM2105,11637,CD1
2306,BA Media and Communication,GE1401,GE1401,14271,TB8
2307,BA Media and Communication,GE1401,COM2105,11637,CD1
2307,BA Media and Communication,GE1401,GE1401,15602,T58
2308,BA Media and Communication,GE1401,GE1401,10686,T09
2308,BA Media and Communication,GE1401,COM2105,11637,CD1
2309,BA Media and Communication,GE1401,GE1401,10682,T05
2309,BA Media and Communication,GE1401,COM2105,11637,CD1
2310,BA Media and Communication,GE1401,COM2105,11637,CD1
2310,BA Media and Communication,GE1401,GE1401,12119,T18
2311,BA Media and Communication,GE1401,COM2105,11637,CD1
2311,BA Media and Communication,GE1401,GE1401,15602,T58
2312,BA Media and Communication,GE1401,GE1401,11504,T90
2312,BA Media and Communication,GE1401,COM2105,11637,CD1
2313,BA Media and Communication,GE1401,COM2105,11637,CD1
2313,BA Media and Communication,GE1401,GE1401,12734,T71
2314,BA Media and Communication,GE1401,GE1401,10706,T31
2314,BA Media and Communication,GE1401,COM2105,11637,CD1
2315,BA Media and Communication,GE1401,COM2105,11637,CD1
2315,BA Media and Communication,GE1401,GE1401,12398,T70
2316,BA Media and Communication,LC0200A,LC0200A,10882,T13
2316,BA Media and Communication,LC0200A,COM2105,11637,CD1
2317,BA Media and Communication,LC0200A,LC0200A,11030,T31
2317,BA Media and Communication,LC0200A,COM2105,11637,CD1
2318,BA Media and Communication,LC0200A,LC0200A,10890,T22
2318,BA Media and Communication,LC0200A,COM2105,11637,CD1
2319,BA Media and Communication,LC0200A,LC0200A,10888,T20
2319,BA Media and Communication,LC0200A,COM2105,11637,CD1
2320,BA Media and Communication,LC0200A,LC0200A,10889,T21
2320,BA Media and Communication,LC0200A,COM2105,11637,CD1
2321,BA Media and Communication,LC0200A,LC0200A,10882,T13
2321,BA Media and Communication,LC0200A,COM2105,11637,CD1
2322,BA Media and Communication,LC0200A,LC0200A,11030,T31
2322,BA Media and Communication,LC0200A,COM2105,11637,CD1
2323,BA Media and Communication,LC0200A,LC0200A,10882,T13
2323,BA Media and Communication,LC0200A,COM2105,11637,CD1
2324,BA Media and Communication,LC0200A,LC0200A,10882,T13
2324,BA Media and Communication,LC0200A,COM2105,11637,CD1
2325,BA Media and Communication,LC0200A,LC0200A,10882,T13
2325,BA Media and Communication,LC0200A,COM2105,11637,CD1
2326,BA Media and Communication,LC0200A,LC0200A,10889,T21
2326,BA Media and Communication,LC0200A,COM2105,11637,CD1
2327,BA Media and Communication,LC0200A,LC0200A,10888,T20
2327,BA Media and Communication,LC0200A,COM2105,11637,CD1
2328,BA Media and Communication,LC0200A,COM2105,11637,CD1
2328,BA Media and Communication,LC0200A,LC0200A,11976,T37
2329,BA Media and Communication,LC0200A,LC0200A,11030,T31
2329,BA Media and Communication,LC0200A,COM2105,11637,CD1
2330,BA Media and Communication,LC0200A,LC0200A,10882,T13
2330,BA Media and Communication,LC0200A,COM2105,11637,CD1
2331,BA Media and Communication,LC0200A,LC0200A,10890,T22
2331,BA Media and Communication,LC0200A,COM2105,11637,CD1
2332,BA Media and Communication,LC0200A,LC0200A,10889,T21
2332,BA Media and Communication,LC0200A,COM2105,11637,CD1
2333,BA Media and Communication,LC0200A,LC0200A,11030,T31
2333,BA Media and Communication,LC0200A,COM2105,11637,CD1
2334,BA Media and Communication,LC0200A,LC0200A,10880,T11
2334,BA Media and Communication,LC0200A,COM2105,11637,CD1
2335,BA Media and Communication,LC0200A,LC0200A,10890,T22
2335,BA Media and Communication,LC0200A,COM2105,11637,CD1
2336,BA Digital Television and Broadcasting,GE1401,GE1401,11504,T90
2336,BA Digital Television and Broadcasting,GE1401,COM2105,11637,CD1
2337,BA Digital Television and Broadcasting,GE1401,COM2105,11637,CD1
2337,BA Digital Television and Broadcasting,GE1401,GE1401,15602,T58
2338,BA Digital Television and Broadcasting,GE1401,GE1401,10682,T05
2338,BA Digital Television and Broadcasting,GE1401,COM2105,11637,CD1
2339,BA Digital Television and Broadcasting,GE1401,GE1401,11504,T90
2339,BA Digital Television and Broadcasting,GE1401,COM2105,11637,CD1
2340,BA Digital Television and Broadcasting,GE1401,GE1401,10720,T53
2340,BA Digital Television and Broadcasting,GE1401,COM2105,11637,CD1
2341,BA Digital Television and Broadcasting,GE1401,GE1401,10706,T31
2341,BA Digital Television and Broadcasting,GE1401,COM2105,11637,CD1
2342,BA Digital Television and Broadcasting,GE1401,GE1401,10682,T05
2342,BA Digital Television and Broadcasting,GE1401,COM2105,11637,CD1
2343,BA Digital Television and Broadcasting,GE1401,GE1401,10706,T31
2343,BA Digital Television and Broadcasting,GE1401,COM2105,11637,CD1
2344,BA Digital Television and Broadcasting,GE1401,GE1401,10706,T31
2344,BA Digital Television and Broadcasting,GE1401,COM2105,11637,CD1
2345,BA Digital Television and Broadcasting,GE1401,GE1401,10722,T55
2345,BA Digital Television and Broadcasting,GE1401,COM2105,11637,CD1
2346,BA Digital Television and Broadcasting,GE1401,GE1401,11451,T68
2346,BA Digital Television and Broadcasting,GE1401,COM2105,11637,CD1
2347,BA Digital Television and Broadcasting,GE1401,GE1401,10706,T31
2347,BA Digital Television and Broadcasting,GE1401,COM2105,11637,CD1
2348,BA Digital Television and Broadcasting,GE1401,COM2105,11637,CD1
2348,BA Digital Television and Broadcasting,GE1401,GE1401,12734,T71
2349,BA Digital Television and Broadcasting,GE1401,COM2105,11637,CD1
2349,BA Digital Television and Broadcasting,GE1401,GE1401,12122,T35
2350,BA Digital Television and Broadcasting,GE1401,GE1401,10720,T53
2350,BA Digital Television and Broadcasting,GE1401,COM2105,11637,CD1
2351,BA Digital Television and Broadcasting,GE1401,GE1401,10694,T17
2351,BA Digital Television and Broadcasting,GE1401,COM2105,11637,CD1
2352,BA Digital Television and Broadcasting,GE1401,GE1401,10714,T43
2352,BA Digital Television and Broadcasting,GE1401,COM2105,11637,CD1
2353,BA Digital Television and Broadcasting,GE1401,GE1401,10706,T31
2353,BA Digital Television and Broadcasting,GE1401,COM2105,11637,CD1
2354,BA Digital Television and Broadcasting,GE1401,COM2105,11637,CD1
2354,BA Digital Television and Broadcasting,GE1401,GE1401,12122,T35
2355,BA Digital Television and Broadcasting,LC0200A,LC0200A,10888,T20
2355,BA Digital Television and Broadcasting,LC0200A,COM2105,11637,CD1
2356,BA Digital Television and Broadcasting,LC0200A,LC0200A,10887,T19
2356,BA Digital Television and Broadcasting,LC0200A,COM2105,11637,CD1
2357,BA Digital Television and Broadcasting,LC0200A,LC0200A,10887,T19
2357,BA Digital Television and Broadcasting,LC0200A,COM2105,11637,CD1
2358,BA Digital Television and Broadcasting,LC0200A,LC0200A,10890,T22
2358,BA Digital Television and Broadcasting,LC0200A,COM2105,11637,CD1
2359,BA Digital Television and Broadcasting,LC0200A,LC0200A,10888,T20
2359,BA Digital Television and Broadcasting,LC0200A,COM2105,11637,CD1
2360,BA Digital Television and Broadcasting,LC0200A,LC0200A,10888,T20
2360,BA Digital Television and Broadcasting,LC0200A,COM2105,11637,CD1
2361,BA Digital Television and Broadcasting,LC0200A,LC0200A,10888,T20
2361,BA Digital Television and Broadcasting,LC0200A,COM2105,11637,CD1
2362,BA Digital Television and Broadcasting,LC0200A,LC0200A,11030,T31
2362,BA Digital Television and Broadcasting,LC0200A,COM2105,11637,CD1
2363,BSocSc International Relations and Global Affairs,GE1401,GE1401,11494,T76
2363,BSocSc International Relations and Global Affairs,GE1401,PIA2050,12745,CC1
2364,BSocSc International Relations and Global Affairs,GE1401,GE1401,11504,T90
2364,BSocSc International Relations and Global Affairs,GE1401,PIA2050,12745,CC1
2365,BSocSc International Relations and Global Affairs,GE1401,GE1401,10706,T31
2365,BSocSc International Relations and Global Affairs,GE1401,PIA2050,12613,CD1
2366,BSocSc International Relations and Global Affairs,GE1401,PIA2050,12614,CB1
2366,BSocSc International Relations and Global Affairs,GE1401,GE1401,12814,T91
2367,BSocSc International Relations and Global Affairs,GE1401,GE1401,11451,T68
2367,BSocSc International Relations and Global Affairs,GE1401,PIA2050,12613,CD1
2368,BSocSc International Relations and Global Affairs,GE1401,PIA2050,12614,CB1
2368,BSocSc International Relations and Global Affairs,GE1401,GE1401,12814,T91
2369,BSocSc International Relations and Global Affairs,GE1401,GE1401,10685,T08
2369,BSocSc International Relations and Global Affairs,GE1401,PIA2050,12613,CD1
2370,BSocSc International Relations and Global Affairs,GE1401,GE1401,11491,T69
2370,BSocSc International Relations and Global Affairs,GE1401,PIA2050,12614,CB1
2371,BSocSc International Relations and Global Affairs,GE1401,GE1401,10714,T43
2371,BSocSc International Relations and Global Affairs,GE1401,PIA2050,12614,CB1
2372,BSocSc International Relations and Global Affairs,GE1401,GE1401,10688,T11
2372,BSocSc International Relations and Global Affairs,GE1401,PIA2050,12614,CB1
2373,BSocSc International Relations and Global Affairs,GE1401,GE1401,10706,T31
2373,BSocSc International Relations and Global Affairs,GE1401,PIA2050,12613,CD1
2374,BSocSc International Relations and Global Affairs,GE1401,PIA2050,12745,CC1
2374,BSocSc International Relations and Global Affairs,GE1401,GE1401,14271,TB8
2375,BSocSc International Relations and Global Affairs,GE1401,PIA2050,12614,CB1
2375,BSocSc International Relations and Global Affairs,GE1401,GE1401,15602,T58
2376,BSocSc International Relations and Global Affairs,GE1401,PIA2050,12614,CB1
2376,BSocSc International Relations and Global Affairs,GE1401,GE1401,15205,TC5
2377,BSocSc International Relations and Global Affairs,GE1401,PIA2050,12614,CB1
2377,BSocSc International Relations and Global Affairs,GE1401,GE1401,14271,TB8
2378,BSocSc International Relations and Global Affairs,GE1401,GE1401,10685,T08
2378,BSocSc International Relations and Global Affairs,GE1401,PIA2050,12613,CD1
2379,BSocSc International Relations and Global Affairs,GE1401,PIA2050,12614,CB1
2379,BSocSc International Relations and Global Affairs,GE1401,GE1401,15205,TC5
2380,BSocSc International Relations and Global Affairs,GE1401,GE1401,10688,T11
2380,BSocSc International Relations and Global Affairs,GE1401,PIA2050,12614,CB1
2381,BSocSc International Relations and Global Affairs,GE1401,GE1401,12398,T70
2381,BSocSc International Relations and Global Affairs,GE1401,PIA2050,12613,CD1
2382,BSocSc International Relations and Global Affairs,GE1401,PIA2050,12614,CB1
2382,BSocSc International Relations and Global Affairs,GE1401,GE1401,14271,TB8
2383,BSocSc International Relations and Global Affairs,GE1401,GE1401,12124,T49
2383,BSocSc International Relations and Global Affairs,GE1401,PIA2050,12614,CB1
2384,BSocSc International Relations and Global Affairs,GE1401,GE1401,10688,T11
2384,BSocSc International Relations and Global Affairs,GE1401,PIA2050,12614,CB1
2385,BSocSc International Relations and Global Affairs,GE1401,GE1401,10688,T11
2385,BSocSc International Relations and Global Affairs,GE1401,PIA2050,12745,CC1
2386,BSocSc International Relations and Global Affairs,GE1401,GE1401,10688,T11
2386,BSocSc International Relations and Global Affairs,GE1401,PIA2050,12614,CB1
2387,BSocSc International Relations and Global Affairs,GE1401,GE1401,12124,T49
2387,BSocSc International Relations and Global Affairs,GE1401,PIA2050,12614,CB1
2388,BSocSc International Relations and Global Affairs,GE1401,GE1401,10706,T31
2388,BSocSc International Relations and Global Affairs,GE1401,PIA2050,12613,CD1
2389,BSocSc International Relations and Global Affairs,GE1401,GE1401,11494,T76
2389,BSocSc International Relations and Global Affairs,GE1401,PIA2050,12745,CC1
2390,BSocSc International Relations and Global Affairs,GE1401,GE1401,12119,T18
2390,BSocSc International Relations and Global Affairs,GE1401,PIA2050,12614,CB1
2391,BSocSc International Relations and Global Affairs,GE1401,GE1401,12119,T18
2391,BSocSc International Relations and Global Affairs,GE1401,PIA2050,12614,CB1
2392,BSocSc International Relations and Global Affairs,GE1401,GE1401,10714,T43
2392,BSocSc International Relations and Global Affairs,GE1401,PIA2050,12614,CB1
2393,BSocSc International Relations and Global Affairs,GE1401,GE1401,11497,T81
2393,BSocSc International Relations and Global Affairs,GE1401,PIA2050,12614,CB1
2394,BSocSc International Relations and Global Affairs,GE1401,GE1401,12124,T49
2394,BSocSc International Relations and Global Affairs,GE1401,PIA2050,12614,CB1
2395,BSocSc International Relations and Global Affairs,GE1401,GE1401,12121,T33
2395,BSocSc International Relations and Global Affairs,GE1401,PIA2050,12614,CB1
2396,BSocSc International Relations and Global Affairs,LC0200A,LC0200A,10885,T16
2396,BSocSc International Relations and Global Affairs,LC0200A,PIA2050,12614,CB1
2397,BSocSc International Relations and Global Affairs,LC0200A,LC0200A,10862,T02
2397,BSocSc International Relations and Global Affairs,LC0200A,PIA2050,12614,CB1
2398,BSocSc International Relations and Global Affairs,LC0200A,LC0200A,11030,T31
2398,BSocSc International Relations and Global Affairs,LC0200A,PIA2050,12613,CD1
2399,BSocSc International Relations and Global Affairs,LC0200A,LC0200A,10882,T13
2399,BSocSc International Relations and Global Affairs,LC0200A,PIA2050,12613,CD1
2400,BSocSc International Relations and Global Affairs,LC0200A,LC0200A,11030,T31
2400,BSocSc International Relations and Global Affairs,LC0200A,PIA2050,12613,CD1
2401,BSocSc International Relations and Global Affairs,LC0200A,LC0200A,10862,T02
2401,BSocSc International Relations and Global Affairs,LC0200A,PIA2050,12614,CB1
2402,BSocSc International Relations and Global Affairs,LC0200A,LC0200A,10888,T20
2402,BSocSc International Relations and Global Affairs,LC0200A,PIA2050,12614,CB1
2403,BSocSc International Relations and Global Affairs,LC0200A,LC0200A,10885,T16
2403,BSocSc International Relations and Global Affairs,LC0200A,PIA2050,12614,CB1
2404,BSocSc International Relations and Global Affairs,LC0200A,LC0200A,10889,T21
2404,BSocSc International Relations and Global Affairs,LC0200A,PIA2050,12614,CB1
2405,BSocSc International Relations and Global Affairs,LC0200A,LC0200A,10889,T21
2405,BSocSc International Relations and Global Affairs,LC0200A,PIA2050,12614,CB1
2406,BSocSc International Relations and Global Affairs,LC0200A,LC0200A,11173,T33
2406,BSocSc International Relations and Global Affairs,LC0200A,PIA2050,12614,CB1
2407,BSocSc International Relations and Global Affairs,LC0200A,LC0200A,10889,T21
2407,BSocSc International Relations and Global Affairs,LC0200A,PIA2050,12614,CB1
2408,BSocSc International Relations and Global Affairs,LC0200A,LC0200A,10863,T03
2408,BSocSc International Relations and Global Affairs,LC0200A,PIA2050,12614,CB1
2409,BSocSc International Relations and Global Affairs,LC0200A,LC0200A,10862,T02
2409,BSocSc International Relations and Global Affairs,LC0200A,PIA2050,12614,CB1
2410,BSocSc International Relations and Global Affairs,LC0200A,LC0200A,10863,T03
2410,BSocSc International Relations and Global Affairs,LC0200A,PIA2050,12614,CB1
2411,BSocSc Public Affairs and Management,GE1401,PIA2530,10861,CA1
2411,BSocSc Public Affairs and Management,GE1401,PIA2307,11055,CA1
2411,BSocSc Public Affairs and Management,GE1401,GE1401,13576,TB5
2412,BSocSc Public Affairs and Management,GE1401,PIA2530,10861,CA1
2412,BSocSc Public Affairs and Management,GE1401,PIA2307,11055,CA1
2412,BSocSc Public Affairs and Management,GE1401,GE1401,11493,T75
2413,BSocSc Public Affairs and Management,GE1401,PIA2530,10861,CA1
2413,BSocSc Public Affairs and Management,GE1401,PIA2307,11056,CB1
2413,BSocSc Public Affairs and Management,GE1401,GE1401,11504,T90
2414,BSocSc Public Affairs and Management,GE1401,GE1401,10727,T60
2414,BSocSc Public Affairs and Management,GE1401,PIA2307,11057,CC1
2414,BSocSc Public Affairs and Management,GE1401,PIA2530,12096,CC1
2415,BSocSc Public Affairs and Management,GE1401,PIA2530,10861,CA1
2415,BSocSc Public Affairs and Management,GE1401,PIA2307,11056,CB1
2415,BSocSc Public Affairs and Management,GE1401,GE1401,11504,T90
2416,BSocSc Public Affairs and Management,GE1401,PIA2530,10861,CA1
2416,BSocSc Public Affairs and Management,GE1401,PIA2307,11055,CA1
2416,BSocSc Public Affairs and Management,GE1401,GE1401,15205,TC5
2417,BSocSc Public Affairs and Management,GE1401,GE1401,10706,T31
2417,BSocSc Public Affairs and Management,GE1401,PIA2307,11057,CC1
2417,BSocSc Public Affairs and Management,GE1401,PIA2530,12096,CC1
2418,BSocSc Public Affairs and Management,GE1401,PIA2530,10861,CA1
2418,BSocSc Public Affairs and Management,GE1401,PIA2307,11055,CA1
2418,BSocSc Public Affairs and Management,GE1401,GE1401,12119,T18
2419,BSocSc Public Affairs and Management,GE1401,PIA2530,10861,CA1
2419,BSocSc Public Affairs and Management,GE1401,PIA2307,11055,CA1
2419,BSocSc Public Affairs and Management,GE1401,GE1401,12734,T71
2420,BSocSc Public Affairs and Management,GE1401,GE1401,10714,T43
2420,BSocSc Public Affairs and Management,GE1401,PIA2530,10861,CA1
2420,BSocSc Public Affairs and Management,GE1401,PIA2307,11055,CA1
2421,BSocSc Public Affairs and Management,GE1401,PIA2530,10861,CA1
2421,BSocSc Public Affairs and Management,GE1401,PIA2307,11055,CA1
2421,BSocSc Public Affairs and Management,GE1401,GE1401,11499,T85
2422,BSocSc Public Affairs and Management,GE1401,PIA2530,10861,CA1
2422,BSocSc Public Affairs and Management,GE1401,PIA2307,11055,CA1
2422,BSocSc Public Affairs and Management,GE1401,GE1401,12734,T71
2423,BSocSc Public Affairs and Management,GE1401,PIA2530,10861,CA1
2423,BSocSc Public Affairs and Management,GE1401,PIA2307,11055,CA1
2423,BSocSc Public Affairs and Management,GE1401,GE1401,12119,T18
2424,BSocSc Public Affairs and Management,GE1401,PIA2307,11056,CB1
2424,BSocSc Public Affairs and Management,GE1401,PIA2530,12090,CB1
2424,BSocSc Public Affairs and Management,GE1401,GE1401,12398,T70
2425,BSocSc Public Affairs and Management,GE1401,PIA2530,10861,CA1
2425,BSocSc Public Affairs and Management,GE1401,PIA2307,11055,CA1
2425,BSocSc Public Affairs and Management,GE1401,GE1401,12397,T51
2426,BSocSc Public Affairs and Management,GE1401,PIA2530,10861,CA1
2426,BSocSc Public Affairs and Management,GE1401,PIA2307,11055,CA1
2426,BSocSc Public Affairs and Management,GE1401,GE1401,12119,T18
2427,BSocSc Public Affairs and Management,GE1401,PIA2530,10861,CA1
2427,BSocSc Public Affairs and Management,GE1401,PIA2307,11055,CA1
2427,BSocSc Public Affairs and Management,GE1401,GE1401,11507,T80
2428,BSocSc Public Affairs and Management,GE1401,PIA2530,10861,CA1
2428,BSocSc Public Affairs and Management,GE1401,PIA2307,11056,CB1
2428,BSocSc Public Affairs and Management,GE1401,GE1401,14271,TB8
2429,BSocSc Public Affairs and Management,GE1401,PIA2530,10861,CA1
2429,BSocSc Public Affairs and Management,GE1401,PIA2307,11055,CA1
2429,BSocSc Public Affairs and Management,GE1401,GE1401,11493,T75
2430,BSocSc Public Affairs and Management,GE1401,GE1401,10685,T08
2430,BSocSc Public Affairs and Management,GE1401,PIA2307,11057,CC1
2430,BSocSc Public Affairs and Management,GE1401,PIA2530,12096,CC1
2431,BSocSc Public Affairs and Management,GE1401,PIA2307,11056,CB1
2431,BSocSc Public Affairs and Management,GE1401,PIA2530,12090,CB1
2431,BSocSc Public Affairs and Management,GE1401,GE1401,12398,T70
2432,BSocSc Public Affairs and Management,GE1401,PIA2530,10861,CA1
2432,BSocSc Public Affairs and Management,GE1401,PIA2307,11055,CA1
2432,BSocSc Public Affairs and Management,GE1401,GE1401,13576,TB5
2433,BSocSc Public Affairs and Management,GE1401,PIA2307,11056,CB1
2433,BSocSc Public Affairs and Management,GE1401,PIA2530,12090,CB1
2433,BSocSc Public Affairs and Management,GE1401,GE1401,12398,T70
2434,BSocSc Public Affairs and Management,GE1401,PIA2530,10861,CA1
2434,BSocSc Public Affairs and Management,GE1401,PIA2307,11055,CA1
2434,BSocSc Public Affairs and Management,GE1401,GE1401,12119,T18
2435,BSocSc Public Affairs and Management,GE1401,PIA2530,10861,CA1
2435,BSocSc Public Affairs and Management,GE1401,PIA2307,11056,CB1
2435,BSocSc Public Affairs and Management,GE1401,GE1401,11494,T76
2436,BSocSc Public Affairs and Management,GE1401,PIA2307,11057,CC1
2436,BSocSc Public Affairs and Management,GE1401,PIA2530,12096,CC1
2436,BSocSc Public Affairs and Management,GE1401,GE1401,12735,T74
2437,BSocSc Public Affairs and Management,GE1401,PIA2530,10861,CA1
2437,BSocSc Public Affairs and Management,GE1401,PIA2307,11055,CA1
2437,BSocSc Public Affairs and Management,GE1401,GE1401,13576,TB5
2438,BSocSc Public Affairs and Management,GE1401,PIA2307,11057,CC1
2438,BSocSc Public Affairs and Management,GE1401,GE1401,11451,T68
2438,BSocSc Public Affairs and Management,GE1401,PIA2530,12096,CC1
2439,BSocSc Public Affairs and Management,GE1401,PIA2530,10861,CA1
2439,BSocSc Public Affairs and Management,GE1401,PIA2307,11055,CA1
2439,BSocSc Public Affairs and Management,GE1401,GE1401,15183,TC4
2440,BSocSc Public Affairs and Management,GE1401,GE1401,10728,T61
2440,BSocSc Public Affairs and Management,GE1401,PIA2530,10861,CA1
2440,BSocSc Public Affairs and Management,GE1401,PIA2307,11055,CA1
2441,BSocSc Public Affairs and Management,GE1401,GE1401,10727,T60
2441,BSocSc Public Affairs and Management,GE1401,PIA2307,11057,CC1
2441,BSocSc Public Affairs and Management,GE1401,PIA2530,12096,CC1
2442,BSocSc Public Affairs and Management,GE1401,GE1401,10706,T31
2442,BSocSc Public Affairs and Management,GE1401,PIA2307,11057,CC1
2442,BSocSc Public Affairs and Management,GE1401,PIA2530,12096,CC1
2443,BSocSc Public Affairs and Management,GE1401,PIA2530,10861,CA1
2443,BSocSc Public Affairs and Management,GE1401,PIA2307,11056,CB1
2443,BSocSc Public Affairs and Management,GE1401,GE1401,11494,T76
2444,BSocSc Public Affairs and Management,GE1401,GE1401,10727,T60
2444,BSocSc Public Affairs and Management,GE1401,PIA2307,11057,CC1
2444,BSocSc Public Affairs and Management,GE1401,PIA2530,12096,CC1
2445,BSocSc Public Affairs and Management,GE1401,PIA2530,10861,CA1
2445,BSocSc Public Affairs and Management,GE1401,PIA2307,11055,CA1
2445,BSocSc Public Affairs and Management,GE1401,GE1401,13576,TB5
2446,BSocSc Public Affairs and Management,GE1401,GE1401,10714,T43
2446,BSocSc Public Affairs and Management,GE1401,PIA2530,10861,CA1
2446,BSocSc Public Affairs and Management,GE1401,PIA2307,11055,CA1
2447,BSocSc Public Affairs and Management,GE1401,GE1401,10708,T34
2447,BSocSc Public Affairs and Management,GE1401,PIA2530,10861,CA1
2447,BSocSc Public Affairs and Management,GE1401,PIA2307,11055,CA1
2448,BSocSc Public Affairs and Management,GE1401,PIA2530,10861,CA1
2448,BSocSc Public Affairs and Management,GE1401,PIA2307,11056,CB1
2448,BSocSc Public Affairs and Management,GE1401,GE1401,14271,TB8
2449,BSocSc Public Affairs and Management,GE1401,PIA2307,11057,CC1
2449,BSocSc Public Affairs and Management,GE1401,GE1401,11451,T68
2449,BSocSc Public Affairs and Management,GE1401,PIA2530,12096,CC1
2450,BSocSc Public Affairs and Management,LC0200A,PIA2530,10861,CA1
2450,BSocSc Public Affairs and Management,LC0200A,PIA2307,11056,CB1
2450,BSocSc Public Affairs and Management,LC0200A,LC0200A,11976,T37
2451,BSocSc Public Affairs and Management,LC0200A,LC0200A,11030,T31
2451,BSocSc Public Affairs and Management,LC0200A,PIA2307,11056,CB1
2451,BSocSc Public Affairs and Management,LC0200A,PIA2530,12090,CB1
2452,BSocSc Public Affairs and Management,LC0200A,PIA2530,10861,CA1
2452,BSocSc Public Affairs and Management,LC0200A,LC0200A,11030,T31
2452,BSocSc Public Affairs and Management,LC0200A,PIA2307,11056,CB1
2453,BSocSc Public Affairs and Management,LC0200A,PIA2530,10861,CA1
2453,BSocSc Public Affairs and Management,LC0200A,LC0200A,10889,T21
2453,BSocSc Public Affairs and Management,LC0200A,PIA2307,11055,CA1
2454,BSocSc Public Affairs and Management,LC0200A,LC0200A,10882,T13
2454,BSocSc Public Affairs and Management,LC0200A,PIA2307,11057,CC1
2454,BSocSc Public Affairs and Management,LC0200A,PIA2530,12096,CC1
2455,BSocSc Public Affairs and Management,LC0200A,LC0200A,10882,T13
2455,BSocSc Public Affairs and Management,LC0200A,PIA2307,11057,CC1
2455,BSocSc Public Affairs and Management,LC0200A,PIA2530,12096,CC1
2456,BSocSc Public Affairs and Management,LC0200A,PIA2530,10861,CA1
2456,BSocSc Public Affairs and Management,LC0200A,PIA2307,11056,CB1
2456,BSocSc Public Affairs and Management,LC0200A,LC0200A,11976,T37
2457,BSocSc Public Affairs and Management,LC0200A,PIA2530,10861,CA1
2457,BSocSc Public Affairs and Management,LC0200A,LC0200A,10890,T22
2457,BSocSc Public Affairs and Management,LC0200A,PIA2307,11055,CA1
2458,BSocSc Public Affairs and Management,LC0200A,PIA2530,10861,CA1
2458,BSocSc Public Affairs and Management,LC0200A,PIA2307,11055,CA1
2458,BSocSc Public Affairs and Management,LC0200A,LC0200A,11173,T33
2459,BSocSc Public Affairs and Management,LC0200A,PIA2530,10861,CA1
2459,BSocSc Public Affairs and Management,LC0200A,PIA2307,11056,CB1
2459,BSocSc Public Affairs and Management,LC0200A,LC0200A,11976,T37
2460,BSocSc Public Affairs and Management,LC0200A,LC0200A,10882,T13
2460,BSocSc Public Affairs and Management,LC0200A,PIA2307,11057,CC1
2460,BSocSc Public Affairs and Management,LC0200A,PIA2530,12096,CC1
2461,BSocSc Public Affairs and Management,LC0200A,LC0200A,10882,T13
2461,BSocSc Public Affairs and Management,LC0200A,PIA2307,11057,CC1
2461,BSocSc Public Affairs and Management,LC0200A,PIA2530,12096,CC1
2462,BSocSc Public Affairs and Management,LC0200A,LC0200A,10882,T13
2462,BSocSc Public Affairs and Management,LC0200A,PIA2307,11057,CC1
2462,BSocSc Public Affairs and Management,LC0200A,PIA2530,12096,CC1
2463,BSocSc Public Affairs and Management,LC0200A,LC0200A,10882,T13
2463,BSocSc Public Affairs and Management,LC0200A,PIA2307,11057,CC1
2463,BSocSc Public Affairs and Management,LC0200A,PIA2530,12096,CC1
2464,BSocSc Public Affairs and Management,LC0200A,PIA2530,10861,CA1
2464,BSocSc Public Affairs and Management,LC0200A,LC0200A,10889,T21
2464,BSocSc Public Affairs and Management,LC0200A,PIA2307,11055,CA1
2465,BSocSc Public Affairs and Management,LC0200A,PIA2530,10861,CA1
2465,BSocSc Public Affairs and Management,LC0200A,LC0200A,10889,T21
2465,BSocSc Public Affairs and Management,LC0200A,PIA2307,11055,CA1
2466,BSocSc Public Affairs and Management,LC0200A,LC0200A,11030,T31
2466,BSocSc Public Affairs and Management,LC0200A,PIA2307,11056,CB1
2466,BSocSc Public Affairs and Management,LC0200A,PIA2530,12090,CB1
2467,BSocSc Public Affairs and Management,LC0200A,PIA2530,10861,CA1
2467,BSocSc Public Affairs and Management,LC0200A,LC0200A,10883,T14
2467,BSocSc Public Affairs and Management,LC0200A,PIA2307,11055,CA1
2468,BSocSc Crime Science,GE1401,SS1011,10999,C01
2468,BSocSc Crime Science,GE1401,SS1011,11004,T04
2468,BSocSc Crime Science,GE1401,SS1101,11006,C01
2468,BSocSc Crime Science,GE1401,GE1401,12124,T49
2469,BSocSc Crime Science,GE1401,SS1011,10999,C01
2469,BSocSc Crime Science,GE1401,SS1011,11005,T05
2469,BSocSc Crime Science,GE1401,SS1101,11006,C01
2469,BSocSc Crime Science,GE1401,GE1401,11494,T76
2470,BSocSc Crime Science,GE1401,SS1011,10999,C01
2470,BSocSc Crime Science,GE1401,SS1011,11005,T05
2470,BSocSc Crime Science,GE1401,SS1101,11007,CJ1
2470,BSocSc Crime Science,GE1401,GE1401,11494,T76
2471,BSocSc Crime Science,GE1401,SS1011,10999,C01
2471,BSocSc Crime Science,GE1401,SS1011,11004,T04
2471,BSocSc Crime Science,GE1401,SS1101,11006,C01
2471,BSocSc Crime Science,GE1401,GE1401,12124,T49
2472,BSocSc Crime Science,GE1401,SS1011,10999,C01
2472,BSocSc Crime Science,GE1401,SS1011,11004,T04
2472,BSocSc Crime Science,GE1401,SS1101,11006,C01
2472,BSocSc Crime Science,GE1401,GE1401,11491,T69
2473,BSocSc Crime Science,GE1401,SS1011,10999,C01
2473,BSocSc Crime Science,GE1401,SS1011,11003,T03
2473,BSocSc Crime Science,GE1401,SS1101,11006,C01
2473,BSocSc Crime Science,GE1401,GE1401,15602,T58
2474,BSocSc Crime Science,GE1401,GE1401,10714,T43
2474,BSocSc Crime Science,GE1401,SS1011,10999,C01
2474,BSocSc Crime Science,GE1401,SS1011,11003,T03
2474,BSocSc Crime Science,GE1401,SS1101,11006,C01
2475,BSocSc Crime Science,GE1401,SS1011,10999,C01
2475,BSocSc Crime Science,GE1401,SS1011,11005,T05
2475,BSocSc Crime Science,GE1401,SS1101,11007,CJ1
2475,BSocSc Crime Science,GE1401,GE1401,12398,T70
2476,BSocSc Crime Science,GE1401,SS1011,10999,C01
2476,BSocSc Crime Science,GE1401,SS1011,11004,T04
2476,BSocSc Crime Science,GE1401,SS1101,11006,C01
2476,BSocSc Crime Science,GE1401,GE1401,11491,T69
2477,BSocSc Crime Science,GE1401,SS1011,10999,C01
2477,BSocSc Crime Science,GE1401,SS1011,11005,T05
2477,BSocSc Crime Science,GE1401,SS1101,11172,CM1
2477,BSocSc Crime Science,GE1401,GE1401,11451,T68
2478,BSocSc Crime Science,GE1401,GE1401,10708,T34
2478,BSocSc Crime Science,GE1401,SS1011,10999,C01
2478,BSocSc Crime Science,GE1401,SS1011,11004,T04
2478,BSocSc Crime Science,GE1401,SS1101,11006,C01
2479,BSocSc Crime Science,GE1401,SS1011,10999,C01
2479,BSocSc Crime Science,GE1401,SS1011,11003,T03
2479,BSocSc Crime Science,GE1401,SS1101,11006,C01
2479,BSocSc Crime Science,GE1401,GE1401,13576,TB5
2480,BSocSc Crime Science,GE1401,SS1011,10999,C01
2480,BSocSc Crime Science,GE1401,SS1011,11002,T02
2480,BSocSc Crime Science,GE1401,SS1101,11006,C01
2480,BSocSc Crime Science,GE1401,GE1401,12734,T71
2481,BSocSc Crime Science,GE1401,SS1011,10999,C01
2481,BSocSc Crime Science,GE1401,SS1011,11005,T05
2481,BSocSc Crime Science,GE1401,SS1101,11007,CJ1
2481,BSocSc Crime Science,GE1401,GE1401,12398,T70
2482,BSocSc Crime Science,GE1401,SS1011,10999,C01
2482,BSocSc Crime Science,GE1401,SS1011,11004,T04
2482,BSocSc Crime Science,GE1401,SS1101,11006,C01
2482,BSocSc Crime Science,GE1401,GE1401,11504,T90
2483,BSocSc Crime Science,GE1401,SS1011,10999,C01
2483,BSocSc Crime Science,GE1401,SS1011,11005,T05
2483,BSocSc Crime Science,GE1401,SS1101,11007,CJ1
2483,BSocSc Crime Science,GE1401,GE1401,12398,T70
2484,BSocSc Crime Science,GE1401,SS1011,10999,C01
2484,BSocSc Crime Science,GE1401,SS1011,11003,T03
2484,BSocSc Crime Science,GE1401,SS1101,11006,C01
2484,BSocSc Crime Science,GE1401,GE1401,12119,T18
2485,BSocSc Crime Science,GE1401,SS1011,10999,C01
2485,BSocSc Crime Science,GE1401,SS1011,11004,T04
2485,BSocSc Crime Science,GE1401,SS1101,11006,C01
2485,BSocSc Crime Science,GE1401,GE1401,12124,T49
2486,BSocSc Crime Science,GE1401,SS1011,10999,C01
2486,BSocSc Crime Science,GE1401,SS1011,11004,T04
2486,BSocSc Crime Science,GE1401,SS1101,11006,C01
2486,BSocSc Crime Science,GE1401,GE1401,12124,T49
2487,BSocSc Crime Science,GE1401,SS1011,10999,C01
2487,BSocSc Crime Science,GE1401,SS1011,11003,T03
2487,BSocSc Crime Science,GE1401,SS1101,11006,C01
2487,BSocSc Crime Science,GE1401,GE1401,12119,T18
2488,BSocSc Crime Science,LC0200A,LC0200A,10893,T25
2488,BSocSc Crime Science,LC0200A,SS1011,10999,C01
2488,BSocSc Crime Science,LC0200A,SS1011,11002,T02
2488,BSocSc Crime Science,LC0200A,SS1101,11006,C01
2489,BSocSc Crime Science,LC0200A,LC0200A,10882,T13
2489,BSocSc Crime Science,LC0200A,SS1101,11172,CM1
2489,BSocSc Crime Science,LC0200A,SS1011,11321,CG1
2489,BSocSc Crime Science,LC0200A,SS1011,11867,TG4
2490,BSocSc Crime Science,LC0200A,SS1011,10999,C01
2490,BSocSc Crime Science,LC0200A,SS1011,11005,T05
2490,BSocSc Crime Science,LC0200A,LC0200A,11030,T31
2490,BSocSc Crime Science,LC0200A,SS1101,11172,CM1
2491,BSocSc Crime Science,LC0200A,LC0200A,10889,T21
2491,BSocSc Crime Science,LC0200A,SS1011,10999,C01
2491,BSocSc Crime Science,LC0200A,SS1011,11003,T03
2491,BSocSc Crime Science,LC0200A,SS1101,11006,C01
2492,BSocSc Crime Science,LC0200A,LC0200A,10889,T21
2492,BSocSc Crime Science,LC0200A,SS1011,10999,C01
2492,BSocSc Crime Science,LC0200A,SS1011,11004,T04
2492,BSocSc Crime Science,LC0200A,SS1101,11006,C01
2493,BSocSc Crime Science,LC0200A,LC0200A,10862,T02
2493,BSocSc Crime Science,LC0200A,SS1011,10999,C01
2493,BSocSc Crime Science,LC0200A,SS1011,11004,T04
2493,BSocSc Crime Science,LC0200A,SS1101,11006,C01
2494,BSocSc Crime Science,LC0200A,LC0200A,10890,T22
2494,BSocSc Crime Science,LC0200A,SS1011,10999,C01
2494,BSocSc Crime Science,LC0200A,SS1011,11002,T02
2494,BSocSc Crime Science,LC0200A,SS1101,11006,C01
2495,BSocSc Crime Science,LC0200A,LC0200A,10864,T04
2495,BSocSc Crime Science,LC0200A,SS1011,10999,C01
2495,BSocSc Crime Science,LC0200A,SS1011,11003,T03
2495,BSocSc Crime Science,LC0200A,SS1101,11006,C01
2496,BSocSc Psychology,GE1401,SS1011,10999,C01
2496,BSocSc Psychology,GE1401,SS1011,11004,T04
2496,BSocSc Psychology,GE1401,SS1101,11006,C01
2496,BSocSc Psychology,GE1401,GE1401,14271,TB8
2497,BSocSc Psychology,GE1401,SS1011,10999,C01
2497,BSocSc Psychology,GE1401,SS1011,11004,T04
2497,BSocSc Psychology,GE1401,SS1101,11006,C01
2497,BSocSc Psychology,GE1401,GE1401,14271,TB8
2498,BSocSc Psychology,GE1401,GE1401,10357,T01
2498,BSocSc Psychology,GE1401,SS1101,11172,CM1
2498,BSocSc Psychology,GE1401,SS1011,11321,CG1
2498,BSocSc Psychology,GE1401,SS1011,11868,TG5
2499,BSocSc Psychology,GE1401,SS1011,10999,C01
2499,BSocSc Psychology,GE1401,SS1011,11005,T05
2499,BSocSc Psychology,GE1401,SS1101,11007,CJ1
2499,BSocSc Psychology,GE1401,GE1401,12398,T70
2500,BSocSc Psychology,GE1401,SS1011,10999,C01
2500,BSocSc Psychology,GE1401,SS1011,11004,T04
2500,BSocSc Psychology,GE1401,SS1101,11006,C01
2500,BSocSc Psychology,GE1401,GE1401,12124,T49
2501,BSocSc Psychology,GE1401,SS1011,10999,C01
2501,BSocSc Psychology,GE1401,SS1011,11005,T05
2501,BSocSc Psychology,GE1401,SS1101,11172,CM1
2501,BSocSc Psychology,GE1401,GE1401,11451,T68
2502,BSocSc Psychology,GE1401,SS1011,10999,C01
2502,BSocSc Psychology,GE1401,SS1011,11004,T04
2502,BSocSc Psychology,GE1401,SS1101,11006,C01
2502,BSocSc Psychology,GE1401,GE1401,14271,TB8
2503,BSocSc Psychology,GE1401,SS1011,10999,C01
2503,BSocSc Psychology,GE1401,SS1011,11004,T04
2503,BSocSc Psychology,GE1401,SS1101,11006,C01
2503,BSocSc Psychology,GE1401,GE1401,14271,TB8
2504,BSocSc Psychology,GE1401,SS1011,10999,C01
2504,BSocSc Psychology,GE1401,SS1011,11003,T03
2504,BSocSc Psychology,GE1401,SS1101,11006,C01
2504,BSocSc Psychology,GE1401,GE1401,12119,T18
2505,BSocSc Psychology,GE1401,SS1011,10999,C01
2505,BSocSc Psychology,GE1401,SS1011,11004,T04
2505,BSocSc Psychology,GE1401,SS1101,11006,C01
2505,BSocSc Psychology,GE1401,GE1401,12397,T51
2506,BSocSc Psychology,GE1401,SS1011,10999,C01
2506,BSocSc Psychology,GE1401,SS1011,11003,T03
2506,BSocSc Psychology,GE1401,SS1101,11006,C01
2506,BSocSc Psychology,GE1401,GE1401,12119,T18
2507,BSocSc Psychology,GE1401,SS1011,10999,C01
2507,BSocSc Psychology,GE1401,SS1011,11003,T03
2507,BSocSc Psychology,GE1401,SS1101,11006,C01
2507,BSocSc Psychology,GE1401,GE1401,12734,T71
2508,BSocSc Psychology,GE1401,SS1011,10999,C01
2508,BSocSc Psychology,GE1401,SS1011,11002,T02
2508,BSocSc Psychology,GE1401,SS1101,11006,C01
2508,BSocSc Psychology,GE1401,GE1401,11497,T81
2509,BSocSc Psychology,GE1401,SS1011,10999,C01
2509,BSocSc Psychology,GE1401,SS1011,11003,T03
2509,BSocSc Psychology,GE1401,SS1101,11006,C01
2509,BSocSc Psychology,GE1401,GE1401,11507,T80
2510,BSocSc Psychology,GE1401,GE1401,10714,T43
2510,BSocSc Psychology,GE1401,SS1011,10999,C01
2510,BSocSc Psychology,GE1401,SS1011,11003,T03
2510,BSocSc Psychology,GE1401,SS1101,11006,C01
2511,BSocSc Psychology,GE1401,GE1401,10723,T56
2511,BSocSc Psychology,GE1401,SS1101,11172,CM1
2511,BSocSc Psychology,GE1401,SS1011,11321,CG1
2511,BSocSc Psychology,GE1401,SS1011,11867,TG4
2512,BSocSc Psychology,GE1401,SS1011,10999,C01
2512,BSocSc Psychology,GE1401,SS1011,11003,T03
2512,BSocSc Psychology,GE1401,SS1101,11006,C01
2512,BSocSc Psychology,GE1401,GE1401,13576,TB5
2513,BSocSc Psychology,GE1401,SS1011,10999,C01
2513,BSocSc Psychology,GE1401,SS1011,11005,T05
2513,BSocSc Psychology,GE1401,SS1101,11172,CM1
2513,BSocSc Psychology,GE1401,GE1401,11451,T68
2514,BSocSc Psychology,GE1401,GE1401,10706,T31
2514,BSocSc Psychology,GE1401,SS1101,11172,CM1
2514,BSocSc Psychology,GE1401,SS1011,11321,CG1
2514,BSocSc Psychology,GE1401,SS1011,11322,TG1
2515,BSocSc Psychology,GE1401,GE1401,10728,T61
2515,BSocSc Psychology,GE1401,SS1011,10999,C01
2515,BSocSc Psychology,GE1401,SS1011,11004,T04
2515,BSocSc Psychology,GE1401,SS1101,11006,C01
2516,BSocSc Psychology,GE1401,SS1011,10999,C01
2516,BSocSc Psychology,GE1401,SS1011,11005,T05
2516,BSocSc Psychology,GE1401,SS1101,11172,CM1
2516,BSocSc Psychology,GE1401,GE1401,15601,T28
2517,BSocSc Psychology,GE1401,SS1101,11172,CM1
2517,BSocSc Psychology,GE1401,SS1011,11321,CG1
2517,BSocSc Psychology,GE1401,SS1011,11323,TG2
2517,BSocSc Psychology,GE1401,GE1401,12735,T74
2518,BSocSc Psychology,GE1401,SS1011,10999,C01
2518,BSocSc Psychology,GE1401,SS1011,11002,T02
2518,BSocSc Psychology,GE1401,SS1101,11006,C01
2518,BSocSc Psychology,GE1401,GE1401,12814,T91
2519,BSocSc Psychology,GE1401,GE1401,10706,T31
2519,BSocSc Psychology,GE1401,SS1101,11172,CM1
2519,BSocSc Psychology,GE1401,SS1011,11321,CG1
2519,BSocSc Psychology,GE1401,SS1011,11322,TG1
2520,BSocSc Psychology,GE1401,SS1011,10999,C01
2520,BSocSc Psychology,GE1401,SS1011,11005,T05
2520,BSocSc Psychology,GE1401,SS1101,11172,CM1
2520,BSocSc Psychology,GE1401,GE1401,11451,T68
2521,BSocSc Psychology,GE1401,SS1011,10999,C01
2521,BSocSc Psychology,GE1401,SS1011,11003,T03
2521,BSocSc Psychology,GE1401,SS1101,11006,C01
2521,BSocSc Psychology,GE1401,GE1401,15183,TC4
2522,BSocSc Psychology,GE1401,SS1011,10999,C01
2522,BSocSc Psychology,GE1401,SS1011,11003,T03
2522,BSocSc Psychology,GE1401,SS1101,11006,C01
2522,BSocSc Psychology,GE1401,GE1401,15602,T58
2523,BSocSc Psychology,GE1401,SS1011,10999,C01
2523,BSocSc Psychology,GE1401,SS1011,11005,T05
2523,BSocSc Psychology,GE1401,SS1101,11172,CM1
2523,BSocSc Psychology,GE1401,GE1401,11451,T68
2524,BSocSc Psychology,GE1401,SS1011,10999,C01
2524,BSocSc Psychology,GE1401,SS1011,11005,T05
2524,BSocSc Psychology,GE1401,SS1101,11172,CM1
2524,BSocSc Psychology,GE1401,GE1401,11451,T68
2525,BSocSc Psychology,GE1401,SS1011,10999,C01
2525,BSocSc Psychology,GE1401,SS1011,11003,T03
2525,BSocSc Psychology,GE1401,SS1101,11006,C01
2525,BSocSc Psychology,GE1401,GE1401,13576,TB5
2526,BSocSc Psychology,GE1401,SS1011,10999,C01
2526,BSocSc Psychology,GE1401,SS1011,11005,T05
2526,BSocSc Psychology,GE1401,SS1101,11007,CJ1
2526,BSocSc Psychology,GE1401,GE1401,11494,T76
2527,BSocSc Psychology,GE1401,SS1011,10999,C01
2527,BSocSc Psychology,GE1401,SS1011,11004,T04
2527,BSocSc Psychology,GE1401,SS1101,11006,C01
2527,BSocSc Psychology,GE1401,GE1401,12124,T49
2528,BSocSc Psychology,GE1401,SS1011,10999,C01
2528,BSocSc Psychology,GE1401,SS1011,11003,T03
2528,BSocSc Psychology,GE1401,SS1101,11006,C01
2528,BSocSc Psychology,GE1401,GE1401,15602,T58
2529,BSocSc Psychology,GE1401,SS1011,10999,C01
2529,BSocSc Psychology,GE1401,SS1011,11005,T05
2529,BSocSc Psychology,GE1401,SS1101,11172,CM1
2529,BSocSc Psychology,GE1401,GE1401,11451,T68
2530,BSocSc Psychology,GE1401,GE1401,10714,T43
2530,BSocSc Psychology,GE1401,SS1011,10999,C01
2530,BSocSc Psychology,GE1401,SS1011,11003,T03
2530,BSocSc Psychology,GE1401,SS1101,11006,C01
2531,BSocSc Psychology,GE1401,SS1011,10999,C01
2531,BSocSc Psychology,GE1401,SS1011,11004,T04
2531,BSocSc Psychology,GE1401,SS1101,11006,C01
2531,BSocSc Psychology,GE1401,GE1401,12124,T49
2532,BSocSc Psychology,LC0200A,SS1011,10999,C01
2532,BSocSc Psychology,LC0200A,SS1011,11005,T05
2532,BSocSc Psychology,LC0200A,SS1101,11007,CJ1
2532,BSocSc Psychology,LC0200A,LC0200A,11030,T31
2533,BSocSc Psychology,LC0200A,LC0200A,10882,T13
2533,BSocSc Psychology,LC0200A,SS1011,10999,C01
2533,BSocSc Psychology,LC0200A,SS1011,11005,T05
2533,BSocSc Psychology,LC0200A,SS1101,11172,CM1
2534,BSocSc Psychology,LC0200A,LC0200A,10882,T13
2534,BSocSc Psychology,LC0200A,SS1101,11172,CM1
2534,BSocSc Psychology,LC0200A,SS1011,11321,CG1
2534,BSocSc Psychology,LC0200A,SS1011,11323,TG2
2535,BSocSc Psychology,LC0200A,LC0200A,10889,T21
2535,BSocSc Psychology,LC0200A,SS1011,10999,C01
2535,BSocSc Psychology,LC0200A,SS1011,11004,T04
2535,BSocSc Psychology,LC0200A,SS1101,11006,C01
2536,BSocSc Psychology,LC0200A,LC0200A,10887,T19
2536,BSocSc Psychology,LC0200A,SS1011,10999,C01
2536,BSocSc Psychology,LC0200A,SS1011,11004,T04
2536,BSocSc Psychology,LC0200A,SS1101,11006,C01
2537,BSocSc Psychology,LC0200A,LC0200A,10889,T21
2537,BSocSc Psychology,LC0200A,SS1011,10999,C01
2537,BSocSc Psychology,LC0200A,SS1011,11004,T04
2537,BSocSc Psychology,LC0200A,SS1101,11006,C01
2538,BSocSc Psychology,LC0200A,SS1011,10999,C01
2538,BSocSc Psychology,LC0200A,SS1011,11005,T05
2538,BSocSc Psychology,LC0200A,SS1101,11006,C01
2538,BSocSc Psychology,LC0200A,LC0200A,11976,T37
2539,BSocSc Psychology,LC0200A,SS1011,10999,C01
2539,BSocSc Psychology,LC0200A,SS1011,11005,T05
2539,BSocSc Psychology,LC0200A,SS1101,11006,C01
2539,BSocSc Psychology,LC0200A,LC0200A,11030,T31
2540,BSocSc Psychology,LC0200A,LC0200A,10882,T13
2540,BSocSc Psychology,LC0200A,SS1101,11172,CM1
2540,BSocSc Psychology,LC0200A,SS1011,11321,CG1
2540,BSocSc Psychology,LC0200A,SS1011,11868,TG5
2541,BSocSc Psychology,LC0200A,LC0200A,10889,T21
2541,BSocSc Psychology,LC0200A,SS1011,10999,C01
2541,BSocSc Psychology,LC0200A,SS1011,11003,T03
2541,BSocSc Psychology,LC0200A,SS1101,11006,C01
2542,BSocSc Psychology,LC0200A,SS1011,10999,C01
2542,BSocSc Psychology,LC0200A,SS1011,11005,T05
2542,BSocSc Psychology,LC0200A,SS1101,11006,C01
2542,BSocSc Psychology,LC0200A,LC0200A,11030,T31
2543,BSocSc Psychology,LC0200A,LC0200A,10862,T02
2543,BSocSc Psychology,LC0200A,SS1011,10999,C01
2543,BSocSc Psychology,LC0200A,SS1011,11004,T04
2543,BSocSc Psychology,LC0200A,SS1101,11006,C01
2544,BSocSc Psychology,LC0200A,LC0200A,10882,T13
2544,BSocSc Psychology,LC0200A,SS1011,10999,C01
2544,BSocSc Psychology,LC0200A,SS1011,11005,T05
2544,BSocSc Psychology,LC0200A,SS1101,11172,CM1
2545,BSocSc Psychology,LC0200A,SS1011,10999,C01
2545,BSocSc Psychology,LC0200A,SS1011,11005,T05
2545,BSocSc Psychology,LC0200A,SS1101,11006,C01
2545,BSocSc Psychology,LC0200A,LC0200A,11976,T37
2546,BSocSc Psychology,LC0200A,LC0200A,10890,T22
2546,BSocSc Psychology,LC0200A,SS1011,10999,C01
2546,BSocSc Psychology,LC0200A,SS1011,11003,T03
2546,BSocSc Psychology,LC0200A,SS1101,11006,C01
2547,BSocSc Social Work,GE1401,SS1011,10999,C01
2547,BSocSc Social Work,GE1401,SS1011,11003,T03
2547,BSocSc Social Work,GE1401,SS1101,11006,C01
2547,BSocSc Social Work,GE1401,GE1401,15205,TC5
2548,BSocSc Social Work,GE1401,SS1011,10999,C01
2548,BSocSc Social Work,GE1401,SS1011,11004,T04
2548,BSocSc Social Work,GE1401,SS1101,11006,C01
2548,BSocSc Social Work,GE1401,GE1401,12124,T49
2549,BSocSc Social Work,GE1401,SS1101,11172,CM1
2549,BSocSc Social Work,GE1401,SS1011,11321,CG1
2549,BSocSc Social Work,GE1401,SS1011,11324,TG3
2549,BSocSc Social Work,GE1401,GE1401,12735,T74
2550,BSocSc Social Work,GE1401,SS1011,10999,C01
2550,BSocSc Social Work,GE1401,SS1011,11003,T03
2550,BSocSc Social Work,GE1401,SS1101,11006,C01
2550,BSocSc Social Work,GE1401,GE1401,12119,T18
2551,BSocSc Social Work,GE1401,SS1011,10999,C01
2551,BSocSc Social Work,GE1401,SS1011,11002,T02
2551,BSocSc Social Work,GE1401,SS1101,11006,C01
2551,BSocSc Social Work,GE1401,GE1401,12734,T71
2552,BSocSc Social Work,GE1401,SS1011,10999,C01
2552,BSocSc Social Work,GE1401,SS1011,11004,T04
2552,BSocSc Social Work,GE1401,SS1101,11006,C01
2552,BSocSc Social Work,GE1401,GE1401,12397,T51
2553,BSocSc Social Work,GE1401,SS1011,10999,C01
2553,BSocSc Social Work,GE1401,SS1011,11002,T02
2553,BSocSc Social Work,GE1401,SS1101,11006,C01
2553,BSocSc Social Work,GE1401,GE1401,11497,T81
2554,BSocSc Social Work,GE1401,SS1011,10999,C01
2554,BSocSc Social Work,GE1401,SS1011,11004,T04
2554,BSocSc Social Work,GE1401,SS1101,11006,C01
2554,BSocSc Social Work,GE1401,GE1401,12121,T33
2555,BSocSc Social Work,GE1401,SS1011,10999,C01
2555,BSocSc Social Work,GE1401,SS1011,11005,T05
2555,BSocSc Social Work,GE1401,SS1101,11172,CM1
2555,BSocSc Social Work,GE1401,GE1401,15601,T28
2556,BSocSc Social Work,GE1401,SS1011,10999,C01
2556,BSocSc Social Work,GE1401,SS1011,11003,T03
2556,BSocSc Social Work,GE1401,SS1101,11006,C01
2556,BSocSc Social Work,GE1401,GE1401,15602,T58
2557,BSocSc Social Work,GE1401,GE1401,10357,T01
2557,BSocSc Social Work,GE1401,SS1101,11172,CM1
2557,BSocSc Social Work,GE1401,SS1011,11321,CG1
2557,BSocSc Social Work,GE1401,SS1011,11868,TG5
2558,BSocSc Social Work,GE1401,SS1011,10999,C01
2558,BSocSc Social Work,GE1401,SS1011,11005,T05
2558,BSocSc Social Work,GE1401,SS1101,11006,C01
2558,BSocSc Social Work,GE1401,GE1401,11504,T90
2559,BSocSc Social Work,GE1401,SS1011,10999,C01
2559,BSocSc Social Work,GE1401,SS1011,11002,T02
2559,BSocSc Social Work,GE1401,SS1101,11006,C01
2559,BSocSc Social Work,GE1401,GE1401,11497,T81
2560,BSocSc Social Work,GE1401,SS1011,10999,C01
2560,BSocSc Social Work,GE1401,SS1011,11003,T03
2560,BSocSc Social Work,GE1401,SS1101,11006,C01
2560,BSocSc Social Work,GE1401,GE1401,12119,T18
2561,BSocSc Social Work,GE1401,SS1011,10999,C01
2561,BSocSc Social Work,GE1401,SS1011,11005,T05
2561,BSocSc Social Work,GE1401,SS1101,11007,CJ1
2561,BSocSc Social Work,GE1401,GE1401,11494,T76
2562,BSocSc Social Work,GE1401,GE1401,10357,T01
2562,BSocSc Social Work,GE1401,SS1101,11172,CM1
2562,BSocSc Social Work,GE1401,SS1011,11321,CG1
2562,BSocSc Social Work,GE1401,SS1011,11867,TG4
2563,BSocSc Social Work,GE1401,SS1011,10999,C01
2563,BSocSc Social Work,GE1401,SS1011,11003,T03
2563,BSocSc Social Work,GE1401,SS1101,11006,C01
2563,BSocSc Social Work,GE1401,GE1401,12119,T18
2564,BSocSc Social Work,GE1401,SS1011,10999,C01
2564,BSocSc Social Work,GE1401,SS1011,11003,T03
2564,BSocSc Social Work,GE1401,SS1101,11006,C01
2564,BSocSc Social Work,GE1401,GE1401,15183,TC4
2565,BSocSc Social Work,GE1401,SS1011,10999,C01
2565,BSocSc Social Work,GE1401,SS1011,11004,T04
2565,BSocSc Social Work,GE1401,SS1101,11006,C01
2565,BSocSc Social Work,GE1401,GE1401,14271,TB8
2566,BSocSc Social Work,GE1401,SS1011,10999,C01
2566,BSocSc Social Work,GE1401,SS1011,11004,T04
2566,BSocSc Social Work,GE1401,SS1101,11006,C01
2566,BSocSc Social Work,GE1401,GE1401,14271,TB8
2567,BSocSc Social Work,GE1401,SS1101,11172,CM1
2567,BSocSc Social Work,GE1401,SS1011,11321,CG1
2567,BSocSc Social Work,GE1401,SS1011,11323,TG2
2567,BSocSc Social Work,GE1401,GE1401,12735,T74
2568,BSocSc Social Work,GE1401,SS1011,10999,C01
2568,BSocSc Social Work,GE1401,SS1011,11004,T04
2568,BSocSc Social Work,GE1401,SS1101,11006,C01
2568,BSocSc Social Work,GE1401,GE1401,11507,T80
2569,BSocSc Social Work,GE1401,GE1401,10727,T60
2569,BSocSc Social Work,GE1401,SS1101,11172,CM1
2569,BSocSc Social Work,GE1401,SS1011,11321,CG1
2569,BSocSc Social Work,GE1401,SS1011,11324,TG3
2570,BSocSc Social Work,GE1401,SS1011,10999,C01
2570,BSocSc Social Work,GE1401,SS1011,11003,T03
2570,BSocSc Social Work,GE1401,SS1101,11006,C01
2570,BSocSc Social Work,GE1401,GE1401,15183,TC4
2571,BSocSc Social Work,GE1401,SS1011,10999,C01
2571,BSocSc Social Work,GE1401,SS1011,11004,T04
2571,BSocSc Social Work,GE1401,SS1101,11006,C01
2571,BSocSc Social Work,GE1401,GE1401,14271,TB8
2572,BSocSc Social Work,GE1401,SS1011,10999,C01
2572,BSocSc Social Work,GE1401,SS1011,11005,T05
2572,BSocSc Social Work,GE1401,SS1101,11172,CM1
2572,BSocSc Social Work,GE1401,GE1401,15601,T28
2573,BSocSc Social Work,GE1401,GE1401,10727,T60
2573,BSocSc Social Work,GE1401,SS1101,11172,CM1
2573,BSocSc Social Work,GE1401,SS1011,11321,CG1
2573,BSocSc Social Work,GE1401,SS1011,11324,TG3
2574,BSocSc Social Work,GE1401,SS1011,10999,C01
2574,BSocSc Social Work,GE1401,SS1011,11004,T04
2574,BSocSc Social Work,GE1401,SS1101,11006,C01
2574,BSocSc Social Work,GE1401,GE1401,14271,TB8
2575,BSocSc Social Work,GE1401,SS1011,10999,C01
2575,BSocSc Social Work,GE1401,SS1011,11003,T03
2575,BSocSc Social Work,GE1401,SS1101,11006,C01
2575,BSocSc Social Work,GE1401,GE1401,15602,T58
2576,BSocSc Social Work,GE1401,SS1011,10999,C01
2576,BSocSc Social Work,GE1401,SS1011,11005,T05
2576,BSocSc Social Work,GE1401,SS1101,11007,CJ1
2576,BSocSc Social Work,GE1401,GE1401,12398,T70
2577,BSocSc Social Work,LC0200A,LC0200A,10876,T07
2577,BSocSc Social Work,LC0200A,SS1011,10999,C01
2577,BSocSc Social Work,LC0200A,SS1011,11002,T02
2577,BSocSc Social Work,LC0200A,SS1101,11006,C01
2578,BSocSc Social Work,LC0200A,SS1011,10999,C01
2578,BSocSc Social Work,LC0200A,SS1011,11005,T05
2578,BSocSc Social Work,LC0200A,SS1101,11007,CJ1
2578,BSocSc Social Work,LC0200A,LC0200A,11030,T31
2579,BSocSc Social Work,LC0200A,LC0200A,10887,T19
2579,BSocSc Social Work,LC0200A,SS1011,10999,C01
2579,BSocSc Social Work,LC0200A,SS1011,11003,T03
2579,BSocSc Social Work,LC0200A,SS1101,11006,C01
2580,BSocSc Social Work,LC0200A,SS1011,10999,C01
2580,BSocSc Social Work,LC0200A,SS1011,11005,T05
2580,BSocSc Social Work,LC0200A,SS1101,11006,C01
2580,BSocSc Social Work,LC0200A,LC0200A,11030,T31
2581,BSocSc Social Work,LC0200A,LC0200A,10887,T19
2581,BSocSc Social Work,LC0200A,SS1011,10999,C01
2581,BSocSc Social Work,LC0200A,SS1011,11003,T03
2581,BSocSc Social Work,LC0200A,SS1101,11006,C01
2582,BSocSc Social Work,LC0200A,LC0200A,10888,T20
2582,BSocSc Social Work,LC0200A,SS1011,10999,C01
2582,BSocSc Social Work,LC0200A,SS1011,11003,T03
2582,BSocSc Social Work,LC0200A,SS1101,11006,C01
2583,BSocSc Social Work,LC0200A,LC0200A,10890,T22
2583,BSocSc Social Work,LC0200A,SS1011,10999,C01
2583,BSocSc Social Work,LC0200A,SS1011,11002,T02
2583,BSocSc Social Work,LC0200A,SS1101,11006,C01
2584,BSocSc Social Work,LC0200A,LC0200A,10890,T22
2584,BSocSc Social Work,LC0200A,SS1011,10999,C01
2584,BSocSc Social Work,LC0200A,SS1011,11002,T02
2584,BSocSc Social Work,LC0200A,SS1101,11006,C01
2585,BSocSc Social Work,LC0200A,LC0200A,10882,T13
2585,BSocSc Social Work,LC0200A,SS1101,11172,CM1
2585,BSocSc Social Work,LC0200A,SS1011,11321,CG1
2585,BSocSc Social Work,LC0200A,SS1011,11322,TG1
2586,BSocSc Social Work,LC0200A,SS1011,10999,C01
2586,BSocSc Social Work,LC0200A,SS1011,11004,T04
2586,BSocSc Social Work,LC0200A,SS1101,11006,C01
2586,BSocSc Social Work,LC0200A,LC0200A,11976,T37
2587,BSocSc Social Work,LC0200A,LC0200A,10882,T13
2587,BSocSc Social Work,LC0200A,SS1011,10999,C01
2587,BSocSc Social Work,LC0200A,SS1011,11005,T05
2587,BSocSc Social Work,LC0200A,SS1101,11172,CM1
2588,BSocSc Social Work,LC0200A,LC0200A,10888,T20
2588,BSocSc Social Work,LC0200A,SS1011,10999,C01
2588,BSocSc Social Work,LC0200A,SS1011,11003,T03
2588,BSocSc Social Work,LC0200A,SS1101,11006,C01
2589,BSocSc Social Work,LC0200A,SS1011,10999,C01
2589,BSocSc Social Work,LC0200A,SS1011,11005,T05
2589,BSocSc Social Work,LC0200A,LC0200A,11030,T31
2589,BSocSc Social Work,LC0200A,SS1101,11172,CM1
2590,BA Creative Media,GE1401,GE1401,12126,T67
2590,BA Creative Media,GE1401,SM1701,12135,CA1
2590,BA Creative Media,GE1401,SM1103A,15048,C04
2590,BA Creative Media,GE1401,SM1702A,15381,C01
2590,BA Creative Media,GE1401,SM1702A,15384,L03
2591,BA Creative Media,GE1401,SM1103A,11200,C03
2591,BA Creative Media,GE1401,SM1701,12134,C02
2591,BA Creative Media,GE1401,GE1401,13572,TB1
2591,BA Creative Media,GE1401,SM1702A,15381,C01
2591,BA Creative Media,GE1401,SM1702A,15386,L05
2592,BA Creative Media,GE1401,GE1401,10695,T19
2592,BA Creative Media,GE1401,SM1701,11745,C01
2592,BA Creative Media,GE1401,SM1103A,15048,C04
2592,BA Creative Media,GE1401,SM1702A,15381,C01
2592,BA Creative Media,GE1401,SM1702A,15383,L02
2593,BA Creative Media,GE1401,SM1103A,11198,C01
2593,BA Creative Media,GE1401,SM1701,12136,CA2
2593,BA Creative Media,GE1401,GE1401,12396,T46
2593,BA Creative Media,GE1401,SM1702A,15381,C01
2593,BA Creative Media,GE1401,SM1702A,15383,L02
2594,BA Creative Media,GE1401,GE1401,10705,T30
2594,BA Creative Media,GE1401,SM1701,11745,C01
2594,BA Creative Media,GE1401,SM1103A,15048,C04
2594,BA Creative Media,GE1401,SM1702A,15381,C01
2594,BA Creative Media,GE1401,SM1702A,15383,L02
2595,BA Creative Media,GE1401,SM1103A,11200,C03
2595,BA Creative Media,GE1401,SM1701,12134,C02
2595,BA Creative Media,GE1401,GE1401,15183,TC4
2595,BA Creative Media,GE1401,SM1702A,15381,C01
2595,BA Creative Media,GE1401,SM1702A,15387,L06
2596,BA Creative Media,GE1401,SM1103A,11200,C03
2596,BA Creative Media,GE1401,SM1701,12134,C02
2596,BA Creative Media,GE1401,GE1401,13572,TB1
2596,BA Creative Media,GE1401,SM1702A,15381,C01
2596,BA Creative Media,GE1401,SM1702A,15386,L05
2597,BA Creative Media,GE1401,SM1701,11745,C01
2597,BA Creative Media,GE1401,GE1401,12126,T67
2597,BA Creative Media,GE1401,SM1103A,15048,C04
2597,BA Creative Media,GE1401,SM1702A,15381,C01
2597,BA Creative Media,GE1401,SM1702A,15384,L03
2598,BA Creative Media,GE1401,GE1401,10705,T30
2598,BA Creative Media,GE1401,SM1701,11745,C01
2598,BA Creative Media,GE1401,SM1103A,15048,C04
2598,BA Creative Media,GE1401,SM1702A,15381,C01
2598,BA Creative Media,GE1401,SM1702A,15383,L02
2599,BA Creative Media,GE1401,GE1401,10695,T19
2599,BA Creative Media,GE1401,SM1701,11745,C01
2599,BA Creative Media,GE1401,SM1103A,15048,C04
2599,BA Creative Media,GE1401,SM1702A,15381,C01
2599,BA Creative Media,GE1401,SM1702A,15383,L02
2600,BA Creative Media,GE1401,GE1401,10705,T30
2600,BA Creative Media,GE1401,SM1701,11745,C01
2600,BA Creative Media,GE1401,SM1103A,15048,C04
2600,BA Creative Media,GE1401,SM1702A,15381,C01
2600,BA Creative Media,GE1401,SM1702A,15383,L02
2601,BA Creative Media,GE1401,GE1401,10727,T60
2601,BA Creative Media,GE1401,SM1103A,11200,C03
2601,BA Creative Media,GE1401,SM1701,12136,CA2
2601,BA Creative Media,GE1401,SM1702A,15381,C01
2601,BA Creative Media,GE1401,SM1702A,15384,L03
2602,BA Creative Media,GE1401,SM1103A,11198,C01
2602,BA Creative Media,GE1401,SM1701,12134,C02
2602,BA Creative Media,GE1401,SM1702A,15381,C01
2602,BA Creative Media,GE1401,SM1702A,15386,L05
2602,BA Creative Media,GE1401,GE1401,15603,T73
2603,BA Creative Media,GE1401,GE1401,10357,T01
2603,BA Creative Media,GE1401,SM1103A,11200,C03
2603,BA Creative Media,GE1401,SM1701,12136,CA2
2603,BA Creative Media,GE1401,SM1702A,15388,CA1
2603,BA Creative Media,GE1401,SM1702A,15389,LA1
2604,BA Creative Media,GE1401,GE1401,10694,T17
2604,BA Creative Media,GE1401,SM1103A,11199,C02
2604,BA Creative Media,GE1401,SM1701,12134,C02
2604,BA Creative Media,GE1401,SM1702A,15381,C01
2604,BA Creative Media,GE1401,SM1702A,15382,L01
2605,BA Creative Media,GE1401,SM1103A,11200,C03
2605,BA Creative Media,GE1401,SM1701,12134,C02
2605,BA Creative Media,GE1401,GE1401,15205,TC5
2605,BA Creative Media,GE1401,SM1702A,15381,C01
2605,BA Creative Media,GE1401,SM1702A,15387,L06
2606,BA Creative Media,GE1401,SM1103A,11200,C03
2606,BA Creative Media,GE1401,SM1701,12134,C02
2606,BA Creative Media,GE1401,GE1401,15183,TC4
2606,BA Creative Media,GE1401,SM1702A,15381,C01
2606,BA Creative Media,GE1401,SM1702A,15387,L06
2607,BA Creative Media,GE1401,SM1103A,11200,C03
2607,BA Creative Media,GE1401,SM1701,12134,C02
2607,BA Creative Media,GE1401,GE1401,13572,TB1
2607,BA Creative Media,GE1401,SM1702A,15381,C01
2607,BA Creative Media,GE1401,SM1702A,15386,L05
2608,BA Creative Media,GE1401,GE1401,12126,T67
2608,BA Creative Media,GE1401,SM1701,12135,CA1
2608,BA Creative Media,GE1401,SM1103A,15048,C04
2608,BA Creative Media,GE1401,SM1702A,15381,C01
2608,BA Creative Media,GE1401,SM1702A,15384,L03
2609,BA Creative Media,GE1401,SM1103A,11200,C03
2609,BA Creative Media,GE1401,SM1701,12134,C02
2609,BA Creative Media,GE1401,GE1401,13263,T92
2609,BA Creative Media,GE1401,SM1702A,15381,C01
2609,BA Creative Media,GE1401,SM1702A,15387,L06
2610,BA Creative Media,GE1401,SM1701,11745,C01
2610,BA Creative Media,GE1401,GE1401,12126,T67
2610,BA Creative Media,GE1401,SM1103A,15048,C04
2610,BA Creative Media,GE1401,SM1702A,15381,C01
2610,BA Creative Media,GE1401,SM1702A,15384,L03
2611,BA Creative Media,GE1401,SM1103A,11200,C03
2611,BA Creative Media,GE1401,GE1401,11495,T77
2611,BA Creative Media,GE1401,SM1701,12134,C02
2611,BA Creative Media,GE1401,SM1702A,15388,CA1
2611,BA Creative Media,GE1401,SM1702A,15390,LA4
2612,BA Creative Media,GE1401,GE1401,12126,T67
2612,BA Creative Media,GE1401,SM1701,12135,CA1
2612,BA Creative Media,GE1401,SM1103A,15048,C04
2612,BA Creative Media,GE1401,SM1702A,15381,C01
2612,BA Creative Media,GE1401,SM1702A,15384,L03
2613,BA Creative Media,GE1401,GE1401,10705,T30
2613,BA Creative Media,GE1401,SM1701,11745,C01
2613,BA Creative Media,GE1401,SM1103A,15048,C04
2613,BA Creative Media,GE1401,SM1702A,15381,C01
2613,BA Creative Media,GE1401,SM1702A,15383,L02
2614,BA Creative Media,GE1401,SM1103A,11200,C03
2614,BA Creative Media,GE1401,SM1701,12134,C02
2614,BA Creative Media,GE1401,GE1401,13572,TB1
2614,BA Creative Media,GE1401,SM1702A,15381,C01
2614,BA Creative Media,GE1401,SM1702A,15386,L05
2615,BA Creative Media,GE1401,SM1103A,11200,C03
2615,BA Creative Media,GE1401,SM1701,12134,C02
2615,BA Creative Media,GE1401,GE1401,13263,T92
2615,BA Creative Media,GE1401,SM1702A,15381,C01
2615,BA Creative Media,GE1401,SM1702A,15387,L06
2616,BA Creative Media,GE1401,GE1401,10724,T57
2616,BA Creative Media,GE1401,SM1103A,11200,C03
2616,BA Creative Media,GE1401,SM1701,12134,C02
2616,BA Creative Media,GE1401,SM1702A,15381,C01
2616,BA Creative Media,GE1401,SM1702A,15382,L01
2617,BA Creative Media,GE1401,SM1103A,11200,C03
2617,BA Creative Media,GE1401,SM1701,12134,C02
2617,BA Creative Media,GE1401,GE1401,13572,TB1
2617,BA Creative Media,GE1401,SM1702A,15381,C01
2617,BA Creative Media,GE1401,SM1702A,15386,L05
2618,BA Creative Media,GE1401,GE1401,10720,T53
2618,BA Creative Media,GE1401,SM1701,11745,C01
2618,BA Creative Media,GE1401,SM1103A,15048,C04
2618,BA Creative Media,GE1401,SM1702A,15381,C01
2618,BA Creative Media,GE1401,SM1702A,15382,L01
2619,BA Creative Media,GE1401,GE1401,10705,T30
2619,BA Creative Media,GE1401,SM1701,11745,C01
2619,BA Creative Media,GE1401,SM1103A,15048,C04
2619,BA Creative Media,GE1401,SM1702A,15381,C01
2619,BA Creative Media,GE1401,SM1702A,15383,L02
2620,BA Creative Media,GE1401,GE1401,12126,T67
2620,BA Creative Media,GE1401,SM1701,12135,CA1
2620,BA Creative Media,GE1401,SM1103A,15048,C04
2620,BA Creative Media,GE1401,SM1702A,15381,C01
2620,BA Creative Media,GE1401,SM1702A,15384,L03
2621,BA Creative Media,GE1401,SM1103A,11200,C03
2621,BA Creative Media,GE1401,GE1401,11495,T77
2621,BA Creative Media,GE1401,SM1701,12134,C02
2621,BA Creative Media,GE1401,SM1702A,15381,C01
2621,BA Creative Media,GE1401,SM1702A,15387,L06
2622,BA Creative Media,GE1401,SM1103A,11198,C01
2622,BA Creative Media,GE1401,SM1701,12136,CA2
2622,BA Creative Media,GE1401,GE1401,12396,T46
2622,BA Creative Media,GE1401,SM1702A,15381,C01
2622,BA Creative Media,GE1401,SM1702A,15383,L02
2623,BA Creative Media,GE1401,SM1103A,11200,C03
2623,BA Creative Media,GE1401,SM1701,12134,C02
2623,BA Creative Media,GE1401,GE1401,13263,T92
2623,BA Creative Media,GE1401,SM1702A,15381,C01
2623,BA Creative Media,GE1401,SM1702A,15387,L06
2624,BA Creative Media,GE1401,GE1401,12126,T67
2624,BA Creative Media,GE1401,SM1701,12135,CA1
2624,BA Creative Media,GE1401,SM1103A,15048,C04
2624,BA Creative Media,GE1401,SM1702A,15381,C01
2624,BA Creative Media,GE1401,SM1702A,15384,L03
2625,BA Creative Media,GE1401,SM1103A,11200,C03
2625,BA Creative Media,GE1401,GE1401,11495,T77
2625,BA Creative Media,GE1401,SM1701,12134,C02
2625,BA Creative Media,GE1401,SM1702A,15388,CA1
2625,BA Creative Media,GE1401,SM1702A,15390,LA4
2626,BA Creative Media,GE1401,SM1103A,11200,C03
2626,BA Creative Media,GE1401,SM1701,12134,C02
2626,BA Creative Media,GE1401,GE1401,15205,TC5
2626,BA Creative Media,GE1401,SM1702A,15381,C01
2626,BA Creative Media,GE1401,SM1702A,15387,L06
2627,BA Creative Media,GE1401,GE1401,12126,T67
2627,BA Creative Media,GE1401,SM1701,12135,CA1
2627,BA Creative Media,GE1401,SM1103A,15048,C04
2627,BA Creative Media,GE1401,SM1702A,15381,C01
2627,BA Creative Media,GE1401,SM1702A,15384,L03
2628,BA Creative Media,GE1401,SM1103A,11198,C01
2628,BA Creative Media,GE1401,SM1701,12134,C02
2628,BA Creative Media,GE1401,GE1401,13572,TB1
2628,BA Creative Media,GE1401,SM1702A,15381,C01
2628,BA Creative Media,GE1401,SM1702A,15386,L05
2629,BA Creative Media,LC0200A,LC0200A,10895,T27
2629,BA Creative Media,LC0200A,SM1701,11745,C01
2629,BA Creative Media,LC0200A,SM1103A,15048,C04
2629,BA Creative Media,LC0200A,SM1702A,15381,C01
2629,BA Creative Media,LC0200A,SM1702A,15386,L05
2630,BA Creative Media,LC0200A,LC0200A,10885,T16
2630,BA Creative Media,LC0200A,SM1103A,11198,C01
2630,BA Creative Media,LC0200A,SM1701,12134,C02
2630,BA Creative Media,LC0200A,SM1702A,15381,C01
2630,BA Creative Media,LC0200A,SM1702A,15386,L05
2631,BA Creative Media,LC0200A,LC0200A,10885,T16
2631,BA Creative Media,LC0200A,SM1103A,11200,C03
2631,BA Creative Media,LC0200A,SM1701,12134,C02
2631,BA Creative Media,LC0200A,SM1702A,15381,C01
2631,BA Creative Media,LC0200A,SM1702A,15382,L01
2632,BA Creative Media,LC0200A,LC0200A,10885,T16
2632,BA Creative Media,LC0200A,SM1103A,11200,C03
2632,BA Creative Media,LC0200A,SM1701,12134,C02
2632,BA Creative Media,LC0200A,SM1702A,15381,C01
2632,BA Creative Media,LC0200A,SM1702A,15382,L01
2633,BA Creative Media,LC0200A,LC0200A,10883,T14
2633,BA Creative Media,LC0200A,SM1103A,11198,C01
2633,BA Creative Media,LC0200A,SM1701,12136,CA2
2633,BA Creative Media,LC0200A,SM1702A,15381,C01
2633,BA Creative Media,LC0200A,SM1702A,15384,L03
2634,BA Creative Media,LC0200A,LC0200A,10885,T16
2634,BA Creative Media,LC0200A,SM1103A,11200,C03
2634,BA Creative Media,LC0200A,SM1701,12136,CA2
2634,BA Creative Media,LC0200A,SM1702A,15381,C01
2634,BA Creative Media,LC0200A,SM1702A,15383,L02
2635,BA Creative Media,LC0200A,LC0200A,10887,T19
2635,BA Creative Media,LC0200A,SM1103A,11200,C03
2635,BA Creative Media,LC0200A,SM1701,12134,C02
2635,BA Creative Media,LC0200A,SM1702A,15388,CA1
2635,BA Creative Media,LC0200A,SM1702A,15390,LA4
2636,BA Creative Media,LC0200A,LC0200A,10865,T05
2636,BA Creative Media,LC0200A,SM1701,12136,CA2
2636,BA Creative Media,LC0200A,SM1103A,12664,CA1
2636,BA Creative Media,LC0200A,SM1702A,15381,C01
2636,BA Creative Media,LC0200A,SM1702A,15384,L03
2637,BA Creative Media,LC0200A,LC0200A,10885,T16
2637,BA Creative Media,LC0200A,SM1103A,11200,C03
2637,BA Creative Media,LC0200A,SM1701,12134,C02
2637,BA Creative Media,LC0200A,SM1702A,15381,C01
2637,BA Creative Media,LC0200A,SM1702A,15382,L01
2638,BA Creative Media,LC0200A,LC0200A,10865,T05
2638,BA Creative Media,LC0200A,SM1701,12136,CA2
2638,BA Creative Media,LC0200A,SM1103A,12664,CA1
2638,BA Creative Media,LC0200A,SM1702A,15381,C01
2638,BA Creative Media,LC0200A,SM1702A,15384,L03
2639,BA Creative Media,LC0200A,LC0200A,10885,T16
2639,BA Creative Media,LC0200A,SM1103A,11200,C03
2639,BA Creative Media,LC0200A,SM1701,12134,C02
2639,BA Creative Media,LC0200A,SM1702A,15381,C01
2639,BA Creative Media,LC0200A,SM1702A,15382,L01
2640,BA Creative Media,LC0200A,LC0200A,11170,T32
2640,BA Creative Media,LC0200A,SM1103A,11198,C01
2640,BA Creative Media,LC0200A,SM1701,12134,C02
2640,BA Creative Media,LC0200A,SM1702A,15381,C01
2640,BA Creative Media,LC0200A,SM1702A,15386,L05
2641,BA Creative Media,LC0200A,LC0200A,10887,T19
2641,BA Creative Media,LC0200A,SM1103A,11200,C03
2641,BA Creative Media,LC0200A,SM1701,12134,C02
2641,BA Creative Media,LC0200A,SM1702A,15381,C01
2641,BA Creative Media,LC0200A,SM1702A,15387,L06
2642,BA Creative Media,LC0200A,LC0200A,10865,T05
2642,BA Creative Media,LC0200A,SM1701,12136,CA2
2642,BA Creative Media,LC0200A,SM1103A,12664,CA1
2642,BA Creative Media,LC0200A,SM1702A,15381,C01
2642,BA Creative Media,LC0200A,SM1702A,15384,L03
2643,BA Creative Media,LC0200A,LC0200A,10883,T14
2643,BA Creative Media,LC0200A,SM1103A,11198,C01
2643,BA Creative Media,LC0200A,SM1701,12136,CA2
2643,BA Creative Media,LC0200A,SM1702A,15381,C01
2643,BA Creative Media,LC0200A,SM1702A,15383,L02
2644,BA Creative Media,LC0200A,LC0200A,10865,T05
2644,BA Creative Media,LC0200A,SM1103A,11198,C01
2644,BA Creative Media,LC0200A,SM1701,12136,CA2
2644,BA Creative Media,LC0200A,SM1702A,15381,C01
2644,BA Creative Media,LC0200A,SM1702A,15384,L03
2645,BA Creative Media,LC0200A,LC0200A,10887,T19
2645,BA Creative Media,LC0200A,SM1103A,11200,C03
2645,BA Creative Media,LC0200A,SM1701,12134,C02
2645,BA Creative Media,LC0200A,SM1702A,15381,C01
2645,BA Creative Media,LC0200A,SM1702A,15387,L06
2646,BSc Creative Media,GE1401,SM2714,10984,C01
2646,BSc Creative Media,GE1401,CS1103B,11249,L01
2646,BSc Creative Media,GE1401,SM1701,11745,C01
2646,BSc Creative Media,GE1401,GE1401,14270,TB7
2646,BSc Creative Media,GE1401,SM1702A,15381,C01
2646,BSc Creative Media,GE1401,SM1702A,15386,L05
2647,BSc Creative Media,GE1401,SM2714,10984,C01
2647,BSc Creative Media,GE1401,CS1103B,11249,L01
2647,BSc Creative Media,GE1401,SM1701,11745,C01
2647,BSc Creative Media,GE1401,GE1401,13571,T99
2647,BSc Creative Media,GE1401,SM1702A,15381,C01
2647,BSc Creative Media,GE1401,SM1702A,15386,L05
2648,BSc Creative Media,GE1401,SM2714,10984,C01
2648,BSc Creative Media,GE1401,CS1103B,11249,L01
2648,BSc Creative Media,GE1401,SM1701,11745,C01
2648,BSc Creative Media,GE1401,GE1401,13571,T99
2648,BSc Creative Media,GE1401,SM1702A,15381,C01
2648,BSc Creative Media,GE1401,SM1702A,15386,L05
2649,BSc Creative Media,GE1401,SM2714,10985,CA1
2649,BSc Creative Media,GE1401,CS1103B,11249,L01
2649,BSc Creative Media,GE1401,GE1401,11495,T77
2649,BSc Creative Media,GE1401,SM1701,11745,C01
2649,BSc Creative Media,GE1401,SM1702A,15381,C01
2649,BSc Creative Media,GE1401,SM1702A,15387,L06
2650,BSc Creative Media,GE1401,SM2714,10984,C01
2650,BSc Creative Media,GE1401,CS1103B,11249,L01
2650,BSc Creative Media,GE1401,SM1701,11745,C01
2650,BSc Creative Media,GE1401,GE1401,14270,TB7
2650,BSc Creative Media,GE1401,SM1702A,15381,C01
2650,BSc Creative Media,GE1401,SM1702A,15386,L05
2651,BSc Creative Media,GE1401,GE1401,10717,T48
2651,BSc Creative Media,GE1401,SM2714,10986,C02
2651,BSc Creative Media,GE1401,CS1103B,11249,L01
2651,BSc Creative Media,GE1401,SM1701,11745,C01
2651,BSc Creative Media,GE1401,SM1702A,15381,C01
2651,BSc Creative Media,GE1401,SM1702A,15382,L01
2652,BSc Creative Media,GE1401,GE1401,10695,T19
2652,BSc Creative Media,GE1401,SM2714,10986,C02
2652,BSc Creative Media,GE1401,CS1103B,11249,L01
2652,BSc Creative Media,GE1401,SM1701,11745,C01
2652,BSc Creative Media,GE1401,SM1702A,15381,C01
2652,BSc Creative Media,GE1401,SM1702A,15383,L02
2653,BSc Creative Media,GE1401,SM2714,10985,CA1
2653,BSc Creative Media,GE1401,CS1103B,11249,L01
2653,BSc Creative Media,GE1401,SM1701,11745,C01
2653,BSc Creative Media,GE1401,GE1401,12399,T72
2653,BSc Creative Media,GE1401,SM1702A,15381,C01
2653,BSc Creative Media,GE1401,SM1702A,15387,L06
2654,BSc Creative Media,GE1401,GE1401,10717,T48
2654,BSc Creative Media,GE1401,SM2714,10986,C02
2654,BSc Creative Media,GE1401,CS1103B,11249,L01
2654,BSc Creative Media,GE1401,SM1701,12135,CA1
2654,BSc Creative Media,GE1401,SM1702A,15381,C01
2654,BSc Creative Media,GE1401,SM1702A,15384,L03
2655,BSc Creative Media,GE1401,SM2714,10985,CA1
2655,BSc Creative Media,GE1401,CS1103B,11249,L01
2655,BSc Creative Media,GE1401,GE1401,11495,T77
2655,BSc Creative Media,GE1401,SM1701,11745,C01
2655,BSc Creative Media,GE1401,SM1702A,15381,C01
2655,BSc Creative Media,GE1401,SM1702A,15387,L06
2656,BSc Creative Media,GE1401,GE1401,10695,T19
2656,BSc Creative Media,GE1401,SM2714,10986,C02
2656,BSc Creative Media,GE1401,CS1103B,11249,L01
2656,BSc Creative Media,GE1401,SM1701,11745,C01
2656,BSc Creative Media,GE1401,SM1702A,15381,C01
2656,BSc Creative Media,GE1401,SM1702A,15383,L02
2657,BSc Creative Media,GE1401,GE1401,10695,T19
2657,BSc Creative Media,GE1401,SM2714,10986,C02
2657,BSc Creative Media,GE1401,CS1103B,11249,L01
2657,BSc Creative Media,GE1401,SM1701,11745,C01
2657,BSc Creative Media,GE1401,SM1702A,15381,C01
2657,BSc Creative Media,GE1401,SM1702A,15383,L02
2658,BSc Creative Media,GE1401,SM2714,10985,CA1
2658,BSc Creative Media,GE1401,CS1103B,11249,L01
2658,BSc Creative Media,GE1401,SM1701,11745,C01
2658,BSc Creative Media,GE1401,GE1401,13263,T92
2658,BSc Creative Media,GE1401,SM1702A,15381,C01
2658,BSc Creative Media,GE1401,SM1702A,15387,L06
2659,BSc Creative Media,GE1401,GE1401,10717,T48
2659,BSc Creative Media,GE1401,SM2714,10986,C02
2659,BSc Creative Media,GE1401,CS1103B,11249,L01
2659,BSc Creative Media,GE1401,SM1701,11745,C01
2659,BSc Creative Media,GE1401,SM1702A,15381,C01
2659,BSc Creative Media,GE1401,SM1702A,15382,L01
2660,BSc Creative Media,GE1401,SM2714,10984,C01
2660,BSc Creative Media,GE1401,CS1103B,11249,L01
2660,BSc Creative Media,GE1401,SM1701,11745,C01
2660,BSc Creative Media,GE1401,GE1401,14270,TB7
2660,BSc Creative Media,GE1401,SM1702A,15381,C01
2660,BSc Creative Media,GE1401,SM1702A,15386,L05
2661,BSc Creative Media,GE1401,SM2714,10985,CA1
2661,BSc Creative Media,GE1401,CS1103B,11249,L01
2661,BSc Creative Media,GE1401,SM1701,11745,C01
2661,BSc Creative Media,GE1401,GE1401,13263,T92
2661,BSc Creative Media,GE1401,SM1702A,15381,C01
2661,BSc Creative Media,GE1401,SM1702A,15387,L06
2662,BSc Creative Media,GE1401,GE1401,10717,T48
2662,BSc Creative Media,GE1401,SM2714,10986,C02
2662,BSc Creative Media,GE1401,CS1103B,11249,L01
2662,BSc Creative Media,GE1401,SM1701,12135,CA1
2662,BSc Creative Media,GE1401,SM1702A,15381,C01
2662,BSc Creative Media,GE1401,SM1702A,15384,L03
2663,BSc Creative Media,GE1401,GE1401,10717,T48
2663,BSc Creative Media,GE1401,SM2714,10986,C02
2663,BSc Creative Media,GE1401,CS1103B,11249,L01
2663,BSc Creative Media,GE1401,SM1701,11745,C01
2663,BSc Creative Media,GE1401,SM1702A,15381,C01
2663,BSc Creative Media,GE1401,SM1702A,15382,L01
2664,BSc Creative Media,GE1401,SM2714,10986,C02
2664,BSc Creative Media,GE1401,CS1103B,11249,L01
2664,BSc Creative Media,GE1401,GE1401,12126,T67
2664,BSc Creative Media,GE1401,SM1701,12135,CA1
2664,BSc Creative Media,GE1401,SM1702A,15381,C01
2664,BSc Creative Media,GE1401,SM1702A,15384,L03
2665,BSc Creative Media,GE1401,GE1401,10723,T56
2665,BSc Creative Media,GE1401,SM2714,10986,C02
2665,BSc Creative Media,GE1401,CS1103B,11249,L01
2665,BSc Creative Media,GE1401,SM1701,12135,CA1
2665,BSc Creative Media,GE1401,SM1702A,15381,C01
2665,BSc Creative Media,GE1401,SM1702A,15384,L03
2666,BSc Creative Media,GE1401,SM2714,10985,CA1
2666,BSc Creative Media,GE1401,CS1103B,11249,L01
2666,BSc Creative Media,GE1401,SM1701,11745,C01
2666,BSc Creative Media,GE1401,GE1401,15205,TC5
2666,BSc Creative Media,GE1401,SM1702A,15381,C01
2666,BSc Creative Media,GE1401,SM1702A,15387,L06
2667,BSc Creative Media,GE1401,GE1401,10717,T48
2667,BSc Creative Media,GE1401,SM2714,10986,C02
2667,BSc Creative Media,GE1401,CS1103B,11249,L01
2667,BSc Creative Media,GE1401,SM1701,12135,CA1
2667,BSc Creative Media,GE1401,SM1702A,15381,C01
2667,BSc Creative Media,GE1401,SM1702A,15384,L03
2668,BSc Creative Media,GE1401,SM2714,10984,C01
2668,BSc Creative Media,GE1401,CS1103B,11249,L01
2668,BSc Creative Media,GE1401,SM1701,11745,C01
2668,BSc Creative Media,GE1401,GE1401,14270,TB7
2668,BSc Creative Media,GE1401,SM1702A,15381,C01
2668,BSc Creative Media,GE1401,SM1702A,15386,L05
2669,BSc Creative Media,GE1401,GE1401,10717,T48
2669,BSc Creative Media,GE1401,SM2714,10986,C02
2669,BSc Creative Media,GE1401,CS1103B,11249,L01
2669,BSc Creative Media,GE1401,SM1701,12135,CA1
2669,BSc Creative Media,GE1401,SM1702A,15381,C01
2669,BSc Creative Media,GE1401,SM1702A,15384,L03
2670,BSc Creative Media,GE1401,GE1401,10690,T13
2670,BSc Creative Media,GE1401,SM2714,10986,C02
2670,BSc Creative Media,GE1401,CS1103B,11249,L01
2670,BSc Creative Media,GE1401,SM1701,11745,C01
2670,BSc Creative Media,GE1401,SM1702A,15381,C01
2670,BSc Creative Media,GE1401,SM1702A,15384,L03
2671,BSc Creative Media,GE1401,GE1401,10695,T19
2671,BSc Creative Media,GE1401,SM2714,10986,C02
2671,BSc Creative Media,GE1401,CS1103B,11249,L01
2671,BSc Creative Media,GE1401,SM1701,11745,C01
2671,BSc Creative Media,GE1401,SM1702A,15381,C01
2671,BSc Creative Media,GE1401,SM1702A,15383,L02
2672,BSc Creative Media,LC0200A,SM2714,10986,C02
2672,BSc Creative Media,LC0200A,CS1103B,11249,L01
2672,BSc Creative Media,LC0200A,SM1701,12135,CA1
2672,BSc Creative Media,LC0200A,LC0200A,14950,T18
2672,BSc Creative Media,LC0200A,SM1702A,15388,CA1
2672,BSc Creative Media,LC0200A,SM1702A,15389,LA1
2673,BSc Creative Media,LC0200A,LC0200A,10881,T12
2673,BSc Creative Media,LC0200A,SM2714,10986,C02
2673,BSc Creative Media,LC0200A,CS1103B,11249,L01
2673,BSc Creative Media,LC0200A,SM1701,11745,C01
2673,BSc Creative Media,LC0200A,SM1702A,15381,C01
2673,BSc Creative Media,LC0200A,SM1702A,15383,L02
2674,BSc Creative Media,LC0200A,LC0200A,10881,T12
2674,BSc Creative Media,LC0200A,SM2714,10986,C02
2674,BSc Creative Media,LC0200A,CS1103B,11249,L01
2674,BSc Creative Media,LC0200A,SM1701,11745,C01
2674,BSc Creative Media,LC0200A,SM1702A,15381,C01
2674,BSc Creative Media,LC0200A,SM1702A,15383,L02
2675,BSc Creative Media,LC0200A,LC0200A,10879,T10
2675,BSc Creative Media,LC0200A,SM2714,10986,C02
2675,BSc Creative Media,LC0200A,CS1103B,11249,L01
2675,BSc Creative Media,LC0200A,SM1701,11745,C01
2675,BSc Creative Media,LC0200A,SM1702A,15381,C01
2675,BSc Creative Media,LC0200A,SM1702A,15382,L01
2676,BSc Creative Media,LC0200A,LC0200A,10887,T19
2676,BSc Creative Media,LC0200A,SM2714,10985,CA1
2676,BSc Creative Media,LC0200A,CS1103B,11249,L01
2676,BSc Creative Media,LC0200A,SM1701,11745,C01
2676,BSc Creative Media,LC0200A,SM1702A,15381,C01
2676,BSc Creative Media,LC0200A,SM1702A,15387,L06
2677,BSc Creative Media,LC0200A,SM2714,10985,CA1
2677,BSc Creative Media,LC0200A,LC0200A,11170,T32
2677,BSc Creative Media,LC0200A,CS1103B,11249,L01
2677,BSc Creative Media,LC0200A,SM1701,11745,C01
2677,BSc Creative Media,LC0200A,SM1702A,15381,C01
2677,BSc Creative Media,LC0200A,SM1702A,15386,L05
2678,BSc Creative Media,LC0200A,LC0200A,10878,T09
2678,BSc Creative Media,LC0200A,SM2714,10986,C02
2678,BSc Creative Media,LC0200A,CS1103B,11249,L01
2678,BSc Creative Media,LC0200A,SM1701,11745,C01
2678,BSc Creative Media,LC0200A,SM1702A,15381,C01
2678,BSc Creative Media,LC0200A,SM1702A,15382,L01
2679,BSc Creative Media,LC0200A,SM2714,10986,C02
2679,BSc Creative Media,LC0200A,CS1103B,11249,L01
2679,BSc Creative Media,LC0200A,SM1701,11745,C01
2679,BSc Creative Media,LC0200A,LC0200A,12333,T40
2679,BSc Creative Media,LC0200A,SM1702A,15381,C01
2679,BSc Creative Media,LC0200A,SM1702A,15384,L03
2680,BSc Creative Media,LC0200A,LC0200A,10878,T09
2680,BSc Creative Media,LC0200A,SM2714,10986,C02
2680,BSc Creative Media,LC0200A,CS1103B,11249,L01
2680,BSc Creative Media,LC0200A,SM1701,11745,C01
2680,BSc Creative Media,LC0200A,SM1702A,15381,C01
2680,BSc Creative Media,LC0200A,SM1702A,15383,L02
2681,BSc Creative Media,LC0200A,SM2714,10986,C02
2681,BSc Creative Media,LC0200A,CS1103B,11249,L01
2681,BSc Creative Media,LC0200A,SM1701,12135,CA1
2681,BSc Creative Media,LC0200A,LC0200A,12333,T40
2681,BSc Creative Media,LC0200A,SM1702A,15381,C01
2681,BSc Creative Media,LC0200A,SM1702A,15384,L03
2682,BSc Creative Media,LC0200A,LC0200A,10878,T09
2682,BSc Creative Media,LC0200A,SM2714,10986,C02
2682,BSc Creative Media,LC0200A,CS1103B,11249,L01
2682,BSc Creative Media,LC0200A,SM1701,11745,C01
2682,BSc Creative Media,LC0200A,SM1702A,15381,C01
2682,BSc Creative Media,LC0200A,SM1702A,15383,L02
2683,BAS New Media,GE1401,GE1401,10689,T12
2683,BAS New Media,GE1401,SM1103A,11198,C01
2683,BAS New Media,GE1401,SM1701,12136,CA2
2683,BAS New Media,GE1401,SM1702A,15381,C01
2683,BAS New Media,GE1401,SM1702A,15383,L02
2684,BAS New Media,GE1401,GE1401,10695,T19
2684,BAS New Media,GE1401,SM1701,11745,C01
2684,BAS New Media,GE1401,SM1103A,15048,C04
2684,BAS New Media,GE1401,SM1702A,15381,C01
2684,BAS New Media,GE1401,SM1702A,15383,L02
2685,BAS New Media,GE1401,GE1401,10720,T53
2685,BAS New Media,GE1401,SM1701,11745,C01
2685,BAS New Media,GE1401,SM1103A,15048,C04
2685,BAS New Media,GE1401,SM1702A,15381,C01
2685,BAS New Media,GE1401,SM1702A,15382,L01
2686,BAS New Media,GE1401,SM1103A,11200,C03
2686,BAS New Media,GE1401,SM1701,12134,C02
2686,BAS New Media,GE1401,GE1401,15183,TC4
2686,BAS New Media,GE1401,SM1702A,15381,C01
2686,BAS New Media,GE1401,SM1702A,15387,L06
2687,BAS New Media,GE1401,GE1401,10695,T19
2687,BAS New Media,GE1401,SM1701,11745,C01
2687,BAS New Media,GE1401,SM1103A,15048,C04
2687,BAS New Media,GE1401,SM1702A,15381,C01
2687,BAS New Media,GE1401,SM1702A,15383,L02
2688,BAS New Media,GE1401,GE1401,10724,T57
2688,BAS New Media,GE1401,SM1103A,11200,C03
2688,BAS New Media,GE1401,SM1701,12134,C02
2688,BAS New Media,GE1401,SM1702A,15381,C01
2688,BAS New Media,GE1401,SM1702A,15382,L01
2689,BAS New Media,GE1401,GE1401,10705,T30
2689,BAS New Media,GE1401,SM1701,11745,C01
2689,BAS New Media,GE1401,SM1103A,15048,C04
2689,BAS New Media,GE1401,SM1702A,15381,C01
2689,BAS New Media,GE1401,SM1702A,15382,L01
2690,BAS New Media,GE1401,GE1401,10721,T54
2690,BAS New Media,GE1401,SM1103A,11199,C02
2690,BAS New Media,GE1401,SM1701,12134,C02
2690,BAS New Media,GE1401,SM1702A,15381,C01
2690,BAS New Media,GE1401,SM1702A,15386,L05
2691,BAS New Media,GE1401,SM1103A,11200,C03
2691,BAS New Media,GE1401,GE1401,11495,T77
2691,BAS New Media,GE1401,SM1701,12134,C02
2691,BAS New Media,GE1401,SM1702A,15381,C01
2691,BAS New Media,GE1401,SM1702A,15387,L06
2692,BAS New Media,GE1401,GE1401,10705,T30
2692,BAS New Media,GE1401,SM1701,11745,C01
2692,BAS New Media,GE1401,SM1103A,15048,C04
2692,BAS New Media,GE1401,SM1702A,15381,C01
2692,BAS New Media,GE1401,SM1702A,15383,L02
2693,BAS New Media,GE1401,SM1103A,11200,C03
2693,BAS New Media,GE1401,SM1701,12134,C02
2693,BAS New Media,GE1401,GE1401,15183,TC4
2693,BAS New Media,GE1401,SM1702A,15381,C01
2693,BAS New Media,GE1401,SM1702A,15387,L06
2694,BAS New Media,GE1401,SM1103A,11200,C03
2694,BAS New Media,GE1401,SM1701,12134,C02
2694,BAS New Media,GE1401,GE1401,13263,T92
2694,BAS New Media,GE1401,SM1702A,15381,C01
2694,BAS New Media,GE1401,SM1702A,15387,L06
2695,BAS New Media,GE1401,SM1103A,11200,C03
2695,BAS New Media,GE1401,SM1701,12134,C02
2695,BAS New Media,GE1401,GE1401,15183,TC4
2695,BAS New Media,GE1401,SM1702A,15381,C01
2695,BAS New Media,GE1401,SM1702A,15387,L06
2696,BAS New Media,GE1401,GE1401,10720,T53
2696,BAS New Media,GE1401,SM1701,11745,C01
2696,BAS New Media,GE1401,SM1103A,15048,C04
2696,BAS New Media,GE1401,SM1702A,15381,C01
2696,BAS New Media,GE1401,SM1702A,15382,L01
2697,BAS New Media,GE1401,SM1103A,11199,C02
2697,BAS New Media,GE1401,SM1701,12134,C02
2697,BAS New Media,GE1401,GE1401,13568,T96
2697,BAS New Media,GE1401,SM1702A,15381,C01
2697,BAS New Media,GE1401,SM1702A,15386,L05
2698,BAS New Media,GE1401,GE1401,10695,T19
2698,BAS New Media,GE1401,SM1701,11745,C01
2698,BAS New Media,GE1401,SM1103A,15048,C04
2698,BAS New Media,GE1401,SM1702A,15381,C01
2698,BAS New Media,GE1401,SM1702A,15383,L02
2699,BAS New Media,GE1401,GE1401,12126,T67
2699,BAS New Media,GE1401,SM1701,12135,CA1
2699,BAS New Media,GE1401,SM1103A,15048,C04
2699,BAS New Media,GE1401,SM1702A,15381,C01
2699,BAS New Media,GE1401,SM1702A,15384,L03
2700,BAS New Media,GE1401,SM1103A,11200,C03
2700,BAS New Media,GE1401,SM1701,12134,C02
2700,BAS New Media,GE1401,GE1401,15183,TC4
2700,BAS New Media,GE1401,SM1702A,15381,C01
2700,BAS New Media,GE1401,SM1702A,15387,L06
2701,BAS New Media,GE1401,SM1103A,11200,C03
2701,BAS New Media,GE1401,SM1701,12134,C02
2701,BAS New Media,GE1401,GE1401,15205,TC5
2701,BAS New Media,GE1401,SM1702A,15381,C01
2701,BAS New Media,GE1401,SM1702A,15387,L06
2702,BAS New Media,LC0200A,LC0200A,10885,T16
2702,BAS New Media,LC0200A,SM1103A,11200,C03
2702,BAS New Media,LC0200A,SM1701,12134,C02
2702,BAS New Media,LC0200A,SM1702A,15381,C01
2702,BAS New Media,LC0200A,SM1702A,15382,L01
2703,BAS New Media,LC0200A,LC0200A,10887,T19
2703,BAS New Media,LC0200A,SM1103A,11200,C03
2703,BAS New Media,LC0200A,SM1701,12134,C02
2703,BAS New Media,LC0200A,SM1702A,15381,C01
2703,BAS New Media,LC0200A,SM1702A,15386,L05
2704,BAS New Media,LC0200A,LC0200A,10885,T16
2704,BAS New Media,LC0200A,SM1103A,11200,C03
2704,BAS New Media,LC0200A,SM1701,12136,CA2
2704,BAS New Media,LC0200A,SM1702A,15381,C01
2704,BAS New Media,LC0200A,SM1702A,15383,L02
2705,BAS New Media,LC0200A,LC0200A,10887,T19
2705,BAS New Media,LC0200A,SM1103A,11200,C03
2705,BAS New Media,LC0200A,SM1701,12134,C02
2705,BAS New Media,LC0200A,SM1702A,15381,C01
2705,BAS New Media,LC0200A,SM1702A,15387,L06
2706,BAS New Media,LC0200A,LC0200A,10865,T05
2706,BAS New Media,LC0200A,SM1701,12136,CA2
2706,BAS New Media,LC0200A,SM1103A,12664,CA1
2706,BAS New Media,LC0200A,SM1702A,15388,CA1
2706,BAS New Media,LC0200A,SM1702A,15389,LA1
2707,BAS New Media,LC0200A,LC0200A,10865,T05
2707,BAS New Media,LC0200A,SM1701,12136,CA2
2707,BAS New Media,LC0200A,SM1103A,12664,CA1
2707,BAS New Media,LC0200A,SM1702A,15381,C01
2707,BAS New Media,LC0200A,SM1702A,15384,L03
2708,BAS New Media,LC0200A,LC0200A,10885,T16
2708,BAS New Media,LC0200A,SM1103A,11200,C03
2708,BAS New Media,LC0200A,SM1701,12134,C02
2708,BAS New Media,LC0200A,SM1702A,15381,C01
2708,BAS New Media,LC0200A,SM1702A,15382,L01
2709,BAS New Media,LC0200A,LC0200A,10885,T16
2709,BAS New Media,LC0200A,SM1103A,11200,C03
2709,BAS New Media,LC0200A,SM1701,12134,C02
2709,BAS New Media,LC0200A,SM1702A,15381,C01
2709,BAS New Media,LC0200A,SM1702A,15382,L01
2710,Bachelor of Laws (incl. LLB double degrees),GE1401,LW2602A,10109,CB1
2710,Bachelor of Laws (incl. LLB double degrees),GE1401,LW2603A,10126,CB1
2710,Bachelor of Laws (incl. LLB double degrees),GE1401,GE1401,10696,T20
2710,Bachelor of Laws (incl. LLB double degrees),GE1401,LW2601,12896,TB3
2710,Bachelor of Laws (incl. LLB double degrees),GE1401,LW2602A,13864,TB2
2710,Bachelor of Laws (incl. LLB double degrees),GE1401,LW2603A,13881,TB2
2710,Bachelor of Laws (incl. LLB double degrees),GE1401,LW2601,14506,CB1
2711,Bachelor of Laws (incl. LLB double degrees),GE1401,LW2601,10058,CA1
2711,Bachelor of Laws (incl. LLB double degrees),GE1401,LW2603A,10107,CA1
2711,Bachelor of Laws (incl. LLB double degrees),GE1401,LW2603A,10111,TA2
2711,Bachelor of Laws (incl. LLB double degrees),GE1401,LW2602A,10379,CA1
2711,Bachelor of Laws (incl. LLB double degrees),GE1401,GE1401,10684,T07
2711,Bachelor of Laws (incl. LLB double degrees),GE1401,LW2602A,12665,TA3
2711,Bachelor of Laws (incl. LLB double degrees),GE1401,LW2601,13579,TA5
2712,Bachelor of Laws (incl. LLB double degrees),GE1401,LW2601,10058,CA1
2712,Bachelor of Laws (incl. LLB double degrees),GE1401,LW2602A,10379,CA1
2712,Bachelor of Laws (incl. LLB double degrees),GE1401,GE1401,10681,T04
2712,Bachelor of Laws (incl. LLB double degrees),GE1401,LW2602A,12665,TA3
2712,Bachelor of Laws (incl. LLB double degrees),GE1401,LW2601,15005,TA7
2712,Bachelor of Laws (incl. LLB double degrees),GE1401,LW2603A,15610,CD1
2712,Bachelor of Laws (incl. LLB double degrees),GE1401,LW2603A,15611,TD1
2713,Bachelor of Laws (incl. LLB double degrees),GE1401,LW2603A,10107,CA1
2713,Bachelor of Laws (incl. LLB double degrees),GE1401,LW2603A,10111,TA2
2713,Bachelor of Laws (incl. LLB double degrees),GE1401,LW2602A,10379,CA1
2713,Bachelor of Laws (incl. LLB double degrees),GE1401,GE1401,10695,T19
2713,Bachelor of Laws (incl. LLB double degrees),GE1401,LW2602A,13563,TA4
2713,Bachelor of Laws (incl. LLB double degrees),GE1401,LW2601,14506,CB1
2713,Bachelor of Laws (incl. LLB double degrees),GE1401,LW2601,15007,TB5
2714,Bachelor of Laws (incl. LLB double degrees),GE1401,LW2601,10058,CA1
2714,Bachelor of Laws (incl. LLB double degrees),GE1401,LW2603A,10126,CB1
2714,Bachelor of Laws (incl. LLB double degrees),GE1401,LW2602A,10379,CA1
2714,Bachelor of Laws (incl. LLB double degrees),GE1401,GE1401,10696,T20
2714,Bachelor of Laws (incl. LLB double degrees),GE1401,LW2601,12155,TA3
2714,Bachelor of Laws (incl. LLB double degrees),GE1401,LW2602A,13563,TA4
2714,Bachelor of Laws (incl. LLB double degrees),GE1401,LW2603A,13881,TB2
2715,Bachelor of Laws (incl. LLB double degrees),GE1401,LW2603A,10107,CA1
2715,Bachelor of Laws (incl. LLB double degrees),GE1401,LW2602A,10109,CB1
2715,Bachelor of Laws (incl. LLB double degrees),GE1401,GE1401,10681,T04
2715,Bachelor of Laws (incl. LLB double degrees),GE1401,LW2602A,13864,TB2
2715,Bachelor of Laws (incl. LLB double degrees),GE1401,LW2603A,14534,TA5
2715,Bachelor of Laws (incl. LLB double degrees),GE1401,LW2601,15009,TC1
2715,Bachelor of Laws (incl. LLB double degrees),GE1401,LW2601,15604,CC1
2716,Bachelor of Laws (incl. LLB double degrees),GE1401,LW2603A,10107,CA1
2716,Bachelor of Laws (incl. LLB double degrees),GE1401,LW2602A,10379,CA1
2716,Bachelor of Laws (incl. LLB double degrees),GE1401,LW2602A,12665,TA3
2716,Bachelor of Laws (incl. LLB double degrees),GE1401,LW2601,14506,CB1
2716,Bachelor of Laws (incl. LLB double degrees),GE1401,LW2603A,14534,TA5
2716,Bachelor of Laws (incl. LLB double degrees),GE1401,LW2601,15008,TB6
2716,Bachelor of Laws (incl. LLB double degrees),GE1401,GE1401,15205,TC5
2717,Bachelor of Laws (incl. LLB double degrees),GE1401,LW2601,10058,CA1
2717,Bachelor of Laws (incl. LLB double degrees),GE1401,LW2603A,10126,CB1
2717,Bachelor of Laws (incl. LLB double degrees),GE1401,LW2602A,10379,CA1
2717,Bachelor of Laws (incl. LLB double degrees),GE1401,GE1401,10696,T20
2717,Bachelor of Laws (incl. LLB double degrees),GE1401,LW2601,12155,TA3
2717,Bachelor of Laws (incl. LLB double degrees),GE1401,LW2602A,13563,TA4
2717,Bachelor of Laws (incl. LLB double degrees),GE1401,LW2603A,13881,TB2
2718,Bachelor of Laws (incl. LLB double degrees),GE1401,LW2601,10058,CA1
2718,Bachelor of Laws (incl. LLB double degrees),GE1401,LW2602A,10379,CA1
2718,Bachelor of Laws (incl. LLB double degrees),GE1401,LW2602A,10380,TA2
2718,Bachelor of Laws (incl. LLB double degrees),GE1401,GE1401,10681,T04
2718,Bachelor of Laws (incl. LLB double degrees),GE1401,LW2603A,11183,CC1
2718,Bachelor of Laws (incl. LLB double degrees),GE1401,LW2603A,11184,TC1
2718,Bachelor of Laws (incl. LLB double degrees),GE1401,LW2601,14533,TA6
2719,Bachelor of Laws (incl. LLB double degrees),GE1401,LW2602A,10379,CA1
2719,Bachelor of Laws (incl. LLB double degrees),GE1401,LW2601,12382,TB1
2719,Bachelor of Laws (incl. LLB double degrees),GE1401,GE1401,12735,T74
2719,Bachelor of Laws (incl. LLB double degrees),GE1401,LW2601,14506,CB1
2719,Bachelor of Laws (incl. LLB double degrees),GE1401,LW2602A,15010,TA5
2719,Bachelor of Laws (incl. LLB double degrees),GE1401,LW2603A,15610,CD1
2719,Bachelor of Laws (incl. LLB double degrees),GE1401,LW2603A,15611,TD1
2720,Bachelor of Laws (incl. LLB double degrees),GE1401,LW2601,10058,CA1
2720,Bachelor of Laws (incl. LLB double degrees),GE1401,LW2603A,10107,CA1
2720,Bachelor of Laws (incl. LLB double degrees),GE1401,LW2602A,10109,CB1
2720,Bachelor of Laws (incl. LLB double degrees),GE1401,LW2602A,13864,TB2
2720,Bachelor of Laws (incl. LLB double degrees),GE1401,LW2603A,14534,TA5
2720,Bachelor of Laws (incl. LLB double degrees),GE1401,LW2601,15005,TA7
2720,Bachelor of Laws (incl. LLB double degrees),GE1401,GE1401,15206,TC6
2721,Bachelor of Laws (incl. LLB double degrees),GE1401,LW2601,10058,CA1
2721,Bachelor of Laws (incl. LLB double degrees),GE1401,LW2603A,10107,CA1
2721,Bachelor of Laws (incl. LLB double degrees),GE1401,LW2603A,10111,TA2
2721,Bachelor of Laws (incl. LLB double degrees),GE1401,LW2602A,10379,CA1
2721,Bachelor of Laws (incl. LLB double degrees),GE1401,GE1401,10701,T25
2721,Bachelor of Laws (incl. LLB double degrees),GE1401,LW2601,12155,TA3
2721,Bachelor of Laws (incl. LLB double degrees),GE1401,LW2602A,13563,TA4
2722,Bachelor of Laws (incl. LLB double degrees),GE1401,LW2601,10058,CA1
2722,Bachelor of Laws (incl. LLB double degrees),GE1401,LW2603A,10107,CA1
2722,Bachelor of Laws (incl. LLB double degrees),GE1401,LW2602A,10379,CA1
2722,Bachelor of Laws (incl. LLB double degrees),GE1401,GE1401,12814,T91
2722,Bachelor of Laws (incl. LLB double degrees),GE1401,LW2603A,12898,TA4
2722,Bachelor of Laws (incl. LLB double degrees),GE1401,LW2601,14533,TA6
2722,Bachelor of Laws (incl. LLB double degrees),GE1401,LW2602A,15010,TA5
2723,Bachelor of Laws (incl. LLB double degrees),GE1401,LW2601,10058,CA1
2723,Bachelor of Laws (incl. LLB double degrees),GE1401,LW2602A,10379,CA1
2723,Bachelor of Laws (incl. LLB double degrees),GE1401,LW2602A,10380,TA2
2723,Bachelor of Laws (incl. LLB double degrees),GE1401,GE1401,10681,T04
2723,Bachelor of Laws (incl. LLB double degrees),GE1401,LW2603A,11183,CC1
2723,Bachelor of Laws (incl. LLB double degrees),GE1401,LW2603A,11184,TC1
2723,Bachelor of Laws (incl. LLB double degrees),GE1401,LW2601,14533,TA6
2724,Bachelor of Laws (incl. LLB double degrees),GE1401,LW2601,10058,CA1
2724,Bachelor of Laws (incl. LLB double degrees),GE1401,LW2603A,10107,CA1
2724,Bachelor of Laws (incl. LLB double degrees),GE1401,LW2602A,10379,CA1
2724,Bachelor of Laws (incl. LLB double degrees),GE1401,GE1401,10687,T10
2724,Bachelor of Laws (incl. LLB double degrees),GE1401,LW2602A,12665,TA3
2724,Bachelor of Laws (incl. LLB double degrees),GE1401,LW2603A,14534,TA5
2724,Bachelor of Laws (incl. LLB double degrees),GE1401,LW2601,15005,TA7
2725,Bachelor of Laws (incl. LLB double degrees),GE1401,LW2601,10058,CA1
2725,Bachelor of Laws (incl. LLB double degrees),GE1401,LW2603A,10107,CA1
2725,Bachelor of Laws (incl. LLB double degrees),GE1401,LW2602A,10379,CA1
2725,Bachelor of Laws (incl. LLB double degrees),GE1401,GE1401,11497,T81
2725,Bachelor of Laws (incl. LLB double degrees),GE1401,LW2603A,12898,TA4
2725,Bachelor of Laws (incl. LLB double degrees),GE1401,LW2601,14533,TA6
2725,Bachelor of Laws (incl. LLB double degrees),GE1401,LW2602A,15010,TA5
2726,Bachelor of Laws (incl. LLB double degrees),GE1401,LW2601,10058,CA1
2726,Bachelor of Laws (incl. LLB double degrees),GE1401,LW2602A,10379,CA1
2726,Bachelor of Laws (incl. LLB double degrees),GE1401,GE1401,10681,T04
2726,Bachelor of Laws (incl. LLB double degrees),GE1401,LW2603A,11183,CC1
2726,Bachelor of Laws (incl. LLB double degrees),GE1401,LW2603A,11184,TC1
2726,Bachelor of Laws (incl. LLB double degrees),GE1401,LW2602A,12665,TA3
2726,Bachelor of Laws (incl. LLB double degrees),GE1401,LW2601,15005,TA7
2727,Bachelor of Laws (incl. LLB double degrees),GE1401,LW2601,10058,CA1
2727,Bachelor of Laws (incl. LLB double degrees),GE1401,LW2602A,10379,CA1
2727,Bachelor of Laws (incl. LLB double degrees),GE1401,GE1401,10681,T04
2727,Bachelor of Laws (incl. LLB double degrees),GE1401,LW2603A,11183,CC1
2727,Bachelor of Laws (incl. LLB double degrees),GE1401,LW2603A,11184,TC1
2727,Bachelor of Laws (incl. LLB double degrees),GE1401,LW2602A,12665,TA3
2727,Bachelor of Laws (incl. LLB double degrees),GE1401,LW2601,15005,TA7
2728,Bachelor of Laws (incl. LLB double degrees),GE1401,LW2601,10058,CA1
2728,Bachelor of Laws (incl. LLB double degrees),GE1401,LW2603A,10126,CB1
2728,Bachelor of Laws (incl. LLB double degrees),GE1401,LW2602A,10379,CA1
2728,Bachelor of Laws (incl. LLB double degrees),GE1401,GE1401,10701,T25
2728,Bachelor of Laws (incl. LLB double degrees),GE1401,LW2601,12155,TA3
2728,Bachelor of Laws (incl. LLB double degrees),GE1401,LW2602A,13563,TA4
2728,Bachelor of Laws (incl. LLB double degrees),GE1401,LW2603A,13881,TB2
2729,Bachelor of Laws (incl. LLB double degrees),GE1401,LW2603A,10107,CA1
2729,Bachelor of Laws (incl. LLB double degrees),GE1401,LW2603A,10111,TA2
2729,Bachelor of Laws (incl. LLB double degrees),GE1401,LW2602A,10379,CA1
2729,Bachelor of Laws (incl. LLB double degrees),GE1401,GE1401,10705,T30
2729,Bachelor of Laws (incl. LLB double degrees),GE1401,LW2602A,12665,TA3
2729,Bachelor of Laws (incl. LLB double degrees),GE1401,LW2601,14506,CB1
2729,Bachelor of Laws (incl. LLB double degrees),GE1401,LW2601,15006,TB4
2730,Bachelor of Laws (incl. LLB double degrees),GE1401,LW2603A,10107,CA1
2730,Bachelor of Laws (incl. LLB double degrees),GE1401,LW2603A,10111,TA2
2730,Bachelor of Laws (incl. LLB double degrees),GE1401,LW2602A,10379,CA1
2730,Bachelor of Laws (incl. LLB double degrees),GE1401,GE1401,10695,T19
2730,Bachelor of Laws (incl. LLB double degrees),GE1401,LW2602A,13563,TA4
2730,Bachelor of Laws (incl. LLB double degrees),GE1401,LW2601,14506,CB1
2730,Bachelor of Laws (incl. LLB double degrees),GE1401,LW2601,15007,TB5
2731,Bachelor of Laws (incl. LLB double degrees),GE1401,LW2601,10058,CA1
2731,Bachelor of Laws (incl. LLB double degrees),GE1401,LW2602A,10379,CA1
2731,Bachelor of Laws (incl. LLB double degrees),GE1401,GE1401,10681,T04
2731,Bachelor of Laws (incl. LLB double degrees),GE1401,LW2602A,12665,TA3
2731,Bachelor of Laws (incl. LLB double degrees),GE1401,LW2601,15005,TA7
2731,Bachelor of Laws (incl. LLB double degrees),GE1401,LW2603A,15610,CD1
2731,Bachelor of Laws (incl. LLB double degrees),GE1401,LW2603A,15611,TD1
2732,Bachelor of Laws (incl. LLB double degrees),GE1401,LW2602A,10379,CA1
2732,Bachelor of Laws (incl. LLB double degrees),GE1401,GE1401,10696,T20
2732,Bachelor of Laws (incl. LLB double degrees),GE1401,LW2601,12896,TB3
2732,Bachelor of Laws (incl. LLB double degrees),GE1401,LW2602A,13563,TA4
2732,Bachelor of Laws (incl. LLB double degrees),GE1401,LW2601,14506,CB1
2732,Bachelor of Laws (incl. LLB double degrees),GE1401,LW2603A,15610,CD1
2732,Bachelor of Laws (incl. LLB double degrees),GE1401,LW2603A,15611,TD1
2733,Bachelor of Laws (incl. LLB double degrees),GE1401,LW2601,10058,CA1
2733,Bachelor of Laws (incl. LLB double degrees),GE1401,LW2603A,10126,CB1
2733,Bachelor of Laws (incl. LLB double degrees),GE1401,LW2602A,10379,CA1
2733,Bachelor of Laws (incl. LLB double degrees),GE1401,GE1401,10696,T20
2733,Bachelor of Laws (incl. LLB double degrees),GE1401,LW2601,12155,TA3
2733,Bachelor of Laws (incl. LLB double degrees),GE1401,LW2602A,13563,TA4
2733,Bachelor of Laws (incl. LLB double degrees),GE1401,LW2603A,13881,TB2
2734,Bachelor of Laws (incl. LLB double degrees),GE1401,LW2601,10058,CA1
2734,Bachelor of Laws (incl. LLB double degrees),GE1401,LW2603A,10107,CA1
2734,Bachelor of Laws (incl. LLB double degrees),GE1401,LW2602A,10379,CA1
2734,Bachelor of Laws (incl. LLB double degrees),GE1401,GE1401,11497,T81
2734,Bachelor of Laws (incl. LLB double degrees),GE1401,LW2603A,12898,TA4
2734,Bachelor of Laws (incl. LLB double degrees),GE1401,LW2601,14533,TA6
2734,Bachelor of Laws (incl. LLB double degrees),GE1401,LW2602A,15011,TA6
2735,Bachelor of Laws (incl. LLB double degrees),GE1401,LW2601,10058,CA1
2735,Bachelor of Laws (incl. LLB double degrees),GE1401,LW2603A,10107,CA1
2735,Bachelor of Laws (incl. LLB double degrees),GE1401,LW2602A,10109,CB1
2735,Bachelor of Laws (incl. LLB double degrees),GE1401,GE1401,10681,T04
2735,Bachelor of Laws (incl. LLB double degrees),GE1401,LW2602A,13864,TB2
2735,Bachelor of Laws (incl. LLB double degrees),GE1401,LW2601,14533,TA6
2735,Bachelor of Laws (incl. LLB double degrees),GE1401,LW2603A,14534,TA5
2736,Bachelor of Laws (incl. LLB double degrees),GE1401,LW2601,10058,CA1
2736,Bachelor of Laws (incl. LLB double degrees),GE1401,LW2603A,10107,CA1
2736,Bachelor of Laws (incl. LLB double degrees),GE1401,LW2602A,10379,CA1
2736,Bachelor of Laws (incl. LLB double degrees),GE1401,GE1401,10701,T25
2736,Bachelor of Laws (incl. LLB double degrees),GE1401,LW2602A,13563,TA4
2736,Bachelor of Laws (incl. LLB double degrees),GE1401,LW2603A,14534,TA5
2736,Bachelor of Laws (incl. LLB double degrees),GE1401,LW2601,15005,TA7
2737,Bachelor of Laws (incl. LLB double degrees),GE1401,LW2601,10058,CA1
2737,Bachelor of Laws (incl. LLB double degrees),GE1401,LW2603A,10107,CA1
2737,Bachelor of Laws (incl. LLB double degrees),GE1401,LW2602A,10379,CA1
2737,Bachelor of Laws (incl. LLB double degrees),GE1401,LW2602A,10380,TA2
2737,Bachelor of Laws (incl. LLB double degrees),GE1401,GE1401,12119,T18
2737,Bachelor of Laws (incl. LLB double degrees),GE1401,LW2601,14533,TA6
2737,Bachelor of Laws (incl. LLB double degrees),GE1401,LW2603A,14534,TA5
2738,Bachelor of Laws (incl. LLB double degrees),GE1401,LW2601,10058,CA1
2738,Bachelor of Laws (incl. LLB double degrees),GE1401,LW2603A,10107,CA1
2738,Bachelor of Laws (incl. LLB double degrees),GE1401,LW2603A,10111,TA2
2738,Bachelor of Laws (incl. LLB double degrees),GE1401,LW2602A,10379,CA1
2738,Bachelor of Laws (incl. LLB double degrees),GE1401,GE1401,10701,T25
2738,Bachelor of Laws (incl. LLB double degrees),GE1401,LW2601,12155,TA3
2738,Bachelor of Laws (incl. LLB double degrees),GE1401,LW2602A,13563,TA4
2739,Bachelor of Laws (incl. LLB double degrees),GE1401,LW2603A,10107,CA1
2739,Bachelor of Laws (incl. LLB double degrees),GE1401,LW2602A,10109,CB1
2739,Bachelor of Laws (incl. LLB double degrees),GE1401,GE1401,10681,T04
2739,Bachelor of Laws (incl. LLB double degrees),GE1401,LW2602A,13864,TB2
2739,Bachelor of Laws (incl. LLB double degrees),GE1401,LW2603A,14534,TA5
2739,Bachelor of Laws (incl. LLB double degrees),GE1401,LW2601,15009,TC1
2739,Bachelor of Laws (incl. LLB double degrees),GE1401,LW2601,15604,CC1
2740,Bachelor of Laws (incl. LLB double degrees),GE1401,LW2601,10058,CA1
2740,Bachelor of Laws (incl. LLB double degrees),GE1401,LW2602A,10379,CA1
2740,Bachelor of Laws (incl. LLB double degrees),GE1401,LW2602A,10380,TA2
2740,Bachelor of Laws (incl. LLB double degrees),GE1401,LW2603A,11183,CC1
2740,Bachelor of Laws (incl. LLB double degrees),GE1401,LW2603A,11184,TC1
2740,Bachelor of Laws (incl. LLB double degrees),GE1401,GE1401,12119,T18
2740,Bachelor of Laws (incl. LLB double degrees),GE1401,LW2601,14533,TA6
2741,Bachelor of Laws (incl. LLB double degrees),GE1401,LW2601,10058,CA1
2741,Bachelor of Laws (incl. LLB double degrees),GE1401,LW2603A,10126,CB1
2741,Bachelor of Laws (incl. LLB double degrees),GE1401,LW2602A,10379,CA1
2741,Bachelor of Laws (incl. LLB double degrees),GE1401,GE1401,10701,T25
2741,Bachelor of Laws (incl. LLB double degrees),GE1401,LW2601,12155,TA3
2741,Bachelor of Laws (incl. LLB double degrees),GE1401,LW2602A,13563,TA4
2741,Bachelor of Laws (incl. LLB double degrees),GE1401,LW2603A,13881,TB2
2742,Bachelor of Laws (incl. LLB double degrees),GE1401,LW2603A,10107,CA1
2742,Bachelor of Laws (incl. LLB double degrees),GE1401,LW2603A,10111,TA2
2742,Bachelor of Laws (incl. LLB double degrees),GE1401,LW2602A,10379,CA1
2742,Bachelor of Laws (incl. LLB double degrees),GE1401,GE1401,10705,T30
2742,Bachelor of Laws (incl. LLB double degrees),GE1401,LW2602A,12665,TA3
2742,Bachelor of Laws (incl. LLB double degrees),GE1401,LW2601,14506,CB1
2742,Bachelor of Laws (incl. LLB double degrees),GE1401,LW2601,15006,TB4
2743,Bachelor of Laws (incl. LLB double degrees),GE1401,LW2603A,10107,CA1
2743,Bachelor of Laws (incl. LLB double degrees),GE1401,LW2602A,10379,CA1
2743,Bachelor of Laws (incl. LLB double degrees),GE1401,LW2602A,12665,TA3
2743,Bachelor of Laws (incl. LLB double degrees),GE1401,LW2601,14506,CB1
2743,Bachelor of Laws (incl. LLB double degrees),GE1401,LW2603A,14534,TA5
2743,Bachelor of Laws (incl. LLB double degrees),GE1401,LW2601,15008,TB6
2743,Bachelor of Laws (incl. LLB double degrees),GE1401,GE1401,15205,TC5
2744,Bachelor of Laws (incl. LLB double degrees),GE1401,LW2601,10058,CA1
2744,Bachelor of Laws (incl. LLB double degrees),GE1401,LW2603A,10126,CB1
2744,Bachelor of Laws (incl. LLB double degrees),GE1401,LW2602A,10379,CA1
2744,Bachelor of Laws (incl. LLB double degrees),GE1401,GE1401,10701,T25
2744,Bachelor of Laws (incl. LLB double degrees),GE1401,LW2601,12155,TA3
2744,Bachelor of Laws (incl. LLB double degrees),GE1401,LW2602A,13563,TA4
2744,Bachelor of Laws (incl. LLB double degrees),GE1401,LW2603A,13881,TB2
2745,Bachelor of Laws (incl. LLB double degrees),GE1401,LW2601,10058,CA1
2745,Bachelor of Laws (incl. LLB double degrees),GE1401,LW2602A,10109,CB1
2745,Bachelor of Laws (incl. LLB double degrees),GE1401,GE1401,10681,T04
2745,Bachelor of Laws (incl. LLB double degrees),GE1401,LW2602A,13864,TB2
2745,Bachelor of Laws (incl. LLB double degrees),GE1401,LW2601,15005,TA7
2745,Bachelor of Laws (incl. LLB double degrees),GE1401,LW2603A,15610,CD1
2745,Bachelor of Laws (incl. LLB double degrees),GE1401,LW2603A,15611,TD1
2746,Bachelor of Laws (incl. LLB double degrees),GE1401,LW2603A,10107,CA1
2746,Bachelor of Laws (incl. LLB double degrees),GE1401,LW2602A,10379,CA1
2746,Bachelor of Laws (incl. LLB double degrees),GE1401,GE1401,10681,T04
2746,Bachelor of Laws (incl. LLB double degrees),GE1401,LW2602A,12665,TA3
2746,Bachelor of Laws (incl. LLB double degrees),GE1401,LW2601,14506,CB1
2746,Bachelor of Laws (incl. LLB double degrees),GE1401,LW2603A,14534,TA5
2746,Bachelor of Laws (incl. LLB double degrees),GE1401,LW2601,15008,TB6
2747,Bachelor of Laws (incl. LLB double degrees),GE1401,LW2601,10058,CA1
2747,Bachelor of Laws (incl. LLB double degrees),GE1401,LW2603A,10107,CA1
2747,Bachelor of Laws (incl. LLB double degrees),GE1401,LW2602A,10379,CA1
2747,Bachelor of Laws (incl. LLB double degrees),GE1401,GE1401,13573,TB2
2747,Bachelor of Laws (incl. LLB double degrees),GE1401,LW2601,14533,TA6
2747,Bachelor of Laws (incl. LLB double degrees),GE1401,LW2603A,14534,TA5
2747,Bachelor of Laws (incl. LLB double degrees),GE1401,LW2602A,15011,TA6
2748,Bachelor of Laws (incl. LLB double degrees),GE1401,LW2601,10058,CA1
2748,Bachelor of Laws (incl. LLB double degrees),GE1401,LW2603A,10107,CA1
2748,Bachelor of Laws (incl. LLB double degrees),GE1401,LW2602A,10109,CB1
2748,Bachelor of Laws (incl. LLB double degrees),GE1401,LW2602A,13864,TB2
2748,Bachelor of Laws (incl. LLB double degrees),GE1401,LW2603A,14534,TA5
2748,Bachelor of Laws (incl. LLB double degrees),GE1401,LW2601,15005,TA7
2748,Bachelor of Laws (incl. LLB double degrees),GE1401,GE1401,15206,TC6
2749,Bachelor of Laws (incl. LLB double degrees),GE1401,LW2601,10058,CA1
2749,Bachelor of Laws (incl. LLB double degrees),GE1401,LW2603A,10107,CA1
2749,Bachelor of Laws (incl. LLB double degrees),GE1401,LW2602A,10379,CA1
2749,Bachelor of Laws (incl. LLB double degrees),GE1401,GE1401,11497,T81
2749,Bachelor of Laws (incl. LLB double degrees),GE1401,LW2603A,12898,TA4
2749,Bachelor of Laws (incl. LLB double degrees),GE1401,LW2601,14533,TA6
2749,Bachelor of Laws (incl. LLB double degrees),GE1401,LW2602A,15011,TA6
2750,Bachelor of Laws (incl. LLB double degrees),GE1401,LW2601,10058,CA1
2750,Bachelor of Laws (incl. LLB double degrees),GE1401,LW2602A,10379,CA1
2750,Bachelor of Laws (incl. LLB double degrees),GE1401,LW2602A,10380,TA2
2750,Bachelor of Laws (incl. LLB double degrees),GE1401,GE1401,10714,T43
2750,Bachelor of Laws (incl. LLB double degrees),GE1401,LW2603A,11183,CC1
2750,Bachelor of Laws (incl. LLB double degrees),GE1401,LW2603A,11184,TC1
2750,Bachelor of Laws (incl. LLB double degrees),GE1401,LW2601,14533,TA6
2751,Bachelor of Laws (incl. LLB double degrees),GE1401,LW2603A,10107,CA1
2751,Bachelor of Laws (incl. LLB double degrees),GE1401,LW2603A,10111,TA2
2751,Bachelor of Laws (incl. LLB double degrees),GE1401,LW2602A,10379,CA1
2751,Bachelor of Laws (incl. LLB double degrees),GE1401,GE1401,10694,T17
2751,Bachelor of Laws (incl. LLB double degrees),GE1401,LW2602A,12665,TA3
2751,Bachelor of Laws (incl. LLB double degrees),GE1401,LW2601,14506,CB1
2751,Bachelor of Laws (incl. LLB double degrees),GE1401,LW2601,15006,TB4
2752,Bachelor of Laws (incl. LLB double degrees),GE1401,LW2601,10058,CA1
2752,Bachelor of Laws (incl. LLB double degrees),GE1401,LW2603A,10107,CA1
2752,Bachelor of Laws (incl. LLB double degrees),GE1401,LW2603A,10111,TA2
2752,Bachelor of Laws (incl. LLB double degrees),GE1401,LW2602A,10379,CA1
2752,Bachelor of Laws (incl. LLB double degrees),GE1401,GE1401,10684,T07
2752,Bachelor of Laws (incl. LLB double degrees),GE1401,LW2602A,13563,TA4
2752,Bachelor of Laws (incl. LLB double degrees),GE1401,LW2601,13579,TA5
2753,Bachelor of Laws (incl. LLB double degrees),GE1401,LW2602A,10109,CB1
2753,Bachelor of Laws (incl. LLB double degrees),GE1401,LW2603A,10126,CB1
2753,Bachelor of Laws (incl. LLB double degrees),GE1401,GE1401,10696,T20
2753,Bachelor of Laws (incl. LLB double degrees),GE1401,LW2601,12896,TB3
2753,Bachelor of Laws (incl. LLB double degrees),GE1401,LW2602A,13864,TB2
2753,Bachelor of Laws (incl. LLB double degrees),GE1401,LW2603A,13881,TB2
2753,Bachelor of Laws (incl. LLB double degrees),GE1401,LW2601,14506,CB1
2754,Bachelor of Laws (incl. LLB double degrees),GE1401,LW2603A,10107,CA1
2754,Bachelor of Laws (incl. LLB double degrees),GE1401,LW2603A,10111,TA2
2754,Bachelor of Laws (incl. LLB double degrees),GE1401,LW2602A,10379,CA1
2754,Bachelor of Laws (incl. LLB double degrees),GE1401,GE1401,10695,T19
2754,Bachelor of Laws (incl. LLB double degrees),GE1401,LW2602A,13563,TA4
2754,Bachelor of Laws (incl. LLB double degrees),GE1401,LW2601,14506,CB1
2754,Bachelor of Laws (incl. LLB double degrees),GE1401,LW2601,15007,TB5
2755,Bachelor of Laws (incl. LLB double degrees),GE1401,LW2601,10058,CA1
2755,Bachelor of Laws (incl. LLB double degrees),GE1401,LW2602A,10109,CB1
2755,Bachelor of Laws (incl. LLB double degrees),GE1401,LW2603A,11183,CC1
2755,Bachelor of Laws (incl. LLB double degrees),GE1401,LW2603A,11184,TC1
2755,Bachelor of Laws (incl. LLB double degrees),GE1401,LW2602A,13864,TB2
2755,Bachelor of Laws (incl. LLB double degrees),GE1401,LW2601,15005,TA7
2755,Bachelor of Laws (incl. LLB double degrees),GE1401,GE1401,15206,TC6
2756,Bachelor of Laws (incl. LLB double degrees),GE1401,LW2601,10058,CA1
2756,Bachelor of Laws (incl. LLB double degrees),GE1401,LW2603A,10126,CB1
2756,Bachelor of Laws (incl. LLB double degrees),GE1401,LW2602A,10379,CA1
2756,Bachelor of Laws (incl. LLB double degrees),GE1401,GE1401,10701,T25
2756,Bachelor of Laws (incl. LLB double degrees),GE1401,LW2601,12155,TA3
2756,Bachelor of Laws (incl. LLB double degrees),GE1401,LW2602A,13563,TA4
2756,Bachelor of Laws (incl. LLB double degrees),GE1401,LW2603A,13881,TB2
2757,Bachelor of Laws (incl. LLB double degrees),GE1401,LW2601,10058,CA1
2757,Bachelor of Laws (incl. LLB double degrees),GE1401,LW2602A,10379,CA1
2757,Bachelor of Laws (incl. LLB double degrees),GE1401,LW2602A,10380,TA2
2757,Bachelor of Laws (incl. LLB double degrees),GE1401,GE1401,10714,T43
2757,Bachelor of Laws (incl. LLB double degrees),GE1401,LW2603A,11183,CC1
2757,Bachelor of Laws (incl. LLB double degrees),GE1401,LW2603A,11184,TC1
2757,Bachelor of Laws (incl. LLB double degrees),GE1401,LW2601,14533,TA6
2758,Bachelor of Laws (incl. LLB double degrees),GE1401,LW2603A,10107,CA1
2758,Bachelor of Laws (incl. LLB double degrees),GE1401,LW2602A,10109,CB1
2758,Bachelor of Laws (incl. LLB double degrees),GE1401,GE1401,10681,T04
2758,Bachelor of Laws (incl. LLB double degrees),GE1401,LW2602A,13864,TB2
2758,Bachelor of Laws (incl. LLB double degrees),GE1401,LW2603A,14534,TA5
2758,Bachelor of Laws (incl. LLB double degrees),GE1401,LW2601,15009,TC1
2758,Bachelor of Laws (incl. LLB double degrees),GE1401,LW2601,15604,CC1
2759,Bachelor of Laws (incl. LLB double degrees),GE1401,LW2603A,10107,CA1
2759,Bachelor of Laws (incl. LLB double degrees),GE1401,LW2603A,10111,TA2
2759,Bachelor of Laws (incl. LLB double degrees),GE1401,LW2602A,10379,CA1
2759,Bachelor of Laws (incl. LLB double degrees),GE1401,GE1401,10695,T19
2759,Bachelor of Laws (incl. LLB double degrees),GE1401,LW2602A,13563,TA4
2759,Bachelor of Laws (incl. LLB double degrees),GE1401,LW2601,14506,CB1
2759,Bachelor of Laws (incl. LLB double degrees),GE1401,LW2601,15007,TB5
2760,Bachelor of Laws (incl. LLB double degrees),GE1401,LW2601,10058,CA1
2760,Bachelor of Laws (incl. LLB double degrees),GE1401,LW2603A,10107,CA1
2760,Bachelor of Laws (incl. LLB double degrees),GE1401,LW2602A,10379,CA1
2760,Bachelor of Laws (incl. LLB double degrees),GE1401,GE1401,10681,T04
2760,Bachelor of Laws (incl. LLB double degrees),GE1401,LW2602A,13563,TA4
2760,Bachelor of Laws (incl. LLB double degrees),GE1401,LW2603A,14534,TA5
2760,Bachelor of Laws (incl. LLB double degrees),GE1401,LW2601,15005,TA7
2761,Bachelor of Laws (incl. LLB double degrees),GE1401,LW2601,10058,CA1
2761,Bachelor of Laws (incl. LLB double degrees),GE1401,LW2603A,10107,CA1
2761,Bachelor of Laws (incl. LLB double degrees),GE1401,LW2603A,10111,TA2
2761,Bachelor of Laws (incl. LLB double degrees),GE1401,LW2602A,10379,CA1
2761,Bachelor of Laws (incl. LLB double degrees),GE1401,GE1401,10701,T25
2761,Bachelor of Laws (incl. LLB double degrees),GE1401,LW2601,12155,TA3
2761,Bachelor of Laws (incl. LLB double degrees),GE1401,LW2602A,13563,TA4
2762,Bachelor of Laws (incl. LLB double degrees),GE1401,LW2601,10058,CA1
2762,Bachelor of Laws (incl. LLB double degrees),GE1401,LW2603A,10126,CB1
2762,Bachelor of Laws (incl. LLB double degrees),GE1401,LW2602A,10379,CA1
2762,Bachelor of Laws (incl. LLB double degrees),GE1401,GE1401,10696,T20
2762,Bachelor of Laws (incl. LLB double degrees),GE1401,LW2601,12155,TA3
2762,Bachelor of Laws (incl. LLB double degrees),GE1401,LW2602A,13563,TA4
2762,Bachelor of Laws (incl. LLB double degrees),GE1401,LW2603A,13881,TB2
2763,Bachelor of Laws (incl. LLB double degrees),GE1401,LW2601,10058,CA1
2763,Bachelor of Laws (incl. LLB double degrees),GE1401,LW2603A,10107,CA1
2763,Bachelor of Laws (incl. LLB double degrees),GE1401,LW2602A,10379,CA1
2763,Bachelor of Laws (incl. LLB double degrees),GE1401,GE1401,12814,T91
2763,Bachelor of Laws (incl. LLB double degrees),GE1401,LW2603A,12898,TA4
2763,Bachelor of Laws (incl. LLB double degrees),GE1401,LW2601,14533,TA6
2763,Bachelor of Laws (incl. LLB double degrees),GE1401,LW2602A,15010,TA5
2764,Bachelor of Laws (incl. LLB double degrees),GE1401,LW2603A,10107,CA1
2764,Bachelor of Laws (incl. LLB double degrees),GE1401,LW2602A,10379,CA1
2764,Bachelor of Laws (incl. LLB double degrees),GE1401,GE1401,10681,T04
2764,Bachelor of Laws (incl. LLB double degrees),GE1401,LW2601,12382,TB1
2764,Bachelor of Laws (incl. LLB double degrees),GE1401,LW2602A,12665,TA3
2764,Bachelor of Laws (incl. LLB double degrees),GE1401,LW2601,14506,CB1
2764,Bachelor of Laws (incl. LLB double degrees),GE1401,LW2603A,14534,TA5
2765,Bachelor of Laws (incl. LLB double degrees),GE1401,LW2601,10058,CA1
2765,Bachelor of Laws (incl. LLB double degrees),GE1401,LW2603A,10126,CB1
2765,Bachelor of Laws (incl. LLB double degrees),GE1401,LW2602A,10379,CA1
2765,Bachelor of Laws (incl. LLB double degrees),GE1401,GE1401,10696,T20
2765,Bachelor of Laws (incl. LLB double degrees),GE1401,LW2601,12155,TA3
2765,Bachelor of Laws (incl. LLB double degrees),GE1401,LW2602A,13563,TA4
2765,Bachelor of Laws (incl. LLB double degrees),GE1401,LW2603A,13881,TB2
2766,Bachelor of Laws (incl. LLB double degrees),GE1401,LW2601,10058,CA1
2766,Bachelor of Laws (incl. LLB double degrees),GE1401,LW2603A,10107,CA1
2766,Bachelor of Laws (incl. LLB double degrees),GE1401,LW2602A,10109,CB1
2766,Bachelor of Laws (incl. LLB double degrees),GE1401,LW2602A,13864,TB2
2766,Bachelor of Laws (incl. LLB double degrees),GE1401,LW2603A,14534,TA5
2766,Bachelor of Laws (incl. LLB double degrees),GE1401,LW2601,15005,TA7
2766,Bachelor of Laws (incl. LLB double degrees),GE1401,GE1401,15206,TC6
2767,Bachelor of Laws (incl. LLB double degrees),GE1401,LW2601,10058,CA1
2767,Bachelor of Laws (incl. LLB double degrees),GE1401,LW2602A,10379,CA1
2767,Bachelor of Laws (incl. LLB double degrees),GE1401,LW2602A,10380,TA2
2767,Bachelor of Laws (incl. LLB double degrees),GE1401,LW2603A,11183,CC1
2767,Bachelor of Laws (incl. LLB double degrees),GE1401,LW2603A,11184,TC1
2767,Bachelor of Laws (incl. LLB double degrees),GE1401,GE1401,12119,T18
2767,Bachelor of Laws (incl. LLB double degrees),GE1401,LW2601,14533,TA6
2768,Bachelor of Laws (incl. LLB double degrees),GE1401,LW2601,10058,CA1
2768,Bachelor of Laws (incl. LLB double degrees),GE1401,LW2603A,10126,CB1
2768,Bachelor of Laws (incl. LLB double degrees),GE1401,LW2602A,10379,CA1
2768,Bachelor of Laws (incl. LLB double degrees),GE1401,GE1401,10701,T25
2768,Bachelor of Laws (incl. LLB double degrees),GE1401,LW2601,12155,TA3
2768,Bachelor of Laws (incl. LLB double degrees),GE1401,LW2602A,13563,TA4
2768,Bachelor of Laws (incl. LLB double degrees),GE1401,LW2603A,13881,TB2
2769,Bachelor of Laws (incl. LLB double degrees),LC0200A,LW2601,10058,CA1
2769,Bachelor of Laws (incl. LLB double degrees),LC0200A,LW2603A,10107,CA1
2769,Bachelor of Laws (incl. LLB double degrees),LC0200A,LW2602A,10379,CA1
2769,Bachelor of Laws (incl. LLB double degrees),LC0200A,LC0200A,10864,T04
2769,Bachelor of Laws (incl. LLB double degrees),LC0200A,LW2602A,12665,TA3
2769,Bachelor of Laws (incl. LLB double degrees),LC0200A,LW2603A,14534,TA5
2769,Bachelor of Laws (incl. LLB double degrees),LC0200A,LW2601,15005,TA7
2770,Bachelor of Laws (incl. LLB double degrees),LC0200A,LW2602A,10379,CA1
2770,Bachelor of Laws (incl. LLB double degrees),LC0200A,LC0200A,10864,T04
2770,Bachelor of Laws (incl. LLB double degrees),LC0200A,LW2603A,11183,CC1
2770,Bachelor of Laws (incl. LLB double degrees),LC0200A,LW2603A,11184,TC1
2770,Bachelor of Laws (incl. LLB double degrees),LC0200A,LW2601,12382,TB1
2770,Bachelor of Laws (incl. LLB double degrees),LC0200A,LW2602A,12665,TA3
2770,Bachelor of Laws (incl. LLB double degrees),LC0200A,LW2601,14506,CB1
2771,Bachelor of Laws (incl. LLB double degrees),LC0200A,LW2601,10058,CA1
2771,Bachelor of Laws (incl. LLB double degrees),LC0200A,LW2603A,10107,CA1
2771,Bachelor of Laws (incl. LLB double degrees),LC0200A,LW2602A,10379,CA1
2771,Bachelor of Laws (incl. LLB double degrees),LC0200A,LC0200A,10875,T06
2771,Bachelor of Laws (incl. LLB double degrees),LC0200A,LW2603A,12898,TA4
2771,Bachelor of Laws (incl. LLB double degrees),LC0200A,LW2601,14533,TA6
2771,Bachelor of Laws (incl. LLB double degrees),LC0200A,LW2602A,15010,TA5
2772,Bachelor of Laws (incl. LLB double degrees),LC0200A,LW2601,10058,CA1
2772,Bachelor of Laws (incl. LLB double degrees),LC0200A,LW2602A,10379,CA1
2772,Bachelor of Laws (incl. LLB double degrees),LC0200A,LW2602A,10380,TA2
2772,Bachelor of Laws (incl. LLB double degrees),LC0200A,LC0200A,10890,T22
2772,Bachelor of Laws (incl. LLB double degrees),LC0200A,LW2603A,11183,CC1
2772,Bachelor of Laws (incl. LLB double degrees),LC0200A,LW2603A,11184,TC1
2772,Bachelor of Laws (incl. LLB double degrees),LC0200A,LW2601,14533,TA6
2773,Bachelor of Laws (incl. LLB double degrees),LC0200A,LW2602A,10379,CA1
2773,Bachelor of Laws (incl. LLB double degrees),LC0200A,LC0200A,10864,T04
2773,Bachelor of Laws (incl. LLB double degrees),LC0200A,LW2603A,11183,CC1
2773,Bachelor of Laws (incl. LLB double degrees),LC0200A,LW2603A,11184,TC1
2773,Bachelor of Laws (incl. LLB double degrees),LC0200A,LW2602A,12665,TA3
2773,Bachelor of Laws (incl. LLB double degrees),LC0200A,LW2601,15009,TC1
2773,Bachelor of Laws (incl. LLB double degrees),LC0200A,LW2601,15604,CC1
2774,Bachelor of Laws (incl. LLB double degrees),LC0200A,LW2601,10058,CA1
2774,Bachelor of Laws (incl. LLB double degrees),LC0200A,LW2603A,10107,CA1
2774,Bachelor of Laws (incl. LLB double degrees),LC0200A,LW2602A,10379,CA1
2774,Bachelor of Laws (incl. LLB double degrees),LC0200A,LC0200A,10841,T01
2774,Bachelor of Laws (incl. LLB double degrees),LC0200A,LW2601,12155,TA3
2774,Bachelor of Laws (incl. LLB double degrees),LC0200A,LW2602A,13563,TA4
2774,Bachelor of Laws (incl. LLB double degrees),LC0200A,LW2603A,14534,TA5
2775,Bachelor of Laws (incl. LLB double degrees),LC0200A,LW2601,10058,CA1
2775,Bachelor of Laws (incl. LLB double degrees),LC0200A,LW2603A,10107,CA1
2775,Bachelor of Laws (incl. LLB double degrees),LC0200A,LW2602A,10379,CA1
2775,Bachelor of Laws (incl. LLB double degrees),LC0200A,LC0200A,10841,T01
2775,Bachelor of Laws (incl. LLB double degrees),LC0200A,LW2601,12155,TA3
2775,Bachelor of Laws (incl. LLB double degrees),LC0200A,LW2602A,13563,TA4
2775,Bachelor of Laws (incl. LLB double degrees),LC0200A,LW2603A,14534,TA5
2776,Bachelor of Laws (incl. LLB double degrees),LC0200A,LW2601,10058,CA1
2776,Bachelor of Laws (incl. LLB double degrees),LC0200A,LW2603A,10126,CB1
2776,Bachelor of Laws (incl. LLB double degrees),LC0200A,LW2602A,10379,CA1
2776,Bachelor of Laws (incl. LLB double degrees),LC0200A,LC0200A,10841,T01
2776,Bachelor of Laws (incl. LLB double degrees),LC0200A,LW2601,12155,TA3
2776,Bachelor of Laws (incl. LLB double degrees),LC0200A,LW2602A,13563,TA4
2776,Bachelor of Laws (incl. LLB double degrees),LC0200A,LW2603A,13881,TB2
2777,Bachelor of Laws (incl. LLB double degrees),LC0200A,LW2601,10058,CA1
2777,Bachelor of Laws (incl. LLB double degrees),LC0200A,LW2603A,10107,CA1
2777,Bachelor of Laws (incl. LLB double degrees),LC0200A,LW2602A,10379,CA1
2777,Bachelor of Laws (incl. LLB double degrees),LC0200A,LC0200A,10864,T04
2777,Bachelor of Laws (incl. LLB double degrees),LC0200A,LW2602A,12665,TA3
2777,Bachelor of Laws (incl. LLB double degrees),LC0200A,LW2603A,14534,TA5
2777,Bachelor of Laws (incl. LLB double degrees),LC0200A,LW2601,15005,TA7
2778,Bachelor of Laws (incl. LLB double degrees),LC0200A,LW2601,10058,CA1
2778,Bachelor of Laws (incl. LLB double degrees),LC0200A,LW2602A,10379,CA1
2778,Bachelor of Laws (incl. LLB double degrees),LC0200A,LC0200A,10864,T04
2778,Bachelor of Laws (incl. LLB double degrees),LC0200A,LW2602A,12665,TA3
2778,Bachelor of Laws (incl. LLB double degrees),LC0200A,LW2601,15005,TA7
2778,Bachelor of Laws (incl. LLB double degrees),LC0200A,LW2603A,15610,CD1
2778,Bachelor of Laws (incl. LLB double degrees),LC0200A,LW2603A,15611,TD1
2779,Bachelor of Laws (incl. LLB double degrees),LC0200A,LW2601,10058,CA1
2779,Bachelor of Laws (incl. LLB double degrees),LC0200A,LW2603A,10107,CA1
2779,Bachelor of Laws (incl. LLB double degrees),LC0200A,LW2602A,10379,CA1
2779,Bachelor of Laws (incl. LLB double degrees),LC0200A,LC0200A,10841,T01
2779,Bachelor of Laws (incl. LLB double degrees),LC0200A,LW2601,12155,TA3
2779,Bachelor of Laws (incl. LLB double degrees),LC0200A,LW2602A,13563,TA4
2779,Bachelor of Laws (incl. LLB double degrees),LC0200A,LW2603A,14534,TA5
2780,Bachelor of Laws (incl. LLB double degrees),LC0200A,LW2601,10058,CA1
2780,Bachelor of Laws (incl. LLB double degrees),LC0200A,LW2603A,10107,CA1
2780,Bachelor of Laws (incl. LLB double degrees),LC0200A,LW2602A,10379,CA1
2780,Bachelor of Laws (incl. LLB double degrees),LC0200A,LW2602A,10380,TA2
2780,Bachelor of Laws (incl. LLB double degrees),LC0200A,LC0200A,10864,T04
2780,Bachelor of Laws (incl. LLB double degrees),LC0200A,LW2601,14533,TA6
2780,Bachelor of Laws (incl. LLB double degrees),LC0200A,LW2603A,14534,TA5
2781,Bachelor of Laws (incl. LLB double degrees),LC0200A,LW2601,10058,CA1
2781,Bachelor of Laws (incl. LLB double degrees),LC0200A,LW2602A,10379,CA1
2781,Bachelor of Laws (incl. LLB double degrees),LC0200A,LC0200A,10864,T04
2781,Bachelor of Laws (incl. LLB double degrees),LC0200A,LW2602A,12665,TA3
2781,Bachelor of Laws (incl. LLB double degrees),LC0200A,LW2601,15005,TA7
2781,Bachelor of Laws (incl. LLB double degrees),LC0200A,LW2603A,15610,CD1
2781,Bachelor of Laws (incl. LLB double degrees),LC0200A,LW2603A,15611,TD1
2782,Bachelor of Laws (incl. LLB double degrees),LC0200A,LW2602A,10379,CA1
2782,Bachelor of Laws (incl. LLB double degrees),LC0200A,LC0200A,10864,T04
2782,Bachelor of Laws (incl. LLB double degrees),LC0200A,LW2603A,11183,CC1
2782,Bachelor of Laws (incl. LLB double degrees),LC0200A,LW2603A,11184,TC1
2782,Bachelor of Laws (incl. LLB double degrees),LC0200A,LW2601,12382,TB1
2782,Bachelor of Laws (incl. LLB double degrees),LC0200A,LW2602A,12665,TA3
2782,Bachelor of Laws (incl. LLB double degrees),LC0200A,LW2601,14506,CB1
2783,Bachelor of Laws (incl. LLB double degrees),LC0200A,LW2601,10058,CA1
2783,Bachelor of Laws (incl. LLB double degrees),LC0200A,LW2602A,10379,CA1
2783,Bachelor of Laws (incl. LLB double degrees),LC0200A,LW2602A,10380,TA2
2783,Bachelor of Laws (incl. LLB double degrees),LC0200A,LC0200A,10864,T04
2783,Bachelor of Laws (incl. LLB double degrees),LC0200A,LW2603A,11183,CC1
2783,Bachelor of Laws (incl. LLB double degrees),LC0200A,LW2603A,11184,TC1
2783,Bachelor of Laws (incl. LLB double degrees),LC0200A,LW2601,14533,TA6
2784,Bachelor of Laws (incl. LLB double degrees),LC0200A,LW2603A,10107,CA1
2784,Bachelor of Laws (incl. LLB double degrees),LC0200A,LW2602A,10109,CB1
2784,Bachelor of Laws (incl. LLB double degrees),LC0200A,LC0200A,10841,T01
2784,Bachelor of Laws (incl. LLB double degrees),LC0200A,LW2601,12896,TB3
2784,Bachelor of Laws (incl. LLB double degrees),LC0200A,LW2602A,13864,TB2
2784,Bachelor of Laws (incl. LLB double degrees),LC0200A,LW2601,14506,CB1
2784,Bachelor of Laws (incl. LLB double degrees),LC0200A,LW2603A,14534,TA5
2785,Bachelor of Laws (incl. LLB double degrees),LC0200A,LW2601,10058,CA1
2785,Bachelor of Laws (incl. LLB double degrees),LC0200A,LW2603A,10107,CA1
2785,Bachelor of Laws (incl. LLB double degrees),LC0200A,LW2602A,10379,CA1
2785,Bachelor of Laws (incl. LLB double degrees),LC0200A,LC0200A,10864,T04
2785,Bachelor of Laws (incl. LLB double degrees),LC0200A,LW2602A,12665,TA3
2785,Bachelor of Laws (incl. LLB double degrees),LC0200A,LW2603A,14534,TA5
2785,Bachelor of Laws (incl. LLB double degrees),LC0200A,LW2601,15005,TA7
2786,Bachelor of Laws (incl. LLB double degrees),LC0200A,LW2601,10058,CA1
2786,Bachelor of Laws (incl. LLB double degrees),LC0200A,LW2602A,10109,CB1
2786,Bachelor of Laws (incl. LLB double degrees),LC0200A,LW2603A,10126,CB1
2786,Bachelor of Laws (incl. LLB double degrees),LC0200A,LC0200A,10841,T01
2786,Bachelor of Laws (incl. LLB double degrees),LC0200A,LW2601,12155,TA3
2786,Bachelor of Laws (incl. LLB double degrees),LC0200A,LW2602A,13864,TB2
2786,Bachelor of Laws (incl. LLB double degrees),LC0200A,LW2603A,13881,TB2
2787,Bachelor of Laws (incl. LLB double degrees),LC0200A,LW2601,10058,CA1
2787,Bachelor of Laws (incl. LLB double degrees),LC0200A,LW2603A,10107,CA1
2787,Bachelor of Laws (incl. LLB double degrees),LC0200A,LW2602A,10379,CA1
2787,Bachelor of Laws (incl. LLB double degrees),LC0200A,LC0200A,10881,T12
2787,Bachelor of Laws (incl. LLB double degrees),LC0200A,LW2601,14533,TA6
2787,Bachelor of Laws (incl. LLB double degrees),LC0200A,LW2603A,14534,TA5
2787,Bachelor of Laws (incl. LLB double degrees),LC0200A,LW2602A,15011,TA6
2788,Bachelor of Laws (incl. LLB double degrees),LC0200A,LW2601,10058,CA1
2788,Bachelor of Laws (incl. LLB double degrees),LC0200A,LW2602A,10379,CA1
2788,Bachelor of Laws (incl. LLB double degrees),LC0200A,LC0200A,10864,T04
2788,Bachelor of Laws (incl. LLB double degrees),LC0200A,LW2602A,13563,TA4
2788,Bachelor of Laws (incl. LLB double degrees),LC0200A,LW2601,15005,TA7
2788,Bachelor of Laws (incl. LLB double degrees),LC0200A,LW2603A,15610,CD1
2788,Bachelor of Laws (incl. LLB double degrees),LC0200A,LW2603A,15611,TD1
2789,Bachelor of Laws (incl. LLB double degrees),LC0200A,LW2602A,10379,CA1
2789,Bachelor of Laws (incl. LLB double degrees),LC0200A,LC0200A,10887,T19
2789,Bachelor of Laws (incl. LLB double degrees),LC0200A,LW2603A,11183,CC1
2789,Bachelor of Laws (incl. LLB double degrees),LC0200A,LW2603A,11184,TC1
2789,Bachelor of Laws (incl. LLB double degrees),LC0200A,LW2602A,12665,TA3
2789,Bachelor of Laws (incl. LLB double degrees),LC0200A,LW2601,14506,CB1
2789,Bachelor of Laws (incl. LLB double degrees),LC0200A,LW2601,15008,TB6
2790,Bachelor of Laws (incl. LLB double degrees),LC0200A,LW2601,10058,CA1
2790,Bachelor of Laws (incl. LLB double degrees),LC0200A,LW2602A,10109,CB1
2790,Bachelor of Laws (incl. LLB double degrees),LC0200A,LW2603A,10126,CB1
2790,Bachelor of Laws (incl. LLB double degrees),LC0200A,LC0200A,10841,T01
2790,Bachelor of Laws (incl. LLB double degrees),LC0200A,LW2601,12155,TA3
2790,Bachelor of Laws (incl. LLB double degrees),LC0200A,LW2602A,13864,TB2
2790,Bachelor of Laws (incl. LLB double degrees),LC0200A,LW2603A,13881,TB2
2791,Bachelor of Laws (incl. LLB double degrees),LC0200A,LW2602A,10379,CA1
2791,Bachelor of Laws (incl. LLB double degrees),LC0200A,LC0200A,10864,T04
2791,Bachelor of Laws (incl. LLB double degrees),LC0200A,LW2603A,11183,CC1
2791,Bachelor of Laws (incl. LLB double degrees),LC0200A,LW2603A,11184,TC1
2791,Bachelor of Laws (incl. LLB double degrees),LC0200A,LW2601,12382,TB1
2791,Bachelor of Laws (incl. LLB double degrees),LC0200A,LW2602A,12665,TA3
2791,Bachelor of Laws (incl. LLB double degrees),LC0200A,LW2601,14506,CB1
2792,Bachelor of Laws (incl. LLB double degrees),LC0200A,LW2601,10058,CA1
2792,Bachelor of Laws (incl. LLB double degrees),LC0200A,LW2603A,10107,CA1
2792,Bachelor of Laws (incl. LLB double degrees),LC0200A,LW2602A,10379,CA1
2792,Bachelor of Laws (incl. LLB double degrees),LC0200A,LC0200A,10864,T04
2792,Bachelor of Laws (incl. LLB double degrees),LC0200A,LW2602A,12665,TA3
2792,Bachelor of Laws (incl. LLB double degrees),LC0200A,LW2603A,14534,TA5
2792,Bachelor of Laws (incl. LLB double degrees),LC0200A,LW2601,15005,TA7
2793,Bachelor of Laws (incl. LLB double degrees),LC0200A,LW2602A,10379,CA1
2793,Bachelor of Laws (incl. LLB double degrees),LC0200A,LC0200A,10864,T04
2793,Bachelor of Laws (incl. LLB double degrees),LC0200A,LW2603A,11183,CC1
2793,Bachelor of Laws (incl. LLB double degrees),LC0200A,LW2603A,11184,TC1
2793,Bachelor of Laws (incl. LLB double degrees),LC0200A,LW2602A,12665,TA3
2793,Bachelor of Laws (incl. LLB double degrees),LC0200A,LW2601,15009,TC1
2793,Bachelor of Laws (incl. LLB double degrees),LC0200A,LW2601,15604,CC1
2794,Bachelor of Laws (incl. LLB double degrees),LC0200A,LW2603A,10107,CA1
2794,Bachelor of Laws (incl. LLB double degrees),LC0200A,LW2602A,10109,CB1
2794,Bachelor of Laws (incl. LLB double degrees),LC0200A,LC0200A,10841,T01
2794,Bachelor of Laws (incl. LLB double degrees),LC0200A,LW2601,12896,TB3
2794,Bachelor of Laws (incl. LLB double degrees),LC0200A,LW2602A,13864,TB2
2794,Bachelor of Laws (incl. LLB double degrees),LC0200A,LW2601,14506,CB1
2794,Bachelor of Laws (incl. LLB double degrees),LC0200A,LW2603A,14534,TA5
2795,Bachelor of Laws (incl. LLB double degrees),LC0200A,LW2601,10058,CA1
2795,Bachelor of Laws (incl. LLB double degrees),LC0200A,LW2603A,10107,CA1
2795,Bachelor of Laws (incl. LLB double degrees),LC0200A,LW2602A,10379,CA1
2795,Bachelor of Laws (incl. LLB double degrees),LC0200A,LC0200A,10864,T04
2795,Bachelor of Laws (incl. LLB double degrees),LC0200A,LW2602A,12665,TA3
2795,Bachelor of Laws (incl. LLB double degrees),LC0200A,LW2603A,14534,TA5
2795,Bachelor of Laws (incl. LLB double degrees),LC0200A,LW2601,15005,TA7
