student,major,english,course,crn,section
0,BBA Accountancy,GE1401,CB2201,10678,C05
0,BBA Accountancy,GE1401,GE1401,10702,T27
0,BBA Accountancy,GE1401,CB2601,12560,C05
0,BBA Accountancy,GE1401,CB2100,12575,TB1
0,BBA Accountancy,GE1401,CB2100,12890,CB2
0,BBA Accountancy,GE1401,CB2300,13958,SB3
1,BBA Accountancy,GE1401,CB2100,10551,C02
1,BBA Accountancy,GE1401,CB2201,10792,C04
1,BBA Accountancy,GE1401,CB2100,11277,T13
1,BBA Accountancy,GE1401,CB2601,12305,C01
1,BBA Accountancy,GE1401,CB2300,12536,S05
1,BBA Accountancy,GE1401,GE1401,15206,TC6
2,BBA Accountancy,GE1401,CB2201,10678,C05
2,BBA Accountancy,GE1401,GE1401,10702,T27
2,BBA Accountancy,GE1401,CB2300,12534,S03
2,BBA Accountancy,GE1401,CB2601,12560,C05
2,BBA Accountancy,GE1401,CB2100,12575,TB1
2,BBA Accountancy,GE1401,CB2100,12890,CB2
3,BBA Accountancy,GE1401,CB2100,10190,C01
3,BBA Accountancy,GE1401,CB2100,10245,T02
3,BBA Accountancy,GE1401,CB2201,10792,C04
3,BBA Accountancy,GE1401,CB2601,11195,C03
3,BBA Accountancy,GE1401,GE1401,11500,T86
3,BBA Accountancy,GE1401,CB2300,12532,S02
4,BBA Accountancy,GE1401,CB2201,10678,C05
4,BBA Accountancy,GE1401,GE1401,10702,T27
4,BBA Accountancy,GE1401,CB2601,12560,C05
4,BBA Accountancy,GE1401,CB2100,12575,TB1
4,BBA Accountancy,GE1401,CB2100,12890,CB2
4,BBA Accountancy,GE1401,CB2300,13958,SB3
5,BBA Accountancy,GE1401,CB2201,10678,C05
5,BBA Accountancy,GE1401,GE1401,10702,T27
5,BBA Accountancy,GE1401,CB2601,12561,CC5
5,BBA Accountancy,GE1401,CB2100,12575,TB1
5,BBA Accountancy,GE1401,CB2100,12890,CB2
5,BBA Accountancy,GE1401,CB2300,14882,SC3
6,BBA Accountancy,GE1401,CB2100,10190,C01
6,BBA Accountancy,GE1401,CB2100,10246,T03
6,BBA Accountancy,GE1401,CB2601,10335,C02
6,BBA Accountancy,GE1401,GE1401,10730,T64
6,BBA Accountancy,GE1401,CB2300,12533,S01
6,BBA Accountancy,GE1401,CB2201,14827,C06
7,BBA Accountancy,GE1401,CB2201,10678,C05
7,BBA Accountancy,GE1401,GE1401,10702,T27
7,BBA Accountancy,GE1401,CB2601,12560,C05
7,BBA Accountancy,GE1401,CB2100,12575,TB1
7,BBA Accountancy,GE1401,CB2100,12890,CB2
7,BBA Accountancy,GE1401,CB2300,13958,SB3
8,BBA Accountancy,GE1401,CB2100,10190,C01
8,BBA Accountancy,GE1401,CB2100,10442,T07
8,BBA Accountancy,GE1401,CB2601,12304,CE1
8,BBA Accountancy,GE1401,CB2300,12532,S02
8,BBA Accountancy,GE1401,GE1401,13574,TB3
8,BBA Accountancy,GE1401,CB2201,14827,C06
9,BBA Accountancy,GE1401,CB2100,10190,C01
9,BBA Accountancy,GE1401,CB2100,10192,T05
9,BBA Accountancy,GE1401,CB2601,10335,C02
9,BBA Accountancy,GE1401,GE1401,12122,T35
9,BBA Accountancy,GE1401,CB2300,12536,S05
9,BBA Accountancy,GE1401,CB2201,14828,C07
10,BBA Accountancy,GE1401,CB2100,10190,C01
10,BBA Accountancy,GE1401,CB2100,10554,T11
10,BBA Accountancy,GE1401,CB2201,10792,C04
10,BBA Accountancy,GE1401,CB2601,11195,C03
10,BBA Accountancy,GE1401,GE1401,11500,T86
10,BBA Accountancy,GE1401,CB2300,12532,S02
11,BBA Accountancy,GE1401,CB2100,10190,C01
11,BBA Accountancy,GE1401,CB2100,10192,T05
11,BBA Accountancy,GE1401,CB2601,10335,C02
11,BBA Accountancy,GE1401,GE1401,12122,T35
11,BBA Accountancy,GE1401,CB2300,12536,S05
11,BBA Accountancy,GE1401,CB2201,14828,C07
12,BBA Accountancy,GE1401,CB2100,10459,TA4
12,BBA Accountancy,GE1401,GE1401,10681,T04
12,BBA Accountancy,GE1401,CB2100,11077,CA1
12,BBA Accountancy,GE1401,CB2601,12266,CC2
12,BBA Accountancy,GE1401,CB2201,14827,C06
12,BBA Accountancy,GE1401,CB2300,14901,SC5
13,BBA Accountancy,GE1401,CB2100,10190,C01
13,BBA Accountancy,GE1401,CB2100,10192,T05
13,BBA Accountancy,GE1401,CB2601,10335,C02
13,BBA Accountancy,GE1401,GE1401,12122,T35
13,BBA Accountancy,GE1401,CB2300,12536,S05
13,BBA Accountancy,GE1401,CB2201,14828,C07
14,BBA Accountancy,GE1401,CB2100,10245,T02
14,BBA Accountancy,GE1401,CB2100,10551,C02
14,BBA Accountancy,GE1401,CB2201,10792,C04
14,BBA Accountancy,GE1401,CB2601,11195,C03
14,BBA Accountancy,GE1401,GE1401,11500,T86
14,BBA Accountancy,GE1401,CB2300,12534,S03
15,BBA Accountancy,GE1401,CB2100,10190,C01
15,BBA Accountancy,GE1401,CB2100,10245,T02
15,BBA Accountancy,GE1401,CB2201,10792,C04
15,BBA Accountancy,GE1401,CB2601,11195,C03
15,BBA Accountancy,GE1401,GE1401,11500,T86
15,BBA Accountancy,GE1401,CB2300,12532,S02
16,BBA Accountancy,GE1401,CB2100,10190,C01
16,BBA Accountancy,GE1401,CB2100,10245,T02
16,BBA Accountancy,GE1401,CB2201,10792,C04
16,BBA Accountancy,GE1401,GE1401,11500,T86
16,BBA Accountancy,GE1401,CB2601,12304,CE1
16,BBA Accountancy,GE1401,CB2300,12532,S02
17,BBA Accountancy,GE1401,CB2601,10334,C04
17,BBA Accountancy,GE1401,CB2100,10441,T06
17,BBA Accountancy,GE1401,CB2100,10551,C02
17,BBA Accountancy,GE1401,GE1401,10724,T57
17,BBA Accountancy,GE1401,CB2201,10792,C04
17,BBA Accountancy,GE1401,CB2300,12536,S05
18,BBA Accountancy,GE1401,CB2100,10551,C02
18,BBA Accountancy,GE1401,GE1401,10717,T48
18,BBA Accountancy,GE1401,CB2100,11280,TAD
18,BBA Accountancy,GE1401,CB2601,12305,C01
18,BBA Accountancy,GE1401,CB2201,14828,C07
18,BBA Accountancy,GE1401,CB2300,14901,SC5
19,BBA Accountancy,GE1401,CB2100,10190,C01
19,BBA Accountancy,GE1401,CB2100,10192,T05
19,BBA Accountancy,GE1401,CB2601,10335,C02
19,BBA Accountancy,GE1401,GE1401,12122,T35
19,BBA Accountancy,GE1401,CB2300,12536,S05
19,BBA Accountancy,GE1401,CB2201,14828,C07
20,BBA Accountancy,GE1401,CB2201,10678,C05
20,BBA Accountancy,GE1401,GE1401,10702,T27
20,BBA Accountancy,GE1401,CB2300,12534,S03
20,BBA Accountancy,GE1401,CB2601,12560,C05
20,BBA Accountancy,GE1401,CB2100,12575,TB1
20,BBA Accountancy,GE1401,CB2100,12890,CB2
21,BBA Accountancy,GE1401,CB2100,10190,C01
21,BBA Accountancy,GE1401,CB2601,10335,C02
21,BBA Accountancy,GE1401,GE1401,10687,T10
21,BBA Accountancy,GE1401,CB2201,10792,C04
21,BBA Accountancy,GE1401,CB2100,11277,T13
21,BBA Accountancy,GE1401,CB2300,12587,SA1
22,BBA Accountancy,GE1401,CB2100,10191,T04
22,BBA Accountancy,GE1401,CB2100,10551,C02
22,BBA Accountancy,GE1401,GE1401,10681,T04
22,BBA Accountancy,GE1401,CB2201,10792,C04
22,BBA Accountancy,GE1401,CB2601,12305,C01
22,BBA Accountancy,GE1401,CB2300,12587,SA1
23,BBA Accountancy,GE1401,CB2100,10190,C01
23,BBA Accountancy,GE1401,CB2100,10246,T03
23,BBA Accountancy,GE1401,CB2601,10335,C02
23,BBA Accountancy,GE1401,GE1401,10730,T64
23,BBA Accountancy,GE1401,CB2300,12533,S01
23,BBA Accountancy,GE1401,CB2201,14827,C06
24,BBA Accountancy,GE1401,CB2100,10190,C01
24,BBA Accountancy,GE1401,CB2601,10335,C02
24,BBA Accountancy,GE1401,CB2100,11277,T13
24,BBA Accountancy,GE1401,CB2300,12536,S05
24,BBA Accountancy,GE1401,CB2201,14827,C06
24,BBA Accountancy,GE1401,GE1401,15206,TC6
25,BBA Accountancy,GE1401,CB2100,10190,C01
25,BBA Accountancy,GE1401,CB2601,10335,C02
25,BBA Accountancy,GE1401,CB2100,10553,T10
25,BBA Accountancy,GE1401,GE1401,10717,T48
25,BBA Accountancy,GE1401,CB2201,14828,C07
25,BBA Accountancy,GE1401,CB2300,14880,SC1
26,BBA Accountancy,GE1401,CB2100,10190,C01
26,BBA Accountancy,GE1401,CB2100,10560,TAA
26,BBA Accountancy,GE1401,GE1401,10686,T09
26,BBA Accountancy,GE1401,CB2601,12266,CC2
26,BBA Accountancy,GE1401,CB2201,14828,C07
26,BBA Accountancy,GE1401,CB2300,14901,SC5
27,BBA Accountancy,GE1401,CB2100,10190,C01
27,BBA Accountancy,GE1401,CB2601,10335,C02
27,BBA Accountancy,GE1401,CB2100,10553,T10
27,BBA Accountancy,GE1401,CB2201,10792,C04
27,BBA Accountancy,GE1401,CB2300,12536,S05
27,BBA Accountancy,GE1401,GE1401,15206,TC6
28,BBA Accountancy,GE1401,CB2201,10678,C05
28,BBA Accountancy,GE1401,GE1401,10702,T27
28,BBA Accountancy,GE1401,CB2601,12560,C05
28,BBA Accountancy,GE1401,CB2100,12575,TB1
28,BBA Accountancy,GE1401,CB2100,12890,CB2
28,BBA Accountancy,GE1401,CB2300,13958,SB3
29,BBA Accountancy,GE1401,CB2100,10190,C01
29,BBA Accountancy,GE1401,CB2601,10334,C04
29,BBA Accountancy,GE1401,CB2201,10339,C01
29,BBA Accountancy,GE1401,CB2100,10441,T06
29,BBA Accountancy,GE1401,GE1401,10721,T54
29,BBA Accountancy,GE1401,CB2300,12532,S02
30,BBA Accountancy,GE1401,CB2100,10245,T02
30,BBA Accountancy,GE1401,CB2100,10551,C02
30,BBA Accountancy,GE1401,CB2201,10792,C04
30,BBA Accountancy,GE1401,GE1401,11500,T86
30,BBA Accountancy,GE1401,CB2601,12304,CE1
30,BBA Accountancy,GE1401,CB2300,12534,S03
31,BBA Accountancy,GE1401,CB2100,10190,C01
31,BBA Accountancy,GE1401,CB2100,10554,T11
31,BBA Accountancy,GE1401,CB2201,10792,C04
31,BBA Accountancy,GE1401,CB2601,11195,C03
31,BBA Accountancy,GE1401,GE1401,11500,T86
31,BBA Accountancy,GE1401,CB2300,12532,S02
32,BBA Accountancy,GE1401,CB2100,10191,T04
32,BBA Accountancy,GE1401,CB2100,10551,C02
32,BBA Accountancy,GE1401,GE1401,10681,T04
32,BBA Accountancy,GE1401,CB2201,10792,C04
32,BBA Accountancy,GE1401,CB2601,12305,C01
32,BBA Accountancy,GE1401,CB2300,12587,SA1
33,BBA Accountancy,GE1401,CB2100,10190,C01
33,BBA Accountancy,GE1401,CB2100,10553,T10
33,BBA Accountancy,GE1401,GE1401,10687,T10
33,BBA Accountancy,GE1401,CB2201,10792,C04
33,BBA Accountancy,GE1401,CB2601,11195,C03
33,BBA Accountancy,GE1401,CB2300,12588,SA2
34,BBA Accountancy,GE1401,CB2100,10190,C01
34,BBA Accountancy,GE1401,CB2100,10245,T02
34,BBA Accountancy,GE1401,GE1401,11498,T83
34,BBA Accountancy,GE1401,CB2601,12304,CE1
34,BBA Accountancy,GE1401,CB2201,14827,C06
34,BBA Accountancy,GE1401,CB2300,14900,SC4
35,BBA Accountancy,GE1401,CB2100,10190,C01
35,BBA Accountancy,GE1401,CB2601,10335,C02
35,BBA Accountancy,GE1401,CB2100,10553,T10
35,BBA Accountancy,GE1401,CB2300,12536,S05
35,BBA Accountancy,GE1401,GE1401,13573,TB2
35,BBA Accountancy,GE1401,CB2201,14828,C07
36,BBA Accountancy,GE1401,CB2100,10190,C01
36,BBA Accountancy,GE1401,CB2100,10553,T10
36,BBA Accountancy,GE1401,GE1401,10687,T10
36,BBA Accountancy,GE1401,CB2201,10792,C04
36,BBA Accountancy,GE1401,CB2601,11195,C03
36,BBA Accountancy,GE1401,CB2300,12588,SA2
37,BBA Accountancy,GE1401,CB2100,10190,C01
37,BBA Accountancy,GE1401,CB2100,10552,T09
37,BBA Accountancy,GE1401,CB2601,11195,C03
37,BBA Accountancy,GE1401,CB2300,12532,S02
37,BBA Accountancy,GE1401,GE1401,13574,TB3
37,BBA Accountancy,GE1401,CB2201,14827,C06
38,BBA Accountancy,GE1401,CB2100,10190,C01
38,BBA Accountancy,GE1401,CB2601,10335,C02
38,BBA Accountancy,GE1401,CB2100,11277,T13
38,BBA Accountancy,GE1401,CB2300,12536,S05
38,BBA Accountancy,GE1401,GE1401,13573,TB2
38,BBA Accountancy,GE1401,CB2201,14828,C07
39,BBA Accountancy,GE1401,CB2100,10190,C01
39,BBA Accountancy,GE1401,CB2100,10191,T04
39,BBA Accountancy,GE1401,CB2601,10335,C02
39,BBA Accountancy,GE1401,GE1401,10681,T04
39,BBA Accountancy,GE1401,CB2201,10792,C04
39,BBA Accountancy,GE1401,CB2300,13960,SB5
40,BBA Accountancy,GE1401,CB2100,10190,C01
40,BBA Accountancy,GE1401,CB2100,10245,T02
40,BBA Accountancy,GE1401,CB2601,10335,C02
40,BBA Accountancy,GE1401,GE1401,11500,T86
40,BBA Accountancy,GE1401,CB2300,12536,S05
40,BBA Accountancy,GE1401,CB2201,14827,C06
41,BBA Accountancy,GE1401,CB2100,10457,CA2
41,BBA Accountancy,GE1401,CB2100,10596,TA2
41,BBA Accountancy,GE1401,CB2201,10792,C04
41,BBA Accountancy,GE1401,GE1401,11500,T86
41,BBA Accountancy,GE1401,CB2601,12304,CE1
41,BBA Accountancy,GE1401,CB2300,12534,S03
42,BBA Accountancy,GE1401,CB2100,10190,C01
42,BBA Accountancy,GE1401,CB2601,10335,C02
42,BBA Accountancy,GE1401,CB2100,10553,T10
42,BBA Accountancy,GE1401,CB2300,12536,S05
42,BBA Accountancy,GE1401,GE1401,13573,TB2
42,BBA Accountancy,GE1401,CB2201,14828,C07
43,BBA Accountancy,GE1401,CB2100,10245,T02
43,BBA Accountancy,GE1401,CB2100,10551,C02
43,BBA Accountancy,GE1401,GE1401,10716,T47
43,BBA Accountancy,GE1401,CB2201,10792,C04
43,BBA Accountancy,GE1401,CB2601,11195,C03
43,BBA Accountancy,GE1401,CB2300,12534,S03
44,BBA Accountancy,GE1401,CB2100,10245,T02
44,BBA Accountancy,GE1401,CB2100,10551,C02
44,BBA Accountancy,GE1401,CB2201,10792,C04
44,BBA Accountancy,GE1401,GE1401,11500,T86
44,BBA Accountancy,GE1401,CB2601,12304,CE1
44,BBA Accountancy,GE1401,CB2300,12534,S03
45,BBA Accountancy,GE1401,CB2100,10190,C01
45,BBA Accountancy,GE1401,CB2601,10335,C02
45,BBA Accountancy,GE1401,GE1401,10695,T19
45,BBA Accountancy,GE1401,CB2100,11277,T13
45,BBA Accountancy,GE1401,CB2300,12536,S05
45,BBA Accountancy,GE1401,CB2201,14828,C07
46,BBA Accountancy,GE1401,CB2100,10551,C02
46,BBA Accountancy,GE1401,GE1401,10687,T10
46,BBA Accountancy,GE1401,CB2201,10792,C04
46,BBA Accountancy,GE1401,CB2100,11277,T13
46,BBA Accountancy,GE1401,CB2601,12305,C01
46,BBA Accountancy,GE1401,CB2300,12587,SA1
47,BBA Accountancy,GE1401,CB2100,10192,T05
47,BBA Accountancy,GE1401,CB2100,10551,C02
47,BBA Accountancy,GE1401,GE1401,10694,T17
47,BBA Accountancy,GE1401,CB2601,12305,C01
47,BBA Accountancy,GE1401,CB2300,12536,S05
47,BBA Accountancy,GE1401,CB2201,14828,C07
48,BBA Accountancy,GE1401,CB2100,10190,C01
48,BBA Accountancy,GE1401,CB2100,10553,T10
48,BBA Accountancy,GE1401,GE1401,10717,T48
48,BBA Accountancy,GE1401,CB2601,11195,C03
48,BBA Accountancy,GE1401,CB2300,12588,SA2
48,BBA Accountancy,GE1401,CB2201,14828,C07
49,BBA Accountancy,GE1401,CB2100,10191,T04
49,BBA Accountancy,GE1401,CB2100,10551,C02
49,BBA Accountancy,GE1401,GE1401,10681,T04
49,BBA Accountancy,GE1401,CB2201,10792,C04
49,BBA Accountancy,GE1401,CB2601,12305,C01
49,BBA Accountancy,GE1401,CB2300,12587,SA1
50,BBA Accountancy,GE1401,CB2100,10190,C01
50,BBA Accountancy,GE1401,CB2601,10335,C02
50,BBA Accountancy,GE1401,CB2100,10552,T09
50,BBA Accountancy,GE1401,GE1401,12127,T84
50,BBA Accountancy,GE1401,CB2300,12533,S01
50,BBA Accountancy,GE1401,CB2201,14827,C06
51,BBA Accountancy,GE1401,CB2201,10678,C05
51,BBA Accountancy,GE1401,GE1401,10702,T27
51,BBA Accountancy,GE1401,CB2601,12561,CC5
51,BBA Accountancy,GE1401,CB2100,12575,TB1
51,BBA Accountancy,GE1401,CB2100,12890,CB2
51,BBA Accountancy,GE1401,CB2300,14882,SC3
52,BBA Accountancy,GE1401,CB2201,10678,C05
52,BBA Accountancy,GE1401,GE1401,10702,T27
52,BBA Accountancy,GE1401,CB2601,12560,C05
52,BBA Accountancy,GE1401,CB2100,12575,TB1
52,BBA Accountancy,GE1401,CB2100,12890,CB2
52,BBA Accountancy,GE1401,CB2300,13958,SB3
53,BBA Accountancy,GE1401,CB2100,10192,T05
53,BBA Accountancy,GE1401,CB2100,10551,C02
53,BBA Accountancy,GE1401,CB2601,12305,C01
53,BBA Accountancy,GE1401,CB2300,12536,S05
53,BBA Accountancy,GE1401,GE1401,13573,TB2
53,BBA Accountancy,GE1401,CB2201,14828,C07
54,BBA Accountancy,GE1401,CB2100,10190,C01
54,BBA Accountancy,GE1401,CB2100,10245,T02
54,BBA Accountancy,GE1401,CB2201,10792,C04
54,BBA Accountancy,GE1401,CB2601,11195,C03
54,BBA Accountancy,GE1401,GE1401,11500,T86
54,BBA Accountancy,GE1401,CB2300,12532,S02
55,BBA Accountancy,GE1401,CB2100,10190,C01
55,BBA Accountancy,GE1401,CB2100,10191,T04
55,BBA Accountancy,GE1401,GE1401,10681,T04
55,BBA Accountancy,GE1401,CB2601,11195,C03
55,BBA Accountancy,GE1401,CB2300,12588,SA2
55,BBA Accountancy,GE1401,CB2201,14827,C06
56,BBA Accountancy,GE1401,CB2100,10190,C01
56,BBA Accountancy,GE1401,CB2601,10334,C04
56,BBA Accountancy,GE1401,CB2201,10339,C01
56,BBA Accountancy,GE1401,CB2100,10441,T06
56,BBA Accountancy,GE1401,GE1401,10721,T54
56,BBA Accountancy,GE1401,CB2300,12532,S02
57,BBA Accountancy,GE1401,CB2201,10678,C05
57,BBA Accountancy,GE1401,GE1401,10702,T27
57,BBA Accountancy,GE1401,CB2601,12560,C05
57,BBA Accountancy,GE1401,CB2100,12575,TB1
57,BBA Accountancy,GE1401,CB2100,12890,CB2
57,BBA Accountancy,GE1401,CB2300,13958,SB3
58,BBA Accountancy,GE1401,CB2100,10190,C01
58,BBA Accountancy,GE1401,CB2100,10191,T04
58,BBA Accountancy,GE1401,CB2601,10335,C02
58,BBA Accountancy,GE1401,GE1401,10681,T04
58,BBA Accountancy,GE1401,CB2201,10792,C04
58,BBA Accountancy,GE1401,CB2300,13960,SB5
59,BBA Accountancy,GE1401,CB2100,10190,C01
59,BBA Accountancy,GE1401,CB2100,10246,T03
59,BBA Accountancy,GE1401,CB2601,10335,C02
59,BBA Accountancy,GE1401,GE1401,10730,T64
59,BBA Accountancy,GE1401,CB2300,12533,S01
59,BBA Accountancy,GE1401,CB2201,14827,C06
60,BBA Accountancy,GE1401,CB2201,10678,C05
60,BBA Accountancy,GE1401,GE1401,10702,T27
60,BBA Accountancy,GE1401,CB2300,12534,S03
60,BBA Accountancy,GE1401,CB2601,12560,C05
60,BBA Accountancy,GE1401,CB2100,12575,TB1
60,BBA Accountancy,GE1401,CB2100,12890,CB2
61,BBA Accountancy,GE1401,CB2601,10334,C04
61,BBA Accountancy,GE1401,CB2201,10341,C03
61,BBA Accountancy,GE1401,CB2100,10441,T06
61,BBA Accountancy,GE1401,CB2100,10551,C02
61,BBA Accountancy,GE1401,GE1401,10721,T54
61,BBA Accountancy,GE1401,CB2300,12536,S05
62,BBA Accountancy,GE1401,CB2100,10190,C01
62,BBA Accountancy,GE1401,CB2601,10334,C04
62,BBA Accountancy,GE1401,CB2201,10339,C01
62,BBA Accountancy,GE1401,CB2100,10441,T06
62,BBA Accountancy,GE1401,GE1401,10721,T54
62,BBA Accountancy,GE1401,CB2300,12532,S02
63,BBA Accountancy,GE1401,CB2100,10551,C02
63,BBA Accountancy,GE1401,CB2100,11277,T13
63,BBA Accountancy,GE1401,CB2601,12305,C01
63,BBA Accountancy,GE1401,CB2300,12536,S05
63,BBA Accountancy,GE1401,GE1401,13573,TB2
63,BBA Accountancy,GE1401,CB2201,14828,C07
64,BBA Accountancy,GE1401,CB2100,10190,C01
64,BBA Accountancy,GE1401,CB2601,10335,C02
64,BBA Accountancy,GE1401,CB2100,10553,T10
64,BBA Accountancy,GE1401,GE1401,10717,T48
64,BBA Accountancy,GE1401,CB2300,12536,S05
64,BBA Accountancy,GE1401,CB2201,14828,C07
65,BBA Accountancy,GE1401,CB2100,10190,C01
65,BBA Accountancy,GE1401,CB2100,10191,T04
65,BBA Accountancy,GE1401,CB2601,10335,C02
65,BBA Accountancy,GE1401,GE1401,10681,T04
65,BBA Accountancy,GE1401,CB2201,10792,C04
65,BBA Accountancy,GE1401,CB2300,13960,SB5
66,BBA Accountancy,GE1401,CB2100,10190,C01
66,BBA Accountancy,GE1401,CB2100,10553,T10
66,BBA Accountancy,GE1401,GE1401,10687,T10
66,BBA Accountancy,GE1401,CB2601,11195,C03
66,BBA Accountancy,GE1401,CB2300,12532,S02
66,BBA Accountancy,GE1401,CB2201,14827,C06
67,BBA Accountancy,GE1401,CB2100,10190,C01
67,BBA Accountancy,GE1401,CB2601,10334,C04
67,BBA Accountancy,GE1401,CB2100,10441,T06
67,BBA Accountancy,GE1401,CB2201,10678,C05
67,BBA Accountancy,GE1401,GE1401,10721,T54
67,BBA Accountancy,GE1401,CB2300,12536,S05
68,BBA Accountancy,GE1401,CB2100,10190,C01
68,BBA Accountancy,GE1401,CB2100,10246,T03
68,BBA Accountancy,GE1401,CB2601,10335,C02
68,BBA Accountancy,GE1401,GE1401,10730,T64
68,BBA Accountancy,GE1401,CB2300,12533,S01
68,BBA Accountancy,GE1401,CB2201,14827,C06
69,BBA Accountancy,GE1401,CB2100,10191,T04
69,BBA Accountancy,GE1401,CB2100,10551,C02
69,BBA Accountancy,GE1401,GE1401,10681,T04
69,BBA Accountancy,GE1401,CB2201,10792,C04
69,BBA Accountancy,GE1401,CB2601,12305,C01
69,BBA Accountancy,GE1401,CB2300,12587,SA1
70,BBA Accountancy,GE1401,CB2100,10190,C01
70,BBA Accountancy,GE1401,CB2100,10245,T02
70,BBA Accountancy,GE1401,GE1401,11498,T83
70,BBA Accountancy,GE1401,CB2601,12304,CE1
70,BBA Accountancy,GE1401,CB2201,14827,C06
70,BBA Accountancy,GE1401,CB2300,14900,SC4
71,BBA Accountancy,GE1401,CB2100,10190,C01
71,BBA Accountancy,GE1401,CB2100,10560,TAA
71,BBA Accountancy,GE1401,GE1401,10687,T10
71,BBA Accountancy,GE1401,CB2601,12266,CC2
71,BBA Accountancy,GE1401,CB2201,14827,C06
71,BBA Accountancy,GE1401,CB2300,14901,SC5
72,BBA Accountancy,GE1401,CB2100,10190,C01
72,BBA Accountancy,GE1401,CB2601,10334,C04
72,BBA Accountancy,GE1401,CB2201,10339,C01
72,BBA Accountancy,GE1401,CB2100,10441,T06
72,BBA Accountancy,GE1401,GE1401,10721,T54
72,BBA Accountancy,GE1401,CB2300,12532,S02
73,BBA Accountancy,GE1401,CB2100,10190,C01
73,BBA Accountancy,GE1401,CB2100,10246,T03
73,BBA Accountancy,GE1401,GE1401,10730,T64
73,BBA Accountancy,GE1401,CB2601,11195,C03
73,BBA Accountancy,GE1401,CB2300,12532,S02
73,BBA Accountancy,GE1401,CB2201,14827,C06
74,BBA Accountancy,GE1401,CB2100,10190,C01
74,BBA Accountancy,GE1401,CB2100,10245,T02
74,BBA Accountancy,GE1401,GE1401,11498,T83
74,BBA Accountancy,GE1401,CB2601,12304,CE1
74,BBA Accountancy,GE1401,CB2201,14827,C06
74,BBA Accountancy,GE1401,CB2300,14900,SC4
75,BBA Accountancy,GE1401,CB2100,10190,C01
75,BBA Accountancy,GE1401,CB2601,10335,C02
75,BBA Accountancy,GE1401,CB2100,10553,T10
75,BBA Accountancy,GE1401,CB2300,12536,S05
75,BBA Accountancy,GE1401,GE1401,13573,TB2
75,BBA Accountancy,GE1401,CB2201,14828,C07
76,BBA Accountancy,GE1401,CB2100,10551,C02
76,BBA Accountancy,GE1401,CB2201,10792,C04
76,BBA Accountancy,GE1401,CB2100,11277,T13
76,BBA Accountancy,GE1401,CB2601,12305,C01
76,BBA Accountancy,GE1401,CB2300,12536,S05
76,BBA Accountancy,GE1401,GE1401,15206,TC6
77,BBA Accountancy,GE1401,CB2100,10245,T02
77,BBA Accountancy,GE1401,CB2100,10551,C02
77,BBA Accountancy,GE1401,CB2201,10792,C04
77,BBA Accountancy,GE1401,GE1401,11500,T86
77,BBA Accountancy,GE1401,CB2601,12304,CE1
77,BBA Accountancy,GE1401,CB2300,12534,S03
78,BBA Accountancy,GE1401,CB2100,10190,C01
78,BBA Accountancy,GE1401,CB2601,10335,C02
78,BBA Accountancy,GE1401,GE1401,10695,T19
78,BBA Accountancy,GE1401,CB2100,11277,T13
78,BBA Accountancy,GE1401,CB2300,12536,S05
78,BBA Accountancy,GE1401,CB2201,14828,C07
79,BBA Accountancy,GE1401,CB2100,10190,C01
79,BBA Accountancy,GE1401,CB2100,10191,T04
79,BBA Accountancy,GE1401,CB2601,10335,C02
79,BBA Accountancy,GE1401,GE1401,10681,T04
79,BBA Accountancy,GE1401,CB2201,10792,C04
79,BBA Accountancy,GE1401,CB2300,14880,SC1
80,BBA Accountancy,GE1401,CB2100,10190,C01
80,BBA Accountancy,GE1401,CB2601,10335,C02
80,BBA Accountancy,GE1401,CB2100,10554,T11
80,BBA Accountancy,GE1401,CB2201,10792,C04
80,BBA Accountancy,GE1401,GE1401,11500,T86
80,BBA Accountancy,GE1401,CB2300,12536,S05
81,BBA Accountancy,GE1401,CB2201,10678,C05
81,BBA Accountancy,GE1401,GE1401,10702,T27
81,BBA Accountancy,GE1401,CB2601,12561,CC5
81,BBA Accountancy,GE1401,CB2100,12575,TB1
81,BBA Accountancy,GE1401,CB2100,12890,CB2
81,BBA Accountancy,GE1401,CB2300,14882,SC3
82,BBA Accountancy,GE1401,CB2100,10190,C01
82,BBA Accountancy,GE1401,CB2601,10334,C04
82,BBA Accountancy,GE1401,CB2100,10441,T06
82,BBA Accountancy,GE1401,CB2201,10678,C05
82,BBA Accountancy,GE1401,GE1401,10721,T54
82,BBA Accountancy,GE1401,CB2300,12536,S05
83,BBA Accountancy,GE1401,CB2100,10190,C01
83,BBA Accountancy,GE1401,CB2100,10245,T02
83,BBA Accountancy,GE1401,CB2601,10335,C02
83,BBA Accountancy,GE1401,GE1401,10684,T07
83,BBA Accountancy,GE1401,CB2300,12536,S05
83,BBA Accountancy,GE1401,CB2201,14827,C06
84,BBA Accountancy,GE1401,CB2100,10551,C02
84,BBA Accountancy,GE1401,CB2100,11277,T13
84,BBA Accountancy,GE1401,CB2601,12305,C01
84,BBA Accountancy,GE1401,CB2300,12536,S05
84,BBA Accountancy,GE1401,GE1401,13573,TB2
84,BBA Accountancy,GE1401,CB2201,14828,C07
85,BBA Accountancy,GE1401,CB2100,10190,C01
85,BBA Accountancy,GE1401,CB2100,10246,T03
85,BBA Accountancy,GE1401,GE1401,10730,T64
85,BBA Accountancy,GE1401,CB2601,11195,C03
85,BBA Accountancy,GE1401,CB2300,12532,S02
85,BBA Accountancy,GE1401,CB2201,14827,C06
86,BBA Accountancy,GE1401,CB2100,10190,C01
86,BBA Accountancy,GE1401,CB2100,10245,T02
86,BBA Accountancy,GE1401,CB2201,10792,C04
86,BBA Accountancy,GE1401,GE1401,11500,T86
86,BBA Accountancy,GE1401,CB2601,12304,CE1
86,BBA Accountancy,GE1401,CB2300,12532,S02
87,BBA Accountancy,GE1401,CB2100,10190,C01
87,BBA Accountancy,GE1401,CB2601,10334,C04
87,BBA Accountancy,GE1401,CB2201,10339,C01
87,BBA Accountancy,GE1401,CB2100,10441,T06
87,BBA Accountancy,GE1401,GE1401,10721,T54
87,BBA Accountancy,GE1401,CB2300,12532,S02
88,BBA Accountancy,GE1401,CB2100,10190,C01
88,BBA Accountancy,GE1401,CB2601,10335,C02
88,BBA Accountancy,GE1401,CB2100,10552,T09
88,BBA Accountancy,GE1401,GE1401,12127,T84
88,BBA Accountancy,GE1401,CB2300,12533,S01
88,BBA Accountancy,GE1401,CB2201,14827,C06
89,BBA Accountancy,GE1401,CB2100,10190,C01
89,BBA Accountancy,GE1401,CB2100,10441,T06
89,BBA Accountancy,GE1401,CB2201,10792,C04
89,BBA Accountancy,GE1401,CB2601,11195,C03
89,BBA Accountancy,GE1401,GE1401,12397,T51
89,BBA Accountancy,GE1401,CB2300,12532,S02
90,BBA Accountancy,GE1401,CB2100,10191,T04
90,BBA Accountancy,GE1401,CB2100,10551,C02
90,BBA Accountancy,GE1401,GE1401,10681,T04
90,BBA Accountancy,GE1401,CB2201,10792,C04
90,BBA Accountancy,GE1401,CB2601,12305,C01
90,BBA Accountancy,GE1401,CB2300,12587,SA1
91,BBA Accountancy,GE1401,CB2100,10190,C01
91,BBA Accountancy,GE1401,CB2100,10442,T07
91,BBA Accountancy,GE1401,CB2601,12304,CE1
91,BBA Accountancy,GE1401,CB2300,12532,S02
91,BBA Accountancy,GE1401,GE1401,13574,TB3
91,BBA Accountancy,GE1401,CB2201,14827,C06
92,BBA Accountancy,GE1401,CB2100,10190,C01
92,BBA Accountancy,GE1401,CB2601,10335,C02
92,BBA Accountancy,GE1401,CB2100,11277,T13
92,BBA Accountancy,GE1401,CB2300,12536,S05
92,BBA Accountancy,GE1401,GE1401,13573,TB2
92,BBA Accountancy,GE1401,CB2201,14828,C07
93,BBA Accountancy,GE1401,CB2100,10551,C02
93,BBA Accountancy,GE1401,CB2100,10560,TAA
93,BBA Accountancy,GE1401,GE1401,10717,T48
93,BBA Accountancy,GE1401,CB2601,12305,C01
93,BBA Accountancy,GE1401,CB2201,14828,C07
93,BBA Accountancy,GE1401,CB2300,14880,SC1
94,BBA Accountancy,GE1401,CB2100,10190,C01
94,BBA Accountancy,GE1401,CB2100,10554,T11
94,BBA Accountancy,GE1401,CB2201,10792,C04
94,BBA Accountancy,GE1401,CB2601,11195,C03
94,BBA Accountancy,GE1401,GE1401,11500,T86
94,BBA Accountancy,GE1401,CB2300,12532,S02
95,BBA Accountancy,GE1401,CB2100,10190,C01
95,BBA Accountancy,GE1401,CB2100,10554,T11
95,BBA Accountancy,GE1401,CB2201,10792,C04
95,BBA Accountancy,GE1401,CB2601,11195,C03
95,BBA Accountancy,GE1401,GE1401,11500,T86
95,BBA Accountancy,GE1401,CB2300,12532,S02
96,BBA Accountancy,GE1401,CB2100,10190,C01
96,BBA Accountancy,GE1401,CB2100,10246,T03
96,BBA Accountancy,GE1401,GE1401,10730,T64
96,BBA Accountancy,GE1401,CB2601,11195,C03
96,BBA Accountancy,GE1401,CB2300,12532,S02
96,BBA Accountancy,GE1401,CB2201,14827,C06
97,BBA Accountancy,GE1401,CB2100,10192,T05
97,BBA Accountancy,GE1401,CB2100,10551,C02
97,BBA Accountancy,GE1401,CB2601,12305,C01
97,BBA Accountancy,GE1401,CB2300,12536,S05
97,BBA Accountancy,GE1401,GE1401,13573,TB2
97,BBA Accountancy,GE1401,CB2201,14828,C07
98,BBA Accountancy,GE1401,CB2100,10190,C01
98,BBA Accountancy,GE1401,CB2100,10245,T02
98,BBA Accountancy,GE1401,CB2201,10792,C04
98,BBA Accountancy,GE1401,CB2601,11195,C03
98,BBA Accountancy,GE1401,GE1401,11500,T86
98,BBA Accountancy,GE1401,CB2300,12532,S02
99,BBA Accountancy,GE1401,CB2100,10245,T02
99,BBA Accountancy,GE1401,CB2100,10551,C02
99,BBA Accountancy,GE1401,CB2201,10792,C04
99,BBA Accountancy,GE1401,GE1401,11500,T86
99,BBA Accountancy,GE1401,CB2601,12304,CE1
99,BBA Accountancy,GE1401,CB2300,12534,S03
100,BBA Accountancy,GE1401,CB2100,10190,C01
100,BBA Accountancy,GE1401,CB2601,10335,C02
100,BBA Accountancy,GE1401,GE1401,10695,T19
100,BBA Accountancy,GE1401,CB2100,11277,T13
100,BBA Accountancy,GE1401,CB2300,12536,S05
100,BBA Accountancy,GE1401,CB2201,14828,C07
101,BBA Accountancy,GE1401,CB2100,10551,C02
101,BBA Accountancy,GE1401,CB2100,11277,T13
101,BBA Accountancy,GE1401,CB2601,12305,C01
101,BBA Accountancy,GE1401,CB2300,12536,S05
101,BBA Accountancy,GE1401,GE1401,13573,TB2
101,BBA Accountancy,GE1401,CB2201,14828,C07
102,BBA Accountancy,GE1401,CB2100,10192,T05
102,BBA Accountancy,GE1401,CB2100,10551,C02
102,BBA Accountancy,GE1401,GE1401,12122,T35
102,BBA Accountancy,GE1401,CB2601,12305,C01
102,BBA Accountancy,GE1401,CB2300,12536,S05
102,BBA Accountancy,GE1401,CB2201,14828,C07
103,BBA Accountancy,GE1401,CB2100,10190,C01
103,BBA Accountancy,GE1401,CB2100,10553,T10
103,BBA Accountancy,GE1401,GE1401,10687,T10
103,BBA Accountancy,GE1401,CB2601,11195,C03
103,BBA Accountancy,GE1401,CB2300,12532,S02
103,BBA Accountancy,GE1401,CB2201,14827,C06
104,BBA Accountancy,GE1401,CB2100,10190,C01
104,BBA Accountancy,GE1401,CB2100,10442,T07
104,BBA Accountancy,GE1401,CB2601,12304,CE1
104,BBA Accountancy,GE1401,CB2300,12532,S02
104,BBA Accountancy,GE1401,GE1401,13574,TB3
104,BBA Accountancy,GE1401,CB2201,14827,C06
105,BBA Accountancy,GE1401,CB2100,10551,C02
105,BBA Accountancy,GE1401,CB2100,10560,TAA
105,BBA Accountancy,GE1401,GE1401,10687,T10
105,BBA Accountancy,GE1401,CB2201,10792,C04
105,BBA Accountancy,GE1401,CB2601,12305,C01
105,BBA Accountancy,GE1401,CB2300,14901,SC5
106,BBA Accountancy,GE1401,CB2100,10551,C02
106,BBA Accountancy,GE1401,GE1401,10695,T19
106,BBA Accountancy,GE1401,CB2100,11277,T13
106,BBA Accountancy,GE1401,CB2601,12304,CE1
106,BBA Accountancy,GE1401,CB2300,12534,S03
106,BBA Accountancy,GE1401,CB2201,14828,C07
107,BBA Accountancy,GE1401,CB2100,10190,C01
107,BBA Accountancy,GE1401,CB2601,10335,C02
107,BBA Accountancy,GE1401,GE1401,10687,T10
107,BBA Accountancy,GE1401,CB2201,10792,C04
107,BBA Accountancy,GE1401,CB2100,11277,T13
107,BBA Accountancy,GE1401,CB2300,12587,SA1
108,BBA Accountancy,GE1401,CB2100,10190,C01
108,BBA Accountancy,GE1401,CB2601,10334,C04
108,BBA Accountancy,GE1401,CB2100,10441,T06
108,BBA Accountancy,GE1401,CB2201,10678,C05
108,BBA Accountancy,GE1401,GE1401,10721,T54
108,BBA Accountancy,GE1401,CB2300,12536,S05
109,BBA Accountancy,GE1401,CB2100,10190,C01
109,BBA Accountancy,GE1401,CB2601,10335,C02
109,BBA Accountancy,GE1401,CB2100,11277,T13
109,BBA Accountancy,GE1401,CB2300,12536,S05
109,BBA Accountancy,GE1401,CB2201,14827,C06
109,BBA Accountancy,GE1401,GE1401,15206,TC6
110,BBA Accountancy,GE1401,CB2100,10190,C01
110,BBA Accountancy,GE1401,CB2601,10335,C02
110,BBA Accountancy,GE1401,CB2100,11277,T13
110,BBA Accountancy,GE1401,CB2300,12536,S05
110,BBA Accountancy,GE1401,CB2201,14827,C06
110,BBA Accountancy,GE1401,GE1401,15206,TC6
111,BBA Accountancy,GE1401,CB2100,10245,T02
111,BBA Accountancy,GE1401,CB2100,10551,C02
111,BBA Accountancy,GE1401,GE1401,10716,T47
111,BBA Accountancy,GE1401,CB2201,10792,C04
111,BBA Accountancy,GE1401,CB2601,11195,C03
111,BBA Accountancy,GE1401,CB2300,12534,S03
112,BBA Accountancy,GE1401,CB2100,10190,C01
112,BBA Accountancy,GE1401,CB2100,10191,T04
112,BBA Accountancy,GE1401,CB2601,10335,C02
112,BBA Accountancy,GE1401,GE1401,10681,T04
112,BBA Accountancy,GE1401,CB2201,10792,C04
112,BBA Accountancy,GE1401,CB2300,13960,SB5
113,BBA Accountancy,GE1401,CB2100,10190,C01
113,BBA Accountancy,GE1401,CB2100,10191,T04
113,BBA Accountancy,GE1401,GE1401,10681,T04
113,BBA Accountancy,GE1401,CB2601,11195,C03
113,BBA Accountancy,GE1401,CB2300,12588,SA2
113,BBA Accountancy,GE1401,CB2201,14827,C06
114,BBA Accountancy,GE1401,CB2100,10190,C01
114,BBA Accountancy,GE1401,CB2100,10246,T03
114,BBA Accountancy,GE1401,CB2601,10335,C02
114,BBA Accountancy,GE1401,GE1401,10730,T64
114,BBA Accountancy,GE1401,CB2300,12533,S01
114,BBA Accountancy,GE1401,CB2201,14827,C06
115,BBA Accountancy,GE1401,CB2100,10192,T05
115,BBA Accountancy,GE1401,CB2100,10551,C02
115,BBA Accountancy,GE1401,GE1401,10720,T53
115,BBA Accountancy,GE1401,CB2601,12305,C01
115,BBA Accountancy,GE1401,CB2300,12536,S05
115,BBA Accountancy,GE1401,CB2201,14828,C07
116,BBA Accountancy,GE1401,CB2100,10190,C01
116,BBA Accountancy,GE1401,CB2100,10442,T07
116,BBA Accountancy,GE1401,CB2601,12304,CE1
116,BBA Accountancy,GE1401,CB2300,12532,S02
116,BBA Accountancy,GE1401,GE1401,13574,TB3
116,BBA Accountancy,GE1401,CB2201,14827,C06
117,BBA Accountancy,GE1401,CB2100,10190,C01
117,BBA Accountancy,GE1401,CB2601,10335,C02
117,BBA Accountancy,GE1401,CB2100,10553,T10
117,BBA Accountancy,GE1401,CB2201,10792,C04
117,BBA Accountancy,GE1401,CB2300,12536,S05
117,BBA Accountancy,GE1401,GE1401,15206,TC6
118,BBA Accountancy,GE1401,CB2100,10190,C01
118,BBA Accountancy,GE1401,CB2601,10335,C02
118,BBA Accountancy,GE1401,CB2100,10552,T09
118,BBA Accountancy,GE1401,GE1401,12127,T84
118,BBA Accountancy,GE1401,CB2300,12533,S01
118,BBA Accountancy,GE1401,CB2201,14827,C06
119,BBA Accountancy,GE1401,CB2100,10190,C01
119,BBA Accountancy,GE1401,CB2601,10334,C04
119,BBA Accountancy,GE1401,CB2100,10441,T06
119,BBA Accountancy,GE1401,CB2201,10678,C05
119,BBA Accountancy,GE1401,GE1401,10721,T54
119,BBA Accountancy,GE1401,CB2300,12536,S05
120,BBA Accountancy,GE1401,CB2100,10190,C01
120,BBA Accountancy,GE1401,CB2601,10334,C04
120,BBA Accountancy,GE1401,CB2100,10441,T06
120,BBA Accountancy,GE1401,CB2201,10678,C05
120,BBA Accountancy,GE1401,GE1401,10721,T54
120,BBA Accountancy,GE1401,CB2300,12536,S05
121,BBA Accountancy,GE1401,CB2100,10190,C01
121,BBA Accountancy,GE1401,CB2601,10335,C02
121,BBA Accountancy,GE1401,CB2100,10552,T09
121,BBA Accountancy,GE1401,GE1401,12127,T84
121,BBA Accountancy,GE1401,CB2300,12533,S01
121,BBA Accountancy,GE1401,CB2201,14827,C06
122,BBA Accountancy,GE1401,CB2100,10190,C01
122,BBA Accountancy,GE1401,CB2601,10335,C02
122,BBA Accountancy,GE1401,CB2100,10553,T10
122,BBA Accountancy,GE1401,GE1401,10687,T10
122,BBA Accountancy,GE1401,CB2201,10792,C04
122,BBA Accountancy,GE1401,CB2300,12587,SA1
123,BBA Accountancy,GE1401,CB2100,10441,T06
123,BBA Accountancy,GE1401,CB2100,10551,C02
123,BBA Accountancy,GE1401,CB2201,10792,C04
123,BBA Accountancy,GE1401,CB2601,12305,C01
123,BBA Accountancy,GE1401,GE1401,12397,T51
123,BBA Accountancy,GE1401,CB2300,12536,S05
124,BBA Accountancy,GE1401,CB2100,10190,C01
124,BBA Accountancy,GE1401,CB2601,10334,C04
124,BBA Accountancy,GE1401,CB2201,10339,C01
124,BBA Accountancy,GE1401,CB2100,10441,T06
124,BBA Accountancy,GE1401,GE1401,10721,T54
124,BBA Accountancy,GE1401,CB2300,12532,S02
125,BBA Accountancy,GE1401,CB2100,10190,C01
125,BBA Accountancy,GE1401,CB2100,10442,T07
125,BBA Accountancy,GE1401,CB2601,12304,CE1
125,BBA Accountancy,GE1401,CB2300,12532,S02
125,BBA Accountancy,GE1401,GE1401,13574,TB3
125,BBA Accountancy,GE1401,CB2201,14827,C06
126,BBA Accountancy,GE1401,CB2100,10190,C01
126,BBA Accountancy,GE1401,CB2100,10245,T02
126,BBA Accountancy,GE1401,CB2201,10792,C04
126,BBA Accountancy,GE1401,GE1401,11500,T86
126,BBA Accountancy,GE1401,CB2601,12304,CE1
126,BBA Accountancy,GE1401,CB2300,12532,S02
127,BBA Accountancy,GE1401,CB2100,10190,C01
127,BBA Accountancy,GE1401,CB2100,10191,T04
127,BBA Accountancy,GE1401,CB2601,10335,C02
127,BBA Accountancy,GE1401,GE1401,10681,T04
127,BBA Accountancy,GE1401,CB2201,10792,C04
127,BBA Accountancy,GE1401,CB2300,13960,SB5
128,BBA Accountancy,GE1401,CB2100,10190,C01
128,BBA Accountancy,GE1401,CB2100,10191,T04
128,BBA Accountancy,GE1401,CB2601,10335,C02
128,BBA Accountancy,GE1401,GE1401,10681,T04
128,BBA Accountancy,GE1401,CB2201,10792,C04
128,BBA Accountancy,GE1401,CB2300,13960,SB5
129,BBA Accountancy,GE1401,CB2100,10190,C01
129,BBA Accountancy,GE1401,CB2100,10553,T10
129,BBA Accountancy,GE1401,GE1401,10717,T48
129,BBA Accountancy,GE1401,CB2601,11195,C03
129,BBA Accountancy,GE1401,CB2300,12588,SA2
129,BBA Accountancy,GE1401,CB2201,14828,C07
130,BBA Accountancy,GE1401,CB2100,10190,C01
130,BBA Accountancy,GE1401,CB2100,10245,T02
130,BBA Accountancy,GE1401,CB2601,10335,C02
130,BBA Accountancy,GE1401,CB2201,10792,C04
130,BBA Accountancy,GE1401,GE1401,11500,T86
130,BBA Accountancy,GE1401,CB2300,12536,S05
131,BBA Accountancy,GE1401,CB2100,10192,T05
131,BBA Accountancy,GE1401,CB2100,10551,C02
131,BBA Accountancy,GE1401,CB2601,12305,C01
131,BBA Accountancy,GE1401,CB2300,12536,S05
131,BBA Accountancy,GE1401,GE1401,13573,TB2
131,BBA Accountancy,GE1401,CB2201,14828,C07
132,BBA Accountancy,LC0200A,CB2100,10190,C01
132,BBA Accountancy,LC0200A,CB2100,10246,T03
132,BBA Accountancy,LC0200A,LC0200A,11029,T30
132,BBA Accountancy,LC0200A,CB2601,12304,CE1
132,BBA Accountancy,LC0200A,CB2300,12532,S02
132,BBA Accountancy,LC0200A,CB2201,14827,C06
133,BBA Accountancy,LC0200A,CB2100,10190,C01
133,BBA Accountancy,LC0200A,CB2601,10335,C02
133,BBA Accountancy,LC0200A,CB2100,10553,T10
133,BBA Accountancy,LC0200A,CB2201,10792,C04
133,BBA Accountancy,LC0200A,LC0200A,10863,T03
133,BBA Accountancy,LC0200A,CB2300,12536,S05
134,BBA Accountancy,LC0200A,CB2100,10190,C01
134,BBA Accountancy,LC0200A,LC0200A,10863,T03
134,BBA Accountancy,LC0200A,CB2100,11280,TAD
134,BBA Accountancy,LC0200A,CB2601,12304,CE1
134,BBA Accountancy,LC0200A,CB2201,14827,C06
134,BBA Accountancy,LC0200A,CB2300,14881,SC2
135,BBA Accountancy,LC0200A,CB2201,10678,C05
135,BBA Accountancy,LC0200A,LC0200A,10884,T15
135,BBA Accountancy,LC0200A,CB2601,12560,C05
135,BBA Accountancy,LC0200A,CB2100,12575,TB1
135,BBA Accountancy,LC0200A,CB2100,12890,CB2
135,BBA Accountancy,LC0200A,CB2300,13958,SB3
136,BBA Accountancy,LC0200A,CB2100,10192,T05
136,BBA Accountancy,LC0200A,CB2100,10551,C02
136,BBA Accountancy,LC0200A,LC0200A,10881,T12
136,BBA Accountancy,LC0200A,CB2601,12304,CE1
136,BBA Accountancy,LC0200A,CB2300,12534,S03
136,BBA Accountancy,LC0200A,CB2201,14828,C07
137,BBA Accountancy,LC0200A,CB2100,10190,C01
137,BBA Accountancy,LC0200A,CB2601,10335,C02
137,BBA Accountancy,LC0200A,CB2100,10553,T10
137,BBA Accountancy,LC0200A,LC0200A,10863,T03
137,BBA Accountancy,LC0200A,CB2300,12536,S05
137,BBA Accountancy,LC0200A,CB2201,14827,C06
138,BBA Accountancy,LC0200A,CB2601,10335,C02
138,BBA Accountancy,LC0200A,CB2100,10459,TA4
138,BBA Accountancy,LC0200A,CB2201,10792,C04
138,BBA Accountancy,LC0200A,LC0200A,10864,T04
138,BBA Accountancy,LC0200A,CB2100,11077,CA1
138,BBA Accountancy,LC0200A,CB2300,14880,SC1
139,BBA Accountancy,LC0200A,CB2201,10678,C05
139,BBA Accountancy,LC0200A,LC0200A,10884,T15
139,BBA Accountancy,LC0200A,CB2300,12534,S03
139,BBA Accountancy,LC0200A,CB2601,12560,C05
139,BBA Accountancy,LC0200A,CB2100,12575,TB1
139,BBA Accountancy,LC0200A,CB2100,12890,CB2
140,BBA Accountancy,LC0200A,CB2100,10192,T05
140,BBA Accountancy,LC0200A,CB2100,10551,C02
140,BBA Accountancy,LC0200A,CB2201,10792,C04
140,BBA Accountancy,LC0200A,LC0200A,10889,T21
140,BBA Accountancy,LC0200A,CB2601,12304,CE1
140,BBA Accountancy,LC0200A,CB2300,12534,S03
141,BBA Accountancy,LC0200A,CB2100,10190,C01
141,BBA Accountancy,LC0200A,CB2100,10552,T09
141,BBA Accountancy,LC0200A,LC0200A,11029,T30
141,BBA Accountancy,LC0200A,CB2601,11195,C03
141,BBA Accountancy,LC0200A,CB2300,12532,S02
141,BBA Accountancy,LC0200A,CB2201,14827,C06
142,BBA Accountancy,LC0200A,CB2100,10190,C01
142,BBA Accountancy,LC0200A,CB2100,10192,T05
142,BBA Accountancy,LC0200A,CB2601,10335,C02
142,BBA Accountancy,LC0200A,LC0200A,10889,T21
142,BBA Accountancy,LC0200A,CB2300,12536,S05
142,BBA Accountancy,LC0200A,CB2201,14827,C06
143,BBA Accountancy,LC0200A,CB2100,10190,C01
143,BBA Accountancy,LC0200A,CB2100,10192,T05
143,BBA Accountancy,LC0200A,CB2601,10335,C02
143,BBA Accountancy,LC0200A,CB2201,10792,C04
143,BBA Accountancy,LC0200A,LC0200A,10889,T21
143,BBA Accountancy,LC0200A,CB2300,12536,S05
144,BBA Accountancy,LC0200A,CB2100,10190,C01
144,BBA Accountancy,LC0200A,CB2100,10246,T03
144,BBA Accountancy,LC0200A,LC0200A,11029,T30
144,BBA Accountancy,LC0200A,CB2601,12304,CE1
144,BBA Accountancy,LC0200A,CB2300,12532,S02
144,BBA Accountancy,LC0200A,CB2201,14827,C06
145,BBA Accountancy,LC0200A,CB2201,10678,C05
145,BBA Accountancy,LC0200A,LC0200A,10884,T15
145,BBA Accountancy,LC0200A,CB2300,12534,S03
145,BBA Accountancy,LC0200A,CB2601,12560,C05
145,BBA Accountancy,LC0200A,CB2100,12575,TB1
145,BBA Accountancy,LC0200A,CB2100,12890,CB2
146,BBA Accountancy,LC0200A,CB2100,10190,C01
146,BBA Accountancy,LC0200A,CB2100,10191,T04
146,BBA Accountancy,LC0200A,CB2601,10335,C02
146,BBA Accountancy,LC0200A,LC0200A,10864,T04
146,BBA Accountancy,LC0200A,CB2300,13960,SB5
146,BBA Accountancy,LC0200A,CB2201,14827,C06
147,BBA Accountancy,LC0200A,CB2100,10190,C01
147,BBA Accountancy,LC0200A,LC0200A,10863,T03
147,BBA Accountancy,LC0200A,CB2100,11280,TAD
147,BBA Accountancy,LC0200A,CB2601,12304,CE1
147,BBA Accountancy,LC0200A,CB2201,14827,C06
147,BBA Accountancy,LC0200A,CB2300,14881,SC2
148,BBA Accountancy,LC0200A,CB2100,10190,C01
148,BBA Accountancy,LC0200A,CB2100,10192,T05
148,BBA Accountancy,LC0200A,CB2601,10335,C02
148,BBA Accountancy,LC0200A,CB2201,10792,C04
148,BBA Accountancy,LC0200A,LC0200A,10889,T21
148,BBA Accountancy,LC0200A,CB2300,12536,S05
149,BBA Accountancy,LC0200A,CB2100,10192,T05
149,BBA Accountancy,LC0200A,CB2100,10551,C02
149,BBA Accountancy,LC0200A,LC0200A,10881,T12
149,BBA Accountancy,LC0200A,CB2601,12304,CE1
149,BBA Accountancy,LC0200A,CB2300,12534,S03
149,BBA Accountancy,LC0200A,CB2201,14828,C07
150,BBA Accountancy,LC0200A,CB2201,10678,C05
150,BBA Accountancy,LC0200A,LC0200A,10884,T15
150,BBA Accountancy,LC0200A,CB2300,12534,S03
150,BBA Accountancy,LC0200A,CB2601,12560,C05
150,BBA Accountancy,LC0200A,CB2100,12575,TB1
150,BBA Accountancy,LC0200A,CB2100,12890,CB2
151,BBA Accountancy,LC0200A,CB2100,10190,C01
151,BBA Accountancy,LC0200A,CB2601,10335,C02
151,BBA Accountancy,LC0200A,CB2100,10553,T10
151,BBA Accountancy,LC0200A,LC0200A,10863,T03
151,BBA Accountancy,LC0200A,CB2300,12536,S05
151,BBA Accountancy,LC0200A,CB2201,14827,C06
152,BBA Accountancy,LC0200A,CB2100,10551,C02
152,BBA Accountancy,LC0200A,CB2201,10792,C04
152,BBA Accountancy,LC0200A,LC0200A,10863,T03
152,BBA Accountancy,LC0200A,CB2100,11277,T13
152,BBA Accountancy,LC0200A,CB2601,12305,C01
152,BBA Accountancy,LC0200A,CB2300,12536,S05
153,BBA Accountancy,LC0200A,CB2100,10190,C01
153,BBA Accountancy,LC0200A,CB2100,10552,T09
153,BBA Accountancy,LC0200A,LC0200A,11029,T30
153,BBA Accountancy,LC0200A,CB2601,12304,CE1
153,BBA Accountancy,LC0200A,CB2300,12532,S02
153,BBA Accountancy,LC0200A,CB2201,14827,C06
154,BBA Accountancy,LC0200A,CB2100,10190,C01
154,BBA Accountancy,LC0200A,CB2100,10191,T04
154,BBA Accountancy,LC0200A,CB2601,10335,C02
154,BBA Accountancy,LC0200A,CB2201,10792,C04
154,BBA Accountancy,LC0200A,LC0200A,10864,T04
154,BBA Accountancy,LC0200A,CB2300,13960,SB5
155,BBA Accountancy,LC0200A,CB2100,10190,C01
155,BBA Accountancy,LC0200A,CB2100,10552,T09
155,BBA Accountancy,LC0200A,LC0200A,11029,T30
155,BBA Accountancy,LC0200A,CB2601,12304,CE1
155,BBA Accountancy,LC0200A,CB2300,12532,S02
155,BBA Accountancy,LC0200A,CB2201,14827,C06
156,BBA Accountancy,LC0200A,CB2100,10192,T05
156,BBA Accountancy,LC0200A,CB2100,10551,C02
156,BBA Accountancy,LC0200A,LC0200A,10881,T12
156,BBA Accountancy,LC0200A,CB2601,12304,CE1
156,BBA Accountancy,LC0200A,CB2300,12534,S03
156,BBA Accountancy,LC0200A,CB2201,14828,C07
157,BBA Accountancy,LC0200A,CB2201,10678,C05
157,BBA Accountancy,LC0200A,LC0200A,10884,T15
157,BBA Accountancy,LC0200A,CB2601,12561,CC5
157,BBA Accountancy,LC0200A,CB2100,12575,TB1
157,BBA Accountancy,LC0200A,CB2100,12890,CB2
157,BBA Accountancy,LC0200A,CB2300,13958,SB3
158,BBA Accountancy,LC0200A,CB2100,10190,C01
158,BBA Accountancy,LC0200A,CB2601,10335,C02
158,BBA Accountancy,LC0200A,LC0200A,10878,T09
158,BBA Accountancy,LC0200A,CB2100,11277,T13
158,BBA Accountancy,LC0200A,CB2300,12536,S05
158,BBA Accountancy,LC0200A,CB2201,14828,C07
159,BBA Accountancy,LC0200A,CB2100,10190,C01
159,BBA Accountancy,LC0200A,CB2601,10335,C02
159,BBA Accountancy,LC0200A,LC0200A,10863,T03
159,BBA Accountancy,LC0200A,CB2100,11280,TAD
159,BBA Accountancy,LC0200A,CB2201,14827,C06
159,BBA Accountancy,LC0200A,CB2300,14880,SC1
160,BBA Accountancy,LC0200A,CB2100,10190,C01
160,BBA Accountancy,LC0200A,CB2601,10335,C02
160,BBA Accountancy,LC0200A,CB2100,10552,T09
160,BBA Accountancy,LC0200A,LC0200A,11029,T30
160,BBA Accountancy,LC0200A,CB2300,12533,S01
160,BBA Accountancy,LC0200A,CB2201,14827,C06
161,BBA Accountancy,LC0200A,CB2100,10190,C01
161,BBA Accountancy,LC0200A,CB2100,10192,T05
161,BBA Accountancy,LC0200A,CB2601,10335,C02
161,BBA Accountancy,LC0200A,LC0200A,10889,T21
161,BBA Accountancy,LC0200A,CB2300,12536,S05
161,BBA Accountancy,LC0200A,CB2201,14827,C06
162,BBA Accountancy,LC0200A,CB2100,10190,C01
162,BBA Accountancy,LC0200A,CB2100,10245,T02
162,BBA Accountancy,LC0200A,CB2601,10335,C02
162,BBA Accountancy,LC0200A,LC0200A,10897,T29
162,BBA Accountancy,LC0200A,CB2300,12536,S05
162,BBA Accountancy,LC0200A,CB2201,14827,C06
163,BBA Accountancy,LC0200A,CB2100,10190,C01
163,BBA Accountancy,LC0200A,CB2100,10245,T02
163,BBA Accountancy,LC0200A,CB2601,10335,C02
163,BBA Accountancy,LC0200A,LC0200A,10897,T29
163,BBA Accountancy,LC0200A,CB2300,12536,S05
163,BBA Accountancy,LC0200A,CB2201,14827,C06
164,BBA Accountancy,LC0200A,CB2100,10190,C01
164,BBA Accountancy,LC0200A,CB2601,10335,C02
164,BBA Accountancy,LC0200A,LC0200A,10863,T03
164,BBA Accountancy,LC0200A,CB2100,11277,T13
164,BBA Accountancy,LC0200A,CB2300,12536,S05
164,BBA Accountancy,LC0200A,CB2201,14827,C06
165,BBA Accountancy,LC0200A,CB2100,10190,C01
165,BBA Accountancy,LC0200A,CB2100,10552,T09
165,BBA Accountancy,LC0200A,LC0200A,11029,T30
165,BBA Accountancy,LC0200A,CB2601,12304,CE1
165,BBA Accountancy,LC0200A,CB2300,12532,S02
165,BBA Accountancy,LC0200A,CB2201,14827,C06
166,BBA Accountancy,LC0200A,CB2100,10190,C01
166,BBA Accountancy,LC0200A,CB2100,10245,T02
166,BBA Accountancy,LC0200A,LC0200A,10881,T12
166,BBA Accountancy,LC0200A,CB2601,12304,CE1
166,BBA Accountancy,LC0200A,CB2300,12532,S02
166,BBA Accountancy,LC0200A,CB2201,14827,C06
167,BBA Accountancy,LC0200A,CB2100,10190,C01
167,BBA Accountancy,LC0200A,CB2601,10335,C02
167,BBA Accountancy,LC0200A,CB2100,10553,T10
167,BBA Accountancy,LC0200A,CB2201,10792,C04
167,BBA Accountancy,LC0200A,LC0200A,10863,T03
167,BBA Accountancy,LC0200A,CB2300,12536,S05
168,BBA Accountancy,LC0200A,CB2100,10190,C01
168,BBA Accountancy,LC0200A,CB2100,10245,T02
168,BBA Accountancy,LC0200A,CB2601,10335,C02
168,BBA Accountancy,LC0200A,LC0200A,10897,T29
168,BBA Accountancy,LC0200A,CB2300,12536,S05
168,BBA Accountancy,LC0200A,CB2201,14827,C06
169,BBA Accountancy,LC0200A,CB2100,10190,C01
169,BBA Accountancy,LC0200A,CB2601,10335,C02
169,BBA Accountancy,LC0200A,CB2100,10553,T10
169,BBA Accountancy,LC0200A,CB2201,10792,C04
169,BBA Accountancy,LC0200A,LC0200A,10863,T03
169,BBA Accountancy,LC0200A,CB2300,12536,S05
170,BBA Accountancy,LC0200A,CB2201,10678,C05
170,BBA Accountancy,LC0200A,LC0200A,10884,T15
170,BBA Accountancy,LC0200A,CB2601,12561,CC5
170,BBA Accountancy,LC0200A,CB2100,12575,TB1
170,BBA Accountancy,LC0200A,CB2100,12890,CB2
170,BBA Accountancy,LC0200A,CB2300,14882,SC3
171,BBA Accountancy,LC0200A,CB2100,10190,C01
171,BBA Accountancy,LC0200A,CB2601,10335,C02
171,BBA Accountancy,LC0200A,CB2100,10553,T10
171,BBA Accountancy,LC0200A,CB2201,10792,C04
171,BBA Accountancy,LC0200A,LC0200A,10863,T03
171,BBA Accountancy,LC0200A,CB2300,12536,S05
172,BBA Accountancy,LC0200A,CB2201,10678,C05
172,BBA Accountancy,LC0200A,LC0200A,10884,T15
172,BBA Accountancy,LC0200A,CB2300,12534,S03
172,BBA Accountancy,LC0200A,CB2601,12560,C05
172,BBA Accountancy,LC0200A,CB2100,12575,TB1
172,BBA Accountancy,LC0200A,CB2100,12890,CB2
173,BBA Accountancy,LC0200A,CB2100,10190,C01
173,BBA Accountancy,LC0200A,CB2100,10192,T05
173,BBA Accountancy,LC0200A,LC0200A,10881,T12
173,BBA Accountancy,LC0200A,CB2601,11195,C03
173,BBA Accountancy,LC0200A,CB2300,12532,S02
173,BBA Accountancy,LC0200A,CB2201,14828,C07
174,BBA Accountancy,LC0200A,CB2100,10190,C01
174,BBA Accountancy,LC0200A,CB2100,10553,T10
174,BBA Accountancy,LC0200A,LC0200A,10863,T03
174,BBA Accountancy,LC0200A,CB2601,11195,C03
174,BBA Accountancy,LC0200A,CB2300,12588,SA2
174,BBA Accountancy,LC0200A,CB2201,14827,C06
175,BBA Accountancy,LC0200A,CB2100,10190,C01
175,BBA Accountancy,LC0200A,CB2100,10192,T05
175,BBA Accountancy,LC0200A,CB2201,10792,C04
175,BBA Accountancy,LC0200A,LC0200A,10889,T21
175,BBA Accountancy,LC0200A,CB2601,12304,CE1
175,BBA Accountancy,LC0200A,CB2300,12532,S02
176,BBA Accountancy,LC0200A,CB2100,10190,C01
176,BBA Accountancy,LC0200A,CB2100,10191,T04
176,BBA Accountancy,LC0200A,CB2601,10335,C02
176,BBA Accountancy,LC0200A,LC0200A,10864,T04
176,BBA Accountancy,LC0200A,CB2300,13960,SB5
176,BBA Accountancy,LC0200A,CB2201,14827,C06
177,BBA Accountancy,LC0200A,CB2100,10190,C01
177,BBA Accountancy,LC0200A,CB2100,10553,T10
177,BBA Accountancy,LC0200A,LC0200A,10881,T12
177,BBA Accountancy,LC0200A,CB2601,12304,CE1
177,BBA Accountancy,LC0200A,CB2300,12532,S02
177,BBA Accountancy,LC0200A,CB2201,14828,C07
178,BBA Accountancy,LC0200A,CB2100,10190,C01
178,BBA Accountancy,LC0200A,CB2100,10552,T09
178,BBA Accountancy,LC0200A,LC0200A,11029,T30
178,BBA Accountancy,LC0200A,CB2601,11195,C03
178,BBA Accountancy,LC0200A,CB2300,12532,S02
178,BBA Accountancy,LC0200A,CB2201,14827,C06
179,BBA Accountancy,LC0200A,CB2100,10191,T04
179,BBA Accountancy,LC0200A,CB2100,10551,C02
179,BBA Accountancy,LC0200A,CB2201,10792,C04
179,BBA Accountancy,LC0200A,LC0200A,10864,T04
179,BBA Accountancy,LC0200A,CB2601,12305,C01
179,BBA Accountancy,LC0200A,CB2300,13960,SB5
180,BBA Accountancy,LC0200A,CB2100,10190,C01
180,BBA Accountancy,LC0200A,CB2100,10192,T05
180,BBA Accountancy,LC0200A,LC0200A,10881,T12
180,BBA Accountancy,LC0200A,CB2601,11195,C03
180,BBA Accountancy,LC0200A,CB2300,12532,S02
180,BBA Accountancy,LC0200A,CB2201,14828,C07
181,BBA Accountancy,LC0200A,CB2100,10190,C01
181,BBA Accountancy,LC0200A,CB2601,10335,C02
181,BBA Accountancy,LC0200A,CB2100,10553,T10
181,BBA Accountancy,LC0200A,LC0200A,10863,T03
181,BBA Accountancy,LC0200A,CB2300,12536,S05
181,BBA Accountancy,LC0200A,CB2201,14827,C06
182,BBA Accountancy,LC0200A,CB2100,10190,C01
182,BBA Accountancy,LC0200A,CB2100,10192,T05
182,BBA Accountancy,LC0200A,CB2601,10335,C02
182,BBA Accountancy,LC0200A,LC0200A,10895,T27
182,BBA Accountancy,LC0200A,CB2300,12536,S05
182,BBA Accountancy,LC0200A,CB2201,14828,C07
183,BBA Accountancy,LC0200A,CB2100,10190,C01
183,BBA Accountancy,LC0200A,CB2601,10335,C02
183,BBA Accountancy,LC0200A,LC0200A,10881,T12
183,BBA Accountancy,LC0200A,CB2100,11277,T13
183,BBA Accountancy,LC0200A,CB2300,12536,S05
183,BBA Accountancy,LC0200A,CB2201,14828,C07
184,BBA Accountancy,LC0200A,CB2100,10190,C01
184,BBA Accountancy,LC0200A,CB2100,10192,T05
184,BBA Accountancy,LC0200A,CB2601,10335,C02
184,BBA Accountancy,LC0200A,LC0200A,10889,T21
184,BBA Accountancy,LC0200A,CB2300,12536,S05
184,BBA Accountancy,LC0200A,CB2201,14827,C06
185,BBA Accountancy,LC0200A,CB2100,10190,C01
185,BBA Accountancy,LC0200A,CB2601,10335,C02
185,BBA Accountancy,LC0200A,CB2100,10552,T09
185,BBA Accountancy,LC0200A,LC0200A,10895,T27
185,BBA Accountancy,LC0200A,CB2300,12536,S05
185,BBA Accountancy,LC0200A,CB2201,14827,C06
186,BBA Accountancy,LC0200A,CB2100,10190,C01
186,BBA Accountancy,LC0200A,CB2100,10192,T05
186,BBA Accountancy,LC0200A,CB2601,10335,C02
186,BBA Accountancy,LC0200A,CB2201,10792,C04
186,BBA Accountancy,LC0200A,LC0200A,10889,T21
186,BBA Accountancy,LC0200A,CB2300,12536,S05
187,BBA Accountancy,LC0200A,CB2100,10190,C01
187,BBA Accountancy,LC0200A,CB2100,10245,T02
187,BBA Accountancy,LC0200A,CB2601,10335,C02
187,BBA Accountancy,LC0200A,LC0200A,11029,T30
187,BBA Accountancy,LC0200A,CB2300,12533,S01
187,BBA Accountancy,LC0200A,CB2201,14827,C06
188,BBA Accountancy,LC0200A,CB2100,10190,C01
188,BBA Accountancy,LC0200A,CB2601,10335,C02
188,BBA Accountancy,LC0200A,LC0200A,10878,T09
188,BBA Accountancy,LC0200A,CB2100,11277,T13
188,BBA Accountancy,LC0200A,CB2300,12536,S05
188,BBA Accountancy,LC0200A,CB2201,14828,C07
189,BBA Accountancy,LC0200A,CB2100,10191,T04
189,BBA Accountancy,LC0200A,CB2100,10551,C02
189,BBA Accountancy,LC0200A,CB2201,10792,C04
189,BBA Accountancy,LC0200A,LC0200A,10864,T04
189,BBA Accountancy,LC0200A,CB2601,12305,C01
189,BBA Accountancy,LC0200A,CB2300,12587,SA1
190,BBA Accountancy,LC0200A,CB2201,10678,C05
190,BBA Accountancy,LC0200A,LC0200A,10884,T15
190,BBA Accountancy,LC0200A,CB2300,12534,S03
190,BBA Accountancy,LC0200A,CB2601,12560,C05
190,BBA Accountancy,LC0200A,CB2100,12575,TB1
190,BBA Accountancy,LC0200A,CB2100,12890,CB2
191,BBA Accountancy,LC0200A,CB2100,10190,C01
191,BBA Accountancy,LC0200A,CB2100,10553,T10
191,BBA Accountancy,LC0200A,LC0200A,10881,T12
191,BBA Accountancy,LC0200A,CB2601,12304,CE1
191,BBA Accountancy,LC0200A,CB2300,12532,S02
191,BBA Accountancy,LC0200A,CB2201,14828,C07
192,BBA Finance,GE1401,CB2100,10190,C01
192,BBA Finance,GE1401,CB2400,10235,C02
192,BBA Finance,GE1401,CB2201,10340,C02
192,BBA Finance,GE1401,CB2100,10552,T09
192,BBA Finance,GE1401,GE1401,10697,T21
193,BBA Finance,GE1401,CB2100,10190,C01
193,BBA Finance,GE1401,CB2400,10839,CB1
193,BBA Finance,GE1401,CB2100,11277,T13
193,BBA Finance,GE1401,GE1401,13197,TA2
193,BBA Finance,GE1401,CB2201,14828,C07
194,BBA Finance,GE1401,CB2100,10246,T03
194,BBA Finance,GE1401,CB2201,10339,C01
194,BBA Finance,GE1401,CB2100,10551,C02
194,BBA Finance,GE1401,CB2400,12538,C04
194,BBA Finance,GE1401,GE1401,14270,TB7
195,BBA Finance,GE1401,CB2201,10341,C03
195,BBA Finance,GE1401,CB2100,10457,CA2
195,BBA Finance,GE1401,CB2100,10557,TA7
195,BBA Finance,GE1401,CB2400,13315,CB3
195,BBA Finance,GE1401,GE1401,15601,T28
196,BBA Finance,GE1401,CB2100,10551,C02
196,BBA Finance,GE1401,CB2100,10561,TAB
196,BBA Finance,GE1401,GE1401,10685,T08
196,BBA Finance,GE1401,CB2400,13315,CB3
196,BBA Finance,GE1401,CB2201,14827,C06
197,BBA Finance,GE1401,CB2100,10190,C01
197,BBA Finance,GE1401,CB2400,10235,C02
197,BBA Finance,GE1401,CB2201,10339,C01
197,BBA Finance,GE1401,CB2100,10552,T09
197,BBA Finance,GE1401,GE1401,10707,T32
198,BBA Finance,GE1401,CB2100,10190,C01
198,BBA Finance,GE1401,CB2400,10235,C02
198,BBA Finance,GE1401,CB2201,10340,C02
198,BBA Finance,GE1401,CB2100,10552,T09
198,BBA Finance,GE1401,GE1401,10707,T32
199,BBA Finance,GE1401,CB2201,10339,C01
199,BBA Finance,GE1401,CB2100,10441,T06
199,BBA Finance,GE1401,CB2100,10551,C02
199,BBA Finance,GE1401,CB2400,10840,CB2
199,BBA Finance,GE1401,GE1401,13568,T96
200,BBA Finance,GE1401,CB2100,10457,CA2
200,BBA Finance,GE1401,CB2100,10555,TA5
200,BBA Finance,GE1401,GE1401,10710,T37
200,BBA Finance,GE1401,CB2400,10839,CB1
200,BBA Finance,GE1401,CB2201,13718,CM2
201,BBA Finance,GE1401,CB2100,10551,C02
201,BBA Finance,GE1401,CB2400,10839,CB1
201,BBA Finance,GE1401,CB2100,11278,T14
201,BBA Finance,GE1401,GE1401,14271,TB8
201,BBA Finance,GE1401,CB2201,14827,C06
202,BBA Finance,GE1401,CB2201,10340,C02
202,BBA Finance,GE1401,CB2100,10551,C02
202,BBA Finance,GE1401,CB2100,10554,T11
202,BBA Finance,GE1401,CB2400,10840,CB2
202,BBA Finance,GE1401,GE1401,12733,T62
203,BBA Finance,GE1401,CB2100,10190,C01
203,BBA Finance,GE1401,CB2100,10192,T05
203,BBA Finance,GE1401,CB2400,10235,C02
203,BBA Finance,GE1401,CB2201,10340,C02
203,BBA Finance,GE1401,GE1401,10697,T21
204,BBA Finance,GE1401,CB2201,10339,C01
204,BBA Finance,GE1401,CB2100,10551,C02
204,BBA Finance,GE1401,CB2100,10554,T11
204,BBA Finance,GE1401,GE1401,12396,T46
204,BBA Finance,GE1401,CB2400,13315,CB3
205,BBA Finance,GE1401,CB2100,10190,C01
205,BBA Finance,GE1401,CB2201,10340,C02
205,BBA Finance,GE1401,CB2100,10561,TAB
205,BBA Finance,GE1401,GE1401,13197,TA2
205,BBA Finance,GE1401,CB2400,13315,CB3
206,BBA Finance,GE1401,CB2100,10192,T05
206,BBA Finance,GE1401,CB2100,10551,C02
206,BBA Finance,GE1401,GE1401,10720,T53
206,BBA Finance,GE1401,CB2400,10840,CB2
206,BBA Finance,GE1401,CB2201,14828,C07
207,BBA Finance,GE1401,CB2201,10340,C02
207,BBA Finance,GE1401,CB2100,10551,C02
207,BBA Finance,GE1401,CB2100,10554,T11
207,BBA Finance,GE1401,GE1401,12396,T46
207,BBA Finance,GE1401,CB2400,13315,CB3
208,BBA Finance,GE1401,CB2100,10190,C01
208,BBA Finance,GE1401,CB2201,10340,C02
208,BBA Finance,GE1401,CB2100,10561,TAB
208,BBA Finance,GE1401,GE1401,10680,T03
208,BBA Finance,GE1401,CB2400,13315,CB3
209,BBA Finance,GE1401,CB2201,10341,C03
209,BBA Finance,GE1401,CB2100,10457,CA2
209,BBA Finance,GE1401,CB2100,10559,TA9
209,BBA Finance,GE1401,CB2400,13315,CB3
209,BBA Finance,GE1401,GE1401,15601,T28
210,BBA Finance,GE1401,CB2201,10339,C01
210,BBA Finance,GE1401,CB2100,10457,CA2
210,BBA Finance,GE1401,CB2400,10839,CB1
210,BBA Finance,GE1401,GE1401,11495,T77
210,BBA Finance,GE1401,CB2100,12576,TA1
211,BBA Finance,GE1401,CB2201,10340,C02
211,BBA Finance,GE1401,CB2100,10551,C02
211,BBA Finance,GE1401,CB2100,10554,T11
211,BBA Finance,GE1401,CB2400,10840,CB2
211,BBA Finance,GE1401,GE1401,12733,T62
212,BBA Finance,GE1401,CB2201,10340,C02
212,BBA Finance,GE1401,CB2100,10551,C02
212,BBA Finance,GE1401,CB2100,10554,T11
212,BBA Finance,GE1401,GE1401,12396,T46
212,BBA Finance,GE1401,CB2400,13315,CB3
213,BBA Finance,GE1401,CB2100,10190,C01
213,BBA Finance,GE1401,CB2400,10235,C02
213,BBA Finance,GE1401,CB2201,10339,C01
213,BBA Finance,GE1401,CB2100,10552,T09
213,BBA Finance,GE1401,GE1401,10707,T32
214,BBA Finance,GE1401,CB2100,10190,C01
214,BBA Finance,GE1401,CB2400,10235,C02
214,BBA Finance,GE1401,CB2100,10246,T03
214,BBA Finance,GE1401,CB2201,10339,C01
214,BBA Finance,GE1401,GE1401,10697,T21
215,BBA Finance,GE1401,CB2100,10190,C01
215,BBA Finance,GE1401,CB2100,10553,T10
215,BBA Finance,GE1401,CB2400,10839,CB1
215,BBA Finance,GE1401,CB2201,14828,C07
215,BBA Finance,GE1401,GE1401,15603,T73
216,BBA Finance,GE1401,CB2201,10339,C01
216,BBA Finance,GE1401,CB2400,10404,CA2
216,BBA Finance,GE1401,CB2100,10457,CA2
216,BBA Finance,GE1401,GE1401,11495,T77
216,BBA Finance,GE1401,CB2100,12576,TA1
217,BBA Finance,GE1401,CB2201,10339,C01
217,BBA Finance,GE1401,CB2100,10596,TA2
217,BBA Finance,GE1401,CB2400,10839,CB1
217,BBA Finance,GE1401,CB2100,11077,CA1
217,BBA Finance,GE1401,GE1401,15603,T73
218,BBA Finance,GE1401,CB2201,10341,C03
218,BBA Finance,GE1401,CB2100,10457,CA2
218,BBA Finance,GE1401,CB2100,10557,TA7
218,BBA Finance,GE1401,CB2400,13315,CB3
218,BBA Finance,GE1401,GE1401,15601,T28
219,BBA Finance,GE1401,CB2100,10246,T03
219,BBA Finance,GE1401,CB2201,10340,C02
219,BBA Finance,GE1401,CB2400,10404,CA2
219,BBA Finance,GE1401,CB2100,10551,C02
219,BBA Finance,GE1401,GE1401,11496,T79
220,BBA Finance,GE1401,CB2100,10457,CA2
220,BBA Finance,GE1401,CB2100,10555,TA5
220,BBA Finance,GE1401,GE1401,10710,T37
220,BBA Finance,GE1401,CB2400,10839,CB1
220,BBA Finance,GE1401,CB2201,13718,CM2
221,BBA Finance,GE1401,CB2100,10190,C01
221,BBA Finance,GE1401,CB2201,10340,C02
221,BBA Finance,GE1401,CB2100,10553,T10
221,BBA Finance,GE1401,CB2400,13315,CB3
221,BBA Finance,GE1401,GE1401,15603,T73
222,BBA Finance,GE1401,CB2201,10340,C02
222,BBA Finance,GE1401,CB2100,10458,TA3
222,BBA Finance,GE1401,CB2400,10839,CB1
222,BBA Finance,GE1401,CB2100,11077,CA1
222,BBA Finance,GE1401,GE1401,12735,T74
223,BBA Finance,GE1401,CB2201,10339,C01
223,BBA Finance,GE1401,CB2100,10551,C02
223,BBA Finance,GE1401,CB2100,10554,T11
223,BBA Finance,GE1401,GE1401,12396,T46
223,BBA Finance,GE1401,CB2400,13315,CB3
224,BBA Finance,GE1401,CB2100,10190,C01
224,BBA Finance,GE1401,CB2201,10340,C02
224,BBA Finance,GE1401,CB2100,10553,T10
224,BBA Finance,GE1401,CB2400,13315,CB3
224,BBA Finance,GE1401,GE1401,15603,T73
225,BBA Finance,GE1401,CB2201,10340,C02
225,BBA Finance,GE1401,CB2100,10551,C02
225,BBA Finance,GE1401,CB2100,10554,T11
225,BBA Finance,GE1401,GE1401,12396,T46
225,BBA Finance,GE1401,CB2400,13315,CB3
226,BBA Finance,GE1401,CB2100,10190,C01
226,BBA Finance,GE1401,CB2100,10192,T05
226,BBA Finance,GE1401,CB2400,10235,C02
226,BBA Finance,GE1401,CB2201,10340,C02
226,BBA Finance,GE1401,GE1401,14941,TA3
227,BBA Finance,GE1401,CB2100,10190,C01
227,BBA Finance,GE1401,CB2400,10235,C02
227,BBA Finance,GE1401,CB2201,10339,C01
227,BBA Finance,GE1401,CB2100,10552,T09
227,BBA Finance,GE1401,GE1401,10729,T63
228,BBA Finance,GE1401,CB2201,10341,C03
228,BBA Finance,GE1401,CB2100,10457,CA2
228,BBA Finance,GE1401,CB2100,10458,TA3
228,BBA Finance,GE1401,GE1401,10727,T60
228,BBA Finance,GE1401,CB2400,10839,CB1
229,BBA Finance,GE1401,CB2100,10246,T03
229,BBA Finance,GE1401,CB2201,10339,C01
229,BBA Finance,GE1401,CB2100,10551,C02
229,BBA Finance,GE1401,CB2400,12538,C04
229,BBA Finance,GE1401,GE1401,15182,TC3
230,BBA Finance,GE1401,CB2201,10340,C02
230,BBA Finance,GE1401,CB2100,10551,C02
230,BBA Finance,GE1401,CB2100,10554,T11
230,BBA Finance,GE1401,CB2400,10840,CB2
230,BBA Finance,GE1401,GE1401,12733,T62
231,BBA Finance,GE1401,CB2100,10457,CA2
231,BBA Finance,GE1401,CB2100,10555,TA5
231,BBA Finance,GE1401,GE1401,10710,T37
231,BBA Finance,GE1401,CB2400,10839,CB1
231,BBA Finance,GE1401,CB2201,13718,CM2
232,BBA Finance,GE1401,CB2100,10551,C02
232,BBA Finance,GE1401,CB2400,10839,CB1
232,BBA Finance,GE1401,CB2100,11277,T13
232,BBA Finance,GE1401,GE1401,12396,T46
232,BBA Finance,GE1401,CB2201,14828,C07
233,BBA Finance,GE1401,CB2201,10341,C03
233,BBA Finance,GE1401,CB2100,10457,CA2
233,BBA Finance,GE1401,CB2100,10559,TA9
233,BBA Finance,GE1401,CB2400,13315,CB3
233,BBA Finance,GE1401,GE1401,15601,T28
234,BBA Finance,GE1401,CB2201,10341,C03
234,BBA Finance,GE1401,CB2100,10457,CA2
234,BBA Finance,GE1401,CB2100,10559,TA9
234,BBA Finance,GE1401,CB2400,13315,CB3
234,BBA Finance,GE1401,GE1401,15601,T28
235,BBA Finance,GE1401,CB2100,10190,C01
235,BBA Finance,GE1401,CB2201,10340,C02
235,BBA Finance,GE1401,CB2100,10561,TAB
235,BBA Finance,GE1401,GE1401,13197,TA2
235,BBA Finance,GE1401,CB2400,13315,CB3
236,BBA Finance,GE1401,CB2201,10340,C02
236,BBA Finance,GE1401,CB2100,10557,TA7
236,BBA Finance,GE1401,CB2400,10839,CB1
236,BBA Finance,GE1401,CB2100,11077,CA1
236,BBA Finance,GE1401,GE1401,15603,T73
237,BBA Finance,GE1401,CB2201,10339,C01
237,BBA Finance,GE1401,CB2400,10404,CA2
237,BBA Finance,GE1401,CB2100,10457,CA2
237,BBA Finance,GE1401,GE1401,11495,T77
237,BBA Finance,GE1401,CB2100,12576,TA1
238,BBA Finance,GE1401,CB2201,10340,C02
238,BBA Finance,GE1401,CB2100,10551,C02
238,BBA Finance,GE1401,CB2100,10554,T11
238,BBA Finance,GE1401,CB2400,10840,CB2
238,BBA Finance,GE1401,GE1401,12733,T62
239,BBA Finance,GE1401,CB2100,10190,C01
239,BBA Finance,GE1401,CB2400,10235,C02
239,BBA Finance,GE1401,CB2201,10340,C02
239,BBA Finance,GE1401,CB2100,10552,T09
239,BBA Finance,GE1401,GE1401,10697,T21
240,BBA Finance,GE1401,CB2100,10246,T03
240,BBA Finance,GE1401,CB2201,10339,C01
240,BBA Finance,GE1401,CB2100,10551,C02
240,BBA Finance,GE1401,CB2400,12538,C04
240,BBA Finance,GE1401,GE1401,14270,TB7
241,BBA Finance,GE1401,CB2201,10340,C02
241,BBA Finance,GE1401,CB2100,10551,C02
241,BBA Finance,GE1401,CB2100,10554,T11
241,BBA Finance,GE1401,GE1401,12396,T46
241,BBA Finance,GE1401,CB2400,13315,CB3
242,BBA Finance,GE1401,CB2201,10340,C02
242,BBA Finance,GE1401,CB2100,10551,C02
242,BBA Finance,GE1401,CB2100,10554,T11
242,BBA Finance,GE1401,GE1401,10720,T53
242,BBA Finance,GE1401,CB2400,10840,CB2
243,BBA Finance,GE1401,CB2100,10190,C01
243,BBA Finance,GE1401,CB2400,10839,CB1
243,BBA Finance,GE1401,CB2100,11277,T13
243,BBA Finance,GE1401,GE1401,13197,TA2
243,BBA Finance,GE1401,CB2201,14828,C07
244,BBA Finance,GE1401,CB2100,10457,CA2
244,BBA Finance,GE1401,CB2100,10596,TA2
244,BBA Finance,GE1401,GE1401,10690,T13
244,BBA Finance,GE1401,CB2400,10840,CB2
244,BBA Finance,GE1401,CB2201,12852,CM1
245,BBA Finance,GE1401,CB2201,10340,C02
245,BBA Finance,GE1401,CB2100,10551,C02
245,BBA Finance,GE1401,CB2100,10554,T11
245,BBA Finance,GE1401,CB2400,10840,CB2
245,BBA Finance,GE1401,GE1401,12733,T62
246,BBA Finance,GE1401,CB2201,10339,C01
246,BBA Finance,GE1401,CB2100,10551,C02
246,BBA Finance,GE1401,CB2100,10554,T11
246,BBA Finance,GE1401,GE1401,12396,T46
246,BBA Finance,GE1401,CB2400,13315,CB3
247,BBA Finance,GE1401,CB2100,10457,CA2
247,BBA Finance,GE1401,CB2100,10555,TA5
247,BBA Finance,GE1401,GE1401,10710,T37
247,BBA Finance,GE1401,CB2400,10839,CB1
247,BBA Finance,GE1401,CB2201,13718,CM2
248,BBA Finance,GE1401,CB2100,10551,C02
248,BBA Finance,GE1401,GE1401,10705,T30
248,BBA Finance,GE1401,CB2400,10840,CB2
248,BBA Finance,GE1401,CB2100,11277,T13
248,BBA Finance,GE1401,CB2201,14828,C07
249,BBA Finance,GE1401,CB2400,10235,C02
249,BBA Finance,GE1401,CB2201,10341,C03
249,BBA Finance,GE1401,CB2100,10551,C02
249,BBA Finance,GE1401,CB2100,11276,T12
249,BBA Finance,GE1401,GE1401,15183,TC4
250,BBA Finance,GE1401,CB2201,10341,C03
250,BBA Finance,GE1401,CB2100,10457,CA2
250,BBA Finance,GE1401,CB2100,10559,TA9
250,BBA Finance,GE1401,CB2400,13315,CB3
250,BBA Finance,GE1401,GE1401,15601,T28
251,BBA Finance,GE1401,CB2201,10341,C03
251,BBA Finance,GE1401,CB2100,10457,CA2
251,BBA Finance,GE1401,CB2100,10458,TA3
251,BBA Finance,GE1401,GE1401,10723,T56
251,BBA Finance,GE1401,CB2400,10839,CB1
252,BBA Finance,GE1401,CB2100,10551,C02
252,BBA Finance,GE1401,CB2100,10554,T11
252,BBA Finance,GE1401,GE1401,10717,T48
252,BBA Finance,GE1401,CB2400,10840,CB2
252,BBA Finance,GE1401,CB2201,13198,CF1
253,BBA Finance,GE1401,CB2201,10340,C02
253,BBA Finance,GE1401,CB2100,10551,C02
253,BBA Finance,GE1401,CB2100,10554,T11
253,BBA Finance,GE1401,GE1401,10720,T53
253,BBA Finance,GE1401,CB2400,10840,CB2
254,BBA Finance,GE1401,CB2201,10341,C03
254,BBA Finance,GE1401,CB2100,10457,CA2
254,BBA Finance,GE1401,CB2100,10458,TA3
254,BBA Finance,GE1401,GE1401,10723,T56
254,BBA Finance,GE1401,CB2400,10839,CB1
255,BBA Finance,GE1401,CB2100,10190,C01
255,BBA Finance,GE1401,CB2400,10235,C02
255,BBA Finance,GE1401,CB2100,10245,T02
255,BBA Finance,GE1401,CB2201,10340,C02
255,BBA Finance,GE1401,GE1401,13572,TB1
256,BBA Finance,GE1401,CB2201,10339,C01
256,BBA Finance,GE1401,CB2100,10551,C02
256,BBA Finance,GE1401,CB2100,10554,T11
256,BBA Finance,GE1401,GE1401,12396,T46
256,BBA Finance,GE1401,CB2400,13315,CB3
257,BBA Finance,GE1401,CB2100,10190,C01
257,BBA Finance,GE1401,CB2100,10246,T03
257,BBA Finance,GE1401,CB2201,10340,C02
257,BBA Finance,GE1401,GE1401,10726,T59
257,BBA Finance,GE1401,CB2400,12540,CA4
258,BBA Finance,GE1401,CB2400,10236,C03
258,BBA Finance,GE1401,CB2201,10339,C01
258,BBA Finance,GE1401,CB2100,10442,T07
258,BBA Finance,GE1401,CB2100,10551,C02
258,BBA Finance,GE1401,GE1401,13574,TB3
259,BBA Finance,GE1401,CB2100,10190,C01
259,BBA Finance,GE1401,CB2400,10235,C02
259,BBA Finance,GE1401,CB2201,10340,C02
259,BBA Finance,GE1401,CB2100,10552,T09
259,BBA Finance,GE1401,GE1401,10697,T21
260,BBA Finance,GE1401,CB2201,10340,C02
260,BBA Finance,GE1401,CB2100,10551,C02
260,BBA Finance,GE1401,CB2100,10554,T11
260,BBA Finance,GE1401,CB2400,10840,CB2
260,BBA Finance,GE1401,GE1401,12733,T62
261,BBA Finance,GE1401,CB2100,10192,T05
261,BBA Finance,GE1401,CB2100,10551,C02
261,BBA Finance,GE1401,GE1401,12396,T46
261,BBA Finance,GE1401,CB2400,13315,CB3
261,BBA Finance,GE1401,CB2201,14828,C07
262,BBA Finance,GE1401,CB2100,10190,C01
262,BBA Finance,GE1401,CB2100,10246,T03
262,BBA Finance,GE1401,CB2201,10340,C02
262,BBA Finance,GE1401,GE1401,10726,T59
262,BBA Finance,GE1401,CB2400,12540,CA4
263,BBA Finance,GE1401,CB2100,10190,C01
263,BBA Finance,GE1401,CB2400,10235,C02
263,BBA Finance,GE1401,CB2201,10340,C02
263,BBA Finance,GE1401,CB2100,10552,T09
263,BBA Finance,GE1401,GE1401,10707,T32
264,BBA Finance,GE1401,CB2400,10180,C01
264,BBA Finance,GE1401,CB2100,10190,C01
264,BBA Finance,GE1401,CB2201,10678,C05
264,BBA Finance,GE1401,GE1401,10721,T54
264,BBA Finance,GE1401,CB2100,11276,T12
265,BBA Finance,GE1401,CB2100,10190,C01
265,BBA Finance,GE1401,CB2400,10235,C02
265,BBA Finance,GE1401,CB2100,10246,T03
265,BBA Finance,GE1401,CB2201,10339,C01
265,BBA Finance,GE1401,GE1401,10697,T21
266,BBA Finance,GE1401,CB2400,10235,C02
266,BBA Finance,GE1401,CB2100,10551,C02
266,BBA Finance,GE1401,CB2100,11276,T12
266,BBA Finance,GE1401,CB2201,14827,C06
266,BBA Finance,GE1401,GE1401,15602,T58
267,BBA Finance,GE1401,CB2100,10190,C01
267,BBA Finance,GE1401,CB2100,10246,T03
267,BBA Finance,GE1401,CB2201,10340,C02
267,BBA Finance,GE1401,GE1401,11498,T83
267,BBA Finance,GE1401,CB2400,12540,CA4
268,BBA Finance,GE1401,CB2201,10340,C02
268,BBA Finance,GE1401,CB2100,10551,C02
268,BBA Finance,GE1401,CB2100,10554,T11
268,BBA Finance,GE1401,CB2400,10840,CB2
268,BBA Finance,GE1401,GE1401,12733,T62
269,BBA Finance,GE1401,CB2100,10190,C01
269,BBA Finance,GE1401,CB2100,10553,T10
269,BBA Finance,GE1401,CB2400,10839,CB1
269,BBA Finance,GE1401,CB2201,14828,C07
269,BBA Finance,GE1401,GE1401,15603,T73
270,BBA Finance,GE1401,CB2201,10340,C02
270,BBA Finance,GE1401,CB2100,10551,C02
270,BBA Finance,GE1401,CB2100,10554,T11
270,BBA Finance,GE1401,GE1401,12396,T46
270,BBA Finance,GE1401,CB2400,13315,CB3
271,BBA Finance,GE1401,CB2201,10340,C02
271,BBA Finance,GE1401,CB2100,10551,C02
271,BBA Finance,GE1401,CB2100,10554,T11
271,BBA Finance,GE1401,GE1401,12396,T46
271,BBA Finance,GE1401,CB2400,13315,CB3
272,BBA Finance,GE1401,CB2100,10551,C02
272,BBA Finance,GE1401,CB2400,10839,CB1
272,BBA Finance,GE1401,CB2100,11277,T13
272,BBA Finance,GE1401,GE1401,12124,T49
272,BBA Finance,GE1401,CB2201,14828,C07
273,BBA Finance,GE1401,CB2201,10340,C02
273,BBA Finance,GE1401,CB2100,10551,C02
273,BBA Finance,GE1401,CB2100,10554,T11
273,BBA Finance,GE1401,CB2400,10840,CB2
273,BBA Finance,GE1401,GE1401,12733,T62
274,BBA Finance,GE1401,CB2400,10235,C02
274,BBA Finance,GE1401,CB2201,10339,C01
274,BBA Finance,GE1401,CB2100,10551,C02
274,BBA Finance,GE1401,CB2100,10552,T09
274,BBA Finance,GE1401,GE1401,11496,T79
275,BBA Finance,GE1401,CB2100,10192,T05
275,BBA Finance,GE1401,CB2400,10235,C02
275,BBA Finance,GE1401,CB2100,10551,C02
275,BBA Finance,GE1401,GE1401,12396,T46
275,BBA Finance,GE1401,CB2201,14828,C07
276,BBA Finance,GE1401,CB2100,10192,T05
276,BBA Finance,GE1401,CB2100,10551,C02
276,BBA Finance,GE1401,CB2400,10839,CB1
276,BBA Finance,GE1401,GE1401,12396,T46
276,BBA Finance,GE1401,CB2201,14828,C07
277,BBA Finance,GE1401,CB2400,10235,C02
277,BBA Finance,GE1401,CB2201,10340,C02
277,BBA Finance,GE1401,CB2100,10596,TA2
277,BBA Finance,GE1401,CB2100,11077,CA1
277,BBA Finance,GE1401,GE1401,11506,T78
278,BBA Finance,GE1401,CB2201,10340,C02
278,BBA Finance,GE1401,CB2100,10557,TA7
278,BBA Finance,GE1401,CB2400,10839,CB1
278,BBA Finance,GE1401,CB2100,11077,CA1
278,BBA Finance,GE1401,GE1401,15603,T73
279,BBA Finance,GE1401,CB2100,10190,C01
279,BBA Finance,GE1401,CB2100,10192,T05
279,BBA Finance,GE1401,CB2400,10235,C02
279,BBA Finance,GE1401,CB2201,10340,C02
279,BBA Finance,GE1401,GE1401,14941,TA3
280,BBA Finance,GE1401,CB2100,10190,C01
280,BBA Finance,GE1401,CB2100,10192,T05
280,BBA Finance,GE1401,CB2400,10235,C02
280,BBA Finance,GE1401,CB2201,10340,C02
280,BBA Finance,GE1401,GE1401,10697,T21
281,BBA Finance,GE1401,CB2201,10340,C02
281,BBA Finance,GE1401,CB2100,10457,CA2
281,BBA Finance,GE1401,CB2100,10458,TA3
281,BBA Finance,GE1401,GE1401,10719,T52
281,BBA Finance,GE1401,CB2400,13315,CB3
282,BBA Finance,GE1401,CB2100,10190,C01
282,BBA Finance,GE1401,CB2201,10340,C02
282,BBA Finance,GE1401,CB2100,10553,T10
282,BBA Finance,GE1401,GE1401,10693,T16
282,BBA Finance,GE1401,CB2400,13315,CB3
283,BBA Finance,GE1401,CB2100,10190,C01
283,BBA Finance,GE1401,CB2100,10553,T10
283,BBA Finance,GE1401,CB2400,10839,CB1
283,BBA Finance,GE1401,CB2201,14828,C07
283,BBA Finance,GE1401,GE1401,15603,T73
284,BBA Finance,GE1401,CB2100,10246,T03
284,BBA Finance,GE1401,CB2201,10339,C01
284,BBA Finance,GE1401,CB2100,10551,C02
284,BBA Finance,GE1401,CB2400,12538,C04
284,BBA Finance,GE1401,GE1401,15182,TC3
285,BBA Finance,GE1401,CB2400,10235,C02
285,BBA Finance,GE1401,CB2201,10340,C02
285,BBA Finance,GE1401,CB2100,10596,TA2
285,BBA Finance,GE1401,CB2100,11077,CA1
285,BBA Finance,GE1401,GE1401,11506,T78
286,BBA Finance,GE1401,CB2100,10192,T05
286,BBA Finance,GE1401,CB2100,10551,C02
286,BBA Finance,GE1401,GE1401,12396,T46
286,BBA Finance,GE1401,CB2400,13315,CB3
286,BBA Finance,GE1401,CB2201,14828,C07
287,BBA Finance,GE1401,CB2201,10340,C02
287,BBA Finance,GE1401,CB2100,10551,C02
287,BBA Finance,GE1401,CB2100,10554,T11
287,BBA Finance,GE1401,CB2400,10840,CB2
287,BBA Finance,GE1401,GE1401,12733,T62
288,BBA Finance,GE1401,CB2100,10246,T03
288,BBA Finance,GE1401,CB2201,10339,C01
288,BBA Finance,GE1401,CB2100,10551,C02
288,BBA Finance,GE1401,CB2400,12538,C04
288,BBA Finance,GE1401,GE1401,15182,TC3
289,BBA Finance,GE1401,CB2100,10246,T03
289,BBA Finance,GE1401,CB2201,10339,C01
289,BBA Finance,GE1401,CB2100,10551,C02
289,BBA Finance,GE1401,CB2400,12538,C04
289,BBA Finance,GE1401,GE1401,14270,TB7
290,BBA Finance,GE1401,CB2400,10235,C02
290,BBA Finance,GE1401,CB2201,10340,C02
290,BBA Finance,GE1401,CB2100,10551,C02
290,BBA Finance,GE1401,CB2100,10552,T09
290,BBA Finance,GE1401,GE1401,13571,T99
291,BBA Finance,GE1401,CB2100,10190,C01
291,BBA Finance,GE1401,CB2201,10340,C02
291,BBA Finance,GE1401,CB2100,10553,T10
291,BBA Finance,GE1401,CB2400,13315,CB3
291,BBA Finance,GE1401,GE1401,15603,T73
292,BBA Finance,GE1401,CB2201,10340,C02
292,BBA Finance,GE1401,CB2100,10551,C02
292,BBA Finance,GE1401,CB2100,11277,T13
292,BBA Finance,GE1401,CB2400,13315,CB3
292,BBA Finance,GE1401,GE1401,15206,TC6
293,BBA Finance,GE1401,CB2100,10190,C01
293,BBA Finance,GE1401,CB2400,10235,C02
293,BBA Finance,GE1401,CB2201,10339,C01
293,BBA Finance,GE1401,CB2100,10552,T09
293,BBA Finance,GE1401,GE1401,10707,T32
294,BBA Finance,GE1401,CB2100,10190,C01
294,BBA Finance,GE1401,CB2400,10839,CB1
294,BBA Finance,GE1401,CB2100,11277,T13
294,BBA Finance,GE1401,CB2201,14828,C07
294,BBA Finance,GE1401,GE1401,15603,T73
295,BBA Finance,GE1401,CB2201,10340,C02
295,BBA Finance,GE1401,CB2100,10551,C02
295,BBA Finance,GE1401,CB2100,10554,T11
295,BBA Finance,GE1401,GE1401,12396,T46
295,BBA Finance,GE1401,CB2400,13315,CB3
296,BBA Finance,GE1401,CB2100,10190,C01
296,BBA Finance,GE1401,CB2100,10246,T03
296,BBA Finance,GE1401,CB2201,10340,C02
296,BBA Finance,GE1401,GE1401,10707,T32
296,BBA Finance,GE1401,CB2400,12540,CA4
297,BBA Finance,LC0200A,CB2100,10190,C01
297,BBA Finance,LC0200A,CB2400,10235,C02
297,BBA Finance,LC0200A,CB2201,10339,C01
297,BBA Finance,LC0200A,CB2100,10554,T11
297,BBA Finance,LC0200A,LC0200A,12320,T38
298,BBA Finance,LC0200A,CB2100,10551,C02
298,BBA Finance,LC0200A,CB2400,10839,CB1
298,BBA Finance,LC0200A,LC0200A,10877,T08
298,BBA Finance,LC0200A,CB2100,11281,TAE
298,BBA Finance,LC0200A,CB2201,13718,CM2
299,BBA Finance,LC0200A,CB2201,10339,C01
299,BBA Finance,LC0200A,CB2400,10409,CA3
299,BBA Finance,LC0200A,CB2100,10551,C02
299,BBA Finance,LC0200A,CB2100,10552,T09
299,BBA Finance,LC0200A,LC0200A,11029,T30
300,BBA Finance,LC0200A,CB2100,10190,C01
300,BBA Finance,LC0200A,CB2400,10235,C02
300,BBA Finance,LC0200A,CB2100,10246,T03
300,BBA Finance,LC0200A,CB2201,10339,C01
300,BBA Finance,LC0200A,LC0200A,12320,T38
301,BBA Finance,LC0200A,CB2100,10190,C01
301,BBA Finance,LC0200A,CB2100,10191,T04
301,BBA Finance,LC0200A,CB2201,10340,C02
301,BBA Finance,LC0200A,LC0200A,10885,T16
301,BBA Finance,LC0200A,CB2400,13315,CB3
302,BBA Finance,LC0200A,CB2100,10190,C01
302,BBA Finance,LC0200A,CB2100,10191,T04
302,BBA Finance,LC0200A,CB2201,10340,C02
302,BBA Finance,LC0200A,LC0200A,10885,T16
302,BBA Finance,LC0200A,CB2400,13315,CB3
303,BBA Finance,LC0200A,CB2400,10404,CA2
303,BBA Finance,LC0200A,CB2100,10551,C02
303,BBA Finance,LC0200A,LC0200A,10887,T19
303,BBA Finance,LC0200A,CB2100,11279,TAC
303,BBA Finance,LC0200A,CB2201,14827,C06
304,BBA Finance,LC0200A,CB2400,10180,C01
304,BBA Finance,LC0200A,CB2100,10190,C01
304,BBA Finance,LC0200A,CB2201,10792,C04
304,BBA Finance,LC0200A,LC0200A,11170,T32
304,BBA Finance,LC0200A,CB2100,11276,T12
305,BBA Finance,LC0200A,CB2400,10180,C01
305,BBA Finance,LC0200A,CB2100,10551,C02
305,BBA Finance,LC0200A,LC0200A,10895,T27
305,BBA Finance,LC0200A,CB2100,11279,TAC
305,BBA Finance,LC0200A,CB2201,14827,C06
306,BBA Finance,LC0200A,CB2100,10190,C01
306,BBA Finance,LC0200A,CB2400,10235,C02
306,BBA Finance,LC0200A,CB2201,10339,C01
306,BBA Finance,LC0200A,CB2100,10554,T11
306,BBA Finance,LC0200A,LC0200A,12320,T38
307,BBA Finance,LC0200A,CB2100,10190,C01
307,BBA Finance,LC0200A,CB2400,10235,C02
307,BBA Finance,LC0200A,CB2100,10246,T03
307,BBA Finance,LC0200A,CB2201,10339,C01
307,BBA Finance,LC0200A,LC0200A,12320,T38
308,BBA Finance,LC0200A,CB2100,10190,C01
308,BBA Finance,LC0200A,CB2201,10340,C02
308,BBA Finance,LC0200A,LC0200A,10886,T17
308,BBA Finance,LC0200A,CB2100,11278,T14
308,BBA Finance,LC0200A,CB2400,13315,CB3
309,BBA Finance,LC0200A,CB2400,10235,C02
309,BBA Finance,LC0200A,CB2100,10551,C02
309,BBA Finance,LC0200A,LC0200A,10890,T22
309,BBA Finance,LC0200A,CB2100,11276,T12
309,BBA Finance,LC0200A,CB2201,14827,C06
310,BBA Finance,LC0200A,CB2400,10180,C01
310,BBA Finance,LC0200A,CB2201,10339,C01
310,BBA Finance,LC0200A,CB2100,10457,CA2
310,BBA Finance,LC0200A,CB2100,10558,TA8
310,BBA Finance,LC0200A,LC0200A,10880,T11
311,BBA Finance,LC0200A,CB2100,10190,C01
311,BBA Finance,LC0200A,CB2400,10235,C02
311,BBA Finance,LC0200A,CB2201,10339,C01
311,BBA Finance,LC0200A,CB2100,10554,T11
311,BBA Finance,LC0200A,LC0200A,11975,T35
312,BBA Finance,LC0200A,CB2100,10459,TA4
312,BBA Finance,LC0200A,LC0200A,10864,T04
312,BBA Finance,LC0200A,CB2100,11077,CA1
312,BBA Finance,LC0200A,CB2400,13315,CB3
312,BBA Finance,LC0200A,CB2201,14827,C06
313,BBA Finance,LC0200A,CB2400,10236,C03
313,BBA Finance,LC0200A,CB2100,10246,T03
313,BBA Finance,LC0200A,CB2201,10340,C02
313,BBA Finance,LC0200A,CB2100,10551,C02
313,BBA Finance,LC0200A,LC0200A,11029,T30
314,BBA Finance,LC0200A,CB2100,10190,C01
314,BBA Finance,LC0200A,CB2100,10191,T04
314,BBA Finance,LC0200A,CB2201,10340,C02
314,BBA Finance,LC0200A,LC0200A,10885,T16
314,BBA Finance,LC0200A,CB2400,13315,CB3
315,BBA Finance,LC0200A,CB2100,10190,C01
315,BBA Finance,LC0200A,CB2400,10235,C02
315,BBA Finance,LC0200A,CB2100,10246,T03
315,BBA Finance,LC0200A,CB2201,10339,C01
315,BBA Finance,LC0200A,LC0200A,12320,T38
316,BBA Finance,LC0200A,CB2100,10190,C01
316,BBA Finance,LC0200A,CB2100,10191,T04
316,BBA Finance,LC0200A,CB2201,10340,C02
316,BBA Finance,LC0200A,LC0200A,10885,T16
316,BBA Finance,LC0200A,CB2400,13315,CB3
317,BBA Finance,LC0200A,CB2100,10190,C01
317,BBA Finance,LC0200A,CB2100,10191,T04
317,BBA Finance,LC0200A,CB2201,10340,C02
317,BBA Finance,LC0200A,LC0200A,10885,T16
317,BBA Finance,LC0200A,CB2400,13315,CB3
318,BBA Finance,LC0200A,CB2400,10180,C01
318,BBA Finance,LC0200A,CB2100,10551,C02
318,BBA Finance,LC0200A,LC0200A,10895,T27
318,BBA Finance,LC0200A,CB2100,11279,TAC
318,BBA Finance,LC0200A,CB2201,14827,C06
319,BBA Finance,LC0200A,CB2201,10340,C02
319,BBA Finance,LC0200A,CB2100,10551,C02
319,BBA Finance,LC0200A,LC0200A,10865,T05
319,BBA Finance,LC0200A,CB2100,11278,T14
319,BBA Finance,LC0200A,CB2400,13315,CB3
320,BBA Finance,LC0200A,CB2201,10340,C02
320,BBA Finance,LC0200A,CB2100,10556,TA6
320,BBA Finance,LC0200A,CB2100,11077,CA1
320,BBA Finance,LC0200A,CB2400,13315,CB3
320,BBA Finance,LC0200A,LC0200A,14952,T36
321,BBA Finance,LC0200A,CB2400,10180,C01
321,BBA Finance,LC0200A,CB2100,10190,C01
321,BBA Finance,LC0200A,CB2201,10792,C04
321,BBA Finance,LC0200A,CB2100,11276,T12
321,BBA Finance,LC0200A,LC0200A,11975,T35
322,BBA Finance,LC0200A,CB2201,10340,C02
322,BBA Finance,LC0200A,CB2100,10556,TA6
322,BBA Finance,LC0200A,CB2100,11077,CA1
322,BBA Finance,LC0200A,CB2400,13315,CB3
322,BBA Finance,LC0200A,LC0200A,14952,T36
323,BBA Finance,LC0200A,CB2100,10551,C02
323,BBA Finance,LC0200A,CB2100,10553,T10
323,BBA Finance,LC0200A,CB2201,10792,C04
323,BBA Finance,LC0200A,CB2400,10840,CB2
323,BBA Finance,LC0200A,LC0200A,10863,T03
324,BBA Finance,LC0200A,CB2400,10180,C01
324,BBA Finance,LC0200A,CB2201,10340,C02
324,BBA Finance,LC0200A,CB2100,10457,CA2
324,BBA Finance,LC0200A,LC0200A,10878,T09
324,BBA Finance,LC0200A,CB2100,12576,TA1
325,BBA Finance,LC0200A,CB2400,10180,C01
325,BBA Finance,LC0200A,CB2201,10340,C02
325,BBA Finance,LC0200A,CB2100,10457,CA2
325,BBA Finance,LC0200A,CB2100,10558,TA8
325,BBA Finance,LC0200A,LC0200A,10878,T09
326,BBA Finance,LC0200A,CB2100,10459,TA4
326,BBA Finance,LC0200A,LC0200A,10864,T04
326,BBA Finance,LC0200A,CB2100,11077,CA1
326,BBA Finance,LC0200A,CB2400,13315,CB3
326,BBA Finance,LC0200A,CB2201,14827,C06
327,BBA Finance,LC0200A,CB2100,10190,C01
327,BBA Finance,LC0200A,CB2400,10235,C02
327,BBA Finance,LC0200A,CB2201,10339,C01
327,BBA Finance,LC0200A,CB2100,10554,T11
327,BBA Finance,LC0200A,LC0200A,11975,T35
328,BBA Finance,LC0200A,CB2100,10551,C02
328,BBA Finance,LC0200A,CB2400,10839,CB1
328,BBA Finance,LC0200A,LC0200A,10877,T08
328,BBA Finance,LC0200A,CB2100,11281,TAE
328,BBA Finance,LC0200A,CB2201,13718,CM2
329,BBA Finance,LC0200A,CB2400,10180,C01
329,BBA Finance,LC0200A,CB2201,10340,C02
329,BBA Finance,LC0200A,CB2100,10457,CA2
329,BBA Finance,LC0200A,CB2100,10558,TA8
329,BBA Finance,LC0200A,LC0200A,10878,T09
330,BBA Finance,LC0200A,CB2201,10340,C02
330,BBA Finance,LC0200A,CB2100,10551,C02
330,BBA Finance,LC0200A,CB2100,10553,T10
330,BBA Finance,LC0200A,LC0200A,10863,T03
330,BBA Finance,LC0200A,CB2400,13315,CB3
331,BBA Finance,LC0200A,CB2201,10340,C02
331,BBA Finance,LC0200A,CB2100,10556,TA6
331,BBA Finance,LC0200A,CB2100,11077,CA1
331,BBA Finance,LC0200A,CB2400,13315,CB3
331,BBA Finance,LC0200A,LC0200A,14952,T36
332,BBA Finance,LC0200A,CB2100,10190,C01
332,BBA Finance,LC0200A,CB2201,10340,C02
332,BBA Finance,LC0200A,LC0200A,10886,T17
332,BBA Finance,LC0200A,CB2100,11278,T14
332,BBA Finance,LC0200A,CB2400,13315,CB3
333,BBA Finance,LC0200A,CB2100,10245,T02
333,BBA Finance,LC0200A,CB2201,10339,C01
333,BBA Finance,LC0200A,CB2100,10551,C02
333,BBA Finance,LC0200A,CB2400,10840,CB2
333,BBA Finance,LC0200A,LC0200A,10897,T29
334,BBA Finance,LC0200A,CB2201,10339,C01
334,BBA Finance,LC0200A,CB2400,10409,CA3
334,BBA Finance,LC0200A,CB2100,10551,C02
334,BBA Finance,LC0200A,CB2100,10552,T09
334,BBA Finance,LC0200A,LC0200A,11029,T30
335,BBA Finance,LC0200A,CB2100,10190,C01
335,BBA Finance,LC0200A,CB2400,10235,C02
335,BBA Finance,LC0200A,CB2100,10246,T03
335,BBA Finance,LC0200A,CB2201,10339,C01
335,BBA Finance,LC0200A,LC0200A,12320,T38
336,BBA Finance,LC0200A,CB2100,10190,C01
336,BBA Finance,LC0200A,CB2100,10191,T04
336,BBA Finance,LC0200A,CB2201,10340,C02
336,BBA Finance,LC0200A,LC0200A,10885,T16
336,BBA Finance,LC0200A,CB2400,13315,CB3
337,BBA Finance,LC0200A,CB2100,10190,C01
337,BBA Finance,LC0200A,CB2100,10191,T04
337,BBA Finance,LC0200A,CB2201,10340,C02
337,BBA Finance,LC0200A,LC0200A,10885,T16
337,BBA Finance,LC0200A,CB2400,13315,CB3
338,BBA Finance,LC0200A,CB2201,10340,C02
338,BBA Finance,LC0200A,CB2100,10556,TA6
338,BBA Finance,LC0200A,CB2100,11077,CA1
338,BBA Finance,LC0200A,CB2400,13315,CB3
338,BBA Finance,LC0200A,LC0200A,14952,T36
339,BBA Finance,LC0200A,CB2100,10190,C01
339,BBA Finance,LC0200A,CB2100,10191,T04
339,BBA Finance,LC0200A,CB2201,10340,C02
339,BBA Finance,LC0200A,LC0200A,10885,T16
339,BBA Finance,LC0200A,CB2400,13315,CB3
340,BBA Finance,LC0200A,CB2400,10236,C03
340,BBA Finance,LC0200A,CB2201,10339,C01
340,BBA Finance,LC0200A,CB2100,10551,C02
340,BBA Finance,LC0200A,CB2100,10552,T09
340,BBA Finance,LC0200A,LC0200A,11029,T30
341,BBA Finance,LC0200A,CB2400,10180,C01
341,BBA Finance,LC0200A,CB2201,10339,C01
341,BBA Finance,LC0200A,CB2100,10457,CA2
341,BBA Finance,LC0200A,CB2100,10558,TA8
341,BBA Finance,LC0200A,LC0200A,10880,T11
342,BBA Finance,LC0200A,CB2100,10190,C01
342,BBA Finance,LC0200A,CB2400,10235,C02
342,BBA Finance,LC0200A,CB2100,10246,T03
342,BBA Finance,LC0200A,CB2201,10339,C01
342,BBA Finance,LC0200A,LC0200A,12320,T38
343,BBA Finance,LC0200A,CB2400,10235,C02
343,BBA Finance,LC0200A,CB2100,10551,C02
343,BBA Finance,LC0200A,LC0200A,10887,T19
343,BBA Finance,LC0200A,CB2100,11279,TAC
343,BBA Finance,LC0200A,CB2201,14827,C06
344,BBA Finance,LC0200A,CB2400,10180,C01
344,BBA Finance,LC0200A,CB2201,10340,C02
344,BBA Finance,LC0200A,CB2100,10443,T08
344,BBA Finance,LC0200A,CB2100,10551,C02
344,BBA Finance,LC0200A,LC0200A,10878,T09
345,BBA Business Economics,GE1401,CB2400,10235,C02
345,BBA Business Economics,GE1401,CB2201,10341,C03
345,BBA Business Economics,GE1401,CB2500,10624,C01
345,BBA Business Economics,GE1401,GE1401,15205,TC5
345,BBA Business Economics,GE1401,CB2500,15287,T06
346,BBA Business Economics,GE1401,CB2201,10340,C02
346,BBA Business Economics,GE1401,CB2400,10409,CA3
346,BBA Business Economics,GE1401,CB2500,10625,C02
346,BBA Business Economics,GE1401,GE1401,10728,T61
346,BBA Business Economics,GE1401,CB2500,15285,T04
347,BBA Business Economics,GE1401,CB2400,10180,C01
347,BBA Business Economics,GE1401,CB2500,10624,C01
347,BBA Business Economics,GE1401,CB2201,10792,C04
347,BBA Business Economics,GE1401,GE1401,12121,T33
347,BBA Business Economics,GE1401,CB2500,15598,T08
348,BBA Business Economics,GE1401,CB2201,10339,C01
348,BBA Business Economics,GE1401,CB2500,10625,C02
348,BBA Business Economics,GE1401,CB2400,10840,CB2
348,BBA Business Economics,GE1401,GE1401,12734,T71
348,BBA Business Economics,GE1401,CB2500,15287,T06
349,BBA Business Economics,GE1401,CB2500,10625,C02
349,BBA Business Economics,GE1401,GE1401,10694,T17
349,BBA Business Economics,GE1401,CB2400,10840,CB2
349,BBA Business Economics,GE1401,CB2201,14826,CE1
349,BBA Business Economics,GE1401,CB2500,15288,T07
350,BBA Business Economics,GE1401,CB2201,10341,C03
350,BBA Business Economics,GE1401,CB2500,10624,C01
350,BBA Business Economics,GE1401,GE1401,10681,T04
350,BBA Business Economics,GE1401,CB2400,10839,CB1
350,BBA Business Economics,GE1401,CB2500,15287,T06
351,BBA Business Economics,GE1401,CB2201,10341,C03
351,BBA Business Economics,GE1401,CB2500,10624,C01
351,BBA Business Economics,GE1401,GE1401,10681,T04
351,BBA Business Economics,GE1401,CB2400,10839,CB1
351,BBA Business Economics,GE1401,CB2500,15287,T06
352,BBA Business Economics,GE1401,CB2400,10180,C01
352,BBA Business Economics,GE1401,CB2500,10624,C01
352,BBA Business Economics,GE1401,CB2201,10792,C04
352,BBA Business Economics,GE1401,GE1401,13570,T98
352,BBA Business Economics,GE1401,CB2500,15598,T08
353,BBA Business Economics,GE1401,CB2201,10341,C03
353,BBA Business Economics,GE1401,GE1401,10357,T01
353,BBA Business Economics,GE1401,CB2500,10624,C01
353,BBA Business Economics,GE1401,CB2400,10839,CB1
353,BBA Business Economics,GE1401,CB2500,15283,T02
354,BBA Business Economics,GE1401,CB2400,10236,C03
354,BBA Business Economics,GE1401,CB2201,10340,C02
354,BBA Business Economics,GE1401,CB2500,10625,C02
354,BBA Business Economics,GE1401,GE1401,11507,T80
354,BBA Business Economics,GE1401,CB2500,15285,T04
355,BBA Business Economics,GE1401,CB2400,10180,C01
355,BBA Business Economics,GE1401,CB2500,10624,C01
355,BBA Business Economics,GE1401,CB2201,10792,C04
355,BBA Business Economics,GE1401,GE1401,13570,T98
355,BBA Business Economics,GE1401,CB2500,15598,T08
356,BBA Business Economics,GE1401,CB2201,10341,C03
356,BBA Business Economics,GE1401,GE1401,10357,T01
356,BBA Business Economics,GE1401,CB2500,10624,C01
356,BBA Business Economics,GE1401,CB2400,10839,CB1
356,BBA Business Economics,GE1401,CB2500,15283,T02
357,BBA Business Economics,GE1401,CB2500,10624,C01
357,BBA Business Economics,GE1401,CB2201,10678,C05
357,BBA Business Economics,GE1401,GE1401,10714,T43
357,BBA Business Economics,GE1401,CB2400,13315,CB3
357,BBA Business Economics,GE1401,CB2500,15598,T08
358,BBA Business Economics,GE1401,CB2400,10235,C02
358,BBA Business Economics,GE1401,CB2201,10341,C03
358,BBA Business Economics,GE1401,CB2500,10624,C01
358,BBA Business Economics,GE1401,CB2500,15287,T06
358,BBA Business Economics,GE1401,GE1401,15602,T58
359,BBA Business Economics,GE1401,CB2201,10341,C03
359,BBA Business Economics,GE1401,CB2500,10624,C01
359,BBA Business Economics,GE1401,CB2400,10839,CB1
359,BBA Business Economics,GE1401,GE1401,12119,T18
359,BBA Business Economics,GE1401,CB2500,15285,T04
360,BBA Business Economics,GE1401,CB2201,10341,C03
360,BBA Business Economics,GE1401,CB2500,10624,C01
360,BBA Business Economics,GE1401,CB2400,10839,CB1
360,BBA Business Economics,GE1401,GE1401,11495,T77
360,BBA Business Economics,GE1401,CB2500,15287,T06
361,BBA Business Economics,GE1401,CB2400,10180,C01
361,BBA Business Economics,GE1401,CB2500,10624,C01
361,BBA Business Economics,GE1401,GE1401,11070,TA1
361,BBA Business Economics,GE1401,CB2201,14827,C06
361,BBA Business Economics,GE1401,CB2500,15283,T02
362,BBA Business Economics,GE1401,CB2400,10403,CA1
362,BBA Business Economics,GE1401,CB2500,10624,C01
362,BBA Business Economics,GE1401,CB2201,10792,C04
362,BBA Business Economics,GE1401,GE1401,12735,T74
362,BBA Business Economics,GE1401,CB2500,15283,T02
363,BBA Business Economics,GE1401,CB2400,10235,C02
363,BBA Business Economics,GE1401,CB2201,10341,C03
363,BBA Business Economics,GE1401,CB2500,10624,C01
363,BBA Business Economics,GE1401,CB2500,15285,T04
363,BBA Business Economics,GE1401,GE1401,15602,T58
364,BBA Business Economics,GE1401,CB2201,10341,C03
364,BBA Business Economics,GE1401,CB2500,10624,C01
364,BBA Business Economics,GE1401,GE1401,10681,T04
364,BBA Business Economics,GE1401,CB2400,10839,CB1
364,BBA Business Economics,GE1401,CB2500,15287,T06
365,BBA Business Economics,GE1401,CB2400,10235,C02
365,BBA Business Economics,GE1401,CB2201,10341,C03
365,BBA Business Economics,GE1401,GE1401,10707,T32
365,BBA Business Economics,GE1401,CB2500,13323,CA1
365,BBA Business Economics,GE1401,CB2500,15289,TA1
366,BBA Business Economics,GE1401,CB2201,10678,C05
366,BBA Business Economics,GE1401,CB2400,10840,CB2
366,BBA Business Economics,GE1401,GE1401,12397,T51
366,BBA Business Economics,GE1401,CB2500,13323,CA1
366,BBA Business Economics,GE1401,CB2500,15289,TA1
367,BBA Business Economics,GE1401,CB2201,10341,C03
367,BBA Business Economics,GE1401,GE1401,10357,T01
367,BBA Business Economics,GE1401,CB2500,10624,C01
367,BBA Business Economics,GE1401,CB2400,10839,CB1
367,BBA Business Economics,GE1401,CB2500,15283,T02
368,BBA Business Economics,GE1401,CB2201,10339,C01
368,BBA Business Economics,GE1401,CB2500,10625,C02
368,BBA Business Economics,GE1401,GE1401,10694,T17
368,BBA Business Economics,GE1401,CB2400,10840,CB2
368,BBA Business Economics,GE1401,CB2500,15288,T07
369,BBA Business Economics,GE1401,CB2201,10339,C01
369,BBA Business Economics,GE1401,CB2500,10625,C02
369,BBA Business Economics,GE1401,GE1401,10694,T17
369,BBA Business Economics,GE1401,CB2400,10840,CB2
369,BBA Business Economics,GE1401,CB2500,15288,T07
370,BBA Business Economics,GE1401,CB2201,10678,C05
370,BBA Business Economics,GE1401,CB2400,10840,CB2
370,BBA Business Economics,GE1401,GE1401,12397,T51
370,BBA Business Economics,GE1401,CB2500,13323,CA1
370,BBA Business Economics,GE1401,CB2500,15289,TA1
371,BBA Business Economics,GE1401,CB2201,10341,C03
371,BBA Business Economics,GE1401,CB2500,10624,C01
371,BBA Business Economics,GE1401,CB2400,10839,CB1
371,BBA Business Economics,GE1401,GE1401,11495,T77
371,BBA Business Economics,GE1401,CB2500,15287,T06
372,BBA Business Economics,GE1401,CB2400,10180,C01
372,BBA Business Economics,GE1401,CB2500,10624,C01
372,BBA Business Economics,GE1401,CB2201,10792,C04
372,BBA Business Economics,GE1401,GE1401,12121,T33
372,BBA Business Economics,GE1401,CB2500,15598,T08
373,BBA Business Economics,GE1401,CB2400,10180,C01
373,BBA Business Economics,GE1401,CB2500,10624,C01
373,BBA Business Economics,GE1401,GE1401,11070,TA1
373,BBA Business Economics,GE1401,CB2201,14827,C06
373,BBA Business Economics,GE1401,CB2500,15283,T02
374,BBA Business Economics,GE1401,CB2201,10341,C03
374,BBA Business Economics,GE1401,CB2500,10624,C01
374,BBA Business Economics,GE1401,GE1401,10714,T43
374,BBA Business Economics,GE1401,CB2400,10839,CB1
374,BBA Business Economics,GE1401,CB2500,15285,T04
375,BBA Business Economics,GE1401,CB2400,10236,C03
375,BBA Business Economics,GE1401,CB2201,10340,C02
375,BBA Business Economics,GE1401,CB2500,10625,C02
375,BBA Business Economics,GE1401,GE1401,11491,T69
375,BBA Business Economics,GE1401,CB2500,15287,T06
376,BBA Business Economics,GE1401,CB2201,10341,C03
376,BBA Business Economics,GE1401,CB2400,10403,CA1
376,BBA Business Economics,GE1401,CB2500,10624,C01
376,BBA Business Economics,GE1401,GE1401,10727,T60
376,BBA Business Economics,GE1401,CB2500,15283,T02
377,BBA Business Economics,GE1401,CB2201,10678,C05
377,BBA Business Economics,GE1401,CB2400,10840,CB2
377,BBA Business Economics,GE1401,GE1401,12397,T51
377,BBA Business Economics,GE1401,CB2500,13323,CA1
377,BBA Business Economics,GE1401,CB2500,15289,TA1
378,BBA Business Economics,GE1401,CB2400,10180,C01
378,BBA Business Economics,GE1401,CB2500,10624,C01
378,BBA Business Economics,GE1401,CB2201,10792,C04
378,BBA Business Economics,GE1401,GE1401,13570,T98
378,BBA Business Economics,GE1401,CB2500,15598,T08
379,BBA Business Economics,GE1401,CB2500,10625,C02
379,BBA Business Economics,GE1401,GE1401,10690,T13
379,BBA Business Economics,GE1401,CB2400,10840,CB2
379,BBA Business Economics,GE1401,CB2201,14826,CE1
379,BBA Business Economics,GE1401,CB2500,15288,T07
380,BBA Business Economics,GE1401,CB2201,10341,C03
380,BBA Business Economics,GE1401,CB2500,10624,C01
380,BBA Business Economics,GE1401,CB2400,10839,CB1
380,BBA Business Economics,GE1401,GE1401,12119,T18
380,BBA Business Economics,GE1401,CB2500,15287,T06
381,BBA Business Economics,GE1401,CB2500,10624,C01
381,BBA Business Economics,GE1401,CB2201,10792,C04
381,BBA Business Economics,GE1401,CB2400,10840,CB2
381,BBA Business Economics,GE1401,CB2500,15285,T04
381,BBA Business Economics,GE1401,GE1401,15602,T58
382,BBA Business Economics,GE1401,CB2500,10624,C01
382,BBA Business Economics,GE1401,CB2201,10678,C05
382,BBA Business Economics,GE1401,CB2400,10839,CB1
382,BBA Business Economics,GE1401,GE1401,12121,T33
382,BBA Business Economics,GE1401,CB2500,15283,T02
383,BBA Business Economics,GE1401,CB2400,10180,C01
383,BBA Business Economics,GE1401,CB2500,10624,C01
383,BBA Business Economics,GE1401,CB2201,10792,C04
383,BBA Business Economics,GE1401,GE1401,13570,T98
383,BBA Business Economics,GE1401,CB2500,15598,T08
384,BBA Business Economics,GE1401,CB2400,10236,C03
384,BBA Business Economics,GE1401,CB2201,10678,C05
384,BBA Business Economics,GE1401,GE1401,11507,T80
384,BBA Business Economics,GE1401,CB2500,13323,CA1
384,BBA Business Economics,GE1401,CB2500,15289,TA1
385,BBA Business Economics,GE1401,CB2400,10180,C01
385,BBA Business Economics,GE1401,CB2500,10624,C01
385,BBA Business Economics,GE1401,GE1401,11070,TA1
385,BBA Business Economics,GE1401,CB2201,14827,C06
385,BBA Business Economics,GE1401,CB2500,15283,T02
386,BBA Business Economics,GE1401,CB2400,10180,C01
386,BBA Business Economics,GE1401,CB2500,10624,C01
386,BBA Business Economics,GE1401,CB2201,10792,C04
386,BBA Business Economics,GE1401,GE1401,13570,T98
386,BBA Business Economics,GE1401,CB2500,15598,T08
387,BBA Business Economics,GE1401,CB2201,10339,C01
387,BBA Business Economics,GE1401,CB2500,10625,C02
387,BBA Business Economics,GE1401,GE1401,10694,T17
387,BBA Business Economics,GE1401,CB2400,10840,CB2
387,BBA Business Economics,GE1401,CB2500,15288,T07
388,BBA Business Economics,GE1401,CB2400,10180,C01
388,BBA Business Economics,GE1401,CB2500,10624,C01
388,BBA Business Economics,GE1401,CB2201,10792,C04
388,BBA Business Economics,GE1401,GE1401,13570,T98
388,BBA Business Economics,GE1401,CB2500,15598,T08
389,BBA Business Economics,GE1401,CB2400,10235,C02
389,BBA Business Economics,GE1401,CB2201,10341,C03
389,BBA Business Economics,GE1401,CB2500,10624,C01
389,BBA Business Economics,GE1401,CB2500,15287,T06
389,BBA Business Economics,GE1401,GE1401,15602,T58
390,BBA Business Economics,GE1401,CB2400,10235,C02
390,BBA Business Economics,GE1401,CB2201,10341,C03
390,BBA Business Economics,GE1401,CB2500,10624,C01
390,BBA Business Economics,GE1401,GE1401,15205,TC5
390,BBA Business Economics,GE1401,CB2500,15287,T06
391,BBA Business Economics,LC0200A,CB2500,10624,C01
391,BBA Business Economics,LC0200A,CB2400,10839,CB1
391,BBA Business Economics,LC0200A,LC0200A,10877,T08
391,BBA Business Economics,LC0200A,CB2201,14828,C07
391,BBA Business Economics,LC0200A,CB2500,15283,T02
392,BBA Business Economics,LC0200A,CB2500,10624,C01
392,BBA Business Economics,LC0200A,CB2400,10839,CB1
392,BBA Business Economics,LC0200A,CB2201,14828,C07
392,BBA Business Economics,LC0200A,LC0200A,14950,T18
392,BBA Business Economics,LC0200A,CB2500,15283,T02
393,BBA Business Economics,LC0200A,CB2500,10625,C02
393,BBA Business Economics,LC0200A,CB2201,10792,C04
393,BBA Business Economics,LC0200A,CB2400,10840,CB2
393,BBA Business Economics,LC0200A,LC0200A,10889,T21
393,BBA Business Economics,LC0200A,CB2500,15286,T05
394,BBA Business Economics,LC0200A,CB2400,10409,CA3
394,BBA Business Economics,LC0200A,CB2201,10678,C05
394,BBA Business Economics,LC0200A,LC0200A,10897,T29
394,BBA Business Economics,LC0200A,CB2500,13323,CA1
394,BBA Business Economics,LC0200A,CB2500,15289,TA1
395,BBA Business Economics,LC0200A,CB2500,10624,C01
395,BBA Business Economics,LC0200A,CB2400,10839,CB1
395,BBA Business Economics,LC0200A,LC0200A,10877,T08
395,BBA Business Economics,LC0200A,CB2201,14828,C07
395,BBA Business Economics,LC0200A,CB2500,15283,T02
396,BBA Business Economics,LC0200A,CB2500,10625,C02
396,BBA Business Economics,LC0200A,CB2400,10840,CB2
396,BBA Business Economics,LC0200A,LC0200A,10881,T12
396,BBA Business Economics,LC0200A,CB2201,14828,C07
396,BBA Business Economics,LC0200A,CB2500,15286,T05
397,BBA Business Economics,LC0200A,CB2400,10180,C01
397,BBA Business Economics,LC0200A,CB2500,10624,C01
397,BBA Business Economics,LC0200A,CB2201,10792,C04
397,BBA Business Economics,LC0200A,LC0200A,10885,T16
397,BBA Business Economics,LC0200A,CB2500,15283,T02
398,BBA Business Economics,LC0200A,CB2500,10624,C01
398,BBA Business Economics,LC0200A,CB2400,10839,CB1
398,BBA Business Economics,LC0200A,LC0200A,10877,T08
398,BBA Business Economics,LC0200A,CB2201,14828,C07
398,BBA Business Economics,LC0200A,CB2500,15283,T02
399,BBA Business Economics,LC0200A,CB2400,10180,C01
399,BBA Business Economics,LC0200A,CB2201,10341,C03
399,BBA Business Economics,LC0200A,CB2500,10624,C01
399,BBA Business Economics,LC0200A,LC0200A,11170,T32
399,BBA Business Economics,LC0200A,CB2500,15287,T06
400,BBA Business Economics,LC0200A,CB2500,10624,C01
400,BBA Business Economics,LC0200A,CB2201,10678,C05
400,BBA Business Economics,LC0200A,CB2400,10839,CB1
400,BBA Business Economics,LC0200A,LC0200A,10877,T08
400,BBA Business Economics,LC0200A,CB2500,15288,T07
401,BBA Business Economics,LC0200A,CB2400,10235,C02
401,BBA Business Economics,LC0200A,CB2201,10341,C03
401,BBA Business Economics,LC0200A,CB2500,10624,C01
401,BBA Business Economics,LC0200A,LC0200A,11975,T35
401,BBA Business Economics,LC0200A,CB2500,15285,T04
402,BBA Business Economics,LC0200A,CB2500,10625,C02
402,BBA Business Economics,LC0200A,CB2400,10840,CB2
402,BBA Business Economics,LC0200A,LC0200A,10881,T12
402,BBA Business Economics,LC0200A,CB2201,14828,C07
402,BBA Business Economics,LC0200A,CB2500,15286,T05
403,BBA Business Economics,LC0200A,CB2400,10235,C02
403,BBA Business Economics,LC0200A,CB2500,10624,C01
403,BBA Business Economics,LC0200A,CB2201,10678,C05
403,BBA Business Economics,LC0200A,LC0200A,10890,T22
403,BBA Business Economics,LC0200A,CB2500,15598,T08
404,BBA Business Economics,LC0200A,CB2500,10624,C01
404,BBA Business Economics,LC0200A,CB2201,10678,C05
404,BBA Business Economics,LC0200A,CB2400,10839,CB1
404,BBA Business Economics,LC0200A,LC0200A,10877,T08
404,BBA Business Economics,LC0200A,CB2500,15288,T07
405,BBA Business Economics,LC0200A,CB2400,10236,C03
405,BBA Business Economics,LC0200A,CB2201,10678,C05
405,BBA Business Economics,LC0200A,LC0200A,10897,T29
405,BBA Business Economics,LC0200A,CB2500,13323,CA1
405,BBA Business Economics,LC0200A,CB2500,15289,TA1
406,BBA Business Economics,LC0200A,CB2500,10625,C02
406,BBA Business Economics,LC0200A,CB2400,10840,CB2
406,BBA Business Economics,LC0200A,LC0200A,10881,T12
406,BBA Business Economics,LC0200A,CB2201,14828,C07
406,BBA Business Economics,LC0200A,CB2500,15286,T05
407,BBA Business Economics,LC0200A,CB2500,10624,C01
407,BBA Business Economics,LC0200A,CB2400,10839,CB1
407,BBA Business Economics,LC0200A,CB2201,14828,C07
407,BBA Business Economics,LC0200A,LC0200A,14950,T18
407,BBA Business Economics,LC0200A,CB2500,15283,T02
408,BBA Business Economics,LC0200A,CB2500,10625,C02
408,BBA Business Economics,LC0200A,CB2201,10792,C04
408,BBA Business Economics,LC0200A,CB2400,10840,CB2
408,BBA Business Economics,LC0200A,LC0200A,10889,T21
408,BBA Business Economics,LC0200A,CB2500,15286,T05
409,BBA Business Economics,LC0200A,CB2400,10236,C03
409,BBA Business Economics,LC0200A,CB2201,10339,C01
409,BBA Business Economics,LC0200A,LC0200A,10897,T29
409,BBA Business Economics,LC0200A,CB2500,13323,CA1
409,BBA Business Economics,LC0200A,CB2500,15289,TA1
410,BBA Business Economics,LC0200A,CB2201,10339,C01
410,BBA Business Economics,LC0200A,CB2400,10840,CB2
410,BBA Business Economics,LC0200A,LC0200A,10897,T29
410,BBA Business Economics,LC0200A,CB2500,13323,CA1
410,BBA Business Economics,LC0200A,CB2500,15289,TA1
411,BBA Business Economics,LC0200A,CB2500,10625,C02
411,BBA Business Economics,LC0200A,CB2400,10840,CB2
411,BBA Business Economics,LC0200A,LC0200A,10881,T12
411,BBA Business Economics,LC0200A,CB2201,14828,C07
411,BBA Business Economics,LC0200A,CB2500,15286,T05
412,BBA Marketing,GE1401,CB2400,10404,CA2
412,BBA Marketing,GE1401,CB2601,12304,CE1
412,BBA Marketing,GE1401,CB2201,14828,C07
412,BBA Marketing,GE1401,GE1401,14941,TA3
413,BBA Marketing,GE1401,GE1401,10707,T32
413,BBA Marketing,GE1401,CB2201,10792,C04
413,BBA Marketing,GE1401,CB2400,10840,CB2
413,BBA Marketing,GE1401,CB2601,12304,CE1
414,BBA Marketing,GE1401,CB2400,10839,CB1
414,BBA Marketing,GE1401,CB2601,11195,C03
414,BBA Marketing,GE1401,CB2201,14827,C06
414,BBA Marketing,GE1401,GE1401,15603,T73
415,BBA Marketing,GE1401,CB2400,10839,CB1
415,BBA Marketing,GE1401,GE1401,11070,TA1
415,BBA Marketing,GE1401,CB2601,12304,CE1
415,BBA Marketing,GE1401,CB2201,14827,C06
416,BBA Marketing,GE1401,CB2400,10180,C01
416,BBA Marketing,GE1401,CB2601,12304,CE1
416,BBA Marketing,GE1401,GE1401,13568,T96
416,BBA Marketing,GE1401,CB2201,14827,C06
417,BBA Marketing,GE1401,CB2400,10839,CB1
417,BBA Marketing,GE1401,CB2601,12304,CE1
417,BBA Marketing,GE1401,GE1401,13197,TA2
417,BBA Marketing,GE1401,CB2201,14827,C06
418,BBA Marketing,GE1401,CB2400,10236,C03
418,BBA Marketing,GE1401,CB2201,10678,C05
418,BBA Marketing,GE1401,GE1401,11507,T80
418,BBA Marketing,GE1401,CB2601,12304,CE1
419,BBA Marketing,GE1401,CB2400,10839,CB1
419,BBA Marketing,GE1401,CB2601,12304,CE1
419,BBA Marketing,GE1401,GE1401,13197,TA2
419,BBA Marketing,GE1401,CB2201,14827,C06
420,BBA Marketing,GE1401,CB2400,10180,C01
420,BBA Marketing,GE1401,CB2601,12304,CE1
420,BBA Marketing,GE1401,GE1401,13568,T96
420,BBA Marketing,GE1401,CB2201,14827,C06
421,BBA Marketing,GE1401,GE1401,10726,T59
421,BBA Marketing,GE1401,CB2201,10792,C04
421,BBA Marketing,GE1401,CB2400,10840,CB2
421,BBA Marketing,GE1401,CB2601,12304,CE1
422,BBA Marketing,GE1401,CB2400,10404,CA2
422,BBA Marketing,GE1401,CB2601,12304,CE1
422,BBA Marketing,GE1401,CB2201,14828,C07
422,BBA Marketing,GE1401,GE1401,14941,TA3
423,BBA Marketing,GE1401,CB2400,10180,C01
423,BBA Marketing,GE1401,CB2201,10678,C05
423,BBA Marketing,GE1401,GE1401,10690,T13
423,BBA Marketing,GE1401,CB2601,12305,C01
424,BBA Marketing,GE1401,CB2400,10839,CB1
424,BBA Marketing,GE1401,GE1401,11070,TA1
424,BBA Marketing,GE1401,CB2601,12267,CC3
424,BBA Marketing,GE1401,CB2201,14828,C07
425,BBA Marketing,GE1401,CB2601,10335,C02
425,BBA Marketing,GE1401,CB2400,10839,CB1
425,BBA Marketing,GE1401,GE1401,14271,TB8
425,BBA Marketing,GE1401,CB2201,14827,C06
426,BBA Marketing,GE1401,CB2400,10839,CB1
426,BBA Marketing,GE1401,CB2601,12304,CE1
426,BBA Marketing,GE1401,GE1401,13197,TA2
426,BBA Marketing,GE1401,CB2201,14827,C06
427,BBA Marketing,GE1401,CB2400,10236,C03
427,BBA Marketing,GE1401,CB2201,10678,C05
427,BBA Marketing,GE1401,GE1401,10728,T61
427,BBA Marketing,GE1401,CB2601,12304,CE1
428,BBA Marketing,GE1401,GE1401,10680,T03
428,BBA Marketing,GE1401,CB2400,10839,CB1
428,BBA Marketing,GE1401,CB2601,12304,CE1
428,BBA Marketing,GE1401,CB2201,14827,C06
429,BBA Marketing,GE1401,CB2601,10335,C02
429,BBA Marketing,GE1401,GE1401,10689,T12
429,BBA Marketing,GE1401,CB2201,12852,CM1
429,BBA Marketing,GE1401,CB2400,13315,CB3
430,BBA Marketing,GE1401,CB2601,10335,C02
430,BBA Marketing,GE1401,GE1401,10689,T12
430,BBA Marketing,GE1401,CB2400,10839,CB1
430,BBA Marketing,GE1401,CB2201,14826,CE1
431,BBA Marketing,GE1401,CB2601,10335,C02
431,BBA Marketing,GE1401,CB2400,10839,CB1
431,BBA Marketing,GE1401,GE1401,14271,TB8
431,BBA Marketing,GE1401,CB2201,14827,C06
432,BBA Marketing,GE1401,CB2601,10335,C02
432,BBA Marketing,GE1401,CB2400,10839,CB1
432,BBA Marketing,GE1401,GE1401,14271,TB8
432,BBA Marketing,GE1401,CB2201,14827,C06
433,BBA Marketing,GE1401,CB2601,10335,C02
433,BBA Marketing,GE1401,CB2201,10792,C04
433,BBA Marketing,GE1401,CB2400,10840,CB2
433,BBA Marketing,GE1401,GE1401,15205,TC5
434,BBA Marketing,GE1401,CB2400,10180,C01
434,BBA Marketing,GE1401,CB2201,10678,C05
434,BBA Marketing,GE1401,GE1401,10690,T13
434,BBA Marketing,GE1401,CB2601,12305,C01
435,BBA Marketing,GE1401,CB2601,10335,C02
435,BBA Marketing,GE1401,CB2201,10792,C04
435,BBA Marketing,GE1401,CB2400,10840,CB2
435,BBA Marketing,GE1401,GE1401,15205,TC5
436,BBA Marketing,GE1401,CB2601,12305,C01
436,BBA Marketing,GE1401,CB2400,13315,CB3
436,BBA Marketing,GE1401,CB2201,14828,C07
436,BBA Marketing,GE1401,GE1401,15600,T14
437,BBA Marketing,GE1401,CB2400,10235,C02
437,BBA Marketing,GE1401,CB2201,10339,C01
437,BBA Marketing,GE1401,GE1401,10707,T32
437,BBA Marketing,GE1401,CB2601,12305,C01
438,BBA Marketing,GE1401,CB2400,10404,CA2
438,BBA Marketing,GE1401,CB2601,12304,CE1
438,BBA Marketing,GE1401,GE1401,13197,TA2
438,BBA Marketing,GE1401,CB2201,14828,C07
439,BBA Marketing,GE1401,CB2601,10335,C02
439,BBA Marketing,GE1401,CB2201,10339,C01
439,BBA Marketing,GE1401,GE1401,10714,T43
439,BBA Marketing,GE1401,CB2400,10840,CB2
440,BBA Marketing,GE1401,CB2601,12304,CE1
440,BBA Marketing,GE1401,GE1401,13197,TA2
440,BBA Marketing,GE1401,CB2400,13315,CB3
440,BBA Marketing,GE1401,CB2201,14828,C07
441,BBA Marketing,GE1401,GE1401,10726,T59
441,BBA Marketing,GE1401,CB2201,10792,C04
441,BBA Marketing,GE1401,CB2400,10840,CB2
441,BBA Marketing,GE1401,CB2601,12304,CE1
442,BBA Marketing,GE1401,CB2400,10236,C03
442,BBA Marketing,GE1401,CB2201,10678,C05
442,BBA Marketing,GE1401,GE1401,11507,T80
442,BBA Marketing,GE1401,CB2601,12304,CE1
443,BBA Marketing,GE1401,CB2400,10403,CA1
443,BBA Marketing,GE1401,GE1401,10690,T13
443,BBA Marketing,GE1401,CB2601,12267,CC3
443,BBA Marketing,GE1401,CB2201,14827,C06
444,BBA Marketing,GE1401,CB2601,10335,C02
444,BBA Marketing,GE1401,CB2201,10340,C02
444,BBA Marketing,GE1401,CB2400,10840,CB2
444,BBA Marketing,GE1401,GE1401,12119,T18
445,BBA Marketing,GE1401,CB2400,10236,C03
445,BBA Marketing,GE1401,CB2201,10678,C05
445,BBA Marketing,GE1401,GE1401,10728,T61
445,BBA Marketing,GE1401,CB2601,12304,CE1
446,BBA Marketing,GE1401,CB2400,10839,CB1
446,BBA Marketing,GE1401,GE1401,11070,TA1
446,BBA Marketing,GE1401,CB2601,12304,CE1
446,BBA Marketing,GE1401,CB2201,14827,C06
447,BBA Marketing,GE1401,CB2400,10404,CA2
447,BBA Marketing,GE1401,CB2601,12304,CE1
447,BBA Marketing,GE1401,CB2201,14828,C07
447,BBA Marketing,GE1401,GE1401,14941,TA3
448,BBA Marketing,GE1401,CB2400,10236,C03
448,BBA Marketing,GE1401,CB2201,10678,C05
448,BBA Marketing,GE1401,GE1401,11491,T69
448,BBA Marketing,GE1401,CB2601,12304,CE1
449,BBA Marketing,GE1401,CB2400,10180,C01
449,BBA Marketing,GE1401,CB2201,10792,C04
449,BBA Marketing,GE1401,CB2601,11195,C03
449,BBA Marketing,GE1401,GE1401,15600,T14
450,BBA Marketing,GE1401,CB2400,10404,CA2
450,BBA Marketing,GE1401,CB2601,12304,CE1
450,BBA Marketing,GE1401,CB2201,14828,C07
450,BBA Marketing,GE1401,GE1401,14941,TA3
451,BBA Marketing,GE1401,CB2601,12305,C01
451,BBA Marketing,GE1401,CB2400,13315,CB3
451,BBA Marketing,GE1401,CB2201,14828,C07
451,BBA Marketing,GE1401,GE1401,15600,T14
452,BBA Marketing,GE1401,CB2400,10180,C01
452,BBA Marketing,GE1401,CB2601,11195,C03
452,BBA Marketing,GE1401,CB2201,14827,C06
452,BBA Marketing,GE1401,GE1401,14941,TA3
453,BBA Marketing,GE1401,GE1401,10680,T03
453,BBA Marketing,GE1401,CB2400,10839,CB1
453,BBA Marketing,GE1401,CB2601,12304,CE1
453,BBA Marketing,GE1401,CB2201,14828,C07
454,BBA Marketing,GE1401,CB2601,10335,C02
454,BBA Marketing,GE1401,CB2201,10341,C03
454,BBA Marketing,GE1401,GE1401,10696,T20
454,BBA Marketing,GE1401,CB2400,13315,CB3
455,BBA Marketing,GE1401,CB2400,10403,CA1
455,BBA Marketing,GE1401,GE1401,10717,T48
455,BBA Marketing,GE1401,CB2601,12267,CC3
455,BBA Marketing,GE1401,CB2201,14827,C06
456,BBA Marketing,GE1401,GE1401,10726,T59
456,BBA Marketing,GE1401,CB2201,10792,C04
456,BBA Marketing,GE1401,CB2400,10840,CB2
456,BBA Marketing,GE1401,CB2601,12304,CE1
457,BBA Marketing,GE1401,CB2400,10839,CB1
457,BBA Marketing,GE1401,GE1401,11070,TA1
457,BBA Marketing,GE1401,CB2601,12304,CE1
457,BBA Marketing,GE1401,CB2201,14827,C06
458,BBA Marketing,GE1401,GE1401,10723,T56
458,BBA Marketing,GE1401,CB2601,12265,CC1
458,BBA Marketing,GE1401,CB2400,13315,CB3
458,BBA Marketing,GE1401,CB2201,14828,C07
459,BBA Marketing,GE1401,CB2601,12305,C01
459,BBA Marketing,GE1401,CB2400,13315,CB3
459,BBA Marketing,GE1401,CB2201,14828,C07
459,BBA Marketing,GE1401,GE1401,15600,T14
460,BBA Marketing,GE1401,CB2601,12305,C01
460,BBA Marketing,GE1401,CB2400,13315,CB3
460,BBA Marketing,GE1401,CB2201,14828,C07
460,BBA Marketing,GE1401,GE1401,15600,T14
461,BBA Marketing,GE1401,CB2400,10839,CB1
461,BBA Marketing,GE1401,CB2601,11195,C03
461,BBA Marketing,GE1401,CB2201,14827,C06
461,BBA Marketing,GE1401,GE1401,15603,T73
462,BBA Marketing,GE1401,CB2201,10678,C05
462,BBA Marketing,GE1401,GE1401,12119,T18
462,BBA Marketing,GE1401,CB2601,12304,CE1
462,BBA Marketing,GE1401,CB2400,13315,CB3
463,BBA Marketing,GE1401,CB2201,10678,C05
463,BBA Marketing,GE1401,CB2400,10840,CB2
463,BBA Marketing,GE1401,GE1401,11505,T93
463,BBA Marketing,GE1401,CB2601,12304,CE1
464,BBA Marketing,GE1401,CB2601,10335,C02
464,BBA Marketing,GE1401,CB2400,10839,CB1
464,BBA Marketing,GE1401,GE1401,14271,TB8
464,BBA Marketing,GE1401,CB2201,14827,C06
465,BBA Marketing,GE1401,GE1401,10723,T56
465,BBA Marketing,GE1401,CB2601,12265,CC1
465,BBA Marketing,GE1401,CB2400,13315,CB3
465,BBA Marketing,GE1401,CB2201,14828,C07
466,BBA Marketing,GE1401,CB2400,10409,CA3
466,BBA Marketing,GE1401,CB2201,10678,C05
466,BBA Marketing,GE1401,GE1401,10728,T61
466,BBA Marketing,GE1401,CB2601,12304,CE1
467,BBA Marketing,GE1401,CB2400,10236,C03
467,BBA Marketing,GE1401,CB2201,10678,C05
467,BBA Marketing,GE1401,GE1401,11491,T69
467,BBA Marketing,GE1401,CB2601,12304,CE1
468,BBA Marketing,GE1401,CB2400,10409,CA3
468,BBA Marketing,GE1401,GE1401,10726,T59
468,BBA Marketing,GE1401,CB2201,10792,C04
468,BBA Marketing,GE1401,CB2601,12304,CE1
469,BBA Marketing,GE1401,GE1401,10726,T59
469,BBA Marketing,GE1401,CB2601,12304,CE1
469,BBA Marketing,GE1401,CB2400,12540,CA4
469,BBA Marketing,GE1401,CB2201,14827,C06
470,BBA Marketing,GE1401,CB2400,10403,CA1
470,BBA Marketing,GE1401,CB2201,10792,C04
470,BBA Marketing,GE1401,CB2601,12304,CE1
470,BBA Marketing,GE1401,GE1401,12735,T74
471,BBA Marketing,GE1401,GE1401,10726,T59
471,BBA Marketing,GE1401,CB2201,10792,C04
471,BBA Marketing,GE1401,CB2400,10840,CB2
471,BBA Marketing,GE1401,CB2601,12304,CE1
472,BBA Marketing,GE1401,CB2400,10839,CB1
472,BBA Marketing,GE1401,CB2601,12304,CE1
472,BBA Marketing,GE1401,GE1401,13197,TA2
472,BBA Marketing,GE1401,CB2201,14827,C06
473,BBA Marketing,GE1401,GE1401,10726,T59
473,BBA Marketing,GE1401,CB2201,10792,C04
473,BBA Marketing,GE1401,CB2400,10840,CB2
473,BBA Marketing,GE1401,CB2601,12304,CE1
474,BBA Marketing,GE1401,CB2601,10335,C02
474,BBA Marketing,GE1401,CB2201,10792,C04
474,BBA Marketing,GE1401,CB2400,10840,CB2
474,BBA Marketing,GE1401,GE1401,15205,TC5
475,BBA Marketing,GE1401,CB2400,10839,CB1
475,BBA Marketing,GE1401,GE1401,11070,TA1
475,BBA Marketing,GE1401,CB2601,12304,CE1
475,BBA Marketing,GE1401,CB2201,14827,C06
476,BBA Marketing,GE1401,GE1401,10723,T56
476,BBA Marketing,GE1401,CB2601,12265,CC1
476,BBA Marketing,GE1401,CB2400,13315,CB3
476,BBA Marketing,GE1401,CB2201,14828,C07
477,BBA Marketing,GE1401,CB2400,10403,CA1
477,BBA Marketing,GE1401,GE1401,10690,T13
477,BBA Marketing,GE1401,CB2601,12267,CC3
477,BBA Marketing,GE1401,CB2201,14827,C06
478,BBA Marketing,GE1401,CB2400,10403,CA1
478,BBA Marketing,GE1401,GE1401,10717,T48
478,BBA Marketing,GE1401,CB2601,12267,CC3
478,BBA Marketing,GE1401,CB2201,14827,C06
479,BBA Marketing,GE1401,CB2400,10403,CA1
479,BBA Marketing,GE1401,CB2201,10792,C04
479,BBA Marketing,GE1401,CB2601,12304,CE1
479,BBA Marketing,GE1401,GE1401,12735,T74
480,BBA Marketing,GE1401,CB2601,10335,C02
480,BBA Marketing,GE1401,CB2400,10839,CB1
480,BBA Marketing,GE1401,GE1401,14271,TB8
480,BBA Marketing,GE1401,CB2201,14827,C06
481,BBA Marketing,GE1401,CB2400,10404,CA2
481,BBA Marketing,GE1401,CB2601,12304,CE1
481,BBA Marketing,GE1401,CB2201,14828,C07
481,BBA Marketing,GE1401,GE1401,14941,TA3
482,BBA Marketing,GE1401,CB2400,10236,C03
482,BBA Marketing,GE1401,CB2201,10678,C05
482,BBA Marketing,GE1401,GE1401,11507,T80
482,BBA Marketing,GE1401,CB2601,12304,CE1
483,BBA Marketing,GE1401,CB2201,10792,C04
483,BBA Marketing,GE1401,CB2400,10840,CB2
483,BBA Marketing,GE1401,CB2601,11195,C03
483,BBA Marketing,GE1401,GE1401,13572,TB1
484,BBA Marketing,LC0200A,CB2201,10678,C05
484,BBA Marketing,LC0200A,CB2400,10839,CB1
484,BBA Marketing,LC0200A,LC0200A,10864,T04
484,BBA Marketing,LC0200A,CB2601,12304,CE1
485,BBA Marketing,LC0200A,CB2400,10180,C01
485,BBA Marketing,LC0200A,CB2201,10792,C04
485,BBA Marketing,LC0200A,LC0200A,10885,T16
485,BBA Marketing,LC0200A,CB2601,12304,CE1
486,BBA Marketing,LC0200A,CB2201,10678,C05
486,BBA Marketing,LC0200A,CB2400,10839,CB1
486,BBA Marketing,LC0200A,LC0200A,10864,T04
486,BBA Marketing,LC0200A,CB2601,12304,CE1
487,BBA Marketing,LC0200A,CB2400,10180,C01
487,BBA Marketing,LC0200A,CB2201,10792,C04
487,BBA Marketing,LC0200A,LC0200A,10886,T17
487,BBA Marketing,LC0200A,CB2601,12304,CE1
488,BBA Marketing,LC0200A,CB2400,10235,C02
488,BBA Marketing,LC0200A,LC0200A,10890,T22
488,BBA Marketing,LC0200A,CB2601,12304,CE1
488,BBA Marketing,LC0200A,CB2201,14827,C06
489,BBA Marketing,LC0200A,CB2400,10180,C01
489,BBA Marketing,LC0200A,CB2201,10792,C04
489,BBA Marketing,LC0200A,LC0200A,10886,T17
489,BBA Marketing,LC0200A,CB2601,12304,CE1
490,BBA Marketing,LC0200A,CB2201,10678,C05
490,BBA Marketing,LC0200A,CB2400,10839,CB1
490,BBA Marketing,LC0200A,LC0200A,10864,T04
490,BBA Marketing,LC0200A,CB2601,12304,CE1
491,BBA Marketing,LC0200A,CB2400,10180,C01
491,BBA Marketing,LC0200A,CB2201,10792,C04
491,BBA Marketing,LC0200A,LC0200A,10886,T17
491,BBA Marketing,LC0200A,CB2601,12304,CE1
492,BBA Marketing,LC0200A,CB2400,10180,C01
492,BBA Marketing,LC0200A,LC0200A,10878,T09
492,BBA Marketing,LC0200A,CB2601,12304,CE1
492,BBA Marketing,LC0200A,CB2201,14827,C06
493,BBA Marketing,LC0200A,CB2400,10180,C01
493,BBA Marketing,LC0200A,CB2201,10792,C04
493,BBA Marketing,LC0200A,LC0200A,10886,T17
493,BBA Marketing,LC0200A,CB2601,12304,CE1
494,BBA Marketing,LC0200A,CB2201,10341,C03
494,BBA Marketing,LC0200A,CB2400,10839,CB1
494,BBA Marketing,LC0200A,LC0200A,11170,T32
494,BBA Marketing,LC0200A,CB2601,12304,CE1
495,BBA Marketing,LC0200A,CB2400,10236,C03
495,BBA Marketing,LC0200A,CB2601,10335,C02
495,BBA Marketing,LC0200A,CB2201,10339,C01
495,BBA Marketing,LC0200A,LC0200A,11029,T30
496,BBA Marketing,LC0200A,CB2400,10180,C01
496,BBA Marketing,LC0200A,CB2201,10792,C04
496,BBA Marketing,LC0200A,LC0200A,10885,T16
496,BBA Marketing,LC0200A,CB2601,12304,CE1
497,BBA Marketing,LC0200A,CB2400,10235,C02
497,BBA Marketing,LC0200A,CB2201,10678,C05
497,BBA Marketing,LC0200A,LC0200A,10890,T22
497,BBA Marketing,LC0200A,CB2601,12304,CE1
498,BBA Marketing,LC0200A,CB2400,10235,C02
498,BBA Marketing,LC0200A,LC0200A,10890,T22
498,BBA Marketing,LC0200A,CB2601,12304,CE1
498,BBA Marketing,LC0200A,CB2201,14827,C06
499,BBA Marketing,LC0200A,CB2400,10180,C01
499,BBA Marketing,LC0200A,CB2201,10792,C04
499,BBA Marketing,LC0200A,LC0200A,10885,T16
499,BBA Marketing,LC0200A,CB2601,12304,CE1
500,BBA Marketing,LC0200A,CB2400,10180,C01
500,BBA Marketing,LC0200A,CB2201,10792,C04
500,BBA Marketing,LC0200A,LC0200A,10886,T17
500,BBA Marketing,LC0200A,CB2601,12304,CE1
501,BBA Marketing,LC0200A,CB2400,10180,C01
501,BBA Marketing,LC0200A,CB2201,10792,C04
501,BBA Marketing,LC0200A,LC0200A,10885,T16
501,BBA Marketing,LC0200A,CB2601,12304,CE1
502,BBA Marketing,LC0200A,CB2400,10235,C02
502,BBA Marketing,LC0200A,CB2201,10678,C05
502,BBA Marketing,LC0200A,LC0200A,10890,T22
502,BBA Marketing,LC0200A,CB2601,12304,CE1
503,BBA Marketing,LC0200A,CB2400,10180,C01
503,BBA Marketing,LC0200A,CB2201,10792,C04
503,BBA Marketing,LC0200A,LC0200A,10886,T17
503,BBA Marketing,LC0200A,CB2601,12304,CE1
504,BBA Marketing,LC0200A,CB2400,10235,C02
504,BBA Marketing,LC0200A,LC0200A,10890,T22
504,BBA Marketing,LC0200A,CB2601,12304,CE1
504,BBA Marketing,LC0200A,CB2201,14827,C06
505,BBA Marketing,LC0200A,CB2400,10180,C01
505,BBA Marketing,LC0200A,CB2201,10792,C04
505,BBA Marketing,LC0200A,LC0200A,10886,T17
505,BBA Marketing,LC0200A,CB2601,12304,CE1
506,BBA Marketing,LC0200A,CB2400,10180,C01
506,BBA Marketing,LC0200A,CB2201,10792,C04
506,BBA Marketing,LC0200A,LC0200A,10885,T16
506,BBA Marketing,LC0200A,CB2601,12304,CE1
507,BBA Marketing,LC0200A,CB2400,10235,C02
507,BBA Marketing,LC0200A,CB2201,10678,C05
507,BBA Marketing,LC0200A,LC0200A,10865,T05
507,BBA Marketing,LC0200A,CB2601,12304,CE1
508,BBA Marketing,LC0200A,CB2400,10180,C01
508,BBA Marketing,LC0200A,CB2201,10792,C04
508,BBA Marketing,LC0200A,LC0200A,10886,T17
508,BBA Marketing,LC0200A,CB2601,12304,CE1
509,BBA Marketing,LC0200A,CB2400,10180,C01
509,BBA Marketing,LC0200A,LC0200A,10878,T09
509,BBA Marketing,LC0200A,CB2601,12304,CE1
509,BBA Marketing,LC0200A,CB2201,14827,C06
510,BBA Marketing,LC0200A,CB2400,10180,C01
510,BBA Marketing,LC0200A,CB2201,10792,C04
510,BBA Marketing,LC0200A,LC0200A,10886,T17
510,BBA Marketing,LC0200A,CB2601,12304,CE1
511,BBA Marketing,LC0200A,CB2400,10180,C01
511,BBA Marketing,LC0200A,CB2201,10792,C04
511,BBA Marketing,LC0200A,LC0200A,10885,T16
511,BBA Marketing,LC0200A,CB2601,12304,CE1
512,BBA Marketing,LC0200A,CB2601,10335,C02
512,BBA Marketing,LC0200A,CB2201,10339,C01
512,BBA Marketing,LC0200A,CB2400,10409,CA3
512,BBA Marketing,LC0200A,LC0200A,10897,T29
513,BBA Marketing,LC0200A,CB2400,10180,C01
513,BBA Marketing,LC0200A,LC0200A,10878,T09
513,BBA Marketing,LC0200A,CB2601,12304,CE1
513,BBA Marketing,LC0200A,CB2201,14827,C06
514,BBA Marketing,LC0200A,CB2400,10236,C03
514,BBA Marketing,LC0200A,CB2601,10335,C02
514,BBA Marketing,LC0200A,CB2201,10339,C01
514,BBA Marketing,LC0200A,LC0200A,11029,T30
515,BBA Marketing,LC0200A,CB2400,10235,C02
515,BBA Marketing,LC0200A,CB2201,10678,C05
515,BBA Marketing,LC0200A,LC0200A,10890,T22
515,BBA Marketing,LC0200A,CB2601,12304,CE1
516,BBA Marketing,LC0200A,CB2400,10180,C01
516,BBA Marketing,LC0200A,CB2201,10792,C04
516,BBA Marketing,LC0200A,LC0200A,10886,T17
516,BBA Marketing,LC0200A,CB2601,12304,CE1
517,BBA Management,GE1401,CB2400,10235,C02
517,BBA Management,GE1401,CB2201,10678,C05
517,BBA Management,GE1401,CB2601,11195,C03
517,BBA Management,GE1401,GE1401,13571,T99
518,BBA Management,GE1401,CB2201,10678,C05
518,BBA Management,GE1401,CB2400,10840,CB2
518,BBA Management,GE1401,CB2601,11195,C03
518,BBA Management,GE1401,GE1401,12122,T35
519,BBA Management,GE1401,GE1401,10704,T29
519,BBA Management,GE1401,CB2601,12304,CE1
519,BBA Management,GE1401,CB2400,13315,CB3
519,BBA Management,GE1401,CB2201,14828,C07
520,BBA Management,GE1401,CB2201,10792,C04
520,BBA Management,GE1401,CB2400,10840,CB2
520,BBA Management,GE1401,CB2601,11195,C03
520,BBA Management,GE1401,GE1401,15205,TC5
521,BBA Management,GE1401,CB2601,12304,CE1
521,BBA Management,GE1401,GE1401,13197,TA2
521,BBA Management,GE1401,CB2400,13315,CB3
521,BBA Management,GE1401,CB2201,14828,C07
522,BBA Management,GE1401,CB2201,10678,C05
522,BBA Management,GE1401,GE1401,10708,T34
522,BBA Management,GE1401,CB2601,11195,C03
522,BBA Management,GE1401,CB2400,13315,CB3
523,BBA Management,GE1401,GE1401,10680,T03
523,BBA Management,GE1401,CB2400,10839,CB1
523,BBA Management,GE1401,CB2601,11195,C03
523,BBA Management,GE1401,CB2201,14827,C06
524,BBA Management,GE1401,GE1401,10720,T53
524,BBA Management,GE1401,CB2400,10840,CB2
524,BBA Management,GE1401,CB2601,12304,CE1
524,BBA Management,GE1401,CB2201,14828,C07
525,BBA Management,GE1401,CB2400,10404,CA2
525,BBA Management,GE1401,CB2601,11195,C03
525,BBA Management,GE1401,CB2201,14827,C06
525,BBA Management,GE1401,GE1401,15600,T14
526,BBA Management,GE1401,CB2601,10335,C02
526,BBA Management,GE1401,CB2201,10341,C03
526,BBA Management,GE1401,GE1401,10701,T25
526,BBA Management,GE1401,CB2400,13315,CB3
527,BBA Management,GE1401,GE1401,10720,T53
527,BBA Management,GE1401,CB2400,10840,CB2
527,BBA Management,GE1401,CB2601,12304,CE1
527,BBA Management,GE1401,CB2201,14828,C07
528,BBA Management,GE1401,CB2201,10792,C04
528,BBA Management,GE1401,CB2400,10840,CB2
528,BBA Management,GE1401,CB2601,11195,C03
528,BBA Management,GE1401,GE1401,15205,TC5
529,BBA Management,GE1401,CB2400,10236,C03
529,BBA Management,GE1401,CB2201,10678,C05
529,BBA Management,GE1401,GE1401,11491,T69
529,BBA Management,GE1401,CB2601,12304,CE1
530,BBA Management,GE1401,CB2400,10180,C01
530,BBA Management,GE1401,GE1401,10680,T03
530,BBA Management,GE1401,CB2201,10792,C04
530,BBA Management,GE1401,CB2601,11195,C03
531,BBA Management,GE1401,CB2201,10678,C05
531,BBA Management,GE1401,GE1401,10708,T34
531,BBA Management,GE1401,CB2601,11195,C03
531,BBA Management,GE1401,CB2400,13315,CB3
532,BBA Management,GE1401,CB2400,10180,C01
532,BBA Management,GE1401,CB2601,12304,CE1
532,BBA Management,GE1401,CB2201,14827,C06
532,BBA Management,GE1401,GE1401,14941,TA3
533,BBA Management,GE1401,CB2400,10180,C01
533,BBA Management,GE1401,CB2601,12304,CE1
533,BBA Management,GE1401,GE1401,13568,T96
533,BBA Management,GE1401,CB2201,14827,C06
534,BBA Management,GE1401,CB2400,10236,C03
534,BBA Management,GE1401,CB2201,10678,C05
534,BBA Management,GE1401,GE1401,10728,T61
534,BBA Management,GE1401,CB2601,12304,CE1
535,BBA Management,GE1401,CB2400,10404,CA2
535,BBA Management,GE1401,CB2601,11195,C03
535,BBA Management,GE1401,GE1401,11496,T79
535,BBA Management,GE1401,CB2201,14828,C07
536,BBA Management,GE1401,CB2601,12304,CE1
536,BBA Management,GE1401,GE1401,13197,TA2
536,BBA Management,GE1401,CB2400,13315,CB3
536,BBA Management,GE1401,CB2201,14828,C07
537,BBA Management,GE1401,CB2601,10335,C02
537,BBA Management,GE1401,CB2201,10341,C03
537,BBA Management,GE1401,GE1401,10701,T25
537,BBA Management,GE1401,CB2400,13315,CB3
538,BBA Management,GE1401,GE1401,10680,T03
538,BBA Management,GE1401,CB2400,10839,CB1
538,BBA Management,GE1401,CB2601,12304,CE1
538,BBA Management,GE1401,CB2201,14828,C07
539,BBA Management,GE1401,CB2400,10180,C01
539,BBA Management,GE1401,GE1401,10680,T03
539,BBA Management,GE1401,CB2201,10792,C04
539,BBA Management,GE1401,CB2601,11195,C03
540,BBA Management,GE1401,CB2400,10180,C01
540,BBA Management,GE1401,CB2201,10678,C05
540,BBA Management,GE1401,GE1401,10690,T13
540,BBA Management,GE1401,CB2601,12305,C01
541,BBA Management,GE1401,CB2400,10403,CA1
541,BBA Management,GE1401,CB2201,10792,C04
541,BBA Management,GE1401,CB2601,12304,CE1
541,BBA Management,GE1401,GE1401,12735,T74
542,BBA Management,GE1401,CB2601,10335,C02
542,BBA Management,GE1401,CB2400,10840,CB2
542,BBA Management,GE1401,GE1401,13573,TB2
542,BBA Management,GE1401,CB2201,14826,CE1
543,BBA Management,GE1401,CB2201,10678,C05
543,BBA Management,GE1401,CB2400,10840,CB2
543,BBA Management,GE1401,CB2601,11195,C03
543,BBA Management,GE1401,GE1401,12122,T35
544,BBA Management,GE1401,CB2400,10409,CA3
544,BBA Management,GE1401,CB2201,10678,C05
544,BBA Management,GE1401,GE1401,10728,T61
544,BBA Management,GE1401,CB2601,12304,CE1
545,BBA Management,GE1401,CB2201,10678,C05
545,BBA Management,GE1401,GE1401,10714,T43
545,BBA Management,GE1401,CB2601,12305,C01
545,BBA Management,GE1401,CB2400,13315,CB3
546,BBA Management,GE1401,GE1401,10720,T53
546,BBA Management,GE1401,CB2400,10840,CB2
546,BBA Management,GE1401,CB2601,12304,CE1
546,BBA Management,GE1401,CB2201,14828,C07
547,BBA Management,GE1401,CB2400,10180,C01
547,BBA Management,GE1401,CB2601,12304,CE1
547,BBA Management,GE1401,GE1401,13568,T96
547,BBA Management,GE1401,CB2201,14827,C06
548,BBA Management,GE1401,CB2400,10180,C01
548,BBA Management,GE1401,CB2601,12304,CE1
548,BBA Management,GE1401,CB2201,14827,C06
548,BBA Management,GE1401,GE1401,14941,TA3
549,BBA Management,GE1401,CB2400,10403,CA1
549,BBA Management,GE1401,CB2201,10792,C04
549,BBA Management,GE1401,CB2601,12304,CE1
549,BBA Management,GE1401,GE1401,12735,T74
550,BBA Management,GE1401,CB2400,10236,C03
550,BBA Management,GE1401,CB2201,10678,C05
550,BBA Management,GE1401,GE1401,11507,T80
550,BBA Management,GE1401,CB2601,12304,CE1
551,BBA Management,GE1401,CB2601,12305,C01
551,BBA Management,GE1401,CB2400,13315,CB3
551,BBA Management,GE1401,CB2201,14828,C07
551,BBA Management,GE1401,GE1401,15600,T14
552,BBA Management,GE1401,CB2400,10180,C01
552,BBA Management,GE1401,CB2601,12304,CE1
552,BBA Management,GE1401,GE1401,13568,T96
552,BBA Management,GE1401,CB2201,14827,C06
553,BBA Management,GE1401,CB2400,10236,C03
553,BBA Management,GE1401,CB2201,10678,C05
553,BBA Management,GE1401,GE1401,10728,T61
553,BBA Management,GE1401,CB2601,12304,CE1
554,BBA Management,GE1401,CB2400,10409,CA3
554,BBA Management,GE1401,CB2201,10678,C05
554,BBA Management,GE1401,GE1401,10728,T61
554,BBA Management,GE1401,CB2601,12304,CE1
555,BBA Management,GE1401,CB2601,12305,C01
555,BBA Management,GE1401,CB2400,13315,CB3
555,BBA Management,GE1401,CB2201,14828,C07
555,BBA Management,GE1401,GE1401,15600,T14
556,BBA Management,GE1401,CB2201,10678,C05
556,BBA Management,GE1401,CB2400,10840,CB2
556,BBA Management,GE1401,CB2601,11195,C03
556,BBA Management,GE1401,GE1401,12122,T35
557,BBA Management,GE1401,CB2601,10335,C02
557,BBA Management,GE1401,GE1401,10719,T52
557,BBA Management,GE1401,CB2400,10839,CB1
557,BBA Management,GE1401,CB2201,14826,CE1
558,BBA Management,GE1401,CB2400,10180,C01
558,BBA Management,GE1401,CB2601,12304,CE1
558,BBA Management,GE1401,GE1401,13568,T96
558,BBA Management,GE1401,CB2201,14827,C06
559,BBA Management,GE1401,CB2201,10678,C05
559,BBA Management,GE1401,CB2400,10840,CB2
559,BBA Management,GE1401,GE1401,11505,T93
559,BBA Management,GE1401,CB2601,12304,CE1
560,BBA Management,GE1401,CB2400,10180,C01
560,BBA Management,GE1401,CB2601,12304,CE1
560,BBA Management,GE1401,CB2201,14827,C06
560,BBA Management,GE1401,GE1401,14941,TA3
561,BBA Management,GE1401,CB2400,10180,C01
561,BBA Management,GE1401,GE1401,10680,T03
561,BBA Management,GE1401,CB2201,10792,C04
561,BBA Management,GE1401,CB2601,11195,C03
562,BBA Management,GE1401,CB2601,10335,C02
562,BBA Management,GE1401,GE1401,10720,T53
562,BBA Management,GE1401,CB2400,10840,CB2
562,BBA Management,GE1401,CB2201,14828,C07
563,BBA Management,GE1401,CB2601,11195,C03
563,BBA Management,GE1401,GE1401,12396,T46
563,BBA Management,GE1401,CB2400,13315,CB3
563,BBA Management,GE1401,CB2201,14828,C07
564,BBA Management,GE1401,CB2601,10335,C02
564,BBA Management,GE1401,GE1401,10690,T13
564,BBA Management,GE1401,CB2400,10840,CB2
564,BBA Management,GE1401,CB2201,14826,CE1
565,BBA Management,GE1401,CB2400,10235,C02
565,BBA Management,GE1401,CB2601,10335,C02
565,BBA Management,GE1401,CB2201,10339,C01
565,BBA Management,GE1401,GE1401,13577,TB6
566,BBA Management,GE1401,CB2400,10235,C02
566,BBA Management,GE1401,CB2601,11195,C03
566,BBA Management,GE1401,GE1401,13572,TB1
566,BBA Management,GE1401,CB2201,14827,C06
567,BBA Management,GE1401,CB2400,10235,C02
567,BBA Management,GE1401,CB2601,11195,C03
567,BBA Management,GE1401,GE1401,13572,TB1
567,BBA Management,GE1401,CB2201,14827,C06
568,BBA Management,GE1401,CB2400,10180,C01
568,BBA Management,GE1401,GE1401,10680,T03
568,BBA Management,GE1401,CB2201,10792,C04
568,BBA Management,GE1401,CB2601,11195,C03
569,BBA Management,GE1401,GE1401,10707,T32
569,BBA Management,GE1401,CB2201,10792,C04
569,BBA Management,GE1401,CB2400,10840,CB2
569,BBA Management,GE1401,CB2601,12304,CE1
570,BBA Management,GE1401,CB2201,10678,C05
570,BBA Management,GE1401,CB2400,10840,CB2
570,BBA Management,GE1401,CB2601,11195,C03
570,BBA Management,GE1401,GE1401,12122,T35
571,BBA Management,GE1401,CB2400,10180,C01
571,BBA Management,GE1401,CB2601,12304,CE1
571,BBA Management,GE1401,CB2201,14827,C06
571,BBA Management,GE1401,GE1401,14941,TA3
572,BBA Management,GE1401,CB2400,10840,CB2
572,BBA Management,GE1401,CB2601,11195,C03
572,BBA Management,GE1401,GE1401,13568,T96
572,BBA Management,GE1401,CB2201,14828,C07
573,BBA Management,GE1401,GE1401,10720,T53
573,BBA Management,GE1401,CB2400,10840,CB2
573,BBA Management,GE1401,CB2601,12304,CE1
573,BBA Management,GE1401,CB2201,14828,C07
574,BBA Management,GE1401,GE1401,10710,T37
574,BBA Management,GE1401,CB2601,12266,CC2
574,BBA Management,GE1401,CB2400,13315,CB3
574,BBA Management,GE1401,CB2201,13718,CM2
575,BBA Management,GE1401,GE1401,10710,T37
575,BBA Management,GE1401,CB2601,12266,CC2
575,BBA Management,GE1401,CB2400,13315,CB3
575,BBA Management,GE1401,CB2201,13718,CM2
576,BBA Management,LC0200A,CB2201,10341,C03
576,BBA Management,LC0200A,CB2400,10404,CA2
576,BBA Management,LC0200A,LC0200A,11170,T32
576,BBA Management,LC0200A,CB2601,11195,C03
577,BBA Management,LC0200A,LC0200A,10885,T16
577,BBA Management,LC0200A,CB2601,12304,CE1
577,BBA Management,LC0200A,CB2400,13315,CB3
577,BBA Management,LC0200A,CB2201,14828,C07
578,BBA Management,LC0200A,CB2601,10335,C02
578,BBA Management,LC0200A,CB2201,10340,C02
578,BBA Management,LC0200A,CB2400,10840,CB2
578,BBA Management,LC0200A,LC0200A,10864,T04
579,BBA Management,LC0200A,CB2400,10235,C02
579,BBA Management,LC0200A,CB2601,10335,C02
579,BBA Management,LC0200A,CB2201,10339,C01
579,BBA Management,LC0200A,LC0200A,10877,T08
580,BBA Management,LC0200A,CB2400,10235,C02
580,BBA Management,LC0200A,CB2601,10335,C02
580,BBA Management,LC0200A,CB2201,10339,C01
580,BBA Management,LC0200A,LC0200A,10877,T08
581,BBA Management,LC0200A,CB2601,10335,C02
581,BBA Management,LC0200A,CB2201,10340,C02
581,BBA Management,LC0200A,CB2400,10840,CB2
581,BBA Management,LC0200A,LC0200A,10864,T04
582,BBA Management,LC0200A,CB2400,10839,CB1
582,BBA Management,LC0200A,CB2601,12265,CC1
582,BBA Management,LC0200A,CB2201,13718,CM2
582,BBA Management,LC0200A,LC0200A,14950,T18
583,BBA Management,LC0200A,CB2400,10839,CB1
583,BBA Management,LC0200A,CB2601,12305,C01
583,BBA Management,LC0200A,CB2201,12852,CM1
583,BBA Management,LC0200A,LC0200A,14950,T18
584,BBA Management,LC0200A,CB2400,10839,CB1
584,BBA Management,LC0200A,CB2601,12265,CC1
584,BBA Management,LC0200A,CB2201,13718,CM2
584,BBA Management,LC0200A,LC0200A,14950,T18
585,BBA Management,LC0200A,LC0200A,10886,T17
585,BBA Management,LC0200A,CB2601,12304,CE1
585,BBA Management,LC0200A,CB2400,13315,CB3
585,BBA Management,LC0200A,CB2201,14828,C07
586,BBA Management,LC0200A,LC0200A,10885,T16
586,BBA Management,LC0200A,CB2601,12304,CE1
586,BBA Management,LC0200A,CB2400,13315,CB3
586,BBA Management,LC0200A,CB2201,14828,C07
587,BBA Management,LC0200A,LC0200A,10885,T16
587,BBA Management,LC0200A,CB2601,12304,CE1
587,BBA Management,LC0200A,CB2400,13315,CB3
587,BBA Management,LC0200A,CB2201,14828,C07
588,BBA Management,LC0200A,CB2400,10235,C02
588,BBA Management,LC0200A,CB2601,10335,C02
588,BBA Management,LC0200A,CB2201,10339,C01
588,BBA Management,LC0200A,LC0200A,10887,T19
589,BBA Management,LC0200A,LC0200A,10885,T16
589,BBA Management,LC0200A,CB2601,12304,CE1
589,BBA Management,LC0200A,CB2400,13315,CB3
589,BBA Management,LC0200A,CB2201,14828,C07
590,BBA Management,LC0200A,LC0200A,10886,T17
590,BBA Management,LC0200A,CB2601,12304,CE1
590,BBA Management,LC0200A,CB2400,13315,CB3
590,BBA Management,LC0200A,CB2201,14828,C07
591,BBA Management,LC0200A,CB2400,10839,CB1
591,BBA Management,LC0200A,LC0200A,11170,T32
591,BBA Management,LC0200A,CB2601,12304,CE1
591,BBA Management,LC0200A,CB2201,14828,C07
592,BBA Management,LC0200A,LC0200A,10886,T17
592,BBA Management,LC0200A,CB2601,12304,CE1
592,BBA Management,LC0200A,CB2400,13315,CB3
592,BBA Management,LC0200A,CB2201,14828,C07
593,BBA Management,LC0200A,CB2400,10839,CB1
593,BBA Management,LC0200A,CB2601,12305,C01
593,BBA Management,LC0200A,CB2201,12852,CM1
593,BBA Management,LC0200A,LC0200A,14952,T36
594,BBA Management,LC0200A,LC0200A,10886,T17
594,BBA Management,LC0200A,CB2601,12304,CE1
594,BBA Management,LC0200A,CB2400,13315,CB3
594,BBA Management,LC0200A,CB2201,14828,C07
595,BBA Management,LC0200A,LC0200A,10885,T16
595,BBA Management,LC0200A,CB2601,12304,CE1
595,BBA Management,LC0200A,CB2400,13315,CB3
595,BBA Management,LC0200A,CB2201,14828,C07
596,BBA Management,LC0200A,CB2400,10235,C02
596,BBA Management,LC0200A,LC0200A,10887,T19
596,BBA Management,LC0200A,CB2601,12304,CE1
596,BBA Management,LC0200A,CB2201,14827,C06
597,BBA Management,LC0200A,LC0200A,10886,T17
597,BBA Management,LC0200A,CB2601,12304,CE1
597,BBA Management,LC0200A,CB2400,13315,CB3
597,BBA Management,LC0200A,CB2201,14828,C07
598,BBA Management,LC0200A,CB2400,10840,CB2
598,BBA Management,LC0200A,LC0200A,10886,T17
598,BBA Management,LC0200A,CB2601,12304,CE1
598,BBA Management,LC0200A,CB2201,14828,C07
599,BBA Management,LC0200A,CB2400,10236,C03
599,BBA Management,LC0200A,CB2601,10335,C02
599,BBA Management,LC0200A,CB2201,10339,C01
599,BBA Management,LC0200A,LC0200A,11029,T30
600,BBA Management,LC0200A,LC0200A,10886,T17
600,BBA Management,LC0200A,CB2601,12304,CE1
600,BBA Management,LC0200A,CB2400,13315,CB3
600,BBA Management,LC0200A,CB2201,14828,C07
601,BBA Management,LC0200A,LC0200A,10886,T17
601,BBA Management,LC0200A,CB2601,12304,CE1
601,BBA Management,LC0200A,CB2400,13315,CB3
601,BBA Management,LC0200A,CB2201,14828,C07
602,BBA Management,LC0200A,CB2400,10404,CA2
602,BBA Management,LC0200A,LC0200A,11170,T32
602,BBA Management,LC0200A,CB2601,12304,CE1
602,BBA Management,LC0200A,CB2201,14828,C07
603,BBA Global Business,GE1401,CB2100,10190,C01
603,BBA Global Business,GE1401,CB2100,10552,T09
603,BBA Global Business,GE1401,GE1401,10726,T59
603,BBA Global Business,GE1401,CB2601,11195,C03
604,BBA Global Business,GE1401,CB2100,10551,C02
604,BBA Global Business,GE1401,GE1401,10716,T47
604,BBA Global Business,GE1401,CB2100,11278,T14
604,BBA Global Business,GE1401,CB2601,12306,CA4
605,BBA Global Business,GE1401,CB2100,10191,T04
605,BBA Global Business,GE1401,CB2100,10551,C02
605,BBA Global Business,GE1401,GE1401,10702,T27
605,BBA Global Business,GE1401,CB2601,12306,CA4
606,BBA Global Business,GE1401,CB2100,10190,C01
606,BBA Global Business,GE1401,CB2601,10335,C02
606,BBA Global Business,GE1401,CB2100,11276,T12
606,BBA Global Business,GE1401,GE1401,11505,T93
607,BBA Global Business,GE1401,CB2100,10190,C01
607,BBA Global Business,GE1401,CB2100,10552,T09
607,BBA Global Business,GE1401,CB2601,11195,C03
607,BBA Global Business,GE1401,GE1401,11506,T78
608,BBA Global Business,GE1401,CB2100,10551,C02
608,BBA Global Business,GE1401,GE1401,10702,T27
608,BBA Global Business,GE1401,CB2100,11278,T14
608,BBA Global Business,GE1401,CB2601,12306,CA4
609,BBA Global Business,GE1401,CB2100,10551,C02
609,BBA Global Business,GE1401,GE1401,10716,T47
609,BBA Global Business,GE1401,CB2100,11278,T14
609,BBA Global Business,GE1401,CB2601,12306,CA4
610,BBA Global Business,GE1401,CB2601,10334,C04
610,BBA Global Business,GE1401,CB2100,10441,T06
610,BBA Global Business,GE1401,CB2100,10551,C02
610,BBA Global Business,GE1401,GE1401,10716,T47
611,BBA Global Business,GE1401,CB2100,10191,T04
611,BBA Global Business,GE1401,CB2100,10551,C02
611,BBA Global Business,GE1401,GE1401,10702,T27
611,BBA Global Business,GE1401,CB2601,12306,CA4
612,BBA Global Business,GE1401,CB2100,10246,T03
612,BBA Global Business,GE1401,CB2100,10551,C02
612,BBA Global Business,GE1401,CB2601,12304,CE1
612,BBA Global Business,GE1401,GE1401,13571,T99
613,BBA Global Business,GE1401,CB2601,10334,C04
613,BBA Global Business,GE1401,CB2100,10441,T06
613,BBA Global Business,GE1401,CB2100,10551,C02
613,BBA Global Business,GE1401,GE1401,10716,T47
614,BBA Global Business,GE1401,CB2100,10441,T06
614,BBA Global Business,GE1401,CB2100,10551,C02
614,BBA Global Business,GE1401,GE1401,10716,T47
614,BBA Global Business,GE1401,CB2601,12306,CA4
615,BBA Global Business,GE1401,CB2601,10334,C04
615,BBA Global Business,GE1401,CB2100,10441,T06
615,BBA Global Business,GE1401,CB2100,10551,C02
615,BBA Global Business,GE1401,GE1401,10716,T47
616,BBA Global Business,GE1401,CB2100,10551,C02
616,BBA Global Business,GE1401,GE1401,10716,T47
616,BBA Global Business,GE1401,CB2100,11278,T14
616,BBA Global Business,GE1401,CB2601,12306,CA4
617,BBA Global Business,GE1401,CB2100,10191,T04
617,BBA Global Business,GE1401,CB2100,10551,C02
617,BBA Global Business,GE1401,GE1401,10702,T27
617,BBA Global Business,GE1401,CB2601,12306,CA4
618,BBA Global Business,GE1401,CB2601,10334,C04
618,BBA Global Business,GE1401,CB2100,10441,T06
618,BBA Global Business,GE1401,CB2100,10551,C02
618,BBA Global Business,GE1401,GE1401,10716,T47
619,BBA Global Business,GE1401,CB2601,10334,C04
619,BBA Global Business,GE1401,CB2100,10441,T06
619,BBA Global Business,GE1401,CB2100,10551,C02
619,BBA Global Business,GE1401,GE1401,10716,T47
620,BBA Global Business,GE1401,CB2100,10551,C02
620,BBA Global Business,GE1401,GE1401,10702,T27
620,BBA Global Business,GE1401,CB2100,11278,T14
620,BBA Global Business,GE1401,CB2601,12306,CA4
621,BBA Global Business,GE1401,CB2601,10334,C04
621,BBA Global Business,GE1401,CB2100,10441,T06
621,BBA Global Business,GE1401,CB2100,10551,C02
621,BBA Global Business,GE1401,GE1401,10716,T47
622,BBA Global Business,GE1401,CB2100,10551,C02
622,BBA Global Business,GE1401,CB2100,10554,T11
622,BBA Global Business,GE1401,GE1401,10724,T57
622,BBA Global Business,GE1401,CB2601,11195,C03
623,BBA Global Business,GE1401,CB2100,10551,C02
623,BBA Global Business,GE1401,GE1401,10716,T47
623,BBA Global Business,GE1401,CB2100,11278,T14
623,BBA Global Business,GE1401,CB2601,12306,CA4
624,BBA Global Business,GE1401,CB2100,10191,T04
624,BBA Global Business,GE1401,CB2100,10551,C02
624,BBA Global Business,GE1401,GE1401,10702,T27
624,BBA Global Business,GE1401,CB2601,12306,CA4
625,BBA Global Business,GE1401,CB2100,10551,C02
625,BBA Global Business,GE1401,GE1401,10716,T47
625,BBA Global Business,GE1401,CB2100,11278,T14
625,BBA Global Business,GE1401,CB2601,12306,CA4
626,BBA Global Business,GE1401,CB2100,10441,T06
626,BBA Global Business,GE1401,CB2100,10551,C02
626,BBA Global Business,GE1401,GE1401,10716,T47
626,BBA Global Business,GE1401,CB2601,12306,CA4
627,BBA Global Business,GE1401,CB2100,10191,T04
627,BBA Global Business,GE1401,CB2100,10551,C02
627,BBA Global Business,GE1401,GE1401,10702,T27
627,BBA Global Business,GE1401,CB2601,12306,CA4
628,BBA Global Business,GE1401,CB2100,10551,C02
628,BBA Global Business,GE1401,GE1401,10716,T47
628,BBA Global Business,GE1401,CB2100,11278,T14
628,BBA Global Business,GE1401,CB2601,12306,CA4
629,BBA Global Business,GE1401,CB2601,10334,C04
629,BBA Global Business,GE1401,CB2100,10441,T06
629,BBA Global Business,GE1401,CB2100,10551,C02
629,BBA Global Business,GE1401,GE1401,10716,T47
630,BBA Global Business,GE1401,CB2601,10334,C04
630,BBA Global Business,GE1401,CB2100,10441,T06
630,BBA Global Business,GE1401,CB2100,10551,C02
630,BBA Global Business,GE1401,GE1401,10716,T47
631,BBA Global Business,GE1401,CB2100,10551,C02
631,BBA Global Business,GE1401,CB2100,10552,T09
631,BBA Global Business,GE1401,CB2601,11195,C03
631,BBA Global Business,GE1401,GE1401,13571,T99
632,BBA Global Business,GE1401,CB2100,10551,C02
632,BBA Global Business,GE1401,GE1401,10702,T27
632,BBA Global Business,GE1401,CB2100,11278,T14
632,BBA Global Business,GE1401,CB2601,12306,CA4
633,BBA Global Business,GE1401,CB2100,10551,C02
633,BBA Global Business,GE1401,GE1401,10702,T27
633,BBA Global Business,GE1401,CB2100,11278,T14
633,BBA Global Business,GE1401,CB2601,12306,CA4
634,BBA Global Business,GE1401,CB2100,10551,C02
634,BBA Global Business,GE1401,GE1401,10702,T27
634,BBA Global Business,GE1401,CB2100,11278,T14
634,BBA Global Business,GE1401,CB2601,12306,CA4
635,BBA Global Business,GE1401,CB2100,10191,T04
635,BBA Global Business,GE1401,CB2100,10551,C02
635,BBA Global Business,GE1401,GE1401,10702,T27
635,BBA Global Business,GE1401,CB2601,12306,CA4
636,BBA Global Business,GE1401,CB2100,10551,C02
636,BBA Global Business,GE1401,GE1401,10702,T27
636,BBA Global Business,GE1401,CB2100,11278,T14
636,BBA Global Business,GE1401,CB2601,12306,CA4
637,BBA Global Business,GE1401,CB2100,10551,C02
637,BBA Global Business,GE1401,GE1401,10702,T27
637,BBA Global Business,GE1401,CB2100,11278,T14
637,BBA Global Business,GE1401,CB2601,12306,CA4
638,BBA Global Business,GE1401,CB2100,10190,C01
638,BBA Global Business,GE1401,CB2100,10552,T09
638,BBA Global Business,GE1401,CB2601,11195,C03
638,BBA Global Business,GE1401,GE1401,13572,TB1
639,BBA Global Business,GE1401,CB2100,10245,T02
639,BBA Global Business,GE1401,CB2100,10551,C02
639,BBA Global Business,GE1401,GE1401,10724,T57
639,BBA Global Business,GE1401,CB2601,11195,C03
640,BBA Global Business,GE1401,CB2601,10334,C04
640,BBA Global Business,GE1401,CB2100,10441,T06
640,BBA Global Business,GE1401,CB2100,10551,C02
640,BBA Global Business,GE1401,GE1401,10716,T47
641,BBA Global Business,GE1401,CB2601,10334,C04
641,BBA Global Business,GE1401,CB2100,10441,T06
641,BBA Global Business,GE1401,CB2100,10551,C02
641,BBA Global Business,GE1401,GE1401,10716,T47
642,BBA Global Business,LC0200A,CB2100,10190,C01
642,BBA Global Business,LC0200A,CB2100,10552,T09
642,BBA Global Business,LC0200A,LC0200A,11029,T30
642,BBA Global Business,LC0200A,CB2601,11195,C03
643,BBA Global Business,LC0200A,CB2100,10551,C02
643,BBA Global Business,LC0200A,LC0200A,10884,T15
643,BBA Global Business,LC0200A,CB2100,11278,T14
643,BBA Global Business,LC0200A,CB2601,12306,CA4
644,BBA Global Business,LC0200A,CB2100,10551,C02
644,BBA Global Business,LC0200A,LC0200A,10884,T15
644,BBA Global Business,LC0200A,CB2100,11278,T14
644,BBA Global Business,LC0200A,CB2601,12306,CA4
645,BBA Global Business,LC0200A,CB2100,10551,C02
645,BBA Global Business,LC0200A,LC0200A,10884,T15
645,BBA Global Business,LC0200A,CB2100,11278,T14
645,BBA Global Business,LC0200A,CB2601,12306,CA4
646,BBA Global Business,LC0200A,CB2100,10551,C02
646,BBA Global Business,LC0200A,CB2100,10552,T09
646,BBA Global Business,LC0200A,LC0200A,10897,T29
646,BBA Global Business,LC0200A,CB2601,11195,C03
647,BBA Global Business,LC0200A,CB2100,10457,CA2
647,BBA Global Business,LC0200A,CB2100,10459,TA4
647,BBA Global Business,LC0200A,LC0200A,10884,T15
647,BBA Global Business,LC0200A,CB2601,12306,CA4
648,BBA Global Business,LC0200A,CB2100,10457,CA2
648,BBA Global Business,LC0200A,LC0200A,11029,T30
648,BBA Global Business,LC0200A,CB2601,11195,C03
648,BBA Global Business,LC0200A,CB2100,12576,TA1
649,BBA Global Business,LC0200A,CB2601,10334,C04
649,BBA Global Business,LC0200A,CB2100,10441,T06
649,BBA Global Business,LC0200A,CB2100,10551,C02
649,BBA Global Business,LC0200A,LC0200A,10884,T15
650,BBA Global Business,LC0200A,CB2100,10551,C02
650,BBA Global Business,LC0200A,LC0200A,10884,T15
650,BBA Global Business,LC0200A,CB2100,11278,T14
650,BBA Global Business,LC0200A,CB2601,12306,CA4
651,BBA Global Business,LC0200A,CB2100,10551,C02
651,BBA Global Business,LC0200A,CB2100,10552,T09
651,BBA Global Business,LC0200A,LC0200A,10897,T29
651,BBA Global Business,LC0200A,CB2601,11195,C03
652,BBA Global Business,LC0200A,CB2601,10334,C04
652,BBA Global Business,LC0200A,CB2100,10441,T06
652,BBA Global Business,LC0200A,CB2100,10551,C02
652,BBA Global Business,LC0200A,LC0200A,10884,T15
653,BBA Global Business,LC0200A,CB2100,10246,T03
653,BBA Global Business,LC0200A,CB2100,10551,C02
653,BBA Global Business,LC0200A,LC0200A,10865,T05
653,BBA Global Business,LC0200A,CB2601,11195,C03
654,BBA Global Business,LC0200A,CB2601,10334,C04
654,BBA Global Business,LC0200A,CB2100,10441,T06
654,BBA Global Business,LC0200A,CB2100,10551,C02
654,BBA Global Business,LC0200A,LC0200A,10884,T15
655,BBA Global Business,LC0200A,CB2100,10551,C02
655,BBA Global Business,LC0200A,LC0200A,10884,T15
655,BBA Global Business,LC0200A,CB2100,11278,T14
655,BBA Global Business,LC0200A,CB2601,12306,CA4
656,BBA Global Business,LC0200A,CB2100,10246,T03
656,BBA Global Business,LC0200A,CB2100,10551,C02
656,BBA Global Business,LC0200A,LC0200A,10865,T05
656,BBA Global Business,LC0200A,CB2601,11195,C03
657,BBA Global Business,LC0200A,CB2100,10551,C02
657,BBA Global Business,LC0200A,LC0200A,10884,T15
657,BBA Global Business,LC0200A,CB2100,11278,T14
657,BBA Global Business,LC0200A,CB2601,12306,CA4
658,BBA Global Business,LC0200A,CB2100,10551,C02
658,BBA Global Business,LC0200A,LC0200A,10884,T15
658,BBA Global Business,LC0200A,CB2100,11278,T14
658,BBA Global Business,LC0200A,CB2601,12306,CA4
659,BBA Global Business,LC0200A,CB2100,10551,C02
659,BBA Global Business,LC0200A,LC0200A,10884,T15
659,BBA Global Business,LC0200A,CB2100,11278,T14
659,BBA Global Business,LC0200A,CB2601,12306,CA4
660,BBA Global Business Systems Management,GE1401,CB2500,10624,C01
660,BBA Global Business Systems Management,GE1401,GE1401,10717,T48
660,BBA Global Business Systems Management,GE1401,CB2300,12534,S03
660,BBA Global Business Systems Management,GE1401,CB2201,14828,C07
660,BBA Global Business Systems Management,GE1401,CB2500,15283,T02
661,BBA Global Business Systems Management,GE1401,CB2500,10624,C01
661,BBA Global Business Systems Management,GE1401,CB2300,12534,S03
661,BBA Global Business Systems Management,GE1401,GE1401,13573,TB2
661,BBA Global Business Systems Management,GE1401,CB2201,14828,C07
661,BBA Global Business Systems Management,GE1401,CB2500,15288,T07
662,BBA Global Business Systems Management,GE1401,CB2500,10624,C01
662,BBA Global Business Systems Management,GE1401,CB2201,10792,C04
662,BBA Global Business Systems Management,GE1401,GE1401,11506,T78
662,BBA Global Business Systems Management,GE1401,CB2300,12534,S03
662,BBA Global Business Systems Management,GE1401,CB2500,15285,T04
663,BBA Global Business Systems Management,GE1401,CB2500,10625,C02
663,BBA Global Business Systems Management,GE1401,CB2201,10792,C04
663,BBA Global Business Systems Management,GE1401,CB2300,12536,S05
663,BBA Global Business Systems Management,GE1401,GE1401,13571,T99
663,BBA Global Business Systems Management,GE1401,CB2500,15288,T07
664,BBA Global Business Systems Management,GE1401,CB2500,10624,C01
664,BBA Global Business Systems Management,GE1401,GE1401,10724,T57
664,BBA Global Business Systems Management,GE1401,CB2201,10792,C04
664,BBA Global Business Systems Management,GE1401,CB2300,12532,S02
664,BBA Global Business Systems Management,GE1401,CB2500,15285,T04
665,BBA Global Business Systems Management,GE1401,CB2500,10624,C01
665,BBA Global Business Systems Management,GE1401,GE1401,10697,T21
665,BBA Global Business Systems Management,GE1401,CB2201,10792,C04
665,BBA Global Business Systems Management,GE1401,CB2300,12534,S03
665,BBA Global Business Systems Management,GE1401,CB2500,15285,T04
666,BBA Global Business Systems Management,GE1401,CB2500,10624,C01
666,BBA Global Business Systems Management,GE1401,CB2201,10678,C05
666,BBA Global Business Systems Management,GE1401,CB2300,12534,S03
666,BBA Global Business Systems Management,GE1401,GE1401,13568,T96
666,BBA Global Business Systems Management,GE1401,CB2500,15285,T04
667,BBA Global Business Systems Management,GE1401,CB2500,10624,C01
667,BBA Global Business Systems Management,GE1401,GE1401,10720,T53
667,BBA Global Business Systems Management,GE1401,CB2300,12532,S02
667,BBA Global Business Systems Management,GE1401,CB2201,14828,C07
667,BBA Global Business Systems Management,GE1401,CB2500,15598,T08
668,BBA Global Business Systems Management,GE1401,CB2500,10624,C01
668,BBA Global Business Systems Management,GE1401,GE1401,10689,T12
668,BBA Global Business Systems Management,GE1401,CB2201,10792,C04
668,BBA Global Business Systems Management,GE1401,CB2300,14881,SC2
668,BBA Global Business Systems Management,GE1401,CB2500,15283,T02
669,BBA Global Business Systems Management,GE1401,CB2500,10624,C01
669,BBA Global Business Systems Management,GE1401,GE1401,12119,T18
669,BBA Global Business Systems Management,GE1401,CB2300,12534,S03
669,BBA Global Business Systems Management,GE1401,CB2201,12852,CM1
669,BBA Global Business Systems Management,GE1401,CB2500,15598,T08
670,BBA Global Business Systems Management,GE1401,CB2201,10341,C03
670,BBA Global Business Systems Management,GE1401,GE1401,11507,T80
670,BBA Global Business Systems Management,GE1401,CB2300,12532,S02
670,BBA Global Business Systems Management,GE1401,CB2500,13323,CA1
670,BBA Global Business Systems Management,GE1401,CB2500,15289,TA1
671,BBA Global Business Systems Management,GE1401,CB2500,10624,C01
671,BBA Global Business Systems Management,GE1401,GE1401,10705,T30
671,BBA Global Business Systems Management,GE1401,CB2300,12532,S02
671,BBA Global Business Systems Management,GE1401,CB2201,14828,C07
671,BBA Global Business Systems Management,GE1401,CB2500,15598,T08
672,BBA Global Business Systems Management,GE1401,CB2500,10624,C01
672,BBA Global Business Systems Management,GE1401,CB2201,10792,C04
672,BBA Global Business Systems Management,GE1401,GE1401,11506,T78
672,BBA Global Business Systems Management,GE1401,CB2300,12534,S03
672,BBA Global Business Systems Management,GE1401,CB2500,15285,T04
673,BBA Global Business Systems Management,GE1401,CB2500,10624,C01
673,BBA Global Business Systems Management,GE1401,GE1401,10705,T30
673,BBA Global Business Systems Management,GE1401,CB2300,12532,S02
673,BBA Global Business Systems Management,GE1401,CB2201,14828,C07
673,BBA Global Business Systems Management,GE1401,CB2500,15598,T08
674,BBA Global Business Systems Management,GE1401,CB2201,10678,C05
674,BBA Global Business Systems Management,GE1401,CB2300,12534,S03
674,BBA Global Business Systems Management,GE1401,GE1401,12734,T71
674,BBA Global Business Systems Management,GE1401,CB2500,13323,CA1
674,BBA Global Business Systems Management,GE1401,CB2500,15289,TA1
675,BBA Global Business Systems Management,GE1401,CB2201,10678,C05
675,BBA Global Business Systems Management,GE1401,CB2300,12534,S03
675,BBA Global Business Systems Management,GE1401,GE1401,12734,T71
675,BBA Global Business Systems Management,GE1401,CB2500,13323,CA1
675,BBA Global Business Systems Management,GE1401,CB2500,15289,TA1
676,BBA Global Business Systems Management,GE1401,CB2201,10678,C05
676,BBA Global Business Systems Management,GE1401,CB2300,12534,S03
676,BBA Global Business Systems Management,GE1401,GE1401,12734,T71
676,BBA Global Business Systems Management,GE1401,CB2500,13323,CA1
676,BBA Global Business Systems Management,GE1401,CB2500,15289,TA1
677,BBA Global Business Systems Management,GE1401,CB2201,10339,C01
677,BBA Global Business Systems Management,GE1401,CB2500,10625,C02
677,BBA Global Business Systems Management,GE1401,CB2300,12534,S03
677,BBA Global Business Systems Management,GE1401,GE1401,13573,TB2
677,BBA Global Business Systems Management,GE1401,CB2500,15288,T07
678,BBA Global Business Systems Management,GE1401,CB2500,10624,C01
678,BBA Global Business Systems Management,GE1401,GE1401,10697,T21
678,BBA Global Business Systems Management,GE1401,CB2201,10792,C04
678,BBA Global Business Systems Management,GE1401,CB2300,12534,S03
678,BBA Global Business Systems Management,GE1401,CB2500,15285,T04
679,BBA Global Business Systems Management,GE1401,CB2500,10624,C01
679,BBA Global Business Systems Management,GE1401,GE1401,12121,T33
679,BBA Global Business Systems Management,GE1401,CB2300,12588,SA2
679,BBA Global Business Systems Management,GE1401,CB2201,13198,CF1
679,BBA Global Business Systems Management,GE1401,CB2500,15598,T08
680,BBA Global Business Systems Management,GE1401,CB2500,10624,C01
680,BBA Global Business Systems Management,GE1401,GE1401,10717,T48
680,BBA Global Business Systems Management,GE1401,CB2300,12534,S03
680,BBA Global Business Systems Management,GE1401,CB2201,12852,CM1
680,BBA Global Business Systems Management,GE1401,CB2500,15598,T08
681,BBA Global Business Systems Management,GE1401,CB2500,10624,C01
681,BBA Global Business Systems Management,GE1401,CB2201,10678,C05
681,BBA Global Business Systems Management,GE1401,GE1401,10727,T60
681,BBA Global Business Systems Management,GE1401,CB2300,12534,S03
681,BBA Global Business Systems Management,GE1401,CB2500,15283,T02
682,BBA Global Business Systems Management,GE1401,CB2500,10625,C02
682,BBA Global Business Systems Management,GE1401,GE1401,10684,T07
682,BBA Global Business Systems Management,GE1401,CB2300,12533,S01
682,BBA Global Business Systems Management,GE1401,CB2201,14827,C06
682,BBA Global Business Systems Management,GE1401,CB2500,15288,T07
683,BBA Global Business Systems Management,GE1401,CB2500,10624,C01
683,BBA Global Business Systems Management,GE1401,GE1401,10717,T48
683,BBA Global Business Systems Management,GE1401,CB2300,12534,S03
683,BBA Global Business Systems Management,GE1401,CB2201,14828,C07
683,BBA Global Business Systems Management,GE1401,CB2500,15283,T02
684,BBA Global Business Systems Management,GE1401,CB2500,10624,C01
684,BBA Global Business Systems Management,GE1401,CB2201,10678,C05
684,BBA Global Business Systems Management,GE1401,GE1401,10723,T56
684,BBA Global Business Systems Management,GE1401,CB2300,12534,S03
684,BBA Global Business Systems Management,GE1401,CB2500,15283,T02
685,BBA Global Business Systems Management,GE1401,CB2201,10341,C03
685,BBA Global Business Systems Management,GE1401,GE1401,11491,T69
685,BBA Global Business Systems Management,GE1401,CB2300,12532,S02
685,BBA Global Business Systems Management,GE1401,CB2500,13323,CA1
685,BBA Global Business Systems Management,GE1401,CB2500,15289,TA1
686,BBA Global Business Systems Management,GE1401,CB2201,10339,C01
686,BBA Global Business Systems Management,GE1401,CB2500,10625,C02
686,BBA Global Business Systems Management,GE1401,CB2300,12534,S03
686,BBA Global Business Systems Management,GE1401,GE1401,13573,TB2
686,BBA Global Business Systems Management,GE1401,CB2500,15288,T07
687,BBA Global Business Systems Management,GE1401,CB2500,10624,C01
687,BBA Global Business Systems Management,GE1401,CB2201,10678,C05
687,BBA Global Business Systems Management,GE1401,CB2300,12534,S03
687,BBA Global Business Systems Management,GE1401,GE1401,13263,T92
687,BBA Global Business Systems Management,GE1401,CB2500,15282,T01
688,BBA Global Business Systems Management,GE1401,CB2201,10678,C05
688,BBA Global Business Systems Management,GE1401,GE1401,11491,T69
688,BBA Global Business Systems Management,GE1401,CB2300,12534,S03
688,BBA Global Business Systems Management,GE1401,CB2500,13323,CA1
688,BBA Global Business Systems Management,GE1401,CB2500,15289,TA1
689,BBA Global Business Systems Management,GE1401,CB2500,10624,C01
689,BBA Global Business Systems Management,GE1401,CB2201,10678,C05
689,BBA Global Business Systems Management,GE1401,CB2300,12534,S03
689,BBA Global Business Systems Management,GE1401,GE1401,13263,T92
689,BBA Global Business Systems Management,GE1401,CB2500,15282,T01
690,BBA Global Business Systems Management,GE1401,CB2201,10341,C03
690,BBA Global Business Systems Management,GE1401,GE1401,11491,T69
690,BBA Global Business Systems Management,GE1401,CB2300,12532,S02
690,BBA Global Business Systems Management,GE1401,CB2500,13323,CA1
690,BBA Global Business Systems Management,GE1401,CB2500,15289,TA1
691,BBA Global Business Systems Management,GE1401,CB2500,10624,C01
691,BBA Global Business Systems Management,GE1401,GE1401,10717,T48
691,BBA Global Business Systems Management,GE1401,CB2300,12534,S03
691,BBA Global Business Systems Management,GE1401,CB2201,14828,C07
691,BBA Global Business Systems Management,GE1401,CB2500,15283,T02
692,BBA Global Business Systems Management,GE1401,CB2500,10624,C01
692,BBA Global Business Systems Management,GE1401,GE1401,10689,T12
692,BBA Global Business Systems Management,GE1401,CB2201,10792,C04
692,BBA Global Business Systems Management,GE1401,CB2300,14881,SC2
692,BBA Global Business Systems Management,GE1401,CB2500,15283,T02
693,BBA Global Business Systems Management,GE1401,CB2500,10624,C01
693,BBA Global Business Systems Management,GE1401,CB2201,10678,C05
693,BBA Global Business Systems Management,GE1401,CB2300,12534,S03
693,BBA Global Business Systems Management,GE1401,GE1401,13568,T96
693,BBA Global Business Systems Management,GE1401,CB2500,15285,T04
694,BBA Global Business Systems Management,GE1401,CB2500,10625,C02
694,BBA Global Business Systems Management,GE1401,CB2201,10792,C04
694,BBA Global Business Systems Management,GE1401,CB2300,12536,S05
694,BBA Global Business Systems Management,GE1401,GE1401,13577,TB6
694,BBA Global Business Systems Management,GE1401,CB2500,15288,T07
695,BBA Global Business Systems Management,GE1401,CB2500,10625,C02
695,BBA Global Business Systems Management,GE1401,GE1401,10684,T07
695,BBA Global Business Systems Management,GE1401,CB2300,12533,S01
695,BBA Global Business Systems Management,GE1401,CB2201,14827,C06
695,BBA Global Business Systems Management,GE1401,CB2500,15288,T07
696,BBA Global Business Systems Management,GE1401,CB2500,10624,C01
696,BBA Global Business Systems Management,GE1401,CB2201,10678,C05
696,BBA Global Business Systems Management,GE1401,CB2300,12534,S03
696,BBA Global Business Systems Management,GE1401,GE1401,12735,T74
696,BBA Global Business Systems Management,GE1401,CB2500,15283,T02
697,BBA Global Business Systems Management,GE1401,CB2201,10341,C03
697,BBA Global Business Systems Management,GE1401,GE1401,11491,T69
697,BBA Global Business Systems Management,GE1401,CB2300,12532,S02
697,BBA Global Business Systems Management,GE1401,CB2500,13323,CA1
697,BBA Global Business Systems Management,GE1401,CB2500,15289,TA1
698,BBA Global Business Systems Management,GE1401,CB2500,10624,C01
698,BBA Global Business Systems Management,GE1401,GE1401,10705,T30
698,BBA Global Business Systems Management,GE1401,CB2300,12532,S02
698,BBA Global Business Systems Management,GE1401,CB2201,14828,C07
698,BBA Global Business Systems Management,GE1401,CB2500,15598,T08
699,BBA Global Business Systems Management,GE1401,CB2500,10624,C01
699,BBA Global Business Systems Management,GE1401,CB2201,10678,C05
699,BBA Global Business Systems Management,GE1401,GE1401,10714,T43
699,BBA Global Business Systems Management,GE1401,CB2300,12534,S03
699,BBA Global Business Systems Management,GE1401,CB2500,15282,T01
700,BBA Global Business Systems Management,GE1401,CB2500,10624,C01
700,BBA Global Business Systems Management,GE1401,CB2201,10792,C04
700,BBA Global Business Systems Management,GE1401,CB2300,12534,S03
700,BBA Global Business Systems Management,GE1401,CB2500,15283,T02
700,BBA Global Business Systems Management,GE1401,GE1401,15603,T73
701,BBA Global Business Systems Management,GE1401,CB2500,10625,C02
701,BBA Global Business Systems Management,GE1401,GE1401,10708,T34
701,BBA Global Business Systems Management,GE1401,CB2300,12536,S05
701,BBA Global Business Systems Management,GE1401,CB2201,14827,C06
701,BBA Global Business Systems Management,GE1401,CB2500,15282,T01
702,BBA Global Business Systems Management,GE1401,CB2500,10625,C02
702,BBA Global Business Systems Management,GE1401,GE1401,10730,T64
702,BBA Global Business Systems Management,GE1401,CB2300,12533,S01
702,BBA Global Business Systems Management,GE1401,CB2201,14827,C06
702,BBA Global Business Systems Management,GE1401,CB2500,15288,T07
703,BBA Global Business Systems Management,GE1401,CB2500,10624,C01
703,BBA Global Business Systems Management,GE1401,GE1401,10717,T48
703,BBA Global Business Systems Management,GE1401,CB2300,12534,S03
703,BBA Global Business Systems Management,GE1401,CB2201,12852,CM1
703,BBA Global Business Systems Management,GE1401,CB2500,15598,T08
704,BBA Global Business Systems Management,GE1401,CB2500,10624,C01
704,BBA Global Business Systems Management,GE1401,GE1401,12121,T33
704,BBA Global Business Systems Management,GE1401,CB2300,12588,SA2
704,BBA Global Business Systems Management,GE1401,CB2201,14828,C07
704,BBA Global Business Systems Management,GE1401,CB2500,15598,T08
705,BBA Global Business Systems Management,GE1401,CB2500,10625,C02
705,BBA Global Business Systems Management,GE1401,CB2201,10792,C04
705,BBA Global Business Systems Management,GE1401,GE1401,12399,T72
705,BBA Global Business Systems Management,GE1401,CB2300,12536,S05
705,BBA Global Business Systems Management,GE1401,CB2500,15288,T07
706,BBA Global Business Systems Management,GE1401,CB2500,10624,C01
706,BBA Global Business Systems Management,GE1401,GE1401,10717,T48
706,BBA Global Business Systems Management,GE1401,CB2300,12534,S03
706,BBA Global Business Systems Management,GE1401,CB2201,12852,CM1
706,BBA Global Business Systems Management,GE1401,CB2500,15598,T08
707,BBA Global Business Systems Management,GE1401,CB2500,10624,C01
707,BBA Global Business Systems Management,GE1401,CB2201,10792,C04
707,BBA Global Business Systems Management,GE1401,CB2300,12534,S03
707,BBA Global Business Systems Management,GE1401,GE1401,14941,TA3
707,BBA Global Business Systems Management,GE1401,CB2500,15285,T04
708,BBA Global Business Systems Management,GE1401,CB2201,10341,C03
708,BBA Global Business Systems Management,GE1401,GE1401,11507,T80
708,BBA Global Business Systems Management,GE1401,CB2300,12532,S02
708,BBA Global Business Systems Management,GE1401,CB2500,13323,CA1
708,BBA Global Business Systems Management,GE1401,CB2500,15289,TA1
709,BBA Global Business Systems Management,GE1401,CB2500,10625,C02
709,BBA Global Business Systems Management,GE1401,CB2201,10792,C04
709,BBA Global Business Systems Management,GE1401,CB2300,12536,S05
709,BBA Global Business Systems Management,GE1401,GE1401,13571,T99
709,BBA Global Business Systems Management,GE1401,CB2500,15288,T07
710,BBA Global Business Systems Management,GE1401,CB2500,10624,C01
710,BBA Global Business Systems Management,GE1401,CB2201,10678,C05
710,BBA Global Business Systems Management,GE1401,CB2300,12534,S03
710,BBA Global Business Systems Management,GE1401,GE1401,13263,T92
710,BBA Global Business Systems Management,GE1401,CB2500,15282,T01
711,BBA Global Business Systems Management,GE1401,CB2500,10624,C01
711,BBA Global Business Systems Management,GE1401,CB2201,10678,C05
711,BBA Global Business Systems Management,GE1401,GE1401,10723,T56
711,BBA Global Business Systems Management,GE1401,CB2300,13958,SB3
711,BBA Global Business Systems Management,GE1401,CB2500,15283,T02
712,BBA Global Business Systems Management,GE1401,CB2201,10339,C01
712,BBA Global Business Systems Management,GE1401,CB2500,10624,C01
712,BBA Global Business Systems Management,GE1401,CB2300,12534,S03
712,BBA Global Business Systems Management,GE1401,CB2500,15598,T08
712,BBA Global Business Systems Management,GE1401,GE1401,15603,T73
713,BBA Global Business Systems Management,GE1401,CB2500,10624,C01
713,BBA Global Business Systems Management,GE1401,GE1401,10717,T48
713,BBA Global Business Systems Management,GE1401,CB2300,12534,S03
713,BBA Global Business Systems Management,GE1401,CB2201,12852,CM1
713,BBA Global Business Systems Management,GE1401,CB2500,15598,T08
714,BBA Global Business Systems Management,GE1401,GE1401,10357,T01
714,BBA Global Business Systems Management,GE1401,CB2500,10624,C01
714,BBA Global Business Systems Management,GE1401,CB2201,14828,C07
714,BBA Global Business Systems Management,GE1401,CB2300,14881,SC2
714,BBA Global Business Systems Management,GE1401,CB2500,15283,T02
715,BBA Global Business Systems Management,GE1401,CB2500,10625,C02
715,BBA Global Business Systems Management,GE1401,GE1401,12119,T18
715,BBA Global Business Systems Management,GE1401,CB2300,12536,S05
715,BBA Global Business Systems Management,GE1401,CB2201,14827,C06
715,BBA Global Business Systems Management,GE1401,CB2500,15282,T01
716,BBA Global Business Systems Management,GE1401,CB2500,10624,C01
716,BBA Global Business Systems Management,GE1401,CB2201,10792,C04
716,BBA Global Business Systems Management,GE1401,CB2300,12534,S03
716,BBA Global Business Systems Management,GE1401,GE1401,14941,TA3
716,BBA Global Business Systems Management,GE1401,CB2500,15285,T04
717,BBA Global Business Systems Management,GE1401,GE1401,10357,T01
717,BBA Global Business Systems Management,GE1401,CB2500,10624,C01
717,BBA Global Business Systems Management,GE1401,CB2201,14828,C07
717,BBA Global Business Systems Management,GE1401,CB2300,14882,SC3
717,BBA Global Business Systems Management,GE1401,CB2500,15283,T02
718,BBA Global Business Systems Management,GE1401,CB2500,10624,C01
718,BBA Global Business Systems Management,GE1401,GE1401,12121,T33
718,BBA Global Business Systems Management,GE1401,CB2300,12588,SA2
718,BBA Global Business Systems Management,GE1401,CB2201,13198,CF1
718,BBA Global Business Systems Management,GE1401,CB2500,15598,T08
719,BBA Global Business Systems Management,LC0200A,CB2500,10624,C01
719,BBA Global Business Systems Management,LC0200A,CB2201,10678,C05
719,BBA Global Business Systems Management,LC0200A,LC0200A,10878,T09
719,BBA Global Business Systems Management,LC0200A,CB2300,12534,S03
719,BBA Global Business Systems Management,LC0200A,CB2500,15283,T02
720,BBA Global Business Systems Management,LC0200A,CB2201,10339,C01
720,BBA Global Business Systems Management,LC0200A,CB2500,10624,C01
720,BBA Global Business Systems Management,LC0200A,LC0200A,10887,T19
720,BBA Global Business Systems Management,LC0200A,CB2300,12534,S03
720,BBA Global Business Systems Management,LC0200A,CB2500,15598,T08
721,BBA Global Business Systems Management,LC0200A,CB2500,10624,C01
721,BBA Global Business Systems Management,LC0200A,LC0200A,10881,T12
721,BBA Global Business Systems Management,LC0200A,CB2300,12532,S02
721,BBA Global Business Systems Management,LC0200A,CB2201,14827,C06
721,BBA Global Business Systems Management,LC0200A,CB2500,15288,T07
722,BBA Global Business Systems Management,LC0200A,LC0200A,10890,T22
722,BBA Global Business Systems Management,LC0200A,CB2300,12532,S02
722,BBA Global Business Systems Management,LC0200A,CB2500,13323,CA1
722,BBA Global Business Systems Management,LC0200A,CB2201,14827,C06
722,BBA Global Business Systems Management,LC0200A,CB2500,15289,TA1
723,BBA Global Business Systems Management,LC0200A,CB2201,10341,C03
723,BBA Global Business Systems Management,LC0200A,CB2500,10624,C01
723,BBA Global Business Systems Management,LC0200A,LC0200A,10881,T12
723,BBA Global Business Systems Management,LC0200A,CB2300,12532,S02
723,BBA Global Business Systems Management,LC0200A,CB2500,15288,T07
724,BBA Global Business Systems Management,LC0200A,CB2500,10624,C01
724,BBA Global Business Systems Management,LC0200A,LC0200A,11976,T37
724,BBA Global Business Systems Management,LC0200A,CB2300,12534,S03
724,BBA Global Business Systems Management,LC0200A,CB2201,14828,C07
724,BBA Global Business Systems Management,LC0200A,CB2500,15288,T07
725,BBA Global Business Systems Management,LC0200A,CB2201,10341,C03
725,BBA Global Business Systems Management,LC0200A,CB2500,10625,C02
725,BBA Global Business Systems Management,LC0200A,LC0200A,10897,T29
725,BBA Global Business Systems Management,LC0200A,CB2300,12533,S01
725,BBA Global Business Systems Management,LC0200A,CB2500,15287,T06
726,BBA Global Business Systems Management,LC0200A,CB2201,10339,C01
726,BBA Global Business Systems Management,LC0200A,CB2500,10624,C01
726,BBA Global Business Systems Management,LC0200A,LC0200A,10887,T19
726,BBA Global Business Systems Management,LC0200A,CB2300,12534,S03
726,BBA Global Business Systems Management,LC0200A,CB2500,15598,T08
727,BBA Global Business Systems Management,LC0200A,LC0200A,10890,T22
727,BBA Global Business Systems Management,LC0200A,CB2300,12532,S02
727,BBA Global Business Systems Management,LC0200A,CB2500,13323,CA1
727,BBA Global Business Systems Management,LC0200A,CB2201,14827,C06
727,BBA Global Business Systems Management,LC0200A,CB2500,15289,TA1
728,BBA Global Business Systems Management,LC0200A,CB2500,10624,C01
728,BBA Global Business Systems Management,LC0200A,LC0200A,10881,T12
728,BBA Global Business Systems Management,LC0200A,CB2300,12534,S03
728,BBA Global Business Systems Management,LC0200A,CB2201,14828,C07
728,BBA Global Business Systems Management,LC0200A,CB2500,15598,T08
729,BBA Global Business Systems Management,LC0200A,LC0200A,10890,T22
729,BBA Global Business Systems Management,LC0200A,CB2300,12532,S02
729,BBA Global Business Systems Management,LC0200A,CB2500,13323,CA1
729,BBA Global Business Systems Management,LC0200A,CB2201,14827,C06
729,BBA Global Business Systems Management,LC0200A,CB2500,15289,TA1
730,BBA Global Business Systems Management,LC0200A,CB2500,10624,C01
730,BBA Global Business Systems Management,LC0200A,LC0200A,11976,T37
730,BBA Global Business Systems Management,LC0200A,CB2300,12534,S03
730,BBA Global Business Systems Management,LC0200A,CB2201,14828,C07
730,BBA Global Business Systems Management,LC0200A,CB2500,15288,T07
731,BBA Global Business Systems Management,LC0200A,CB2500,10624,C01
731,BBA Global Business Systems Management,LC0200A,LC0200A,10881,T12
731,BBA Global Business Systems Management,LC0200A,CB2300,12534,S03
731,BBA Global Business Systems Management,LC0200A,CB2201,14828,C07
731,BBA Global Business Systems Management,LC0200A,CB2500,15598,T08
732,BBA Global Business Systems Management,LC0200A,CB2500,10624,C01
732,BBA Global Business Systems Management,LC0200A,LC0200A,11976,T37
732,BBA Global Business Systems Management,LC0200A,CB2300,12534,S03
732,BBA Global Business Systems Management,LC0200A,CB2201,14828,C07
732,BBA Global Business Systems Management,LC0200A,CB2500,15288,T07
733,BBA Global Business Systems Management,LC0200A,CB2500,10624,C01
733,BBA Global Business Systems Management,LC0200A,LC0200A,11976,T37
733,BBA Global Business Systems Management,LC0200A,CB2300,12534,S03
733,BBA Global Business Systems Management,LC0200A,CB2201,14828,C07
733,BBA Global Business Systems Management,LC0200A,CB2500,15288,T07
734,BBA Global Business Systems Management,LC0200A,CB2500,10624,C01
734,BBA Global Business Systems Management,LC0200A,LC0200A,11976,T37
734,BBA Global Business Systems Management,LC0200A,CB2300,12534,S03
734,BBA Global Business Systems Management,LC0200A,CB2201,14828,C07
734,BBA Global Business Systems Management,LC0200A,CB2500,15288,T07
735,BBA Global Business Systems Management,LC0200A,LC0200A,10890,T22
735,BBA Global Business Systems Management,LC0200A,CB2300,12532,S02
735,BBA Global Business Systems Management,LC0200A,CB2500,13323,CA1
735,BBA Global Business Systems Management,LC0200A,CB2201,14827,C06
735,BBA Global Business Systems Management,LC0200A,CB2500,15289,TA1
736,BBA Global Business Systems Management,LC0200A,CB2500,10624,C01
736,BBA Global Business Systems Management,LC0200A,CB2201,10678,C05
736,BBA Global Business Systems Management,LC0200A,LC0200A,10878,T09
736,BBA Global Business Systems Management,LC0200A,CB2300,12534,S03
736,BBA Global Business Systems Management,LC0200A,CB2500,15283,T02
737,BBA Global Business Systems Management,LC0200A,CB2500,10624,C01
737,BBA Global Business Systems Management,LC0200A,LC0200A,11976,T37
737,BBA Global Business Systems Management,LC0200A,CB2300,12534,S03
737,BBA Global Business Systems Management,LC0200A,CB2201,14828,C07
737,BBA Global Business Systems Management,LC0200A,CB2500,15288,T07
738,BBA Global Business Systems Management,LC0200A,CB2500,10624,C01
738,BBA Global Business Systems Management,LC0200A,LC0200A,11976,T37
738,BBA Global Business Systems Management,LC0200A,CB2300,12534,S03
738,BBA Global Business Systems Management,LC0200A,CB2201,14828,C07
738,BBA Global Business Systems Management,LC0200A,CB2500,15288,T07
739,BBA Global Business Systems Management,LC0200A,CB2500,10624,C01
739,BBA Global Business Systems Management,LC0200A,LC0200A,10881,T12
739,BBA Global Business Systems Management,LC0200A,CB2300,12534,S03
739,BBA Global Business Systems Management,LC0200A,CB2201,14828,C07
739,BBA Global Business Systems Management,LC0200A,CB2500,15598,T08
740,BBA Global Business Systems Management,LC0200A,CB2201,10341,C03
740,BBA Global Business Systems Management,LC0200A,CB2500,10625,C02
740,BBA Global Business Systems Management,LC0200A,LC0200A,10897,T29
740,BBA Global Business Systems Management,LC0200A,CB2300,12533,S01
740,BBA Global Business Systems Management,LC0200A,CB2500,15287,T06
741,BBA Global Business Systems Management,LC0200A,CB2500,10624,C01
741,BBA Global Business Systems Management,LC0200A,CB2201,10792,C04
741,BBA Global Business Systems Management,LC0200A,CB2300,13958,SB3
741,BBA Global Business Systems Management,LC0200A,LC0200A,14950,T18
741,BBA Global Business Systems Management,LC0200A,CB2500,15283,T02
742,BBA Global Business Systems Management,LC0200A,CB2500,10624,C01
742,BBA Global Business Systems Management,LC0200A,LC0200A,11976,T37
742,BBA Global Business Systems Management,LC0200A,CB2300,12534,S03
742,BBA Global Business Systems Management,LC0200A,CB2201,14828,C07
742,BBA Global Business Systems Management,LC0200A,CB2500,15288,T07
743,BBA Global Business Systems Management,LC0200A,CB2500,10624,C01
743,BBA Global Business Systems Management,LC0200A,LC0200A,10881,T12
743,BBA Global Business Systems Management,LC0200A,CB2300,12532,S02
743,BBA Global Business Systems Management,LC0200A,CB2201,14827,C06
743,BBA Global Business Systems Management,LC0200A,CB2500,15288,T07
744,BBA Global Business Systems Management,LC0200A,CB2500,10624,C01
744,BBA Global Business Systems Management,LC0200A,CB2201,10792,C04
744,BBA Global Business Systems Management,LC0200A,CB2300,12534,S03
744,BBA Global Business Systems Management,LC0200A,LC0200A,14952,T36
744,BBA Global Business Systems Management,LC0200A,CB2500,15283,T02
745,BBA Global Business Systems Management,LC0200A,CB2201,10339,C01
745,BBA Global Business Systems Management,LC0200A,CB2500,10624,C01
745,BBA Global Business Systems Management,LC0200A,LC0200A,10887,T19
745,BBA Global Business Systems Management,LC0200A,CB2300,12534,S03
745,BBA Global Business Systems Management,LC0200A,CB2500,15598,T08
746,BBA Artificial Intelligence in Business,GE1401,CB2400,10403,CA1
746,BBA Artificial Intelligence in Business,GE1401,CB2500,10624,C01
746,BBA Artificial Intelligence in Business,GE1401,GE1401,10723,T56
746,BBA Artificial Intelligence in Business,GE1401,CB2201,10792,C04
746,BBA Artificial Intelligence in Business,GE1401,CB2500,15283,T02
747,BBA Artificial Intelligence in Business,GE1401,CB2500,10624,C01
747,BBA Artificial Intelligence in Business,GE1401,GE1401,10719,T52
747,BBA Artificial Intelligence in Business,GE1401,CB2400,13315,CB3
747,BBA Artificial Intelligence in Business,GE1401,CB2201,14828,C07
747,BBA Artificial Intelligence in Business,GE1401,CB2500,15288,T07
748,BBA Artificial Intelligence in Business,GE1401,CB2201,10341,C03
748,BBA Artificial Intelligence in Business,GE1401,CB2500,10624,C01
748,BBA Artificial Intelligence in Business,GE1401,GE1401,10681,T04
748,BBA Artificial Intelligence in Business,GE1401,CB2400,10839,CB1
748,BBA Artificial Intelligence in Business,GE1401,CB2500,15287,T06
749,BBA Artificial Intelligence in Business,GE1401,CB2400,10180,C01
749,BBA Artificial Intelligence in Business,GE1401,CB2500,10624,C01
749,BBA Artificial Intelligence in Business,GE1401,GE1401,11070,TA1
749,BBA Artificial Intelligence in Business,GE1401,CB2201,14827,C06
749,BBA Artificial Intelligence in Business,GE1401,CB2500,15283,T02
750,BBA Artificial Intelligence in Business,GE1401,CB2201,10339,C01
750,BBA Artificial Intelligence in Business,GE1401,CB2500,10625,C02
750,BBA Artificial Intelligence in Business,GE1401,CB2400,10840,CB2
750,BBA Artificial Intelligence in Business,GE1401,GE1401,12397,T51
750,BBA Artificial Intelligence in Business,GE1401,CB2500,15287,T06
751,BBA Artificial Intelligence in Business,GE1401,CB2400,10404,CA2
751,BBA Artificial Intelligence in Business,GE1401,CB2500,10624,C01
751,BBA Artificial Intelligence in Business,GE1401,GE1401,11496,T79
751,BBA Artificial Intelligence in Business,GE1401,CB2201,14828,C07
751,BBA Artificial Intelligence in Business,GE1401,CB2500,15288,T07
752,BBA Artificial Intelligence in Business,GE1401,CB2400,10180,C01
752,BBA Artificial Intelligence in Business,GE1401,CB2500,10624,C01
752,BBA Artificial Intelligence in Business,GE1401,GE1401,11070,TA1
752,BBA Artificial Intelligence in Business,GE1401,CB2201,14827,C06
752,BBA Artificial Intelligence in Business,GE1401,CB2500,15283,T02
753,BBA Artificial Intelligence in Business,GE1401,CB2400,10404,CA2
753,BBA Artificial Intelligence in Business,GE1401,CB2500,10624,C01
753,BBA Artificial Intelligence in Business,GE1401,GE1401,11496,T79
753,BBA Artificial Intelligence in Business,GE1401,CB2201,14828,C07
753,BBA Artificial Intelligence in Business,GE1401,CB2500,15288,T07
754,BBA Artificial Intelligence in Business,GE1401,CB2400,10404,CA2
754,BBA Artificial Intelligence in Business,GE1401,CB2500,10624,C01
754,BBA Artificial Intelligence in Business,GE1401,GE1401,11496,T79
754,BBA Artificial Intelligence in Business,GE1401,CB2201,14828,C07
754,BBA Artificial Intelligence in Business,GE1401,CB2500,15288,T07
755,BBA Artificial Intelligence in Business,GE1401,CB2400,10180,C01
755,BBA Artificial Intelligence in Business,GE1401,CB2500,10624,C01
755,BBA Artificial Intelligence in Business,GE1401,CB2201,10792,C04
755,BBA Artificial Intelligence in Business,GE1401,GE1401,12121,T33
755,BBA Artificial Intelligence in Business,GE1401,CB2500,15598,T08
756,BBA Artificial Intelligence in Business,GE1401,CB2400,10236,C03
756,BBA Artificial Intelligence in Business,GE1401,CB2201,10340,C02
756,BBA Artificial Intelligence in Business,GE1401,CB2500,10625,C02
756,BBA Artificial Intelligence in Business,GE1401,GE1401,11491,T69
756,BBA Artificial Intelligence in Business,GE1401,CB2500,15287,T06
757,BBA Artificial Intelligence in Business,GE1401,CB2201,10341,C03
757,BBA Artificial Intelligence in Business,GE1401,GE1401,10357,T01
757,BBA Artificial Intelligence in Business,GE1401,CB2500,10624,C01
757,BBA Artificial Intelligence in Business,GE1401,CB2400,13315,CB3
757,BBA Artificial Intelligence in Business,GE1401,CB2500,15283,T02
758,BBA Artificial Intelligence in Business,GE1401,CB2400,10235,C02
758,BBA Artificial Intelligence in Business,GE1401,CB2201,10341,C03
758,BBA Artificial Intelligence in Business,GE1401,CB2500,10624,C01
758,BBA Artificial Intelligence in Business,GE1401,CB2500,15287,T06
758,BBA Artificial Intelligence in Business,GE1401,GE1401,15602,T58
759,BBA Artificial Intelligence in Business,GE1401,CB2400,10180,C01
759,BBA Artificial Intelligence in Business,GE1401,CB2500,10624,C01
759,BBA Artificial Intelligence in Business,GE1401,GE1401,11070,TA1
759,BBA Artificial Intelligence in Business,GE1401,CB2201,14827,C06
759,BBA Artificial Intelligence in Business,GE1401,CB2500,15283,T02
760,BBA Artificial Intelligence in Business,GE1401,CB2400,10180,C01
760,BBA Artificial Intelligence in Business,GE1401,CB2500,10624,C01
760,BBA Artificial Intelligence in Business,GE1401,GE1401,11070,TA1
760,BBA Artificial Intelligence in Business,GE1401,CB2201,14827,C06
760,BBA Artificial Intelligence in Business,GE1401,CB2500,15283,T02
761,BBA Artificial Intelligence in Business,GE1401,CB2400,10236,C03
761,BBA Artificial Intelligence in Business,GE1401,CB2201,10340,C02
761,BBA Artificial Intelligence in Business,GE1401,CB2500,10625,C02
761,BBA Artificial Intelligence in Business,GE1401,GE1401,11507,T80
761,BBA Artificial Intelligence in Business,GE1401,CB2500,15285,T04
762,BBA Artificial Intelligence in Business,GE1401,CB2201,10341,C03
762,BBA Artificial Intelligence in Business,GE1401,CB2500,10624,C01
762,BBA Artificial Intelligence in Business,GE1401,CB2400,10839,CB1
762,BBA Artificial Intelligence in Business,GE1401,GE1401,15206,TC6
762,BBA Artificial Intelligence in Business,GE1401,CB2500,15287,T06
763,BBA Artificial Intelligence in Business,GE1401,CB2400,10180,C01
763,BBA Artificial Intelligence in Business,GE1401,CB2500,10624,C01
763,BBA Artificial Intelligence in Business,GE1401,CB2201,10792,C04
763,BBA Artificial Intelligence in Business,GE1401,GE1401,13570,T98
763,BBA Artificial Intelligence in Business,GE1401,CB2500,15598,T08
764,BBA Artificial Intelligence in Business,GE1401,CB2400,10235,C02
764,BBA Artificial Intelligence in Business,GE1401,CB2201,10341,C03
764,BBA Artificial Intelligence in Business,GE1401,CB2500,10624,C01
764,BBA Artificial Intelligence in Business,GE1401,CB2500,15285,T04
764,BBA Artificial Intelligence in Business,GE1401,GE1401,15602,T58
765,BBA Artificial Intelligence in Business,GE1401,CB2201,10339,C01
765,BBA Artificial Intelligence in Business,GE1401,CB2500,10625,C02
765,BBA Artificial Intelligence in Business,GE1401,CB2400,10840,CB2
765,BBA Artificial Intelligence in Business,GE1401,GE1401,12397,T51
765,BBA Artificial Intelligence in Business,GE1401,CB2500,15287,T06
766,BBA Artificial Intelligence in Business,GE1401,CB2500,10625,C02
766,BBA Artificial Intelligence in Business,GE1401,GE1401,10694,T17
766,BBA Artificial Intelligence in Business,GE1401,CB2400,10840,CB2
766,BBA Artificial Intelligence in Business,GE1401,CB2201,14826,CE1
766,BBA Artificial Intelligence in Business,GE1401,CB2500,15288,T07
767,BBA Artificial Intelligence in Business,GE1401,CB2201,10341,C03
767,BBA Artificial Intelligence in Business,GE1401,CB2400,10403,CA1
767,BBA Artificial Intelligence in Business,GE1401,CB2500,10624,C01
767,BBA Artificial Intelligence in Business,GE1401,GE1401,10727,T60
767,BBA Artificial Intelligence in Business,GE1401,CB2500,15283,T02
768,BBA Artificial Intelligence in Business,GE1401,CB2500,10625,C02
768,BBA Artificial Intelligence in Business,GE1401,GE1401,10690,T13
768,BBA Artificial Intelligence in Business,GE1401,CB2400,10840,CB2
768,BBA Artificial Intelligence in Business,GE1401,CB2201,14826,CE1
768,BBA Artificial Intelligence in Business,GE1401,CB2500,15288,T07
769,BBA Artificial Intelligence in Business,GE1401,CB2201,10678,C05
769,BBA Artificial Intelligence in Business,GE1401,GE1401,10728,T61
769,BBA Artificial Intelligence in Business,GE1401,CB2400,10840,CB2
769,BBA Artificial Intelligence in Business,GE1401,CB2500,13323,CA1
769,BBA Artificial Intelligence in Business,GE1401,CB2500,15289,TA1
770,BBA Artificial Intelligence in Business,GE1401,CB2400,10236,C03
770,BBA Artificial Intelligence in Business,GE1401,CB2201,10340,C02
770,BBA Artificial Intelligence in Business,GE1401,CB2500,10625,C02
770,BBA Artificial Intelligence in Business,GE1401,GE1401,11491,T69
770,BBA Artificial Intelligence in Business,GE1401,CB2500,15287,T06
771,BBA Artificial Intelligence in Business,GE1401,CB2201,10339,C01
771,BBA Artificial Intelligence in Business,GE1401,CB2500,10625,C02
771,BBA Artificial Intelligence in Business,GE1401,GE1401,10694,T17
771,BBA Artificial Intelligence in Business,GE1401,CB2400,10840,CB2
771,BBA Artificial Intelligence in Business,GE1401,CB2500,15288,T07
772,BBA Artificial Intelligence in Business,GE1401,CB2500,10624,C01
772,BBA Artificial Intelligence in Business,GE1401,CB2201,10678,C05
772,BBA Artificial Intelligence in Business,GE1401,GE1401,12119,T18
772,BBA Artificial Intelligence in Business,GE1401,CB2400,13315,CB3
772,BBA Artificial Intelligence in Business,GE1401,CB2500,15598,T08
773,BBA Artificial Intelligence in Business,GE1401,CB2400,10235,C02
773,BBA Artificial Intelligence in Business,GE1401,CB2201,10341,C03
773,BBA Artificial Intelligence in Business,GE1401,CB2500,10624,C01
773,BBA Artificial Intelligence in Business,GE1401,GE1401,15205,TC5
773,BBA Artificial Intelligence in Business,GE1401,CB2500,15287,T06
774,BBA Artificial Intelligence in Business,GE1401,CB2201,10341,C03
774,BBA Artificial Intelligence in Business,GE1401,CB2500,10624,C01
774,BBA Artificial Intelligence in Business,GE1401,GE1401,10681,T04
774,BBA Artificial Intelligence in Business,GE1401,CB2400,10839,CB1
774,BBA Artificial Intelligence in Business,GE1401,CB2500,15287,T06
775,BBA Artificial Intelligence in Business,GE1401,CB2500,10625,C02
775,BBA Artificial Intelligence in Business,GE1401,GE1401,10694,T17
775,BBA Artificial Intelligence in Business,GE1401,CB2400,10840,CB2
775,BBA Artificial Intelligence in Business,GE1401,CB2201,14826,CE1
775,BBA Artificial Intelligence in Business,GE1401,CB2500,15288,T07
776,BBA Artificial Intelligence in Business,GE1401,CB2201,10341,C03
776,BBA Artificial Intelligence in Business,GE1401,CB2500,10624,C01
776,BBA Artificial Intelligence in Business,GE1401,GE1401,10714,T43
776,BBA Artificial Intelligence in Business,GE1401,CB2400,10839,CB1
776,BBA Artificial Intelligence in Business,GE1401,CB2500,15285,T04
777,BBA Artificial Intelligence in Business,GE1401,CB2400,10236,C03
777,BBA Artificial Intelligence in Business,GE1401,CB2201,10340,C02
777,BBA Artificial Intelligence in Business,GE1401,CB2500,10625,C02
777,BBA Artificial Intelligence in Business,GE1401,GE1401,11507,T80
777,BBA Artificial Intelligence in Business,GE1401,CB2500,15285,T04
778,BBA Artificial Intelligence in Business,GE1401,CB2400,10235,C02
778,BBA Artificial Intelligence in Business,GE1401,CB2201,10341,C03
778,BBA Artificial Intelligence in Business,GE1401,CB2500,10624,C01
778,BBA Artificial Intelligence in Business,GE1401,CB2500,15287,T06
778,BBA Artificial Intelligence in Business,GE1401,GE1401,15602,T58
779,BBA Artificial Intelligence in Business,LC0200A,CB2400,10180,C01
779,BBA Artificial Intelligence in Business,LC0200A,CB2500,10624,C01
779,BBA Artificial Intelligence in Business,LC0200A,CB2201,10678,C05
779,BBA Artificial Intelligence in Business,LC0200A,LC0200A,10881,T12
779,BBA Artificial Intelligence in Business,LC0200A,CB2500,15598,T08
780,BBA Artificial Intelligence in Business,LC0200A,CB2201,10341,C03
780,BBA Artificial Intelligence in Business,LC0200A,CB2500,10624,C01
780,BBA Artificial Intelligence in Business,LC0200A,LC0200A,10863,T03
780,BBA Artificial Intelligence in Business,LC0200A,CB2400,13315,CB3
780,BBA Artificial Intelligence in Business,LC0200A,CB2500,15283,T02
781,BBA Artificial Intelligence in Business,LC0200A,CB2500,10625,C02
781,BBA Artificial Intelligence in Business,LC0200A,CB2400,10840,CB2
781,BBA Artificial Intelligence in Business,LC0200A,LC0200A,10881,T12
781,BBA Artificial Intelligence in Business,LC0200A,CB2201,14828,C07
781,BBA Artificial Intelligence in Business,LC0200A,CB2500,15286,T05
782,BBA Artificial Intelligence in Business,LC0200A,CB2201,10341,C03
782,BBA Artificial Intelligence in Business,LC0200A,CB2500,10624,C01
782,BBA Artificial Intelligence in Business,LC0200A,LC0200A,10863,T03
782,BBA Artificial Intelligence in Business,LC0200A,CB2400,13315,CB3
782,BBA Artificial Intelligence in Business,LC0200A,CB2500,15283,T02
783,BBA Artificial Intelligence in Business,LC0200A,CB2400,10180,C01
783,BBA Artificial Intelligence in Business,LC0200A,CB2500,10624,C01
783,BBA Artificial Intelligence in Business,LC0200A,CB2201,10678,C05
783,BBA Artificial Intelligence in Business,LC0200A,LC0200A,10877,T08
783,BBA Artificial Intelligence in Business,LC0200A,CB2500,15282,T01
784,BBA Artificial Intelligence in Business,LC0200A,CB2400,10235,C02
784,BBA Artificial Intelligence in Business,LC0200A,CB2201,10341,C03
784,BBA Artificial Intelligence in Business,LC0200A,CB2500,10624,C01
784,BBA Artificial Intelligence in Business,LC0200A,LC0200A,11975,T35
784,BBA Artificial Intelligence in Business,LC0200A,CB2500,15285,T04
785,BBA Artificial Intelligence in Business,LC0200A,CB2500,10624,C01
785,BBA Artificial Intelligence in Business,LC0200A,CB2201,10678,C05
785,BBA Artificial Intelligence in Business,LC0200A,CB2400,10840,CB2
785,BBA Artificial Intelligence in Business,LC0200A,LC0200A,10887,T19
785,BBA Artificial Intelligence in Business,LC0200A,CB2500,15287,T06
786,BBA Artificial Intelligence in Business,LC0200A,CB2400,10180,C01
786,BBA Artificial Intelligence in Business,LC0200A,CB2500,10624,C01
786,BBA Artificial Intelligence in Business,LC0200A,CB2201,10678,C05
786,BBA Artificial Intelligence in Business,LC0200A,LC0200A,10895,T27
786,BBA Artificial Intelligence in Business,LC0200A,CB2500,15598,T08
787,BBA Artificial Intelligence in Business,LC0200A,CB2400,10180,C01
787,BBA Artificial Intelligence in Business,LC0200A,CB2500,10624,C01
787,BBA Artificial Intelligence in Business,LC0200A,CB2201,10678,C05
787,BBA Artificial Intelligence in Business,LC0200A,LC0200A,10877,T08
787,BBA Artificial Intelligence in Business,LC0200A,CB2500,15282,T01
788,BBA Artificial Intelligence in Business,LC0200A,CB2201,10341,C03
788,BBA Artificial Intelligence in Business,LC0200A,CB2500,10624,C01
788,BBA Artificial Intelligence in Business,LC0200A,LC0200A,10863,T03
788,BBA Artificial Intelligence in Business,LC0200A,CB2400,13315,CB3
788,BBA Artificial Intelligence in Business,LC0200A,CB2500,15283,T02
789,BBA Artificial Intelligence in Business,LC0200A,CB2500,10624,C01
789,BBA Artificial Intelligence in Business,LC0200A,CB2400,10839,CB1
789,BBA Artificial Intelligence in Business,LC0200A,CB2201,14828,C07
789,BBA Artificial Intelligence in Business,LC0200A,LC0200A,14952,T36
789,BBA Artificial Intelligence in Business,LC0200A,CB2500,15283,T02
790,BBA Artificial Intelligence in Business,LC0200A,CB2500,10624,C01
790,BBA Artificial Intelligence in Business,LC0200A,CB2400,10840,CB2
790,BBA Artificial Intelligence in Business,LC0200A,LC0200A,10880,T11
790,BBA Artificial Intelligence in Business,LC0200A,CB2201,12852,CM1
790,BBA Artificial Intelligence in Business,LC0200A,CB2500,15287,T06
791,BBA Artificial Intelligence in Business,LC0200A,CB2500,10624,C01
791,BBA Artificial Intelligence in Business,LC0200A,CB2201,10792,C04
791,BBA Artificial Intelligence in Business,LC0200A,CB2400,10840,CB2
791,BBA Artificial Intelligence in Business,LC0200A,LC0200A,11170,T32
791,BBA Artificial Intelligence in Business,LC0200A,CB2500,15288,T07
792,BBA Artificial Intelligence in Business,LC0200A,CB2400,10180,C01
792,BBA Artificial Intelligence in Business,LC0200A,CB2500,10624,C01
792,BBA Artificial Intelligence in Business,LC0200A,CB2201,10678,C05
792,BBA Artificial Intelligence in Business,LC0200A,LC0200A,10877,T08
792,BBA Artificial Intelligence in Business,LC0200A,CB2500,15282,T01
793,BBA Artificial Intelligence in Business,LC0200A,CB2400,10235,C02
793,BBA Artificial Intelligence in Business,LC0200A,CB2201,10341,C03
793,BBA Artificial Intelligence in Business,LC0200A,CB2500,10624,C01
793,BBA Artificial Intelligence in Business,LC0200A,LC0200A,11975,T35
793,BBA Artificial Intelligence in Business,LC0200A,CB2500,15285,T04
794,BBA Business Decision Analytics,GE1401,CB2500,10625,C02
794,BBA Business Decision Analytics,GE1401,GE1401,10694,T17
794,BBA Business Decision Analytics,GE1401,CB2400,10840,CB2
794,BBA Business Decision Analytics,GE1401,CB2201,14826,CE1
794,BBA Business Decision Analytics,GE1401,CB2500,15288,T07
795,BBA Business Decision Analytics,GE1401,CB2400,10236,C03
795,BBA Business Decision Analytics,GE1401,CB2201,10340,C02
795,BBA Business Decision Analytics,GE1401,CB2500,10625,C02
795,BBA Business Decision Analytics,GE1401,GE1401,10728,T61
795,BBA Business Decision Analytics,GE1401,CB2500,15285,T04
796,BBA Business Decision Analytics,GE1401,CB2201,10341,C03
796,BBA Business Decision Analytics,GE1401,CB2500,10624,C01
796,BBA Business Decision Analytics,GE1401,CB2400,10839,CB1
796,BBA Business Decision Analytics,GE1401,GE1401,12119,T18
796,BBA Business Decision Analytics,GE1401,CB2500,15285,T04
797,BBA Business Decision Analytics,GE1401,CB2400,10235,C02
797,BBA Business Decision Analytics,GE1401,CB2201,10341,C03
797,BBA Business Decision Analytics,GE1401,CB2500,10624,C01
797,BBA Business Decision Analytics,GE1401,GE1401,15205,TC5
797,BBA Business Decision Analytics,GE1401,CB2500,15287,T06
798,BBA Business Decision Analytics,GE1401,CB2400,10235,C02
798,BBA Business Decision Analytics,GE1401,CB2201,10341,C03
798,BBA Business Decision Analytics,GE1401,CB2500,10624,C01
798,BBA Business Decision Analytics,GE1401,CB2500,15287,T06
798,BBA Business Decision Analytics,GE1401,GE1401,15602,T58
799,BBA Business Decision Analytics,GE1401,CB2400,10180,C01
799,BBA Business Decision Analytics,GE1401,CB2500,10624,C01
799,BBA Business Decision Analytics,GE1401,CB2201,10792,C04
799,BBA Business Decision Analytics,GE1401,GE1401,12121,T33
799,BBA Business Decision Analytics,GE1401,CB2500,15598,T08
800,BBA Business Decision Analytics,GE1401,CB2400,10235,C02
800,BBA Business Decision Analytics,GE1401,CB2201,10341,C03
800,BBA Business Decision Analytics,GE1401,CB2500,10624,C01
800,BBA Business Decision Analytics,GE1401,CB2500,15287,T06
800,BBA Business Decision Analytics,GE1401,GE1401,15602,T58
801,BBA Business Decision Analytics,GE1401,CB2201,10341,C03
801,BBA Business Decision Analytics,GE1401,CB2500,10624,C01
801,BBA Business Decision Analytics,GE1401,CB2400,10839,CB1
801,BBA Business Decision Analytics,GE1401,GE1401,12119,T18
801,BBA Business Decision Analytics,GE1401,CB2500,15285,T04
802,BBA Business Decision Analytics,GE1401,CB2201,10341,C03
802,BBA Business Decision Analytics,GE1401,CB2500,10624,C01
802,BBA Business Decision Analytics,GE1401,GE1401,10681,T04
802,BBA Business Decision Analytics,GE1401,CB2400,10839,CB1
802,BBA Business Decision Analytics,GE1401,CB2500,15287,T06
803,BBA Business Decision Analytics,GE1401,CB2400,10180,C01
803,BBA Business Decision Analytics,GE1401,CB2500,10624,C01
803,BBA Business Decision Analytics,GE1401,GE1401,11070,TA1
803,BBA Business Decision Analytics,GE1401,CB2201,14827,C06
803,BBA Business Decision Analytics,GE1401,CB2500,15283,T02
804,BBA Business Decision Analytics,GE1401,CB2400,10180,C01
804,BBA Business Decision Analytics,GE1401,CB2500,10624,C01
804,BBA Business Decision Analytics,GE1401,CB2201,10792,C04
804,BBA Business Decision Analytics,GE1401,GE1401,12121,T33
804,BBA Business Decision Analytics,GE1401,CB2500,15598,T08
805,BBA Business Decision Analytics,GE1401,CB2201,10339,C01
805,BBA Business Decision Analytics,GE1401,CB2500,10624,C01
805,BBA Business Decision Analytics,GE1401,GE1401,10714,T43
805,BBA Business Decision Analytics,GE1401,CB2400,10840,CB2
805,BBA Business Decision Analytics,GE1401,CB2500,15285,T04
806,BBA Business Decision Analytics,GE1401,CB2500,10624,C01
806,BBA Business Decision Analytics,GE1401,GE1401,10719,T52
806,BBA Business Decision Analytics,GE1401,CB2400,10839,CB1
806,BBA Business Decision Analytics,GE1401,CB2201,14828,C07
806,BBA Business Decision Analytics,GE1401,CB2500,15287,T06
807,BBA Business Decision Analytics,GE1401,CB2201,10341,C03
807,BBA Business Decision Analytics,GE1401,CB2500,10624,C01
807,BBA Business Decision Analytics,GE1401,GE1401,10681,T04
807,BBA Business Decision Analytics,GE1401,CB2400,10839,CB1
807,BBA Business Decision Analytics,GE1401,CB2500,15287,T06
808,BBA Business Decision Analytics,GE1401,CB2400,10235,C02
808,BBA Business Decision Analytics,GE1401,CB2201,10339,C01
808,BBA Business Decision Analytics,GE1401,CB2500,10625,C02
808,BBA Business Decision Analytics,GE1401,GE1401,12734,T71
808,BBA Business Decision Analytics,GE1401,CB2500,15287,T06
809,BBA Business Decision Analytics,GE1401,CB2400,10235,C02
809,BBA Business Decision Analytics,GE1401,CB2201,10341,C03
809,BBA Business Decision Analytics,GE1401,CB2500,10624,C01
809,BBA Business Decision Analytics,GE1401,CB2500,15285,T04
809,BBA Business Decision Analytics,GE1401,GE1401,15602,T58
810,BBA Business Decision Analytics,GE1401,CB2201,10341,C03
810,BBA Business Decision Analytics,GE1401,CB2400,10403,CA1
810,BBA Business Decision Analytics,GE1401,CB2500,10624,C01
810,BBA Business Decision Analytics,GE1401,GE1401,10727,T60
810,BBA Business Decision Analytics,GE1401,CB2500,15283,T02
811,BBA Business Decision Analytics,GE1401,CB2400,10180,C01
811,BBA Business Decision Analytics,GE1401,CB2500,10624,C01
811,BBA Business Decision Analytics,GE1401,GE1401,11070,TA1
811,BBA Business Decision Analytics,GE1401,CB2201,14827,C06
811,BBA Business Decision Analytics,GE1401,CB2500,15283,T02
812,BBA Business Decision Analytics,GE1401,CB2201,10341,C03
812,BBA Business Decision Analytics,GE1401,CB2500,10624,C01
812,BBA Business Decision Analytics,GE1401,CB2400,10839,CB1
812,BBA Business Decision Analytics,GE1401,GE1401,12119,T18
812,BBA Business Decision Analytics,GE1401,CB2500,15285,T04
813,BBA Business Decision Analytics,GE1401,CB2500,10624,C01
813,BBA Business Decision Analytics,GE1401,CB2201,10678,C05
813,BBA Business Decision Analytics,GE1401,GE1401,10714,T43
813,BBA Business Decision Analytics,GE1401,CB2400,13315,CB3
813,BBA Business Decision Analytics,GE1401,CB2500,15598,T08
814,BBA Business Decision Analytics,GE1401,CB2400,10235,C02
814,BBA Business Decision Analytics,GE1401,CB2201,10339,C01
814,BBA Business Decision Analytics,GE1401,CB2500,10624,C01
814,BBA Business Decision Analytics,GE1401,GE1401,12734,T71
814,BBA Business Decision Analytics,GE1401,CB2500,15287,T06
815,BBA Business Decision Analytics,GE1401,CB2201,10678,C05
815,BBA Business Decision Analytics,GE1401,CB2400,10840,CB2
815,BBA Business Decision Analytics,GE1401,GE1401,12397,T51
815,BBA Business Decision Analytics,GE1401,CB2500,13323,CA1
815,BBA Business Decision Analytics,GE1401,CB2500,15289,TA1
816,BBA Business Decision Analytics,GE1401,CB2201,10341,C03
816,BBA Business Decision Analytics,GE1401,CB2500,10624,C01
816,BBA Business Decision Analytics,GE1401,GE1401,10714,T43
816,BBA Business Decision Analytics,GE1401,CB2400,10839,CB1
816,BBA Business Decision Analytics,GE1401,CB2500,15285,T04
817,BBA Business Decision Analytics,GE1401,CB2400,10236,C03
817,BBA Business Decision Analytics,GE1401,CB2201,10340,C02
817,BBA Business Decision Analytics,GE1401,CB2500,10625,C02
817,BBA Business Decision Analytics,GE1401,GE1401,11491,T69
817,BBA Business Decision Analytics,GE1401,CB2500,15285,T04
818,BBA Business Decision Analytics,GE1401,CB2400,10236,C03
818,BBA Business Decision Analytics,GE1401,CB2201,10340,C02
818,BBA Business Decision Analytics,GE1401,CB2500,10625,C02
818,BBA Business Decision Analytics,GE1401,GE1401,11491,T69
818,BBA Business Decision Analytics,GE1401,CB2500,15287,T06
819,BBA Business Decision Analytics,GE1401,CB2400,10235,C02
819,BBA Business Decision Analytics,GE1401,CB2201,10341,C03
819,BBA Business Decision Analytics,GE1401,CB2500,10624,C01
819,BBA Business Decision Analytics,GE1401,GE1401,15205,TC5
819,BBA Business Decision Analytics,GE1401,CB2500,15287,T06
820,BBA Business Decision Analytics,GE1401,CB2400,10236,C03
820,BBA Business Decision Analytics,GE1401,CB2201,10340,C02
820,BBA Business Decision Analytics,GE1401,CB2500,10625,C02
820,BBA Business Decision Analytics,GE1401,GE1401,10728,T61
820,BBA Business Decision Analytics,GE1401,CB2500,15285,T04
821,BBA Business Decision Analytics,GE1401,CB2400,10235,C02
821,BBA Business Decision Analytics,GE1401,CB2201,10341,C03
821,BBA Business Decision Analytics,GE1401,CB2500,10624,C01
821,BBA Business Decision Analytics,GE1401,GE1401,10707,T32
821,BBA Business Decision Analytics,GE1401,CB2500,15288,T07
822,BBA Business Decision Analytics,GE1401,CB2400,10236,C03
822,BBA Business Decision Analytics,GE1401,CB2201,10340,C02
822,BBA Business Decision Analytics,GE1401,CB2500,10625,C02
822,BBA Business Decision Analytics,GE1401,GE1401,10728,T61
822,BBA Business Decision Analytics,GE1401,CB2500,15285,T04
823,BBA Business Decision Analytics,GE1401,CB2400,10180,C01
823,BBA Business Decision Analytics,GE1401,CB2500,10624,C01
823,BBA Business Decision Analytics,GE1401,CB2201,10792,C04
823,BBA Business Decision Analytics,GE1401,GE1401,13570,T98
823,BBA Business Decision Analytics,GE1401,CB2500,15598,T08
824,BBA Business Decision Analytics,GE1401,CB2400,10180,C01
824,BBA Business Decision Analytics,GE1401,CB2500,10624,C01
824,BBA Business Decision Analytics,GE1401,CB2201,10792,C04
824,BBA Business Decision Analytics,GE1401,GE1401,13570,T98
824,BBA Business Decision Analytics,GE1401,CB2500,15598,T08
825,BBA Business Decision Analytics,GE1401,CB2500,10624,C01
825,BBA Business Decision Analytics,GE1401,GE1401,10719,T52
825,BBA Business Decision Analytics,GE1401,CB2400,13315,CB3
825,BBA Business Decision Analytics,GE1401,CB2201,14828,C07
825,BBA Business Decision Analytics,GE1401,CB2500,15288,T07
826,BBA Business Decision Analytics,GE1401,CB2400,10180,C01
826,BBA Business Decision Analytics,GE1401,CB2500,10624,C01
826,BBA Business Decision Analytics,GE1401,CB2201,10792,C04
826,BBA Business Decision Analytics,GE1401,GE1401,13570,T98
826,BBA Business Decision Analytics,GE1401,CB2500,15598,T08
827,BBA Business Decision Analytics,GE1401,CB2201,10341,C03
827,BBA Business Decision Analytics,GE1401,CB2500,10624,C01
827,BBA Business Decision Analytics,GE1401,GE1401,10681,T04
827,BBA Business Decision Analytics,GE1401,CB2400,10839,CB1
827,BBA Business Decision Analytics,GE1401,CB2500,15287,T06
828,BBA Business Decision Analytics,GE1401,CB2201,10341,C03
828,BBA Business Decision Analytics,GE1401,CB2500,10624,C01
828,BBA Business Decision Analytics,GE1401,CB2400,10839,CB1
828,BBA Business Decision Analytics,GE1401,GE1401,12119,T18
828,BBA Business Decision Analytics,GE1401,CB2500,15287,T06
829,BBA Business Decision Analytics,GE1401,CB2400,10180,C01
829,BBA Business Decision Analytics,GE1401,CB2500,10624,C01
829,BBA Business Decision Analytics,GE1401,CB2201,10678,C05
829,BBA Business Decision Analytics,GE1401,GE1401,10719,T52
829,BBA Business Decision Analytics,GE1401,CB2500,15282,T01
830,BBA Business Decision Analytics,GE1401,CB2500,10624,C01
830,BBA Business Decision Analytics,GE1401,GE1401,10719,T52
830,BBA Business Decision Analytics,GE1401,CB2400,13315,CB3
830,BBA Business Decision Analytics,GE1401,CB2201,14828,C07
830,BBA Business Decision Analytics,GE1401,CB2500,15288,T07
831,BBA Business Decision Analytics,GE1401,CB2500,10624,C01
831,BBA Business Decision Analytics,GE1401,GE1401,10719,T52
831,BBA Business Decision Analytics,GE1401,CB2400,13315,CB3
831,BBA Business Decision Analytics,GE1401,CB2201,14828,C07
831,BBA Business Decision Analytics,GE1401,CB2500,15288,T07
832,BBA Business Decision Analytics,GE1401,CB2500,10624,C01
832,BBA Business Decision Analytics,GE1401,CB2201,10678,C05
832,BBA Business Decision Analytics,GE1401,CB2400,10839,CB1
832,BBA Business Decision Analytics,GE1401,GE1401,12121,T33
832,BBA Business Decision Analytics,GE1401,CB2500,15283,T02
833,BBA Business Decision Analytics,LC0200A,CB2500,10625,C02
833,BBA Business Decision Analytics,LC0200A,CB2400,10840,CB2
833,BBA Business Decision Analytics,LC0200A,LC0200A,10881,T12
833,BBA Business Decision Analytics,LC0200A,CB2201,14828,C07
833,BBA Business Decision Analytics,LC0200A,CB2500,15286,T05
834,BBA Business Decision Analytics,LC0200A,CB2400,10235,C02
834,BBA Business Decision Analytics,LC0200A,CB2201,10341,C03
834,BBA Business Decision Analytics,LC0200A,LC0200A,10890,T22
834,BBA Business Decision Analytics,LC0200A,CB2500,13323,CA1
834,BBA Business Decision Analytics,LC0200A,CB2500,15289,TA1
835,BBA Business Decision Analytics,LC0200A,CB2400,10235,C02
835,BBA Business Decision Analytics,LC0200A,CB2500,10624,C01
835,BBA Business Decision Analytics,LC0200A,CB2201,10678,C05
835,BBA Business Decision Analytics,LC0200A,LC0200A,10890,T22
835,BBA Business Decision Analytics,LC0200A,CB2500,15598,T08
836,BBA Business Decision Analytics,LC0200A,CB2400,10180,C01
836,BBA Business Decision Analytics,LC0200A,CB2500,10624,C01
836,BBA Business Decision Analytics,LC0200A,CB2201,10678,C05
836,BBA Business Decision Analytics,LC0200A,LC0200A,10895,T27
836,BBA Business Decision Analytics,LC0200A,CB2500,15598,T08
837,BBA Business Decision Analytics,LC0200A,CB2500,10624,C01
837,BBA Business Decision Analytics,LC0200A,CB2400,10839,CB1
837,BBA Business Decision Analytics,LC0200A,CB2201,14828,C07
837,BBA Business Decision Analytics,LC0200A,LC0200A,14950,T18
837,BBA Business Decision Analytics,LC0200A,CB2500,15283,T02
838,BBA Business Decision Analytics,LC0200A,CB2201,10339,C01
838,BBA Business Decision Analytics,LC0200A,CB2500,10624,C01
838,BBA Business Decision Analytics,LC0200A,CB2400,10840,CB2
838,BBA Business Decision Analytics,LC0200A,LC0200A,10890,T22
838,BBA Business Decision Analytics,LC0200A,CB2500,15285,T04
839,BBA Business Decision Analytics,LC0200A,CB2500,10625,C02
839,BBA Business Decision Analytics,LC0200A,LC0200A,10877,T08
839,BBA Business Decision Analytics,LC0200A,CB2201,13198,CF1
839,BBA Business Decision Analytics,LC0200A,CB2400,13315,CB3
839,BBA Business Decision Analytics,LC0200A,CB2500,15288,T07
840,BBA Business Decision Analytics,LC0200A,CB2500,10624,C01
840,BBA Business Decision Analytics,LC0200A,CB2400,10839,CB1
840,BBA Business Decision Analytics,LC0200A,CB2201,14828,C07
840,BBA Business Decision Analytics,LC0200A,LC0200A,14950,T18
840,BBA Business Decision Analytics,LC0200A,CB2500,15283,T02
841,BBA Business Decision Analytics,LC0200A,CB2400,10236,C03
841,BBA Business Decision Analytics,LC0200A,CB2201,10678,C05
841,BBA Business Decision Analytics,LC0200A,LC0200A,10897,T29
841,BBA Business Decision Analytics,LC0200A,CB2500,13323,CA1
841,BBA Business Decision Analytics,LC0200A,CB2500,15289,TA1
842,BBA Business Decision Analytics,LC0200A,CB2400,10236,C03
842,BBA Business Decision Analytics,LC0200A,CB2201,10678,C05
842,BBA Business Decision Analytics,LC0200A,LC0200A,10897,T29
842,BBA Business Decision Analytics,LC0200A,CB2500,13323,CA1
842,BBA Business Decision Analytics,LC0200A,CB2500,15289,TA1
843,BBA Business Decision Analytics,LC0200A,CB2400,10180,C01
843,BBA Business Decision Analytics,LC0200A,CB2201,10341,C03
843,BBA Business Decision Analytics,LC0200A,CB2500,10624,C01
843,BBA Business Decision Analytics,LC0200A,LC0200A,11170,T32
843,BBA Business Decision Analytics,LC0200A,CB2500,15287,T06
844,BBA Business Decision Analytics,LC0200A,CB2400,10235,C02
844,BBA Business Decision Analytics,LC0200A,CB2500,10624,C01
844,BBA Business Decision Analytics,LC0200A,CB2201,10678,C05
844,BBA Business Decision Analytics,LC0200A,LC0200A,10890,T22
844,BBA Business Decision Analytics,LC0200A,CB2500,15598,T08
845,BBA Business Decision Analytics,LC0200A,CB2500,10625,C02
845,BBA Business Decision Analytics,LC0200A,CB2201,10792,C04
845,BBA Business Decision Analytics,LC0200A,CB2400,10840,CB2
845,BBA Business Decision Analytics,LC0200A,LC0200A,10889,T21
845,BBA Business Decision Analytics,LC0200A,CB2500,15286,T05
846,BBA Business Decision Analytics,LC0200A,CB2400,10235,C02
846,BBA Business Decision Analytics,LC0200A,CB2201,10341,C03
846,BBA Business Decision Analytics,LC0200A,LC0200A,10890,T22
846,BBA Business Decision Analytics,LC0200A,CB2500,13323,CA1
846,BBA Business Decision Analytics,LC0200A,CB2500,15289,TA1
847,BBA Business Decision Analytics,LC0200A,CB2400,10180,C01
847,BBA Business Decision Analytics,LC0200A,CB2201,10341,C03
847,BBA Business Decision Analytics,LC0200A,CB2500,10624,C01
847,BBA Business Decision Analytics,LC0200A,LC0200A,11170,T32
847,BBA Business Decision Analytics,LC0200A,CB2500,15287,T06
848,BBA Business Decision Analytics,LC0200A,CB2500,10624,C01
848,BBA Business Decision Analytics,LC0200A,CB2400,10839,CB1
848,BBA Business Decision Analytics,LC0200A,LC0200A,10877,T08
848,BBA Business Decision Analytics,LC0200A,CB2201,14828,C07
848,BBA Business Decision Analytics,LC0200A,CB2500,15283,T02
849,BBA Business Decision Analytics,LC0200A,CB2500,10625,C02
849,BBA Business Decision Analytics,LC0200A,CB2400,10840,CB2
849,BBA Business Decision Analytics,LC0200A,LC0200A,10881,T12
849,BBA Business Decision Analytics,LC0200A,CB2201,14828,C07
849,BBA Business Decision Analytics,LC0200A,CB2500,15286,T05
850,BBA Business Decision Analytics,LC0200A,CB2201,10339,C01
850,BBA Business Decision Analytics,LC0200A,CB2400,10840,CB2
850,BBA Business Decision Analytics,LC0200A,LC0200A,10897,T29
850,BBA Business Decision Analytics,LC0200A,CB2500,13323,CA1
850,BBA Business Decision Analytics,LC0200A,CB2500,15289,TA1
851,BBA Global Operations Management,GE1401,CB2201,10678,C05
851,BBA Global Operations Management,GE1401,CB2400,10840,CB2
851,BBA Global Operations Management,GE1401,GE1401,12397,T51
851,BBA Global Operations Management,GE1401,CB2500,13323,CA1
851,BBA Global Operations Management,GE1401,CB2500,15289,TA1
852,BBA Global Operations Management,GE1401,CB2500,10624,C01
852,BBA Global Operations Management,GE1401,CB2201,10678,C05
852,BBA Global Operations Management,GE1401,CB2400,10839,CB1
852,BBA Global Operations Management,GE1401,GE1401,12121,T33
852,BBA Global Operations Management,GE1401,CB2500,15283,T02
853,BBA Global Operations Management,GE1401,CB2201,10339,C01
853,BBA Global Operations Management,GE1401,CB2500,10624,C01
853,BBA Global Operations Management,GE1401,GE1401,10714,T43
853,BBA Global Operations Management,GE1401,CB2400,10840,CB2
853,BBA Global Operations Management,GE1401,CB2500,15285,T04
854,BBA Global Operations Management,GE1401,CB2201,10341,C03
854,BBA Global Operations Management,GE1401,CB2500,10624,C01
854,BBA Global Operations Management,GE1401,CB2400,10839,CB1
854,BBA Global Operations Management,GE1401,GE1401,12119,T18
854,BBA Global Operations Management,GE1401,CB2500,15285,T04
855,BBA Global Operations Management,GE1401,CB2400,10235,C02
855,BBA Global Operations Management,GE1401,CB2201,10341,C03
855,BBA Global Operations Management,GE1401,CB2500,10624,C01
855,BBA Global Operations Management,GE1401,GE1401,10707,T32
855,BBA Global Operations Management,GE1401,CB2500,15288,T07
856,BBA Global Operations Management,GE1401,CB2400,10236,C03
856,BBA Global Operations Management,GE1401,CB2201,10340,C02
856,BBA Global Operations Management,GE1401,CB2500,10625,C02
856,BBA Global Operations Management,GE1401,GE1401,10728,T61
856,BBA Global Operations Management,GE1401,CB2500,15287,T06
857,BBA Global Operations Management,GE1401,CB2400,10180,C01
857,BBA Global Operations Management,GE1401,CB2500,10624,C01
857,BBA Global Operations Management,GE1401,CB2201,10678,C05
857,BBA Global Operations Management,GE1401,GE1401,10719,T52
857,BBA Global Operations Management,GE1401,CB2500,15282,T01
858,BBA Global Operations Management,GE1401,CB2201,10341,C03
858,BBA Global Operations Management,GE1401,CB2500,10624,C01
858,BBA Global Operations Management,GE1401,GE1401,10681,T04
858,BBA Global Operations Management,GE1401,CB2400,10839,CB1
858,BBA Global Operations Management,GE1401,CB2500,15287,T06
859,BBA Global Operations Management,GE1401,CB2400,10236,C03
859,BBA Global Operations Management,GE1401,CB2201,10678,C05
859,BBA Global Operations Management,GE1401,GE1401,11507,T80
859,BBA Global Operations Management,GE1401,CB2500,13323,CA1
859,BBA Global Operations Management,GE1401,CB2500,15289,TA1
860,BBA Global Operations Management,GE1401,CB2201,10341,C03
860,BBA Global Operations Management,GE1401,CB2400,10403,CA1
860,BBA Global Operations Management,GE1401,CB2500,10624,C01
860,BBA Global Operations Management,GE1401,GE1401,10727,T60
860,BBA Global Operations Management,GE1401,CB2500,15283,T02
861,BBA Global Operations Management,GE1401,CB2400,10180,C01
861,BBA Global Operations Management,GE1401,CB2500,10624,C01
861,BBA Global Operations Management,GE1401,CB2201,10792,C04
861,BBA Global Operations Management,GE1401,GE1401,13570,T98
861,BBA Global Operations Management,GE1401,CB2500,15598,T08
862,BBA Global Operations Management,GE1401,CB2500,10625,C02
862,BBA Global Operations Management,GE1401,GE1401,10694,T17
862,BBA Global Operations Management,GE1401,CB2400,10840,CB2
862,BBA Global Operations Management,GE1401,CB2201,14826,CE1
862,BBA Global Operations Management,GE1401,CB2500,15288,T07
863,BBA Global Operations Management,GE1401,CB2500,10624,C01
863,BBA Global Operations Management,GE1401,CB2201,10678,C05
863,BBA Global Operations Management,GE1401,CB2400,10839,CB1
863,BBA Global Operations Management,GE1401,GE1401,12121,T33
863,BBA Global Operations Management,GE1401,CB2500,15283,T02
864,BBA Global Operations Management,GE1401,CB2400,10180,C01
864,BBA Global Operations Management,GE1401,CB2500,10624,C01
864,BBA Global Operations Management,GE1401,CB2201,10792,C04
864,BBA Global Operations Management,GE1401,GE1401,13570,T98
864,BBA Global Operations Management,GE1401,CB2500,15598,T08
865,BBA Global Operations Management,GE1401,CB2500,10624,C01
865,BBA Global Operations Management,GE1401,GE1401,12396,T46
865,BBA Global Operations Management,GE1401,CB2400,13315,CB3
865,BBA Global Operations Management,GE1401,CB2201,14828,C07
865,BBA Global Operations Management,GE1401,CB2500,15288,T07
866,BBA Global Operations Management,GE1401,CB2201,10341,C03
866,BBA Global Operations Management,GE1401,CB2500,10624,C01
866,BBA Global Operations Management,GE1401,CB2400,10839,CB1
866,BBA Global Operations Management,GE1401,GE1401,12119,T18
866,BBA Global Operations Management,GE1401,CB2500,15285,T04
867,BBA Global Operations Management,GE1401,CB2201,10339,C01
867,BBA Global Operations Management,GE1401,CB2500,10625,C02
867,BBA Global Operations Management,GE1401,GE1401,10694,T17
867,BBA Global Operations Management,GE1401,CB2400,10840,CB2
867,BBA Global Operations Management,GE1401,CB2500,15288,T07
868,BBA Global Operations Management,GE1401,CB2400,10236,C03
868,BBA Global Operations Management,GE1401,CB2201,10340,C02
868,BBA Global Operations Management,GE1401,CB2500,10625,C02
868,BBA Global Operations Management,GE1401,GE1401,10728,T61
868,BBA Global Operations Management,GE1401,CB2500,15287,T06
869,BBA Global Operations Management,GE1401,CB2201,10341,C03
869,BBA Global Operations Management,GE1401,CB2500,10624,C01
869,BBA Global Operations Management,GE1401,GE1401,10681,T04
869,BBA Global Operations Management,GE1401,CB2400,10839,CB1
869,BBA Global Operations Management,GE1401,CB2500,15287,T06
870,BBA Global Operations Management,GE1401,CB2400,10235,C02
870,BBA Global Operations Management,GE1401,CB2201,10341,C03
870,BBA Global Operations Management,GE1401,CB2500,10624,C01
870,BBA Global Operations Management,GE1401,CB2500,15285,T04
870,BBA Global Operations Management,GE1401,GE1401,15602,T58
871,BBA Global Operations Management,GE1401,CB2400,10180,C01
871,BBA Global Operations Management,GE1401,CB2500,10624,C01
871,BBA Global Operations Management,GE1401,CB2201,10792,C04
871,BBA Global Operations Management,GE1401,GE1401,13570,T98
871,BBA Global Operations Management,GE1401,CB2500,15598,T08
872,BBA Global Operations Management,GE1401,CB2400,10236,C03
872,BBA Global Operations Management,GE1401,CB2201,10340,C02
872,BBA Global Operations Management,GE1401,CB2500,10625,C02
872,BBA Global Operations Management,GE1401,GE1401,10728,T61
872,BBA Global Operations Management,GE1401,CB2500,15285,T04
873,BBA Global Operations Management,GE1401,CB2201,10341,C03
873,BBA Global Operations Management,GE1401,GE1401,10357,T01
873,BBA Global Operations Management,GE1401,CB2500,10624,C01
873,BBA Global Operations Management,GE1401,CB2400,10839,CB1
873,BBA Global Operations Management,GE1401,CB2500,15283,T02
874,BBA Global Operations Management,GE1401,CB2500,10625,C02
874,BBA Global Operations Management,GE1401,GE1401,10694,T17
874,BBA Global Operations Management,GE1401,CB2400,10840,CB2
874,BBA Global Operations Management,GE1401,CB2201,14826,CE1
874,BBA Global Operations Management,GE1401,CB2500,15288,T07
875,BBA Global Operations Management,GE1401,CB2400,10180,C01
875,BBA Global Operations Management,GE1401,CB2500,10624,C01
875,BBA Global Operations Management,GE1401,CB2201,10792,C04
875,BBA Global Operations Management,GE1401,GE1401,13570,T98
875,BBA Global Operations Management,GE1401,CB2500,15598,T08
876,BBA Global Operations Management,GE1401,CB2400,10235,C02
876,BBA Global Operations Management,GE1401,CB2201,10341,C03
876,BBA Global Operations Management,GE1401,CB2500,10624,C01
876,BBA Global Operations Management,GE1401,CB2500,15285,T04
876,BBA Global Operations Management,GE1401,GE1401,15602,T58
877,BBA Global Operations Management,GE1401,CB2400,10235,C02
877,BBA Global Operations Management,GE1401,CB2201,10341,C03
877,BBA Global Operations Management,GE1401,CB2500,10624,C01
877,BBA Global Operations Management,GE1401,CB2500,15287,T06
877,BBA Global Operations Management,GE1401,GE1401,15602,T58
878,BBA Global Operations Management,GE1401,CB2400,10180,C01
878,BBA Global Operations Management,GE1401,CB2500,10625,C02
878,BBA Global Operations Management,GE1401,GE1401,10689,T12
878,BBA Global Operations Management,GE1401,CB2201,14826,CE1
878,BBA Global Operations Management,GE1401,CB2500,15287,T06
879,BBA Global Operations Management,GE1401,CB2201,10341,C03
879,BBA Global Operations Management,GE1401,CB2500,10624,C01
879,BBA Global Operations Management,GE1401,CB2400,10839,CB1
879,BBA Global Operations Management,GE1401,GE1401,12119,T18
879,BBA Global Operations Management,GE1401,CB2500,15285,T04
880,BBA Global Operations Management,GE1401,CB2400,10180,C01
880,BBA Global Operations Management,GE1401,CB2500,10624,C01
880,BBA Global Operations Management,GE1401,CB2201,10792,C04
880,BBA Global Operations Management,GE1401,GE1401,12121,T33
880,BBA Global Operations Management,GE1401,CB2500,15598,T08
881,BBA Global Operations Management,GE1401,CB2201,10678,C05
881,BBA Global Operations Management,GE1401,GE1401,10728,T61
881,BBA Global Operations Management,GE1401,CB2400,10840,CB2
881,BBA Global Operations Management,GE1401,CB2500,13323,CA1
881,BBA Global Operations Management,GE1401,CB2500,15289,TA1
882,BBA Global Operations Management,GE1401,CB2400,10403,CA1
882,BBA Global Operations Management,GE1401,CB2500,10624,C01
882,BBA Global Operations Management,GE1401,GE1401,10723,T56
882,BBA Global Operations Management,GE1401,CB2201,10792,C04
882,BBA Global Operations Management,GE1401,CB2500,15283,T02
883,BBA Global Operations Management,GE1401,CB2400,10180,C01
883,BBA Global Operations Management,GE1401,CB2500,10624,C01
883,BBA Global Operations Management,GE1401,GE1401,11070,TA1
883,BBA Global Operations Management,GE1401,CB2201,14827,C06
883,BBA Global Operations Management,GE1401,CB2500,15283,T02
884,BBA Global Operations Management,LC0200A,CB2400,10180,C01
884,BBA Global Operations Management,LC0200A,CB2500,10624,C01
884,BBA Global Operations Management,LC0200A,CB2201,10678,C05
884,BBA Global Operations Management,LC0200A,LC0200A,10895,T27
884,BBA Global Operations Management,LC0200A,CB2500,15598,T08
885,BBA Global Operations Management,LC0200A,CB2500,10625,C02
885,BBA Global Operations Management,LC0200A,CB2201,10792,C04
885,BBA Global Operations Management,LC0200A,CB2400,10840,CB2
885,BBA Global Operations Management,LC0200A,LC0200A,10889,T21
885,BBA Global Operations Management,LC0200A,CB2500,15286,T05
886,BBA Global Operations Management,LC0200A,CB2500,10624,C01
886,BBA Global Operations Management,LC0200A,CB2201,10678,C05
886,BBA Global Operations Management,LC0200A,CB2400,10839,CB1
886,BBA Global Operations Management,LC0200A,LC0200A,10877,T08
886,BBA Global Operations Management,LC0200A,CB2500,15288,T07
887,BBA Global Operations Management,LC0200A,CB2400,10236,C03
887,BBA Global Operations Management,LC0200A,CB2201,10339,C01
887,BBA Global Operations Management,LC0200A,LC0200A,10897,T29
887,BBA Global Operations Management,LC0200A,CB2500,13323,CA1
887,BBA Global Operations Management,LC0200A,CB2500,15289,TA1
888,BBA Global Operations Management,LC0200A,CB2500,10624,C01
888,BBA Global Operations Management,LC0200A,CB2400,10839,CB1
888,BBA Global Operations Management,LC0200A,CB2201,14828,C07
888,BBA Global Operations Management,LC0200A,LC0200A,14950,T18
888,BBA Global Operations Management,LC0200A,CB2500,15283,T02
889,BBA Global Operations Management,LC0200A,CB2500,10624,C01
889,BBA Global Operations Management,LC0200A,CB2201,10678,C05
889,BBA Global Operations Management,LC0200A,CB2400,10839,CB1
889,BBA Global Operations Management,LC0200A,LC0200A,10877,T08
889,BBA Global Operations Management,LC0200A,CB2500,15288,T07
890,BBA Global Operations Management,LC0200A,CB2400,10180,C01
890,BBA Global Operations Management,LC0200A,CB2201,10341,C03
890,BBA Global Operations Management,LC0200A,CB2500,10625,C02
890,BBA Global Operations Management,LC0200A,LC0200A,10881,T12
890,BBA Global Operations Management,LC0200A,CB2500,15286,T05
891,BBA Global Operations Management,LC0200A,CB2400,10236,C03
891,BBA Global Operations Management,LC0200A,CB2201,10678,C05
891,BBA Global Operations Management,LC0200A,LC0200A,10897,T29
891,BBA Global Operations Management,LC0200A,CB2500,13323,CA1
891,BBA Global Operations Management,LC0200A,CB2500,15289,TA1
892,BBA Global Operations Management,LC0200A,CB2500,10624,C01
892,BBA Global Operations Management,LC0200A,CB2400,10839,CB1
892,BBA Global Operations Management,LC0200A,CB2201,14828,C07
892,BBA Global Operations Management,LC0200A,LC0200A,14950,T18
892,BBA Global Operations Management,LC0200A,CB2500,15283,T02
893,BBA Global Operations Management,LC0200A,CB2500,10624,C01
893,BBA Global Operations Management,LC0200A,CB2400,10839,CB1
893,BBA Global Operations Management,LC0200A,CB2201,14828,C07
893,BBA Global Operations Management,LC0200A,LC0200A,14950,T18
893,BBA Global Operations Management,LC0200A,CB2500,15283,T02
894,BBA Global Operations Management,LC0200A,CB2400,10180,C01
894,BBA Global Operations Management,LC0200A,CB2500,10624,C01
894,BBA Global Operations Management,LC0200A,CB2201,10792,C04
894,BBA Global Operations Management,LC0200A,LC0200A,10885,T16
894,BBA Global Operations Management,LC0200A,CB2500,15283,T02
895,BBA Global Operations Management,LC0200A,CB2500,10625,C02
895,BBA Global Operations Management,LC0200A,LC0200A,10877,T08
895,BBA Global Operations Management,LC0200A,CB2201,13198,CF1
895,BBA Global Operations Management,LC0200A,CB2400,13315,CB3
895,BBA Global Operations Management,LC0200A,CB2500,15288,T07
896,BBA Global Operations Management,LC0200A,CB2400,10236,C03
896,BBA Global Operations Management,LC0200A,CB2201,10339,C01
896,BBA Global Operations Management,LC0200A,LC0200A,10897,T29
896,BBA Global Operations Management,LC0200A,CB2500,13323,CA1
896,BBA Global Operations Management,LC0200A,CB2500,15289,TA1
897,BBA Global Operations Management,LC0200A,CB2500,10624,C01
897,BBA Global Operations Management,LC0200A,CB2400,10839,CB1
897,BBA Global Operations Management,LC0200A,LC0200A,10877,T08
897,BBA Global Operations Management,LC0200A,CB2201,14828,C07
897,BBA Global Operations Management,LC0200A,CB2500,15283,T02
898,BBA Global Operations Management,LC0200A,CB2400,10235,C02
898,BBA Global Operations Management,LC0200A,CB2201,10341,C03
898,BBA Global Operations Management,LC0200A,LC0200A,10890,T22
898,BBA Global Operations Management,LC0200A,CB2500,13323,CA1
898,BBA Global Operations Management,LC0200A,CB2500,15289,TA1
899,BSc Computational Finance and Financial Technology,GE1401,CS1102,10778,LB7
899,BSc Computational Finance and Financial Technology,GE1401,GE1401,11494,T76
899,BSc Computational Finance and Financial Technology,GE1401,CS1102,11712,CB2
899,BSc Computational Finance and Financial Technology,GE1401,MA1300,11762,CB1
899,BSc Computational Finance and Financial Technology,GE1401,MA1300,11767,TB3
899,BSc Computational Finance and Financial Technology,GE1401,CB2400,13315,CB3
900,BSc Computational Finance and Financial Technology,GE1401,GE1401,10706,T31
900,BSc Computational Finance and Financial Technology,GE1401,CS1102,11710,C02
900,BSc Computational Finance and Financial Technology,GE1401,CS1102,11716,L07
900,BSc Computational Finance and Financial Technology,GE1401,MA1300,11762,CB1
900,BSc Computational Finance and Financial Technology,GE1401,MA1300,11767,TB3
900,BSc Computational Finance and Financial Technology,GE1401,CB2400,13315,CB3
901,BSc Computational Finance and Financial Technology,GE1401,GE1401,10684,T07
901,BSc Computational Finance and Financial Technology,GE1401,CB2400,10840,CB2
901,BSc Computational Finance and Financial Technology,GE1401,CS1102,11710,C02
901,BSc Computational Finance and Financial Technology,GE1401,CS1102,11713,L04
901,BSc Computational Finance and Financial Technology,GE1401,MA1300,11762,CB1
901,BSc Computational Finance and Financial Technology,GE1401,MA1300,11767,TB3
902,BSc Computational Finance and Financial Technology,GE1401,GE1401,10706,T31
902,BSc Computational Finance and Financial Technology,GE1401,CB2400,10839,CB1
902,BSc Computational Finance and Financial Technology,GE1401,CS1102,11710,C02
902,BSc Computational Finance and Financial Technology,GE1401,CS1102,11716,L07
902,BSc Computational Finance and Financial Technology,GE1401,MA1300,11762,CB1
902,BSc Computational Finance and Financial Technology,GE1401,MA1300,11767,TB3
903,BSc Computational Finance and Financial Technology,GE1401,CS1102,11712,CB2
903,BSc Computational Finance and Financial Technology,GE1401,MA1300,11762,CB1
903,BSc Computational Finance and Financial Technology,GE1401,MA1300,11766,TB2
903,BSc Computational Finance and Financial Technology,GE1401,CS1102,12394,LB3
903,BSc Computational Finance and Financial Technology,GE1401,CB2400,12538,C04
903,BSc Computational Finance and Financial Technology,GE1401,GE1401,14270,TB7
904,BSc Computational Finance and Financial Technology,GE1401,CS1102,10778,LB7
904,BSc Computational Finance and Financial Technology,GE1401,GE1401,11494,T76
904,BSc Computational Finance and Financial Technology,GE1401,CS1102,11712,CB2
904,BSc Computational Finance and Financial Technology,GE1401,MA1300,11762,CB1
904,BSc Computational Finance and Financial Technology,GE1401,MA1300,11767,TB3
904,BSc Computational Finance and Financial Technology,GE1401,CB2400,13315,CB3
905,BSc Computational Finance and Financial Technology,GE1401,GE1401,10727,T60
905,BSc Computational Finance and Financial Technology,GE1401,CS1102,10778,LB7
905,BSc Computational Finance and Financial Technology,GE1401,CS1102,11712,CB2
905,BSc Computational Finance and Financial Technology,GE1401,MA1300,11762,CB1
905,BSc Computational Finance and Financial Technology,GE1401,MA1300,11767,TB3
905,BSc Computational Finance and Financial Technology,GE1401,CB2400,13315,CB3
906,BSc Computational Finance and Financial Technology,GE1401,CS1102,10778,LB7
906,BSc Computational Finance and Financial Technology,GE1401,CS1102,11712,CB2
906,BSc Computational Finance and Financial Technology,GE1401,MA1300,11762,CB1
906,BSc Computational Finance and Financial Technology,GE1401,MA1300,11767,TB3
906,BSc Computational Finance and Financial Technology,GE1401,CB2400,13315,CB3
906,BSc Computational Finance and Financial Technology,GE1401,GE1401,15601,T28
907,BSc Computational Finance and Financial Technology,GE1401,CB2400,10235,C02
907,BSc Computational Finance and Financial Technology,GE1401,GE1401,10706,T31
907,BSc Computational Finance and Financial Technology,GE1401,CS1102,11710,C02
907,BSc Computational Finance and Financial Technology,GE1401,CS1102,11716,L07
907,BSc Computational Finance and Financial Technology,GE1401,MA1300,11762,CB1
907,BSc Computational Finance and Financial Technology,GE1401,MA1300,11767,TB3
908,BSc Computational Finance and Financial Technology,GE1401,CB2400,10236,C03
908,BSc Computational Finance and Financial Technology,GE1401,MA1300,11762,CB1
908,BSc Computational Finance and Financial Technology,GE1401,MA1300,11766,TB2
908,BSc Computational Finance and Financial Technology,GE1401,GE1401,12127,T84
908,BSc Computational Finance and Financial Technology,GE1401,CS1102,13144,CC2
908,BSc Computational Finance and Financial Technology,GE1401,CS1102,14989,LC3
909,BSc Computational Finance and Financial Technology,GE1401,CB2400,10235,C02
909,BSc Computational Finance and Financial Technology,GE1401,CS1102,11710,C02
909,BSc Computational Finance and Financial Technology,GE1401,CS1102,11713,L04
909,BSc Computational Finance and Financial Technology,GE1401,MA1300,11762,CB1
909,BSc Computational Finance and Financial Technology,GE1401,MA1300,11765,TB1
909,BSc Computational Finance and Financial Technology,GE1401,GE1401,13577,TB6
910,BSc Computational Finance and Financial Technology,GE1401,CB2400,10840,CB2
910,BSc Computational Finance and Financial Technology,GE1401,GE1401,11505,T93
910,BSc Computational Finance and Financial Technology,GE1401,CS1102,11710,C02
910,BSc Computational Finance and Financial Technology,GE1401,CS1102,11713,L04
910,BSc Computational Finance and Financial Technology,GE1401,MA1300,11762,CB1
910,BSc Computational Finance and Financial Technology,GE1401,MA1300,11767,TB3
911,BSc Computational Finance and Financial Technology,GE1401,CS1102,10778,LB7
911,BSc Computational Finance and Financial Technology,GE1401,CS1102,11712,CB2
911,BSc Computational Finance and Financial Technology,GE1401,MA1300,11762,CB1
911,BSc Computational Finance and Financial Technology,GE1401,MA1300,11767,TB3
911,BSc Computational Finance and Financial Technology,GE1401,CB2400,13315,CB3
911,BSc Computational Finance and Financial Technology,GE1401,GE1401,15601,T28
912,BSc Computational Finance and Financial Technology,GE1401,GE1401,10706,T31
912,BSc Computational Finance and Financial Technology,GE1401,CS1102,11710,C02
912,BSc Computational Finance and Financial Technology,GE1401,CS1102,11716,L07
912,BSc Computational Finance and Financial Technology,GE1401,MA1300,11762,CB1
912,BSc Computational Finance and Financial Technology,GE1401,MA1300,11767,TB3
912,BSc Computational Finance and Financial Technology,GE1401,CB2400,13315,CB3
913,BSc Computational Finance and Financial Technology,GE1401,CB2400,10235,C02
913,BSc Computational Finance and Financial Technology,GE1401,GE1401,10706,T31
913,BSc Computational Finance and Financial Technology,GE1401,CS1102,11710,C02
913,BSc Computational Finance and Financial Technology,GE1401,CS1102,11716,L07
913,BSc Computational Finance and Financial Technology,GE1401,MA1300,11762,CB1
913,BSc Computational Finance and Financial Technology,GE1401,MA1300,11767,TB3
914,BSc Computational Finance and Financial Technology,GE1401,CS1102,11712,CB2
914,BSc Computational Finance and Financial Technology,GE1401,MA1300,11762,CB1
914,BSc Computational Finance and Financial Technology,GE1401,MA1300,11766,TB2
914,BSc Computational Finance and Financial Technology,GE1401,CS1102,12394,LB3
914,BSc Computational Finance and Financial Technology,GE1401,CB2400,12538,C04
914,BSc Computational Finance and Financial Technology,GE1401,GE1401,14270,TB7
915,BSc Computational Finance and Financial Technology,GE1401,GE1401,11504,T90
915,BSc Computational Finance and Financial Technology,GE1401,MA1300,11762,CB1
915,BSc Computational Finance and Financial Technology,GE1401,MA1300,11767,TB3
915,BSc Computational Finance and Financial Technology,GE1401,CS1102,13144,CC2
915,BSc Computational Finance and Financial Technology,GE1401,CB2400,13315,CB3
915,BSc Computational Finance and Financial Technology,GE1401,CS1102,13728,LC7
916,BSc Computational Finance and Financial Technology,GE1401,CB2400,10409,CA3
916,BSc Computational Finance and Financial Technology,GE1401,GE1401,10684,T07
916,BSc Computational Finance and Financial Technology,GE1401,CS1102,11712,CB2
916,BSc Computational Finance and Financial Technology,GE1401,MA1300,11762,CB1
916,BSc Computational Finance and Financial Technology,GE1401,MA1300,11766,TB2
916,BSc Computational Finance and Financial Technology,GE1401,CS1102,12394,LB3
917,BSc Computational Finance and Financial Technology,GE1401,GE1401,11504,T90
917,BSc Computational Finance and Financial Technology,GE1401,MA1300,11762,CB1
917,BSc Computational Finance and Financial Technology,GE1401,MA1300,11767,TB3
917,BSc Computational Finance and Financial Technology,GE1401,CS1102,13144,CC2
917,BSc Computational Finance and Financial Technology,GE1401,CB2400,13315,CB3
917,BSc Computational Finance and Financial Technology,GE1401,CS1102,13728,LC7
918,BSc Computational Finance and Financial Technology,GE1401,CB2400,10235,C02
918,BSc Computational Finance and Financial Technology,GE1401,GE1401,10706,T31
918,BSc Computational Finance and Financial Technology,GE1401,CS1102,11710,C02
918,BSc Computational Finance and Financial Technology,GE1401,CS1102,11716,L07
918,BSc Computational Finance and Financial Technology,GE1401,MA1300,11762,CB1
918,BSc Computational Finance and Financial Technology,GE1401,MA1300,11767,TB3
919,BSc Computational Finance and Financial Technology,GE1401,GE1401,10357,T01
919,BSc Computational Finance and Financial Technology,GE1401,CS1102,10778,LB7
919,BSc Computational Finance and Financial Technology,GE1401,CS1102,11712,CB2
919,BSc Computational Finance and Financial Technology,GE1401,MA1300,11762,CB1
919,BSc Computational Finance and Financial Technology,GE1401,MA1300,11767,TB3
919,BSc Computational Finance and Financial Technology,GE1401,CB2400,13315,CB3
920,BSc Computational Finance and Financial Technology,GE1401,CS1102,10778,LB7
920,BSc Computational Finance and Financial Technology,GE1401,CS1102,11712,CB2
920,BSc Computational Finance and Financial Technology,GE1401,MA1300,11762,CB1
920,BSc Computational Finance and Financial Technology,GE1401,MA1300,11767,TB3
920,BSc Computational Finance and Financial Technology,GE1401,GE1401,12398,T70
920,BSc Computational Finance and Financial Technology,GE1401,CB2400,13315,CB3
921,BSc Computational Finance and Financial Technology,GE1401,CB2400,10235,C02
921,BSc Computational Finance and Financial Technology,GE1401,CS1102,11710,C02
921,BSc Computational Finance and Financial Technology,GE1401,CS1102,11713,L04
921,BSc Computational Finance and Financial Technology,GE1401,MA1300,11762,CB1
921,BSc Computational Finance and Financial Technology,GE1401,MA1300,11767,TB3
921,BSc Computational Finance and Financial Technology,GE1401,GE1401,12399,T72
922,BSc Computational Finance and Financial Technology,GE1401,CS1102,10778,LB7
922,BSc Computational Finance and Financial Technology,GE1401,CS1102,11712,CB2
922,BSc Computational Finance and Financial Technology,GE1401,MA1300,11762,CB1
922,BSc Computational Finance and Financial Technology,GE1401,MA1300,11767,TB3
922,BSc Computational Finance and Financial Technology,GE1401,GE1401,12398,T70
922,BSc Computational Finance and Financial Technology,GE1401,CB2400,13315,CB3
923,BSc Computational Finance and Financial Technology,GE1401,CS1102,11712,CB2
923,BSc Computational Finance and Financial Technology,GE1401,MA1300,11762,CB1
923,BSc Computational Finance and Financial Technology,GE1401,MA1300,11766,TB2
923,BSc Computational Finance and Financial Technology,GE1401,CS1102,12394,LB3
923,BSc Computational Finance and Financial Technology,GE1401,CB2400,12538,C04
923,BSc Computational Finance and Financial Technology,GE1401,GE1401,14270,TB7
924,BSc Computational Finance and Financial Technology,GE1401,CB2400,10235,C02
924,BSc Computational Finance and Financial Technology,GE1401,CS1102,11710,C02
924,BSc Computational Finance and Financial Technology,GE1401,CS1102,11713,L04
924,BSc Computational Finance and Financial Technology,GE1401,MA1300,11762,CB1
924,BSc Computational Finance and Financial Technology,GE1401,MA1300,11767,TB3
924,BSc Computational Finance and Financial Technology,GE1401,GE1401,12399,T72
925,BSc Computational Finance and Financial Technology,GE1401,CB2400,10235,C02
925,BSc Computational Finance and Financial Technology,GE1401,GE1401,10706,T31
925,BSc Computational Finance and Financial Technology,GE1401,CS1102,11710,C02
925,BSc Computational Finance and Financial Technology,GE1401,CS1102,11716,L07
925,BSc Computational Finance and Financial Technology,GE1401,MA1300,11762,CB1
925,BSc Computational Finance and Financial Technology,GE1401,MA1300,11767,TB3
926,BSc Computational Finance and Financial Technology,GE1401,CB2400,10404,CA2
926,BSc Computational Finance and Financial Technology,GE1401,GE1401,10706,T31
926,BSc Computational Finance and Financial Technology,GE1401,CS1102,11710,C02
926,BSc Computational Finance and Financial Technology,GE1401,CS1102,11716,L07
926,BSc Computational Finance and Financial Technology,GE1401,MA1300,11762,CB1
926,BSc Computational Finance and Financial Technology,GE1401,MA1300,11767,TB3
927,BSc Computational Finance and Financial Technology,GE1401,CS1102,10778,LB7
927,BSc Computational Finance and Financial Technology,GE1401,CB2400,10839,CB1
927,BSc Computational Finance and Financial Technology,GE1401,CS1102,11712,CB2
927,BSc Computational Finance and Financial Technology,GE1401,MA1300,11762,CB1
927,BSc Computational Finance and Financial Technology,GE1401,MA1300,11767,TB3
927,BSc Computational Finance and Financial Technology,GE1401,GE1401,14271,TB8
928,BSc Computational Finance and Financial Technology,GE1401,GE1401,10685,T08
928,BSc Computational Finance and Financial Technology,GE1401,CS1102,10778,LB7
928,BSc Computational Finance and Financial Technology,GE1401,CB2400,10839,CB1
928,BSc Computational Finance and Financial Technology,GE1401,CS1102,11712,CB2
928,BSc Computational Finance and Financial Technology,GE1401,MA1300,11762,CB1
928,BSc Computational Finance and Financial Technology,GE1401,MA1300,11767,TB3
929,BSc Computational Finance and Financial Technology,GE1401,CB2400,10236,C03
929,BSc Computational Finance and Financial Technology,GE1401,CS1102,11712,CB2
929,BSc Computational Finance and Financial Technology,GE1401,MA1300,11762,CB1
929,BSc Computational Finance and Financial Technology,GE1401,MA1300,11766,TB2
929,BSc Computational Finance and Financial Technology,GE1401,GE1401,12127,T84
929,BSc Computational Finance and Financial Technology,GE1401,CS1102,12394,LB3
930,BSc Computational Finance and Financial Technology,GE1401,CB2400,10235,C02
930,BSc Computational Finance and Financial Technology,GE1401,GE1401,10706,T31
930,BSc Computational Finance and Financial Technology,GE1401,CS1102,11710,C02
930,BSc Computational Finance and Financial Technology,GE1401,CS1102,11716,L07
930,BSc Computational Finance and Financial Technology,GE1401,MA1300,11762,CB1
930,BSc Computational Finance and Financial Technology,GE1401,MA1300,11767,TB3
931,BSc Computational Finance and Financial Technology,GE1401,GE1401,10684,T07
931,BSc Computational Finance and Financial Technology,GE1401,CB2400,10840,CB2
931,BSc Computational Finance and Financial Technology,GE1401,CS1102,11710,C02
931,BSc Computational Finance and Financial Technology,GE1401,CS1102,11713,L04
931,BSc Computational Finance and Financial Technology,GE1401,MA1300,11762,CB1
931,BSc Computational Finance and Financial Technology,GE1401,MA1300,11767,TB3
932,BSc Computational Finance and Financial Technology,GE1401,CB2400,10840,CB2
932,BSc Computational Finance and Financial Technology,GE1401,GE1401,11505,T93
932,BSc Computational Finance and Financial Technology,GE1401,CS1102,11710,C02
932,BSc Computational Finance and Financial Technology,GE1401,CS1102,11713,L04
932,BSc Computational Finance and Financial Technology,GE1401,MA1300,11762,CB1
932,BSc Computational Finance and Financial Technology,GE1401,MA1300,11767,TB3
933,BSc Computational Finance and Financial Technology,GE1401,CS1102,10778,LB7
933,BSc Computational Finance and Financial Technology,GE1401,CS1102,11712,CB2
933,BSc Computational Finance and Financial Technology,GE1401,MA1300,11762,CB1
933,BSc Computational Finance and Financial Technology,GE1401,MA1300,11767,TB3
933,BSc Computational Finance and Financial Technology,GE1401,GE1401,12398,T70
933,BSc Computational Finance and Financial Technology,GE1401,CB2400,13315,CB3
934,BSc Computational Finance and Financial Technology,GE1401,CB2400,10404,CA2
934,BSc Computational Finance and Financial Technology,GE1401,GE1401,10706,T31
934,BSc Computational Finance and Financial Technology,GE1401,CS1102,11710,C02
934,BSc Computational Finance and Financial Technology,GE1401,CS1102,11716,L07
934,BSc Computational Finance and Financial Technology,GE1401,MA1300,11762,CB1
934,BSc Computational Finance and Financial Technology,GE1401,MA1300,11767,TB3
935,BSc Computational Finance and Financial Technology,GE1401,CS1102,10778,LB7
935,BSc Computational Finance and Financial Technology,GE1401,GE1401,11494,T76
935,BSc Computational Finance and Financial Technology,GE1401,CS1102,11712,CB2
935,BSc Computational Finance and Financial Technology,GE1401,MA1300,11762,CB1
935,BSc Computational Finance and Financial Technology,GE1401,MA1300,11767,TB3
935,BSc Computational Finance and Financial Technology,GE1401,CB2400,13315,CB3
936,BSc Computational Finance and Financial Technology,GE1401,GE1401,10357,T01
936,BSc Computational Finance and Financial Technology,GE1401,CS1102,10778,LB7
936,BSc Computational Finance and Financial Technology,GE1401,CS1102,11712,CB2
936,BSc Computational Finance and Financial Technology,GE1401,MA1300,11762,CB1
936,BSc Computational Finance and Financial Technology,GE1401,MA1300,11767,TB3
936,BSc Computational Finance and Financial Technology,GE1401,CB2400,13315,CB3
937,BSc Computational Finance and Financial Technology,GE1401,CB2400,10236,C03
937,BSc Computational Finance and Financial Technology,GE1401,MA1300,11762,CB1
937,BSc Computational Finance and Financial Technology,GE1401,MA1300,11766,TB2
937,BSc Computational Finance and Financial Technology,GE1401,CS1102,13144,CC2
937,BSc Computational Finance and Financial Technology,GE1401,GE1401,13574,TB3
937,BSc Computational Finance and Financial Technology,GE1401,CS1102,14989,LC3
938,BSc Computational Finance and Financial Technology,LC0200A,CB2400,10404,CA2
938,BSc Computational Finance and Financial Technology,LC0200A,LC0200A,10877,T08
938,BSc Computational Finance and Financial Technology,LC0200A,MA1300,11762,CB1
938,BSc Computational Finance and Financial Technology,LC0200A,MA1300,11766,TB2
938,BSc Computational Finance and Financial Technology,LC0200A,CS1102,11969,LA2
938,BSc Computational Finance and Financial Technology,LC0200A,CS1102,15735,CA2
939,BSc Computational Finance and Financial Technology,LC0200A,CS1102,10778,LB7
939,BSc Computational Finance and Financial Technology,LC0200A,CS1102,11712,CB2
939,BSc Computational Finance and Financial Technology,LC0200A,MA1300,11762,CB1
939,BSc Computational Finance and Financial Technology,LC0200A,MA1300,11767,TB3
939,BSc Computational Finance and Financial Technology,LC0200A,LC0200A,11976,T37
939,BSc Computational Finance and Financial Technology,LC0200A,CB2400,13315,CB3
940,BSc Computational Finance and Financial Technology,LC0200A,CB2400,10236,C03
940,BSc Computational Finance and Financial Technology,LC0200A,LC0200A,11029,T30
940,BSc Computational Finance and Financial Technology,LC0200A,CS1102,11711,CB1
940,BSc Computational Finance and Financial Technology,LC0200A,MA1300,11762,CB1
940,BSc Computational Finance and Financial Technology,LC0200A,MA1300,11766,TB2
940,BSc Computational Finance and Financial Technology,LC0200A,CS1102,12394,LB3
941,BSc Computational Finance and Financial Technology,LC0200A,CS1102,10775,LB4
941,BSc Computational Finance and Financial Technology,LC0200A,CB2400,10840,CB2
941,BSc Computational Finance and Financial Technology,LC0200A,LC0200A,10878,T09
941,BSc Computational Finance and Financial Technology,LC0200A,CS1102,11712,CB2
941,BSc Computational Finance and Financial Technology,LC0200A,MA1300,11762,CB1
941,BSc Computational Finance and Financial Technology,LC0200A,MA1300,11767,TB3
942,BSc Computational Finance and Financial Technology,LC0200A,CS1102,10778,LB7
942,BSc Computational Finance and Financial Technology,LC0200A,LC0200A,10882,T13
942,BSc Computational Finance and Financial Technology,LC0200A,CS1102,11712,CB2
942,BSc Computational Finance and Financial Technology,LC0200A,MA1300,11762,CB1
942,BSc Computational Finance and Financial Technology,LC0200A,MA1300,11767,TB3
942,BSc Computational Finance and Financial Technology,LC0200A,CB2400,13315,CB3
943,BSc Computational Finance and Financial Technology,LC0200A,CS1102,10778,LB7
943,BSc Computational Finance and Financial Technology,LC0200A,CS1102,11712,CB2
943,BSc Computational Finance and Financial Technology,LC0200A,MA1300,11762,CB1
943,BSc Computational Finance and Financial Technology,LC0200A,MA1300,11767,TB3
943,BSc Computational Finance and Financial Technology,LC0200A,LC0200A,11976,T37
943,BSc Computational Finance and Financial Technology,LC0200A,CB2400,13315,CB3
944,BSc Computational Finance and Financial Technology,LC0200A,CS1102,11710,C02
944,BSc Computational Finance and Financial Technology,LC0200A,CS1102,11716,L07
944,BSc Computational Finance and Financial Technology,LC0200A,MA1300,11762,CB1
944,BSc Computational Finance and Financial Technology,LC0200A,MA1300,11767,TB3
944,BSc Computational Finance and Financial Technology,LC0200A,LC0200A,11976,T37
944,BSc Computational Finance and Financial Technology,LC0200A,CB2400,13315,CB3
945,BSc Computational Finance and Financial Technology,LC0200A,CB2400,10236,C03
945,BSc Computational Finance and Financial Technology,LC0200A,LC0200A,11029,T30
945,BSc Computational Finance and Financial Technology,LC0200A,CS1102,11711,CB1
945,BSc Computational Finance and Financial Technology,LC0200A,MA1300,11762,CB1
945,BSc Computational Finance and Financial Technology,LC0200A,MA1300,11766,TB2
945,BSc Computational Finance and Financial Technology,LC0200A,CS1102,12394,LB3
946,BSc Computational Finance and Financial Technology,LC0200A,CS1102,11710,C02
946,BSc Computational Finance and Financial Technology,LC0200A,CS1102,11716,L07
946,BSc Computational Finance and Financial Technology,LC0200A,MA1300,11762,CB1
946,BSc Computational Finance and Financial Technology,LC0200A,MA1300,11767,TB3
946,BSc Computational Finance and Financial Technology,LC0200A,LC0200A,11976,T37
946,BSc Computational Finance and Financial Technology,LC0200A,CB2400,13315,CB3
947,BSc Computational Finance and Financial Technology,LC0200A,CB2400,10840,CB2
947,BSc Computational Finance and Financial Technology,LC0200A,LC0200A,10895,T27
947,BSc Computational Finance and Financial Technology,LC0200A,CS1102,11519,LC4
947,BSc Computational Finance and Financial Technology,LC0200A,MA1300,11762,CB1
947,BSc Computational Finance and Financial Technology,LC0200A,MA1300,11767,TB3
947,BSc Computational Finance and Financial Technology,LC0200A,CS1102,13144,CC2
948,BSc Computational Finance and Financial Technology,LC0200A,CB2400,10839,CB1
948,BSc Computational Finance and Financial Technology,LC0200A,LC0200A,11030,T31
948,BSc Computational Finance and Financial Technology,LC0200A,MA1300,11762,CB1
948,BSc Computational Finance and Financial Technology,LC0200A,MA1300,11767,TB3
948,BSc Computational Finance and Financial Technology,LC0200A,CS1102,13144,CC2
948,BSc Computational Finance and Financial Technology,LC0200A,CS1102,13728,LC7
949,BSc Computational Finance and Financial Technology,LC0200A,CS1102,10778,LB7
949,BSc Computational Finance and Financial Technology,LC0200A,CS1102,11712,CB2
949,BSc Computational Finance and Financial Technology,LC0200A,MA1300,11762,CB1
949,BSc Computational Finance and Financial Technology,LC0200A,MA1300,11767,TB3
949,BSc Computational Finance and Financial Technology,LC0200A,LC0200A,11976,T37
949,BSc Computational Finance and Financial Technology,LC0200A,CB2400,13315,CB3
950,BSc Computational Finance and Financial Technology,LC0200A,CB2400,10236,C03
950,BSc Computational Finance and Financial Technology,LC0200A,LC0200A,11029,T30
950,BSc Computational Finance and Financial Technology,LC0200A,CS1102,11711,CB1
950,BSc Computational Finance and Financial Technology,LC0200A,MA1300,11762,CB1
950,BSc Computational Finance and Financial Technology,LC0200A,MA1300,11766,TB2
950,BSc Computational Finance and Financial Technology,LC0200A,CS1102,12394,LB3
951,BSc Computational Finance and Financial Technology,LC0200A,CB2400,10235,C02
951,BSc Computational Finance and Financial Technology,LC0200A,LC0200A,10877,T08
951,BSc Computational Finance and Financial Technology,LC0200A,MA1300,11762,CB1
951,BSc Computational Finance and Financial Technology,LC0200A,MA1300,11766,TB2
951,BSc Computational Finance and Financial Technology,LC0200A,CS1102,11969,LA2
951,BSc Computational Finance and Financial Technology,LC0200A,CS1102,15735,CA2
952,BSc Computational Finance and Financial Technology,LC0200A,CS1102,10778,LB7
952,BSc Computational Finance and Financial Technology,LC0200A,CS1102,11712,CB2
952,BSc Computational Finance and Financial Technology,LC0200A,MA1300,11762,CB1
952,BSc Computational Finance and Financial Technology,LC0200A,MA1300,11767,TB3
952,BSc Computational Finance and Financial Technology,LC0200A,LC0200A,11976,T37
952,BSc Computational Finance and Financial Technology,LC0200A,CB2400,13315,CB3
953,BSc Computational Finance and Financial Technology,LC0200A,CS1102,10778,LB7
953,BSc Computational Finance and Financial Technology,LC0200A,CS1102,11712,CB2
953,BSc Computational Finance and Financial Technology,LC0200A,MA1300,11762,CB1
953,BSc Computational Finance and Financial Technology,LC0200A,MA1300,11767,TB3
953,BSc Computational Finance and Financial Technology,LC0200A,LC0200A,11976,T37
953,BSc Computational Finance and Financial Technology,LC0200A,CB2400,13315,CB3
954,BSc Computational Finance and Financial Technology,LC0200A,CB2400,10236,C03
954,BSc Computational Finance and Financial Technology,LC0200A,LC0200A,10897,T29
954,BSc Computational Finance and Financial Technology,LC0200A,CS1102,11711,CB1
954,BSc Computational Finance and Financial Technology,LC0200A,MA1300,11762,CB1
954,BSc Computational Finance and Financial Technology,LC0200A,MA1300,11766,TB2
954,BSc Computational Finance and Financial Technology,LC0200A,CS1102,12394,LB3
955,BSc Computational Finance and Financial Technology,LC0200A,CB2400,10840,CB2
955,BSc Computational Finance and Financial Technology,LC0200A,LC0200A,10895,T27
955,BSc Computational Finance and Financial Technology,LC0200A,CS1102,11712,CB2
955,BSc Computational Finance and Financial Technology,LC0200A,MA1300,11762,CB1
955,BSc Computational Finance and Financial Technology,LC0200A,MA1300,11766,TB2
955,BSc Computational Finance and Financial Technology,LC0200A,CS1102,12394,LB3
956,BSc Computer Science,GE1401,CS2115,10405,C01
956,BSc Computer Science,GE1401,MA1508,11511,CA1
956,BSc Computer Science,GE1401,MA1508,11709,TA1
956,BSc Computer Science,GE1401,GE1401,13572,TB1
956,BSc Computer Science,GE1401,CS2115,15055,T04
956,BSc Computer Science,GE1401,CS1302A,15568,C01
956,BSc Computer Science,GE1401,CS1302A,15575,T03
957,BSc Computer Science,GE1401,CS2115,10405,C01
957,BSc Computer Science,GE1401,CS2115,10407,T02
957,BSc Computer Science,GE1401,GE1401,13197,TA2
957,BSc Computer Science,GE1401,MA1508,13680,CB1
957,BSc Computer Science,GE1401,MA1508,13681,TB1
957,BSc Computer Science,GE1401,CS1302A,15568,C01
957,BSc Computer Science,GE1401,CS1302A,15570,T01
958,BSc Computer Science,GE1401,CS2115,10405,C01
958,BSc Computer Science,GE1401,CS2115,10408,T03
958,BSc Computer Science,GE1401,MA1508,13680,CB1
958,BSc Computer Science,GE1401,MA1508,13681,TB1
958,BSc Computer Science,GE1401,CS1302A,15568,C01
958,BSc Computer Science,GE1401,CS1302A,15573,T02
958,BSc Computer Science,GE1401,GE1401,15603,T73
959,BSc Computer Science,GE1401,CS2115,10405,C01
959,BSc Computer Science,GE1401,CS2115,10407,T02
959,BSc Computer Science,GE1401,GE1401,11070,TA1
959,BSc Computer Science,GE1401,MA1508,13680,CB1
959,BSc Computer Science,GE1401,MA1508,13681,TB1
959,BSc Computer Science,GE1401,CS1302A,15568,C01
959,BSc Computer Science,GE1401,CS1302A,15570,T01
960,BSc Computer Science,GE1401,CS2115,10405,C01
960,BSc Computer Science,GE1401,CS2115,10407,T02
960,BSc Computer Science,GE1401,GE1401,10729,T63
960,BSc Computer Science,GE1401,MA1508,13680,CB1
960,BSc Computer Science,GE1401,MA1508,13681,TB1
960,BSc Computer Science,GE1401,CS1302A,15568,C01
960,BSc Computer Science,GE1401,CS1302A,15570,T01
961,BSc Computer Science,GE1401,CS2115,10405,C01
961,BSc Computer Science,GE1401,MA1508,11511,CA1
961,BSc Computer Science,GE1401,MA1508,11709,TA1
961,BSc Computer Science,GE1401,GE1401,14270,TB7
961,BSc Computer Science,GE1401,CS2115,15055,T04
961,BSc Computer Science,GE1401,CS1302A,15568,C01
961,BSc Computer Science,GE1401,CS1302A,15575,T03
962,BSc Computer Science,GE1401,CS2115,10405,C01
962,BSc Computer Science,GE1401,CS2115,10408,T03
962,BSc Computer Science,GE1401,GE1401,10680,T03
962,BSc Computer Science,GE1401,MA1508,13680,CB1
962,BSc Computer Science,GE1401,MA1508,13681,TB1
962,BSc Computer Science,GE1401,CS1302A,15568,C01
962,BSc Computer Science,GE1401,CS1302A,15573,T02
963,BSc Computer Science,GE1401,CS2115,10405,C01
963,BSc Computer Science,GE1401,MA1508,11511,CA1
963,BSc Computer Science,GE1401,MA1508,11709,TA1
963,BSc Computer Science,GE1401,GE1401,14270,TB7
963,BSc Computer Science,GE1401,CS2115,15055,T04
963,BSc Computer Science,GE1401,CS1302A,15568,C01
963,BSc Computer Science,GE1401,CS1302A,15575,T03
964,BSc Computer Science,GE1401,CS2115,10405,C01
964,BSc Computer Science,GE1401,CS2115,10408,T03
964,BSc Computer Science,GE1401,GE1401,10680,T03
964,BSc Computer Science,GE1401,MA1508,13680,CB1
964,BSc Computer Science,GE1401,MA1508,13681,TB1
964,BSc Computer Science,GE1401,CS1302A,15568,C01
964,BSc Computer Science,GE1401,CS1302A,15573,T02
965,BSc Computer Science,GE1401,CS2115,10405,C01
965,BSc Computer Science,GE1401,CS2115,10407,T02
965,BSc Computer Science,GE1401,GE1401,11070,TA1
965,BSc Computer Science,GE1401,MA1508,13680,CB1
965,BSc Computer Science,GE1401,MA1508,13681,TB1
965,BSc Computer Science,GE1401,CS1302A,15568,C01
965,BSc Computer Science,GE1401,CS1302A,15570,T01
966,BSc Computer Science,GE1401,CS2115,11251,CB1
966,BSc Computer Science,GE1401,CS2115,11253,TB3
966,BSc Computer Science,GE1401,MA1508,13680,CB1
966,BSc Computer Science,GE1401,MA1508,13681,TB1
966,BSc Computer Science,GE1401,CS1302A,15568,C01
966,BSc Computer Science,GE1401,CS1302A,15573,T02
966,BSc Computer Science,GE1401,GE1401,15603,T73
967,BSc Computer Science,GE1401,CS2115,10405,C01
967,BSc Computer Science,GE1401,CS2115,10407,T02
967,BSc Computer Science,GE1401,GE1401,11070,TA1
967,BSc Computer Science,GE1401,MA1508,13680,CB1
967,BSc Computer Science,GE1401,MA1508,13681,TB1
967,BSc Computer Science,GE1401,CS1302A,15568,C01
967,BSc Computer Science,GE1401,CS1302A,15570,T01
968,BSc Computer Science,GE1401,CS2115,10405,C01
968,BSc Computer Science,GE1401,CS2115,10408,T03
968,BSc Computer Science,GE1401,MA1508,13680,CB1
968,BSc Computer Science,GE1401,MA1508,13681,TB1
968,BSc Computer Science,GE1401,CS1302A,15568,C01
968,BSc Computer Science,GE1401,CS1302A,15573,T02
968,BSc Computer Science,GE1401,GE1401,15603,T73
969,BSc Computer Science,GE1401,CS2115,10405,C01
969,BSc Computer Science,GE1401,CS2115,10408,T03
969,BSc Computer Science,GE1401,MA1508,13680,CB1
969,BSc Computer Science,GE1401,MA1508,13681,TB1
969,BSc Computer Science,GE1401,CS1302A,15568,C01
969,BSc Computer Science,GE1401,CS1302A,15573,T02
969,BSc Computer Science,GE1401,GE1401,15600,T14
970,BSc Computer Science,GE1401,CS2115,10405,C01
970,BSc Computer Science,GE1401,CS2115,10408,T03
970,BSc Computer Science,GE1401,GE1401,10680,T03
970,BSc Computer Science,GE1401,MA1508,13680,CB1
970,BSc Computer Science,GE1401,MA1508,13681,TB1
970,BSc Computer Science,GE1401,CS1302A,15568,C01
970,BSc Computer Science,GE1401,CS1302A,15573,T02
971,BSc Computer Science,GE1401,CS2115,10405,C01
971,BSc Computer Science,GE1401,GE1401,11506,T78
971,BSc Computer Science,GE1401,MA1508,13680,CB1
971,BSc Computer Science,GE1401,MA1508,13681,TB1
971,BSc Computer Science,GE1401,CS2115,15055,T04
971,BSc Computer Science,GE1401,CS1302A,15569,CA1
971,BSc Computer Science,GE1401,CS1302A,15572,TA1
972,BSc Computer Science,GE1401,CS2115,10405,C01
972,BSc Computer Science,GE1401,CS2115,10408,T03
972,BSc Computer Science,GE1401,MA1508,13680,CB1
972,BSc Computer Science,GE1401,MA1508,13681,TB1
972,BSc Computer Science,GE1401,CS1302A,15568,C01
972,BSc Computer Science,GE1401,CS1302A,15573,T02
972,BSc Computer Science,GE1401,GE1401,15603,T73
973,BSc Computer Science,GE1401,CS2115,10405,C01
973,BSc Computer Science,GE1401,CS2115,10407,T02
973,BSc Computer Science,GE1401,MA1508,13680,CB1
973,BSc Computer Science,GE1401,MA1508,13681,TB1
973,BSc Computer Science,GE1401,CS1302A,15568,C01
973,BSc Computer Science,GE1401,CS1302A,15570,T01
973,BSc Computer Science,GE1401,GE1401,15600,T14
974,BSc Computer Science,GE1401,CS2115,10405,C01
974,BSc Computer Science,GE1401,CS2115,10408,T03
974,BSc Computer Science,GE1401,GE1401,10680,T03
974,BSc Computer Science,GE1401,MA1508,13680,CB1
974,BSc Computer Science,GE1401,MA1508,13681,TB1
974,BSc Computer Science,GE1401,CS1302A,15568,C01
974,BSc Computer Science,GE1401,CS1302A,15573,T02
975,BSc Computer Science,GE1401,CS2115,10405,C01
975,BSc Computer Science,GE1401,CS2115,10407,T02
975,BSc Computer Science,GE1401,GE1401,11070,TA1
975,BSc Computer Science,GE1401,MA1508,13680,CB1
975,BSc Computer Science,GE1401,MA1508,13681,TB1
975,BSc Computer Science,GE1401,CS1302A,15568,C01
975,BSc Computer Science,GE1401,CS1302A,15570,T01
976,BSc Computer Science,GE1401,CS2115,10405,C01
976,BSc Computer Science,GE1401,MA1508,11511,CA1
976,BSc Computer Science,GE1401,MA1508,11709,TA1
976,BSc Computer Science,GE1401,GE1401,12399,T72
976,BSc Computer Science,GE1401,CS2115,15055,T04
976,BSc Computer Science,GE1401,CS1302A,15568,C01
976,BSc Computer Science,GE1401,CS1302A,15575,T03
977,BSc Computer Science,GE1401,CS2115,10405,C01
977,BSc Computer Science,GE1401,CS2115,10408,T03
977,BSc Computer Science,GE1401,GE1401,10680,T03
977,BSc Computer Science,GE1401,MA1508,13680,CB1
977,BSc Computer Science,GE1401,MA1508,13681,TB1
977,BSc Computer Science,GE1401,CS1302A,15568,C01
977,BSc Computer Science,GE1401,CS1302A,15573,T02
978,BSc Computer Science,GE1401,CS2115,10405,C01
978,BSc Computer Science,GE1401,CS2115,10407,T02
978,BSc Computer Science,GE1401,MA1508,13680,CB1
978,BSc Computer Science,GE1401,MA1508,13681,TB1
978,BSc Computer Science,GE1401,GE1401,14271,TB8
978,BSc Computer Science,GE1401,CS1302A,15568,C01
978,BSc Computer Science,GE1401,CS1302A,15570,T01
979,BSc Computer Science,GE1401,CS2115,10405,C01
979,BSc Computer Science,GE1401,CS2115,10408,T03
979,BSc Computer Science,GE1401,GE1401,13197,TA2
979,BSc Computer Science,GE1401,MA1508,13680,CB1
979,BSc Computer Science,GE1401,MA1508,13681,TB1
979,BSc Computer Science,GE1401,CS1302A,15568,C01
979,BSc Computer Science,GE1401,CS1302A,15573,T02
980,BSc Computer Science,GE1401,CS2115,10405,C01
980,BSc Computer Science,GE1401,CS2115,10407,T02
980,BSc Computer Science,GE1401,GE1401,13197,TA2
980,BSc Computer Science,GE1401,MA1508,13680,CB1
980,BSc Computer Science,GE1401,MA1508,13681,TB1
980,BSc Computer Science,GE1401,CS1302A,15568,C01
980,BSc Computer Science,GE1401,CS1302A,15570,T01
981,BSc Computer Science,GE1401,CS2115,10405,C01
981,BSc Computer Science,GE1401,MA1508,11511,CA1
981,BSc Computer Science,GE1401,MA1508,11709,TA1
981,BSc Computer Science,GE1401,GE1401,13571,T99
981,BSc Computer Science,GE1401,CS2115,15055,T04
981,BSc Computer Science,GE1401,CS1302A,15568,C01
981,BSc Computer Science,GE1401,CS1302A,15575,T03
982,BSc Computer Science,GE1401,CS2115,10405,C01
982,BSc Computer Science,GE1401,CS2115,10407,T02
982,BSc Computer Science,GE1401,GE1401,10697,T21
982,BSc Computer Science,GE1401,MA1508,13680,CB1
982,BSc Computer Science,GE1401,MA1508,13681,TB1
982,BSc Computer Science,GE1401,CS1302A,15568,C01
982,BSc Computer Science,GE1401,CS1302A,15570,T01
983,BSc Computer Science,GE1401,GE1401,10697,T21
983,BSc Computer Science,GE1401,CS2115,11251,CB1
983,BSc Computer Science,GE1401,MA1508,13680,CB1
983,BSc Computer Science,GE1401,MA1508,13681,TB1
983,BSc Computer Science,GE1401,CS2115,15275,TB4
983,BSc Computer Science,GE1401,CS1302A,15568,C01
983,BSc Computer Science,GE1401,CS1302A,15570,T01
984,BSc Computer Science,GE1401,CS2115,10405,C01
984,BSc Computer Science,GE1401,CS2115,10408,T03
984,BSc Computer Science,GE1401,GE1401,11494,T76
984,BSc Computer Science,GE1401,MA1508,13680,CB1
984,BSc Computer Science,GE1401,MA1508,13681,TB1
984,BSc Computer Science,GE1401,CS1302A,15568,C01
984,BSc Computer Science,GE1401,CS1302A,15573,T02
985,BSc Computer Science,GE1401,CS2115,10405,C01
985,BSc Computer Science,GE1401,GE1401,10697,T21
985,BSc Computer Science,GE1401,MA1508,13680,CB1
985,BSc Computer Science,GE1401,MA1508,13681,TB1
985,BSc Computer Science,GE1401,CS2115,15055,T04
985,BSc Computer Science,GE1401,CS1302A,15569,CA1
985,BSc Computer Science,GE1401,CS1302A,15572,TA1
986,BSc Computer Science,GE1401,CS2115,10405,C01
986,BSc Computer Science,GE1401,CS2115,10408,T03
986,BSc Computer Science,GE1401,GE1401,10680,T03
986,BSc Computer Science,GE1401,MA1508,13680,CB1
986,BSc Computer Science,GE1401,MA1508,13681,TB1
986,BSc Computer Science,GE1401,CS1302A,15568,C01
986,BSc Computer Science,GE1401,CS1302A,15573,T02
987,BSc Computer Science,GE1401,CS2115,10405,C01
987,BSc Computer Science,GE1401,MA1508,11511,CA1
987,BSc Computer Science,GE1401,MA1508,11709,TA1
987,BSc Computer Science,GE1401,GE1401,12399,T72
987,BSc Computer Science,GE1401,CS2115,15055,T04
987,BSc Computer Science,GE1401,CS1302A,15568,C01
987,BSc Computer Science,GE1401,CS1302A,15575,T03
988,BSc Computer Science,GE1401,CS2115,10405,C01
988,BSc Computer Science,GE1401,MA1508,11511,CA1
988,BSc Computer Science,GE1401,MA1508,11709,TA1
988,BSc Computer Science,GE1401,GE1401,13571,T99
988,BSc Computer Science,GE1401,CS2115,15055,T04
988,BSc Computer Science,GE1401,CS1302A,15568,C01
988,BSc Computer Science,GE1401,CS1302A,15575,T03
989,BSc Computer Science,GE1401,GE1401,11070,TA1
989,BSc Computer Science,GE1401,CS2115,11251,CB1
989,BSc Computer Science,GE1401,CS2115,11252,TB2
989,BSc Computer Science,GE1401,MA1508,13680,CB1
989,BSc Computer Science,GE1401,MA1508,13681,TB1
989,BSc Computer Science,GE1401,CS1302A,15568,C01
989,BSc Computer Science,GE1401,CS1302A,15570,T01
990,BSc Computer Science,GE1401,CS2115,10405,C01
990,BSc Computer Science,GE1401,CS2115,10408,T03
990,BSc Computer Science,GE1401,MA1508,13680,CB1
990,BSc Computer Science,GE1401,MA1508,13681,TB1
990,BSc Computer Science,GE1401,GE1401,14941,TA3
990,BSc Computer Science,GE1401,CS1302A,15568,C01
990,BSc Computer Science,GE1401,CS1302A,15573,T02
991,BSc Computer Science,GE1401,CS2115,10405,C01
991,BSc Computer Science,GE1401,CS2115,10408,T03
991,BSc Computer Science,GE1401,MA1508,13680,CB1
991,BSc Computer Science,GE1401,MA1508,13681,TB1
991,BSc Computer Science,GE1401,CS1302A,15568,C01
991,BSc Computer Science,GE1401,CS1302A,15573,T02
991,BSc Computer Science,GE1401,GE1401,15600,T14
992,BSc Computer Science,GE1401,CS2115,10405,C01
992,BSc Computer Science,GE1401,GE1401,11506,T78
992,BSc Computer Science,GE1401,MA1508,11511,CA1
992,BSc Computer Science,GE1401,MA1508,11709,TA1
992,BSc Computer Science,GE1401,CS2115,15055,T04
992,BSc Computer Science,GE1401,CS1302A,15568,C01
992,BSc Computer Science,GE1401,CS1302A,15575,T03
993,BSc Computer Science,GE1401,CS2115,10405,C01
993,BSc Computer Science,GE1401,CS2115,10408,T03
993,BSc Computer Science,GE1401,GE1401,13197,TA2
993,BSc Computer Science,GE1401,MA1508,13680,CB1
993,BSc Computer Science,GE1401,MA1508,13681,TB1
993,BSc Computer Science,GE1401,CS1302A,15568,C01
993,BSc Computer Science,GE1401,CS1302A,15573,T02
994,BSc Computer Science,GE1401,CS2115,10405,C01
994,BSc Computer Science,GE1401,GE1401,10716,T47
994,BSc Computer Science,GE1401,MA1508,11511,CA1
994,BSc Computer Science,GE1401,MA1508,11709,TA1
994,BSc Computer Science,GE1401,CS2115,15055,T04
994,BSc Computer Science,GE1401,CS1302A,15568,C01
994,BSc Computer Science,GE1401,CS1302A,15575,T03
995,BSc Computer Science,GE1401,CS2115,10405,C01
995,BSc Computer Science,GE1401,CS2115,10408,T03
995,BSc Computer Science,GE1401,GE1401,13197,TA2
995,BSc Computer Science,GE1401,MA1508,13680,CB1
995,BSc Computer Science,GE1401,MA1508,13681,TB1
995,BSc Computer Science,GE1401,CS1302A,15568,C01
995,BSc Computer Science,GE1401,CS1302A,15573,T02
996,BSc Computer Science,GE1401,CS2115,10405,C01
996,BSc Computer Science,GE1401,CS2115,10407,T02
996,BSc Computer Science,GE1401,GE1401,10697,T21
996,BSc Computer Science,GE1401,MA1508,13680,CB1
996,BSc Computer Science,GE1401,MA1508,13681,TB1
996,BSc Computer Science,GE1401,CS1302A,15568,C01
996,BSc Computer Science,GE1401,CS1302A,15570,T01
997,BSc Computer Science,GE1401,CS2115,10405,C01
997,BSc Computer Science,GE1401,CS2115,10407,T02
997,BSc Computer Science,GE1401,MA1508,13680,CB1
997,BSc Computer Science,GE1401,MA1508,13681,TB1
997,BSc Computer Science,GE1401,CS1302A,15568,C01
997,BSc Computer Science,GE1401,CS1302A,15570,T01
997,BSc Computer Science,GE1401,GE1401,15600,T14
998,BSc Computer Science,GE1401,CS2115,10405,C01
998,BSc Computer Science,GE1401,GE1401,10707,T32
998,BSc Computer Science,GE1401,MA1508,11511,CA1
998,BSc Computer Science,GE1401,MA1508,11709,TA1
998,BSc Computer Science,GE1401,CS2115,15055,T04
998,BSc Computer Science,GE1401,CS1302A,15568,C01
998,BSc Computer Science,GE1401,CS1302A,15575,T03
999,BSc Computer Science,GE1401,CS2115,10405,C01
999,BSc Computer Science,GE1401,CS2115,10407,T02
999,BSc Computer Science,GE1401,GE1401,13197,TA2
999,BSc Computer Science,GE1401,MA1508,13680,CB1
999,BSc Computer Science,GE1401,MA1508,13681,TB1
999,BSc Computer Science,GE1401,CS1302A,15568,C01
999,BSc Computer Science,GE1401,CS1302A,15570,T01
1000,BSc Computer Science,GE1401,CS2115,10405,C01
1000,BSc Computer Science,GE1401,GE1401,10729,T63
1000,BSc Computer Science,GE1401,MA1508,13680,CB1
1000,BSc Computer Science,GE1401,MA1508,13681,TB1
1000,BSc Computer Science,GE1401,CS2115,15055,T04
1000,BSc Computer Science,GE1401,CS1302A,15569,CA1
1000,BSc Computer Science,GE1401,CS1302A,15572,TA1
1001,BSc Computer Science,GE1401,CS2115,10405,C01
1001,BSc Computer Science,GE1401,CS2115,10407,T02
1001,BSc Computer Science,GE1401,GE1401,11070,TA1
1001,BSc Computer Science,GE1401,MA1508,13680,CB1
1001,BSc Computer Science,GE1401,MA1508,13681,TB1
1001,BSc Computer Science,GE1401,CS1302A,15568,C01
1001,BSc Computer Science,GE1401,CS1302A,15570,T01
1002,BSc Computer Science,GE1401,GE1401,11070,TA1
1002,BSc Computer Science,GE1401,CS2115,11251,CB1
1002,BSc Computer Science,GE1401,CS2115,11252,TB2
1002,BSc Computer Science,GE1401,MA1508,13680,CB1
1002,BSc Computer Science,GE1401,MA1508,13681,TB1
1002,BSc Computer Science,GE1401,CS1302A,15568,C01
1002,BSc Computer Science,GE1401,CS1302A,15570,T01
1003,BSc Computer Science,GE1401,CS2115,10405,C01
1003,BSc Computer Science,GE1401,GE1401,10707,T32
1003,BSc Computer Science,GE1401,MA1508,11511,CA1
1003,BSc Computer Science,GE1401,MA1508,11709,TA1
1003,BSc Computer Science,GE1401,CS2115,15055,T04
1003,BSc Computer Science,GE1401,CS1302A,15568,C01
1003,BSc Computer Science,GE1401,CS1302A,15575,T03
1004,BSc Computer Science,GE1401,CS2115,11251,CB1
1004,BSc Computer Science,GE1401,CS2115,11253,TB3
1004,BSc Computer Science,GE1401,MA1508,13680,CB1
1004,BSc Computer Science,GE1401,MA1508,13681,TB1
1004,BSc Computer Science,GE1401,CS1302A,15568,C01
1004,BSc Computer Science,GE1401,CS1302A,15573,T02
1004,BSc Computer Science,GE1401,GE1401,15603,T73
1005,BSc Computer Science,GE1401,CS2115,11251,CB1
1005,BSc Computer Science,GE1401,CS2115,11253,TB3
1005,BSc Computer Science,GE1401,MA1508,13680,CB1
1005,BSc Computer Science,GE1401,MA1508,13681,TB1
1005,BSc Computer Science,GE1401,CS1302A,15568,C01
1005,BSc Computer Science,GE1401,CS1302A,15573,T02
1005,BSc Computer Science,GE1401,GE1401,15603,T73
1006,BSc Computer Science,GE1401,CS2115,10405,C01
1006,BSc Computer Science,GE1401,GE1401,10707,T32
1006,BSc Computer Science,GE1401,MA1508,11511,CA1
1006,BSc Computer Science,GE1401,MA1508,11709,TA1
1006,BSc Computer Science,GE1401,CS2115,15055,T04
1006,BSc Computer Science,GE1401,CS1302A,15568,C01
1006,BSc Computer Science,GE1401,CS1302A,15575,T03
1007,BSc Computer Science,GE1401,CS2115,10405,C01
1007,BSc Computer Science,GE1401,CS2115,10407,T02
1007,BSc Computer Science,GE1401,GE1401,10697,T21
1007,BSc Computer Science,GE1401,MA1508,13680,CB1
1007,BSc Computer Science,GE1401,MA1508,13681,TB1
1007,BSc Computer Science,GE1401,CS1302A,15568,C01
1007,BSc Computer Science,GE1401,CS1302A,15570,T01
1008,BSc Computer Science,GE1401,CS2115,10405,C01
1008,BSc Computer Science,GE1401,CS2115,10408,T03
1008,BSc Computer Science,GE1401,GE1401,13197,TA2
1008,BSc Computer Science,GE1401,MA1508,13680,CB1
1008,BSc Computer Science,GE1401,MA1508,13681,TB1
1008,BSc Computer Science,GE1401,CS1302A,15568,C01
1008,BSc Computer Science,GE1401,CS1302A,15573,T02
1009,BSc Computer Science,GE1401,CS2115,10405,C01
1009,BSc Computer Science,GE1401,MA1508,11511,CA1
1009,BSc Computer Science,GE1401,MA1508,11709,TA1
1009,BSc Computer Science,GE1401,GE1401,13571,T99
1009,BSc Computer Science,GE1401,CS2115,15055,T04
1009,BSc Computer Science,GE1401,CS1302A,15568,C01
1009,BSc Computer Science,GE1401,CS1302A,15575,T03
1010,BSc Computer Science,GE1401,CS2115,10405,C01
1010,BSc Computer Science,GE1401,CS2115,10407,T02
1010,BSc Computer Science,GE1401,GE1401,10697,T21
1010,BSc Computer Science,GE1401,MA1508,13680,CB1
1010,BSc Computer Science,GE1401,MA1508,13681,TB1
1010,BSc Computer Science,GE1401,CS1302A,15568,C01
1010,BSc Computer Science,GE1401,CS1302A,15570,T01
1011,BSc Computer Science,GE1401,CS2115,10405,C01
1011,BSc Computer Science,GE1401,CS2115,10407,T02
1011,BSc Computer Science,GE1401,MA1508,13680,CB1
1011,BSc Computer Science,GE1401,MA1508,13681,TB1
1011,BSc Computer Science,GE1401,CS1302A,15568,C01
1011,BSc Computer Science,GE1401,CS1302A,15570,T01
1011,BSc Computer Science,GE1401,GE1401,15600,T14
1012,BSc Computer Science,GE1401,CS2115,10405,C01
1012,BSc Computer Science,GE1401,GE1401,10707,T32
1012,BSc Computer Science,GE1401,MA1508,11511,CA1
1012,BSc Computer Science,GE1401,MA1508,11709,TA1
1012,BSc Computer Science,GE1401,CS2115,15055,T04
1012,BSc Computer Science,GE1401,CS1302A,15568,C01
1012,BSc Computer Science,GE1401,CS1302A,15575,T03
1013,BSc Computer Science,GE1401,CS2115,10405,C01
1013,BSc Computer Science,GE1401,CS2115,10408,T03
1013,BSc Computer Science,GE1401,GE1401,10680,T03
1013,BSc Computer Science,GE1401,MA1508,13680,CB1
1013,BSc Computer Science,GE1401,MA1508,13681,TB1
1013,BSc Computer Science,GE1401,CS1302A,15568,C01
1013,BSc Computer Science,GE1401,CS1302A,15573,T02
1014,BSc Computer Science,GE1401,CS2115,10405,C01
1014,BSc Computer Science,GE1401,GE1401,11506,T78
1014,BSc Computer Science,GE1401,MA1508,11511,CA1
1014,BSc Computer Science,GE1401,MA1508,11709,TA1
1014,BSc Computer Science,GE1401,CS2115,15055,T04
1014,BSc Computer Science,GE1401,CS1302A,15568,C01
1014,BSc Computer Science,GE1401,CS1302A,15575,T03
1015,BSc Computer Science,GE1401,CS2115,10405,C01
1015,BSc Computer Science,GE1401,CS2115,10408,T03
1015,BSc Computer Science,GE1401,GE1401,10680,T03
1015,BSc Computer Science,GE1401,MA1508,13680,CB1
1015,BSc Computer Science,GE1401,MA1508,13681,TB1
1015,BSc Computer Science,GE1401,CS1302A,15568,C01
1015,BSc Computer Science,GE1401,CS1302A,15573,T02
1016,BSc Computer Science,GE1401,CS2115,10405,C01
1016,BSc Computer Science,GE1401,GE1401,11506,T78
1016,BSc Computer Science,GE1401,MA1508,11511,CA1
1016,BSc Computer Science,GE1401,MA1508,11709,TA1
1016,BSc Computer Science,GE1401,CS2115,15055,T04
1016,BSc Computer Science,GE1401,CS1302A,15568,C01
1016,BSc Computer Science,GE1401,CS1302A,15575,T03
1017,BSc Computer Science,GE1401,CS2115,10405,C01
1017,BSc Computer Science,GE1401,GE1401,10729,T63
1017,BSc Computer Science,GE1401,MA1508,13680,CB1
1017,BSc Computer Science,GE1401,MA1508,13681,TB1
1017,BSc Computer Science,GE1401,CS2115,15055,T04
1017,BSc Computer Science,GE1401,CS1302A,15569,CA1
1017,BSc Computer Science,GE1401,CS1302A,15572,TA1
1018,BSc Computer Science,GE1401,CS2115,10405,C01
1018,BSc Computer Science,GE1401,CS2115,10407,T02
1018,BSc Computer Science,GE1401,GE1401,10680,T03
1018,BSc Computer Science,GE1401,MA1508,13680,CB1
1018,BSc Computer Science,GE1401,MA1508,13681,TB1
1018,BSc Computer Science,GE1401,CS1302A,15568,C01
1018,BSc Computer Science,GE1401,CS1302A,15570,T01
1019,BSc Computer Science,GE1401,CS2115,10405,C01
1019,BSc Computer Science,GE1401,CS2115,10408,T03
1019,BSc Computer Science,GE1401,GE1401,13197,TA2
1019,BSc Computer Science,GE1401,MA1508,13680,CB1
1019,BSc Computer Science,GE1401,MA1508,13681,TB1
1019,BSc Computer Science,GE1401,CS1302A,15568,C01
1019,BSc Computer Science,GE1401,CS1302A,15573,T02
1020,BSc Computer Science,GE1401,CS2115,10405,C01
1020,BSc Computer Science,GE1401,CS2115,10408,T03
1020,BSc Computer Science,GE1401,GE1401,13197,TA2
1020,BSc Computer Science,GE1401,MA1508,13680,CB1
1020,BSc Computer Science,GE1401,MA1508,13681,TB1
1020,BSc Computer Science,GE1401,CS1302A,15568,C01
1020,BSc Computer Science,GE1401,CS1302A,15573,T02
1021,BSc Computer Science,GE1401,CS2115,10405,C01
1021,BSc Computer Science,GE1401,CS2115,10407,T02
1021,BSc Computer Science,GE1401,MA1508,13680,CB1
1021,BSc Computer Science,GE1401,MA1508,13681,TB1
1021,BSc Computer Science,GE1401,CS1302A,15568,C01
1021,BSc Computer Science,GE1401,CS1302A,15570,T01
1021,BSc Computer Science,GE1401,GE1401,15600,T14
1022,BSc Computer Science,GE1401,CS2115,10405,C01
1022,BSc Computer Science,GE1401,MA1508,11511,CA1
1022,BSc Computer Science,GE1401,MA1508,11709,TA1
1022,BSc Computer Science,GE1401,CS2115,15055,T04
1022,BSc Computer Science,GE1401,GE1401,15182,TC3
1022,BSc Computer Science,GE1401,CS1302A,15568,C01
1022,BSc Computer Science,GE1401,CS1302A,15575,T03
1023,BSc Computer Science,GE1401,CS2115,10405,C01
1023,BSc Computer Science,GE1401,CS2115,10407,T02
1023,BSc Computer Science,GE1401,GE1401,10729,T63
1023,BSc Computer Science,GE1401,MA1508,13680,CB1
1023,BSc Computer Science,GE1401,MA1508,13681,TB1
1023,BSc Computer Science,GE1401,CS1302A,15568,C01
1023,BSc Computer Science,GE1401,CS1302A,15570,T01
1024,BSc Computer Science,GE1401,CS2115,10405,C01
1024,BSc Computer Science,GE1401,MA1508,11511,CA1
1024,BSc Computer Science,GE1401,MA1508,11709,TA1
1024,BSc Computer Science,GE1401,GE1401,13571,T99
1024,BSc Computer Science,GE1401,CS2115,15055,T04
1024,BSc Computer Science,GE1401,CS1302A,15568,C01
1024,BSc Computer Science,GE1401,CS1302A,15575,T03
1025,BSc Computer Science,GE1401,CS2115,10405,C01
1025,BSc Computer Science,GE1401,CS2115,10408,T03
1025,BSc Computer Science,GE1401,GE1401,10680,T03
1025,BSc Computer Science,GE1401,MA1508,13680,CB1
1025,BSc Computer Science,GE1401,MA1508,13681,TB1
1025,BSc Computer Science,GE1401,CS1302A,15568,C01
1025,BSc Computer Science,GE1401,CS1302A,15573,T02
1026,BSc Computer Science,GE1401,CS2115,10405,C01
1026,BSc Computer Science,GE1401,MA1508,11511,CA1
1026,BSc Computer Science,GE1401,MA1508,11709,TA1
1026,BSc Computer Science,GE1401,GE1401,12399,T72
1026,BSc Computer Science,GE1401,CS2115,15055,T04
1026,BSc Computer Science,GE1401,CS1302A,15568,C01
1026,BSc Computer Science,GE1401,CS1302A,15575,T03
1027,BSc Computer Science,GE1401,CS2115,10405,C01
1027,BSc Computer Science,GE1401,GE1401,10724,T57
1027,BSc Computer Science,GE1401,MA1508,11511,CA1
1027,BSc Computer Science,GE1401,MA1508,11709,TA1
1027,BSc Computer Science,GE1401,CS2115,15055,T04
1027,BSc Computer Science,GE1401,CS1302A,15568,C01
1027,BSc Computer Science,GE1401,CS1302A,15575,T03
1028,BSc Computer Science,GE1401,CS2115,10405,C01
1028,BSc Computer Science,GE1401,CS2115,10407,T02
1028,BSc Computer Science,GE1401,GE1401,13197,TA2
1028,BSc Computer Science,GE1401,MA1508,13680,CB1
1028,BSc Computer Science,GE1401,MA1508,13681,TB1
1028,BSc Computer Science,GE1401,CS1302A,15568,C01
1028,BSc Computer Science,GE1401,CS1302A,15570,T01
1029,BSc Computer Science,GE1401,CS2115,10405,C01
1029,BSc Computer Science,GE1401,CS2115,10407,T02
1029,BSc Computer Science,GE1401,GE1401,10729,T63
1029,BSc Computer Science,GE1401,MA1508,13680,CB1
1029,BSc Computer Science,GE1401,MA1508,13681,TB1
1029,BSc Computer Science,GE1401,CS1302A,15568,C01
1029,BSc Computer Science,GE1401,CS1302A,15570,T01
1030,BSc Computer Science,GE1401,CS2115,10405,C01
1030,BSc Computer Science,GE1401,CS2115,10407,T02
1030,BSc Computer Science,GE1401,MA1508,13680,CB1
1030,BSc Computer Science,GE1401,MA1508,13681,TB1
1030,BSc Computer Science,GE1401,CS1302A,15568,C01
1030,BSc Computer Science,GE1401,CS1302A,15570,T01
1030,BSc Computer Science,GE1401,GE1401,15600,T14
1031,BSc Computer Science,GE1401,GE1401,11070,TA1
1031,BSc Computer Science,GE1401,CS2115,11251,CB1
1031,BSc Computer Science,GE1401,CS2115,11252,TB2
1031,BSc Computer Science,GE1401,MA1508,13680,CB1
1031,BSc Computer Science,GE1401,MA1508,13681,TB1
1031,BSc Computer Science,GE1401,CS1302A,15568,C01
1031,BSc Computer Science,GE1401,CS1302A,15570,T01
1032,BSc Computer Science,GE1401,CS2115,10405,C01
1032,BSc Computer Science,GE1401,CS2115,10407,T02
1032,BSc Computer Science,GE1401,MA1508,13680,CB1
1032,BSc Computer Science,GE1401,MA1508,13681,TB1
1032,BSc Computer Science,GE1401,CS1302A,15568,C01
1032,BSc Computer Science,GE1401,CS1302A,15570,T01
1032,BSc Computer Science,GE1401,GE1401,15600,T14
1033,BSc Computer Science,GE1401,CS2115,10405,C01
1033,BSc Computer Science,GE1401,MA1508,11511,CA1
1033,BSc Computer Science,GE1401,MA1508,11709,TA1
1033,BSc Computer Science,GE1401,GE1401,14270,TB7
1033,BSc Computer Science,GE1401,CS2115,15055,T04
1033,BSc Computer Science,GE1401,CS1302A,15568,C01
1033,BSc Computer Science,GE1401,CS1302A,15575,T03
1034,BSc Computer Science,GE1401,CS2115,10405,C01
1034,BSc Computer Science,GE1401,GE1401,10707,T32
1034,BSc Computer Science,GE1401,MA1508,11511,CA1
1034,BSc Computer Science,GE1401,MA1508,11709,TA1
1034,BSc Computer Science,GE1401,CS2115,15055,T04
1034,BSc Computer Science,GE1401,CS1302A,15568,C01
1034,BSc Computer Science,GE1401,CS1302A,15575,T03
1035,BSc Computer Science,GE1401,CS2115,10405,C01
1035,BSc Computer Science,GE1401,CS2115,10407,T02
1035,BSc Computer Science,GE1401,GE1401,10704,T29
1035,BSc Computer Science,GE1401,MA1508,13680,CB1
1035,BSc Computer Science,GE1401,MA1508,13681,TB1
1035,BSc Computer Science,GE1401,CS1302A,15568,C01
1035,BSc Computer Science,GE1401,CS1302A,15570,T01
1036,BSc Computer Science,GE1401,CS2115,10405,C01
1036,BSc Computer Science,GE1401,CS2115,10408,T03
1036,BSc Computer Science,GE1401,MA1508,13680,CB1
1036,BSc Computer Science,GE1401,MA1508,13681,TB1
1036,BSc Computer Science,GE1401,GE1401,14941,TA3
1036,BSc Computer Science,GE1401,CS1302A,15568,C01
1036,BSc Computer Science,GE1401,CS1302A,15573,T02
1037,BSc Computer Science,GE1401,CS2115,10405,C01
1037,BSc Computer Science,GE1401,MA1508,11511,CA1
1037,BSc Computer Science,GE1401,MA1508,11709,TA1
1037,BSc Computer Science,GE1401,GE1401,13571,T99
1037,BSc Computer Science,GE1401,CS2115,15055,T04
1037,BSc Computer Science,GE1401,CS1302A,15568,C01
1037,BSc Computer Science,GE1401,CS1302A,15575,T03
1038,BSc Computer Science,GE1401,CS2115,10405,C01
1038,BSc Computer Science,GE1401,MA1508,11511,CA1
1038,BSc Computer Science,GE1401,MA1508,11709,TA1
1038,BSc Computer Science,GE1401,CS2115,15055,T04
1038,BSc Computer Science,GE1401,GE1401,15182,TC3
1038,BSc Computer Science,GE1401,CS1302A,15568,C01
1038,BSc Computer Science,GE1401,CS1302A,15575,T03
1039,BSc Computer Science,GE1401,CS2115,10405,C01
1039,BSc Computer Science,GE1401,CS2115,10407,T02
1039,BSc Computer Science,GE1401,GE1401,10697,T21
1039,BSc Computer Science,GE1401,MA1508,13680,CB1
1039,BSc Computer Science,GE1401,MA1508,13681,TB1
1039,BSc Computer Science,GE1401,CS1302A,15568,C01
1039,BSc Computer Science,GE1401,CS1302A,15570,T01
1040,BSc Computer Science,GE1401,CS2115,10405,C01
1040,BSc Computer Science,GE1401,CS2115,10408,T03
1040,BSc Computer Science,GE1401,GE1401,13197,TA2
1040,BSc Computer Science,GE1401,MA1508,13680,CB1
1040,BSc Computer Science,GE1401,MA1508,13681,TB1
1040,BSc Computer Science,GE1401,CS1302A,15568,C01
1040,BSc Computer Science,GE1401,CS1302A,15573,T02
1041,BSc Computer Science,GE1401,CS2115,10405,C01
1041,BSc Computer Science,GE1401,CS2115,10408,T03
1041,BSc Computer Science,GE1401,MA1508,13680,CB1
1041,BSc Computer Science,GE1401,MA1508,13681,TB1
1041,BSc Computer Science,GE1401,CS1302A,15568,C01
1041,BSc Computer Science,GE1401,CS1302A,15573,T02
1041,BSc Computer Science,GE1401,GE1401,15600,T14
1042,BSc Computer Science,GE1401,CS2115,10405,C01
1042,BSc Computer Science,GE1401,CS2115,10408,T03
1042,BSc Computer Science,GE1401,GE1401,10680,T03
1042,BSc Computer Science,GE1401,MA1508,13680,CB1
1042,BSc Computer Science,GE1401,MA1508,13681,TB1
1042,BSc Computer Science,GE1401,CS1302A,15568,C01
1042,BSc Computer Science,GE1401,CS1302A,15573,T02
1043,BSc Computer Science,GE1401,CS2115,10405,C01
1043,BSc Computer Science,GE1401,CS2115,10407,T02
1043,BSc Computer Science,GE1401,GE1401,10729,T63
1043,BSc Computer Science,GE1401,MA1508,13680,CB1
1043,BSc Computer Science,GE1401,MA1508,13681,TB1
1043,BSc Computer Science,GE1401,CS1302A,15568,C01
1043,BSc Computer Science,GE1401,CS1302A,15570,T01
1044,BSc Computer Science,GE1401,CS2115,10405,C01
1044,BSc Computer Science,GE1401,GE1401,10716,T47
1044,BSc Computer Science,GE1401,MA1508,11511,CA1
1044,BSc Computer Science,GE1401,MA1508,11709,TA1
1044,BSc Computer Science,GE1401,CS2115,15055,T04
1044,BSc Computer Science,GE1401,CS1302A,15568,C01
1044,BSc Computer Science,GE1401,CS1302A,15575,T03
1045,BSc Computer Science,GE1401,CS2115,10405,C01
1045,BSc Computer Science,GE1401,MA1508,11511,CA1
1045,BSc Computer Science,GE1401,MA1508,11709,TA1
1045,BSc Computer Science,GE1401,CS2115,15055,T04
1045,BSc Computer Science,GE1401,GE1401,15182,TC3
1045,BSc Computer Science,GE1401,CS1302A,15568,C01
1045,BSc Computer Science,GE1401,CS1302A,15575,T03
1046,BSc Computer Science,GE1401,CS2115,10405,C01
1046,BSc Computer Science,GE1401,CS2115,10407,T02
1046,BSc Computer Science,GE1401,MA1508,13680,CB1
1046,BSc Computer Science,GE1401,MA1508,13681,TB1
1046,BSc Computer Science,GE1401,GE1401,14271,TB8
1046,BSc Computer Science,GE1401,CS1302A,15568,C01
1046,BSc Computer Science,GE1401,CS1302A,15570,T01
1047,BSc Computer Science,GE1401,CS2115,10405,C01
1047,BSc Computer Science,GE1401,CS2115,10407,T02
1047,BSc Computer Science,GE1401,GE1401,10697,T21
1047,BSc Computer Science,GE1401,MA1508,13680,CB1
1047,BSc Computer Science,GE1401,MA1508,13681,TB1
1047,BSc Computer Science,GE1401,CS1302A,15568,C01
1047,BSc Computer Science,GE1401,CS1302A,15570,T01
1048,BSc Computer Science,GE1401,CS2115,10405,C01
1048,BSc Computer Science,GE1401,CS2115,10408,T03
1048,BSc Computer Science,GE1401,GE1401,10680,T03
1048,BSc Computer Science,GE1401,MA1508,13680,CB1
1048,BSc Computer Science,GE1401,MA1508,13681,TB1
1048,BSc Computer Science,GE1401,CS1302A,15568,C01
1048,BSc Computer Science,GE1401,CS1302A,15573,T02
1049,BSc Computer Science,GE1401,CS2115,10405,C01
1049,BSc Computer Science,GE1401,CS2115,10407,T02
1049,BSc Computer Science,GE1401,MA1508,13680,CB1
1049,BSc Computer Science,GE1401,MA1508,13681,TB1
1049,BSc Computer Science,GE1401,CS1302A,15568,C01
1049,BSc Computer Science,GE1401,CS1302A,15570,T01
1049,BSc Computer Science,GE1401,GE1401,15600,T14
1050,BSc Computer Science,GE1401,CS2115,10405,C01
1050,BSc Computer Science,GE1401,CS2115,10407,T02
1050,BSc Computer Science,GE1401,GE1401,10729,T63
1050,BSc Computer Science,GE1401,MA1508,13680,CB1
1050,BSc Computer Science,GE1401,MA1508,13681,TB1
1050,BSc Computer Science,GE1401,CS1302A,15568,C01
1050,BSc Computer Science,GE1401,CS1302A,15570,T01
1051,BSc Computer Science,GE1401,GE1401,11070,TA1
1051,BSc Computer Science,GE1401,CS2115,11251,CB1
1051,BSc Computer Science,GE1401,CS2115,11252,TB2
1051,BSc Computer Science,GE1401,MA1508,13680,CB1
1051,BSc Computer Science,GE1401,MA1508,13681,TB1
1051,BSc Computer Science,GE1401,CS1302A,15568,C01
1051,BSc Computer Science,GE1401,CS1302A,15570,T01
1052,BSc Computer Science,GE1401,CS2115,10405,C01
1052,BSc Computer Science,GE1401,CS2115,10408,T03
1052,BSc Computer Science,GE1401,MA1508,13680,CB1
1052,BSc Computer Science,GE1401,MA1508,13681,TB1
1052,BSc Computer Science,GE1401,GE1401,14941,TA3
1052,BSc Computer Science,GE1401,CS1302A,15568,C01
1052,BSc Computer Science,GE1401,CS1302A,15573,T02
1053,BSc Computer Science,GE1401,CS2115,10405,C01
1053,BSc Computer Science,GE1401,CS2115,10407,T02
1053,BSc Computer Science,GE1401,MA1508,13680,CB1
1053,BSc Computer Science,GE1401,MA1508,13681,TB1
1053,BSc Computer Science,GE1401,CS1302A,15568,C01
1053,BSc Computer Science,GE1401,CS1302A,15570,T01
1053,BSc Computer Science,GE1401,GE1401,15600,T14
1054,BSc Computer Science,GE1401,CS2115,10405,C01
1054,BSc Computer Science,GE1401,CS2115,10408,T03
1054,BSc Computer Science,GE1401,MA1508,13680,CB1
1054,BSc Computer Science,GE1401,MA1508,13681,TB1
1054,BSc Computer Science,GE1401,GE1401,14271,TB8
1054,BSc Computer Science,GE1401,CS1302A,15568,C01
1054,BSc Computer Science,GE1401,CS1302A,15573,T02
1055,BSc Computer Science,GE1401,CS2115,10405,C01
1055,BSc Computer Science,GE1401,CS2115,10407,T02
1055,BSc Computer Science,GE1401,MA1508,13680,CB1
1055,BSc Computer Science,GE1401,MA1508,13681,TB1
1055,BSc Computer Science,GE1401,CS1302A,15568,C01
1055,BSc Computer Science,GE1401,CS1302A,15570,T01
1055,BSc Computer Science,GE1401,GE1401,15600,T14
1056,BSc Computer Science,GE1401,CS2115,10405,C01
1056,BSc Computer Science,GE1401,MA1508,11511,CA1
1056,BSc Computer Science,GE1401,MA1508,11709,TA1
1056,BSc Computer Science,GE1401,GE1401,13572,TB1
1056,BSc Computer Science,GE1401,CS2115,15055,T04
1056,BSc Computer Science,GE1401,CS1302A,15568,C01
1056,BSc Computer Science,GE1401,CS1302A,15575,T03
1057,BSc Computer Science,GE1401,CS2115,10405,C01
1057,BSc Computer Science,GE1401,CS2115,10407,T02
1057,BSc Computer Science,GE1401,GE1401,11070,TA1
1057,BSc Computer Science,GE1401,MA1508,13680,CB1
1057,BSc Computer Science,GE1401,MA1508,13681,TB1
1057,BSc Computer Science,GE1401,CS1302A,15568,C01
1057,BSc Computer Science,GE1401,CS1302A,15570,T01
1058,BSc Computer Science,GE1401,CS2115,10405,C01
1058,BSc Computer Science,GE1401,MA1508,11511,CA1
1058,BSc Computer Science,GE1401,MA1508,11709,TA1
1058,BSc Computer Science,GE1401,CS2115,15055,T04
1058,BSc Computer Science,GE1401,GE1401,15182,TC3
1058,BSc Computer Science,GE1401,CS1302A,15568,C01
1058,BSc Computer Science,GE1401,CS1302A,15575,T03
1059,BSc Computer Science,GE1401,CS2115,10405,C01
1059,BSc Computer Science,GE1401,GE1401,10729,T63
1059,BSc Computer Science,GE1401,MA1508,13680,CB1
1059,BSc Computer Science,GE1401,MA1508,13681,TB1
1059,BSc Computer Science,GE1401,CS2115,15055,T04
1059,BSc Computer Science,GE1401,CS1302A,15569,CA1
1059,BSc Computer Science,GE1401,CS1302A,15572,TA1
1060,BSc Computer Science,GE1401,CS2115,10405,C01
1060,BSc Computer Science,GE1401,CS2115,10408,T03
1060,BSc Computer Science,GE1401,MA1508,13680,CB1
1060,BSc Computer Science,GE1401,MA1508,13681,TB1
1060,BSc Computer Science,GE1401,GE1401,14941,TA3
1060,BSc Computer Science,GE1401,CS1302A,15568,C01
1060,BSc Computer Science,GE1401,CS1302A,15573,T02
1061,BSc Computer Science,GE1401,CS2115,10405,C01
1061,BSc Computer Science,GE1401,MA1508,11511,CA1
1061,BSc Computer Science,GE1401,MA1508,11709,TA1
1061,BSc Computer Science,GE1401,GE1401,13571,T99
1061,BSc Computer Science,GE1401,CS2115,15055,T04
1061,BSc Computer Science,GE1401,CS1302A,15568,C01
1061,BSc Computer Science,GE1401,CS1302A,15575,T03
1062,BSc Computer Science,GE1401,CS2115,10405,C01
1062,BSc Computer Science,GE1401,CS2115,10408,T03
1062,BSc Computer Science,GE1401,GE1401,10682,T05
1062,BSc Computer Science,GE1401,MA1508,13680,CB1
1062,BSc Computer Science,GE1401,MA1508,13681,TB1
1062,BSc Computer Science,GE1401,CS1302A,15568,C01
1062,BSc Computer Science,GE1401,CS1302A,15575,T03
1063,BSc Computer Science,GE1401,CS2115,10405,C01
1063,BSc Computer Science,GE1401,GE1401,10729,T63
1063,BSc Computer Science,GE1401,MA1508,13680,CB1
1063,BSc Computer Science,GE1401,MA1508,13681,TB1
1063,BSc Computer Science,GE1401,CS2115,15055,T04
1063,BSc Computer Science,GE1401,CS1302A,15569,CA1
1063,BSc Computer Science,GE1401,CS1302A,15572,TA1
1064,BSc Computer Science,GE1401,CS2115,10405,C01
1064,BSc Computer Science,GE1401,CS2115,10408,T03
1064,BSc Computer Science,GE1401,GE1401,11494,T76
1064,BSc Computer Science,GE1401,MA1508,13680,CB1
1064,BSc Computer Science,GE1401,MA1508,13681,TB1
1064,BSc Computer Science,GE1401,CS1302A,15568,C01
1064,BSc Computer Science,GE1401,CS1302A,15573,T02
1065,BSc Computer Science,GE1401,CS2115,10405,C01
1065,BSc Computer Science,GE1401,CS2115,10407,T02
1065,BSc Computer Science,GE1401,GE1401,10704,T29
1065,BSc Computer Science,GE1401,MA1508,13680,CB1
1065,BSc Computer Science,GE1401,MA1508,13681,TB1
1065,BSc Computer Science,GE1401,CS1302A,15568,C01
1065,BSc Computer Science,GE1401,CS1302A,15570,T01
1066,BSc Computer Science,GE1401,CS2115,10405,C01
1066,BSc Computer Science,GE1401,GE1401,11506,T78
1066,BSc Computer Science,GE1401,MA1508,11511,CA1
1066,BSc Computer Science,GE1401,MA1508,11709,TA1
1066,BSc Computer Science,GE1401,CS2115,15055,T04
1066,BSc Computer Science,GE1401,CS1302A,15568,C01
1066,BSc Computer Science,GE1401,CS1302A,15575,T03
1067,BSc Computer Science,GE1401,CS2115,10405,C01
1067,BSc Computer Science,GE1401,CS2115,10407,T02
1067,BSc Computer Science,GE1401,GE1401,10697,T21
1067,BSc Computer Science,GE1401,MA1508,13680,CB1
1067,BSc Computer Science,GE1401,MA1508,13681,TB1
1067,BSc Computer Science,GE1401,CS1302A,15568,C01
1067,BSc Computer Science,GE1401,CS1302A,15570,T01
1068,BSc Computer Science,GE1401,CS2115,10405,C01
1068,BSc Computer Science,GE1401,CS2115,10408,T03
1068,BSc Computer Science,GE1401,GE1401,10680,T03
1068,BSc Computer Science,GE1401,MA1508,13680,CB1
1068,BSc Computer Science,GE1401,MA1508,13681,TB1
1068,BSc Computer Science,GE1401,CS1302A,15568,C01
1068,BSc Computer Science,GE1401,CS1302A,15573,T02
1069,BSc Computer Science,GE1401,CS2115,10405,C01
1069,BSc Computer Science,GE1401,CS2115,10407,T02
1069,BSc Computer Science,GE1401,GE1401,10729,T63
1069,BSc Computer Science,GE1401,MA1508,13680,CB1
1069,BSc Computer Science,GE1401,MA1508,13681,TB1
1069,BSc Computer Science,GE1401,CS1302A,15568,C01
1069,BSc Computer Science,GE1401,CS1302A,15570,T01
1070,BSc Computer Science,GE1401,CS2115,10405,C01
1070,BSc Computer Science,GE1401,CS2115,10407,T02
1070,BSc Computer Science,GE1401,GE1401,13197,TA2
1070,BSc Computer Science,GE1401,MA1508,13680,CB1
1070,BSc Computer Science,GE1401,MA1508,13681,TB1
1070,BSc Computer Science,GE1401,CS1302A,15568,C01
1070,BSc Computer Science,GE1401,CS1302A,15570,T01
1071,BSc Computer Science,GE1401,CS2115,10405,C01
1071,BSc Computer Science,GE1401,CS2115,10407,T02
1071,BSc Computer Science,GE1401,GE1401,10680,T03
1071,BSc Computer Science,GE1401,MA1508,13680,CB1
1071,BSc Computer Science,GE1401,MA1508,13681,TB1
1071,BSc Computer Science,GE1401,CS1302A,15568,C01
1071,BSc Computer Science,GE1401,CS1302A,15570,T01
1072,BSc Computer Science,GE1401,CS2115,10405,C01
1072,BSc Computer Science,GE1401,CS2115,10407,T02
1072,BSc Computer Science,GE1401,GE1401,10704,T29
1072,BSc Computer Science,GE1401,MA1508,13680,CB1
1072,BSc Computer Science,GE1401,MA1508,13681,TB1
1072,BSc Computer Science,GE1401,CS1302A,15568,C01
1072,BSc Computer Science,GE1401,CS1302A,15570,T01
1073,BSc Computer Science,GE1401,CS2115,10405,C01
1073,BSc Computer Science,GE1401,GE1401,10729,T63
1073,BSc Computer Science,GE1401,MA1508,13680,CB1
1073,BSc Computer Science,GE1401,MA1508,13681,TB1
1073,BSc Computer Science,GE1401,CS2115,15055,T04
1073,BSc Computer Science,GE1401,CS1302A,15569,CA1
1073,BSc Computer Science,GE1401,CS1302A,15572,TA1
1074,BSc Computer Science,GE1401,CS2115,10405,C01
1074,BSc Computer Science,GE1401,CS2115,10407,T02
1074,BSc Computer Science,GE1401,GE1401,10729,T63
1074,BSc Computer Science,GE1401,MA1508,13680,CB1
1074,BSc Computer Science,GE1401,MA1508,13681,TB1
1074,BSc Computer Science,GE1401,CS1302A,15568,C01
1074,BSc Computer Science,GE1401,CS1302A,15570,T01
1075,BSc Computer Science,GE1401,CS2115,10405,C01
1075,BSc Computer Science,GE1401,CS2115,10407,T02
1075,BSc Computer Science,GE1401,GE1401,10729,T63
1075,BSc Computer Science,GE1401,MA1508,13680,CB1
1075,BSc Computer Science,GE1401,MA1508,13681,TB1
1075,BSc Computer Science,GE1401,CS1302A,15568,C01
1075,BSc Computer Science,GE1401,CS1302A,15570,T01
1076,BSc Computer Science,GE1401,CS2115,10405,C01
1076,BSc Computer Science,GE1401,CS2115,10407,T02
1076,BSc Computer Science,GE1401,MA1508,13680,CB1
1076,BSc Computer Science,GE1401,MA1508,13681,TB1
1076,BSc Computer Science,GE1401,CS1302A,15568,C01
1076,BSc Computer Science,GE1401,CS1302A,15570,T01
1076,BSc Computer Science,GE1401,GE1401,15600,T14
1077,BSc Computer Science,GE1401,CS2115,10405,C01
1077,BSc Computer Science,GE1401,CS2115,10407,T02
1077,BSc Computer Science,GE1401,GE1401,10697,T21
1077,BSc Computer Science,GE1401,MA1508,13680,CB1
1077,BSc Computer Science,GE1401,MA1508,13681,TB1
1077,BSc Computer Science,GE1401,CS1302A,15568,C01
1077,BSc Computer Science,GE1401,CS1302A,15570,T01
1078,BSc Computer Science,LC0200A,CS2115,10405,C01
1078,BSc Computer Science,LC0200A,CS2115,10407,T02
1078,BSc Computer Science,LC0200A,LC0200A,11975,T35
1078,BSc Computer Science,LC0200A,MA1508,13680,CB1
1078,BSc Computer Science,LC0200A,MA1508,13681,TB1
1078,BSc Computer Science,LC0200A,CS1302A,15568,C01
1078,BSc Computer Science,LC0200A,CS1302A,15570,T01
1079,BSc Computer Science,LC0200A,CS2115,10405,C01
1079,BSc Computer Science,LC0200A,CS2115,10408,T03
1079,BSc Computer Science,LC0200A,LC0200A,10882,T13
1079,BSc Computer Science,LC0200A,MA1508,13680,CB1
1079,BSc Computer Science,LC0200A,MA1508,13681,TB1
1079,BSc Computer Science,LC0200A,CS1302A,15568,C01
1079,BSc Computer Science,LC0200A,CS1302A,15573,T02
1080,BSc Computer Science,LC0200A,CS2115,10405,C01
1080,BSc Computer Science,LC0200A,CS2115,10408,T03
1080,BSc Computer Science,LC0200A,LC0200A,10886,T17
1080,BSc Computer Science,LC0200A,MA1508,13680,CB1
1080,BSc Computer Science,LC0200A,MA1508,13681,TB1
1080,BSc Computer Science,LC0200A,CS1302A,15568,C01
1080,BSc Computer Science,LC0200A,CS1302A,15573,T02
1081,BSc Computer Science,LC0200A,CS2115,10405,C01
1081,BSc Computer Science,LC0200A,CS2115,10408,T03
1081,BSc Computer Science,LC0200A,LC0200A,10883,T14
1081,BSc Computer Science,LC0200A,MA1508,13680,CB1
1081,BSc Computer Science,LC0200A,MA1508,13681,TB1
1081,BSc Computer Science,LC0200A,CS1302A,15568,C01
1081,BSc Computer Science,LC0200A,CS1302A,15573,T02
1082,BSc Computer Science,LC0200A,CS2115,10405,C01
1082,BSc Computer Science,LC0200A,CS2115,10408,T03
1082,BSc Computer Science,LC0200A,LC0200A,11170,T32
1082,BSc Computer Science,LC0200A,MA1508,13680,CB1
1082,BSc Computer Science,LC0200A,MA1508,13681,TB1
1082,BSc Computer Science,LC0200A,CS1302A,15568,C01
1082,BSc Computer Science,LC0200A,CS1302A,15573,T02
1083,BSc Computer Science,LC0200A,CS2115,10405,C01
1083,BSc Computer Science,LC0200A,LC0200A,10876,T07
1083,BSc Computer Science,LC0200A,MA1508,11511,CA1
1083,BSc Computer Science,LC0200A,MA1508,11709,TA1
1083,BSc Computer Science,LC0200A,CS2115,15055,T04
1083,BSc Computer Science,LC0200A,CS1302A,15568,C01
1083,BSc Computer Science,LC0200A,CS1302A,15575,T03
1084,BSc Computer Science,LC0200A,CS2115,10405,C01
1084,BSc Computer Science,LC0200A,CS2115,10408,T03
1084,BSc Computer Science,LC0200A,LC0200A,11170,T32
1084,BSc Computer Science,LC0200A,MA1508,13680,CB1
1084,BSc Computer Science,LC0200A,MA1508,13681,TB1
1084,BSc Computer Science,LC0200A,CS1302A,15568,C01
1084,BSc Computer Science,LC0200A,CS1302A,15573,T02
1085,BSc Computer Science,LC0200A,CS2115,10405,C01
1085,BSc Computer Science,LC0200A,CS2115,10408,T03
1085,BSc Computer Science,LC0200A,LC0200A,10886,T17
1085,BSc Computer Science,LC0200A,MA1508,13680,CB1
1085,BSc Computer Science,LC0200A,MA1508,13681,TB1
1085,BSc Computer Science,LC0200A,CS1302A,15568,C01
1085,BSc Computer Science,LC0200A,CS1302A,15573,T02
1086,BSc Computer Science,LC0200A,CS2115,10405,C01
1086,BSc Computer Science,LC0200A,CS2115,10408,T03
1086,BSc Computer Science,LC0200A,LC0200A,10886,T17
1086,BSc Computer Science,LC0200A,MA1508,13680,CB1
1086,BSc Computer Science,LC0200A,MA1508,13681,TB1
1086,BSc Computer Science,LC0200A,CS1302A,15568,C01
1086,BSc Computer Science,LC0200A,CS1302A,15573,T02
1087,BSc Computer Science,LC0200A,CS2115,10405,C01
1087,BSc Computer Science,LC0200A,CS2115,10408,T03
1087,BSc Computer Science,LC0200A,LC0200A,10886,T17
1087,BSc Computer Science,LC0200A,MA1508,13680,CB1
1087,BSc Computer Science,LC0200A,MA1508,13681,TB1
1087,BSc Computer Science,LC0200A,CS1302A,15568,C01
1087,BSc Computer Science,LC0200A,CS1302A,15573,T02
1088,BSc Computer Science,LC0200A,CS2115,10405,C01
1088,BSc Computer Science,LC0200A,CS2115,10407,T02
1088,BSc Computer Science,LC0200A,LC0200A,12320,T38
1088,BSc Computer Science,LC0200A,MA1508,13680,CB1
1088,BSc Computer Science,LC0200A,MA1508,13681,TB1
1088,BSc Computer Science,LC0200A,CS1302A,15568,C01
1088,BSc Computer Science,LC0200A,CS1302A,15570,T01
1089,BSc Computer Science,LC0200A,CS2115,10405,C01
1089,BSc Computer Science,LC0200A,CS2115,10407,T02
1089,BSc Computer Science,LC0200A,LC0200A,11975,T35
1089,BSc Computer Science,LC0200A,MA1508,13680,CB1
1089,BSc Computer Science,LC0200A,MA1508,13681,TB1
1089,BSc Computer Science,LC0200A,CS1302A,15568,C01
1089,BSc Computer Science,LC0200A,CS1302A,15570,T01
1090,BSc Computer Science,LC0200A,CS2115,10405,C01
1090,BSc Computer Science,LC0200A,LC0200A,11449,T34
1090,BSc Computer Science,LC0200A,MA1508,11511,CA1
1090,BSc Computer Science,LC0200A,MA1508,11709,TA1
1090,BSc Computer Science,LC0200A,CS2115,15055,T04
1090,BSc Computer Science,LC0200A,CS1302A,15568,C01
1090,BSc Computer Science,LC0200A,CS1302A,15575,T03
1091,BSc Computer Science,LC0200A,CS2115,10405,C01
1091,BSc Computer Science,LC0200A,LC0200A,10893,T25
1091,BSc Computer Science,LC0200A,MA1508,11511,CA1
1091,BSc Computer Science,LC0200A,MA1508,11709,TA1
1091,BSc Computer Science,LC0200A,CS2115,15055,T04
1091,BSc Computer Science,LC0200A,CS1302A,15568,C01
1091,BSc Computer Science,LC0200A,CS1302A,15575,T03
1092,BSc Computer Science,LC0200A,CS2115,10405,C01
1092,BSc Computer Science,LC0200A,LC0200A,10876,T07
1092,BSc Computer Science,LC0200A,MA1508,11511,CA1
1092,BSc Computer Science,LC0200A,MA1508,11709,TA1
1092,BSc Computer Science,LC0200A,CS2115,15055,T04
1092,BSc Computer Science,LC0200A,CS1302A,15568,C01
1092,BSc Computer Science,LC0200A,CS1302A,15575,T03
1093,BSc Computer Science,LC0200A,CS2115,10405,C01
1093,BSc Computer Science,LC0200A,CS2115,10408,T03
1093,BSc Computer Science,LC0200A,LC0200A,10886,T17
1093,BSc Computer Science,LC0200A,MA1508,13680,CB1
1093,BSc Computer Science,LC0200A,MA1508,13681,TB1
1093,BSc Computer Science,LC0200A,CS1302A,15568,C01
1093,BSc Computer Science,LC0200A,CS1302A,15573,T02
1094,BSc Computer Science,LC0200A,CS2115,10405,C01
1094,BSc Computer Science,LC0200A,CS2115,10408,T03
1094,BSc Computer Science,LC0200A,LC0200A,11170,T32
1094,BSc Computer Science,LC0200A,MA1508,13680,CB1
1094,BSc Computer Science,LC0200A,MA1508,13681,TB1
1094,BSc Computer Science,LC0200A,CS1302A,15568,C01
1094,BSc Computer Science,LC0200A,CS1302A,15573,T02
1095,BSc Computer Science,LC0200A,CS2115,10405,C01
1095,BSc Computer Science,LC0200A,LC0200A,10876,T07
1095,BSc Computer Science,LC0200A,MA1508,11511,CA1
1095,BSc Computer Science,LC0200A,MA1508,11709,TA1
1095,BSc Computer Science,LC0200A,CS2115,15055,T04
1095,BSc Computer Science,LC0200A,CS1302A,15568,C01
1095,BSc Computer Science,LC0200A,CS1302A,15575,T03
1096,BSc Computer Science,LC0200A,CS2115,10405,C01
1096,BSc Computer Science,LC0200A,CS2115,10407,T02
1096,BSc Computer Science,LC0200A,LC0200A,12320,T38
1096,BSc Computer Science,LC0200A,MA1508,13680,CB1
1096,BSc Computer Science,LC0200A,MA1508,13681,TB1
1096,BSc Computer Science,LC0200A,CS1302A,15568,C01
1096,BSc Computer Science,LC0200A,CS1302A,15570,T01
1097,BSc Computer Science,LC0200A,CS2115,10405,C01
1097,BSc Computer Science,LC0200A,LC0200A,10893,T25
1097,BSc Computer Science,LC0200A,MA1508,11511,CA1
1097,BSc Computer Science,LC0200A,MA1508,11709,TA1
1097,BSc Computer Science,LC0200A,CS2115,15055,T04
1097,BSc Computer Science,LC0200A,CS1302A,15568,C01
1097,BSc Computer Science,LC0200A,CS1302A,15575,T03
1098,BSc Computer Science,LC0200A,CS2115,10405,C01
1098,BSc Computer Science,LC0200A,CS2115,10407,T02
1098,BSc Computer Science,LC0200A,LC0200A,12320,T38
1098,BSc Computer Science,LC0200A,MA1508,13680,CB1
1098,BSc Computer Science,LC0200A,MA1508,13681,TB1
1098,BSc Computer Science,LC0200A,CS1302A,15568,C01
1098,BSc Computer Science,LC0200A,CS1302A,15570,T01
1099,BSc Computer Science,LC0200A,CS2115,11251,CB1
1099,BSc Computer Science,LC0200A,LC0200A,12320,T38
1099,BSc Computer Science,LC0200A,MA1508,13680,CB1
1099,BSc Computer Science,LC0200A,MA1508,13681,TB1
1099,BSc Computer Science,LC0200A,CS2115,15275,TB4
1099,BSc Computer Science,LC0200A,CS1302A,15568,C01
1099,BSc Computer Science,LC0200A,CS1302A,15570,T01
1100,BSc Computer Science,LC0200A,CS2115,10405,C01
1100,BSc Computer Science,LC0200A,LC0200A,10893,T25
1100,BSc Computer Science,LC0200A,MA1508,11511,CA1
1100,BSc Computer Science,LC0200A,MA1508,11709,TA1
1100,BSc Computer Science,LC0200A,CS2115,15055,T04
1100,BSc Computer Science,LC0200A,CS1302A,15568,C01
1100,BSc Computer Science,LC0200A,CS1302A,15575,T03
1101,BSc Computer Science,LC0200A,CS2115,10405,C01
1101,BSc Computer Science,LC0200A,CS2115,10408,T03
1101,BSc Computer Science,LC0200A,LC0200A,10886,T17
1101,BSc Computer Science,LC0200A,MA1508,13680,CB1
1101,BSc Computer Science,LC0200A,MA1508,13681,TB1
1101,BSc Computer Science,LC0200A,CS1302A,15568,C01
1101,BSc Computer Science,LC0200A,CS1302A,15573,T02
1102,BSc Computer Science,LC0200A,CS2115,10405,C01
1102,BSc Computer Science,LC0200A,LC0200A,10893,T25
1102,BSc Computer Science,LC0200A,MA1508,11511,CA1
1102,BSc Computer Science,LC0200A,MA1508,11709,TA1
1102,BSc Computer Science,LC0200A,CS2115,15055,T04
1102,BSc Computer Science,LC0200A,CS1302A,15568,C01
1102,BSc Computer Science,LC0200A,CS1302A,15575,T03
1103,BSc Computer Science,LC0200A,CS2115,10405,C01
1103,BSc Computer Science,LC0200A,CS2115,10408,T03
1103,BSc Computer Science,LC0200A,LC0200A,11170,T32
1103,BSc Computer Science,LC0200A,MA1508,13680,CB1
1103,BSc Computer Science,LC0200A,MA1508,13681,TB1
1103,BSc Computer Science,LC0200A,CS1302A,15568,C01
1103,BSc Computer Science,LC0200A,CS1302A,15573,T02
1104,BSc Computer Science,LC0200A,CS2115,10405,C01
1104,BSc Computer Science,LC0200A,LC0200A,12320,T38
1104,BSc Computer Science,LC0200A,MA1508,13680,CB1
1104,BSc Computer Science,LC0200A,MA1508,13681,TB1
1104,BSc Computer Science,LC0200A,CS2115,15055,T04
1104,BSc Computer Science,LC0200A,CS1302A,15569,CA1
1104,BSc Computer Science,LC0200A,CS1302A,15572,TA1
1105,BSc Computer Science,LC0200A,CS2115,10405,C01
1105,BSc Computer Science,LC0200A,CS2115,10408,T03
1105,BSc Computer Science,LC0200A,LC0200A,10883,T14
1105,BSc Computer Science,LC0200A,MA1508,13680,CB1
1105,BSc Computer Science,LC0200A,MA1508,13681,TB1
1105,BSc Computer Science,LC0200A,CS1302A,15568,C01
1105,BSc Computer Science,LC0200A,CS1302A,15573,T02
1106,BSc Computer Science,LC0200A,CS2115,10405,C01
1106,BSc Computer Science,LC0200A,LC0200A,10876,T07
1106,BSc Computer Science,LC0200A,MA1508,11511,CA1
1106,BSc Computer Science,LC0200A,MA1508,11709,TA1
1106,BSc Computer Science,LC0200A,CS2115,15055,T04
1106,BSc Computer Science,LC0200A,CS1302A,15568,C01
1106,BSc Computer Science,LC0200A,CS1302A,15575,T03
1107,BSc Computer Science,LC0200A,CS2115,10405,C01
1107,BSc Computer Science,LC0200A,CS2115,10407,T02
1107,BSc Computer Science,LC0200A,LC0200A,11975,T35
1107,BSc Computer Science,LC0200A,MA1508,13680,CB1
1107,BSc Computer Science,LC0200A,MA1508,13681,TB1
1107,BSc Computer Science,LC0200A,CS1302A,15568,C01
1107,BSc Computer Science,LC0200A,CS1302A,15570,T01
1108,BSc Computer Science,LC0200A,CS2115,10405,C01
1108,BSc Computer Science,LC0200A,CS2115,10408,T03
1108,BSc Computer Science,LC0200A,LC0200A,10883,T14
1108,BSc Computer Science,LC0200A,MA1508,13680,CB1
1108,BSc Computer Science,LC0200A,MA1508,13681,TB1
1108,BSc Computer Science,LC0200A,CS1302A,15568,C01
1108,BSc Computer Science,LC0200A,CS1302A,15573,T02
1109,BSc Computer Science,LC0200A,CS2115,10405,C01
1109,BSc Computer Science,LC0200A,CS2115,10408,T03
1109,BSc Computer Science,LC0200A,LC0200A,10875,T06
1109,BSc Computer Science,LC0200A,MA1508,13680,CB1
1109,BSc Computer Science,LC0200A,MA1508,13681,TB1
1109,BSc Computer Science,LC0200A,CS1302A,15568,C01
1109,BSc Computer Science,LC0200A,CS1302A,15575,T03
1110,BSc Computer Science,LC0200A,CS2115,10405,C01
1110,BSc Computer Science,LC0200A,CS2115,10407,T02
1110,BSc Computer Science,LC0200A,LC0200A,11975,T35
1110,BSc Computer Science,LC0200A,MA1508,13680,CB1
1110,BSc Computer Science,LC0200A,MA1508,13681,TB1
1110,BSc Computer Science,LC0200A,CS1302A,15568,C01
1110,BSc Computer Science,LC0200A,CS1302A,15570,T01
1111,BSc Computer Science,LC0200A,CS2115,11251,CB1
1111,BSc Computer Science,LC0200A,LC0200A,12320,T38
1111,BSc Computer Science,LC0200A,MA1508,13680,CB1
1111,BSc Computer Science,LC0200A,MA1508,13681,TB1
1111,BSc Computer Science,LC0200A,CS2115,15275,TB4
1111,BSc Computer Science,LC0200A,CS1302A,15568,C01
1111,BSc Computer Science,LC0200A,CS1302A,15570,T01
1112,BSc Computer Science,LC0200A,CS2115,10405,C01
1112,BSc Computer Science,LC0200A,CS2115,10407,T02
1112,BSc Computer Science,LC0200A,LC0200A,11975,T35
1112,BSc Computer Science,LC0200A,MA1508,13680,CB1
1112,BSc Computer Science,LC0200A,MA1508,13681,TB1
1112,BSc Computer Science,LC0200A,CS1302A,15568,C01
1112,BSc Computer Science,LC0200A,CS1302A,15570,T01
1113,BSc Computer Science,LC0200A,CS2115,10405,C01
1113,BSc Computer Science,LC0200A,CS2115,10408,T03
1113,BSc Computer Science,LC0200A,LC0200A,10883,T14
1113,BSc Computer Science,LC0200A,MA1508,13680,CB1
1113,BSc Computer Science,LC0200A,MA1508,13681,TB1
1113,BSc Computer Science,LC0200A,CS1302A,15568,C01
1113,BSc Computer Science,LC0200A,CS1302A,15573,T02
1114,BSc Computer Science,LC0200A,CS2115,10405,C01
1114,BSc Computer Science,LC0200A,CS2115,10408,T03
1114,BSc Computer Science,LC0200A,LC0200A,10886,T17
1114,BSc Computer Science,LC0200A,MA1508,13680,CB1
1114,BSc Computer Science,LC0200A,MA1508,13681,TB1
1114,BSc Computer Science,LC0200A,CS1302A,15568,C01
1114,BSc Computer Science,LC0200A,CS1302A,15573,T02
1115,BSc Computer Science,LC0200A,CS2115,10405,C01
1115,BSc Computer Science,LC0200A,CS2115,10407,T02
1115,BSc Computer Science,LC0200A,LC0200A,11975,T35
1115,BSc Computer Science,LC0200A,MA1508,13680,CB1
1115,BSc Computer Science,LC0200A,MA1508,13681,TB1
1115,BSc Computer Science,LC0200A,CS1302A,15568,C01
1115,BSc Computer Science,LC0200A,CS1302A,15570,T01
1116,BSc Computer Science,LC0200A,CS2115,10405,C01
1116,BSc Computer Science,LC0200A,CS2115,10408,T03
1116,BSc Computer Science,LC0200A,LC0200A,10883,T14
1116,BSc Computer Science,LC0200A,MA1508,13680,CB1
1116,BSc Computer Science,LC0200A,MA1508,13681,TB1
1116,BSc Computer Science,LC0200A,CS1302A,15568,C01
1116,BSc Computer Science,LC0200A,CS1302A,15573,T02
1117,BSc Computer Science,LC0200A,CS2115,10405,C01
1117,BSc Computer Science,LC0200A,LC0200A,10893,T25
1117,BSc Computer Science,LC0200A,MA1508,11511,CA1
1117,BSc Computer Science,LC0200A,MA1508,11709,TA1
1117,BSc Computer Science,LC0200A,CS2115,15055,T04
1117,BSc Computer Science,LC0200A,CS1302A,15568,C01
1117,BSc Computer Science,LC0200A,CS1302A,15575,T03
1118,BSc Computer Science,LC0200A,CS2115,10405,C01
1118,BSc Computer Science,LC0200A,CS2115,10408,T03
1118,BSc Computer Science,LC0200A,LC0200A,10886,T17
1118,BSc Computer Science,LC0200A,MA1508,13680,CB1
1118,BSc Computer Science,LC0200A,MA1508,13681,TB1
1118,BSc Computer Science,LC0200A,CS1302A,15568,C01
1118,BSc Computer Science,LC0200A,CS1302A,15573,T02
1119,BSc Computer Science,LC0200A,CS2115,10405,C01
1119,BSc Computer Science,LC0200A,LC0200A,10876,T07
1119,BSc Computer Science,LC0200A,MA1508,11511,CA1
1119,BSc Computer Science,LC0200A,MA1508,11709,TA1
1119,BSc Computer Science,LC0200A,CS2115,15055,T04
1119,BSc Computer Science,LC0200A,CS1302A,15568,C01
1119,BSc Computer Science,LC0200A,CS1302A,15575,T03
1120,BSc Computer Science,LC0200A,CS2115,11251,CB1
1120,BSc Computer Science,LC0200A,LC0200A,12320,T38
1120,BSc Computer Science,LC0200A,MA1508,13680,CB1
1120,BSc Computer Science,LC0200A,MA1508,13681,TB1
1120,BSc Computer Science,LC0200A,CS2115,15275,TB4
1120,BSc Computer Science,LC0200A,CS1302A,15568,C01
1120,BSc Computer Science,LC0200A,CS1302A,15570,T01
1121,BSc Computer Science,LC0200A,LC0200A,10882,T13
1121,BSc Computer Science,LC0200A,CS2115,11251,CB1
1121,BSc Computer Science,LC0200A,CS2115,11253,TB3
1121,BSc Computer Science,LC0200A,MA1508,13680,CB1
1121,BSc Computer Science,LC0200A,MA1508,13681,TB1
1121,BSc Computer Science,LC0200A,CS1302A,15568,C01
1121,BSc Computer Science,LC0200A,CS1302A,15573,T02
1122,BSc Computer Science,LC0200A,CS2115,10405,C01
1122,BSc Computer Science,LC0200A,CS2115,10408,T03
1122,BSc Computer Science,LC0200A,LC0200A,10882,T13
1122,BSc Computer Science,LC0200A,MA1508,13680,CB1
1122,BSc Computer Science,LC0200A,MA1508,13681,TB1
1122,BSc Computer Science,LC0200A,CS1302A,15568,C01
1122,BSc Computer Science,LC0200A,CS1302A,15573,T02
1123,BSc Computer Science,LC0200A,CS2115,10405,C01
1123,BSc Computer Science,LC0200A,CS2115,10408,T03
1123,BSc Computer Science,LC0200A,LC0200A,10883,T14
1123,BSc Computer Science,LC0200A,MA1508,13680,CB1
1123,BSc Computer Science,LC0200A,MA1508,13681,TB1
1123,BSc Computer Science,LC0200A,CS1302A,15568,C01
1123,BSc Computer Science,LC0200A,CS1302A,15573,T02
1124,BSc Computer Science,LC0200A,CS2115,10405,C01
1124,BSc Computer Science,LC0200A,LC0200A,12320,T38
1124,BSc Computer Science,LC0200A,MA1508,13680,CB1
1124,BSc Computer Science,LC0200A,MA1508,13681,TB1
1124,BSc Computer Science,LC0200A,CS2115,15055,T04
1124,BSc Computer Science,LC0200A,CS1302A,15568,C01
1124,BSc Computer Science,LC0200A,CS1302A,15570,T01
1125,BSc Computer Science,LC0200A,CS2115,10405,C01
1125,BSc Computer Science,LC0200A,CS2115,10408,T03
1125,BSc Computer Science,LC0200A,LC0200A,11170,T32
1125,BSc Computer Science,LC0200A,MA1508,13680,CB1
1125,BSc Computer Science,LC0200A,MA1508,13681,TB1
1125,BSc Computer Science,LC0200A,CS1302A,15568,C01
1125,BSc Computer Science,LC0200A,CS1302A,15573,T02
1126,BSc Computer Science,LC0200A,CS2115,10405,C01
1126,BSc Computer Science,LC0200A,CS2115,10407,T02
1126,BSc Computer Science,LC0200A,LC0200A,11170,T32
1126,BSc Computer Science,LC0200A,MA1508,13680,CB1
1126,BSc Computer Science,LC0200A,MA1508,13681,TB1
1126,BSc Computer Science,LC0200A,CS1302A,15568,C01
1126,BSc Computer Science,LC0200A,CS1302A,15570,T01
1127,BSc Computer Science,LC0200A,CS2115,10405,C01
1127,BSc Computer Science,LC0200A,LC0200A,10876,T07
1127,BSc Computer Science,LC0200A,MA1508,11511,CA1
1127,BSc Computer Science,LC0200A,MA1508,11709,TA1
1127,BSc Computer Science,LC0200A,CS2115,15055,T04
1127,BSc Computer Science,LC0200A,CS1302A,15568,C01
1127,BSc Computer Science,LC0200A,CS1302A,15575,T03
1128,BSc Computer Science,LC0200A,CS2115,10405,C01
1128,BSc Computer Science,LC0200A,CS2115,10408,T03
1128,BSc Computer Science,LC0200A,LC0200A,10886,T17
1128,BSc Computer Science,LC0200A,MA1508,13680,CB1
1128,BSc Computer Science,LC0200A,MA1508,13681,TB1
1128,BSc Computer Science,LC0200A,CS1302A,15568,C01
1128,BSc Computer Science,LC0200A,CS1302A,15573,T02
1129,BSc Computer Science,LC0200A,CS2115,10405,C01
1129,BSc Computer Science,LC0200A,LC0200A,12320,T38
1129,BSc Computer Science,LC0200A,MA1508,13680,CB1
1129,BSc Computer Science,LC0200A,MA1508,13681,TB1
1129,BSc Computer Science,LC0200A,CS2115,15055,T04
1129,BSc Computer Science,LC0200A,CS1302A,15569,CA1
1129,BSc Computer Science,LC0200A,CS1302A,15572,TA1
1130,BSc Data Science,GE1401,GE1401,10686,T09
1130,BSc Data Science,GE1401,MA1508,11511,CA1
1130,BSc Data Science,GE1401,MA1508,11709,TA1
1130,BSc Data Science,GE1401,DSC1001,12087,C01
1130,BSc Data Science,GE1401,CS1315,13018,C01
1130,BSc Data Science,GE1401,CS1315,13021,L02
1131,BSc Data Science,GE1401,MA1508,11511,CA1
1131,BSc Data Science,GE1401,MA1508,11709,TA1
1131,BSc Data Science,GE1401,DSC1001,12087,C01
1131,BSc Data Science,GE1401,CS1315,13018,C01
1131,BSc Data Science,GE1401,CS1315,13021,L02
1131,BSc Data Science,GE1401,GE1401,15601,T28
1132,BSc Data Science,GE1401,GE1401,10720,T53
1132,BSc Data Science,GE1401,DSC1001,12087,C01
1132,BSc Data Science,GE1401,CS1315,13018,C01
1132,BSc Data Science,GE1401,CS1315,13020,L01
1132,BSc Data Science,GE1401,MA1508,13680,CB1
1132,BSc Data Science,GE1401,MA1508,13681,TB1
1133,BSc Data Science,GE1401,MA1508,11511,CA1
1133,BSc Data Science,GE1401,MA1508,11709,TA1
1133,BSc Data Science,GE1401,DSC1001,12087,C01
1133,BSc Data Science,GE1401,CS1315,13018,C01
1133,BSc Data Science,GE1401,CS1315,13021,L02
1133,BSc Data Science,GE1401,GE1401,15601,T28
1134,BSc Data Science,GE1401,MA1508,11511,CA1
1134,BSc Data Science,GE1401,MA1508,11709,TA1
1134,BSc Data Science,GE1401,DSC1001,12087,C01
1134,BSc Data Science,GE1401,CS1315,13018,C01
1134,BSc Data Science,GE1401,CS1315,13022,L03
1134,BSc Data Science,GE1401,GE1401,13572,TB1
1135,BSc Data Science,GE1401,GE1401,10726,T59
1135,BSc Data Science,GE1401,MA1508,11511,CA1
1135,BSc Data Science,GE1401,MA1508,11709,TA1
1135,BSc Data Science,GE1401,DSC1001,12087,C01
1135,BSc Data Science,GE1401,CS1315,13018,C01
1135,BSc Data Science,GE1401,CS1315,13022,L03
1136,BSc Data Science,GE1401,MA1508,11511,CA1
1136,BSc Data Science,GE1401,MA1508,11709,TA1
1136,BSc Data Science,GE1401,DSC1001,12087,C01
1136,BSc Data Science,GE1401,CS1315,13018,C01
1136,BSc Data Science,GE1401,CS1315,13021,L02
1136,BSc Data Science,GE1401,GE1401,15601,T28
1137,BSc Data Science,GE1401,GE1401,11506,T78
1137,BSc Data Science,GE1401,MA1508,11511,CA1
1137,BSc Data Science,GE1401,MA1508,11709,TA1
1137,BSc Data Science,GE1401,DSC1001,12087,C01
1137,BSc Data Science,GE1401,CS1315,13018,C01
1137,BSc Data Science,GE1401,CS1315,13022,L03
1138,BSc Data Science,GE1401,DSC1001,12087,C01
1138,BSc Data Science,GE1401,CS1315,13018,C01
1138,BSc Data Science,GE1401,CS1315,13023,L04
1138,BSc Data Science,GE1401,MA1508,13680,CB1
1138,BSc Data Science,GE1401,MA1508,13681,TB1
1138,BSc Data Science,GE1401,GE1401,15206,TC6
1139,BSc Data Science,GE1401,GE1401,10686,T09
1139,BSc Data Science,GE1401,MA1508,11511,CA1
1139,BSc Data Science,GE1401,MA1508,11709,TA1
1139,BSc Data Science,GE1401,DSC1001,12087,C01
1139,BSc Data Science,GE1401,CS1315,13018,C01
1139,BSc Data Science,GE1401,CS1315,13021,L02
1140,BSc Data Science,GE1401,GE1401,10686,T09
1140,BSc Data Science,GE1401,MA1508,11511,CA1
1140,BSc Data Science,GE1401,MA1508,11709,TA1
1140,BSc Data Science,GE1401,DSC1001,12087,C01
1140,BSc Data Science,GE1401,CS1315,13018,C01
1140,BSc Data Science,GE1401,CS1315,13021,L02
1141,BSc Data Science,GE1401,DSC1001,12087,C01
1141,BSc Data Science,GE1401,CS1315,13018,C01
1141,BSc Data Science,GE1401,CS1315,13020,L01
1141,BSc Data Science,GE1401,GE1401,13568,T96
1141,BSc Data Science,GE1401,MA1508,13680,CB1
1141,BSc Data Science,GE1401,MA1508,13681,TB1
1142,BSc Data Science,GE1401,GE1401,11494,T76
1142,BSc Data Science,GE1401,MA1508,11511,CA1
1142,BSc Data Science,GE1401,MA1508,11709,TA1
1142,BSc Data Science,GE1401,DSC1001,12087,C01
1142,BSc Data Science,GE1401,CS1315,13018,C01
1142,BSc Data Science,GE1401,CS1315,13021,L02
1143,BSc Data Science,GE1401,MA1508,11511,CA1
1143,BSc Data Science,GE1401,MA1508,11709,TA1
1143,BSc Data Science,GE1401,DSC1001,12087,C01
1143,BSc Data Science,GE1401,GE1401,12398,T70
1143,BSc Data Science,GE1401,CS1315,13018,C01
1143,BSc Data Science,GE1401,CS1315,13021,L02
1144,BSc Data Science,GE1401,DSC1001,12087,C01
1144,BSc Data Science,GE1401,CS1315,13018,C01
1144,BSc Data Science,GE1401,CS1315,13020,L01
1144,BSc Data Science,GE1401,GE1401,13568,T96
1144,BSc Data Science,GE1401,MA1508,13680,CB1
1144,BSc Data Science,GE1401,MA1508,13681,TB1
1145,BSc Data Science,GE1401,GE1401,10686,T09
1145,BSc Data Science,GE1401,MA1508,11511,CA1
1145,BSc Data Science,GE1401,MA1508,11709,TA1
1145,BSc Data Science,GE1401,DSC1001,12087,C01
1145,BSc Data Science,GE1401,CS1315,13018,C01
1145,BSc Data Science,GE1401,CS1315,13021,L02
1146,BSc Data Science,GE1401,GE1401,10717,T48
1146,BSc Data Science,GE1401,MA1508,11511,CA1
1146,BSc Data Science,GE1401,MA1508,11709,TA1
1146,BSc Data Science,GE1401,DSC1001,12087,C01
1146,BSc Data Science,GE1401,CS1315,13018,C01
1146,BSc Data Science,GE1401,CS1315,13021,L02
1147,BSc Data Science,GE1401,DSC1001,12087,C01
1147,BSc Data Science,GE1401,CS1315,13018,C01
1147,BSc Data Science,GE1401,CS1315,13020,L01
1147,BSc Data Science,GE1401,GE1401,13568,T96
1147,BSc Data Science,GE1401,MA1508,13680,CB1
1147,BSc Data Science,GE1401,MA1508,13681,TB1
1148,BSc Data Science,GE1401,GE1401,10720,T53
1148,BSc Data Science,GE1401,DSC1001,12087,C01
1148,BSc Data Science,GE1401,CS1315,13018,C01
1148,BSc Data Science,GE1401,CS1315,13020,L01
1148,BSc Data Science,GE1401,MA1508,13680,CB1
1148,BSc Data Science,GE1401,MA1508,13681,TB1
1149,BSc Data Science,GE1401,GE1401,10685,T08
1149,BSc Data Science,GE1401,MA1508,11511,CA1
1149,BSc Data Science,GE1401,MA1508,11709,TA1
1149,BSc Data Science,GE1401,DSC1001,12087,C01
1149,BSc Data Science,GE1401,CS1315,13018,C01
1149,BSc Data Science,GE1401,CS1315,13021,L02
1150,BSc Data Science,GE1401,GE1401,10726,T59
1150,BSc Data Science,GE1401,MA1508,11511,CA1
1150,BSc Data Science,GE1401,MA1508,11709,TA1
1150,BSc Data Science,GE1401,DSC1001,12087,C01
1150,BSc Data Science,GE1401,CS1315,13018,C01
1150,BSc Data Science,GE1401,CS1315,13022,L03
1151,BSc Data Science,GE1401,GE1401,10730,T64
1151,BSc Data Science,GE1401,MA1508,11511,CA1
1151,BSc Data Science,GE1401,MA1508,11709,TA1
1151,BSc Data Science,GE1401,DSC1001,12087,C01
1151,BSc Data Science,GE1401,CS1315,13018,C01
1151,BSc Data Science,GE1401,CS1315,13022,L03
1152,BSc Data Science,GE1401,GE1401,11498,T83
1152,BSc Data Science,GE1401,MA1508,11511,CA1
1152,BSc Data Science,GE1401,MA1508,11709,TA1
1152,BSc Data Science,GE1401,DSC1001,12087,C01
1152,BSc Data Science,GE1401,CS1315,13018,C01
1152,BSc Data Science,GE1401,CS1315,13022,L03
1153,BSc Data Science,GE1401,GE1401,10720,T53
1153,BSc Data Science,GE1401,DSC1001,12087,C01
1153,BSc Data Science,GE1401,CS1315,13018,C01
1153,BSc Data Science,GE1401,CS1315,13020,L01
1153,BSc Data Science,GE1401,MA1508,13680,CB1
1153,BSc Data Science,GE1401,MA1508,13681,TB1
1154,BSc Data Science,GE1401,GE1401,11504,T90
1154,BSc Data Science,GE1401,MA1508,11511,CA1
1154,BSc Data Science,GE1401,MA1508,11709,TA1
1154,BSc Data Science,GE1401,DSC1001,12087,C01
1154,BSc Data Science,GE1401,CS1315,13018,C01
1154,BSc Data Science,GE1401,CS1315,13021,L02
1155,BSc Data Science,GE1401,GE1401,10705,T30
1155,BSc Data Science,GE1401,DSC1001,12087,C01
1155,BSc Data Science,GE1401,CS1315,13025,CA1
1155,BSc Data Science,GE1401,CS1315,13033,LA1
1155,BSc Data Science,GE1401,MA1508,13680,CB1
1155,BSc Data Science,GE1401,MA1508,13681,TB1
1156,BSc Data Science,GE1401,GE1401,10721,T54
1156,BSc Data Science,GE1401,MA1508,11511,CA1
1156,BSc Data Science,GE1401,MA1508,11709,TA1
1156,BSc Data Science,GE1401,DSC1001,12087,C01
1156,BSc Data Science,GE1401,CS1315,13025,CA1
1156,BSc Data Science,GE1401,CS1315,13035,LA3
1157,BSc Data Science,GE1401,GE1401,10687,T10
1157,BSc Data Science,GE1401,DSC1001,12087,C01
1157,BSc Data Science,GE1401,CS1315,13025,CA1
1157,BSc Data Science,GE1401,MA1508,13680,CB1
1157,BSc Data Science,GE1401,MA1508,13681,TB1
1157,BSc Data Science,GE1401,CS1315,13729,LA4
1158,BSc Data Science,GE1401,DSC1001,12087,C01
1158,BSc Data Science,GE1401,GE1401,12733,T62
1158,BSc Data Science,GE1401,CS1315,13018,C01
1158,BSc Data Science,GE1401,CS1315,13020,L01
1158,BSc Data Science,GE1401,MA1508,13680,CB1
1158,BSc Data Science,GE1401,MA1508,13681,TB1
1159,BSc Data Science,GE1401,MA1508,11511,CA1
1159,BSc Data Science,GE1401,MA1508,11709,TA1
1159,BSc Data Science,GE1401,DSC1001,12087,C01
1159,BSc Data Science,GE1401,GE1401,12398,T70
1159,BSc Data Science,GE1401,CS1315,13018,C01
1159,BSc Data Science,GE1401,CS1315,13021,L02
1160,BSc Data Science,GE1401,GE1401,10686,T09
1160,BSc Data Science,GE1401,MA1508,11511,CA1
1160,BSc Data Science,GE1401,MA1508,11709,TA1
1160,BSc Data Science,GE1401,DSC1001,12087,C01
1160,BSc Data Science,GE1401,CS1315,13018,C01
1160,BSc Data Science,GE1401,CS1315,13021,L02
1161,BSc Data Science,GE1401,MA1508,11511,CA1
1161,BSc Data Science,GE1401,MA1508,11709,TA1
1161,BSc Data Science,GE1401,DSC1001,12087,C01
1161,BSc Data Science,GE1401,CS1315,13018,C01
1161,BSc Data Science,GE1401,CS1315,13021,L02
1161,BSc Data Science,GE1401,GE1401,15601,T28
1162,BSc Data Science,GE1401,GE1401,10705,T30
1162,BSc Data Science,GE1401,DSC1001,12087,C01
1162,BSc Data Science,GE1401,CS1315,13018,C01
1162,BSc Data Science,GE1401,CS1315,13020,L01
1162,BSc Data Science,GE1401,MA1508,13680,CB1
1162,BSc Data Science,GE1401,MA1508,13681,TB1
1163,BSc Data Science,GE1401,MA1508,11511,CA1
1163,BSc Data Science,GE1401,MA1508,11709,TA1
1163,BSc Data Science,GE1401,DSC1001,12087,C01
1163,BSc Data Science,GE1401,GE1401,12127,T84
1163,BSc Data Science,GE1401,CS1315,13018,C01
1163,BSc Data Science,GE1401,CS1315,13022,L03
1164,BSc Data Science,GE1401,GE1401,10686,T09
1164,BSc Data Science,GE1401,MA1508,11511,CA1
1164,BSc Data Science,GE1401,MA1508,11709,TA1
1164,BSc Data Science,GE1401,DSC1001,12087,C01
1164,BSc Data Science,GE1401,CS1315,13018,C01
1164,BSc Data Science,GE1401,CS1315,13021,L02
1165,BSc Data Science,GE1401,GE1401,11504,T90
1165,BSc Data Science,GE1401,MA1508,11511,CA1
1165,BSc Data Science,GE1401,MA1508,11709,TA1
1165,BSc Data Science,GE1401,DSC1001,12087,C01
1165,BSc Data Science,GE1401,CS1315,13018,C01
1165,BSc Data Science,GE1401,CS1315,13021,L02
1166,BSc Data Science,GE1401,GE1401,11506,T78
1166,BSc Data Science,GE1401,MA1508,11511,CA1
1166,BSc Data Science,GE1401,MA1508,11709,TA1
1166,BSc Data Science,GE1401,DSC1001,12087,C01
1166,BSc Data Science,GE1401,CS1315,13018,C01
1166,BSc Data Science,GE1401,CS1315,13022,L03
1167,BSc Data Science,GE1401,MA1508,11511,CA1
1167,BSc Data Science,GE1401,MA1508,11709,TA1
1167,BSc Data Science,GE1401,DSC1001,12087,C01
1167,BSc Data Science,GE1401,GE1401,12398,T70
1167,BSc Data Science,GE1401,CS1315,13018,C01
1167,BSc Data Science,GE1401,CS1315,13021,L02
1168,BSc Data Science,GE1401,GE1401,10687,T10
1168,BSc Data Science,GE1401,DSC1001,12087,C01
1168,BSc Data Science,GE1401,CS1315,13025,CA1
1168,BSc Data Science,GE1401,MA1508,13680,CB1
1168,BSc Data Science,GE1401,MA1508,13681,TB1
1168,BSc Data Science,GE1401,CS1315,13729,LA4
1169,BSc Data Science,GE1401,DSC1001,12087,C01
1169,BSc Data Science,GE1401,GE1401,12733,T62
1169,BSc Data Science,GE1401,CS1315,13018,C01
1169,BSc Data Science,GE1401,CS1315,13020,L01
1169,BSc Data Science,GE1401,MA1508,13680,CB1
1169,BSc Data Science,GE1401,MA1508,13681,TB1
1170,BSc Data Science,GE1401,DSC1001,12087,C01
1170,BSc Data Science,GE1401,CS1315,13018,C01
1170,BSc Data Science,GE1401,CS1315,13023,L04
1170,BSc Data Science,GE1401,MA1508,13680,CB1
1170,BSc Data Science,GE1401,MA1508,13681,TB1
1170,BSc Data Science,GE1401,GE1401,15206,TC6
1171,BSc Data Science,GE1401,DSC1001,12087,C01
1171,BSc Data Science,GE1401,GE1401,12733,T62
1171,BSc Data Science,GE1401,CS1315,13018,C01
1171,BSc Data Science,GE1401,CS1315,13020,L01
1171,BSc Data Science,GE1401,MA1508,13680,CB1
1171,BSc Data Science,GE1401,MA1508,13681,TB1
1172,BSc Data Science,GE1401,MA1508,11511,CA1
1172,BSc Data Science,GE1401,MA1508,11709,TA1
1172,BSc Data Science,GE1401,DSC1001,12087,C01
1172,BSc Data Science,GE1401,CS1315,13018,C01
1172,BSc Data Science,GE1401,CS1315,13021,L02
1172,BSc Data Science,GE1401,GE1401,15601,T28
1173,BSc Data Science,GE1401,DSC1001,12087,C01
1173,BSc Data Science,GE1401,CS1315,13018,C01
1173,BSc Data Science,GE1401,CS1315,13020,L01
1173,BSc Data Science,GE1401,GE1401,13568,T96
1173,BSc Data Science,GE1401,MA1508,13680,CB1
1173,BSc Data Science,GE1401,MA1508,13681,TB1
1174,BSc Data Science,GE1401,MA1508,11511,CA1
1174,BSc Data Science,GE1401,MA1508,11709,TA1
1174,BSc Data Science,GE1401,DSC1001,12087,C01
1174,BSc Data Science,GE1401,GE1401,12398,T70
1174,BSc Data Science,GE1401,CS1315,13018,C01
1174,BSc Data Science,GE1401,CS1315,13021,L02
1175,BSc Data Science,GE1401,DSC1001,12087,C01
1175,BSc Data Science,GE1401,CS1315,13018,C01
1175,BSc Data Science,GE1401,CS1315,13020,L01
1175,BSc Data Science,GE1401,GE1401,13568,T96
1175,BSc Data Science,GE1401,MA1508,13680,CB1
1175,BSc Data Science,GE1401,MA1508,13681,TB1
1176,BSc Data Science,GE1401,GE1401,10686,T09
1176,BSc Data Science,GE1401,MA1508,11511,CA1
1176,BSc Data Science,GE1401,MA1508,11709,TA1
1176,BSc Data Science,GE1401,DSC1001,12087,C01
1176,BSc Data Science,GE1401,CS1315,13018,C01
1176,BSc Data Science,GE1401,CS1315,13021,L02
1177,BSc Data Science,GE1401,DSC1001,12087,C01
1177,BSc Data Science,GE1401,CS1315,13018,C01
1177,BSc Data Science,GE1401,CS1315,13020,L01
1177,BSc Data Science,GE1401,GE1401,13568,T96
1177,BSc Data Science,GE1401,MA1508,13680,CB1
1177,BSc Data Science,GE1401,MA1508,13681,TB1
1178,BSc Data Science,GE1401,DSC1001,12087,C01
1178,BSc Data Science,GE1401,CS1315,13018,C01
1178,BSc Data Science,GE1401,CS1315,13020,L01
1178,BSc Data Science,GE1401,GE1401,13568,T96
1178,BSc Data Science,GE1401,MA1508,13680,CB1
1178,BSc Data Science,GE1401,MA1508,13681,TB1
1179,BSc Data Science,GE1401,MA1508,11511,CA1
1179,BSc Data Science,GE1401,MA1508,11709,TA1
1179,BSc Data Science,GE1401,DSC1001,12087,C01
1179,BSc Data Science,GE1401,GE1401,12398,T70
1179,BSc Data Science,GE1401,CS1315,13018,C01
1179,BSc Data Science,GE1401,CS1315,13021,L02
1180,BSc Data Science,GE1401,GE1401,10705,T30
1180,BSc Data Science,GE1401,DSC1001,12087,C01
1180,BSc Data Science,GE1401,CS1315,13025,CA1
1180,BSc Data Science,GE1401,CS1315,13033,LA1
1180,BSc Data Science,GE1401,MA1508,13680,CB1
1180,BSc Data Science,GE1401,MA1508,13681,TB1
1181,BSc Data Science,GE1401,GE1401,10717,T48
1181,BSc Data Science,GE1401,MA1508,11511,CA1
1181,BSc Data Science,GE1401,MA1508,11709,TA1
1181,BSc Data Science,GE1401,DSC1001,12087,C01
1181,BSc Data Science,GE1401,CS1315,13025,CA1
1181,BSc Data Science,GE1401,CS1315,13034,LA2
1182,BSc Data Science,GE1401,GE1401,11494,T76
1182,BSc Data Science,GE1401,MA1508,11511,CA1
1182,BSc Data Science,GE1401,MA1508,11709,TA1
1182,BSc Data Science,GE1401,DSC1001,12087,C01
1182,BSc Data Science,GE1401,CS1315,13018,C01
1182,BSc Data Science,GE1401,CS1315,13021,L02
1183,BSc Data Science,GE1401,GE1401,10686,T09
1183,BSc Data Science,GE1401,MA1508,11511,CA1
1183,BSc Data Science,GE1401,MA1508,11709,TA1
1183,BSc Data Science,GE1401,DSC1001,12087,C01
1183,BSc Data Science,GE1401,CS1315,13018,C01
1183,BSc Data Science,GE1401,CS1315,13021,L02
1184,BSc Data Science,LC0200A,LC0200A,10889,T21
1184,BSc Data Science,LC0200A,DSC1001,12087,C01
1184,BSc Data Science,LC0200A,CS1315,13018,C01
1184,BSc Data Science,LC0200A,CS1315,13023,L04
1184,BSc Data Science,LC0200A,MA1508,13680,CB1
1184,BSc Data Science,LC0200A,MA1508,13681,TB1
1185,BSc Data Science,LC0200A,LC0200A,10889,T21
1185,BSc Data Science,LC0200A,DSC1001,12087,C01
1185,BSc Data Science,LC0200A,CS1315,13018,C01
1185,BSc Data Science,LC0200A,CS1315,13023,L04
1185,BSc Data Science,LC0200A,MA1508,13680,CB1
1185,BSc Data Science,LC0200A,MA1508,13681,TB1
1186,BSc Data Science,LC0200A,LC0200A,11449,T34
1186,BSc Data Science,LC0200A,MA1508,11511,CA1
1186,BSc Data Science,LC0200A,MA1508,11709,TA1
1186,BSc Data Science,LC0200A,DSC1001,12087,C01
1186,BSc Data Science,LC0200A,CS1315,13018,C01
1186,BSc Data Science,LC0200A,CS1315,13022,L03
1187,BSc Data Science,LC0200A,LC0200A,10889,T21
1187,BSc Data Science,LC0200A,DSC1001,12087,C01
1187,BSc Data Science,LC0200A,CS1315,13018,C01
1187,BSc Data Science,LC0200A,CS1315,13023,L04
1187,BSc Data Science,LC0200A,MA1508,13680,CB1
1187,BSc Data Science,LC0200A,MA1508,13681,TB1
1188,BSc Data Science,LC0200A,LC0200A,10889,T21
1188,BSc Data Science,LC0200A,DSC1001,12087,C01
1188,BSc Data Science,LC0200A,CS1315,13018,C01
1188,BSc Data Science,LC0200A,CS1315,13023,L04
1188,BSc Data Science,LC0200A,MA1508,13680,CB1
1188,BSc Data Science,LC0200A,MA1508,13681,TB1
1189,BSc Data Science,LC0200A,MA1508,11511,CA1
1189,BSc Data Science,LC0200A,MA1508,11709,TA1
1189,BSc Data Science,LC0200A,DSC1001,12087,C01
1189,BSc Data Science,LC0200A,LC0200A,12320,T38
1189,BSc Data Science,LC0200A,CS1315,13018,C01
1189,BSc Data Science,LC0200A,CS1315,13022,L03
1190,BSc Data Science,LC0200A,LC0200A,10889,T21
1190,BSc Data Science,LC0200A,DSC1001,12087,C01
1190,BSc Data Science,LC0200A,CS1315,13018,C01
1190,BSc Data Science,LC0200A,CS1315,13023,L04
1190,BSc Data Science,LC0200A,MA1508,13680,CB1
1190,BSc Data Science,LC0200A,MA1508,13681,TB1
1191,BSc Data Science,LC0200A,LC0200A,10897,T29
1191,BSc Data Science,LC0200A,MA1508,11511,CA1
1191,BSc Data Science,LC0200A,MA1508,11709,TA1
1191,BSc Data Science,LC0200A,DSC1001,12087,C01
1191,BSc Data Science,LC0200A,CS1315,13018,C01
1191,BSc Data Science,LC0200A,CS1315,13022,L03
1192,BSc Data Science,LC0200A,LC0200A,10885,T16
1192,BSc Data Science,LC0200A,MA1508,11511,CA1
1192,BSc Data Science,LC0200A,MA1508,11709,TA1
1192,BSc Data Science,LC0200A,DSC1001,12087,C01
1192,BSc Data Science,LC0200A,CS1315,13018,C01
1192,BSc Data Science,LC0200A,CS1315,13022,L03
1193,BSc Data Science,LC0200A,LC0200A,10863,T03
1193,BSc Data Science,LC0200A,DSC1001,12087,C01
1193,BSc Data Science,LC0200A,CS1315,13018,C01
1193,BSc Data Science,LC0200A,CS1315,13023,L04
1193,BSc Data Science,LC0200A,MA1508,13680,CB1
1193,BSc Data Science,LC0200A,MA1508,13681,TB1
1194,BSc Data Science,LC0200A,LC0200A,11030,T31
1194,BSc Data Science,LC0200A,MA1508,11511,CA1
1194,BSc Data Science,LC0200A,MA1508,11709,TA1
1194,BSc Data Science,LC0200A,DSC1001,12087,C01
1194,BSc Data Science,LC0200A,CS1315,13018,C01
1194,BSc Data Science,LC0200A,CS1315,13021,L02
1195,BSc Data Science,LC0200A,LC0200A,10863,T03
1195,BSc Data Science,LC0200A,DSC1001,12087,C01
1195,BSc Data Science,LC0200A,CS1315,13018,C01
1195,BSc Data Science,LC0200A,CS1315,13023,L04
1195,BSc Data Science,LC0200A,MA1508,13680,CB1
1195,BSc Data Science,LC0200A,MA1508,13681,TB1
1196,BSc Data Science,LC0200A,LC0200A,10889,T21
1196,BSc Data Science,LC0200A,DSC1001,12087,C01
1196,BSc Data Science,LC0200A,CS1315,13018,C01
1196,BSc Data Science,LC0200A,CS1315,13023,L04
1196,BSc Data Science,LC0200A,MA1508,13680,CB1
1196,BSc Data Science,LC0200A,MA1508,13681,TB1
1197,BSc Data Science,LC0200A,LC0200A,10889,T21
1197,BSc Data Science,LC0200A,DSC1001,12087,C01
1197,BSc Data Science,LC0200A,CS1315,13018,C01
1197,BSc Data Science,LC0200A,CS1315,13023,L04
1197,BSc Data Science,LC0200A,MA1508,13680,CB1
1197,BSc Data Science,LC0200A,MA1508,13681,TB1
1198,BSc Data Science,LC0200A,LC0200A,10882,T13
1198,BSc Data Science,LC0200A,MA1508,11511,CA1
1198,BSc Data Science,LC0200A,MA1508,11709,TA1
1198,BSc Data Science,LC0200A,DSC1001,12087,C01
1198,BSc Data Science,LC0200A,CS1315,13018,C01
1198,BSc Data Science,LC0200A,CS1315,13021,L02
1199,BSc Data Science,LC0200A,LC0200A,11030,T31
1199,BSc Data Science,LC0200A,MA1508,11511,CA1
1199,BSc Data Science,LC0200A,MA1508,11709,TA1
1199,BSc Data Science,LC0200A,DSC1001,12087,C01
1199,BSc Data Science,LC0200A,CS1315,13018,C01
1199,BSc Data Science,LC0200A,CS1315,13021,L02
1200,BSc Data Science,LC0200A,LC0200A,10889,T21
1200,BSc Data Science,LC0200A,DSC1001,12087,C01
1200,BSc Data Science,LC0200A,CS1315,13018,C01
1200,BSc Data Science,LC0200A,CS1315,13023,L04
1200,BSc Data Science,LC0200A,MA1508,13680,CB1
1200,BSc Data Science,LC0200A,MA1508,13681,TB1
1201,BSc Data Science,LC0200A,LC0200A,11030,T31
1201,BSc Data Science,LC0200A,MA1508,11511,CA1
1201,BSc Data Science,LC0200A,MA1508,11709,TA1
1201,BSc Data Science,LC0200A,DSC1001,12087,C01
1201,BSc Data Science,LC0200A,CS1315,13018,C01
1201,BSc Data Science,LC0200A,CS1315,13021,L02
1202,BSc Data Science,LC0200A,LC0200A,10897,T29
1202,BSc Data Science,LC0200A,MA1508,11511,CA1
1202,BSc Data Science,LC0200A,MA1508,11709,TA1
1202,BSc Data Science,LC0200A,DSC1001,12087,C01
1202,BSc Data Science,LC0200A,CS1315,13018,C01
1202,BSc Data Science,LC0200A,CS1315,13022,L03
1203,BSc Data Science,LC0200A,LC0200A,10882,T13
1203,BSc Data Science,LC0200A,MA1508,11511,CA1
1203,BSc Data Science,LC0200A,MA1508,11709,TA1
1203,BSc Data Science,LC0200A,DSC1001,12087,C01
1203,BSc Data Science,LC0200A,CS1315,13025,CA1
1203,BSc Data Science,LC0200A,CS1315,13034,LA2
1204,BSc Data Science,LC0200A,LC0200A,10897,T29
1204,BSc Data Science,LC0200A,MA1508,11511,CA1
1204,BSc Data Science,LC0200A,MA1508,11709,TA1
1204,BSc Data Science,LC0200A,DSC1001,12087,C01
1204,BSc Data Science,LC0200A,CS1315,13018,C01
1204,BSc Data Science,LC0200A,CS1315,13022,L03
1205,BSc Data Science,LC0200A,LC0200A,11030,T31
1205,BSc Data Science,LC0200A,MA1508,11511,CA1
1205,BSc Data Science,LC0200A,MA1508,11709,TA1
1205,BSc Data Science,LC0200A,DSC1001,12087,C01
1205,BSc Data Science,LC0200A,CS1315,13018,C01
1205,BSc Data Science,LC0200A,CS1315,13021,L02
1206,BSc Data Science,LC0200A,LC0200A,10885,T16
1206,BSc Data Science,LC0200A,MA1508,11511,CA1
1206,BSc Data Science,LC0200A,MA1508,11709,TA1
1206,BSc Data Science,LC0200A,DSC1001,12087,C01
1206,BSc Data Science,LC0200A,CS1315,13018,C01
1206,BSc Data Science,LC0200A,CS1315,13022,L03
1207,BSc Data and Systems Engineering,GE1401,DSC1001,12087,C01
1207,BSc Data and Systems Engineering,GE1401,GE1401,12733,T62
1207,BSc Data and Systems Engineering,GE1401,CS1315,13018,C01
1207,BSc Data and Systems Engineering,GE1401,CS1315,13020,L01
1207,BSc Data and Systems Engineering,GE1401,MA1508,13680,CB1
1207,BSc Data and Systems Engineering,GE1401,MA1508,13681,TB1
1208,BSc Data and Systems Engineering,GE1401,MA1508,11511,CA1
1208,BSc Data and Systems Engineering,GE1401,MA1508,11709,TA1
1208,BSc Data and Systems Engineering,GE1401,DSC1001,12087,C01
1208,BSc Data and Systems Engineering,GE1401,CS1315,13018,C01
1208,BSc Data and Systems Engineering,GE1401,CS1315,13021,L02
1208,BSc Data and Systems Engineering,GE1401,GE1401,15601,T28
1209,BSc Data and Systems Engineering,GE1401,GE1401,10721,T54
1209,BSc Data and Systems Engineering,GE1401,MA1508,11511,CA1
1209,BSc Data and Systems Engineering,GE1401,MA1508,11709,TA1
1209,BSc Data and Systems Engineering,GE1401,DSC1001,12087,C01
1209,BSc Data and Systems Engineering,GE1401,CS1315,13025,CA1
1209,BSc Data and Systems Engineering,GE1401,CS1315,13035,LA3
1210,BSc Data and Systems Engineering,GE1401,GE1401,10726,T59
1210,BSc Data and Systems Engineering,GE1401,MA1508,11511,CA1
1210,BSc Data and Systems Engineering,GE1401,MA1508,11709,TA1
1210,BSc Data and Systems Engineering,GE1401,DSC1001,12087,C01
1210,BSc Data and Systems Engineering,GE1401,CS1315,13018,C01
1210,BSc Data and Systems Engineering,GE1401,CS1315,13022,L03
1211,BSc Data and Systems Engineering,GE1401,GE1401,10726,T59
1211,BSc Data and Systems Engineering,GE1401,MA1508,11511,CA1
1211,BSc Data and Systems Engineering,GE1401,MA1508,11709,TA1
1211,BSc Data and Systems Engineering,GE1401,DSC1001,12087,C01
1211,BSc Data and Systems Engineering,GE1401,CS1315,13018,C01
1211,BSc Data and Systems Engineering,GE1401,CS1315,13022,L03
1212,BSc Data and Systems Engineering,GE1401,GE1401,11498,T83
1212,BSc Data and Systems Engineering,GE1401,MA1508,11511,CA1
1212,BSc Data and Systems Engineering,GE1401,MA1508,11709,TA1
1212,BSc Data and Systems Engineering,GE1401,DSC1001,12087,C01
1212,BSc Data and Systems Engineering,GE1401,CS1315,13018,C01
1212,BSc Data and Systems Engineering,GE1401,CS1315,13022,L03
1213,BSc Data and Systems Engineering,GE1401,GE1401,11494,T76
1213,BSc Data and Systems Engineering,GE1401,MA1508,11511,CA1
1213,BSc Data and Systems Engineering,GE1401,MA1508,11709,TA1
1213,BSc Data and Systems Engineering,GE1401,DSC1001,12087,C01
1213,BSc Data and Systems Engineering,GE1401,CS1315,13018,C01
1213,BSc Data and Systems Engineering,GE1401,CS1315,13021,L02
1214,BSc Data and Systems Engineering,GE1401,MA1508,11511,CA1
1214,BSc Data and Systems Engineering,GE1401,MA1508,11709,TA1
1214,BSc Data and Systems Engineering,GE1401,DSC1001,12087,C01
1214,BSc Data and Systems Engineering,GE1401,GE1401,12127,T84
1214,BSc Data and Systems Engineering,GE1401,CS1315,13018,C01
1214,BSc Data and Systems Engineering,GE1401,CS1315,13022,L03
1215,BSc Data and Systems Engineering,GE1401,GE1401,10721,T54
1215,BSc Data and Systems Engineering,GE1401,MA1508,11511,CA1
1215,BSc Data and Systems Engineering,GE1401,MA1508,11709,TA1
1215,BSc Data and Systems Engineering,GE1401,DSC1001,12087,C01
1215,BSc Data and Systems Engineering,GE1401,CS1315,13018,C01
1215,BSc Data and Systems Engineering,GE1401,CS1315,13022,L03
1216,BSc Data and Systems Engineering,GE1401,GE1401,11505,T93
1216,BSc Data and Systems Engineering,GE1401,MA1508,11511,CA1
1216,BSc Data and Systems Engineering,GE1401,MA1508,11709,TA1
1216,BSc Data and Systems Engineering,GE1401,DSC1001,12087,C01
1216,BSc Data and Systems Engineering,GE1401,CS1315,13018,C01
1216,BSc Data and Systems Engineering,GE1401,CS1315,13022,L03
1217,BSc Data and Systems Engineering,GE1401,DSC1001,12087,C01
1217,BSc Data and Systems Engineering,GE1401,CS1315,13018,C01
1217,BSc Data and Systems Engineering,GE1401,CS1315,13023,L04
1217,BSc Data and Systems Engineering,GE1401,MA1508,13680,CB1
1217,BSc Data and Systems Engineering,GE1401,MA1508,13681,TB1
1217,BSc Data and Systems Engineering,GE1401,GE1401,15206,TC6
1218,BSc Data and Systems Engineering,GE1401,DSC1001,12087,C01
1218,BSc Data and Systems Engineering,GE1401,CS1315,13018,C01
1218,BSc Data and Systems Engineering,GE1401,CS1315,13023,L04
1218,BSc Data and Systems Engineering,GE1401,MA1508,13680,CB1
1218,BSc Data and Systems Engineering,GE1401,MA1508,13681,TB1
1218,BSc Data and Systems Engineering,GE1401,GE1401,15206,TC6
1219,BSc Data and Systems Engineering,GE1401,DSC1001,12087,C01
1219,BSc Data and Systems Engineering,GE1401,CS1315,13018,C01
1219,BSc Data and Systems Engineering,GE1401,CS1315,13023,L04
1219,BSc Data and Systems Engineering,GE1401,MA1508,13680,CB1
1219,BSc Data and Systems Engineering,GE1401,MA1508,13681,TB1
1219,BSc Data and Systems Engineering,GE1401,GE1401,15206,TC6
1220,BSc Data and Systems Engineering,GE1401,GE1401,11498,T83
1220,BSc Data and Systems Engineering,GE1401,MA1508,11511,CA1
1220,BSc Data and Systems Engineering,GE1401,MA1508,11709,TA1
1220,BSc Data and Systems Engineering,GE1401,DSC1001,12087,C01
1220,BSc Data and Systems Engineering,GE1401,CS1315,13018,C01
1220,BSc Data and Systems Engineering,GE1401,CS1315,13022,L03
1221,BSc Data and Systems Engineering,GE1401,DSC1001,12087,C01
1221,BSc Data and Systems Engineering,GE1401,CS1315,13018,C01
1221,BSc Data and Systems Engineering,GE1401,CS1315,13023,L04
1221,BSc Data and Systems Engineering,GE1401,MA1508,13680,CB1
1221,BSc Data and Systems Engineering,GE1401,MA1508,13681,TB1
1221,BSc Data and Systems Engineering,GE1401,GE1401,15206,TC6
1222,BSc Data and Systems Engineering,GE1401,DSC1001,12087,C01
1222,BSc Data and Systems Engineering,GE1401,CS1315,13018,C01
1222,BSc Data and Systems Engineering,GE1401,CS1315,13023,L04
1222,BSc Data and Systems Engineering,GE1401,MA1508,13680,CB1
1222,BSc Data and Systems Engineering,GE1401,MA1508,13681,TB1
1222,BSc Data and Systems Engineering,GE1401,GE1401,15206,TC6
1223,BSc Data and Systems Engineering,GE1401,GE1401,10730,T64
1223,BSc Data and Systems Engineering,GE1401,MA1508,11511,CA1
1223,BSc Data and Systems Engineering,GE1401,MA1508,11709,TA1
1223,BSc Data and Systems Engineering,GE1401,DSC1001,12087,C01
1223,BSc Data and Systems Engineering,GE1401,CS1315,13018,C01
1223,BSc Data and Systems Engineering,GE1401,CS1315,13022,L03
1224,BSc Data and Systems Engineering,GE1401,GE1401,10707,T32
1224,BSc Data and Systems Engineering,GE1401,MA1508,11511,CA1
1224,BSc Data and Systems Engineering,GE1401,MA1508,11709,TA1
1224,BSc Data and Systems Engineering,GE1401,DSC1001,12087,C01
1224,BSc Data and Systems Engineering,GE1401,CS1315,13018,C01
1224,BSc Data and Systems Engineering,GE1401,CS1315,13022,L03
1225,BSc Data and Systems Engineering,GE1401,DSC1001,12087,C01
1225,BSc Data and Systems Engineering,GE1401,GE1401,12733,T62
1225,BSc Data and Systems Engineering,GE1401,CS1315,13018,C01
1225,BSc Data and Systems Engineering,GE1401,CS1315,13020,L01
1225,BSc Data and Systems Engineering,GE1401,MA1508,13680,CB1
1225,BSc Data and Systems Engineering,GE1401,MA1508,13681,TB1
1226,BSc Data and Systems Engineering,GE1401,GE1401,10720,T53
1226,BSc Data and Systems Engineering,GE1401,DSC1001,12087,C01
1226,BSc Data and Systems Engineering,GE1401,CS1315,13018,C01
1226,BSc Data and Systems Engineering,GE1401,CS1315,13020,L01
1226,BSc Data and Systems Engineering,GE1401,MA1508,13680,CB1
1226,BSc Data and Systems Engineering,GE1401,MA1508,13681,TB1
1227,BSc Data and Systems Engineering,GE1401,MA1508,11511,CA1
1227,BSc Data and Systems Engineering,GE1401,MA1508,11709,TA1
1227,BSc Data and Systems Engineering,GE1401,DSC1001,12087,C01
1227,BSc Data and Systems Engineering,GE1401,CS1315,13018,C01
1227,BSc Data and Systems Engineering,GE1401,CS1315,13022,L03
1227,BSc Data and Systems Engineering,GE1401,GE1401,13572,TB1
1228,BSc Data and Systems Engineering,GE1401,DSC1001,12087,C01
1228,BSc Data and Systems Engineering,GE1401,CS1315,13018,C01
1228,BSc Data and Systems Engineering,GE1401,CS1315,13023,L04
1228,BSc Data and Systems Engineering,GE1401,MA1508,13680,CB1
1228,BSc Data and Systems Engineering,GE1401,MA1508,13681,TB1
1228,BSc Data and Systems Engineering,GE1401,GE1401,15206,TC6
1229,BSc Data and Systems Engineering,GE1401,GE1401,10686,T09
1229,BSc Data and Systems Engineering,GE1401,MA1508,11511,CA1
1229,BSc Data and Systems Engineering,GE1401,MA1508,11709,TA1
1229,BSc Data and Systems Engineering,GE1401,DSC1001,12087,C01
1229,BSc Data and Systems Engineering,GE1401,CS1315,13018,C01
1229,BSc Data and Systems Engineering,GE1401,CS1315,13021,L02
1230,BSc Data and Systems Engineering,GE1401,DSC1001,12087,C01
1230,BSc Data and Systems Engineering,GE1401,CS1315,13018,C01
1230,BSc Data and Systems Engineering,GE1401,CS1315,13023,L04
1230,BSc Data and Systems Engineering,GE1401,MA1508,13680,CB1
1230,BSc Data and Systems Engineering,GE1401,MA1508,13681,TB1
1230,BSc Data and Systems Engineering,GE1401,GE1401,15206,TC6
1231,BSc Data and Systems Engineering,GE1401,GE1401,10705,T30
1231,BSc Data and Systems Engineering,GE1401,DSC1001,12087,C01
1231,BSc Data and Systems Engineering,GE1401,CS1315,13018,C01
1231,BSc Data and Systems Engineering,GE1401,CS1315,13020,L01
1231,BSc Data and Systems Engineering,GE1401,MA1508,13680,CB1
1231,BSc Data and Systems Engineering,GE1401,MA1508,13681,TB1
1232,BSc Data and Systems Engineering,GE1401,DSC1001,12087,C01
1232,BSc Data and Systems Engineering,GE1401,CS1315,13018,C01
1232,BSc Data and Systems Engineering,GE1401,CS1315,13023,L04
1232,BSc Data and Systems Engineering,GE1401,MA1508,13680,CB1
1232,BSc Data and Systems Engineering,GE1401,MA1508,13681,TB1
1232,BSc Data and Systems Engineering,GE1401,GE1401,15206,TC6
1233,BSc Data and Systems Engineering,GE1401,DSC1001,12087,C01
1233,BSc Data and Systems Engineering,GE1401,CS1315,13018,C01
1233,BSc Data and Systems Engineering,GE1401,CS1315,13023,L04
1233,BSc Data and Systems Engineering,GE1401,MA1508,13680,CB1
1233,BSc Data and Systems Engineering,GE1401,MA1508,13681,TB1
1233,BSc Data and Systems Engineering,GE1401,GE1401,15206,TC6
1234,BSc Data and Systems Engineering,GE1401,DSC1001,12087,C01
1234,BSc Data and Systems Engineering,GE1401,GE1401,12733,T62
1234,BSc Data and Systems Engineering,GE1401,CS1315,13018,C01
1234,BSc Data and Systems Engineering,GE1401,CS1315,13020,L01
1234,BSc Data and Systems Engineering,GE1401,MA1508,13680,CB1
1234,BSc Data and Systems Engineering,GE1401,MA1508,13681,TB1
1235,BSc Data and Systems Engineering,GE1401,GE1401,11494,T76
1235,BSc Data and Systems Engineering,GE1401,MA1508,11511,CA1
1235,BSc Data and Systems Engineering,GE1401,MA1508,11709,TA1
1235,BSc Data and Systems Engineering,GE1401,DSC1001,12087,C01
1235,BSc Data and Systems Engineering,GE1401,CS1315,13018,C01
1235,BSc Data and Systems Engineering,GE1401,CS1315,13021,L02
1236,BSc Data and Systems Engineering,GE1401,DSC1001,12087,C01
1236,BSc Data and Systems Engineering,GE1401,CS1315,13018,C01
1236,BSc Data and Systems Engineering,GE1401,CS1315,13023,L04
1236,BSc Data and Systems Engineering,GE1401,MA1508,13680,CB1
1236,BSc Data and Systems Engineering,GE1401,MA1508,13681,TB1
1236,BSc Data and Systems Engineering,GE1401,GE1401,15206,TC6
1237,BSc Data and Systems Engineering,GE1401,GE1401,11494,T76
1237,BSc Data and Systems Engineering,GE1401,MA1508,11511,CA1
1237,BSc Data and Systems Engineering,GE1401,MA1508,11709,TA1
1237,BSc Data and Systems Engineering,GE1401,DSC1001,12087,C01
1237,BSc Data and Systems Engineering,GE1401,CS1315,13018,C01
1237,BSc Data and Systems Engineering,GE1401,CS1315,13021,L02
1238,BSc Data and Systems Engineering,GE1401,DSC1001,12087,C01
1238,BSc Data and Systems Engineering,GE1401,CS1315,13018,C01
1238,BSc Data and Systems Engineering,GE1401,CS1315,13023,L04
1238,BSc Data and Systems Engineering,GE1401,MA1508,13680,CB1
1238,BSc Data and Systems Engineering,GE1401,MA1508,13681,TB1
1238,BSc Data and Systems Engineering,GE1401,GE1401,15206,TC6
1239,BSc Data and Systems Engineering,GE1401,DSC1001,12087,C01
1239,BSc Data and Systems Engineering,GE1401,CS1315,13018,C01
1239,BSc Data and Systems Engineering,GE1401,CS1315,13020,L01
1239,BSc Data and Systems Engineering,GE1401,GE1401,13568,T96
1239,BSc Data and Systems Engineering,GE1401,MA1508,13680,CB1
1239,BSc Data and Systems Engineering,GE1401,MA1508,13681,TB1
1240,BSc Data and Systems Engineering,GE1401,GE1401,10707,T32
1240,BSc Data and Systems Engineering,GE1401,MA1508,11511,CA1
1240,BSc Data and Systems Engineering,GE1401,MA1508,11709,TA1
1240,BSc Data and Systems Engineering,GE1401,DSC1001,12087,C01
1240,BSc Data and Systems Engineering,GE1401,CS1315,13018,C01
1240,BSc Data and Systems Engineering,GE1401,CS1315,13022,L03
1241,BSc Data and Systems Engineering,GE1401,GE1401,10720,T53
1241,BSc Data and Systems Engineering,GE1401,DSC1001,12087,C01
1241,BSc Data and Systems Engineering,GE1401,CS1315,13018,C01
1241,BSc Data and Systems Engineering,GE1401,CS1315,13020,L01
1241,BSc Data and Systems Engineering,GE1401,MA1508,13680,CB1
1241,BSc Data and Systems Engineering,GE1401,MA1508,13681,TB1
1242,BSc Data and Systems Engineering,GE1401,MA1508,11511,CA1
1242,BSc Data and Systems Engineering,GE1401,MA1508,11709,TA1
1242,BSc Data and Systems Engineering,GE1401,DSC1001,12087,C01
1242,BSc Data and Systems Engineering,GE1401,GE1401,12127,T84
1242,BSc Data and Systems Engineering,GE1401,CS1315,13018,C01
1242,BSc Data and Systems Engineering,GE1401,CS1315,13022,L03
1243,BSc Data and Systems Engineering,LC0200A,LC0200A,10895,T27
1243,BSc Data and Systems Engineering,LC0200A,DSC1001,12087,C01
1243,BSc Data and Systems Engineering,LC0200A,CS1315,13018,C01
1243,BSc Data and Systems Engineering,LC0200A,CS1315,13020,L01
1243,BSc Data and Systems Engineering,LC0200A,MA1508,13680,CB1
1243,BSc Data and Systems Engineering,LC0200A,MA1508,13681,TB1
1244,BSc Data and Systems Engineering,LC0200A,LC0200A,10882,T13
1244,BSc Data and Systems Engineering,LC0200A,MA1508,11511,CA1
1244,BSc Data and Systems Engineering,LC0200A,MA1508,11709,TA1
1244,BSc Data and Systems Engineering,LC0200A,DSC1001,12087,C01
1244,BSc Data and Systems Engineering,LC0200A,CS1315,13018,C01
1244,BSc Data and Systems Engineering,LC0200A,CS1315,13021,L02
1245,BSc Data and Systems Engineering,LC0200A,LC0200A,11030,T31
1245,BSc Data and Systems Engineering,LC0200A,MA1508,11511,CA1
1245,BSc Data and Systems Engineering,LC0200A,MA1508,11709,TA1
1245,BSc Data and Systems Engineering,LC0200A,DSC1001,12087,C01
1245,BSc Data and Systems Engineering,LC0200A,CS1315,13018,C01
1245,BSc Data and Systems Engineering,LC0200A,CS1315,13021,L02
1246,BSc Data and Systems Engineering,LC0200A,LC0200A,10895,T27
1246,BSc Data and Systems Engineering,LC0200A,DSC1001,12087,C01
1246,BSc Data and Systems Engineering,LC0200A,CS1315,13018,C01
1246,BSc Data and Systems Engineering,LC0200A,CS1315,13020,L01
1246,BSc Data and Systems Engineering,LC0200A,MA1508,13680,CB1
1246,BSc Data and Systems Engineering,LC0200A,MA1508,13681,TB1
1247,BSc Data and Systems Engineering,LC0200A,LC0200A,10863,T03
1247,BSc Data and Systems Engineering,LC0200A,DSC1001,12087,C01
1247,BSc Data and Systems Engineering,LC0200A,CS1315,13018,C01
1247,BSc Data and Systems Engineering,LC0200A,CS1315,13023,L04
1247,BSc Data and Systems Engineering,LC0200A,MA1508,13680,CB1
1247,BSc Data and Systems Engineering,LC0200A,MA1508,13681,TB1
1248,BSc Data and Systems Engineering,LC0200A,LC0200A,10895,T27
1248,BSc Data and Systems Engineering,LC0200A,DSC1001,12087,C01
1248,BSc Data and Systems Engineering,LC0200A,CS1315,13018,C01
1248,BSc Data and Systems Engineering,LC0200A,CS1315,13020,L01
1248,BSc Data and Systems Engineering,LC0200A,MA1508,13680,CB1
1248,BSc Data and Systems Engineering,LC0200A,MA1508,13681,TB1
1249,BSc Data and Systems Engineering,LC0200A,LC0200A,11030,T31
1249,BSc Data and Systems Engineering,LC0200A,MA1508,11511,CA1
1249,BSc Data and Systems Engineering,LC0200A,MA1508,11709,TA1
1249,BSc Data and Systems Engineering,LC0200A,DSC1001,12087,C01
1249,BSc Data and Systems Engineering,LC0200A,CS1315,13018,C01
1249,BSc Data and Systems Engineering,LC0200A,CS1315,13021,L02
1250,BSc Data and Systems Engineering,LC0200A,LC0200A,10895,T27
1250,BSc Data and Systems Engineering,LC0200A,DSC1001,12087,C01
1250,BSc Data and Systems Engineering,LC0200A,CS1315,13018,C01
1250,BSc Data and Systems Engineering,LC0200A,CS1315,13020,L01
1250,BSc Data and Systems Engineering,LC0200A,MA1508,13680,CB1
1250,BSc Data and Systems Engineering,LC0200A,MA1508,13681,TB1
1251,BSc Data and Systems Engineering,LC0200A,LC0200A,10897,T29
1251,BSc Data and Systems Engineering,LC0200A,MA1508,11511,CA1
1251,BSc Data and Systems Engineering,LC0200A,MA1508,11709,TA1
1251,BSc Data and Systems Engineering,LC0200A,DSC1001,12087,C01
1251,BSc Data and Systems Engineering,LC0200A,CS1315,13018,C01
1251,BSc Data and Systems Engineering,LC0200A,CS1315,13022,L03
1252,BSc Data and Systems Engineering,LC0200A,LC0200A,10882,T13
1252,BSc Data and Systems Engineering,LC0200A,MA1508,11511,CA1
1252,BSc Data and Systems Engineering,LC0200A,MA1508,11709,TA1
1252,BSc Data and Systems Engineering,LC0200A,DSC1001,12087,C01
1252,BSc Data and Systems Engineering,LC0200A,CS1315,13018,C01
1252,BSc Data and Systems Engineering,LC0200A,CS1315,13021,L02
1253,BSc Data and Systems Engineering,LC0200A,LC0200A,10863,T03
1253,BSc Data and Systems Engineering,LC0200A,DSC1001,12087,C01
1253,BSc Data and Systems Engineering,LC0200A,CS1315,13018,C01
1253,BSc Data and Systems Engineering,LC0200A,CS1315,13023,L04
1253,BSc Data and Systems Engineering,LC0200A,MA1508,13680,CB1
1253,BSc Data and Systems Engineering,LC0200A,MA1508,13681,TB1
1254,BSc Data and Systems Engineering,LC0200A,LC0200A,10885,T16
1254,BSc Data and Systems Engineering,LC0200A,MA1508,11511,CA1
1254,BSc Data and Systems Engineering,LC0200A,MA1508,11709,TA1
1254,BSc Data and Systems Engineering,LC0200A,DSC1001,12087,C01
1254,BSc Data and Systems Engineering,LC0200A,CS1315,13018,C01
1254,BSc Data and Systems Engineering,LC0200A,CS1315,13022,L03
1255,BSc Data and Systems Engineering,LC0200A,LC0200A,10882,T13
1255,BSc Data and Systems Engineering,LC0200A,MA1508,11511,CA1
1255,BSc Data and Systems Engineering,LC0200A,MA1508,11709,TA1
1255,BSc Data and Systems Engineering,LC0200A,DSC1001,12087,C01
1255,BSc Data and Systems Engineering,LC0200A,CS1315,13018,C01
1255,BSc Data and Systems Engineering,LC0200A,CS1315,13021,L02
1256,BSc Data and Systems Engineering,LC0200A,LC0200A,10897,T29
1256,BSc Data and Systems Engineering,LC0200A,MA1508,11511,CA1
1256,BSc Data and Systems Engineering,LC0200A,MA1508,11709,TA1
1256,BSc Data and Systems Engineering,LC0200A,DSC1001,12087,C01
1256,BSc Data and Systems Engineering,LC0200A,CS1315,13018,C01
1256,BSc Data and Systems Engineering,LC0200A,CS1315,13022,L03
1257,BSc Data and Systems Engineering,LC0200A,LC0200A,11030,T31
1257,BSc Data and Systems Engineering,LC0200A,MA1508,11511,CA1
1257,BSc Data and Systems Engineering,LC0200A,MA1508,11709,TA1
1257,BSc Data and Systems Engineering,LC0200A,DSC1001,12087,C01
1257,BSc Data and Systems Engineering,LC0200A,CS1315,13018,C01
1257,BSc Data and Systems Engineering,LC0200A,CS1315,13021,L02
1258,BSc Cybersecurity,GE1401,CS2115,10405,C01
1258,BSc Cybersecurity,GE1401,CS2115,10406,T01
1258,BSc Cybersecurity,GE1401,GE1401,10726,T59
1258,BSc Cybersecurity,GE1401,MA1508,13680,CB1
1258,BSc Cybersecurity,GE1401,MA1508,13681,TB1
1258,BSc Cybersecurity,GE1401,CS2117,13735,C01
1258,BSc Cybersecurity,GE1401,CS2117,13736,T01
1259,BSc Cybersecurity,GE1401,CS2115,10405,C01
1259,BSc Cybersecurity,GE1401,CS2115,10406,T01
1259,BSc Cybersecurity,GE1401,GE1401,10704,T29
1259,BSc Cybersecurity,GE1401,MA1508,13680,CB1
1259,BSc Cybersecurity,GE1401,MA1508,13681,TB1
1259,BSc Cybersecurity,GE1401,CS2117,13735,C01
1259,BSc Cybersecurity,GE1401,CS2117,13736,T01
1259,BSc Cybersecurity,GE1401,CS1302A,15568,C01
1259,BSc Cybersecurity,GE1401,CS1302A,15573,T02
1260,BSc Cybersecurity,GE1401,CS2115,10405,C01
1260,BSc Cybersecurity,GE1401,CS2115,10406,T01
1260,BSc Cybersecurity,GE1401,GE1401,10704,T29
1260,BSc Cybersecurity,GE1401,MA1508,13680,CB1
1260,BSc Cybersecurity,GE1401,MA1508,13681,TB1
1260,BSc Cybersecurity,GE1401,CS2117,13735,C01
1260,BSc Cybersecurity,GE1401,CS2117,13736,T01
1260,BSc Cybersecurity,GE1401,CS1302A,15568,C01
1260,BSc Cybersecurity,GE1401,CS1302A,15573,T02
1261,BSc Cybersecurity,GE1401,CS2115,10405,C01
1261,BSc Cybersecurity,GE1401,CS2115,10407,T02
1261,BSc Cybersecurity,GE1401,MA1508,13680,CB1
1261,BSc Cybersecurity,GE1401,MA1508,13681,TB1
1261,BSc Cybersecurity,GE1401,CS2117,13735,C01
1261,BSc Cybersecurity,GE1401,CS2117,13736,T01
1261,BSc Cybersecurity,GE1401,GE1401,14941,TA3
1261,BSc Cybersecurity,GE1401,CS1302A,15568,C01
1261,BSc Cybersecurity,GE1401,CS1302A,15570,T01
1262,BSc Cybersecurity,GE1401,GE1401,10357,T01
1262,BSc Cybersecurity,GE1401,CS2115,11251,CB1
1262,BSc Cybersecurity,GE1401,CS2115,11254,TB1
1262,BSc Cybersecurity,GE1401,MA1508,13680,CB1
1262,BSc Cybersecurity,GE1401,MA1508,13681,TB1
1262,BSc Cybersecurity,GE1401,CS2117,13735,C01
1262,BSc Cybersecurity,GE1401,CS2117,13736,T01
1262,BSc Cybersecurity,GE1401,CS1302A,15568,C01
1262,BSc Cybersecurity,GE1401,CS1302A,15573,T02
1263,BSc Cybersecurity,GE1401,CS2115,10405,C01
1263,BSc Cybersecurity,GE1401,CS2115,10406,T01
1263,BSc Cybersecurity,GE1401,GE1401,10716,T47
1263,BSc Cybersecurity,GE1401,MA1508,13680,CB1
1263,BSc Cybersecurity,GE1401,MA1508,13681,TB1
1263,BSc Cybersecurity,GE1401,CS2117,13735,C01
1263,BSc Cybersecurity,GE1401,CS2117,13736,T01
1264,BSc Cybersecurity,GE1401,GE1401,10683,T06
1264,BSc Cybersecurity,GE1401,CS2115,11251,CB1
1264,BSc Cybersecurity,GE1401,CS2115,11254,TB1
1264,BSc Cybersecurity,GE1401,MA1508,13680,CB1
1264,BSc Cybersecurity,GE1401,MA1508,13681,TB1
1264,BSc Cybersecurity,GE1401,CS2117,13735,C01
1264,BSc Cybersecurity,GE1401,CS2117,13736,T01
1264,BSc Cybersecurity,GE1401,CS1302A,15568,C01
1264,BSc Cybersecurity,GE1401,CS1302A,15573,T02
1265,BSc Cybersecurity,GE1401,CS2115,10405,C01
1265,BSc Cybersecurity,GE1401,CS2115,10406,T01
1265,BSc Cybersecurity,GE1401,GE1401,10704,T29
1265,BSc Cybersecurity,GE1401,MA1508,13680,CB1
1265,BSc Cybersecurity,GE1401,MA1508,13681,TB1
1265,BSc Cybersecurity,GE1401,CS2117,13735,C01
1265,BSc Cybersecurity,GE1401,CS2117,13736,T01
1265,BSc Cybersecurity,GE1401,CS1302A,15568,C01
1265,BSc Cybersecurity,GE1401,CS1302A,15573,T02
1266,BSc Cybersecurity,GE1401,CS2115,10405,C01
1266,BSc Cybersecurity,GE1401,CS2115,10406,T01
1266,BSc Cybersecurity,GE1401,GE1401,10683,T06
1266,BSc Cybersecurity,GE1401,MA1508,13680,CB1
1266,BSc Cybersecurity,GE1401,MA1508,13681,TB1
1266,BSc Cybersecurity,GE1401,CS2117,13735,C01
1266,BSc Cybersecurity,GE1401,CS2117,13736,T01
1266,BSc Cybersecurity,GE1401,CS1302A,15568,C01
1266,BSc Cybersecurity,GE1401,CS1302A,15573,T02
1267,BSc Cybersecurity,GE1401,CS2115,10405,C01
1267,BSc Cybersecurity,GE1401,CS2115,10406,T01
1267,BSc Cybersecurity,GE1401,GE1401,10704,T29
1267,BSc Cybersecurity,GE1401,MA1508,13680,CB1
1267,BSc Cybersecurity,GE1401,MA1508,13681,TB1
1267,BSc Cybersecurity,GE1401,CS2117,13735,C01
1267,BSc Cybersecurity,GE1401,CS2117,13736,T01
1267,BSc Cybersecurity,GE1401,CS1302A,15568,C01
1267,BSc Cybersecurity,GE1401,CS1302A,15573,T02
1268,BSc Cybersecurity,GE1401,CS2115,10405,C01
1268,BSc Cybersecurity,GE1401,CS2115,10406,T01
1268,BSc Cybersecurity,GE1401,GE1401,10729,T63
1268,BSc Cybersecurity,GE1401,MA1508,13680,CB1
1268,BSc Cybersecurity,GE1401,MA1508,13681,TB1
1268,BSc Cybersecurity,GE1401,CS2117,13735,C01
1268,BSc Cybersecurity,GE1401,CS2117,13736,T01
1268,BSc Cybersecurity,GE1401,CS1302A,15569,CA1
1268,BSc Cybersecurity,GE1401,CS1302A,15572,TA1
1269,BSc Cybersecurity,GE1401,CS2115,10405,C01
1269,BSc Cybersecurity,GE1401,CS2115,10407,T02
1269,BSc Cybersecurity,GE1401,MA1508,13680,CB1
1269,BSc Cybersecurity,GE1401,MA1508,13681,TB1
1269,BSc Cybersecurity,GE1401,CS2117,13735,C01
1269,BSc Cybersecurity,GE1401,CS2117,13736,T01
1269,BSc Cybersecurity,GE1401,GE1401,14941,TA3
1269,BSc Cybersecurity,GE1401,CS1302A,15568,C01
1269,BSc Cybersecurity,GE1401,CS1302A,15570,T01
1270,BSc Cybersecurity,GE1401,CS2115,10405,C01
1270,BSc Cybersecurity,GE1401,CS2115,10406,T01
1270,BSc Cybersecurity,GE1401,GE1401,10683,T06
1270,BSc Cybersecurity,GE1401,MA1508,13680,CB1
1270,BSc Cybersecurity,GE1401,MA1508,13681,TB1
1270,BSc Cybersecurity,GE1401,CS2117,13735,C01
1270,BSc Cybersecurity,GE1401,CS2117,13736,T01
1270,BSc Cybersecurity,GE1401,CS1302A,15568,C01
1270,BSc Cybersecurity,GE1401,CS1302A,15573,T02
1271,BSc Cybersecurity,GE1401,CS2115,10405,C01
1271,BSc Cybersecurity,GE1401,CS2115,10406,T01
1271,BSc Cybersecurity,GE1401,GE1401,11498,T83
1271,BSc Cybersecurity,GE1401,MA1508,13680,CB1
1271,BSc Cybersecurity,GE1401,MA1508,13681,TB1
1271,BSc Cybersecurity,GE1401,CS2117,13735,C01
1271,BSc Cybersecurity,GE1401,CS2117,13736,T01
1272,BSc Cybersecurity,GE1401,CS2115,10405,C01
1272,BSc Cybersecurity,GE1401,CS2115,10406,T01
1272,BSc Cybersecurity,GE1401,GE1401,10683,T06
1272,BSc Cybersecurity,GE1401,MA1508,13680,CB1
1272,BSc Cybersecurity,GE1401,MA1508,13681,TB1
1272,BSc Cybersecurity,GE1401,CS2117,13735,C01
1272,BSc Cybersecurity,GE1401,CS2117,13736,T01
1272,BSc Cybersecurity,GE1401,CS1302A,15568,C01
1272,BSc Cybersecurity,GE1401,CS1302A,15573,T02
1273,BSc Cybersecurity,GE1401,GE1401,10683,T06
1273,BSc Cybersecurity,GE1401,CS2115,11251,CB1
1273,BSc Cybersecurity,GE1401,CS2115,11254,TB1
1273,BSc Cybersecurity,GE1401,MA1508,13680,CB1
1273,BSc Cybersecurity,GE1401,MA1508,13681,TB1
1273,BSc Cybersecurity,GE1401,CS2117,13735,C01
1273,BSc Cybersecurity,GE1401,CS2117,13736,T01
1273,BSc Cybersecurity,GE1401,CS1302A,15568,C01
1273,BSc Cybersecurity,GE1401,CS1302A,15573,T02
1274,BSc Cybersecurity,GE1401,CS2115,10405,C01
1274,BSc Cybersecurity,GE1401,CS2115,10406,T01
1274,BSc Cybersecurity,GE1401,GE1401,11506,T78
1274,BSc Cybersecurity,GE1401,MA1508,13680,CB1
1274,BSc Cybersecurity,GE1401,MA1508,13681,TB1
1274,BSc Cybersecurity,GE1401,CS2117,13735,C01
1274,BSc Cybersecurity,GE1401,CS2117,13736,T01
1275,BSc Cybersecurity,GE1401,CS2115,10405,C01
1275,BSc Cybersecurity,GE1401,CS2115,10406,T01
1275,BSc Cybersecurity,GE1401,GE1401,10704,T29
1275,BSc Cybersecurity,GE1401,MA1508,13680,CB1
1275,BSc Cybersecurity,GE1401,MA1508,13681,TB1
1275,BSc Cybersecurity,GE1401,CS2117,13735,C01
1275,BSc Cybersecurity,GE1401,CS2117,13736,T01
1275,BSc Cybersecurity,GE1401,CS1302A,15568,C01
1275,BSc Cybersecurity,GE1401,CS1302A,15573,T02
1276,BSc Cybersecurity,GE1401,GE1401,10683,T06
1276,BSc Cybersecurity,GE1401,CS2115,11251,CB1
1276,BSc Cybersecurity,GE1401,CS2115,11254,TB1
1276,BSc Cybersecurity,GE1401,MA1508,13680,CB1
1276,BSc Cybersecurity,GE1401,MA1508,13681,TB1
1276,BSc Cybersecurity,GE1401,CS2117,13735,C01
1276,BSc Cybersecurity,GE1401,CS2117,13736,T01
1276,BSc Cybersecurity,GE1401,CS1302A,15568,C01
1276,BSc Cybersecurity,GE1401,CS1302A,15573,T02
1277,BSc Cybersecurity,LC0200A,CS2115,10405,C01
1277,BSc Cybersecurity,LC0200A,CS2115,10406,T01
1277,BSc Cybersecurity,LC0200A,LC0200A,11975,T35
1277,BSc Cybersecurity,LC0200A,MA1508,13680,CB1
1277,BSc Cybersecurity,LC0200A,MA1508,13681,TB1
1277,BSc Cybersecurity,LC0200A,CS2117,13735,C01
1277,BSc Cybersecurity,LC0200A,CS2117,13736,T01
1278,BSc Cybersecurity,LC0200A,CS2115,10405,C01
1278,BSc Cybersecurity,LC0200A,CS2115,10406,T01
1278,BSc Cybersecurity,LC0200A,LC0200A,11170,T32
1278,BSc Cybersecurity,LC0200A,MA1508,13680,CB1
1278,BSc Cybersecurity,LC0200A,MA1508,13681,TB1
1278,BSc Cybersecurity,LC0200A,CS2117,13735,C01
1278,BSc Cybersecurity,LC0200A,CS2117,13736,T01
1278,BSc Cybersecurity,LC0200A,CS1302A,15568,C01
1278,BSc Cybersecurity,LC0200A,CS1302A,15573,T02
1279,BSc Cybersecurity,LC0200A,CS2115,10405,C01
1279,BSc Cybersecurity,LC0200A,CS2115,10406,T01
1279,BSc Cybersecurity,LC0200A,LC0200A,11170,T32
1279,BSc Cybersecurity,LC0200A,MA1508,13680,CB1
1279,BSc Cybersecurity,LC0200A,MA1508,13681,TB1
1279,BSc Cybersecurity,LC0200A,CS2117,13735,C01
1279,BSc Cybersecurity,LC0200A,CS2117,13736,T01
1279,BSc Cybersecurity,LC0200A,CS1302A,15568,C01
1279,BSc Cybersecurity,LC0200A,CS1302A,15573,T02
1280,BSc Cybersecurity,LC0200A,CS2115,10405,C01
1280,BSc Cybersecurity,LC0200A,CS2115,10406,T01
1280,BSc Cybersecurity,LC0200A,LC0200A,11170,T32
1280,BSc Cybersecurity,LC0200A,MA1508,13680,CB1
1280,BSc Cybersecurity,LC0200A,MA1508,13681,TB1
1280,BSc Cybersecurity,LC0200A,CS2117,13735,C01
1280,BSc Cybersecurity,LC0200A,CS2117,13736,T01
1280,BSc Cybersecurity,LC0200A,CS1302A,15568,C01
1280,BSc Cybersecurity,LC0200A,CS1302A,15573,T02
1281,BSc Cybersecurity,LC0200A,CS2115,10405,C01
1281,BSc Cybersecurity,LC0200A,CS2115,10406,T01
1281,BSc Cybersecurity,LC0200A,LC0200A,10895,T27
1281,BSc Cybersecurity,LC0200A,MA1508,13680,CB1
1281,BSc Cybersecurity,LC0200A,MA1508,13681,TB1
1281,BSc Cybersecurity,LC0200A,CS2117,13735,C01
1281,BSc Cybersecurity,LC0200A,CS2117,13736,T01
1282,BSc Cybersecurity,LC0200A,CS2115,10405,C01
1282,BSc Cybersecurity,LC0200A,CS2115,10406,T01
1282,BSc Cybersecurity,LC0200A,LC0200A,11170,T32
1282,BSc Cybersecurity,LC0200A,MA1508,13680,CB1
1282,BSc Cybersecurity,LC0200A,MA1508,13681,TB1
1282,BSc Cybersecurity,LC0200A,CS2117,13735,C01
1282,BSc Cybersecurity,LC0200A,CS2117,13736,T01
1282,BSc Cybersecurity,LC0200A,CS1302A,15568,C01
1282,BSc Cybersecurity,LC0200A,CS1302A,15573,T02
1283,BSc Cybersecurity,LC0200A,CS2115,10405,C01
1283,BSc Cybersecurity,LC0200A,CS2115,10406,T01
1283,BSc Cybersecurity,LC0200A,LC0200A,11975,T35
1283,BSc Cybersecurity,LC0200A,MA1508,13680,CB1
1283,BSc Cybersecurity,LC0200A,MA1508,13681,TB1
1283,BSc Cybersecurity,LC0200A,CS2117,13735,C01
1283,BSc Cybersecurity,LC0200A,CS2117,13736,T01
1284,BSc Cybersecurity,LC0200A,CS2115,10405,C01
1284,BSc Cybersecurity,LC0200A,CS2115,10406,T01
1284,BSc Cybersecurity,LC0200A,LC0200A,10886,T17
1284,BSc Cybersecurity,LC0200A,MA1508,13680,CB1
1284,BSc Cybersecurity,LC0200A,MA1508,13681,TB1
1284,BSc Cybersecurity,LC0200A,CS2117,13735,C01
1284,BSc Cybersecurity,LC0200A,CS2117,13736,T01
1284,BSc Cybersecurity,LC0200A,CS1302A,15568,C01
1284,BSc Cybersecurity,LC0200A,CS1302A,15573,T02
1285,BEng Civil Engineering,GE1401,GE1401,10679,T02
1285,BEng Civil Engineering,GE1401,PHY1201,11386,CA1
1285,BEng Civil Engineering,GE1401,MA1200,11788,CC1
1285,BEng Civil Engineering,GE1401,MA1200,11795,TC3
1285,BEng Civil Engineering,GE1401,CS1302,11859,CA1
1285,BEng Civil Engineering,GE1401,CS1302,11982,LA3
1285,BEng Civil Engineering,GE1401,PHY1201,12188,TA1
1285,BEng Civil Engineering,GE1401,PHY1201,12379,LA5
1286,BEng Civil Engineering,GE1401,GE1401,10690,T13
1286,BEng Civil Engineering,GE1401,MA1200,11782,CE1
1286,BEng Civil Engineering,GE1401,MA1200,11801,TE3
1286,BEng Civil Engineering,GE1401,CS1302,11859,CA1
1286,BEng Civil Engineering,GE1401,PHY1201,12180,L04
1286,BEng Civil Engineering,GE1401,CS1302,12215,LA4
1286,BEng Civil Engineering,GE1401,PHY1201,12368,C01
1286,BEng Civil Engineering,GE1401,PHY1201,12369,T02
1287,BEng Civil Engineering,GE1401,GE1401,10679,T02
1287,BEng Civil Engineering,GE1401,PHY1201,11377,T01
1287,BEng Civil Engineering,GE1401,MA1200,11789,CD1
1287,BEng Civil Engineering,GE1401,MA1200,11798,TD3
1287,BEng Civil Engineering,GE1401,CS1302,11859,CA1
1287,BEng Civil Engineering,GE1401,CS1302,11982,LA3
1287,BEng Civil Engineering,GE1401,PHY1201,12181,L05
1287,BEng Civil Engineering,GE1401,PHY1201,12368,C01
1288,BEng Civil Engineering,GE1401,PHY1201,11377,T01
1288,BEng Civil Engineering,GE1401,GE1401,11451,T68
1288,BEng Civil Engineering,GE1401,MA1200,11788,CC1
1288,BEng Civil Engineering,GE1401,MA1200,11793,TC1
1288,BEng Civil Engineering,GE1401,CS1302,11860,CB1
1288,BEng Civil Engineering,GE1401,PHY1201,12178,L02
1288,BEng Civil Engineering,GE1401,PHY1201,12368,C01
1288,BEng Civil Engineering,GE1401,CS1302,15811,LB4
1289,BEng Civil Engineering,GE1401,GE1401,10686,T09
1289,BEng Civil Engineering,GE1401,PHY1201,11386,CA1
1289,BEng Civil Engineering,GE1401,MA1200,11782,CE1
1289,BEng Civil Engineering,GE1401,MA1200,11801,TE3
1289,BEng Civil Engineering,GE1401,CS1302,11859,CA1
1289,BEng Civil Engineering,GE1401,CS1302,12215,LA4
1289,BEng Civil Engineering,GE1401,PHY1201,12372,TA2
1289,BEng Civil Engineering,GE1401,PHY1201,12378,LA4
1290,BEng Civil Engineering,GE1401,GE1401,10715,T45
1290,BEng Civil Engineering,GE1401,MA1200,11787,CA1
1290,BEng Civil Engineering,GE1401,MA1200,11791,TA2
1290,BEng Civil Engineering,GE1401,CS1302,11859,CA1
1290,BEng Civil Engineering,GE1401,CS1302,11982,LA3
1290,BEng Civil Engineering,GE1401,PHY1201,12179,L03
1290,BEng Civil Engineering,GE1401,PHY1201,12368,C01
1290,BEng Civil Engineering,GE1401,PHY1201,12369,T02
1291,BEng Civil Engineering,GE1401,GE1401,10686,T09
1291,BEng Civil Engineering,GE1401,PHY1201,11386,CA1
1291,BEng Civil Engineering,GE1401,MA1200,11782,CE1
1291,BEng Civil Engineering,GE1401,MA1200,11801,TE3
1291,BEng Civil Engineering,GE1401,CS1302,11859,CA1
1291,BEng Civil Engineering,GE1401,CS1302,12215,LA4
1291,BEng Civil Engineering,GE1401,PHY1201,12372,TA2
1291,BEng Civil Engineering,GE1401,PHY1201,12378,LA4
1292,BEng Civil Engineering,GE1401,GE1401,10706,T31
1292,BEng Civil Engineering,GE1401,MA1200,11787,CA1
1292,BEng Civil Engineering,GE1401,MA1200,11790,TA1
1292,BEng Civil Engineering,GE1401,CS1302,11860,CB1
1292,BEng Civil Engineering,GE1401,PHY1201,12178,L02
1292,BEng Civil Engineering,GE1401,PHY1201,12368,C01
1292,BEng Civil Engineering,GE1401,PHY1201,12369,T02
1292,BEng Civil Engineering,GE1401,CS1302,15811,LB4
1293,BEng Civil Engineering,GE1401,GE1401,10715,T45
1293,BEng Civil Engineering,GE1401,PHY1201,11377,T01
1293,BEng Civil Engineering,GE1401,MA1200,11789,CD1
1293,BEng Civil Engineering,GE1401,MA1200,11798,TD3
1293,BEng Civil Engineering,GE1401,CS1302,11859,CA1
1293,BEng Civil Engineering,GE1401,CS1302,11982,LA3
1293,BEng Civil Engineering,GE1401,PHY1201,12181,L05
1293,BEng Civil Engineering,GE1401,PHY1201,12368,C01
1294,BEng Civil Engineering,GE1401,GE1401,10706,T31
1294,BEng Civil Engineering,GE1401,MA1200,11788,CC1
1294,BEng Civil Engineering,GE1401,MA1200,11793,TC1
1294,BEng Civil Engineering,GE1401,CS1302,11860,CB1
1294,BEng Civil Engineering,GE1401,PHY1201,12178,L02
1294,BEng Civil Engineering,GE1401,PHY1201,12368,C01
1294,BEng Civil Engineering,GE1401,PHY1201,12369,T02
1294,BEng Civil Engineering,GE1401,CS1302,15811,LB4
1295,BEng Civil Engineering,GE1401,GE1401,10705,T30
1295,BEng Civil Engineering,GE1401,MA1200,11784,CF1
1295,BEng Civil Engineering,GE1401,MA1200,11802,TF1
1295,BEng Civil Engineering,GE1401,CS1302,11859,CA1
1295,BEng Civil Engineering,GE1401,CS1302,11863,LA1
1295,BEng Civil Engineering,GE1401,PHY1201,12179,L03
1295,BEng Civil Engineering,GE1401,PHY1201,12368,C01
1295,BEng Civil Engineering,GE1401,PHY1201,12369,T02
1296,BEng Civil Engineering,GE1401,GE1401,10706,T31
1296,BEng Civil Engineering,GE1401,MA1200,11787,CA1
1296,BEng Civil Engineering,GE1401,MA1200,11790,TA1
1296,BEng Civil Engineering,GE1401,CS1302,11860,CB1
1296,BEng Civil Engineering,GE1401,PHY1201,12178,L02
1296,BEng Civil Engineering,GE1401,PHY1201,12368,C01
1296,BEng Civil Engineering,GE1401,PHY1201,12369,T02
1296,BEng Civil Engineering,GE1401,CS1302,15811,LB4
1297,BEng Civil Engineering,GE1401,PHY1201,11377,T01
1297,BEng Civil Engineering,GE1401,GE1401,11451,T68
1297,BEng Civil Engineering,GE1401,MA1200,11788,CC1
1297,BEng Civil Engineering,GE1401,MA1200,11793,TC1
1297,BEng Civil Engineering,GE1401,CS1302,11860,CB1
1297,BEng Civil Engineering,GE1401,PHY1201,12178,L02
1297,BEng Civil Engineering,GE1401,PHY1201,12368,C01
1297,BEng Civil Engineering,GE1401,CS1302,15811,LB4
1298,BEng Civil Engineering,GE1401,GE1401,10679,T02
1298,BEng Civil Engineering,GE1401,PHY1201,11386,CA1
1298,BEng Civil Engineering,GE1401,MA1200,11788,CC1
1298,BEng Civil Engineering,GE1401,MA1200,11795,TC3
1298,BEng Civil Engineering,GE1401,CS1302,11859,CA1
1298,BEng Civil Engineering,GE1401,CS1302,11982,LA3
1298,BEng Civil Engineering,GE1401,PHY1201,12188,TA1
1298,BEng Civil Engineering,GE1401,PHY1201,12379,LA5
1299,BEng Civil Engineering,GE1401,PHY1201,11377,T01
1299,BEng Civil Engineering,GE1401,GE1401,11451,T68
1299,BEng Civil Engineering,GE1401,MA1200,11788,CC1
1299,BEng Civil Engineering,GE1401,MA1200,11793,TC1
1299,BEng Civil Engineering,GE1401,CS1302,11860,CB1
1299,BEng Civil Engineering,GE1401,PHY1201,12178,L02
1299,BEng Civil Engineering,GE1401,PHY1201,12368,C01
1299,BEng Civil Engineering,GE1401,CS1302,15811,LB4
1300,BEng Civil Engineering,GE1401,GE1401,11507,T80
1300,BEng Civil Engineering,GE1401,MA1200,11789,CD1
1300,BEng Civil Engineering,GE1401,MA1200,11797,TD2
1300,BEng Civil Engineering,GE1401,CS1302,11859,CA1
1300,BEng Civil Engineering,GE1401,CS1302,11864,LA2
1300,BEng Civil Engineering,GE1401,PHY1201,12179,L03
1300,BEng Civil Engineering,GE1401,PHY1201,12367,C02
1300,BEng Civil Engineering,GE1401,PHY1201,12369,T02
1301,BEng Civil Engineering,GE1401,MA1200,11787,CA1
1301,BEng Civil Engineering,GE1401,MA1200,11791,TA2
1301,BEng Civil Engineering,GE1401,CS1302,11859,CA1
1301,BEng Civil Engineering,GE1401,CS1302,11982,LA3
1301,BEng Civil Engineering,GE1401,PHY1201,12179,L03
1301,BEng Civil Engineering,GE1401,PHY1201,12368,C01
1301,BEng Civil Engineering,GE1401,PHY1201,12369,T02
1301,BEng Civil Engineering,GE1401,GE1401,12397,T51
1302,BEng Civil Engineering,GE1401,GE1401,10715,T45
1302,BEng Civil Engineering,GE1401,MA1200,11787,CA1
1302,BEng Civil Engineering,GE1401,MA1200,11791,TA2
1302,BEng Civil Engineering,GE1401,CS1302,11859,CA1
1302,BEng Civil Engineering,GE1401,CS1302,11982,LA3
1302,BEng Civil Engineering,GE1401,PHY1201,12179,L03
1302,BEng Civil Engineering,GE1401,PHY1201,12368,C01
1302,BEng Civil Engineering,GE1401,PHY1201,12369,T02
1303,BEng Civil Engineering,GE1401,GE1401,10715,T45
1303,BEng Civil Engineering,GE1401,MA1200,11787,CA1
1303,BEng Civil Engineering,GE1401,MA1200,11791,TA2
1303,BEng Civil Engineering,GE1401,CS1302,11859,CA1
1303,BEng Civil Engineering,GE1401,CS1302,11982,LA3
1303,BEng Civil Engineering,GE1401,PHY1201,12179,L03
1303,BEng Civil Engineering,GE1401,PHY1201,12368,C01
1303,BEng Civil Engineering,GE1401,PHY1201,12369,T02
1304,BEng Civil Engineering,GE1401,MA1200,11787,CA1
1304,BEng Civil Engineering,GE1401,MA1200,11791,TA2
1304,BEng Civil Engineering,GE1401,CS1302,11859,CA1
1304,BEng Civil Engineering,GE1401,CS1302,11982,LA3
1304,BEng Civil Engineering,GE1401,PHY1201,12179,L03
1304,BEng Civil Engineering,GE1401,PHY1201,12368,C01
1304,BEng Civil Engineering,GE1401,PHY1201,12369,T02
1304,BEng Civil Engineering,GE1401,GE1401,12397,T51
1305,BEng Civil Engineering,GE1401,GE1401,10706,T31
1305,BEng Civil Engineering,GE1401,MA1200,11787,CA1
1305,BEng Civil Engineering,GE1401,MA1200,11790,TA1
1305,BEng Civil Engineering,GE1401,CS1302,11860,CB1
1305,BEng Civil Engineering,GE1401,PHY1201,12178,L02
1305,BEng Civil Engineering,GE1401,PHY1201,12368,C01
1305,BEng Civil Engineering,GE1401,PHY1201,12369,T02
1305,BEng Civil Engineering,GE1401,CS1302,15811,LB4
1306,BEng Civil Engineering,GE1401,GE1401,10679,T02
1306,BEng Civil Engineering,GE1401,PHY1201,11386,CA1
1306,BEng Civil Engineering,GE1401,MA1200,11788,CC1
1306,BEng Civil Engineering,GE1401,MA1200,11795,TC3
1306,BEng Civil Engineering,GE1401,CS1302,11859,CA1
1306,BEng Civil Engineering,GE1401,CS1302,11982,LA3
1306,BEng Civil Engineering,GE1401,PHY1201,12188,TA1
1306,BEng Civil Engineering,GE1401,PHY1201,12379,LA5
1307,BEng Civil Engineering,GE1401,MA1200,11787,CA1
1307,BEng Civil Engineering,GE1401,MA1200,11791,TA2
1307,BEng Civil Engineering,GE1401,CS1302,11859,CA1
1307,BEng Civil Engineering,GE1401,CS1302,11982,LA3
1307,BEng Civil Engineering,GE1401,PHY1201,12179,L03
1307,BEng Civil Engineering,GE1401,PHY1201,12368,C01
1307,BEng Civil Engineering,GE1401,PHY1201,12369,T02
1307,BEng Civil Engineering,GE1401,GE1401,12397,T51
1308,BEng Civil Engineering,GE1401,GE1401,10715,T45
1308,BEng Civil Engineering,GE1401,PHY1201,11377,T01
1308,BEng Civil Engineering,GE1401,MA1200,11789,CD1
1308,BEng Civil Engineering,GE1401,MA1200,11798,TD3
1308,BEng Civil Engineering,GE1401,CS1302,11859,CA1
1308,BEng Civil Engineering,GE1401,CS1302,11982,LA3
1308,BEng Civil Engineering,GE1401,PHY1201,12181,L05
1308,BEng Civil Engineering,GE1401,PHY1201,12368,C01
1309,BEng Civil Engineering,GE1401,GE1401,10706,T31
1309,BEng Civil Engineering,GE1401,MA1200,11788,CC1
1309,BEng Civil Engineering,GE1401,MA1200,11793,TC1
1309,BEng Civil Engineering,GE1401,CS1302,11860,CB1
1309,BEng Civil Engineering,GE1401,PHY1201,12178,L02
1309,BEng Civil Engineering,GE1401,PHY1201,12368,C01
1309,BEng Civil Engineering,GE1401,PHY1201,12369,T02
1309,BEng Civil Engineering,GE1401,CS1302,15811,LB4
1310,BEng Civil Engineering,GE1401,GE1401,10679,T02
1310,BEng Civil Engineering,GE1401,PHY1201,11377,T01
1310,BEng Civil Engineering,GE1401,MA1200,11788,CC1
1310,BEng Civil Engineering,GE1401,MA1200,11795,TC3
1310,BEng Civil Engineering,GE1401,CS1302,11859,CA1
1310,BEng Civil Engineering,GE1401,CS1302,11982,LA3
1310,BEng Civil Engineering,GE1401,PHY1201,12181,L05
1310,BEng Civil Engineering,GE1401,PHY1201,12368,C01
1311,BEng Civil Engineering,GE1401,PHY1201,11377,T01
1311,BEng Civil Engineering,GE1401,GE1401,11451,T68
1311,BEng Civil Engineering,GE1401,MA1200,11788,CC1
1311,BEng Civil Engineering,GE1401,MA1200,11793,TC1
1311,BEng Civil Engineering,GE1401,CS1302,11860,CB1
1311,BEng Civil Engineering,GE1401,PHY1201,12178,L02
1311,BEng Civil Engineering,GE1401,PHY1201,12368,C01
1311,BEng Civil Engineering,GE1401,CS1302,15811,LB4
1312,BEng Civil Engineering,GE1401,GE1401,10715,T45
1312,BEng Civil Engineering,GE1401,MA1200,11787,CA1
1312,BEng Civil Engineering,GE1401,MA1200,11791,TA2
1312,BEng Civil Engineering,GE1401,CS1302,11859,CA1
1312,BEng Civil Engineering,GE1401,CS1302,11982,LA3
1312,BEng Civil Engineering,GE1401,PHY1201,12179,L03
1312,BEng Civil Engineering,GE1401,PHY1201,12368,C01
1312,BEng Civil Engineering,GE1401,PHY1201,12369,T02
1313,BEng Civil Engineering,GE1401,PHY1201,11377,T01
1313,BEng Civil Engineering,GE1401,GE1401,11451,T68
1313,BEng Civil Engineering,GE1401,MA1200,11788,CC1
1313,BEng Civil Engineering,GE1401,MA1200,11793,TC1
1313,BEng Civil Engineering,GE1401,CS1302,11860,CB1
1313,BEng Civil Engineering,GE1401,PHY1201,12178,L02
1313,BEng Civil Engineering,GE1401,PHY1201,12368,C01
1313,BEng Civil Engineering,GE1401,CS1302,15811,LB4
1314,BEng Civil Engineering,GE1401,MA1200,11787,CA1
1314,BEng Civil Engineering,GE1401,MA1200,11791,TA2
1314,BEng Civil Engineering,GE1401,CS1302,11859,CA1
1314,BEng Civil Engineering,GE1401,CS1302,11982,LA3
1314,BEng Civil Engineering,GE1401,PHY1201,12179,L03
1314,BEng Civil Engineering,GE1401,PHY1201,12368,C01
1314,BEng Civil Engineering,GE1401,PHY1201,12369,T02
1314,BEng Civil Engineering,GE1401,GE1401,12397,T51
1315,BEng Civil Engineering,GE1401,GE1401,10728,T61
1315,BEng Civil Engineering,GE1401,MA1200,11789,CD1
1315,BEng Civil Engineering,GE1401,MA1200,11797,TD2
1315,BEng Civil Engineering,GE1401,CS1302,11859,CA1
1315,BEng Civil Engineering,GE1401,CS1302,11864,LA2
1315,BEng Civil Engineering,GE1401,PHY1201,12179,L03
1315,BEng Civil Engineering,GE1401,PHY1201,12367,C02
1315,BEng Civil Engineering,GE1401,PHY1201,12369,T02
1316,BEng Civil Engineering,GE1401,GE1401,10706,T31
1316,BEng Civil Engineering,GE1401,PHY1201,11377,T01
1316,BEng Civil Engineering,GE1401,MA1200,11787,CA1
1316,BEng Civil Engineering,GE1401,MA1200,11790,TA1
1316,BEng Civil Engineering,GE1401,CS1302,11860,CB1
1316,BEng Civil Engineering,GE1401,PHY1201,12178,L02
1316,BEng Civil Engineering,GE1401,PHY1201,12368,C01
1316,BEng Civil Engineering,GE1401,CS1302,15811,LB4
1317,BEng Civil Engineering,GE1401,GE1401,10715,T45
1317,BEng Civil Engineering,GE1401,MA1200,11787,CA1
1317,BEng Civil Engineering,GE1401,MA1200,11791,TA2
1317,BEng Civil Engineering,GE1401,CS1302,11859,CA1
1317,BEng Civil Engineering,GE1401,CS1302,11982,LA3
1317,BEng Civil Engineering,GE1401,PHY1201,12179,L03
1317,BEng Civil Engineering,GE1401,PHY1201,12368,C01
1317,BEng Civil Engineering,GE1401,PHY1201,12369,T02
1318,BEng Civil Engineering,GE1401,GE1401,11491,T69
1318,BEng Civil Engineering,GE1401,MA1200,11789,CD1
1318,BEng Civil Engineering,GE1401,MA1200,11797,TD2
1318,BEng Civil Engineering,GE1401,CS1302,11859,CA1
1318,BEng Civil Engineering,GE1401,CS1302,11864,LA2
1318,BEng Civil Engineering,GE1401,PHY1201,12179,L03
1318,BEng Civil Engineering,GE1401,PHY1201,12367,C02
1318,BEng Civil Engineering,GE1401,PHY1201,12369,T02
1319,BEng Civil Engineering,GE1401,GE1401,10720,T53
1319,BEng Civil Engineering,GE1401,MA1200,11784,CF1
1319,BEng Civil Engineering,GE1401,MA1200,11802,TF1
1319,BEng Civil Engineering,GE1401,CS1302,11859,CA1
1319,BEng Civil Engineering,GE1401,CS1302,11863,LA1
1319,BEng Civil Engineering,GE1401,PHY1201,12179,L03
1319,BEng Civil Engineering,GE1401,PHY1201,12368,C01
1319,BEng Civil Engineering,GE1401,PHY1201,12369,T02
1320,BEng Civil Engineering,GE1401,GE1401,10679,T02
1320,BEng Civil Engineering,GE1401,PHY1201,11377,T01
1320,BEng Civil Engineering,GE1401,MA1200,11788,CC1
1320,BEng Civil Engineering,GE1401,MA1200,11795,TC3
1320,BEng Civil Engineering,GE1401,CS1302,11859,CA1
1320,BEng Civil Engineering,GE1401,CS1302,11982,LA3
1320,BEng Civil Engineering,GE1401,PHY1201,12181,L05
1320,BEng Civil Engineering,GE1401,PHY1201,12368,C01
1321,BEng Civil Engineering,GE1401,GE1401,10715,T45
1321,BEng Civil Engineering,GE1401,MA1200,11787,CA1
1321,BEng Civil Engineering,GE1401,MA1200,11791,TA2
1321,BEng Civil Engineering,GE1401,CS1302,11859,CA1
1321,BEng Civil Engineering,GE1401,CS1302,11982,LA3
1321,BEng Civil Engineering,GE1401,PHY1201,12179,L03
1321,BEng Civil Engineering,GE1401,PHY1201,12368,C01
1321,BEng Civil Engineering,GE1401,PHY1201,12369,T02
1322,BEng Civil Engineering,GE1401,GE1401,10679,T02
1322,BEng Civil Engineering,GE1401,PHY1201,11377,T01
1322,BEng Civil Engineering,GE1401,MA1200,11789,CD1
1322,BEng Civil Engineering,GE1401,MA1200,11798,TD3
1322,BEng Civil Engineering,GE1401,CS1302,11859,CA1
1322,BEng Civil Engineering,GE1401,CS1302,11982,LA3
1322,BEng Civil Engineering,GE1401,PHY1201,12181,L05
1322,BEng Civil Engineering,GE1401,PHY1201,12368,C01
1323,BEng Civil Engineering,GE1401,GE1401,10706,T31
1323,BEng Civil Engineering,GE1401,MA1200,11787,CA1
1323,BEng Civil Engineering,GE1401,MA1200,11790,TA1
1323,BEng Civil Engineering,GE1401,CS1302,11860,CB1
1323,BEng Civil Engineering,GE1401,PHY1201,12178,L02
1323,BEng Civil Engineering,GE1401,PHY1201,12368,C01
1323,BEng Civil Engineering,GE1401,PHY1201,12369,T02
1323,BEng Civil Engineering,GE1401,CS1302,15811,LB4
1324,BEng Civil Engineering,LC0200A,LC0200A,10865,T05
1324,BEng Civil Engineering,LC0200A,MA1200,11784,CF1
1324,BEng Civil Engineering,LC0200A,MA1200,11804,TF3
1324,BEng Civil Engineering,LC0200A,CS1302,11859,CA1
1324,BEng Civil Engineering,LC0200A,PHY1201,12180,L04
1324,BEng Civil Engineering,LC0200A,CS1302,12215,LA4
1324,BEng Civil Engineering,LC0200A,PHY1201,12368,C01
1324,BEng Civil Engineering,LC0200A,PHY1201,12369,T02
1325,BEng Civil Engineering,LC0200A,MA1200,11787,CA1
1325,BEng Civil Engineering,LC0200A,MA1200,11790,TA1
1325,BEng Civil Engineering,LC0200A,CS1302,11860,CB1
1325,BEng Civil Engineering,LC0200A,PHY1201,12178,L02
1325,BEng Civil Engineering,LC0200A,LC0200A,12333,T40
1325,BEng Civil Engineering,LC0200A,PHY1201,12368,C01
1325,BEng Civil Engineering,LC0200A,PHY1201,12369,T02
1325,BEng Civil Engineering,LC0200A,CS1302,15811,LB4
1326,BEng Civil Engineering,LC0200A,LC0200A,10865,T05
1326,BEng Civil Engineering,LC0200A,MA1200,11782,CE1
1326,BEng Civil Engineering,LC0200A,MA1200,11801,TE3
1326,BEng Civil Engineering,LC0200A,CS1302,11859,CA1
1326,BEng Civil Engineering,LC0200A,PHY1201,12180,L04
1326,BEng Civil Engineering,LC0200A,CS1302,12215,LA4
1326,BEng Civil Engineering,LC0200A,PHY1201,12368,C01
1326,BEng Civil Engineering,LC0200A,PHY1201,12369,T02
1327,BEng Civil Engineering,LC0200A,LC0200A,10880,T11
1327,BEng Civil Engineering,LC0200A,MA1200,11782,CE1
1327,BEng Civil Engineering,LC0200A,MA1200,11801,TE3
1327,BEng Civil Engineering,LC0200A,CS1302,11859,CA1
1327,BEng Civil Engineering,LC0200A,PHY1201,12180,L04
1327,BEng Civil Engineering,LC0200A,CS1302,12215,LA4
1327,BEng Civil Engineering,LC0200A,PHY1201,12368,C01
1327,BEng Civil Engineering,LC0200A,PHY1201,12369,T02
1328,BEng Civil Engineering,LC0200A,LC0200A,10862,T02
1328,BEng Civil Engineering,LC0200A,PHY1201,11377,T01
1328,BEng Civil Engineering,LC0200A,MA1200,11788,CC1
1328,BEng Civil Engineering,LC0200A,MA1200,11795,TC3
1328,BEng Civil Engineering,LC0200A,CS1302,11859,CA1
1328,BEng Civil Engineering,LC0200A,CS1302,11982,LA3
1328,BEng Civil Engineering,LC0200A,PHY1201,12181,L05
1328,BEng Civil Engineering,LC0200A,PHY1201,12368,C01
1329,BEng Civil Engineering,LC0200A,LC0200A,10862,T02
1329,BEng Civil Engineering,LC0200A,PHY1201,11377,T01
1329,BEng Civil Engineering,LC0200A,MA1200,11788,CC1
1329,BEng Civil Engineering,LC0200A,MA1200,11795,TC3
1329,BEng Civil Engineering,LC0200A,CS1302,11859,CA1
1329,BEng Civil Engineering,LC0200A,CS1302,11982,LA3
1329,BEng Civil Engineering,LC0200A,PHY1201,12181,L05
1329,BEng Civil Engineering,LC0200A,PHY1201,12368,C01
1330,BEng Civil Engineering,LC0200A,LC0200A,10895,T27
1330,BEng Civil Engineering,LC0200A,MA1200,11784,CF1
1330,BEng Civil Engineering,LC0200A,MA1200,11802,TF1
1330,BEng Civil Engineering,LC0200A,CS1302,11859,CA1
1330,BEng Civil Engineering,LC0200A,CS1302,11863,LA1
1330,BEng Civil Engineering,LC0200A,PHY1201,12179,L03
1330,BEng Civil Engineering,LC0200A,PHY1201,12368,C01
1330,BEng Civil Engineering,LC0200A,PHY1201,12369,T02
1331,BEng Civil Engineering,LC0200A,LC0200A,10880,T11
1331,BEng Civil Engineering,LC0200A,MA1200,11782,CE1
1331,BEng Civil Engineering,LC0200A,MA1200,11801,TE3
1331,BEng Civil Engineering,LC0200A,CS1302,11859,CA1
1331,BEng Civil Engineering,LC0200A,PHY1201,12180,L04
1331,BEng Civil Engineering,LC0200A,CS1302,12215,LA4
1331,BEng Civil Engineering,LC0200A,PHY1201,12368,C01
1331,BEng Civil Engineering,LC0200A,PHY1201,12369,T02
1332,BEng Civil Engineering,LC0200A,PHY1201,11377,T01
1332,BEng Civil Engineering,LC0200A,MA1200,11788,CC1
1332,BEng Civil Engineering,LC0200A,MA1200,11793,TC1
1332,BEng Civil Engineering,LC0200A,CS1302,11860,CB1
1332,BEng Civil Engineering,LC0200A,PHY1201,12178,L02
1332,BEng Civil Engineering,LC0200A,LC0200A,12333,T40
1332,BEng Civil Engineering,LC0200A,PHY1201,12368,C01
1332,BEng Civil Engineering,LC0200A,CS1302,15811,LB4
1333,BEng Civil Engineering,LC0200A,MA1200,11788,CC1
1333,BEng Civil Engineering,LC0200A,MA1200,11793,TC1
1333,BEng Civil Engineering,LC0200A,CS1302,11860,CB1
1333,BEng Civil Engineering,LC0200A,PHY1201,12178,L02
1333,BEng Civil Engineering,LC0200A,LC0200A,12333,T40
1333,BEng Civil Engineering,LC0200A,PHY1201,12368,C01
1333,BEng Civil Engineering,LC0200A,PHY1201,12369,T02
1333,BEng Civil Engineering,LC0200A,CS1302,15811,LB4
1334,BEng Civil Engineering,LC0200A,LC0200A,10895,T27
1334,BEng Civil Engineering,LC0200A,MA1200,11784,CF1
1334,BEng Civil Engineering,LC0200A,MA1200,11802,TF1
1334,BEng Civil Engineering,LC0200A,CS1302,11859,CA1
1334,BEng Civil Engineering,LC0200A,CS1302,11863,LA1
1334,BEng Civil Engineering,LC0200A,PHY1201,12179,L03
1334,BEng Civil Engineering,LC0200A,PHY1201,12368,C01
1334,BEng Civil Engineering,LC0200A,PHY1201,12369,T02
1335,BEng Civil Engineering,LC0200A,MA1200,11787,CA1
1335,BEng Civil Engineering,LC0200A,MA1200,11790,TA1
1335,BEng Civil Engineering,LC0200A,CS1302,11860,CB1
1335,BEng Civil Engineering,LC0200A,PHY1201,12178,L02
1335,BEng Civil Engineering,LC0200A,LC0200A,12333,T40
1335,BEng Civil Engineering,LC0200A,PHY1201,12368,C01
1335,BEng Civil Engineering,LC0200A,PHY1201,12369,T02
1335,BEng Civil Engineering,LC0200A,CS1302,15811,LB4
1336,BEng Civil Engineering,LC0200A,LC0200A,10862,T02
1336,BEng Civil Engineering,LC0200A,MA1200,11787,CA1
1336,BEng Civil Engineering,LC0200A,MA1200,11791,TA2
1336,BEng Civil Engineering,LC0200A,CS1302,11859,CA1
1336,BEng Civil Engineering,LC0200A,CS1302,11982,LA3
1336,BEng Civil Engineering,LC0200A,PHY1201,12179,L03
1336,BEng Civil Engineering,LC0200A,PHY1201,12368,C01
1336,BEng Civil Engineering,LC0200A,PHY1201,12369,T02
1337,BEng Civil Engineering,LC0200A,LC0200A,10862,T02
1337,BEng Civil Engineering,LC0200A,PHY1201,11377,T01
1337,BEng Civil Engineering,LC0200A,MA1200,11788,CC1
1337,BEng Civil Engineering,LC0200A,MA1200,11795,TC3
1337,BEng Civil Engineering,LC0200A,CS1302,11859,CA1
1337,BEng Civil Engineering,LC0200A,CS1302,11982,LA3
1337,BEng Civil Engineering,LC0200A,PHY1201,12181,L05
1337,BEng Civil Engineering,LC0200A,PHY1201,12368,C01
1338,BEng Civil Engineering,LC0200A,LC0200A,10880,T11
1338,BEng Civil Engineering,LC0200A,MA1200,11782,CE1
1338,BEng Civil Engineering,LC0200A,MA1200,11801,TE3
1338,BEng Civil Engineering,LC0200A,CS1302,11859,CA1
1338,BEng Civil Engineering,LC0200A,PHY1201,12180,L04
1338,BEng Civil Engineering,LC0200A,CS1302,12215,LA4
1338,BEng Civil Engineering,LC0200A,PHY1201,12368,C01
1338,BEng Civil Engineering,LC0200A,PHY1201,12369,T02
1339,BEng Civil Engineering,LC0200A,LC0200A,10862,T02
1339,BEng Civil Engineering,LC0200A,PHY1201,11377,T01
1339,BEng Civil Engineering,LC0200A,MA1200,11789,CD1
1339,BEng Civil Engineering,LC0200A,MA1200,11798,TD3
1339,BEng Civil Engineering,LC0200A,CS1302,11859,CA1
1339,BEng Civil Engineering,LC0200A,CS1302,11982,LA3
1339,BEng Civil Engineering,LC0200A,PHY1201,12181,L05
1339,BEng Civil Engineering,LC0200A,PHY1201,12368,C01
1340,BEng Civil Engineering,LC0200A,PHY1201,11377,T01
1340,BEng Civil Engineering,LC0200A,MA1200,11788,CC1
1340,BEng Civil Engineering,LC0200A,MA1200,11793,TC1
1340,BEng Civil Engineering,LC0200A,CS1302,11860,CB1
1340,BEng Civil Engineering,LC0200A,PHY1201,12178,L02
1340,BEng Civil Engineering,LC0200A,LC0200A,12333,T40
1340,BEng Civil Engineering,LC0200A,PHY1201,12368,C01
1340,BEng Civil Engineering,LC0200A,CS1302,15811,LB4
1341,BEng Building Services Engineering,GE1401,GE1401,10710,T37
1341,BEng Building Services Engineering,GE1401,MA1200,11782,CE1
1341,BEng Building Services Engineering,GE1401,MA1200,11801,TE3
1341,BEng Building Services Engineering,GE1401,CS1302,11859,CA1
1341,BEng Building Services Engineering,GE1401,PHY1201,12180,L04
1341,BEng Building Services Engineering,GE1401,CS1302,12215,LA4
1341,BEng Building Services Engineering,GE1401,PHY1201,12368,C01
1341,BEng Building Services Engineering,GE1401,PHY1201,12369,T02
1342,BEng Building Services Engineering,GE1401,PHY1201,11377,T01
1342,BEng Building Services Engineering,GE1401,GE1401,11451,T68
1342,BEng Building Services Engineering,GE1401,MA1200,11788,CC1
1342,BEng Building Services Engineering,GE1401,MA1200,11793,TC1
1342,BEng Building Services Engineering,GE1401,CS1302,11860,CB1
1342,BEng Building Services Engineering,GE1401,PHY1201,12178,L02
1342,BEng Building Services Engineering,GE1401,PHY1201,12368,C01
1342,BEng Building Services Engineering,GE1401,CS1302,15811,LB4
1343,BEng Building Services Engineering,GE1401,GE1401,10706,T31
1343,BEng Building Services Engineering,GE1401,MA1200,11788,CC1
1343,BEng Building Services Engineering,GE1401,MA1200,11793,TC1
1343,BEng Building Services Engineering,GE1401,CS1302,11860,CB1
1343,BEng Building Services Engineering,GE1401,PHY1201,12178,L02
1343,BEng Building Services Engineering,GE1401,PHY1201,12368,C01
1343,BEng Building Services Engineering,GE1401,PHY1201,12369,T02
1343,BEng Building Services Engineering,GE1401,CS1302,15811,LB4
1344,BEng Building Services Engineering,GE1401,GE1401,10710,T37
1344,BEng Building Services Engineering,GE1401,PHY1201,11386,CA1
1344,BEng Building Services Engineering,GE1401,MA1200,11782,CE1
1344,BEng Building Services Engineering,GE1401,MA1200,11801,TE3
1344,BEng Building Services Engineering,GE1401,CS1302,11859,CA1
1344,BEng Building Services Engineering,GE1401,CS1302,12215,LA4
1344,BEng Building Services Engineering,GE1401,PHY1201,12372,TA2
1344,BEng Building Services Engineering,GE1401,PHY1201,12378,LA4
1345,BEng Building Services Engineering,GE1401,GE1401,10710,T37
1345,BEng Building Services Engineering,GE1401,MA1200,11782,CE1
1345,BEng Building Services Engineering,GE1401,MA1200,11801,TE3
1345,BEng Building Services Engineering,GE1401,CS1302,11859,CA1
1345,BEng Building Services Engineering,GE1401,PHY1201,12180,L04
1345,BEng Building Services Engineering,GE1401,CS1302,12215,LA4
1345,BEng Building Services Engineering,GE1401,PHY1201,12368,C01
1345,BEng Building Services Engineering,GE1401,PHY1201,12369,T02
1346,BEng Building Services Engineering,GE1401,GE1401,10720,T53
1346,BEng Building Services Engineering,GE1401,MA1200,11784,CF1
1346,BEng Building Services Engineering,GE1401,MA1200,11802,TF1
1346,BEng Building Services Engineering,GE1401,CS1302,11859,CA1
1346,BEng Building Services Engineering,GE1401,CS1302,11863,LA1
1346,BEng Building Services Engineering,GE1401,PHY1201,12179,L03
1346,BEng Building Services Engineering,GE1401,PHY1201,12368,C01
1346,BEng Building Services Engineering,GE1401,PHY1201,12369,T02
1347,BEng Building Services Engineering,GE1401,GE1401,10710,T37
1347,BEng Building Services Engineering,GE1401,PHY1201,11386,CA1
1347,BEng Building Services Engineering,GE1401,MA1200,11782,CE1
1347,BEng Building Services Engineering,GE1401,MA1200,11801,TE3
1347,BEng Building Services Engineering,GE1401,CS1302,11859,CA1
1347,BEng Building Services Engineering,GE1401,CS1302,12215,LA4
1347,BEng Building Services Engineering,GE1401,PHY1201,12372,TA2
1347,BEng Building Services Engineering,GE1401,PHY1201,12378,LA4
1348,BEng Building Services Engineering,GE1401,GE1401,10679,T02
1348,BEng Building Services Engineering,GE1401,PHY1201,11377,T01
1348,BEng Building Services Engineering,GE1401,MA1200,11789,CD1
1348,BEng Building Services Engineering,GE1401,MA1200,11798,TD3
1348,BEng Building Services Engineering,GE1401,CS1302,11859,CA1
1348,BEng Building Services Engineering,GE1401,CS1302,11982,LA3
1348,BEng Building Services Engineering,GE1401,PHY1201,12181,L05
1348,BEng Building Services Engineering,GE1401,PHY1201,12368,C01
1349,BEng Building Services Engineering,GE1401,GE1401,10715,T45
1349,BEng Building Services Engineering,GE1401,MA1200,11787,CA1
1349,BEng Building Services Engineering,GE1401,MA1200,11791,TA2
1349,BEng Building Services Engineering,GE1401,CS1302,11859,CA1
1349,BEng Building Services Engineering,GE1401,CS1302,11982,LA3
1349,BEng Building Services Engineering,GE1401,PHY1201,12179,L03
1349,BEng Building Services Engineering,GE1401,PHY1201,12368,C01
1349,BEng Building Services Engineering,GE1401,PHY1201,12369,T02
1350,BEng Building Services Engineering,GE1401,GE1401,10706,T31
1350,BEng Building Services Engineering,GE1401,MA1200,11787,CA1
1350,BEng Building Services Engineering,GE1401,MA1200,11790,TA1
1350,BEng Building Services Engineering,GE1401,CS1302,11860,CB1
1350,BEng Building Services Engineering,GE1401,PHY1201,12178,L02
1350,BEng Building Services Engineering,GE1401,PHY1201,12368,C01
1350,BEng Building Services Engineering,GE1401,PHY1201,12369,T02
1350,BEng Building Services Engineering,GE1401,CS1302,15811,LB4
1351,BEng Building Services Engineering,GE1401,GE1401,10705,T30
1351,BEng Building Services Engineering,GE1401,MA1200,11784,CF1
1351,BEng Building Services Engineering,GE1401,MA1200,11802,TF1
1351,BEng Building Services Engineering,GE1401,CS1302,11859,CA1
1351,BEng Building Services Engineering,GE1401,CS1302,11863,LA1
1351,BEng Building Services Engineering,GE1401,PHY1201,12179,L03
1351,BEng Building Services Engineering,GE1401,PHY1201,12368,C01
1351,BEng Building Services Engineering,GE1401,PHY1201,12369,T02
1352,BEng Building Services Engineering,GE1401,GE1401,10686,T09
1352,BEng Building Services Engineering,GE1401,PHY1201,11386,CA1
1352,BEng Building Services Engineering,GE1401,MA1200,11782,CE1
1352,BEng Building Services Engineering,GE1401,MA1200,11801,TE3
1352,BEng Building Services Engineering,GE1401,CS1302,11859,CA1
1352,BEng Building Services Engineering,GE1401,CS1302,12215,LA4
1352,BEng Building Services Engineering,GE1401,PHY1201,12372,TA2
1352,BEng Building Services Engineering,GE1401,PHY1201,12378,LA4
1353,BEng Building Services Engineering,GE1401,GE1401,10710,T37
1353,BEng Building Services Engineering,GE1401,PHY1201,11386,CA1
1353,BEng Building Services Engineering,GE1401,MA1200,11782,CE1
1353,BEng Building Services Engineering,GE1401,MA1200,11801,TE3
1353,BEng Building Services Engineering,GE1401,CS1302,11859,CA1
1353,BEng Building Services Engineering,GE1401,CS1302,12215,LA4
1353,BEng Building Services Engineering,GE1401,PHY1201,12372,TA2
1353,BEng Building Services Engineering,GE1401,PHY1201,12378,LA4
1354,BEng Building Services Engineering,GE1401,GE1401,10715,T45
1354,BEng Building Services Engineering,GE1401,MA1200,11787,CA1
1354,BEng Building Services Engineering,GE1401,MA1200,11791,TA2
1354,BEng Building Services Engineering,GE1401,CS1302,11859,CA1
1354,BEng Building Services Engineering,GE1401,CS1302,11982,LA3
1354,BEng Building Services Engineering,GE1401,PHY1201,12179,L03
1354,BEng Building Services Engineering,GE1401,PHY1201,12368,C01
1354,BEng Building Services Engineering,GE1401,PHY1201,12369,T02
1355,BEng Building Services Engineering,GE1401,GE1401,10690,T13
1355,BEng Building Services Engineering,GE1401,MA1200,11782,CE1
1355,BEng Building Services Engineering,GE1401,MA1200,11801,TE3
1355,BEng Building Services Engineering,GE1401,CS1302,11859,CA1
1355,BEng Building Services Engineering,GE1401,PHY1201,12180,L04
1355,BEng Building Services Engineering,GE1401,CS1302,12215,LA4
1355,BEng Building Services Engineering,GE1401,PHY1201,12368,C01
1355,BEng Building Services Engineering,GE1401,PHY1201,12369,T02
1356,BEng Building Services Engineering,GE1401,GE1401,11491,T69
1356,BEng Building Services Engineering,GE1401,MA1200,11789,CD1
1356,BEng Building Services Engineering,GE1401,MA1200,11797,TD2
1356,BEng Building Services Engineering,GE1401,CS1302,11859,CA1
1356,BEng Building Services Engineering,GE1401,CS1302,11864,LA2
1356,BEng Building Services Engineering,GE1401,PHY1201,12179,L03
1356,BEng Building Services Engineering,GE1401,PHY1201,12367,C02
1356,BEng Building Services Engineering,GE1401,PHY1201,12369,T02
1357,BEng Building Services Engineering,GE1401,GE1401,10706,T31
1357,BEng Building Services Engineering,GE1401,MA1200,11787,CA1
1357,BEng Building Services Engineering,GE1401,MA1200,11790,TA1
1357,BEng Building Services Engineering,GE1401,CS1302,11860,CB1
1357,BEng Building Services Engineering,GE1401,PHY1201,12178,L02
1357,BEng Building Services Engineering,GE1401,PHY1201,12368,C01
1357,BEng Building Services Engineering,GE1401,PHY1201,12369,T02
1357,BEng Building Services Engineering,GE1401,CS1302,15811,LB4
1358,BEng Building Services Engineering,GE1401,GE1401,10679,T02
1358,BEng Building Services Engineering,GE1401,PHY1201,11386,CA1
1358,BEng Building Services Engineering,GE1401,MA1200,11788,CC1
1358,BEng Building Services Engineering,GE1401,MA1200,11795,TC3
1358,BEng Building Services Engineering,GE1401,CS1302,11859,CA1
1358,BEng Building Services Engineering,GE1401,CS1302,11982,LA3
1358,BEng Building Services Engineering,GE1401,PHY1201,12188,TA1
1358,BEng Building Services Engineering,GE1401,PHY1201,12379,LA5
1359,BEng Building Services Engineering,GE1401,GE1401,10686,T09
1359,BEng Building Services Engineering,GE1401,PHY1201,11386,CA1
1359,BEng Building Services Engineering,GE1401,MA1200,11782,CE1
1359,BEng Building Services Engineering,GE1401,MA1200,11801,TE3
1359,BEng Building Services Engineering,GE1401,CS1302,11859,CA1
1359,BEng Building Services Engineering,GE1401,CS1302,12215,LA4
1359,BEng Building Services Engineering,GE1401,PHY1201,12372,TA2
1359,BEng Building Services Engineering,GE1401,PHY1201,12378,LA4
1360,BEng Building Services Engineering,GE1401,PHY1201,11377,T01
1360,BEng Building Services Engineering,GE1401,GE1401,11451,T68
1360,BEng Building Services Engineering,GE1401,MA1200,11788,CC1
1360,BEng Building Services Engineering,GE1401,MA1200,11793,TC1
1360,BEng Building Services Engineering,GE1401,CS1302,11860,CB1
1360,BEng Building Services Engineering,GE1401,PHY1201,12178,L02
1360,BEng Building Services Engineering,GE1401,PHY1201,12368,C01
1360,BEng Building Services Engineering,GE1401,CS1302,15811,LB4
1361,BEng Building Services Engineering,GE1401,GE1401,10706,T31
1361,BEng Building Services Engineering,GE1401,MA1200,11787,CA1
1361,BEng Building Services Engineering,GE1401,MA1200,11790,TA1
1361,BEng Building Services Engineering,GE1401,CS1302,11860,CB1
1361,BEng Building Services Engineering,GE1401,PHY1201,12178,L02
1361,BEng Building Services Engineering,GE1401,PHY1201,12368,C01
1361,BEng Building Services Engineering,GE1401,PHY1201,12369,T02
1361,BEng Building Services Engineering,GE1401,CS1302,15811,LB4
1362,BEng Building Services Engineering,GE1401,GE1401,11507,T80
1362,BEng Building Services Engineering,GE1401,MA1200,11789,CD1
1362,BEng Building Services Engineering,GE1401,MA1200,11797,TD2
1362,BEng Building Services Engineering,GE1401,CS1302,11859,CA1
1362,BEng Building Services Engineering,GE1401,CS1302,11864,LA2
1362,BEng Building Services Engineering,GE1401,PHY1201,12179,L03
1362,BEng Building Services Engineering,GE1401,PHY1201,12367,C02
1362,BEng Building Services Engineering,GE1401,PHY1201,12369,T02
1363,BEng Building Services Engineering,GE1401,MA1200,11784,CF1
1363,BEng Building Services Engineering,GE1401,MA1200,11804,TF3
1363,BEng Building Services Engineering,GE1401,CS1302,11859,CA1
1363,BEng Building Services Engineering,GE1401,PHY1201,12180,L04
1363,BEng Building Services Engineering,GE1401,CS1302,12215,LA4
1363,BEng Building Services Engineering,GE1401,PHY1201,12368,C01
1363,BEng Building Services Engineering,GE1401,PHY1201,12369,T02
1363,BEng Building Services Engineering,GE1401,GE1401,12396,T46
1364,BEng Building Services Engineering,GE1401,GE1401,10679,T02
1364,BEng Building Services Engineering,GE1401,PHY1201,11377,T01
1364,BEng Building Services Engineering,GE1401,MA1200,11789,CD1
1364,BEng Building Services Engineering,GE1401,MA1200,11798,TD3
1364,BEng Building Services Engineering,GE1401,CS1302,11859,CA1
1364,BEng Building Services Engineering,GE1401,CS1302,11982,LA3
1364,BEng Building Services Engineering,GE1401,PHY1201,12181,L05
1364,BEng Building Services Engineering,GE1401,PHY1201,12368,C01
1365,BEng Building Services Engineering,GE1401,GE1401,10679,T02
1365,BEng Building Services Engineering,GE1401,PHY1201,11386,CA1
1365,BEng Building Services Engineering,GE1401,MA1200,11788,CC1
1365,BEng Building Services Engineering,GE1401,MA1200,11795,TC3
1365,BEng Building Services Engineering,GE1401,CS1302,11859,CA1
1365,BEng Building Services Engineering,GE1401,CS1302,11982,LA3
1365,BEng Building Services Engineering,GE1401,PHY1201,12188,TA1
1365,BEng Building Services Engineering,GE1401,PHY1201,12379,LA5
1366,BEng Building Services Engineering,GE1401,GE1401,10679,T02
1366,BEng Building Services Engineering,GE1401,PHY1201,11377,T01
1366,BEng Building Services Engineering,GE1401,MA1200,11789,CD1
1366,BEng Building Services Engineering,GE1401,MA1200,11798,TD3
1366,BEng Building Services Engineering,GE1401,CS1302,11859,CA1
1366,BEng Building Services Engineering,GE1401,CS1302,11982,LA3
1366,BEng Building Services Engineering,GE1401,PHY1201,12181,L05
1366,BEng Building Services Engineering,GE1401,PHY1201,12368,C01
1367,BEng Building Services Engineering,LC0200A,MA1200,11787,CA1
1367,BEng Building Services Engineering,LC0200A,MA1200,11790,TA1
1367,BEng Building Services Engineering,LC0200A,CS1302,11860,CB1
1367,BEng Building Services Engineering,LC0200A,PHY1201,12178,L02
1367,BEng Building Services Engineering,LC0200A,LC0200A,12333,T40
1367,BEng Building Services Engineering,LC0200A,PHY1201,12368,C01
1367,BEng Building Services Engineering,LC0200A,PHY1201,12369,T02
1367,BEng Building Services Engineering,LC0200A,CS1302,15811,LB4
1368,BEng Building Services Engineering,LC0200A,LC0200A,10865,T05
1368,BEng Building Services Engineering,LC0200A,MA1200,11782,CE1
1368,BEng Building Services Engineering,LC0200A,MA1200,11801,TE3
1368,BEng Building Services Engineering,LC0200A,CS1302,11859,CA1
1368,BEng Building Services Engineering,LC0200A,PHY1201,12180,L04
1368,BEng Building Services Engineering,LC0200A,CS1302,12215,LA4
1368,BEng Building Services Engineering,LC0200A,PHY1201,12368,C01
1368,BEng Building Services Engineering,LC0200A,PHY1201,12369,T02
1369,BEng Building Services Engineering,LC0200A,PHY1201,11377,T01
1369,BEng Building Services Engineering,LC0200A,MA1200,11788,CC1
1369,BEng Building Services Engineering,LC0200A,MA1200,11793,TC1
1369,BEng Building Services Engineering,LC0200A,CS1302,11860,CB1
1369,BEng Building Services Engineering,LC0200A,PHY1201,12178,L02
1369,BEng Building Services Engineering,LC0200A,LC0200A,12333,T40
1369,BEng Building Services Engineering,LC0200A,PHY1201,12368,C01
1369,BEng Building Services Engineering,LC0200A,CS1302,15811,LB4
1370,BEng Building Services Engineering,LC0200A,LC0200A,10865,T05
1370,BEng Building Services Engineering,LC0200A,MA1200,11782,CE1
1370,BEng Building Services Engineering,LC0200A,MA1200,11801,TE3
1370,BEng Building Services Engineering,LC0200A,CS1302,11859,CA1
1370,BEng Building Services Engineering,LC0200A,PHY1201,12180,L04
1370,BEng Building Services Engineering,LC0200A,CS1302,12215,LA4
1370,BEng Building Services Engineering,LC0200A,PHY1201,12368,C01
1370,BEng Building Services Engineering,LC0200A,PHY1201,12369,T02
1371,BEng Building Services Engineering,LC0200A,LC0200A,10862,T02
1371,BEng Building Services Engineering,LC0200A,MA1200,11787,CA1
1371,BEng Building Services Engineering,LC0200A,MA1200,11791,TA2
1371,BEng Building Services Engineering,LC0200A,CS1302,11859,CA1
1371,BEng Building Services Engineering,LC0200A,CS1302,11982,LA3
1371,BEng Building Services Engineering,LC0200A,PHY1201,12179,L03
1371,BEng Building Services Engineering,LC0200A,PHY1201,12368,C01
1371,BEng Building Services Engineering,LC0200A,PHY1201,12369,T02
1372,BEng Building Services Engineering,LC0200A,LC0200A,10862,T02
1372,BEng Building Services Engineering,LC0200A,PHY1201,11377,T01
1372,BEng Building Services Engineering,LC0200A,MA1200,11789,CD1
1372,BEng Building Services Engineering,LC0200A,MA1200,11798,TD3
1372,BEng Building Services Engineering,LC0200A,CS1302,11859,CA1
1372,BEng Building Services Engineering,LC0200A,CS1302,11982,LA3
1372,BEng Building Services Engineering,LC0200A,PHY1201,12181,L05
1372,BEng Building Services Engineering,LC0200A,PHY1201,12368,C01
1373,BEng Building Services Engineering,LC0200A,LC0200A,10862,T02
1373,BEng Building Services Engineering,LC0200A,PHY1201,11377,T01
1373,BEng Building Services Engineering,LC0200A,MA1200,11789,CD1
1373,BEng Building Services Engineering,LC0200A,MA1200,11798,TD3
1373,BEng Building Services Engineering,LC0200A,CS1302,11859,CA1
1373,BEng Building Services Engineering,LC0200A,CS1302,11982,LA3
1373,BEng Building Services Engineering,LC0200A,PHY1201,12181,L05
1373,BEng Building Services Engineering,LC0200A,PHY1201,12368,C01
1374,BEng Building Services Engineering,LC0200A,LC0200A,10878,T09
1374,BEng Building Services Engineering,LC0200A,MA1200,11784,CF1
1374,BEng Building Services Engineering,LC0200A,MA1200,11802,TF1
1374,BEng Building Services Engineering,LC0200A,CS1302,11859,CA1
1374,BEng Building Services Engineering,LC0200A,CS1302,11863,LA1
1374,BEng Building Services Engineering,LC0200A,PHY1201,12179,L03
1374,BEng Building Services Engineering,LC0200A,PHY1201,12368,C01
1374,BEng Building Services Engineering,LC0200A,PHY1201,12369,T02
1375,BEng Building Services Engineering,LC0200A,LC0200A,10895,T27
1375,BEng Building Services Engineering,LC0200A,MA1200,11784,CF1
1375,BEng Building Services Engineering,LC0200A,MA1200,11802,TF1
1375,BEng Building Services Engineering,LC0200A,CS1302,11859,CA1
1375,BEng Building Services Engineering,LC0200A,CS1302,11863,LA1
1375,BEng Building Services Engineering,LC0200A,PHY1201,12179,L03
1375,BEng Building Services Engineering,LC0200A,PHY1201,12368,C01
1375,BEng Building Services Engineering,LC0200A,PHY1201,12369,T02
1376,BEng Building Services Engineering,LC0200A,MA1200,11787,CA1
1376,BEng Building Services Engineering,LC0200A,MA1200,11790,TA1
1376,BEng Building Services Engineering,LC0200A,CS1302,11860,CB1
1376,BEng Building Services Engineering,LC0200A,PHY1201,12178,L02
1376,BEng Building Services Engineering,LC0200A,LC0200A,12333,T40
1376,BEng Building Services Engineering,LC0200A,PHY1201,12368,C01
1376,BEng Building Services Engineering,LC0200A,PHY1201,12369,T02
1376,BEng Building Services Engineering,LC0200A,CS1302,15811,LB4
1377,BEng Building Services Engineering,LC0200A,LC0200A,10880,T11
1377,BEng Building Services Engineering,LC0200A,MA1200,11782,CE1
1377,BEng Building Services Engineering,LC0200A,MA1200,11801,TE3
1377,BEng Building Services Engineering,LC0200A,CS1302,11859,CA1
1377,BEng Building Services Engineering,LC0200A,PHY1201,12180,L04
1377,BEng Building Services Engineering,LC0200A,CS1302,12215,LA4
1377,BEng Building Services Engineering,LC0200A,PHY1201,12368,C01
1377,BEng Building Services Engineering,LC0200A,PHY1201,12369,T02
1378,BSc Architecture and Surveying,GE1401,GE1401,10710,T37
1378,BSc Architecture and Surveying,GE1401,MA1200,11782,CE1
1378,BSc Architecture and Surveying,GE1401,MA1200,11801,TE3
1378,BSc Architecture and Surveying,GE1401,CS1302,11859,CA1
1378,BSc Architecture and Surveying,GE1401,PHY1201,12180,L04
1378,BSc Architecture and Surveying,GE1401,CS1302,12215,LA4
1378,BSc Architecture and Surveying,GE1401,PHY1201,12368,C01
1378,BSc Architecture and Surveying,GE1401,PHY1201,12369,T02
1379,BSc Architecture and Surveying,GE1401,GE1401,10679,T02
1379,BSc Architecture and Surveying,GE1401,PHY1201,11377,T01
1379,BSc Architecture and Surveying,GE1401,MA1200,11789,CD1
1379,BSc Architecture and Surveying,GE1401,MA1200,11798,TD3
1379,BSc Architecture and Surveying,GE1401,CS1302,11859,CA1
1379,BSc Architecture and Surveying,GE1401,CS1302,11982,LA3
1379,BSc Architecture and Surveying,GE1401,PHY1201,12181,L05
1379,BSc Architecture and Surveying,GE1401,PHY1201,12368,C01
1380,BSc Architecture and Surveying,GE1401,GE1401,10706,T31
1380,BSc Architecture and Surveying,GE1401,MA1200,11788,CC1
1380,BSc Architecture and Surveying,GE1401,MA1200,11793,TC1
1380,BSc Architecture and Surveying,GE1401,CS1302,11860,CB1
1380,BSc Architecture and Surveying,GE1401,PHY1201,12178,L02
1380,BSc Architecture and Surveying,GE1401,PHY1201,12368,C01
1380,BSc Architecture and Surveying,GE1401,PHY1201,12369,T02
1380,BSc Architecture and Surveying,GE1401,CS1302,15811,LB4
1381,BSc Architecture and Surveying,GE1401,GE1401,10705,T30
1381,BSc Architecture and Surveying,GE1401,MA1200,11784,CF1
1381,BSc Architecture and Surveying,GE1401,MA1200,11802,TF1
1381,BSc Architecture and Surveying,GE1401,CS1302,11859,CA1
1381,BSc Architecture and Surveying,GE1401,CS1302,11863,LA1
1381,BSc Architecture and Surveying,GE1401,PHY1201,12179,L03
1381,BSc Architecture and Surveying,GE1401,PHY1201,12368,C01
1381,BSc Architecture and Surveying,GE1401,PHY1201,12369,T02
1382,BSc Architecture and Surveying,GE1401,GE1401,10715,T45
1382,BSc Architecture and Surveying,GE1401,PHY1201,11377,T01
1382,BSc Architecture and Surveying,GE1401,MA1200,11789,CD1
1382,BSc Architecture and Surveying,GE1401,MA1200,11798,TD3
1382,BSc Architecture and Surveying,GE1401,CS1302,11859,CA1
1382,BSc Architecture and Surveying,GE1401,CS1302,11982,LA3
1382,BSc Architecture and Surveying,GE1401,PHY1201,12181,L05
1382,BSc Architecture and Surveying,GE1401,PHY1201,12368,C01
1383,BSc Architecture and Surveying,GE1401,GE1401,10715,T45
1383,BSc Architecture and Surveying,GE1401,MA1200,11787,CA1
1383,BSc Architecture and Surveying,GE1401,MA1200,11791,TA2
1383,BSc Architecture and Surveying,GE1401,CS1302,11859,CA1
1383,BSc Architecture and Surveying,GE1401,CS1302,11982,LA3
1383,BSc Architecture and Surveying,GE1401,PHY1201,12179,L03
1383,BSc Architecture and Surveying,GE1401,PHY1201,12368,C01
1383,BSc Architecture and Surveying,GE1401,PHY1201,12369,T02
1384,BSc Architecture and Surveying,GE1401,GE1401,10710,T37
1384,BSc Architecture and Surveying,GE1401,MA1200,11782,CE1
1384,BSc Architecture and Surveying,GE1401,MA1200,11801,TE3
1384,BSc Architecture and Surveying,GE1401,CS1302,11859,CA1
1384,BSc Architecture and Surveying,GE1401,PHY1201,12180,L04
1384,BSc Architecture and Surveying,GE1401,CS1302,12215,LA4
1384,BSc Architecture and Surveying,GE1401,PHY1201,12368,C01
1384,BSc Architecture and Surveying,GE1401,PHY1201,12369,T02
1385,BSc Architecture and Surveying,GE1401,GE1401,10686,T09
1385,BSc Architecture and Surveying,GE1401,PHY1201,11386,CA1
1385,BSc Architecture and Surveying,GE1401,MA1200,11782,CE1
1385,BSc Architecture and Surveying,GE1401,MA1200,11801,TE3
1385,BSc Architecture and Surveying,GE1401,CS1302,11859,CA1
1385,BSc Architecture and Surveying,GE1401,CS1302,12215,LA4
1385,BSc Architecture and Surveying,GE1401,PHY1201,12372,TA2
1385,BSc Architecture and Surveying,GE1401,PHY1201,12378,LA4
1386,BSc Architecture and Surveying,GE1401,GE1401,10720,T53
1386,BSc Architecture and Surveying,GE1401,MA1200,11784,CF1
1386,BSc Architecture and Surveying,GE1401,MA1200,11802,TF1
1386,BSc Architecture and Surveying,GE1401,CS1302,11859,CA1
1386,BSc Architecture and Surveying,GE1401,CS1302,11863,LA1
1386,BSc Architecture and Surveying,GE1401,PHY1201,12179,L03
1386,BSc Architecture and Surveying,GE1401,PHY1201,12368,C01
1386,BSc Architecture and Surveying,GE1401,PHY1201,12369,T02
1387,BSc Architecture and Surveying,GE1401,PHY1201,11377,T01
1387,BSc Architecture and Surveying,GE1401,GE1401,11451,T68
1387,BSc Architecture and Surveying,GE1401,MA1200,11788,CC1
1387,BSc Architecture and Surveying,GE1401,MA1200,11793,TC1
1387,BSc Architecture and Surveying,GE1401,CS1302,11860,CB1
1387,BSc Architecture and Surveying,GE1401,PHY1201,12178,L02
1387,BSc Architecture and Surveying,GE1401,PHY1201,12368,C01
1387,BSc Architecture and Surveying,GE1401,CS1302,15811,LB4
1388,BSc Architecture and Surveying,GE1401,PHY1201,11377,T01
1388,BSc Architecture and Surveying,GE1401,GE1401,11451,T68
1388,BSc Architecture and Surveying,GE1401,MA1200,11788,CC1
1388,BSc Architecture and Surveying,GE1401,MA1200,11793,TC1
1388,BSc Architecture and Surveying,GE1401,CS1302,11860,CB1
1388,BSc Architecture and Surveying,GE1401,PHY1201,12178,L02
1388,BSc Architecture and Surveying,GE1401,PHY1201,12368,C01
1388,BSc Architecture and Surveying,GE1401,CS1302,15811,LB4
1389,BSc Architecture and Surveying,GE1401,GE1401,10679,T02
1389,BSc Architecture and Surveying,GE1401,PHY1201,11377,T01
1389,BSc Architecture and Surveying,GE1401,MA1200,11789,CD1
1389,BSc Architecture and Surveying,GE1401,MA1200,11798,TD3
1389,BSc Architecture and Surveying,GE1401,CS1302,11859,CA1
1389,BSc Architecture and Surveying,GE1401,CS1302,11982,LA3
1389,BSc Architecture and Surveying,GE1401,PHY1201,12181,L05
1389,BSc Architecture and Surveying,GE1401,PHY1201,12368,C01
1390,BSc Architecture and Surveying,GE1401,GE1401,10706,T31
1390,BSc Architecture and Surveying,GE1401,PHY1201,11377,T01
1390,BSc Architecture and Surveying,GE1401,MA1200,11788,CC1
1390,BSc Architecture and Surveying,GE1401,MA1200,11793,TC1
1390,BSc Architecture and Surveying,GE1401,CS1302,11860,CB1
1390,BSc Architecture and Surveying,GE1401,PHY1201,12178,L02
1390,BSc Architecture and Surveying,GE1401,PHY1201,12368,C01
1390,BSc Architecture and Surveying,GE1401,CS1302,15811,LB4
1391,BSc Architecture and Surveying,GE1401,GE1401,10710,T37
1391,BSc Architecture and Surveying,GE1401,MA1200,11784,CF1
1391,BSc Architecture and Surveying,GE1401,MA1200,11804,TF3
1391,BSc Architecture and Surveying,GE1401,CS1302,11859,CA1
1391,BSc Architecture and Surveying,GE1401,PHY1201,12180,L04
1391,BSc Architecture and Surveying,GE1401,CS1302,12215,LA4
1391,BSc Architecture and Surveying,GE1401,PHY1201,12368,C01
1391,BSc Architecture and Surveying,GE1401,PHY1201,12369,T02
1392,BSc Architecture and Surveying,GE1401,GE1401,10686,T09
1392,BSc Architecture and Surveying,GE1401,PHY1201,11386,CA1
1392,BSc Architecture and Surveying,GE1401,MA1200,11782,CE1
1392,BSc Architecture and Surveying,GE1401,MA1200,11801,TE3
1392,BSc Architecture and Surveying,GE1401,CS1302,11859,CA1
1392,BSc Architecture and Surveying,GE1401,CS1302,12215,LA4
1392,BSc Architecture and Surveying,GE1401,PHY1201,12372,TA2
1392,BSc Architecture and Surveying,GE1401,PHY1201,12378,LA4
1393,BSc Architecture and Surveying,GE1401,PHY1201,11377,T01
1393,BSc Architecture and Surveying,GE1401,GE1401,11451,T68
1393,BSc Architecture and Surveying,GE1401,MA1200,11788,CC1
1393,BSc Architecture and Surveying,GE1401,MA1200,11793,TC1
1393,BSc Architecture and Surveying,GE1401,CS1302,11860,CB1
1393,BSc Architecture and Surveying,GE1401,PHY1201,12178,L02
1393,BSc Architecture and Surveying,GE1401,PHY1201,12368,C01
1393,BSc Architecture and Surveying,GE1401,CS1302,15811,LB4
1394,BSc Architecture and Surveying,GE1401,GE1401,10690,T13
1394,BSc Architecture and Surveying,GE1401,MA1200,11782,CE1
1394,BSc Architecture and Surveying,GE1401,MA1200,11801,TE3
1394,BSc Architecture and Surveying,GE1401,CS1302,11859,CA1
1394,BSc Architecture and Surveying,GE1401,PHY1201,12180,L04
1394,BSc Architecture and Surveying,GE1401,CS1302,12215,LA4
1394,BSc Architecture and Surveying,GE1401,PHY1201,12368,C01
1394,BSc Architecture and Surveying,GE1401,PHY1201,12369,T02
1395,BSc Architecture and Surveying,GE1401,GE1401,10715,T45
1395,BSc Architecture and Surveying,GE1401,MA1200,11787,CA1
1395,BSc Architecture and Surveying,GE1401,MA1200,11791,TA2
1395,BSc Architecture and Surveying,GE1401,CS1302,11859,CA1
1395,BSc Architecture and Surveying,GE1401,CS1302,11982,LA3
1395,BSc Architecture and Surveying,GE1401,PHY1201,12179,L03
1395,BSc Architecture and Surveying,GE1401,PHY1201,12368,C01
1395,BSc Architecture and Surveying,GE1401,PHY1201,12369,T02
1396,BSc Architecture and Surveying,GE1401,PHY1201,11377,T01
1396,BSc Architecture and Surveying,GE1401,GE1401,11451,T68
1396,BSc Architecture and Surveying,GE1401,MA1200,11788,CC1
1396,BSc Architecture and Surveying,GE1401,MA1200,11793,TC1
1396,BSc Architecture and Surveying,GE1401,CS1302,11860,CB1
1396,BSc Architecture and Surveying,GE1401,PHY1201,12178,L02
1396,BSc Architecture and Surveying,GE1401,PHY1201,12368,C01
1396,BSc Architecture and Surveying,GE1401,CS1302,15811,LB4
1397,BSc Architecture and Surveying,GE1401,GE1401,10710,T37
1397,BSc Architecture and Surveying,GE1401,MA1200,11782,CE1
1397,BSc Architecture and Surveying,GE1401,MA1200,11801,TE3
1397,BSc Architecture and Surveying,GE1401,CS1302,11859,CA1
1397,BSc Architecture and Surveying,GE1401,PHY1201,12180,L04
1397,BSc Architecture and Surveying,GE1401,CS1302,12215,LA4
1397,BSc Architecture and Surveying,GE1401,PHY1201,12368,C01
1397,BSc Architecture and Surveying,GE1401,PHY1201,12369,T02
1398,BSc Architecture and Surveying,GE1401,GE1401,10679,T02
1398,BSc Architecture and Surveying,GE1401,PHY1201,11377,T01
1398,BSc Architecture and Surveying,GE1401,MA1200,11789,CD1
1398,BSc Architecture and Surveying,GE1401,MA1200,11798,TD3
1398,BSc Architecture and Surveying,GE1401,CS1302,11859,CA1
1398,BSc Architecture and Surveying,GE1401,CS1302,11982,LA3
1398,BSc Architecture and Surveying,GE1401,PHY1201,12181,L05
1398,BSc Architecture and Surveying,GE1401,PHY1201,12368,C01
1399,BSc Architecture and Surveying,GE1401,GE1401,10679,T02
1399,BSc Architecture and Surveying,GE1401,PHY1201,11377,T01
1399,BSc Architecture and Surveying,GE1401,MA1200,11788,CC1
1399,BSc Architecture and Surveying,GE1401,MA1200,11795,TC3
1399,BSc Architecture and Surveying,GE1401,CS1302,11859,CA1
1399,BSc Architecture and Surveying,GE1401,CS1302,11982,LA3
1399,BSc Architecture and Surveying,GE1401,PHY1201,12181,L05
1399,BSc Architecture and Surveying,GE1401,PHY1201,12368,C01
1400,BSc Architecture and Surveying,GE1401,GE1401,10690,T13
1400,BSc Architecture and Surveying,GE1401,MA1200,11782,CE1
1400,BSc Architecture and Surveying,GE1401,MA1200,11801,TE3
1400,BSc Architecture and Surveying,GE1401,CS1302,11859,CA1
1400,BSc Architecture and Surveying,GE1401,PHY1201,12180,L04
1400,BSc Architecture and Surveying,GE1401,CS1302,12215,LA4
1400,BSc Architecture and Surveying,GE1401,PHY1201,12368,C01
1400,BSc Architecture and Surveying,GE1401,PHY1201,12369,T02
1401,BSc Architecture and Surveying,GE1401,GE1401,10720,T53
1401,BSc Architecture and Surveying,GE1401,MA1200,11784,CF1
1401,BSc Architecture and Surveying,GE1401,MA1200,11802,TF1
1401,BSc Architecture and Surveying,GE1401,CS1302,11859,CA1
1401,BSc Architecture and Surveying,GE1401,CS1302,11863,LA1
1401,BSc Architecture and Surveying,GE1401,PHY1201,12179,L03
1401,BSc Architecture and Surveying,GE1401,PHY1201,12368,C01
1401,BSc Architecture and Surveying,GE1401,PHY1201,12369,T02
1402,BSc Architecture and Surveying,GE1401,GE1401,10706,T31
1402,BSc Architecture and Surveying,GE1401,MA1200,11787,CA1
1402,BSc Architecture and Surveying,GE1401,MA1200,11790,TA1
1402,BSc Architecture and Surveying,GE1401,CS1302,11860,CB1
1402,BSc Architecture and Surveying,GE1401,PHY1201,12178,L02
1402,BSc Architecture and Surveying,GE1401,PHY1201,12368,C01
1402,BSc Architecture and Surveying,GE1401,PHY1201,12369,T02
1402,BSc Architecture and Surveying,GE1401,CS1302,15811,LB4
1403,BSc Architecture and Surveying,GE1401,GE1401,10679,T02
1403,BSc Architecture and Surveying,GE1401,PHY1201,11377,T01
1403,BSc Architecture and Surveying,GE1401,MA1200,11789,CD1
1403,BSc Architecture and Surveying,GE1401,MA1200,11798,TD3
1403,BSc Architecture and Surveying,GE1401,CS1302,11859,CA1
1403,BSc Architecture and Surveying,GE1401,CS1302,11982,LA3
1403,BSc Architecture and Surveying,GE1401,PHY1201,12181,L05
1403,BSc Architecture and Surveying,GE1401,PHY1201,12368,C01
1404,BSc Architecture and Surveying,GE1401,GE1401,10720,T53
1404,BSc Architecture and Surveying,GE1401,MA1200,11784,CF1
1404,BSc Architecture and Surveying,GE1401,MA1200,11802,TF1
1404,BSc Architecture and Surveying,GE1401,CS1302,11859,CA1
1404,BSc Architecture and Surveying,GE1401,CS1302,11863,LA1
1404,BSc Architecture and Surveying,GE1401,PHY1201,12179,L03
1404,BSc Architecture and Surveying,GE1401,PHY1201,12368,C01
1404,BSc Architecture and Surveying,GE1401,PHY1201,12369,T02
1405,BSc Architecture and Surveying,GE1401,GE1401,10690,T13
1405,BSc Architecture and Surveying,GE1401,MA1200,11782,CE1
1405,BSc Architecture and Surveying,GE1401,MA1200,11801,TE3
1405,BSc Architecture and Surveying,GE1401,CS1302,11859,CA1
1405,BSc Architecture and Surveying,GE1401,PHY1201,12180,L04
1405,BSc Architecture and Surveying,GE1401,CS1302,12215,LA4
1405,BSc Architecture and Surveying,GE1401,PHY1201,12368,C01
1405,BSc Architecture and Surveying,GE1401,PHY1201,12369,T02
1406,BSc Architecture and Surveying,GE1401,GE1401,11491,T69
1406,BSc Architecture and Surveying,GE1401,MA1200,11789,CD1
1406,BSc Architecture and Surveying,GE1401,MA1200,11797,TD2
1406,BSc Architecture and Surveying,GE1401,CS1302,11859,CA1
1406,BSc Architecture and Surveying,GE1401,CS1302,11864,LA2
1406,BSc Architecture and Surveying,GE1401,PHY1201,12179,L03
1406,BSc Architecture and Surveying,GE1401,PHY1201,12367,C02
1406,BSc Architecture and Surveying,GE1401,PHY1201,12369,T02
1407,BSc Architecture and Surveying,GE1401,GE1401,10715,T45
1407,BSc Architecture and Surveying,GE1401,MA1200,11787,CA1
1407,BSc Architecture and Surveying,GE1401,MA1200,11791,TA2
1407,BSc Architecture and Surveying,GE1401,CS1302,11859,CA1
1407,BSc Architecture and Surveying,GE1401,CS1302,11982,LA3
1407,BSc Architecture and Surveying,GE1401,PHY1201,12179,L03
1407,BSc Architecture and Surveying,GE1401,PHY1201,12368,C01
1407,BSc Architecture and Surveying,GE1401,PHY1201,12369,T02
1408,BSc Architecture and Surveying,GE1401,GE1401,11491,T69
1408,BSc Architecture and Surveying,GE1401,MA1200,11789,CD1
1408,BSc Architecture and Surveying,GE1401,MA1200,11797,TD2
1408,BSc Architecture and Surveying,GE1401,CS1302,11859,CA1
1408,BSc Architecture and Surveying,GE1401,CS1302,11864,LA2
1408,BSc Architecture and Surveying,GE1401,PHY1201,12179,L03
1408,BSc Architecture and Surveying,GE1401,PHY1201,12367,C02
1408,BSc Architecture and Surveying,GE1401,PHY1201,12369,T02
1409,BSc Architecture and Surveying,GE1401,MA1200,11784,CF1
1409,BSc Architecture and Surveying,GE1401,MA1200,11804,TF3
1409,BSc Architecture and Surveying,GE1401,CS1302,11859,CA1
1409,BSc Architecture and Surveying,GE1401,PHY1201,12180,L04
1409,BSc Architecture and Surveying,GE1401,CS1302,12215,LA4
1409,BSc Architecture and Surveying,GE1401,PHY1201,12368,C01
1409,BSc Architecture and Surveying,GE1401,PHY1201,12369,T02
1409,BSc Architecture and Surveying,GE1401,GE1401,12396,T46
1410,BSc Architecture and Surveying,GE1401,GE1401,11491,T69
1410,BSc Architecture and Surveying,GE1401,MA1200,11789,CD1
1410,BSc Architecture and Surveying,GE1401,MA1200,11797,TD2
1410,BSc Architecture and Surveying,GE1401,CS1302,11859,CA1
1410,BSc Architecture and Surveying,GE1401,CS1302,11864,LA2
1410,BSc Architecture and Surveying,GE1401,PHY1201,12179,L03
1410,BSc Architecture and Surveying,GE1401,PHY1201,12367,C02
1410,BSc Architecture and Surveying,GE1401,PHY1201,12369,T02
1411,BSc Architecture and Surveying,LC0200A,LC0200A,10880,T11
1411,BSc Architecture and Surveying,LC0200A,MA1200,11782,CE1
1411,BSc Architecture and Surveying,LC0200A,MA1200,11801,TE3
1411,BSc Architecture and Surveying,LC0200A,CS1302,11859,CA1
1411,BSc Architecture and Surveying,LC0200A,PHY1201,12180,L04
1411,BSc Architecture and Surveying,LC0200A,CS1302,12215,LA4
1411,BSc Architecture and Surveying,LC0200A,PHY1201,12368,C01
1411,BSc Architecture and Surveying,LC0200A,PHY1201,12369,T02
1412,BSc Architecture and Surveying,LC0200A,LC0200A,10865,T05
1412,BSc Architecture and Surveying,LC0200A,MA1200,11784,CF1
1412,BSc Architecture and Surveying,LC0200A,MA1200,11804,TF3
1412,BSc Architecture and Surveying,LC0200A,CS1302,11859,CA1
1412,BSc Architecture and Surveying,LC0200A,PHY1201,12180,L04
1412,BSc Architecture and Surveying,LC0200A,CS1302,12215,LA4
1412,BSc Architecture and Surveying,LC0200A,PHY1201,12368,C01
1412,BSc Architecture and Surveying,LC0200A,PHY1201,12369,T02
1413,BSc Architecture and Surveying,LC0200A,LC0200A,10878,T09
1413,BSc Architecture and Surveying,LC0200A,MA1200,11785,CG1
1413,BSc Architecture and Surveying,LC0200A,MA1200,11805,TG1
1413,BSc Architecture and Surveying,LC0200A,CS1302,11859,CA1
1413,BSc Architecture and Surveying,LC0200A,CS1302,11863,LA1
1413,BSc Architecture and Surveying,LC0200A,PHY1201,12179,L03
1413,BSc Architecture and Surveying,LC0200A,PHY1201,12368,C01
1413,BSc Architecture and Surveying,LC0200A,PHY1201,12369,T02
1414,BSc Architecture and Surveying,LC0200A,LC0200A,10878,T09
1414,BSc Architecture and Surveying,LC0200A,MA1200,11784,CF1
1414,BSc Architecture and Surveying,LC0200A,MA1200,11802,TF1
1414,BSc Architecture and Surveying,LC0200A,CS1302,11859,CA1
1414,BSc Architecture and Surveying,LC0200A,CS1302,11863,LA1
1414,BSc Architecture and Surveying,LC0200A,PHY1201,12179,L03
1414,BSc Architecture and Surveying,LC0200A,PHY1201,12368,C01
1414,BSc Architecture and Surveying,LC0200A,PHY1201,12369,T02
1415,BSc Architecture and Surveying,LC0200A,LC0200A,10862,T02
1415,BSc Architecture and Surveying,LC0200A,MA1200,11789,CD1
1415,BSc Architecture and Surveying,LC0200A,MA1200,11797,TD2
1415,BSc Architecture and Surveying,LC0200A,CS1302,11859,CA1
1415,BSc Architecture and Surveying,LC0200A,CS1302,11864,LA2
1415,BSc Architecture and Surveying,LC0200A,PHY1201,12371,CA2
1415,BSc Architecture and Surveying,LC0200A,PHY1201,12372,TA2
1415,BSc Architecture and Surveying,LC0200A,PHY1201,12377,LA3
1416,BSc Architecture and Surveying,LC0200A,LC0200A,10865,T05
1416,BSc Architecture and Surveying,LC0200A,MA1200,11784,CF1
1416,BSc Architecture and Surveying,LC0200A,MA1200,11804,TF3
1416,BSc Architecture and Surveying,LC0200A,CS1302,11859,CA1
1416,BSc Architecture and Surveying,LC0200A,PHY1201,12180,L04
1416,BSc Architecture and Surveying,LC0200A,CS1302,12215,LA4
1416,BSc Architecture and Surveying,LC0200A,PHY1201,12368,C01
1416,BSc Architecture and Surveying,LC0200A,PHY1201,12369,T02
1417,BSc Architecture and Surveying,LC0200A,LC0200A,10862,T02
1417,BSc Architecture and Surveying,LC0200A,MA1200,11789,CD1
1417,BSc Architecture and Surveying,LC0200A,MA1200,11797,TD2
1417,BSc Architecture and Surveying,LC0200A,CS1302,11859,CA1
1417,BSc Architecture and Surveying,LC0200A,CS1302,11864,LA2
1417,BSc Architecture and Surveying,LC0200A,PHY1201,12179,L03
1417,BSc Architecture and Surveying,LC0200A,PHY1201,12367,C02
1417,BSc Architecture and Surveying,LC0200A,PHY1201,12369,T02
1418,BSc Architecture and Surveying,LC0200A,LC0200A,10862,T02
1418,BSc Architecture and Surveying,LC0200A,PHY1201,11377,T01
1418,BSc Architecture and Surveying,LC0200A,MA1200,11788,CC1
1418,BSc Architecture and Surveying,LC0200A,MA1200,11795,TC3
1418,BSc Architecture and Surveying,LC0200A,CS1302,11859,CA1
1418,BSc Architecture and Surveying,LC0200A,CS1302,11982,LA3
1418,BSc Architecture and Surveying,LC0200A,PHY1201,12181,L05
1418,BSc Architecture and Surveying,LC0200A,PHY1201,12368,C01
1419,BSc Architecture and Surveying,LC0200A,LC0200A,10865,T05
1419,BSc Architecture and Surveying,LC0200A,MA1200,11784,CF1
1419,BSc Architecture and Surveying,LC0200A,MA1200,11804,TF3
1419,BSc Architecture and Surveying,LC0200A,CS1302,11859,CA1
1419,BSc Architecture and Surveying,LC0200A,PHY1201,12180,L04
1419,BSc Architecture and Surveying,LC0200A,CS1302,12215,LA4
1419,BSc Architecture and Surveying,LC0200A,PHY1201,12368,C01
1419,BSc Architecture and Surveying,LC0200A,PHY1201,12369,T02
1420,BSc Architecture and Surveying,LC0200A,LC0200A,10862,T02
1420,BSc Architecture and Surveying,LC0200A,PHY1201,11377,T01
1420,BSc Architecture and Surveying,LC0200A,MA1200,11788,CC1
1420,BSc Architecture and Surveying,LC0200A,MA1200,11795,TC3
1420,BSc Architecture and Surveying,LC0200A,CS1302,11859,CA1
1420,BSc Architecture and Surveying,LC0200A,CS1302,11982,LA3
1420,BSc Architecture and Surveying,LC0200A,PHY1201,12181,L05
1420,BSc Architecture and Surveying,LC0200A,PHY1201,12368,C01
1421,BSc Architecture and Surveying,LC0200A,PHY1201,11377,T01
1421,BSc Architecture and Surveying,LC0200A,MA1200,11788,CC1
1421,BSc Architecture and Surveying,LC0200A,MA1200,11793,TC1
1421,BSc Architecture and Surveying,LC0200A,CS1302,11860,CB1
1421,BSc Architecture and Surveying,LC0200A,PHY1201,12178,L02
1421,BSc Architecture and Surveying,LC0200A,LC0200A,12333,T40
1421,BSc Architecture and Surveying,LC0200A,PHY1201,12368,C01
1421,BSc Architecture and Surveying,LC0200A,CS1302,15811,LB4
1422,BSc Architecture and Surveying,LC0200A,LC0200A,10880,T11
1422,BSc Architecture and Surveying,LC0200A,PHY1201,11386,CA1
1422,BSc Architecture and Surveying,LC0200A,MA1200,11782,CE1
1422,BSc Architecture and Surveying,LC0200A,MA1200,11801,TE3
1422,BSc Architecture and Surveying,LC0200A,CS1302,11859,CA1
1422,BSc Architecture and Surveying,LC0200A,CS1302,12215,LA4
1422,BSc Architecture and Surveying,LC0200A,PHY1201,12372,TA2
1422,BSc Architecture and Surveying,LC0200A,PHY1201,12378,LA4
1423,BSc Architecture and Surveying,LC0200A,LC0200A,10865,T05
1423,BSc Architecture and Surveying,LC0200A,MA1200,11782,CE1
1423,BSc Architecture and Surveying,LC0200A,MA1200,11801,TE3
1423,BSc Architecture and Surveying,LC0200A,CS1302,11859,CA1
1423,BSc Architecture and Surveying,LC0200A,PHY1201,12180,L04
1423,BSc Architecture and Surveying,LC0200A,CS1302,12215,LA4
1423,BSc Architecture and Surveying,LC0200A,PHY1201,12368,C01
1423,BSc Architecture and Surveying,LC0200A,PHY1201,12369,T02
1424,BSc Architecture and Surveying,LC0200A,LC0200A,10878,T09
1424,BSc Architecture and Surveying,LC0200A,MA1200,11785,CG1
1424,BSc Architecture and Surveying,LC0200A,MA1200,11805,TG1
1424,BSc Architecture and Surveying,LC0200A,CS1302,11859,CA1
1424,BSc Architecture and Surveying,LC0200A,CS1302,11863,LA1
1424,BSc Architecture and Surveying,LC0200A,PHY1201,12179,L03
1424,BSc Architecture and Surveying,LC0200A,PHY1201,12368,C01
1424,BSc Architecture and Surveying,LC0200A,PHY1201,12369,T02
1425,BEng Computer and Data Engineering,GE1401,EE1001,10617,C01
1425,BEng Computer and Data Engineering,GE1401,EE1001,11159,L01
1425,BEng Computer and Data Engineering,GE1401,GE1354,11441,C01
1425,BEng Computer and Data Engineering,GE1401,GE1354,11444,L03
1425,BEng Computer and Data Engineering,GE1401,MA1200,11788,CC1
1425,BEng Computer and Data Engineering,GE1401,MA1200,11794,TC2
1425,BEng Computer and Data Engineering,GE1401,CS1302,11861,CC1
1425,BEng Computer and Data Engineering,GE1401,CS1302,11869,LC1
1425,BEng Computer and Data Engineering,GE1401,GE1401,12734,T71
1426,BEng Computer and Data Engineering,GE1401,EE1001,10617,C01
1426,BEng Computer and Data Engineering,GE1401,GE1401,10695,T19
1426,BEng Computer and Data Engineering,GE1401,EE1001,11161,L02
1426,BEng Computer and Data Engineering,GE1401,GE1354,11441,C01
1426,BEng Computer and Data Engineering,GE1401,GE1354,11443,L02
1426,BEng Computer and Data Engineering,GE1401,MA1200,11782,CE1
1426,BEng Computer and Data Engineering,GE1401,MA1200,11799,TE1
1426,BEng Computer and Data Engineering,GE1401,CS1302,11859,CA1
1426,BEng Computer and Data Engineering,GE1401,CS1302,11863,LA1
1427,BEng Computer and Data Engineering,GE1401,EE1001,10617,C01
1427,BEng Computer and Data Engineering,GE1401,GE1401,10705,T30
1427,BEng Computer and Data Engineering,GE1401,EE1001,11161,L02
1427,BEng Computer and Data Engineering,GE1401,GE1354,11441,C01
1427,BEng Computer and Data Engineering,GE1401,GE1354,11443,L02
1427,BEng Computer and Data Engineering,GE1401,MA1200,11784,CF1
1427,BEng Computer and Data Engineering,GE1401,MA1200,11802,TF1
1427,BEng Computer and Data Engineering,GE1401,CS1302,11859,CA1
1427,BEng Computer and Data Engineering,GE1401,CS1302,11863,LA1
1428,BEng Computer and Data Engineering,GE1401,EE1001,10617,C01
1428,BEng Computer and Data Engineering,GE1401,GE1401,10695,T19
1428,BEng Computer and Data Engineering,GE1401,EE1001,11161,L02
1428,BEng Computer and Data Engineering,GE1401,GE1354,11441,C01
1428,BEng Computer and Data Engineering,GE1401,GE1354,11443,L02
1428,BEng Computer and Data Engineering,GE1401,MA1200,11784,CF1
1428,BEng Computer and Data Engineering,GE1401,MA1200,11802,TF1
1428,BEng Computer and Data Engineering,GE1401,CS1302,11859,CA1
1428,BEng Computer and Data Engineering,GE1401,CS1302,11863,LA1
1429,BEng Computer and Data Engineering,GE1401,EE1001,10617,C01
1429,BEng Computer and Data Engineering,GE1401,EE1001,11159,L01
1429,BEng Computer and Data Engineering,GE1401,GE1354,11441,C01
1429,BEng Computer and Data Engineering,GE1401,GE1354,11444,L03
1429,BEng Computer and Data Engineering,GE1401,MA1200,11787,CA1
1429,BEng Computer and Data Engineering,GE1401,MA1200,11791,TA2
1429,BEng Computer and Data Engineering,GE1401,CS1302,11859,CA1
1429,BEng Computer and Data Engineering,GE1401,CS1302,11982,LA3
1429,BEng Computer and Data Engineering,GE1401,GE1401,12397,T51
1430,BEng Computer and Data Engineering,GE1401,EE1001,10617,C01
1430,BEng Computer and Data Engineering,GE1401,GE1401,10685,T08
1430,BEng Computer and Data Engineering,GE1401,EE1001,11161,L02
1430,BEng Computer and Data Engineering,GE1401,GE1354,11445,CA1
1430,BEng Computer and Data Engineering,GE1401,GE1354,11447,LA2
1430,BEng Computer and Data Engineering,GE1401,MA1200,11782,CE1
1430,BEng Computer and Data Engineering,GE1401,MA1200,11799,TE1
1430,BEng Computer and Data Engineering,GE1401,CS1302,11859,CA1
1430,BEng Computer and Data Engineering,GE1401,CS1302,12215,LA4
1431,BEng Computer and Data Engineering,GE1401,EE1001,10617,C01
1431,BEng Computer and Data Engineering,GE1401,EE1001,11159,L01
1431,BEng Computer and Data Engineering,GE1401,GE1354,11441,C01
1431,BEng Computer and Data Engineering,GE1401,GE1354,11444,L03
1431,BEng Computer and Data Engineering,GE1401,MA1200,11787,CA1
1431,BEng Computer and Data Engineering,GE1401,MA1200,11791,TA2
1431,BEng Computer and Data Engineering,GE1401,CS1302,11860,CB1
1431,BEng Computer and Data Engineering,GE1401,CS1302,12216,LB1
1431,BEng Computer and Data Engineering,GE1401,GE1401,15602,T58
1432,BEng Computer and Data Engineering,GE1401,EE1001,10617,C01
1432,BEng Computer and Data Engineering,GE1401,GE1401,10690,T13
1432,BEng Computer and Data Engineering,GE1401,EE1001,11161,L02
1432,BEng Computer and Data Engineering,GE1401,GE1354,11445,CA1
1432,BEng Computer and Data Engineering,GE1401,GE1354,11446,LA1
1432,BEng Computer and Data Engineering,GE1401,MA1200,11782,CE1
1432,BEng Computer and Data Engineering,GE1401,MA1200,11799,TE1
1432,BEng Computer and Data Engineering,GE1401,CS1302,11859,CA1
1432,BEng Computer and Data Engineering,GE1401,CS1302,12215,LA4
1433,BEng Computer and Data Engineering,GE1401,EE1001,10617,C01
1433,BEng Computer and Data Engineering,GE1401,GE1401,10694,T17
1433,BEng Computer and Data Engineering,GE1401,EE1001,11161,L02
1433,BEng Computer and Data Engineering,GE1401,GE1354,11441,C01
1433,BEng Computer and Data Engineering,GE1401,GE1354,11443,L02
1433,BEng Computer and Data Engineering,GE1401,MA1200,11784,CF1
1433,BEng Computer and Data Engineering,GE1401,MA1200,11802,TF1
1433,BEng Computer and Data Engineering,GE1401,CS1302,11859,CA1
1433,BEng Computer and Data Engineering,GE1401,CS1302,11863,LA1
1434,BEng Computer and Data Engineering,GE1401,EE1001,10617,C01
1434,BEng Computer and Data Engineering,GE1401,EE1001,11159,L01
1434,BEng Computer and Data Engineering,GE1401,GE1354,11441,C01
1434,BEng Computer and Data Engineering,GE1401,GE1354,11444,L03
1434,BEng Computer and Data Engineering,GE1401,MA1200,11788,CC1
1434,BEng Computer and Data Engineering,GE1401,MA1200,11794,TC2
1434,BEng Computer and Data Engineering,GE1401,CS1302,11861,CC1
1434,BEng Computer and Data Engineering,GE1401,CS1302,11869,LC1
1434,BEng Computer and Data Engineering,GE1401,GE1401,12734,T71
1435,BEng Computer and Data Engineering,GE1401,GE1401,10723,T56
1435,BEng Computer and Data Engineering,GE1401,EE1001,10900,CA1
1435,BEng Computer and Data Engineering,GE1401,EE1001,11160,LA1
1435,BEng Computer and Data Engineering,GE1401,GE1354,11455,CB1
1435,BEng Computer and Data Engineering,GE1401,GE1354,11456,LB1
1435,BEng Computer and Data Engineering,GE1401,MA1200,11782,CE1
1435,BEng Computer and Data Engineering,GE1401,MA1200,11800,TE2
1435,BEng Computer and Data Engineering,GE1401,CS1302,11859,CA1
1435,BEng Computer and Data Engineering,GE1401,CS1302,11863,LA1
1436,BEng Computer and Data Engineering,GE1401,EE1001,10617,C01
1436,BEng Computer and Data Engineering,GE1401,EE1001,11159,L01
1436,BEng Computer and Data Engineering,GE1401,GE1354,11441,C01
1436,BEng Computer and Data Engineering,GE1401,GE1354,11444,L03
1436,BEng Computer and Data Engineering,GE1401,MA1200,11787,CA1
1436,BEng Computer and Data Engineering,GE1401,MA1200,11791,TA2
1436,BEng Computer and Data Engineering,GE1401,CS1302,11859,CA1
1436,BEng Computer and Data Engineering,GE1401,CS1302,11982,LA3
1436,BEng Computer and Data Engineering,GE1401,GE1401,12397,T51
1437,BEng Computer and Data Engineering,GE1401,EE1001,10617,C01
1437,BEng Computer and Data Engineering,GE1401,GE1401,10690,T13
1437,BEng Computer and Data Engineering,GE1401,EE1001,11161,L02
1437,BEng Computer and Data Engineering,GE1401,GE1354,11445,CA1
1437,BEng Computer and Data Engineering,GE1401,GE1354,11446,LA1
1437,BEng Computer and Data Engineering,GE1401,MA1200,11782,CE1
1437,BEng Computer and Data Engineering,GE1401,MA1200,11799,TE1
1437,BEng Computer and Data Engineering,GE1401,CS1302,11859,CA1
1437,BEng Computer and Data Engineering,GE1401,CS1302,12215,LA4
1438,BEng Computer and Data Engineering,GE1401,EE1001,10617,C01
1438,BEng Computer and Data Engineering,GE1401,GE1401,10720,T53
1438,BEng Computer and Data Engineering,GE1401,EE1001,11161,L02
1438,BEng Computer and Data Engineering,GE1401,GE1354,11441,C01
1438,BEng Computer and Data Engineering,GE1401,GE1354,11443,L02
1438,BEng Computer and Data Engineering,GE1401,MA1200,11784,CF1
1438,BEng Computer and Data Engineering,GE1401,MA1200,11802,TF1
1438,BEng Computer and Data Engineering,GE1401,CS1302,11859,CA1
1438,BEng Computer and Data Engineering,GE1401,CS1302,11863,LA1
1439,BEng Computer and Data Engineering,GE1401,EE1001,10617,C01
1439,BEng Computer and Data Engineering,GE1401,GE1401,10715,T45
1439,BEng Computer and Data Engineering,GE1401,EE1001,11159,L01
1439,BEng Computer and Data Engineering,GE1401,GE1354,11441,C01
1439,BEng Computer and Data Engineering,GE1401,GE1354,11444,L03
1439,BEng Computer and Data Engineering,GE1401,MA1200,11787,CA1
1439,BEng Computer and Data Engineering,GE1401,MA1200,11791,TA2
1439,BEng Computer and Data Engineering,GE1401,CS1302,11859,CA1
1439,BEng Computer and Data Engineering,GE1401,CS1302,11982,LA3
1440,BEng Computer and Data Engineering,GE1401,EE1001,10617,C01
1440,BEng Computer and Data Engineering,GE1401,EE1001,11161,L02
1440,BEng Computer and Data Engineering,GE1401,GE1354,11445,CA1
1440,BEng Computer and Data Engineering,GE1401,GE1354,11447,LA2
1440,BEng Computer and Data Engineering,GE1401,MA1200,11782,CE1
1440,BEng Computer and Data Engineering,GE1401,MA1200,11799,TE1
1440,BEng Computer and Data Engineering,GE1401,CS1302,11859,CA1
1440,BEng Computer and Data Engineering,GE1401,CS1302,11863,LA1
1440,BEng Computer and Data Engineering,GE1401,GE1401,12735,T74
1441,BEng Computer and Data Engineering,GE1401,EE1001,10617,C01
1441,BEng Computer and Data Engineering,GE1401,EE1001,11161,L02
1441,BEng Computer and Data Engineering,GE1401,GE1354,11441,C01
1441,BEng Computer and Data Engineering,GE1401,GE1354,11444,L03
1441,BEng Computer and Data Engineering,GE1401,MA1200,11782,CE1
1441,BEng Computer and Data Engineering,GE1401,MA1200,11799,TE1
1441,BEng Computer and Data Engineering,GE1401,CS1302,11859,CA1
1441,BEng Computer and Data Engineering,GE1401,CS1302,12215,LA4
1441,BEng Computer and Data Engineering,GE1401,GE1401,12398,T70
1442,BEng Computer and Data Engineering,GE1401,EE1001,10617,C01
1442,BEng Computer and Data Engineering,GE1401,EE1001,11161,L02
1442,BEng Computer and Data Engineering,GE1401,GE1354,11441,C01
1442,BEng Computer and Data Engineering,GE1401,GE1354,11443,L02
1442,BEng Computer and Data Engineering,GE1401,MA1200,11785,CG1
1442,BEng Computer and Data Engineering,GE1401,MA1200,11806,TG2
1442,BEng Computer and Data Engineering,GE1401,CS1302,11859,CA1
1442,BEng Computer and Data Engineering,GE1401,CS1302,11863,LA1
1442,BEng Computer and Data Engineering,GE1401,GE1401,12122,T35
1443,BEng Computer and Data Engineering,GE1401,EE1001,10617,C01
1443,BEng Computer and Data Engineering,GE1401,GE1401,10690,T13
1443,BEng Computer and Data Engineering,GE1401,EE1001,11161,L02
1443,BEng Computer and Data Engineering,GE1401,GE1354,11445,CA1
1443,BEng Computer and Data Engineering,GE1401,GE1354,11446,LA1
1443,BEng Computer and Data Engineering,GE1401,MA1200,11782,CE1
1443,BEng Computer and Data Engineering,GE1401,MA1200,11799,TE1
1443,BEng Computer and Data Engineering,GE1401,CS1302,11859,CA1
1443,BEng Computer and Data Engineering,GE1401,CS1302,12215,LA4
1444,BEng Computer and Data Engineering,GE1401,EE1001,10617,C01
1444,BEng Computer and Data Engineering,GE1401,GE1401,10690,T13
1444,BEng Computer and Data Engineering,GE1401,EE1001,11161,L02
1444,BEng Computer and Data Engineering,GE1401,GE1354,11445,CA1
1444,BEng Computer and Data Engineering,GE1401,GE1354,11446,LA1
1444,BEng Computer and Data Engineering,GE1401,MA1200,11782,CE1
1444,BEng Computer and Data Engineering,GE1401,MA1200,11799,TE1
1444,BEng Computer and Data Engineering,GE1401,CS1302,11859,CA1
1444,BEng Computer and Data Engineering,GE1401,CS1302,12215,LA4
1445,BEng Computer and Data Engineering,GE1401,GE1401,10357,T01
1445,BEng Computer and Data Engineering,GE1401,EE1001,10900,CA1
1445,BEng Computer and Data Engineering,GE1401,EE1001,11160,LA1
1445,BEng Computer and Data Engineering,GE1401,GE1354,11455,CB1
1445,BEng Computer and Data Engineering,GE1401,GE1354,11583,LB2
1445,BEng Computer and Data Engineering,GE1401,MA1200,11782,CE1
1445,BEng Computer and Data Engineering,GE1401,MA1200,11799,TE1
1445,BEng Computer and Data Engineering,GE1401,CS1302,11859,CA1
1445,BEng Computer and Data Engineering,GE1401,CS1302,11863,LA1
1446,BEng Computer and Data Engineering,GE1401,EE1001,10617,C01
1446,BEng Computer and Data Engineering,GE1401,GE1401,10694,T17
1446,BEng Computer and Data Engineering,GE1401,EE1001,11161,L02
1446,BEng Computer and Data Engineering,GE1401,GE1354,11441,C01
1446,BEng Computer and Data Engineering,GE1401,GE1354,11443,L02
1446,BEng Computer and Data Engineering,GE1401,MA1200,11785,CG1
1446,BEng Computer and Data Engineering,GE1401,MA1200,11806,TG2
1446,BEng Computer and Data Engineering,GE1401,CS1302,11859,CA1
1446,BEng Computer and Data Engineering,GE1401,CS1302,11863,LA1
1447,BEng Computer and Data Engineering,GE1401,EE1001,10617,C01
1447,BEng Computer and Data Engineering,GE1401,GE1401,10688,T11
1447,BEng Computer and Data Engineering,GE1401,EE1001,11159,L01
1447,BEng Computer and Data Engineering,GE1401,GE1354,11455,CB1
1447,BEng Computer and Data Engineering,GE1401,GE1354,11584,LB3
1447,BEng Computer and Data Engineering,GE1401,MA1200,11788,CC1
1447,BEng Computer and Data Engineering,GE1401,MA1200,11794,TC2
1447,BEng Computer and Data Engineering,GE1401,CS1302,11860,CB1
1447,BEng Computer and Data Engineering,GE1401,CS1302,12216,LB1
1448,BEng Computer and Data Engineering,GE1401,EE1001,10617,C01
1448,BEng Computer and Data Engineering,GE1401,GE1401,10690,T13
1448,BEng Computer and Data Engineering,GE1401,EE1001,11161,L02
1448,BEng Computer and Data Engineering,GE1401,GE1354,11445,CA1
1448,BEng Computer and Data Engineering,GE1401,GE1354,11447,LA2
1448,BEng Computer and Data Engineering,GE1401,MA1200,11782,CE1
1448,BEng Computer and Data Engineering,GE1401,MA1200,11799,TE1
1448,BEng Computer and Data Engineering,GE1401,CS1302,11859,CA1
1448,BEng Computer and Data Engineering,GE1401,CS1302,12215,LA4
1449,BEng Computer and Data Engineering,GE1401,EE1001,10617,C01
1449,BEng Computer and Data Engineering,GE1401,EE1001,11159,L01
1449,BEng Computer and Data Engineering,GE1401,GE1354,11441,C01
1449,BEng Computer and Data Engineering,GE1401,GE1354,11444,L03
1449,BEng Computer and Data Engineering,GE1401,MA1200,11787,CA1
1449,BEng Computer and Data Engineering,GE1401,MA1200,11791,TA2
1449,BEng Computer and Data Engineering,GE1401,CS1302,11859,CA1
1449,BEng Computer and Data Engineering,GE1401,CS1302,11982,LA3
1449,BEng Computer and Data Engineering,GE1401,GE1401,12397,T51
1450,BEng Computer and Data Engineering,LC0200A,EE1001,10617,C01
1450,BEng Computer and Data Engineering,LC0200A,LC0200A,10880,T11
1450,BEng Computer and Data Engineering,LC0200A,EE1001,11161,L02
1450,BEng Computer and Data Engineering,LC0200A,GE1354,11441,C01
1450,BEng Computer and Data Engineering,LC0200A,GE1354,11443,L02
1450,BEng Computer and Data Engineering,LC0200A,MA1200,11782,CE1
1450,BEng Computer and Data Engineering,LC0200A,MA1200,11800,TE2
1450,BEng Computer and Data Engineering,LC0200A,CS1302,11859,CA1
1450,BEng Computer and Data Engineering,LC0200A,CS1302,11863,LA1
1451,BEng Computer and Data Engineering,LC0200A,EE1001,10617,C01
1451,BEng Computer and Data Engineering,LC0200A,LC0200A,10878,T09
1451,BEng Computer and Data Engineering,LC0200A,EE1001,11161,L02
1451,BEng Computer and Data Engineering,LC0200A,GE1354,11441,C01
1451,BEng Computer and Data Engineering,LC0200A,GE1354,11443,L02
1451,BEng Computer and Data Engineering,LC0200A,MA1200,11785,CG1
1451,BEng Computer and Data Engineering,LC0200A,MA1200,11806,TG2
1451,BEng Computer and Data Engineering,LC0200A,CS1302,11859,CA1
1451,BEng Computer and Data Engineering,LC0200A,CS1302,11863,LA1
1452,BEng Computer and Data Engineering,LC0200A,EE1001,10617,C01
1452,BEng Computer and Data Engineering,LC0200A,LC0200A,10880,T11
1452,BEng Computer and Data Engineering,LC0200A,EE1001,11161,L02
1452,BEng Computer and Data Engineering,LC0200A,GE1354,11441,C01
1452,BEng Computer and Data Engineering,LC0200A,GE1354,11443,L02
1452,BEng Computer and Data Engineering,LC0200A,MA1200,11784,CF1
1452,BEng Computer and Data Engineering,LC0200A,MA1200,11803,TF2
1452,BEng Computer and Data Engineering,LC0200A,CS1302,11859,CA1
1452,BEng Computer and Data Engineering,LC0200A,CS1302,11863,LA1
1453,BEng Computer and Data Engineering,LC0200A,EE1001,10617,C01
1453,BEng Computer and Data Engineering,LC0200A,LC0200A,10890,T22
1453,BEng Computer and Data Engineering,LC0200A,EE1001,11159,L01
1453,BEng Computer and Data Engineering,LC0200A,GE1354,11441,C01
1453,BEng Computer and Data Engineering,LC0200A,GE1354,11444,L03
1453,BEng Computer and Data Engineering,LC0200A,MA1200,11788,CC1
1453,BEng Computer and Data Engineering,LC0200A,MA1200,11794,TC2
1453,BEng Computer and Data Engineering,LC0200A,CS1302,11860,CB1
1453,BEng Computer and Data Engineering,LC0200A,CS1302,12216,LB1
1454,BEng Computer and Data Engineering,LC0200A,EE1001,10617,C01
1454,BEng Computer and Data Engineering,LC0200A,LC0200A,10887,T19
1454,BEng Computer and Data Engineering,LC0200A,EE1001,11159,L01
1454,BEng Computer and Data Engineering,LC0200A,GE1354,11441,C01
1454,BEng Computer and Data Engineering,LC0200A,GE1354,11444,L03
1454,BEng Computer and Data Engineering,LC0200A,MA1200,11787,CA1
1454,BEng Computer and Data Engineering,LC0200A,MA1200,11791,TA2
1454,BEng Computer and Data Engineering,LC0200A,CS1302,11860,CB1
1454,BEng Computer and Data Engineering,LC0200A,CS1302,12216,LB1
1455,BEng Computer and Data Engineering,LC0200A,EE1001,10617,C01
1455,BEng Computer and Data Engineering,LC0200A,LC0200A,10878,T09
1455,BEng Computer and Data Engineering,LC0200A,EE1001,11161,L02
1455,BEng Computer and Data Engineering,LC0200A,GE1354,11441,C01
1455,BEng Computer and Data Engineering,LC0200A,GE1354,11443,L02
1455,BEng Computer and Data Engineering,LC0200A,MA1200,11784,CF1
1455,BEng Computer and Data Engineering,LC0200A,MA1200,11803,TF2
1455,BEng Computer and Data Engineering,LC0200A,CS1302,11859,CA1
1455,BEng Computer and Data Engineering,LC0200A,CS1302,11863,LA1
1456,BEng Computer and Data Engineering,LC0200A,EE1001,10900,CA1
1456,BEng Computer and Data Engineering,LC0200A,EE1001,11160,LA1
1456,BEng Computer and Data Engineering,LC0200A,GE1354,11455,CB1
1456,BEng Computer and Data Engineering,LC0200A,GE1354,11456,LB1
1456,BEng Computer and Data Engineering,LC0200A,MA1200,11782,CE1
1456,BEng Computer and Data Engineering,LC0200A,MA1200,11800,TE2
1456,BEng Computer and Data Engineering,LC0200A,CS1302,11859,CA1
1456,BEng Computer and Data Engineering,LC0200A,CS1302,11863,LA1
1456,BEng Computer and Data Engineering,LC0200A,LC0200A,14950,T18
1457,BEng Computer and Data Engineering,LC0200A,EE1001,10617,C01
1457,BEng Computer and Data Engineering,LC0200A,LC0200A,10890,T22
1457,BEng Computer and Data Engineering,LC0200A,EE1001,11159,L01
1457,BEng Computer and Data Engineering,LC0200A,GE1354,11441,C01
1457,BEng Computer and Data Engineering,LC0200A,GE1354,11444,L03
1457,BEng Computer and Data Engineering,LC0200A,MA1200,11788,CC1
1457,BEng Computer and Data Engineering,LC0200A,MA1200,11794,TC2
1457,BEng Computer and Data Engineering,LC0200A,CS1302,11860,CB1
1457,BEng Computer and Data Engineering,LC0200A,CS1302,12216,LB1
1458,BEng Computer and Data Engineering,LC0200A,EE1001,10617,C01
1458,BEng Computer and Data Engineering,LC0200A,LC0200A,10880,T11
1458,BEng Computer and Data Engineering,LC0200A,EE1001,11161,L02
1458,BEng Computer and Data Engineering,LC0200A,GE1354,11445,CA1
1458,BEng Computer and Data Engineering,LC0200A,GE1354,11447,LA2
1458,BEng Computer and Data Engineering,LC0200A,MA1200,11782,CE1
1458,BEng Computer and Data Engineering,LC0200A,MA1200,11800,TE2
1458,BEng Computer and Data Engineering,LC0200A,CS1302,11859,CA1
1458,BEng Computer and Data Engineering,LC0200A,CS1302,12215,LA4
1459,BEng Computer and Data Engineering,LC0200A,EE1001,10900,CA1
1459,BEng Computer and Data Engineering,LC0200A,EE1001,11160,LA1
1459,BEng Computer and Data Engineering,LC0200A,GE1354,11455,CB1
1459,BEng Computer and Data Engineering,LC0200A,GE1354,11583,LB2
1459,BEng Computer and Data Engineering,LC0200A,MA1200,11782,CE1
1459,BEng Computer and Data Engineering,LC0200A,MA1200,11800,TE2
1459,BEng Computer and Data Engineering,LC0200A,CS1302,11859,CA1
1459,BEng Computer and Data Engineering,LC0200A,CS1302,11863,LA1
1459,BEng Computer and Data Engineering,LC0200A,LC0200A,14950,T18
1460,BEng Electronic and Electrical Engineering,GE1401,EE1001,10617,C01
1460,BEng Electronic and Electrical Engineering,GE1401,EE1001,11161,L02
1460,BEng Electronic and Electrical Engineering,GE1401,GE1354,11441,C01
1460,BEng Electronic and Electrical Engineering,GE1401,GE1354,11443,L02
1460,BEng Electronic and Electrical Engineering,GE1401,MA1200,11784,CF1
1460,BEng Electronic and Electrical Engineering,GE1401,MA1200,11802,TF1
1460,BEng Electronic and Electrical Engineering,GE1401,CS1302,11859,CA1
1460,BEng Electronic and Electrical Engineering,GE1401,CS1302,11863,LA1
1460,BEng Electronic and Electrical Engineering,GE1401,GE1401,14271,TB8
1461,BEng Electronic and Electrical Engineering,GE1401,EE1001,10617,C01
1461,BEng Electronic and Electrical Engineering,GE1401,GE1401,10682,T05
1461,BEng Electronic and Electrical Engineering,GE1401,EE1001,11159,L01
1461,BEng Electronic and Electrical Engineering,GE1401,GE1354,11455,CB1
1461,BEng Electronic and Electrical Engineering,GE1401,GE1354,11584,LB3
1461,BEng Electronic and Electrical Engineering,GE1401,MA1200,11788,CC1
1461,BEng Electronic and Electrical Engineering,GE1401,MA1200,11794,TC2
1461,BEng Electronic and Electrical Engineering,GE1401,CS1302,11860,CB1
1461,BEng Electronic and Electrical Engineering,GE1401,CS1302,12216,LB1
1462,BEng Electronic and Electrical Engineering,GE1401,EE1001,10617,C01
1462,BEng Electronic and Electrical Engineering,GE1401,EE1001,11159,L01
1462,BEng Electronic and Electrical Engineering,GE1401,GE1354,11441,C01
1462,BEng Electronic and Electrical Engineering,GE1401,GE1354,11444,L03
1462,BEng Electronic and Electrical Engineering,GE1401,MA1200,11788,CC1
1462,BEng Electronic and Electrical Engineering,GE1401,MA1200,11794,TC2
1462,BEng Electronic and Electrical Engineering,GE1401,CS1302,11861,CC1
1462,BEng Electronic and Electrical Engineering,GE1401,CS1302,11869,LC1
1462,BEng Electronic and Electrical Engineering,GE1401,GE1401,12734,T71
1463,BEng Electronic and Electrical Engineering,GE1401,EE1001,10617,C01
1463,BEng Electronic and Electrical Engineering,GE1401,GE1401,10715,T45
1463,BEng Electronic and Electrical Engineering,GE1401,EE1001,11159,L01
1463,BEng Electronic and Electrical Engineering,GE1401,GE1354,11441,C01
1463,BEng Electronic and Electrical Engineering,GE1401,GE1354,11444,L03
1463,BEng Electronic and Electrical Engineering,GE1401,MA1200,11787,CA1
1463,BEng Electronic and Electrical Engineering,GE1401,MA1200,11791,TA2
1463,BEng Electronic and Electrical Engineering,GE1401,CS1302,11859,CA1
1463,BEng Electronic and Electrical Engineering,GE1401,CS1302,11982,LA3
1464,BEng Electronic and Electrical Engineering,GE1401,EE1001,10617,C01
1464,BEng Electronic and Electrical Engineering,GE1401,EE1001,11159,L01
1464,BEng Electronic and Electrical Engineering,GE1401,GE1354,11441,C01
1464,BEng Electronic and Electrical Engineering,GE1401,GE1354,11444,L03
1464,BEng Electronic and Electrical Engineering,GE1401,MA1200,11787,CA1
1464,BEng Electronic and Electrical Engineering,GE1401,MA1200,11791,TA2
1464,BEng Electronic and Electrical Engineering,GE1401,CS1302,11860,CB1
1464,BEng Electronic and Electrical Engineering,GE1401,CS1302,12216,LB1
1464,BEng Electronic and Electrical Engineering,GE1401,GE1401,15205,TC5
1465,BEng Electronic and Electrical Engineering,GE1401,EE1001,10617,C01
1465,BEng Electronic and Electrical Engineering,GE1401,EE1001,11159,L01
1465,BEng Electronic and Electrical Engineering,GE1401,GE1354,11441,C01
1465,BEng Electronic and Electrical Engineering,GE1401,GE1354,11443,L02
1465,BEng Electronic and Electrical Engineering,GE1401,MA1200,11785,CG1
1465,BEng Electronic and Electrical Engineering,GE1401,MA1200,11806,TG2
1465,BEng Electronic and Electrical Engineering,GE1401,CS1302,11859,CA1
1465,BEng Electronic and Electrical Engineering,GE1401,CS1302,11863,LA1
1465,BEng Electronic and Electrical Engineering,GE1401,GE1401,12122,T35
1466,BEng Electronic and Electrical Engineering,GE1401,EE1001,10617,C01
1466,BEng Electronic and Electrical Engineering,GE1401,EE1001,11159,L01
1466,BEng Electronic and Electrical Engineering,GE1401,GE1354,11441,C01
1466,BEng Electronic and Electrical Engineering,GE1401,GE1354,11443,L02
1466,BEng Electronic and Electrical Engineering,GE1401,MA1200,11785,CG1
1466,BEng Electronic and Electrical Engineering,GE1401,MA1200,11806,TG2
1466,BEng Electronic and Electrical Engineering,GE1401,CS1302,11859,CA1
1466,BEng Electronic and Electrical Engineering,GE1401,CS1302,11863,LA1
1466,BEng Electronic and Electrical Engineering,GE1401,GE1401,12122,T35
1467,BEng Electronic and Electrical Engineering,GE1401,EE1001,10617,C01
1467,BEng Electronic and Electrical Engineering,GE1401,GE1401,10694,T17
1467,BEng Electronic and Electrical Engineering,GE1401,EE1001,11161,L02
1467,BEng Electronic and Electrical Engineering,GE1401,GE1354,11441,C01
1467,BEng Electronic and Electrical Engineering,GE1401,GE1354,11443,L02
1467,BEng Electronic and Electrical Engineering,GE1401,MA1200,11784,CF1
1467,BEng Electronic and Electrical Engineering,GE1401,MA1200,11802,TF1
1467,BEng Electronic and Electrical Engineering,GE1401,CS1302,11859,CA1
1467,BEng Electronic and Electrical Engineering,GE1401,CS1302,11863,LA1
1468,BEng Electronic and Electrical Engineering,GE1401,EE1001,10617,C01
1468,BEng Electronic and Electrical Engineering,GE1401,GE1401,10694,T17
1468,BEng Electronic and Electrical Engineering,GE1401,EE1001,11161,L02
1468,BEng Electronic and Electrical Engineering,GE1401,GE1354,11441,C01
1468,BEng Electronic and Electrical Engineering,GE1401,GE1354,11443,L02
1468,BEng Electronic and Electrical Engineering,GE1401,MA1200,11784,CF1
1468,BEng Electronic and Electrical Engineering,GE1401,MA1200,11802,TF1
1468,BEng Electronic and Electrical Engineering,GE1401,CS1302,11859,CA1
1468,BEng Electronic and Electrical Engineering,GE1401,CS1302,11863,LA1
1469,BEng Electronic and Electrical Engineering,GE1401,EE1001,10617,C01
1469,BEng Electronic and Electrical Engineering,GE1401,EE1001,11161,L02
1469,BEng Electronic and Electrical Engineering,GE1401,GE1354,11441,C01
1469,BEng Electronic and Electrical Engineering,GE1401,GE1354,11444,L03
1469,BEng Electronic and Electrical Engineering,GE1401,GE1401,11494,T76
1469,BEng Electronic and Electrical Engineering,GE1401,MA1200,11782,CE1
1469,BEng Electronic and Electrical Engineering,GE1401,MA1200,11799,TE1
1469,BEng Electronic and Electrical Engineering,GE1401,CS1302,11859,CA1
1469,BEng Electronic and Electrical Engineering,GE1401,CS1302,12215,LA4
1470,BEng Electronic and Electrical Engineering,GE1401,EE1001,10617,C01
1470,BEng Electronic and Electrical Engineering,GE1401,GE1401,10695,T19
1470,BEng Electronic and Electrical Engineering,GE1401,EE1001,11161,L02
1470,BEng Electronic and Electrical Engineering,GE1401,GE1354,11441,C01
1470,BEng Electronic and Electrical Engineering,GE1401,GE1354,11443,L02
1470,BEng Electronic and Electrical Engineering,GE1401,MA1200,11784,CF1
1470,BEng Electronic and Electrical Engineering,GE1401,MA1200,11802,TF1
1470,BEng Electronic and Electrical Engineering,GE1401,CS1302,11859,CA1
1470,BEng Electronic and Electrical Engineering,GE1401,CS1302,11863,LA1
1471,BEng Electronic and Electrical Engineering,GE1401,EE1001,10617,C01
1471,BEng Electronic and Electrical Engineering,GE1401,GE1401,10682,T05
1471,BEng Electronic and Electrical Engineering,GE1401,EE1001,11159,L01
1471,BEng Electronic and Electrical Engineering,GE1401,GE1354,11441,C01
1471,BEng Electronic and Electrical Engineering,GE1401,GE1354,11444,L03
1471,BEng Electronic and Electrical Engineering,GE1401,MA1200,11788,CC1
1471,BEng Electronic and Electrical Engineering,GE1401,MA1200,11794,TC2
1471,BEng Electronic and Electrical Engineering,GE1401,CS1302,11860,CB1
1471,BEng Electronic and Electrical Engineering,GE1401,CS1302,12216,LB1
1472,BEng Electronic and Electrical Engineering,GE1401,EE1001,10617,C01
1472,BEng Electronic and Electrical Engineering,GE1401,EE1001,11159,L01
1472,BEng Electronic and Electrical Engineering,GE1401,GE1354,11441,C01
1472,BEng Electronic and Electrical Engineering,GE1401,GE1354,11444,L03
1472,BEng Electronic and Electrical Engineering,GE1401,MA1200,11788,CC1
1472,BEng Electronic and Electrical Engineering,GE1401,MA1200,11794,TC2
1472,BEng Electronic and Electrical Engineering,GE1401,CS1302,11860,CB1
1472,BEng Electronic and Electrical Engineering,GE1401,CS1302,12216,LB1
1472,BEng Electronic and Electrical Engineering,GE1401,GE1401,15602,T58
1473,BEng Electronic and Electrical Engineering,GE1401,EE1001,10617,C01
1473,BEng Electronic and Electrical Engineering,GE1401,EE1001,11159,L01
1473,BEng Electronic and Electrical Engineering,GE1401,GE1354,11441,C01
1473,BEng Electronic and Electrical Engineering,GE1401,GE1354,11444,L03
1473,BEng Electronic and Electrical Engineering,GE1401,MA1200,11787,CA1
1473,BEng Electronic and Electrical Engineering,GE1401,MA1200,11791,TA2
1473,BEng Electronic and Electrical Engineering,GE1401,CS1302,11859,CA1
1473,BEng Electronic and Electrical Engineering,GE1401,CS1302,11982,LA3
1473,BEng Electronic and Electrical Engineering,GE1401,GE1401,12397,T51
1474,BEng Electronic and Electrical Engineering,GE1401,EE1001,10617,C01
1474,BEng Electronic and Electrical Engineering,GE1401,EE1001,11161,L02
1474,BEng Electronic and Electrical Engineering,GE1401,GE1354,11441,C01
1474,BEng Electronic and Electrical Engineering,GE1401,GE1354,11443,L02
1474,BEng Electronic and Electrical Engineering,GE1401,GE1401,11494,T76
1474,BEng Electronic and Electrical Engineering,GE1401,MA1200,11782,CE1
1474,BEng Electronic and Electrical Engineering,GE1401,MA1200,11799,TE1
1474,BEng Electronic and Electrical Engineering,GE1401,CS1302,11859,CA1
1474,BEng Electronic and Electrical Engineering,GE1401,CS1302,12215,LA4
1475,BEng Electronic and Electrical Engineering,GE1401,EE1001,10617,C01
1475,BEng Electronic and Electrical Engineering,GE1401,GE1401,10690,T13
1475,BEng Electronic and Electrical Engineering,GE1401,EE1001,11161,L02
1475,BEng Electronic and Electrical Engineering,GE1401,GE1354,11445,CA1
1475,BEng Electronic and Electrical Engineering,GE1401,GE1354,11446,LA1
1475,BEng Electronic and Electrical Engineering,GE1401,MA1200,11782,CE1
1475,BEng Electronic and Electrical Engineering,GE1401,MA1200,11799,TE1
1475,BEng Electronic and Electrical Engineering,GE1401,CS1302,11859,CA1
1475,BEng Electronic and Electrical Engineering,GE1401,CS1302,12215,LA4
1476,BEng Electronic and Electrical Engineering,GE1401,EE1001,10617,C01
1476,BEng Electronic and Electrical Engineering,GE1401,GE1401,10684,T07
1476,BEng Electronic and Electrical Engineering,GE1401,EE1001,11159,L01
1476,BEng Electronic and Electrical Engineering,GE1401,GE1354,11441,C01
1476,BEng Electronic and Electrical Engineering,GE1401,GE1354,11444,L03
1476,BEng Electronic and Electrical Engineering,GE1401,MA1200,11788,CC1
1476,BEng Electronic and Electrical Engineering,GE1401,MA1200,11794,TC2
1476,BEng Electronic and Electrical Engineering,GE1401,CS1302,11860,CB1
1476,BEng Electronic and Electrical Engineering,GE1401,CS1302,12216,LB1
1477,BEng Electronic and Electrical Engineering,GE1401,GE1401,10357,T01
1477,BEng Electronic and Electrical Engineering,GE1401,EE1001,10900,CA1
1477,BEng Electronic and Electrical Engineering,GE1401,EE1001,11160,LA1
1477,BEng Electronic and Electrical Engineering,GE1401,GE1354,11455,CB1
1477,BEng Electronic and Electrical Engineering,GE1401,GE1354,11583,LB2
1477,BEng Electronic and Electrical Engineering,GE1401,MA1200,11782,CE1
1477,BEng Electronic and Electrical Engineering,GE1401,MA1200,11799,TE1
1477,BEng Electronic and Electrical Engineering,GE1401,CS1302,11859,CA1
1477,BEng Electronic and Electrical Engineering,GE1401,CS1302,11863,LA1
1478,BEng Electronic and Electrical Engineering,GE1401,EE1001,10617,C01
1478,BEng Electronic and Electrical Engineering,GE1401,GE1401,10694,T17
1478,BEng Electronic and Electrical Engineering,GE1401,EE1001,11161,L02
1478,BEng Electronic and Electrical Engineering,GE1401,GE1354,11441,C01
1478,BEng Electronic and Electrical Engineering,GE1401,GE1354,11443,L02
1478,BEng Electronic and Electrical Engineering,GE1401,MA1200,11784,CF1
1478,BEng Electronic and Electrical Engineering,GE1401,MA1200,11802,TF1
1478,BEng Electronic and Electrical Engineering,GE1401,CS1302,11859,CA1
1478,BEng Electronic and Electrical Engineering,GE1401,CS1302,11863,LA1
1479,BEng Electronic and Electrical Engineering,GE1401,EE1001,10617,C01
1479,BEng Electronic and Electrical Engineering,GE1401,EE1001,11159,L01
1479,BEng Electronic and Electrical Engineering,GE1401,GE1354,11441,C01
1479,BEng Electronic and Electrical Engineering,GE1401,GE1354,11444,L03
1479,BEng Electronic and Electrical Engineering,GE1401,MA1200,11787,CA1
1479,BEng Electronic and Electrical Engineering,GE1401,MA1200,11791,TA2
1479,BEng Electronic and Electrical Engineering,GE1401,CS1302,11860,CB1
1479,BEng Electronic and Electrical Engineering,GE1401,CS1302,12216,LB1
1479,BEng Electronic and Electrical Engineering,GE1401,GE1401,15602,T58
1480,BEng Electronic and Electrical Engineering,GE1401,EE1001,10617,C01
1480,BEng Electronic and Electrical Engineering,GE1401,EE1001,11161,L02
1480,BEng Electronic and Electrical Engineering,GE1401,GE1354,11441,C01
1480,BEng Electronic and Electrical Engineering,GE1401,GE1354,11443,L02
1480,BEng Electronic and Electrical Engineering,GE1401,MA1200,11784,CF1
1480,BEng Electronic and Electrical Engineering,GE1401,MA1200,11802,TF1
1480,BEng Electronic and Electrical Engineering,GE1401,CS1302,11859,CA1
1480,BEng Electronic and Electrical Engineering,GE1401,CS1302,11863,LA1
1480,BEng Electronic and Electrical Engineering,GE1401,GE1401,14271,TB8
1481,BEng Electronic and Electrical Engineering,GE1401,EE1001,10617,C01
1481,BEng Electronic and Electrical Engineering,GE1401,EE1001,11161,L02
1481,BEng Electronic and Electrical Engineering,GE1401,GE1354,11441,C01
1481,BEng Electronic and Electrical Engineering,GE1401,GE1354,11443,L02
1481,BEng Electronic and Electrical Engineering,GE1401,MA1200,11785,CG1
1481,BEng Electronic and Electrical Engineering,GE1401,MA1200,11806,TG2
1481,BEng Electronic and Electrical Engineering,GE1401,CS1302,11859,CA1
1481,BEng Electronic and Electrical Engineering,GE1401,CS1302,11863,LA1
1481,BEng Electronic and Electrical Engineering,GE1401,GE1401,12122,T35
1482,BEng Electronic and Electrical Engineering,GE1401,EE1001,10617,C01
1482,BEng Electronic and Electrical Engineering,GE1401,GE1401,10690,T13
1482,BEng Electronic and Electrical Engineering,GE1401,EE1001,11161,L02
1482,BEng Electronic and Electrical Engineering,GE1401,GE1354,11445,CA1
1482,BEng Electronic and Electrical Engineering,GE1401,GE1354,11447,LA2
1482,BEng Electronic and Electrical Engineering,GE1401,MA1200,11782,CE1
1482,BEng Electronic and Electrical Engineering,GE1401,MA1200,11799,TE1
1482,BEng Electronic and Electrical Engineering,GE1401,CS1302,11859,CA1
1482,BEng Electronic and Electrical Engineering,GE1401,CS1302,12215,LA4
1483,BEng Electronic and Electrical Engineering,GE1401,EE1001,10617,C01
1483,BEng Electronic and Electrical Engineering,GE1401,EE1001,11161,L02
1483,BEng Electronic and Electrical Engineering,GE1401,GE1354,11455,CB1
1483,BEng Electronic and Electrical Engineering,GE1401,GE1354,11456,LB1
1483,BEng Electronic and Electrical Engineering,GE1401,MA1200,11782,CE1
1483,BEng Electronic and Electrical Engineering,GE1401,MA1200,11799,TE1
1483,BEng Electronic and Electrical Engineering,GE1401,CS1302,11859,CA1
1483,BEng Electronic and Electrical Engineering,GE1401,CS1302,11863,LA1
1483,BEng Electronic and Electrical Engineering,GE1401,GE1401,12735,T74
1484,BEng Electronic and Electrical Engineering,GE1401,EE1001,10617,C01
1484,BEng Electronic and Electrical Engineering,GE1401,GE1401,10695,T19
1484,BEng Electronic and Electrical Engineering,GE1401,EE1001,11161,L02
1484,BEng Electronic and Electrical Engineering,GE1401,GE1354,11441,C01
1484,BEng Electronic and Electrical Engineering,GE1401,GE1354,11443,L02
1484,BEng Electronic and Electrical Engineering,GE1401,MA1200,11782,CE1
1484,BEng Electronic and Electrical Engineering,GE1401,MA1200,11799,TE1
1484,BEng Electronic and Electrical Engineering,GE1401,CS1302,11859,CA1
1484,BEng Electronic and Electrical Engineering,GE1401,CS1302,11863,LA1
1485,BEng Electronic and Electrical Engineering,LC0200A,EE1001,10617,C01
1485,BEng Electronic and Electrical Engineering,LC0200A,LC0200A,10878,T09
1485,BEng Electronic and Electrical Engineering,LC0200A,EE1001,11161,L02
1485,BEng Electronic and Electrical Engineering,LC0200A,GE1354,11441,C01
1485,BEng Electronic and Electrical Engineering,LC0200A,GE1354,11443,L02
1485,BEng Electronic and Electrical Engineering,LC0200A,MA1200,11785,CG1
1485,BEng Electronic and Electrical Engineering,LC0200A,MA1200,11806,TG2
1485,BEng Electronic and Electrical Engineering,LC0200A,CS1302,11859,CA1
1485,BEng Electronic and Electrical Engineering,LC0200A,CS1302,11863,LA1
1486,BEng Electronic and Electrical Engineering,LC0200A,EE1001,10617,C01
1486,BEng Electronic and Electrical Engineering,LC0200A,LC0200A,10862,T02
1486,BEng Electronic and Electrical Engineering,LC0200A,EE1001,11159,L01
1486,BEng Electronic and Electrical Engineering,LC0200A,GE1354,11441,C01
1486,BEng Electronic and Electrical Engineering,LC0200A,GE1354,11444,L03
1486,BEng Electronic and Electrical Engineering,LC0200A,MA1200,11787,CA1
1486,BEng Electronic and Electrical Engineering,LC0200A,MA1200,11791,TA2
1486,BEng Electronic and Electrical Engineering,LC0200A,CS1302,11859,CA1
1486,BEng Electronic and Electrical Engineering,LC0200A,CS1302,11982,LA3
1487,BEng Electronic and Electrical Engineering,LC0200A,EE1001,10617,C01
1487,BEng Electronic and Electrical Engineering,LC0200A,LC0200A,10880,T11
1487,BEng Electronic and Electrical Engineering,LC0200A,EE1001,11161,L02
1487,BEng Electronic and Electrical Engineering,LC0200A,GE1354,11441,C01
1487,BEng Electronic and Electrical Engineering,LC0200A,GE1354,11443,L02
1487,BEng Electronic and Electrical Engineering,LC0200A,MA1200,11784,CF1
1487,BEng Electronic and Electrical Engineering,LC0200A,MA1200,11803,TF2
1487,BEng Electronic and Electrical Engineering,LC0200A,CS1302,11859,CA1
1487,BEng Electronic and Electrical Engineering,LC0200A,CS1302,11863,LA1
1488,BEng Electronic and Electrical Engineering,LC0200A,EE1001,10617,C01
1488,BEng Electronic and Electrical Engineering,LC0200A,LC0200A,10862,T02
1488,BEng Electronic and Electrical Engineering,LC0200A,EE1001,11159,L01
1488,BEng Electronic and Electrical Engineering,LC0200A,GE1354,11441,C01
1488,BEng Electronic and Electrical Engineering,LC0200A,GE1354,11444,L03
1488,BEng Electronic and Electrical Engineering,LC0200A,MA1200,11787,CA1
1488,BEng Electronic and Electrical Engineering,LC0200A,MA1200,11791,TA2
1488,BEng Electronic and Electrical Engineering,LC0200A,CS1302,11859,CA1
1488,BEng Electronic and Electrical Engineering,LC0200A,CS1302,11982,LA3
1489,BEng Electronic and Electrical Engineering,LC0200A,EE1001,10617,C01
1489,BEng Electronic and Electrical Engineering,LC0200A,LC0200A,11030,T31
1489,BEng Electronic and Electrical Engineering,LC0200A,EE1001,11161,L02
1489,BEng Electronic and Electrical Engineering,LC0200A,GE1354,11441,C01
1489,BEng Electronic and Electrical Engineering,LC0200A,GE1354,11444,L03
1489,BEng Electronic and Electrical Engineering,LC0200A,MA1200,11784,CF1
1489,BEng Electronic and Electrical Engineering,LC0200A,MA1200,11802,TF1
1489,BEng Electronic and Electrical Engineering,LC0200A,CS1302,11859,CA1
1489,BEng Electronic and Electrical Engineering,LC0200A,CS1302,12215,LA4
1490,BEng Electronic and Electrical Engineering,LC0200A,EE1001,10617,C01
1490,BEng Electronic and Electrical Engineering,LC0200A,LC0200A,10862,T02
1490,BEng Electronic and Electrical Engineering,LC0200A,EE1001,11159,L01
1490,BEng Electronic and Electrical Engineering,LC0200A,GE1354,11441,C01
1490,BEng Electronic and Electrical Engineering,LC0200A,GE1354,11444,L03
1490,BEng Electronic and Electrical Engineering,LC0200A,MA1200,11787,CA1
1490,BEng Electronic and Electrical Engineering,LC0200A,MA1200,11791,TA2
1490,BEng Electronic and Electrical Engineering,LC0200A,CS1302,11859,CA1
1490,BEng Electronic and Electrical Engineering,LC0200A,CS1302,11982,LA3
1491,BEng Electronic and Electrical Engineering,LC0200A,EE1001,10617,C01
1491,BEng Electronic and Electrical Engineering,LC0200A,LC0200A,10880,T11
1491,BEng Electronic and Electrical Engineering,LC0200A,EE1001,11161,L02
1491,BEng Electronic and Electrical Engineering,LC0200A,GE1354,11441,C01
1491,BEng Electronic and Electrical Engineering,LC0200A,GE1354,11443,L02
1491,BEng Electronic and Electrical Engineering,LC0200A,MA1200,11784,CF1
1491,BEng Electronic and Electrical Engineering,LC0200A,MA1200,11803,TF2
1491,BEng Electronic and Electrical Engineering,LC0200A,CS1302,11859,CA1
1491,BEng Electronic and Electrical Engineering,LC0200A,CS1302,11863,LA1
1492,BEng Electronic and Electrical Engineering,LC0200A,EE1001,10617,C01
1492,BEng Electronic and Electrical Engineering,LC0200A,LC0200A,10880,T11
1492,BEng Electronic and Electrical Engineering,LC0200A,EE1001,11161,L02
1492,BEng Electronic and Electrical Engineering,LC0200A,GE1354,11445,CA1
1492,BEng Electronic and Electrical Engineering,LC0200A,GE1354,11446,LA1
1492,BEng Electronic and Electrical Engineering,LC0200A,MA1200,11782,CE1
1492,BEng Electronic and Electrical Engineering,LC0200A,MA1200,11800,TE2
1492,BEng Electronic and Electrical Engineering,LC0200A,CS1302,11859,CA1
1492,BEng Electronic and Electrical Engineering,LC0200A,CS1302,12215,LA4
1493,BEng Electronic and Electrical Engineering,LC0200A,EE1001,10617,C01
1493,BEng Electronic and Electrical Engineering,LC0200A,LC0200A,10875,T06
1493,BEng Electronic and Electrical Engineering,LC0200A,EE1001,11159,L01
1493,BEng Electronic and Electrical Engineering,LC0200A,GE1354,11455,CB1
1493,BEng Electronic and Electrical Engineering,LC0200A,GE1354,11584,LB3
1493,BEng Electronic and Electrical Engineering,LC0200A,MA1200,11788,CC1
1493,BEng Electronic and Electrical Engineering,LC0200A,MA1200,11794,TC2
1493,BEng Electronic and Electrical Engineering,LC0200A,CS1302,11860,CB1
1493,BEng Electronic and Electrical Engineering,LC0200A,CS1302,12216,LB1
1494,BEng Electronic and Electrical Engineering,LC0200A,EE1001,10617,C01
1494,BEng Electronic and Electrical Engineering,LC0200A,LC0200A,10890,T22
1494,BEng Electronic and Electrical Engineering,LC0200A,EE1001,11159,L01
1494,BEng Electronic and Electrical Engineering,LC0200A,GE1354,11455,CB1
1494,BEng Electronic and Electrical Engineering,LC0200A,GE1354,11584,LB3
1494,BEng Electronic and Electrical Engineering,LC0200A,MA1200,11788,CC1
1494,BEng Electronic and Electrical Engineering,LC0200A,MA1200,11794,TC2
1494,BEng Electronic and Electrical Engineering,LC0200A,CS1302,11860,CB1
1494,BEng Electronic and Electrical Engineering,LC0200A,CS1302,12216,LB1
1495,BEng Information Engineering,GE1401,EE1001,10617,C01
1495,BEng Information Engineering,GE1401,EE1001,11159,L01
1495,BEng Information Engineering,GE1401,GE1354,11441,C01
1495,BEng Information Engineering,GE1401,GE1354,11443,L02
1495,BEng Information Engineering,GE1401,MA1200,11785,CG1
1495,BEng Information Engineering,GE1401,MA1200,11806,TG2
1495,BEng Information Engineering,GE1401,CS1302,11859,CA1
1495,BEng Information Engineering,GE1401,CS1302,11863,LA1
1495,BEng Information Engineering,GE1401,GE1401,12122,T35
1496,BEng Information Engineering,GE1401,EE1001,10617,C01
1496,BEng Information Engineering,GE1401,EE1001,11161,L02
1496,BEng Information Engineering,GE1401,GE1354,11441,C01
1496,BEng Information Engineering,GE1401,GE1354,11444,L03
1496,BEng Information Engineering,GE1401,MA1200,11782,CE1
1496,BEng Information Engineering,GE1401,MA1200,11799,TE1
1496,BEng Information Engineering,GE1401,CS1302,11859,CA1
1496,BEng Information Engineering,GE1401,CS1302,12215,LA4
1496,BEng Information Engineering,GE1401,GE1401,12398,T70
1497,BEng Information Engineering,GE1401,EE1001,10617,C01
1497,BEng Information Engineering,GE1401,EE1001,11161,L02
1497,BEng Information Engineering,GE1401,GE1354,11441,C01
1497,BEng Information Engineering,GE1401,GE1354,11443,L02
1497,BEng Information Engineering,GE1401,MA1200,11784,CF1
1497,BEng Information Engineering,GE1401,MA1200,11802,TF1
1497,BEng Information Engineering,GE1401,CS1302,11859,CA1
1497,BEng Information Engineering,GE1401,CS1302,11863,LA1
1497,BEng Information Engineering,GE1401,GE1401,14271,TB8
1498,BEng Information Engineering,GE1401,EE1001,10617,C01
1498,BEng Information Engineering,GE1401,GE1401,10690,T13
1498,BEng Information Engineering,GE1401,EE1001,11161,L02
1498,BEng Information Engineering,GE1401,GE1354,11445,CA1
1498,BEng Information Engineering,GE1401,GE1354,11446,LA1
1498,BEng Information Engineering,GE1401,MA1200,11782,CE1
1498,BEng Information Engineering,GE1401,MA1200,11799,TE1
1498,BEng Information Engineering,GE1401,CS1302,11859,CA1
1498,BEng Information Engineering,GE1401,CS1302,12215,LA4
1499,BEng Information Engineering,GE1401,EE1001,10617,C01
1499,BEng Information Engineering,GE1401,GE1401,10695,T19
1499,BEng Information Engineering,GE1401,EE1001,11161,L02
1499,BEng Information Engineering,GE1401,GE1354,11441,C01
1499,BEng Information Engineering,GE1401,GE1354,11443,L02
1499,BEng Information Engineering,GE1401,MA1200,11784,CF1
1499,BEng Information Engineering,GE1401,MA1200,11802,TF1
1499,BEng Information Engineering,GE1401,CS1302,11859,CA1
1499,BEng Information Engineering,GE1401,CS1302,11863,LA1
1500,BEng Information Engineering,GE1401,EE1001,10617,C01
1500,BEng Information Engineering,GE1401,EE1001,11159,L01
1500,BEng Information Engineering,GE1401,GE1354,11441,C01
1500,BEng Information Engineering,GE1401,GE1354,11444,L03
1500,BEng Information Engineering,GE1401,MA1200,11787,CA1
1500,BEng Information Engineering,GE1401,MA1200,11791,TA2
1500,BEng Information Engineering,GE1401,CS1302,11859,CA1
1500,BEng Information Engineering,GE1401,CS1302,11982,LA3
1500,BEng Information Engineering,GE1401,GE1401,12397,T51
1501,BEng Information Engineering,GE1401,EE1001,10617,C01
1501,BEng Information Engineering,GE1401,EE1001,11161,L02
1501,BEng Information Engineering,GE1401,GE1354,11455,CB1
1501,BEng Information Engineering,GE1401,GE1354,11456,LB1
1501,BEng Information Engineering,GE1401,MA1200,11782,CE1
1501,BEng Information Engineering,GE1401,MA1200,11799,TE1
1501,BEng Information Engineering,GE1401,CS1302,11859,CA1
1501,BEng Information Engineering,GE1401,CS1302,11863,LA1
1501,BEng Information Engineering,GE1401,GE1401,12735,T74
1502,BEng Information Engineering,GE1401,EE1001,10617,C01
1502,BEng Information Engineering,GE1401,GE1401,10694,T17
1502,BEng Information Engineering,GE1401,EE1001,11161,L02
1502,BEng Information Engineering,GE1401,GE1354,11441,C01
1502,BEng Information Engineering,GE1401,GE1354,11443,L02
1502,BEng Information Engineering,GE1401,MA1200,11784,CF1
1502,BEng Information Engineering,GE1401,MA1200,11802,TF1
1502,BEng Information Engineering,GE1401,CS1302,11859,CA1
1502,BEng Information Engineering,GE1401,CS1302,11863,LA1
1503,BEng Information Engineering,GE1401,EE1001,10617,C01
1503,BEng Information Engineering,GE1401,GE1401,10688,T11
1503,BEng Information Engineering,GE1401,EE1001,11159,L01
1503,BEng Information Engineering,GE1401,GE1354,11445,CA1
1503,BEng Information Engineering,GE1401,GE1354,11448,LA3
1503,BEng Information Engineering,GE1401,MA1200,11788,CC1
1503,BEng Information Engineering,GE1401,MA1200,11794,TC2
1503,BEng Information Engineering,GE1401,CS1302,11860,CB1
1503,BEng Information Engineering,GE1401,CS1302,12216,LB1
1504,BEng Information Engineering,GE1401,EE1001,10617,C01
1504,BEng Information Engineering,GE1401,EE1001,11161,L02
1504,BEng Information Engineering,GE1401,GE1354,11441,C01
1504,BEng Information Engineering,GE1401,GE1354,11443,L02
1504,BEng Information Engineering,GE1401,MA1200,11785,CG1
1504,BEng Information Engineering,GE1401,MA1200,11806,TG2
1504,BEng Information Engineering,GE1401,CS1302,11859,CA1
1504,BEng Information Engineering,GE1401,CS1302,11863,LA1
1504,BEng Information Engineering,GE1401,GE1401,12122,T35
1505,BEng Information Engineering,GE1401,EE1001,10617,C01
1505,BEng Information Engineering,GE1401,EE1001,11159,L01
1505,BEng Information Engineering,GE1401,GE1354,11441,C01
1505,BEng Information Engineering,GE1401,GE1354,11444,L03
1505,BEng Information Engineering,GE1401,MA1200,11787,CA1
1505,BEng Information Engineering,GE1401,MA1200,11791,TA2
1505,BEng Information Engineering,GE1401,CS1302,11859,CA1
1505,BEng Information Engineering,GE1401,CS1302,11982,LA3
1505,BEng Information Engineering,GE1401,GE1401,12397,T51
1506,BEng Information Engineering,GE1401,EE1001,10617,C01
1506,BEng Information Engineering,GE1401,GE1401,10720,T53
1506,BEng Information Engineering,GE1401,EE1001,11161,L02
1506,BEng Information Engineering,GE1401,GE1354,11441,C01
1506,BEng Information Engineering,GE1401,GE1354,11443,L02
1506,BEng Information Engineering,GE1401,MA1200,11784,CF1
1506,BEng Information Engineering,GE1401,MA1200,11802,TF1
1506,BEng Information Engineering,GE1401,CS1302,11859,CA1
1506,BEng Information Engineering,GE1401,CS1302,11863,LA1
1507,BEng Information Engineering,GE1401,EE1001,10617,C01
1507,BEng Information Engineering,GE1401,GE1401,10684,T07
1507,BEng Information Engineering,GE1401,EE1001,11159,L01
1507,BEng Information Engineering,GE1401,GE1354,11455,CB1
1507,BEng Information Engineering,GE1401,GE1354,11584,LB3
1507,BEng Information Engineering,GE1401,MA1200,11788,CC1
1507,BEng Information Engineering,GE1401,MA1200,11794,TC2
1507,BEng Information Engineering,GE1401,CS1302,11860,CB1
1507,BEng Information Engineering,GE1401,CS1302,12216,LB1
1508,BEng Information Engineering,GE1401,EE1001,10617,C01
1508,BEng Information Engineering,GE1401,EE1001,11159,L01
1508,BEng Information Engineering,GE1401,GE1354,11441,C01
1508,BEng Information Engineering,GE1401,GE1354,11444,L03
1508,BEng Information Engineering,GE1401,MA1200,11787,CA1
1508,BEng Information Engineering,GE1401,MA1200,11791,TA2
1508,BEng Information Engineering,GE1401,CS1302,11860,CB1
1508,BEng Information Engineering,GE1401,CS1302,12216,LB1
1508,BEng Information Engineering,GE1401,GE1401,15602,T58
1509,BEng Information Engineering,GE1401,EE1001,10617,C01
1509,BEng Information Engineering,GE1401,GE1401,10723,T56
1509,BEng Information Engineering,GE1401,EE1001,11161,L02
1509,BEng Information Engineering,GE1401,GE1354,11455,CB1
1509,BEng Information Engineering,GE1401,GE1354,11456,LB1
1509,BEng Information Engineering,GE1401,MA1200,11782,CE1
1509,BEng Information Engineering,GE1401,MA1200,11799,TE1
1509,BEng Information Engineering,GE1401,CS1302,11859,CA1
1509,BEng Information Engineering,GE1401,CS1302,11863,LA1
1510,BEng Information Engineering,GE1401,EE1001,10617,C01
1510,BEng Information Engineering,GE1401,EE1001,11159,L01
1510,BEng Information Engineering,GE1401,GE1354,11441,C01
1510,BEng Information Engineering,GE1401,GE1354,11444,L03
1510,BEng Information Engineering,GE1401,MA1200,11788,CC1
1510,BEng Information Engineering,GE1401,MA1200,11794,TC2
1510,BEng Information Engineering,GE1401,CS1302,11861,CC1
1510,BEng Information Engineering,GE1401,CS1302,11869,LC1
1510,BEng Information Engineering,GE1401,GE1401,12734,T71
1511,BEng Information Engineering,GE1401,GE1401,10357,T01
1511,BEng Information Engineering,GE1401,EE1001,10900,CA1
1511,BEng Information Engineering,GE1401,EE1001,11160,LA1
1511,BEng Information Engineering,GE1401,GE1354,11455,CB1
1511,BEng Information Engineering,GE1401,GE1354,11583,LB2
1511,BEng Information Engineering,GE1401,MA1200,11782,CE1
1511,BEng Information Engineering,GE1401,MA1200,11799,TE1
1511,BEng Information Engineering,GE1401,CS1302,11859,CA1
1511,BEng Information Engineering,GE1401,CS1302,11863,LA1
1512,BEng Information Engineering,GE1401,GE1401,10723,T56
1512,BEng Information Engineering,GE1401,EE1001,10900,CA1
1512,BEng Information Engineering,GE1401,EE1001,11160,LA1
1512,BEng Information Engineering,GE1401,GE1354,11455,CB1
1512,BEng Information Engineering,GE1401,GE1354,11456,LB1
1512,BEng Information Engineering,GE1401,MA1200,11782,CE1
1512,BEng Information Engineering,GE1401,MA1200,11800,TE2
1512,BEng Information Engineering,GE1401,CS1302,11859,CA1
1512,BEng Information Engineering,GE1401,CS1302,11863,LA1
1513,BEng Information Engineering,GE1401,EE1001,10617,C01
1513,BEng Information Engineering,GE1401,EE1001,11161,L02
1513,BEng Information Engineering,GE1401,GE1354,11445,CA1
1513,BEng Information Engineering,GE1401,GE1354,11447,LA2
1513,BEng Information Engineering,GE1401,MA1200,11782,CE1
1513,BEng Information Engineering,GE1401,MA1200,11799,TE1
1513,BEng Information Engineering,GE1401,CS1302,11859,CA1
1513,BEng Information Engineering,GE1401,CS1302,11863,LA1
1513,BEng Information Engineering,GE1401,GE1401,12735,T74
1514,BEng Information Engineering,GE1401,EE1001,10617,C01
1514,BEng Information Engineering,GE1401,GE1401,10715,T45
1514,BEng Information Engineering,GE1401,EE1001,11159,L01
1514,BEng Information Engineering,GE1401,GE1354,11441,C01
1514,BEng Information Engineering,GE1401,GE1354,11444,L03
1514,BEng Information Engineering,GE1401,MA1200,11787,CA1
1514,BEng Information Engineering,GE1401,MA1200,11791,TA2
1514,BEng Information Engineering,GE1401,CS1302,11859,CA1
1514,BEng Information Engineering,GE1401,CS1302,11982,LA3
1515,BEng Information Engineering,GE1401,EE1001,10617,C01
1515,BEng Information Engineering,GE1401,EE1001,11161,L02
1515,BEng Information Engineering,GE1401,GE1354,11445,CA1
1515,BEng Information Engineering,GE1401,GE1354,11447,LA2
1515,BEng Information Engineering,GE1401,MA1200,11782,CE1
1515,BEng Information Engineering,GE1401,MA1200,11799,TE1
1515,BEng Information Engineering,GE1401,CS1302,11859,CA1
1515,BEng Information Engineering,GE1401,CS1302,11863,LA1
1515,BEng Information Engineering,GE1401,GE1401,12735,T74
1516,BEng Information Engineering,LC0200A,EE1001,10617,C01
1516,BEng Information Engineering,LC0200A,EE1001,11161,L02
1516,BEng Information Engineering,LC0200A,GE1354,11455,CB1
1516,BEng Information Engineering,LC0200A,GE1354,11456,LB1
1516,BEng Information Engineering,LC0200A,MA1200,11782,CE1
1516,BEng Information Engineering,LC0200A,MA1200,11800,TE2
1516,BEng Information Engineering,LC0200A,CS1302,11859,CA1
1516,BEng Information Engineering,LC0200A,CS1302,11863,LA1
1516,BEng Information Engineering,LC0200A,LC0200A,14950,T18
1517,BEng Information Engineering,LC0200A,EE1001,10617,C01
1517,BEng Information Engineering,LC0200A,LC0200A,10875,T06
1517,BEng Information Engineering,LC0200A,EE1001,11159,L01
1517,BEng Information Engineering,LC0200A,GE1354,11455,CB1
1517,BEng Information Engineering,LC0200A,GE1354,11584,LB3
1517,BEng Information Engineering,LC0200A,MA1200,11788,CC1
1517,BEng Information Engineering,LC0200A,MA1200,11794,TC2
1517,BEng Information Engineering,LC0200A,CS1302,11860,CB1
1517,BEng Information Engineering,LC0200A,CS1302,12216,LB1
1518,BEng Information Engineering,LC0200A,EE1001,10617,C01
1518,BEng Information Engineering,LC0200A,LC0200A,10862,T02
1518,BEng Information Engineering,LC0200A,EE1001,11159,L01
1518,BEng Information Engineering,LC0200A,GE1354,11441,C01
1518,BEng Information Engineering,LC0200A,GE1354,11444,L03
1518,BEng Information Engineering,LC0200A,MA1200,11787,CA1
1518,BEng Information Engineering,LC0200A,MA1200,11791,TA2
1518,BEng Information Engineering,LC0200A,CS1302,11859,CA1
1518,BEng Information Engineering,LC0200A,CS1302,11982,LA3
1519,BEng Information Engineering,LC0200A,EE1001,10617,C01
1519,BEng Information Engineering,LC0200A,LC0200A,10880,T11
1519,BEng Information Engineering,LC0200A,EE1001,11161,L02
1519,BEng Information Engineering,LC0200A,GE1354,11445,CA1
1519,BEng Information Engineering,LC0200A,GE1354,11446,LA1
1519,BEng Information Engineering,LC0200A,MA1200,11782,CE1
1519,BEng Information Engineering,LC0200A,MA1200,11800,TE2
1519,BEng Information Engineering,LC0200A,CS1302,11859,CA1
1519,BEng Information Engineering,LC0200A,CS1302,12215,LA4
1520,BEng Information Engineering,LC0200A,EE1001,10617,C01
1520,BEng Information Engineering,LC0200A,LC0200A,10878,T09
1520,BEng Information Engineering,LC0200A,EE1001,11161,L02
1520,BEng Information Engineering,LC0200A,GE1354,11441,C01
1520,BEng Information Engineering,LC0200A,GE1354,11443,L02
1520,BEng Information Engineering,LC0200A,MA1200,11784,CF1
1520,BEng Information Engineering,LC0200A,MA1200,11802,TF1
1520,BEng Information Engineering,LC0200A,CS1302,11859,CA1
1520,BEng Information Engineering,LC0200A,CS1302,11863,LA1
1521,BEng Information Engineering,LC0200A,EE1001,10617,C01
1521,BEng Information Engineering,LC0200A,LC0200A,10878,T09
1521,BEng Information Engineering,LC0200A,EE1001,11161,L02
1521,BEng Information Engineering,LC0200A,GE1354,11441,C01
1521,BEng Information Engineering,LC0200A,GE1354,11443,L02
1521,BEng Information Engineering,LC0200A,MA1200,11784,CF1
1521,BEng Information Engineering,LC0200A,MA1200,11802,TF1
1521,BEng Information Engineering,LC0200A,CS1302,11859,CA1
1521,BEng Information Engineering,LC0200A,CS1302,11863,LA1
1522,BEng Information Engineering,LC0200A,EE1001,10617,C01
1522,BEng Information Engineering,LC0200A,LC0200A,10890,T22
1522,BEng Information Engineering,LC0200A,EE1001,11159,L01
1522,BEng Information Engineering,LC0200A,GE1354,11441,C01
1522,BEng Information Engineering,LC0200A,GE1354,11444,L03
1522,BEng Information Engineering,LC0200A,MA1200,11788,CC1
1522,BEng Information Engineering,LC0200A,MA1200,11794,TC2
1522,BEng Information Engineering,LC0200A,CS1302,11860,CB1
1522,BEng Information Engineering,LC0200A,CS1302,12216,LB1
1523,BEng Information Engineering,LC0200A,EE1001,10617,C01
1523,BEng Information Engineering,LC0200A,LC0200A,10880,T11
1523,BEng Information Engineering,LC0200A,EE1001,11161,L02
1523,BEng Information Engineering,LC0200A,GE1354,11445,CA1
1523,BEng Information Engineering,LC0200A,GE1354,11447,LA2
1523,BEng Information Engineering,LC0200A,MA1200,11782,CE1
1523,BEng Information Engineering,LC0200A,MA1200,11800,TE2
1523,BEng Information Engineering,LC0200A,CS1302,11859,CA1
1523,BEng Information Engineering,LC0200A,CS1302,12215,LA4
1524,BEng Information Engineering,LC0200A,EE1001,10617,C01
1524,BEng Information Engineering,LC0200A,LC0200A,10887,T19
1524,BEng Information Engineering,LC0200A,EE1001,11159,L01
1524,BEng Information Engineering,LC0200A,GE1354,11441,C01
1524,BEng Information Engineering,LC0200A,GE1354,11444,L03
1524,BEng Information Engineering,LC0200A,MA1200,11787,CA1
1524,BEng Information Engineering,LC0200A,MA1200,11791,TA2
1524,BEng Information Engineering,LC0200A,CS1302,11860,CB1
1524,BEng Information Engineering,LC0200A,CS1302,12216,LB1
1525,BEng Microelectronics Engineering,GE1401,GE1401,10357,T01
1525,BEng Microelectronics Engineering,GE1401,EE1001,10900,CA1
1525,BEng Microelectronics Engineering,GE1401,EE1001,11160,LA1
1525,BEng Microelectronics Engineering,GE1401,GE1354,11455,CB1
1525,BEng Microelectronics Engineering,GE1401,GE1354,11583,LB2
1525,BEng Microelectronics Engineering,GE1401,MA1200,11782,CE1
1525,BEng Microelectronics Engineering,GE1401,MA1200,11799,TE1
1525,BEng Microelectronics Engineering,GE1401,CS1302,11859,CA1
1525,BEng Microelectronics Engineering,GE1401,CS1302,11863,LA1
1526,BEng Microelectronics Engineering,GE1401,GE1401,10357,T01
1526,BEng Microelectronics Engineering,GE1401,EE1001,10900,CA1
1526,BEng Microelectronics Engineering,GE1401,EE1001,11160,LA1
1526,BEng Microelectronics Engineering,GE1401,GE1354,11455,CB1
1526,BEng Microelectronics Engineering,GE1401,GE1354,11583,LB2
1526,BEng Microelectronics Engineering,GE1401,MA1200,11782,CE1
1526,BEng Microelectronics Engineering,GE1401,MA1200,11799,TE1
1526,BEng Microelectronics Engineering,GE1401,CS1302,11859,CA1
1526,BEng Microelectronics Engineering,GE1401,CS1302,11863,LA1
1527,BEng Microelectronics Engineering,GE1401,EE1001,10617,C01
1527,BEng Microelectronics Engineering,GE1401,EE1001,11161,L02
1527,BEng Microelectronics Engineering,GE1401,GE1354,11441,C01
1527,BEng Microelectronics Engineering,GE1401,GE1354,11444,L03
1527,BEng Microelectronics Engineering,GE1401,GE1401,11494,T76
1527,BEng Microelectronics Engineering,GE1401,MA1200,11782,CE1
1527,BEng Microelectronics Engineering,GE1401,MA1200,11799,TE1
1527,BEng Microelectronics Engineering,GE1401,CS1302,11859,CA1
1527,BEng Microelectronics Engineering,GE1401,CS1302,12215,LA4
1528,BEng Microelectronics Engineering,GE1401,EE1001,10617,C01
1528,BEng Microelectronics Engineering,GE1401,GE1401,10690,T13
1528,BEng Microelectronics Engineering,GE1401,EE1001,11161,L02
1528,BEng Microelectronics Engineering,GE1401,GE1354,11441,C01
1528,BEng Microelectronics Engineering,GE1401,GE1354,11443,L02
1528,BEng Microelectronics Engineering,GE1401,MA1200,11784,CF1
1528,BEng Microelectronics Engineering,GE1401,MA1200,11802,TF1
1528,BEng Microelectronics Engineering,GE1401,CS1302,11859,CA1
1528,BEng Microelectronics Engineering,GE1401,CS1302,11863,LA1
1529,BEng Microelectronics Engineering,GE1401,EE1001,10617,C01
1529,BEng Microelectronics Engineering,GE1401,GE1401,10715,T45
1529,BEng Microelectronics Engineering,GE1401,EE1001,11159,L01
1529,BEng Microelectronics Engineering,GE1401,GE1354,11441,C01
1529,BEng Microelectronics Engineering,GE1401,GE1354,11444,L03
1529,BEng Microelectronics Engineering,GE1401,MA1200,11787,CA1
1529,BEng Microelectronics Engineering,GE1401,MA1200,11791,TA2
1529,BEng Microelectronics Engineering,GE1401,CS1302,11859,CA1
1529,BEng Microelectronics Engineering,GE1401,CS1302,11982,LA3
1530,BEng Microelectronics Engineering,GE1401,EE1001,10617,C01
1530,BEng Microelectronics Engineering,GE1401,EE1001,11159,L01
1530,BEng Microelectronics Engineering,GE1401,GE1354,11441,C01
1530,BEng Microelectronics Engineering,GE1401,GE1354,11444,L03
1530,BEng Microelectronics Engineering,GE1401,MA1200,11788,CC1
1530,BEng Microelectronics Engineering,GE1401,MA1200,11794,TC2
1530,BEng Microelectronics Engineering,GE1401,CS1302,11861,CC1
1530,BEng Microelectronics Engineering,GE1401,CS1302,11869,LC1
1530,BEng Microelectronics Engineering,GE1401,GE1401,12734,T71
1531,BEng Microelectronics Engineering,GE1401,EE1001,10617,C01
1531,BEng Microelectronics Engineering,GE1401,GE1401,10694,T17
1531,BEng Microelectronics Engineering,GE1401,EE1001,11161,L02
1531,BEng Microelectronics Engineering,GE1401,GE1354,11441,C01
1531,BEng Microelectronics Engineering,GE1401,GE1354,11443,L02
1531,BEng Microelectronics Engineering,GE1401,MA1200,11784,CF1
1531,BEng Microelectronics Engineering,GE1401,MA1200,11802,TF1
1531,BEng Microelectronics Engineering,GE1401,CS1302,11859,CA1
1531,BEng Microelectronics Engineering,GE1401,CS1302,11863,LA1
1532,BEng Microelectronics Engineering,GE1401,EE1001,10617,C01
1532,BEng Microelectronics Engineering,GE1401,GE1401,10715,T45
1532,BEng Microelectronics Engineering,GE1401,EE1001,11159,L01
1532,BEng Microelectronics Engineering,GE1401,GE1354,11441,C01
1532,BEng Microelectronics Engineering,GE1401,GE1354,11444,L03
1532,BEng Microelectronics Engineering,GE1401,MA1200,11787,CA1
1532,BEng Microelectronics Engineering,GE1401,MA1200,11791,TA2
1532,BEng Microelectronics Engineering,GE1401,CS1302,11859,CA1
1532,BEng Microelectronics Engineering,GE1401,CS1302,11982,LA3
1533,BEng Microelectronics Engineering,GE1401,EE1001,10617,C01
1533,BEng Microelectronics Engineering,GE1401,EE1001,11159,L01
1533,BEng Microelectronics Engineering,GE1401,GE1354,11441,C01
1533,BEng Microelectronics Engineering,GE1401,GE1354,11444,L03
1533,BEng Microelectronics Engineering,GE1401,MA1200,11787,CA1
1533,BEng Microelectronics Engineering,GE1401,MA1200,11791,TA2
1533,BEng Microelectronics Engineering,GE1401,CS1302,11859,CA1
1533,BEng Microelectronics Engineering,GE1401,CS1302,11982,LA3
1533,BEng Microelectronics Engineering,GE1401,GE1401,12397,T51
1534,BEng Microelectronics Engineering,GE1401,EE1001,10617,C01
1534,BEng Microelectronics Engineering,GE1401,GE1401,10688,T11
1534,BEng Microelectronics Engineering,GE1401,EE1001,11159,L01
1534,BEng Microelectronics Engineering,GE1401,GE1354,11445,CA1
1534,BEng Microelectronics Engineering,GE1401,GE1354,11448,LA3
1534,BEng Microelectronics Engineering,GE1401,MA1200,11788,CC1
1534,BEng Microelectronics Engineering,GE1401,MA1200,11794,TC2
1534,BEng Microelectronics Engineering,GE1401,CS1302,11860,CB1
1534,BEng Microelectronics Engineering,GE1401,CS1302,12216,LB1
1535,BEng Microelectronics Engineering,GE1401,EE1001,10617,C01
1535,BEng Microelectronics Engineering,GE1401,GE1401,10694,T17
1535,BEng Microelectronics Engineering,GE1401,EE1001,11161,L02
1535,BEng Microelectronics Engineering,GE1401,GE1354,11441,C01
1535,BEng Microelectronics Engineering,GE1401,GE1354,11443,L02
1535,BEng Microelectronics Engineering,GE1401,MA1200,11784,CF1
1535,BEng Microelectronics Engineering,GE1401,MA1200,11802,TF1
1535,BEng Microelectronics Engineering,GE1401,CS1302,11859,CA1
1535,BEng Microelectronics Engineering,GE1401,CS1302,11863,LA1
1536,BEng Microelectronics Engineering,GE1401,GE1401,10357,T01
1536,BEng Microelectronics Engineering,GE1401,EE1001,10900,CA1
1536,BEng Microelectronics Engineering,GE1401,EE1001,11160,LA1
1536,BEng Microelectronics Engineering,GE1401,GE1354,11455,CB1
1536,BEng Microelectronics Engineering,GE1401,GE1354,11583,LB2
1536,BEng Microelectronics Engineering,GE1401,MA1200,11782,CE1
1536,BEng Microelectronics Engineering,GE1401,MA1200,11799,TE1
1536,BEng Microelectronics Engineering,GE1401,CS1302,11859,CA1
1536,BEng Microelectronics Engineering,GE1401,CS1302,11863,LA1
1537,BEng Microelectronics Engineering,LC0200A,EE1001,10617,C01
1537,BEng Microelectronics Engineering,LC0200A,LC0200A,10887,T19
1537,BEng Microelectronics Engineering,LC0200A,EE1001,11159,L01
1537,BEng Microelectronics Engineering,LC0200A,GE1354,11441,C01
1537,BEng Microelectronics Engineering,LC0200A,GE1354,11444,L03
1537,BEng Microelectronics Engineering,LC0200A,MA1200,11787,CA1
1537,BEng Microelectronics Engineering,LC0200A,MA1200,11791,TA2
1537,BEng Microelectronics Engineering,LC0200A,CS1302,11860,CB1
1537,BEng Microelectronics Engineering,LC0200A,CS1302,12216,LB1
1538,BEng Microelectronics Engineering,LC0200A,EE1001,10617,C01
1538,BEng Microelectronics Engineering,LC0200A,LC0200A,10862,T02
1538,BEng Microelectronics Engineering,LC0200A,EE1001,11159,L01
1538,BEng Microelectronics Engineering,LC0200A,GE1354,11441,C01
1538,BEng Microelectronics Engineering,LC0200A,GE1354,11444,L03
1538,BEng Microelectronics Engineering,LC0200A,MA1200,11787,CA1
1538,BEng Microelectronics Engineering,LC0200A,MA1200,11791,TA2
1538,BEng Microelectronics Engineering,LC0200A,CS1302,11859,CA1
1538,BEng Microelectronics Engineering,LC0200A,CS1302,11982,LA3
1539,BEng Microelectronics Engineering,LC0200A,EE1001,10617,C01
1539,BEng Microelectronics Engineering,LC0200A,LC0200A,10880,T11
1539,BEng Microelectronics Engineering,LC0200A,EE1001,11161,L02
1539,BEng Microelectronics Engineering,LC0200A,GE1354,11441,C01
1539,BEng Microelectronics Engineering,LC0200A,GE1354,11443,L02
1539,BEng Microelectronics Engineering,LC0200A,MA1200,11782,CE1
1539,BEng Microelectronics Engineering,LC0200A,MA1200,11800,TE2
1539,BEng Microelectronics Engineering,LC0200A,CS1302,11859,CA1
1539,BEng Microelectronics Engineering,LC0200A,CS1302,12215,LA4
1540,BEng Microelectronics Engineering,LC0200A,EE1001,10617,C01
1540,BEng Microelectronics Engineering,LC0200A,LC0200A,10862,T02
1540,BEng Microelectronics Engineering,LC0200A,EE1001,11159,L01
1540,BEng Microelectronics Engineering,LC0200A,GE1354,11441,C01
1540,BEng Microelectronics Engineering,LC0200A,GE1354,11444,L03
1540,BEng Microelectronics Engineering,LC0200A,MA1200,11787,CA1
1540,BEng Microelectronics Engineering,LC0200A,MA1200,11791,TA2
1540,BEng Microelectronics Engineering,LC0200A,CS1302,11859,CA1
1540,BEng Microelectronics Engineering,LC0200A,CS1302,11982,LA3
1541,BEng Microelectronics Engineering,LC0200A,EE1001,10617,C01
1541,BEng Microelectronics Engineering,LC0200A,LC0200A,10878,T09
1541,BEng Microelectronics Engineering,LC0200A,EE1001,11161,L02
1541,BEng Microelectronics Engineering,LC0200A,GE1354,11441,C01
1541,BEng Microelectronics Engineering,LC0200A,GE1354,11443,L02
1541,BEng Microelectronics Engineering,LC0200A,MA1200,11784,CF1
1541,BEng Microelectronics Engineering,LC0200A,MA1200,11802,TF1
1541,BEng Microelectronics Engineering,LC0200A,CS1302,11859,CA1
1541,BEng Microelectronics Engineering,LC0200A,CS1302,11863,LA1
1542,BEng Mechanical Engineering,GE1401,GE1401,10683,T06
1542,BEng Mechanical Engineering,GE1401,MA1200,11787,CA1
1542,BEng Mechanical Engineering,GE1401,MA1200,11792,TA3
1542,BEng Mechanical Engineering,GE1401,PHY1101,11832,CA1
1542,BEng Mechanical Engineering,GE1401,PHY1101,11835,TA1
1542,BEng Mechanical Engineering,GE1401,MNE2066,11846,C01
1542,BEng Mechanical Engineering,GE1401,MNE2116,12798,C01
1542,BEng Mechanical Engineering,GE1401,MNE2116,12823,L02
1543,BEng Mechanical Engineering,GE1401,GE1401,10683,T06
1543,BEng Mechanical Engineering,GE1401,MA1200,11787,CA1
1543,BEng Mechanical Engineering,GE1401,MA1200,11792,TA3
1543,BEng Mechanical Engineering,GE1401,PHY1101,11833,CB1
1543,BEng Mechanical Engineering,GE1401,PHY1101,11836,TB1
1543,BEng Mechanical Engineering,GE1401,MNE2066,11846,C01
1543,BEng Mechanical Engineering,GE1401,MNE2116,12798,C01
1543,BEng Mechanical Engineering,GE1401,MNE2116,12823,L02
1544,BEng Mechanical Engineering,GE1401,GE1401,10683,T06
1544,BEng Mechanical Engineering,GE1401,MA1200,11787,CA1
1544,BEng Mechanical Engineering,GE1401,MA1200,11792,TA3
1544,BEng Mechanical Engineering,GE1401,PHY1101,11833,CB1
1544,BEng Mechanical Engineering,GE1401,PHY1101,11836,TB1
1544,BEng Mechanical Engineering,GE1401,MNE2066,11846,C01
1544,BEng Mechanical Engineering,GE1401,MNE2116,12798,C01
1544,BEng Mechanical Engineering,GE1401,MNE2116,12823,L02
1545,BEng Mechanical Engineering,GE1401,MA1200,11788,CC1
1545,BEng Mechanical Engineering,GE1401,MA1200,11793,TC1
1545,BEng Mechanical Engineering,GE1401,PHY1101,11832,CA1
1545,BEng Mechanical Engineering,GE1401,PHY1101,11835,TA1
1545,BEng Mechanical Engineering,GE1401,MNE2066,11846,C01
1545,BEng Mechanical Engineering,GE1401,MNE2116,12798,C01
1545,BEng Mechanical Engineering,GE1401,GE1401,13572,TB1
1545,BEng Mechanical Engineering,GE1401,MNE2116,14946,L03
1546,BEng Mechanical Engineering,GE1401,GE1401,11505,T93
1546,BEng Mechanical Engineering,GE1401,MA1200,11786,CH1
1546,BEng Mechanical Engineering,GE1401,MA1200,11809,TH2
1546,BEng Mechanical Engineering,GE1401,PHY1101,11832,CA1
1546,BEng Mechanical Engineering,GE1401,PHY1101,11835,TA1
1546,BEng Mechanical Engineering,GE1401,MNE2066,11846,C01
1546,BEng Mechanical Engineering,GE1401,MNE2116,14945,LA2
1546,BEng Mechanical Engineering,GE1401,MNE2116,15622,CA1
1547,BEng Mechanical Engineering,GE1401,MA1200,11784,CF1
1547,BEng Mechanical Engineering,GE1401,MA1200,11803,TF2
1547,BEng Mechanical Engineering,GE1401,PHY1101,11832,CA1
1547,BEng Mechanical Engineering,GE1401,PHY1101,11835,TA1
1547,BEng Mechanical Engineering,GE1401,MNE2066,11846,C01
1547,BEng Mechanical Engineering,GE1401,MNE2116,12798,C01
1547,BEng Mechanical Engineering,GE1401,MNE2116,13073,L04
1547,BEng Mechanical Engineering,GE1401,GE1401,13573,TB2
1548,BEng Mechanical Engineering,GE1401,GE1401,10730,T64
1548,BEng Mechanical Engineering,GE1401,MA1200,11786,CH1
1548,BEng Mechanical Engineering,GE1401,MA1200,11809,TH2
1548,BEng Mechanical Engineering,GE1401,PHY1101,11832,CA1
1548,BEng Mechanical Engineering,GE1401,PHY1101,11835,TA1
1548,BEng Mechanical Engineering,GE1401,MNE2066,11846,C01
1548,BEng Mechanical Engineering,GE1401,MNE2116,14945,LA2
1548,BEng Mechanical Engineering,GE1401,MNE2116,15622,CA1
1549,BEng Mechanical Engineering,GE1401,GE1401,10684,T07
1549,BEng Mechanical Engineering,GE1401,MA1200,11786,CH1
1549,BEng Mechanical Engineering,GE1401,MA1200,11809,TH2
1549,BEng Mechanical Engineering,GE1401,PHY1101,11832,CA1
1549,BEng Mechanical Engineering,GE1401,PHY1101,11835,TA1
1549,BEng Mechanical Engineering,GE1401,MNE2066,11846,C01
1549,BEng Mechanical Engineering,GE1401,MNE2116,14945,LA2
1549,BEng Mechanical Engineering,GE1401,MNE2116,15622,CA1
1550,BEng Mechanical Engineering,GE1401,MA1200,11787,CA1
1550,BEng Mechanical Engineering,GE1401,MA1200,11790,TA1
1550,BEng Mechanical Engineering,GE1401,PHY1101,11832,CA1
1550,BEng Mechanical Engineering,GE1401,PHY1101,11835,TA1
1550,BEng Mechanical Engineering,GE1401,MNE2066,11846,C01
1550,BEng Mechanical Engineering,GE1401,MNE2116,14945,LA2
1550,BEng Mechanical Engineering,GE1401,GE1401,15206,TC6
1550,BEng Mechanical Engineering,GE1401,MNE2116,15622,CA1
1551,BEng Mechanical Engineering,GE1401,GE1401,11506,T78
1551,BEng Mechanical Engineering,GE1401,MA1200,11788,CC1
1551,BEng Mechanical Engineering,GE1401,MA1200,11793,TC1
1551,BEng Mechanical Engineering,GE1401,PHY1101,11832,CA1
1551,BEng Mechanical Engineering,GE1401,PHY1101,11835,TA1
1551,BEng Mechanical Engineering,GE1401,MNE2066,11846,C01
1551,BEng Mechanical Engineering,GE1401,MNE2116,12798,C01
1551,BEng Mechanical Engineering,GE1401,MNE2116,14946,L03
1552,BEng Mechanical Engineering,GE1401,MA1200,11785,CG1
1552,BEng Mechanical Engineering,GE1401,MA1200,11806,TG2
1552,BEng Mechanical Engineering,GE1401,PHY1101,11832,CA1
1552,BEng Mechanical Engineering,GE1401,PHY1101,11835,TA1
1552,BEng Mechanical Engineering,GE1401,MNE2066,11846,C01
1552,BEng Mechanical Engineering,GE1401,MNE2116,12798,C01
1552,BEng Mechanical Engineering,GE1401,MNE2116,13073,L04
1552,BEng Mechanical Engineering,GE1401,GE1401,13263,T92
1553,BEng Mechanical Engineering,GE1401,GE1401,10684,T07
1553,BEng Mechanical Engineering,GE1401,MA1200,11786,CH1
1553,BEng Mechanical Engineering,GE1401,MA1200,11809,TH2
1553,BEng Mechanical Engineering,GE1401,PHY1101,11832,CA1
1553,BEng Mechanical Engineering,GE1401,PHY1101,11835,TA1
1553,BEng Mechanical Engineering,GE1401,MNE2066,11846,C01
1553,BEng Mechanical Engineering,GE1401,MNE2116,14945,LA2
1553,BEng Mechanical Engineering,GE1401,MNE2116,15622,CA1
1554,BEng Mechanical Engineering,GE1401,MA1200,11786,CH1
1554,BEng Mechanical Engineering,GE1401,MA1200,11809,TH2
1554,BEng Mechanical Engineering,GE1401,PHY1101,11832,CA1
1554,BEng Mechanical Engineering,GE1401,PHY1101,11835,TA1
1554,BEng Mechanical Engineering,GE1401,MNE2066,11846,C01
1554,BEng Mechanical Engineering,GE1401,MNE2116,12798,C01
1554,BEng Mechanical Engineering,GE1401,MNE2116,12822,L01
1554,BEng Mechanical Engineering,GE1401,GE1401,13574,TB3
1555,BEng Mechanical Engineering,GE1401,GE1401,10693,T16
1555,BEng Mechanical Engineering,GE1401,MA1200,11789,CD1
1555,BEng Mechanical Engineering,GE1401,MA1200,11798,TD3
1555,BEng Mechanical Engineering,GE1401,PHY1101,11832,CA1
1555,BEng Mechanical Engineering,GE1401,PHY1101,11835,TA1
1555,BEng Mechanical Engineering,GE1401,MNE2066,11846,C01
1555,BEng Mechanical Engineering,GE1401,MNE2116,12798,C01
1555,BEng Mechanical Engineering,GE1401,MNE2116,12823,L02
1556,BEng Mechanical Engineering,GE1401,GE1401,11495,T77
1556,BEng Mechanical Engineering,GE1401,MA1200,11785,CG1
1556,BEng Mechanical Engineering,GE1401,MA1200,11806,TG2
1556,BEng Mechanical Engineering,GE1401,PHY1101,11832,CA1
1556,BEng Mechanical Engineering,GE1401,PHY1101,11835,TA1
1556,BEng Mechanical Engineering,GE1401,MNE2066,11846,C01
1556,BEng Mechanical Engineering,GE1401,MNE2116,12798,C01
1556,BEng Mechanical Engineering,GE1401,MNE2116,13073,L04
1557,BEng Mechanical Engineering,GE1401,GE1401,10684,T07
1557,BEng Mechanical Engineering,GE1401,MA1200,11786,CH1
1557,BEng Mechanical Engineering,GE1401,MA1200,11809,TH2
1557,BEng Mechanical Engineering,GE1401,PHY1101,11832,CA1
1557,BEng Mechanical Engineering,GE1401,PHY1101,11835,TA1
1557,BEng Mechanical Engineering,GE1401,MNE2066,11846,C01
1557,BEng Mechanical Engineering,GE1401,MNE2116,14945,LA2
1557,BEng Mechanical Engineering,GE1401,MNE2116,15622,CA1
1558,BEng Mechanical Engineering,GE1401,GE1401,10693,T16
1558,BEng Mechanical Engineering,GE1401,MA1200,11788,CC1
1558,BEng Mechanical Engineering,GE1401,MA1200,11795,TC3
1558,BEng Mechanical Engineering,GE1401,PHY1101,11832,CA1
1558,BEng Mechanical Engineering,GE1401,PHY1101,11835,TA1
1558,BEng Mechanical Engineering,GE1401,MNE2066,11846,C01
1558,BEng Mechanical Engineering,GE1401,MNE2116,12798,C01
1558,BEng Mechanical Engineering,GE1401,MNE2116,12823,L02
1559,BEng Mechanical Engineering,GE1401,GE1401,10693,T16
1559,BEng Mechanical Engineering,GE1401,MA1200,11787,CA1
1559,BEng Mechanical Engineering,GE1401,MA1200,11792,TA3
1559,BEng Mechanical Engineering,GE1401,PHY1101,11832,CA1
1559,BEng Mechanical Engineering,GE1401,PHY1101,11835,TA1
1559,BEng Mechanical Engineering,GE1401,MNE2066,11846,C01
1559,BEng Mechanical Engineering,GE1401,MNE2116,12798,C01
1559,BEng Mechanical Engineering,GE1401,MNE2116,12823,L02
1560,BEng Mechanical Engineering,GE1401,GE1401,10693,T16
1560,BEng Mechanical Engineering,GE1401,MA1200,11787,CA1
1560,BEng Mechanical Engineering,GE1401,MA1200,11792,TA3
1560,BEng Mechanical Engineering,GE1401,PHY1101,11832,CA1
1560,BEng Mechanical Engineering,GE1401,PHY1101,11835,TA1
1560,BEng Mechanical Engineering,GE1401,MNE2066,11846,C01
1560,BEng Mechanical Engineering,GE1401,MNE2116,12798,C01
1560,BEng Mechanical Engineering,GE1401,MNE2116,12823,L02
1561,BEng Mechanical Engineering,GE1401,MA1200,11786,CH1
1561,BEng Mechanical Engineering,GE1401,MA1200,11809,TH2
1561,BEng Mechanical Engineering,GE1401,PHY1101,11832,CA1
1561,BEng Mechanical Engineering,GE1401,PHY1101,11835,TA1
1561,BEng Mechanical Engineering,GE1401,MNE2066,11846,C01
1561,BEng Mechanical Engineering,GE1401,MNE2116,12798,C01
1561,BEng Mechanical Engineering,GE1401,MNE2116,12822,L01
1561,BEng Mechanical Engineering,GE1401,GE1401,13574,TB3
1562,BEng Mechanical Engineering,GE1401,GE1401,11495,T77
1562,BEng Mechanical Engineering,GE1401,MA1200,11785,CG1
1562,BEng Mechanical Engineering,GE1401,MA1200,11806,TG2
1562,BEng Mechanical Engineering,GE1401,PHY1101,11832,CA1
1562,BEng Mechanical Engineering,GE1401,PHY1101,11835,TA1
1562,BEng Mechanical Engineering,GE1401,MNE2066,11846,C01
1562,BEng Mechanical Engineering,GE1401,MNE2116,12798,C01
1562,BEng Mechanical Engineering,GE1401,MNE2116,13073,L04
1563,BEng Mechanical Engineering,GE1401,GE1401,10729,T63
1563,BEng Mechanical Engineering,GE1401,MA1200,11787,CA1
1563,BEng Mechanical Engineering,GE1401,MA1200,11790,TA1
1563,BEng Mechanical Engineering,GE1401,PHY1101,11832,CA1
1563,BEng Mechanical Engineering,GE1401,PHY1101,11835,TA1
1563,BEng Mechanical Engineering,GE1401,MNE2066,11846,C01
1563,BEng Mechanical Engineering,GE1401,MNE2116,12798,C01
1563,BEng Mechanical Engineering,GE1401,MNE2116,14946,L03
1564,BEng Mechanical Engineering,GE1401,GE1401,11495,T77
1564,BEng Mechanical Engineering,GE1401,MA1200,11785,CG1
1564,BEng Mechanical Engineering,GE1401,MA1200,11806,TG2
1564,BEng Mechanical Engineering,GE1401,PHY1101,11832,CA1
1564,BEng Mechanical Engineering,GE1401,PHY1101,11835,TA1
1564,BEng Mechanical Engineering,GE1401,MNE2066,11846,C01
1564,BEng Mechanical Engineering,GE1401,MNE2116,12798,C01
1564,BEng Mechanical Engineering,GE1401,MNE2116,13073,L04
1565,BEng Mechanical Engineering,GE1401,GE1401,11495,T77
1565,BEng Mechanical Engineering,GE1401,MA1200,11784,CF1
1565,BEng Mechanical Engineering,GE1401,MA1200,11803,TF2
1565,BEng Mechanical Engineering,GE1401,PHY1101,11832,CA1
1565,BEng Mechanical Engineering,GE1401,PHY1101,11835,TA1
1565,BEng Mechanical Engineering,GE1401,MNE2066,11846,C01
1565,BEng Mechanical Engineering,GE1401,MNE2116,12798,C01
1565,BEng Mechanical Engineering,GE1401,MNE2116,13073,L04
1566,BEng Mechanical Engineering,GE1401,MA1200,11788,CC1
1566,BEng Mechanical Engineering,GE1401,MA1200,11793,TC1
1566,BEng Mechanical Engineering,GE1401,PHY1101,11832,CA1
1566,BEng Mechanical Engineering,GE1401,PHY1101,11835,TA1
1566,BEng Mechanical Engineering,GE1401,MNE2066,11846,C01
1566,BEng Mechanical Engineering,GE1401,MNE2116,12798,C01
1566,BEng Mechanical Engineering,GE1401,GE1401,13572,TB1
1566,BEng Mechanical Engineering,GE1401,MNE2116,14946,L03
1567,BEng Mechanical Engineering,GE1401,GE1401,10683,T06
1567,BEng Mechanical Engineering,GE1401,MA1200,11787,CA1
1567,BEng Mechanical Engineering,GE1401,MA1200,11792,TA3
1567,BEng Mechanical Engineering,GE1401,PHY1101,11833,CB1
1567,BEng Mechanical Engineering,GE1401,PHY1101,11836,TB1
1567,BEng Mechanical Engineering,GE1401,MNE2066,11846,C01
1567,BEng Mechanical Engineering,GE1401,MNE2116,12798,C01
1567,BEng Mechanical Engineering,GE1401,MNE2116,12823,L02
1568,BEng Mechanical Engineering,GE1401,MA1200,11787,CA1
1568,BEng Mechanical Engineering,GE1401,MA1200,11790,TA1
1568,BEng Mechanical Engineering,GE1401,PHY1101,11832,CA1
1568,BEng Mechanical Engineering,GE1401,PHY1101,11835,TA1
1568,BEng Mechanical Engineering,GE1401,MNE2066,11846,C01
1568,BEng Mechanical Engineering,GE1401,MNE2116,14945,LA2
1568,BEng Mechanical Engineering,GE1401,GE1401,15206,TC6
1568,BEng Mechanical Engineering,GE1401,MNE2116,15622,CA1
1569,BEng Mechanical Engineering,GE1401,GE1401,11506,T78
1569,BEng Mechanical Engineering,GE1401,MA1200,11788,CC1
1569,BEng Mechanical Engineering,GE1401,MA1200,11793,TC1
1569,BEng Mechanical Engineering,GE1401,PHY1101,11832,CA1
1569,BEng Mechanical Engineering,GE1401,PHY1101,11835,TA1
1569,BEng Mechanical Engineering,GE1401,MNE2066,11846,C01
1569,BEng Mechanical Engineering,GE1401,MNE2116,12798,C01
1569,BEng Mechanical Engineering,GE1401,MNE2116,14946,L03
1570,BEng Mechanical Engineering,GE1401,MA1200,11784,CF1
1570,BEng Mechanical Engineering,GE1401,MA1200,11803,TF2
1570,BEng Mechanical Engineering,GE1401,PHY1101,11832,CA1
1570,BEng Mechanical Engineering,GE1401,PHY1101,11835,TA1
1570,BEng Mechanical Engineering,GE1401,MNE2066,11846,C01
1570,BEng Mechanical Engineering,GE1401,MNE2116,12798,C01
1570,BEng Mechanical Engineering,GE1401,MNE2116,13073,L04
1570,BEng Mechanical Engineering,GE1401,GE1401,13573,TB2
1571,BEng Mechanical Engineering,GE1401,GE1401,10730,T64
1571,BEng Mechanical Engineering,GE1401,MA1200,11786,CH1
1571,BEng Mechanical Engineering,GE1401,MA1200,11809,TH2
1571,BEng Mechanical Engineering,GE1401,PHY1101,11832,CA1
1571,BEng Mechanical Engineering,GE1401,PHY1101,11835,TA1
1571,BEng Mechanical Engineering,GE1401,MNE2066,11846,C01
1571,BEng Mechanical Engineering,GE1401,MNE2116,12798,C01
1571,BEng Mechanical Engineering,GE1401,MNE2116,12822,L01
1572,BEng Mechanical Engineering,GE1401,MA1200,11788,CC1
1572,BEng Mechanical Engineering,GE1401,MA1200,11793,TC1
1572,BEng Mechanical Engineering,GE1401,PHY1101,11832,CA1
1572,BEng Mechanical Engineering,GE1401,PHY1101,11835,TA1
1572,BEng Mechanical Engineering,GE1401,MNE2066,11846,C01
1572,BEng Mechanical Engineering,GE1401,MNE2116,12798,C01
1572,BEng Mechanical Engineering,GE1401,GE1401,13572,TB1
1572,BEng Mechanical Engineering,GE1401,MNE2116,14946,L03
1573,BEng Mechanical Engineering,GE1401,GE1401,10693,T16
1573,BEng Mechanical Engineering,GE1401,MA1200,11788,CC1
1573,BEng Mechanical Engineering,GE1401,MA1200,11795,TC3
1573,BEng Mechanical Engineering,GE1401,PHY1101,11832,CA1
1573,BEng Mechanical Engineering,GE1401,PHY1101,11835,TA1
1573,BEng Mechanical Engineering,GE1401,MNE2066,11846,C01
1573,BEng Mechanical Engineering,GE1401,MNE2116,12798,C01
1573,BEng Mechanical Engineering,GE1401,MNE2116,12823,L02
1574,BEng Mechanical Engineering,GE1401,MA1200,11785,CG1
1574,BEng Mechanical Engineering,GE1401,MA1200,11806,TG2
1574,BEng Mechanical Engineering,GE1401,PHY1101,11832,CA1
1574,BEng Mechanical Engineering,GE1401,PHY1101,11835,TA1
1574,BEng Mechanical Engineering,GE1401,MNE2066,11846,C01
1574,BEng Mechanical Engineering,GE1401,MNE2116,12798,C01
1574,BEng Mechanical Engineering,GE1401,MNE2116,13073,L04
1574,BEng Mechanical Engineering,GE1401,GE1401,13263,T92
1575,BEng Mechanical Engineering,GE1401,GE1401,10683,T06
1575,BEng Mechanical Engineering,GE1401,MA1200,11787,CA1
1575,BEng Mechanical Engineering,GE1401,MA1200,11792,TA3
1575,BEng Mechanical Engineering,GE1401,PHY1101,11832,CA1
1575,BEng Mechanical Engineering,GE1401,PHY1101,11835,TA1
1575,BEng Mechanical Engineering,GE1401,MNE2066,11846,C01
1575,BEng Mechanical Engineering,GE1401,MNE2116,12798,C01
1575,BEng Mechanical Engineering,GE1401,MNE2116,12823,L02
1576,BEng Mechanical Engineering,GE1401,GE1401,10693,T16
1576,BEng Mechanical Engineering,GE1401,MA1200,11788,CC1
1576,BEng Mechanical Engineering,GE1401,MA1200,11795,TC3
1576,BEng Mechanical Engineering,GE1401,PHY1101,11832,CA1
1576,BEng Mechanical Engineering,GE1401,PHY1101,11835,TA1
1576,BEng Mechanical Engineering,GE1401,MNE2066,11846,C01
1576,BEng Mechanical Engineering,GE1401,MNE2116,12798,C01
1576,BEng Mechanical Engineering,GE1401,MNE2116,12823,L02
1577,BEng Mechanical Engineering,GE1401,MA1200,11785,CG1
1577,BEng Mechanical Engineering,GE1401,MA1200,11806,TG2
1577,BEng Mechanical Engineering,GE1401,PHY1101,11832,CA1
1577,BEng Mechanical Engineering,GE1401,PHY1101,11835,TA1
1577,BEng Mechanical Engineering,GE1401,MNE2066,11846,C01
1577,BEng Mechanical Engineering,GE1401,MNE2116,12798,C01
1577,BEng Mechanical Engineering,GE1401,MNE2116,13073,L04
1577,BEng Mechanical Engineering,GE1401,GE1401,13573,TB2
1578,BEng Mechanical Engineering,GE1401,MA1200,11785,CG1
1578,BEng Mechanical Engineering,GE1401,MA1200,11806,TG2
1578,BEng Mechanical Engineering,GE1401,PHY1101,11832,CA1
1578,BEng Mechanical Engineering,GE1401,PHY1101,11835,TA1
1578,BEng Mechanical Engineering,GE1401,MNE2066,11846,C01
1578,BEng Mechanical Engineering,GE1401,MNE2116,12798,C01
1578,BEng Mechanical Engineering,GE1401,MNE2116,13073,L04
1578,BEng Mechanical Engineering,GE1401,GE1401,13263,T92
1579,BEng Mechanical Engineering,GE1401,MA1200,11789,CD1
1579,BEng Mechanical Engineering,GE1401,MA1200,11798,TD3
1579,BEng Mechanical Engineering,GE1401,PHY1101,11832,CA1
1579,BEng Mechanical Engineering,GE1401,PHY1101,11835,TA1
1579,BEng Mechanical Engineering,GE1401,MNE2066,11846,C01
1579,BEng Mechanical Engineering,GE1401,GE1401,12119,T18
1579,BEng Mechanical Engineering,GE1401,MNE2116,14945,LA2
1579,BEng Mechanical Engineering,GE1401,MNE2116,15622,CA1
1580,BEng Mechanical Engineering,GE1401,GE1401,10704,T29
1580,BEng Mechanical Engineering,GE1401,MA1200,11789,CD1
1580,BEng Mechanical Engineering,GE1401,MA1200,11798,TD3
1580,BEng Mechanical Engineering,GE1401,PHY1101,11832,CA1
1580,BEng Mechanical Engineering,GE1401,PHY1101,11835,TA1
1580,BEng Mechanical Engineering,GE1401,MNE2066,11846,C01
1580,BEng Mechanical Engineering,GE1401,MNE2116,12798,C01
1580,BEng Mechanical Engineering,GE1401,MNE2116,12823,L02
1581,BEng Mechanical Engineering,LC0200A,LC0200A,10863,T03
1581,BEng Mechanical Engineering,LC0200A,MA1200,11787,CA1
1581,BEng Mechanical Engineering,LC0200A,MA1200,11790,TA1
1581,BEng Mechanical Engineering,LC0200A,PHY1101,11832,CA1
1581,BEng Mechanical Engineering,LC0200A,PHY1101,11835,TA1
1581,BEng Mechanical Engineering,LC0200A,MNE2066,11846,C01
1581,BEng Mechanical Engineering,LC0200A,MNE2116,14945,LA2
1581,BEng Mechanical Engineering,LC0200A,MNE2116,15622,CA1
1582,BEng Mechanical Engineering,LC0200A,LC0200A,10889,T21
1582,BEng Mechanical Engineering,LC0200A,MA1200,11787,CA1
1582,BEng Mechanical Engineering,LC0200A,MA1200,11790,TA1
1582,BEng Mechanical Engineering,LC0200A,PHY1101,11832,CA1
1582,BEng Mechanical Engineering,LC0200A,PHY1101,11835,TA1
1582,BEng Mechanical Engineering,LC0200A,MNE2066,11846,C01
1582,BEng Mechanical Engineering,LC0200A,MNE2116,14945,LA2
1582,BEng Mechanical Engineering,LC0200A,MNE2116,15622,CA1
1583,BEng Mechanical Engineering,LC0200A,MA1200,11788,CC1
1583,BEng Mechanical Engineering,LC0200A,MA1200,11793,TC1
1583,BEng Mechanical Engineering,LC0200A,PHY1101,11832,CA1
1583,BEng Mechanical Engineering,LC0200A,PHY1101,11835,TA1
1583,BEng Mechanical Engineering,LC0200A,MNE2066,11846,C01
1583,BEng Mechanical Engineering,LC0200A,LC0200A,12320,T38
1583,BEng Mechanical Engineering,LC0200A,MNE2116,12798,C01
1583,BEng Mechanical Engineering,LC0200A,MNE2116,14946,L03
1584,BEng Mechanical Engineering,LC0200A,LC0200A,10883,T14
1584,BEng Mechanical Engineering,LC0200A,MA1200,11788,CC1
1584,BEng Mechanical Engineering,LC0200A,MA1200,11795,TC3
1584,BEng Mechanical Engineering,LC0200A,PHY1101,11832,CA1
1584,BEng Mechanical Engineering,LC0200A,PHY1101,11835,TA1
1584,BEng Mechanical Engineering,LC0200A,MNE2066,11846,C01
1584,BEng Mechanical Engineering,LC0200A,MNE2116,12798,C01
1584,BEng Mechanical Engineering,LC0200A,MNE2116,12823,L02
1585,BEng Mechanical Engineering,LC0200A,LC0200A,10863,T03
1585,BEng Mechanical Engineering,LC0200A,MA1200,11787,CA1
1585,BEng Mechanical Engineering,LC0200A,MA1200,11790,TA1
1585,BEng Mechanical Engineering,LC0200A,PHY1101,11832,CA1
1585,BEng Mechanical Engineering,LC0200A,PHY1101,11835,TA1
1585,BEng Mechanical Engineering,LC0200A,MNE2066,11846,C01
1585,BEng Mechanical Engineering,LC0200A,MNE2116,14945,LA2
1585,BEng Mechanical Engineering,LC0200A,MNE2116,15622,CA1
1586,BEng Mechanical Engineering,LC0200A,LC0200A,11170,T32
1586,BEng Mechanical Engineering,LC0200A,MA1200,11789,CD1
1586,BEng Mechanical Engineering,LC0200A,MA1200,11798,TD3
1586,BEng Mechanical Engineering,LC0200A,PHY1101,11832,CA1
1586,BEng Mechanical Engineering,LC0200A,PHY1101,11835,TA1
1586,BEng Mechanical Engineering,LC0200A,MNE2066,11846,C01
1586,BEng Mechanical Engineering,LC0200A,MNE2116,12798,C01
1586,BEng Mechanical Engineering,LC0200A,MNE2116,12823,L02
1587,BEng Mechanical Engineering,LC0200A,LC0200A,10883,T14
1587,BEng Mechanical Engineering,LC0200A,MA1200,11787,CA1
1587,BEng Mechanical Engineering,LC0200A,MA1200,11792,TA3
1587,BEng Mechanical Engineering,LC0200A,PHY1101,11832,CA1
1587,BEng Mechanical Engineering,LC0200A,PHY1101,11835,TA1
1587,BEng Mechanical Engineering,LC0200A,MNE2066,11846,C01
1587,BEng Mechanical Engineering,LC0200A,MNE2116,12798,C01
1587,BEng Mechanical Engineering,LC0200A,MNE2116,12823,L02
1588,BEng Mechanical Engineering,LC0200A,LC0200A,10883,T14
1588,BEng Mechanical Engineering,LC0200A,MA1200,11787,CA1
1588,BEng Mechanical Engineering,LC0200A,MA1200,11792,TA3
1588,BEng Mechanical Engineering,LC0200A,PHY1101,11833,CB1
1588,BEng Mechanical Engineering,LC0200A,PHY1101,11836,TB1
1588,BEng Mechanical Engineering,LC0200A,MNE2066,11846,C01
1588,BEng Mechanical Engineering,LC0200A,MNE2116,12798,C01
1588,BEng Mechanical Engineering,LC0200A,MNE2116,12823,L02
1589,BEng Mechanical Engineering,LC0200A,LC0200A,10883,T14
1589,BEng Mechanical Engineering,LC0200A,MA1200,11787,CA1
1589,BEng Mechanical Engineering,LC0200A,MA1200,11792,TA3
1589,BEng Mechanical Engineering,LC0200A,PHY1101,11832,CA1
1589,BEng Mechanical Engineering,LC0200A,PHY1101,11835,TA1
1589,BEng Mechanical Engineering,LC0200A,MNE2066,11846,C01
1589,BEng Mechanical Engineering,LC0200A,MNE2116,12798,C01
1589,BEng Mechanical Engineering,LC0200A,MNE2116,12823,L02
1590,BEng Mechanical Engineering,LC0200A,LC0200A,10889,T21
1590,BEng Mechanical Engineering,LC0200A,MA1200,11787,CA1
1590,BEng Mechanical Engineering,LC0200A,MA1200,11790,TA1
1590,BEng Mechanical Engineering,LC0200A,PHY1101,11832,CA1
1590,BEng Mechanical Engineering,LC0200A,PHY1101,11835,TA1
1590,BEng Mechanical Engineering,LC0200A,MNE2066,11846,C01
1590,BEng Mechanical Engineering,LC0200A,MNE2116,14945,LA2
1590,BEng Mechanical Engineering,LC0200A,MNE2116,15622,CA1
1591,BEng Mechanical Engineering,LC0200A,MA1200,11789,CD1
1591,BEng Mechanical Engineering,LC0200A,MA1200,11798,TD3
1591,BEng Mechanical Engineering,LC0200A,PHY1101,11832,CA1
1591,BEng Mechanical Engineering,LC0200A,PHY1101,11835,TA1
1591,BEng Mechanical Engineering,LC0200A,MNE2066,11846,C01
1591,BEng Mechanical Engineering,LC0200A,LC0200A,12333,T40
1591,BEng Mechanical Engineering,LC0200A,MNE2116,13686,LA1
1591,BEng Mechanical Engineering,LC0200A,MNE2116,15622,CA1
1592,BEng Mechanical Engineering,LC0200A,LC0200A,11170,T32
1592,BEng Mechanical Engineering,LC0200A,MA1200,11789,CD1
1592,BEng Mechanical Engineering,LC0200A,MA1200,11798,TD3
1592,BEng Mechanical Engineering,LC0200A,PHY1101,11832,CA1
1592,BEng Mechanical Engineering,LC0200A,PHY1101,11835,TA1
1592,BEng Mechanical Engineering,LC0200A,MNE2066,11846,C01
1592,BEng Mechanical Engineering,LC0200A,MNE2116,12798,C01
1592,BEng Mechanical Engineering,LC0200A,MNE2116,12823,L02
1593,BEng Mechanical Engineering,LC0200A,LC0200A,10883,T14
1593,BEng Mechanical Engineering,LC0200A,MA1200,11787,CA1
1593,BEng Mechanical Engineering,LC0200A,MA1200,11792,TA3
1593,BEng Mechanical Engineering,LC0200A,PHY1101,11832,CA1
1593,BEng Mechanical Engineering,LC0200A,PHY1101,11835,TA1
1593,BEng Mechanical Engineering,LC0200A,MNE2066,11846,C01
1593,BEng Mechanical Engineering,LC0200A,MNE2116,12798,C01
1593,BEng Mechanical Engineering,LC0200A,MNE2116,12823,L02
1594,BEng Mechanical Engineering,LC0200A,LC0200A,10895,T27
1594,BEng Mechanical Engineering,LC0200A,MA1200,11786,CH1
1594,BEng Mechanical Engineering,LC0200A,MA1200,11809,TH2
1594,BEng Mechanical Engineering,LC0200A,PHY1101,11832,CA1
1594,BEng Mechanical Engineering,LC0200A,PHY1101,11835,TA1
1594,BEng Mechanical Engineering,LC0200A,MNE2066,11846,C01
1594,BEng Mechanical Engineering,LC0200A,MNE2116,14945,LA2
1594,BEng Mechanical Engineering,LC0200A,MNE2116,15622,CA1
1595,BEng Mechanical Engineering,LC0200A,LC0200A,10883,T14
1595,BEng Mechanical Engineering,LC0200A,MA1200,11788,CC1
1595,BEng Mechanical Engineering,LC0200A,MA1200,11795,TC3
1595,BEng Mechanical Engineering,LC0200A,PHY1101,11832,CA1
1595,BEng Mechanical Engineering,LC0200A,PHY1101,11835,TA1
1595,BEng Mechanical Engineering,LC0200A,MNE2066,11846,C01
1595,BEng Mechanical Engineering,LC0200A,MNE2116,12798,C01
1595,BEng Mechanical Engineering,LC0200A,MNE2116,12823,L02
1596,BEng Mechanical Engineering,LC0200A,LC0200A,10897,T29
1596,BEng Mechanical Engineering,LC0200A,MA1200,11786,CH1
1596,BEng Mechanical Engineering,LC0200A,MA1200,11809,TH2
1596,BEng Mechanical Engineering,LC0200A,PHY1101,11832,CA1
1596,BEng Mechanical Engineering,LC0200A,PHY1101,11835,TA1
1596,BEng Mechanical Engineering,LC0200A,MNE2066,11846,C01
1596,BEng Mechanical Engineering,LC0200A,MNE2116,12798,C01
1596,BEng Mechanical Engineering,LC0200A,MNE2116,13073,L04
1597,BEng Mechanical Engineering,LC0200A,MA1200,11787,CA1
1597,BEng Mechanical Engineering,LC0200A,MA1200,11790,TA1
1597,BEng Mechanical Engineering,LC0200A,PHY1101,11832,CA1
1597,BEng Mechanical Engineering,LC0200A,PHY1101,11835,TA1
1597,BEng Mechanical Engineering,LC0200A,MNE2066,11846,C01
1597,BEng Mechanical Engineering,LC0200A,LC0200A,12320,T38
1597,BEng Mechanical Engineering,LC0200A,MNE2116,14945,LA2
1597,BEng Mechanical Engineering,LC0200A,MNE2116,15622,CA1
1598,BEng Aerospace Engineering,GE1401,GE1401,10701,T25
1598,BEng Aerospace Engineering,GE1401,MA1200,11789,CD1
1598,BEng Aerospace Engineering,GE1401,MA1200,11798,TD3
1598,BEng Aerospace Engineering,GE1401,PHY1101,11832,CA1
1598,BEng Aerospace Engineering,GE1401,PHY1101,11835,TA1
1598,BEng Aerospace Engineering,GE1401,MNE2066,11846,C01
1598,BEng Aerospace Engineering,GE1401,MNE2116,12798,C01
1598,BEng Aerospace Engineering,GE1401,MNE2116,13073,L04
1599,BEng Aerospace Engineering,GE1401,GE1401,10684,T07
1599,BEng Aerospace Engineering,GE1401,MA1200,11786,CH1
1599,BEng Aerospace Engineering,GE1401,MA1200,11809,TH2
1599,BEng Aerospace Engineering,GE1401,PHY1101,11832,CA1
1599,BEng Aerospace Engineering,GE1401,PHY1101,11835,TA1
1599,BEng Aerospace Engineering,GE1401,MNE2066,11846,C01
1599,BEng Aerospace Engineering,GE1401,MNE2116,14945,LA2
1599,BEng Aerospace Engineering,GE1401,MNE2116,15622,CA1
1600,BEng Aerospace Engineering,GE1401,MA1200,11789,CD1
1600,BEng Aerospace Engineering,GE1401,MA1200,11798,TD3
1600,BEng Aerospace Engineering,GE1401,PHY1101,11832,CA1
1600,BEng Aerospace Engineering,GE1401,PHY1101,11835,TA1
1600,BEng Aerospace Engineering,GE1401,MNE2066,11846,C01
1600,BEng Aerospace Engineering,GE1401,GE1401,12119,T18
1600,BEng Aerospace Engineering,GE1401,MNE2116,14945,LA2
1600,BEng Aerospace Engineering,GE1401,MNE2116,15622,CA1
1601,BEng Aerospace Engineering,GE1401,GE1401,10683,T06
1601,BEng Aerospace Engineering,GE1401,MA1200,11787,CA1
1601,BEng Aerospace Engineering,GE1401,MA1200,11792,TA3
1601,BEng Aerospace Engineering,GE1401,PHY1101,11832,CA1
1601,BEng Aerospace Engineering,GE1401,PHY1101,11835,TA1
1601,BEng Aerospace Engineering,GE1401,MNE2066,11846,C01
1601,BEng Aerospace Engineering,GE1401,MNE2116,12798,C01
1601,BEng Aerospace Engineering,GE1401,MNE2116,12823,L02
1602,BEng Aerospace Engineering,GE1401,GE1401,10684,T07
1602,BEng Aerospace Engineering,GE1401,MA1200,11786,CH1
1602,BEng Aerospace Engineering,GE1401,MA1200,11809,TH2
1602,BEng Aerospace Engineering,GE1401,PHY1101,11832,CA1
1602,BEng Aerospace Engineering,GE1401,PHY1101,11835,TA1
1602,BEng Aerospace Engineering,GE1401,MNE2066,11846,C01
1602,BEng Aerospace Engineering,GE1401,MNE2116,14945,LA2
1602,BEng Aerospace Engineering,GE1401,MNE2116,15622,CA1
1603,BEng Aerospace Engineering,GE1401,GE1401,10693,T16
1603,BEng Aerospace Engineering,GE1401,MA1200,11788,CC1
1603,BEng Aerospace Engineering,GE1401,MA1200,11795,TC3
1603,BEng Aerospace Engineering,GE1401,PHY1101,11832,CA1
1603,BEng Aerospace Engineering,GE1401,PHY1101,11835,TA1
1603,BEng Aerospace Engineering,GE1401,MNE2066,11846,C01
1603,BEng Aerospace Engineering,GE1401,MNE2116,12798,C01
1603,BEng Aerospace Engineering,GE1401,MNE2116,12823,L02
1604,BEng Aerospace Engineering,GE1401,GE1401,10704,T29
1604,BEng Aerospace Engineering,GE1401,MA1200,11787,CA1
1604,BEng Aerospace Engineering,GE1401,MA1200,11790,TA1
1604,BEng Aerospace Engineering,GE1401,PHY1101,11832,CA1
1604,BEng Aerospace Engineering,GE1401,PHY1101,11835,TA1
1604,BEng Aerospace Engineering,GE1401,MNE2066,11846,C01
1604,BEng Aerospace Engineering,GE1401,MNE2116,12798,C01
1604,BEng Aerospace Engineering,GE1401,MNE2116,13073,L04
1605,BEng Aerospace Engineering,GE1401,MA1200,11785,CG1
1605,BEng Aerospace Engineering,GE1401,MA1200,11806,TG2
1605,BEng Aerospace Engineering,GE1401,PHY1101,11832,CA1
1605,BEng Aerospace Engineering,GE1401,PHY1101,11835,TA1
1605,BEng Aerospace Engineering,GE1401,MNE2066,11846,C01
1605,BEng Aerospace Engineering,GE1401,MNE2116,12798,C01
1605,BEng Aerospace Engineering,GE1401,MNE2116,13073,L04
1605,BEng Aerospace Engineering,GE1401,GE1401,15183,TC4
1606,BEng Aerospace Engineering,GE1401,MA1200,11785,CG1
1606,BEng Aerospace Engineering,GE1401,MA1200,11806,TG2
1606,BEng Aerospace Engineering,GE1401,PHY1101,11832,CA1
1606,BEng Aerospace Engineering,GE1401,PHY1101,11835,TA1
1606,BEng Aerospace Engineering,GE1401,MNE2066,11846,C01
1606,BEng Aerospace Engineering,GE1401,MNE2116,12798,C01
1606,BEng Aerospace Engineering,GE1401,MNE2116,13073,L04
1606,BEng Aerospace Engineering,GE1401,GE1401,13263,T92
1607,BEng Aerospace Engineering,GE1401,GE1401,11505,T93
1607,BEng Aerospace Engineering,GE1401,MA1200,11785,CG1
1607,BEng Aerospace Engineering,GE1401,MA1200,11806,TG2
1607,BEng Aerospace Engineering,GE1401,PHY1101,11832,CA1
1607,BEng Aerospace Engineering,GE1401,PHY1101,11835,TA1
1607,BEng Aerospace Engineering,GE1401,MNE2066,11846,C01
1607,BEng Aerospace Engineering,GE1401,MNE2116,14945,LA2
1607,BEng Aerospace Engineering,GE1401,MNE2116,15622,CA1
1608,BEng Aerospace Engineering,GE1401,GE1401,10683,T06
1608,BEng Aerospace Engineering,GE1401,MA1200,11787,CA1
1608,BEng Aerospace Engineering,GE1401,MA1200,11792,TA3
1608,BEng Aerospace Engineering,GE1401,PHY1101,11832,CA1
1608,BEng Aerospace Engineering,GE1401,PHY1101,11835,TA1
1608,BEng Aerospace Engineering,GE1401,MNE2066,11846,C01
1608,BEng Aerospace Engineering,GE1401,MNE2116,12798,C01
1608,BEng Aerospace Engineering,GE1401,MNE2116,12823,L02
1609,BEng Aerospace Engineering,GE1401,GE1401,10693,T16
1609,BEng Aerospace Engineering,GE1401,MA1200,11788,CC1
1609,BEng Aerospace Engineering,GE1401,MA1200,11795,TC3
1609,BEng Aerospace Engineering,GE1401,PHY1101,11832,CA1
1609,BEng Aerospace Engineering,GE1401,PHY1101,11835,TA1
1609,BEng Aerospace Engineering,GE1401,MNE2066,11846,C01
1609,BEng Aerospace Engineering,GE1401,MNE2116,12798,C01
1609,BEng Aerospace Engineering,GE1401,MNE2116,12823,L02
1610,BEng Aerospace Engineering,GE1401,MA1200,11786,CH1
1610,BEng Aerospace Engineering,GE1401,MA1200,11809,TH2
1610,BEng Aerospace Engineering,GE1401,PHY1101,11832,CA1
1610,BEng Aerospace Engineering,GE1401,PHY1101,11835,TA1
1610,BEng Aerospace Engineering,GE1401,MNE2066,11846,C01
1610,BEng Aerospace Engineering,GE1401,GE1401,12127,T84
1610,BEng Aerospace Engineering,GE1401,MNE2116,12798,C01
1610,BEng Aerospace Engineering,GE1401,MNE2116,12822,L01
1611,BEng Aerospace Engineering,GE1401,MA1200,11786,CH1
1611,BEng Aerospace Engineering,GE1401,MA1200,11809,TH2
1611,BEng Aerospace Engineering,GE1401,PHY1101,11832,CA1
1611,BEng Aerospace Engineering,GE1401,PHY1101,11835,TA1
1611,BEng Aerospace Engineering,GE1401,MNE2066,11846,C01
1611,BEng Aerospace Engineering,GE1401,GE1401,12127,T84
1611,BEng Aerospace Engineering,GE1401,MNE2116,12798,C01
1611,BEng Aerospace Engineering,GE1401,MNE2116,12822,L01
1612,BEng Aerospace Engineering,GE1401,MA1200,11786,CH1
1612,BEng Aerospace Engineering,GE1401,MA1200,11809,TH2
1612,BEng Aerospace Engineering,GE1401,PHY1101,11832,CA1
1612,BEng Aerospace Engineering,GE1401,PHY1101,11835,TA1
1612,BEng Aerospace Engineering,GE1401,MNE2066,11846,C01
1612,BEng Aerospace Engineering,GE1401,GE1401,12127,T84
1612,BEng Aerospace Engineering,GE1401,MNE2116,12798,C01
1612,BEng Aerospace Engineering,GE1401,MNE2116,12822,L01
1613,BEng Aerospace Engineering,GE1401,MA1200,11785,CG1
1613,BEng Aerospace Engineering,GE1401,MA1200,11806,TG2
1613,BEng Aerospace Engineering,GE1401,PHY1101,11832,CA1
1613,BEng Aerospace Engineering,GE1401,PHY1101,11835,TA1
1613,BEng Aerospace Engineering,GE1401,MNE2066,11846,C01
1613,BEng Aerospace Engineering,GE1401,MNE2116,12798,C01
1613,BEng Aerospace Engineering,GE1401,MNE2116,13073,L04
1613,BEng Aerospace Engineering,GE1401,GE1401,15183,TC4
1614,BEng Aerospace Engineering,GE1401,GE1401,10683,T06
1614,BEng Aerospace Engineering,GE1401,MA1200,11787,CA1
1614,BEng Aerospace Engineering,GE1401,MA1200,11792,TA3
1614,BEng Aerospace Engineering,GE1401,PHY1101,11832,CA1
1614,BEng Aerospace Engineering,GE1401,PHY1101,11835,TA1
1614,BEng Aerospace Engineering,GE1401,MNE2066,11846,C01
1614,BEng Aerospace Engineering,GE1401,MNE2116,12798,C01
1614,BEng Aerospace Engineering,GE1401,MNE2116,12823,L02
1615,BEng Aerospace Engineering,GE1401,GE1401,10693,T16
1615,BEng Aerospace Engineering,GE1401,MA1200,11789,CD1
1615,BEng Aerospace Engineering,GE1401,MA1200,11798,TD3
1615,BEng Aerospace Engineering,GE1401,PHY1101,11832,CA1
1615,BEng Aerospace Engineering,GE1401,PHY1101,11835,TA1
1615,BEng Aerospace Engineering,GE1401,MNE2066,11846,C01
1615,BEng Aerospace Engineering,GE1401,MNE2116,12798,C01
1615,BEng Aerospace Engineering,GE1401,MNE2116,12823,L02
1616,BEng Aerospace Engineering,GE1401,GE1401,10693,T16
1616,BEng Aerospace Engineering,GE1401,MA1200,11788,CC1
1616,BEng Aerospace Engineering,GE1401,MA1200,11795,TC3
1616,BEng Aerospace Engineering,GE1401,PHY1101,11832,CA1
1616,BEng Aerospace Engineering,GE1401,PHY1101,11835,TA1
1616,BEng Aerospace Engineering,GE1401,MNE2066,11846,C01
1616,BEng Aerospace Engineering,GE1401,MNE2116,12798,C01
1616,BEng Aerospace Engineering,GE1401,MNE2116,12823,L02
1617,BEng Aerospace Engineering,GE1401,GE1401,10730,T64
1617,BEng Aerospace Engineering,GE1401,MA1200,11786,CH1
1617,BEng Aerospace Engineering,GE1401,MA1200,11809,TH2
1617,BEng Aerospace Engineering,GE1401,PHY1101,11832,CA1
1617,BEng Aerospace Engineering,GE1401,PHY1101,11835,TA1
1617,BEng Aerospace Engineering,GE1401,MNE2066,11846,C01
1617,BEng Aerospace Engineering,GE1401,MNE2116,14945,LA2
1617,BEng Aerospace Engineering,GE1401,MNE2116,15622,CA1
1618,BEng Aerospace Engineering,GE1401,GE1401,10693,T16
1618,BEng Aerospace Engineering,GE1401,MA1200,11788,CC1
1618,BEng Aerospace Engineering,GE1401,MA1200,11795,TC3
1618,BEng Aerospace Engineering,GE1401,PHY1101,11832,CA1
1618,BEng Aerospace Engineering,GE1401,PHY1101,11835,TA1
1618,BEng Aerospace Engineering,GE1401,MNE2066,11846,C01
1618,BEng Aerospace Engineering,GE1401,MNE2116,12798,C01
1618,BEng Aerospace Engineering,GE1401,MNE2116,12823,L02
1619,BEng Aerospace Engineering,GE1401,MA1200,11787,CA1
1619,BEng Aerospace Engineering,GE1401,MA1200,11790,TA1
1619,BEng Aerospace Engineering,GE1401,PHY1101,11832,CA1
1619,BEng Aerospace Engineering,GE1401,PHY1101,11835,TA1
1619,BEng Aerospace Engineering,GE1401,MNE2066,11846,C01
1619,BEng Aerospace Engineering,GE1401,MNE2116,14945,LA2
1619,BEng Aerospace Engineering,GE1401,GE1401,15206,TC6
1619,BEng Aerospace Engineering,GE1401,MNE2116,15622,CA1
1620,BEng Aerospace Engineering,GE1401,MA1200,11788,CC1
1620,BEng Aerospace Engineering,GE1401,MA1200,11793,TC1
1620,BEng Aerospace Engineering,GE1401,PHY1101,11832,CA1
1620,BEng Aerospace Engineering,GE1401,PHY1101,11835,TA1
1620,BEng Aerospace Engineering,GE1401,MNE2066,11846,C01
1620,BEng Aerospace Engineering,GE1401,GE1401,13572,TB1
1620,BEng Aerospace Engineering,GE1401,MNE2116,14945,LA2
1620,BEng Aerospace Engineering,GE1401,MNE2116,15622,CA1
1621,BEng Aerospace Engineering,GE1401,MA1200,11789,CD1
1621,BEng Aerospace Engineering,GE1401,MA1200,11798,TD3
1621,BEng Aerospace Engineering,GE1401,PHY1101,11832,CA1
1621,BEng Aerospace Engineering,GE1401,PHY1101,11835,TA1
1621,BEng Aerospace Engineering,GE1401,MNE2066,11846,C01
1621,BEng Aerospace Engineering,GE1401,GE1401,12119,T18
1621,BEng Aerospace Engineering,GE1401,MNE2116,14945,LA2
1621,BEng Aerospace Engineering,GE1401,MNE2116,15622,CA1
1622,BEng Aerospace Engineering,GE1401,GE1401,10683,T06
1622,BEng Aerospace Engineering,GE1401,MA1200,11787,CA1
1622,BEng Aerospace Engineering,GE1401,MA1200,11792,TA3
1622,BEng Aerospace Engineering,GE1401,PHY1101,11832,CA1
1622,BEng Aerospace Engineering,GE1401,PHY1101,11835,TA1
1622,BEng Aerospace Engineering,GE1401,MNE2066,11846,C01
1622,BEng Aerospace Engineering,GE1401,MNE2116,12798,C01
1622,BEng Aerospace Engineering,GE1401,MNE2116,12823,L02
1623,BEng Aerospace Engineering,GE1401,GE1401,10693,T16
1623,BEng Aerospace Engineering,GE1401,MA1200,11788,CC1
1623,BEng Aerospace Engineering,GE1401,MA1200,11795,TC3
1623,BEng Aerospace Engineering,GE1401,PHY1101,11832,CA1
1623,BEng Aerospace Engineering,GE1401,PHY1101,11835,TA1
1623,BEng Aerospace Engineering,GE1401,MNE2066,11846,C01
1623,BEng Aerospace Engineering,GE1401,MNE2116,12798,C01
1623,BEng Aerospace Engineering,GE1401,MNE2116,12823,L02
1624,BEng Aerospace Engineering,LC0200A,LC0200A,10883,T14
1624,BEng Aerospace Engineering,LC0200A,MA1200,11788,CC1
1624,BEng Aerospace Engineering,LC0200A,MA1200,11795,TC3
1624,BEng Aerospace Engineering,LC0200A,PHY1101,11832,CA1
1624,BEng Aerospace Engineering,LC0200A,PHY1101,11835,TA1
1624,BEng Aerospace Engineering,LC0200A,MNE2066,11846,C01
1624,BEng Aerospace Engineering,LC0200A,MNE2116,12798,C01
1624,BEng Aerospace Engineering,LC0200A,MNE2116,12823,L02
1625,BEng Aerospace Engineering,LC0200A,LC0200A,10889,T21
1625,BEng Aerospace Engineering,LC0200A,MA1200,11787,CA1
1625,BEng Aerospace Engineering,LC0200A,MA1200,11790,TA1
1625,BEng Aerospace Engineering,LC0200A,PHY1101,11832,CA1
1625,BEng Aerospace Engineering,LC0200A,PHY1101,11835,TA1
1625,BEng Aerospace Engineering,LC0200A,MNE2066,11846,C01
1625,BEng Aerospace Engineering,LC0200A,MNE2116,14945,LA2
1625,BEng Aerospace Engineering,LC0200A,MNE2116,15622,CA1
1626,BEng Aerospace Engineering,LC0200A,LC0200A,10887,T19
1626,BEng Aerospace Engineering,LC0200A,MA1200,11785,CG1
1626,BEng Aerospace Engineering,LC0200A,MA1200,11806,TG2
1626,BEng Aerospace Engineering,LC0200A,PHY1101,11832,CA1
1626,BEng Aerospace Engineering,LC0200A,PHY1101,11835,TA1
1626,BEng Aerospace Engineering,LC0200A,MNE2066,11846,C01
1626,BEng Aerospace Engineering,LC0200A,MNE2116,12798,C01
1626,BEng Aerospace Engineering,LC0200A,MNE2116,13073,L04
1627,BEng Aerospace Engineering,LC0200A,MA1200,11788,CC1
1627,BEng Aerospace Engineering,LC0200A,MA1200,11793,TC1
1627,BEng Aerospace Engineering,LC0200A,PHY1101,11832,CA1
1627,BEng Aerospace Engineering,LC0200A,PHY1101,11835,TA1
1627,BEng Aerospace Engineering,LC0200A,MNE2066,11846,C01
1627,BEng Aerospace Engineering,LC0200A,LC0200A,12320,T38
1627,BEng Aerospace Engineering,LC0200A,MNE2116,12798,C01
1627,BEng Aerospace Engineering,LC0200A,MNE2116,14946,L03
1628,BEng Aerospace Engineering,LC0200A,LC0200A,10883,T14
1628,BEng Aerospace Engineering,LC0200A,MA1200,11788,CC1
1628,BEng Aerospace Engineering,LC0200A,MA1200,11795,TC3
1628,BEng Aerospace Engineering,LC0200A,PHY1101,11832,CA1
1628,BEng Aerospace Engineering,LC0200A,PHY1101,11835,TA1
1628,BEng Aerospace Engineering,LC0200A,MNE2066,11846,C01
1628,BEng Aerospace Engineering,LC0200A,MNE2116,12798,C01
1628,BEng Aerospace Engineering,LC0200A,MNE2116,12823,L02
1629,BEng Aerospace Engineering,LC0200A,MA1200,11787,CA1
1629,BEng Aerospace Engineering,LC0200A,MA1200,11790,TA1
1629,BEng Aerospace Engineering,LC0200A,PHY1101,11832,CA1
1629,BEng Aerospace Engineering,LC0200A,PHY1101,11835,TA1
1629,BEng Aerospace Engineering,LC0200A,MNE2066,11846,C01
1629,BEng Aerospace Engineering,LC0200A,LC0200A,12320,T38
1629,BEng Aerospace Engineering,LC0200A,MNE2116,14945,LA2
1629,BEng Aerospace Engineering,LC0200A,MNE2116,15622,CA1
1630,BEng Aerospace Engineering,LC0200A,LC0200A,10889,T21
1630,BEng Aerospace Engineering,LC0200A,MA1200,11787,CA1
1630,BEng Aerospace Engineering,LC0200A,MA1200,11790,TA1
1630,BEng Aerospace Engineering,LC0200A,PHY1101,11832,CA1
1630,BEng Aerospace Engineering,LC0200A,PHY1101,11835,TA1
1630,BEng Aerospace Engineering,LC0200A,MNE2066,11846,C01
1630,BEng Aerospace Engineering,LC0200A,MNE2116,14945,LA2
1630,BEng Aerospace Engineering,LC0200A,MNE2116,15622,CA1
1631,BEng Aerospace Engineering,LC0200A,LC0200A,10883,T14
1631,BEng Aerospace Engineering,LC0200A,MA1200,11788,CC1
1631,BEng Aerospace Engineering,LC0200A,MA1200,11795,TC3
1631,BEng Aerospace Engineering,LC0200A,PHY1101,11832,CA1
1631,BEng Aerospace Engineering,LC0200A,PHY1101,11835,TA1
1631,BEng Aerospace Engineering,LC0200A,MNE2066,11846,C01
1631,BEng Aerospace Engineering,LC0200A,MNE2116,12798,C01
1631,BEng Aerospace Engineering,LC0200A,MNE2116,12823,L02
1632,BEng Aerospace Engineering,LC0200A,MA1200,11787,CA1
1632,BEng Aerospace Engineering,LC0200A,MA1200,11790,TA1
1632,BEng Aerospace Engineering,LC0200A,PHY1101,11832,CA1
1632,BEng Aerospace Engineering,LC0200A,PHY1101,11835,TA1
1632,BEng Aerospace Engineering,LC0200A,MNE2066,11846,C01
1632,BEng Aerospace Engineering,LC0200A,LC0200A,12320,T38
1632,BEng Aerospace Engineering,LC0200A,MNE2116,14945,LA2
1632,BEng Aerospace Engineering,LC0200A,MNE2116,15622,CA1
1633,BEng Aerospace Engineering,LC0200A,LC0200A,10889,T21
1633,BEng Aerospace Engineering,LC0200A,MA1200,11787,CA1
1633,BEng Aerospace Engineering,LC0200A,MA1200,11790,TA1
1633,BEng Aerospace Engineering,LC0200A,PHY1101,11832,CA1
1633,BEng Aerospace Engineering,LC0200A,PHY1101,11835,TA1
1633,BEng Aerospace Engineering,LC0200A,MNE2066,11846,C01
1633,BEng Aerospace Engineering,LC0200A,MNE2116,14945,LA2
1633,BEng Aerospace Engineering,LC0200A,MNE2116,15622,CA1
1634,BEng Aerospace Engineering,LC0200A,LC0200A,10889,T21
1634,BEng Aerospace Engineering,LC0200A,MA1200,11787,CA1
1634,BEng Aerospace Engineering,LC0200A,MA1200,11790,TA1
1634,BEng Aerospace Engineering,LC0200A,PHY1101,11832,CA1
1634,BEng Aerospace Engineering,LC0200A,PHY1101,11835,TA1
1634,BEng Aerospace Engineering,LC0200A,MNE2066,11846,C01
1634,BEng Aerospace Engineering,LC0200A,MNE2116,14945,LA2
1634,BEng Aerospace Engineering,LC0200A,MNE2116,15622,CA1
1635,BEng Nuclear and Risk Engineering,GE1401,GE1401,11505,T93
1635,BEng Nuclear and Risk Engineering,GE1401,MA1200,11786,CH1
1635,BEng Nuclear and Risk Engineering,GE1401,MA1200,11809,TH2
1635,BEng Nuclear and Risk Engineering,GE1401,PHY1101,11832,CA1
1635,BEng Nuclear and Risk Engineering,GE1401,PHY1101,11835,TA1
1635,BEng Nuclear and Risk Engineering,GE1401,MNE2066,11846,C01
1635,BEng Nuclear and Risk Engineering,GE1401,MNE2116,14945,LA2
1635,BEng Nuclear and Risk Engineering,GE1401,MNE2116,15622,CA1
1636,BEng Nuclear and Risk Engineering,GE1401,MA1200,11785,CG1
1636,BEng Nuclear and Risk Engineering,GE1401,MA1200,11806,TG2
1636,BEng Nuclear and Risk Engineering,GE1401,PHY1101,11832,CA1
1636,BEng Nuclear and Risk Engineering,GE1401,PHY1101,11835,TA1
1636,BEng Nuclear and Risk Engineering,GE1401,MNE2066,11846,C01
1636,BEng Nuclear and Risk Engineering,GE1401,MNE2116,12798,C01
1636,BEng Nuclear and Risk Engineering,GE1401,MNE2116,13073,L04
1636,BEng Nuclear and Risk Engineering,GE1401,GE1401,15183,TC4
1637,BEng Nuclear and Risk Engineering,GE1401,GE1401,11505,T93
1637,BEng Nuclear and Risk Engineering,GE1401,MA1200,11785,CG1
1637,BEng Nuclear and Risk Engineering,GE1401,MA1200,11806,TG2
1637,BEng Nuclear and Risk Engineering,GE1401,PHY1101,11832,CA1
1637,BEng Nuclear and Risk Engineering,GE1401,PHY1101,11835,TA1
1637,BEng Nuclear and Risk Engineering,GE1401,MNE2066,11846,C01
1637,BEng Nuclear and Risk Engineering,GE1401,MNE2116,14945,LA2
1637,BEng Nuclear and Risk Engineering,GE1401,MNE2116,15622,CA1
1638,BEng Nuclear and Risk Engineering,GE1401,GE1401,10714,T43
1638,BEng Nuclear and Risk Engineering,GE1401,MA1200,11789,CD1
1638,BEng Nuclear and Risk Engineering,GE1401,MA1200,11798,TD3
1638,BEng Nuclear and Risk Engineering,GE1401,PHY1101,11832,CA1
1638,BEng Nuclear and Risk Engineering,GE1401,PHY1101,11835,TA1
1638,BEng Nuclear and Risk Engineering,GE1401,MNE2066,11846,C01
1638,BEng Nuclear and Risk Engineering,GE1401,MNE2116,14945,LA2
1638,BEng Nuclear and Risk Engineering,GE1401,MNE2116,15622,CA1
1639,BEng Nuclear and Risk Engineering,GE1401,GE1401,10729,T63
1639,BEng Nuclear and Risk Engineering,GE1401,MA1200,11787,CA1
1639,BEng Nuclear and Risk Engineering,GE1401,MA1200,11790,TA1
1639,BEng Nuclear and Risk Engineering,GE1401,PHY1101,11832,CA1
1639,BEng Nuclear and Risk Engineering,GE1401,PHY1101,11835,TA1
1639,BEng Nuclear and Risk Engineering,GE1401,MNE2066,11846,C01
1639,BEng Nuclear and Risk Engineering,GE1401,MNE2116,12798,C01
1639,BEng Nuclear and Risk Engineering,GE1401,MNE2116,14946,L03
1640,BEng Nuclear and Risk Engineering,GE1401,GE1401,10683,T06
1640,BEng Nuclear and Risk Engineering,GE1401,MA1200,11787,CA1
1640,BEng Nuclear and Risk Engineering,GE1401,MA1200,11792,TA3
1640,BEng Nuclear and Risk Engineering,GE1401,PHY1101,11832,CA1
1640,BEng Nuclear and Risk Engineering,GE1401,PHY1101,11835,TA1
1640,BEng Nuclear and Risk Engineering,GE1401,MNE2066,11846,C01
1640,BEng Nuclear and Risk Engineering,GE1401,MNE2116,12798,C01
1640,BEng Nuclear and Risk Engineering,GE1401,MNE2116,12823,L02
1641,BEng Nuclear and Risk Engineering,GE1401,MA1200,11785,CG1
1641,BEng Nuclear and Risk Engineering,GE1401,MA1200,11806,TG2
1641,BEng Nuclear and Risk Engineering,GE1401,PHY1101,11832,CA1
1641,BEng Nuclear and Risk Engineering,GE1401,PHY1101,11835,TA1
1641,BEng Nuclear and Risk Engineering,GE1401,MNE2066,11846,C01
1641,BEng Nuclear and Risk Engineering,GE1401,MNE2116,12798,C01
1641,BEng Nuclear and Risk Engineering,GE1401,MNE2116,13073,L04
1641,BEng Nuclear and Risk Engineering,GE1401,GE1401,15205,TC5
1642,BEng Nuclear and Risk Engineering,GE1401,MA1200,11788,CC1
1642,BEng Nuclear and Risk Engineering,GE1401,MA1200,11793,TC1
1642,BEng Nuclear and Risk Engineering,GE1401,PHY1101,11832,CA1
1642,BEng Nuclear and Risk Engineering,GE1401,PHY1101,11835,TA1
1642,BEng Nuclear and Risk Engineering,GE1401,MNE2066,11846,C01
1642,BEng Nuclear and Risk Engineering,GE1401,GE1401,13572,TB1
1642,BEng Nuclear and Risk Engineering,GE1401,MNE2116,14945,LA2
1642,BEng Nuclear and Risk Engineering,GE1401,MNE2116,15622,CA1
1643,BEng Nuclear and Risk Engineering,GE1401,GE1401,10693,T16
1643,BEng Nuclear and Risk Engineering,GE1401,MA1200,11788,CC1
1643,BEng Nuclear and Risk Engineering,GE1401,MA1200,11795,TC3
1643,BEng Nuclear and Risk Engineering,GE1401,PHY1101,11832,CA1
1643,BEng Nuclear and Risk Engineering,GE1401,PHY1101,11835,TA1
1643,BEng Nuclear and Risk Engineering,GE1401,MNE2066,11846,C01
1643,BEng Nuclear and Risk Engineering,GE1401,MNE2116,12798,C01
1643,BEng Nuclear and Risk Engineering,GE1401,MNE2116,12823,L02
1644,BEng Nuclear and Risk Engineering,GE1401,GE1401,11495,T77
1644,BEng Nuclear and Risk Engineering,GE1401,MA1200,11784,CF1
1644,BEng Nuclear and Risk Engineering,GE1401,MA1200,11803,TF2
1644,BEng Nuclear and Risk Engineering,GE1401,PHY1101,11832,CA1
1644,BEng Nuclear and Risk Engineering,GE1401,PHY1101,11835,TA1
1644,BEng Nuclear and Risk Engineering,GE1401,MNE2066,11846,C01
1644,BEng Nuclear and Risk Engineering,GE1401,MNE2116,12798,C01
1644,BEng Nuclear and Risk Engineering,GE1401,MNE2116,13073,L04
1645,BEng Nuclear and Risk Engineering,GE1401,GE1401,10684,T07
1645,BEng Nuclear and Risk Engineering,GE1401,MA1200,11786,CH1
1645,BEng Nuclear and Risk Engineering,GE1401,MA1200,11809,TH2
1645,BEng Nuclear and Risk Engineering,GE1401,PHY1101,11832,CA1
1645,BEng Nuclear and Risk Engineering,GE1401,PHY1101,11835,TA1
1645,BEng Nuclear and Risk Engineering,GE1401,MNE2066,11846,C01
1645,BEng Nuclear and Risk Engineering,GE1401,MNE2116,14945,LA2
1645,BEng Nuclear and Risk Engineering,GE1401,MNE2116,15622,CA1
1646,BEng Nuclear and Risk Engineering,GE1401,GE1401,11505,T93
1646,BEng Nuclear and Risk Engineering,GE1401,MA1200,11785,CG1
1646,BEng Nuclear and Risk Engineering,GE1401,MA1200,11806,TG2
1646,BEng Nuclear and Risk Engineering,GE1401,PHY1101,11832,CA1
1646,BEng Nuclear and Risk Engineering,GE1401,PHY1101,11835,TA1
1646,BEng Nuclear and Risk Engineering,GE1401,MNE2066,11846,C01
1646,BEng Nuclear and Risk Engineering,GE1401,MNE2116,14945,LA2
1646,BEng Nuclear and Risk Engineering,GE1401,MNE2116,15622,CA1
1647,BEng Nuclear and Risk Engineering,GE1401,GE1401,10730,T64
1647,BEng Nuclear and Risk Engineering,GE1401,MA1200,11786,CH1
1647,BEng Nuclear and Risk Engineering,GE1401,MA1200,11809,TH2
1647,BEng Nuclear and Risk Engineering,GE1401,PHY1101,11832,CA1
1647,BEng Nuclear and Risk Engineering,GE1401,PHY1101,11835,TA1
1647,BEng Nuclear and Risk Engineering,GE1401,MNE2066,11846,C01
1647,BEng Nuclear and Risk Engineering,GE1401,MNE2116,14945,LA2
1647,BEng Nuclear and Risk Engineering,GE1401,MNE2116,15622,CA1
1648,BEng Nuclear and Risk Engineering,GE1401,GE1401,10693,T16
1648,BEng Nuclear and Risk Engineering,GE1401,MA1200,11788,CC1
1648,BEng Nuclear and Risk Engineering,GE1401,MA1200,11795,TC3
1648,BEng Nuclear and Risk Engineering,GE1401,PHY1101,11832,CA1
1648,BEng Nuclear and Risk Engineering,GE1401,PHY1101,11835,TA1
1648,BEng Nuclear and Risk Engineering,GE1401,MNE2066,11846,C01
1648,BEng Nuclear and Risk Engineering,GE1401,MNE2116,12798,C01
1648,BEng Nuclear and Risk Engineering,GE1401,MNE2116,12823,L02
1649,BEng Nuclear and Risk Engineering,GE1401,GE1401,11505,T93
1649,BEng Nuclear and Risk Engineering,GE1401,MA1200,11785,CG1
1649,BEng Nuclear and Risk Engineering,GE1401,MA1200,11806,TG2
1649,BEng Nuclear and Risk Engineering,GE1401,PHY1101,11832,CA1
1649,BEng Nuclear and Risk Engineering,GE1401,PHY1101,11835,TA1
1649,BEng Nuclear and Risk Engineering,GE1401,MNE2066,11846,C01
1649,BEng Nuclear and Risk Engineering,GE1401,MNE2116,14945,LA2
1649,BEng Nuclear and Risk Engineering,GE1401,MNE2116,15622,CA1
1650,BEng Nuclear and Risk Engineering,GE1401,GE1401,10708,T34
1650,BEng Nuclear and Risk Engineering,GE1401,MA1200,11784,CF1
1650,BEng Nuclear and Risk Engineering,GE1401,MA1200,11803,TF2
1650,BEng Nuclear and Risk Engineering,GE1401,PHY1101,11832,CA1
1650,BEng Nuclear and Risk Engineering,GE1401,PHY1101,11835,TA1
1650,BEng Nuclear and Risk Engineering,GE1401,MNE2066,11846,C01
1650,BEng Nuclear and Risk Engineering,GE1401,MNE2116,12798,C01
1650,BEng Nuclear and Risk Engineering,GE1401,MNE2116,13073,L04
1651,BEng Nuclear and Risk Engineering,LC0200A,LC0200A,10883,T14
1651,BEng Nuclear and Risk Engineering,LC0200A,MA1200,11787,CA1
1651,BEng Nuclear and Risk Engineering,LC0200A,MA1200,11792,TA3
1651,BEng Nuclear and Risk Engineering,LC0200A,PHY1101,11832,CA1
1651,BEng Nuclear and Risk Engineering,LC0200A,PHY1101,11835,TA1
1651,BEng Nuclear and Risk Engineering,LC0200A,MNE2066,11846,C01
1651,BEng Nuclear and Risk Engineering,LC0200A,MNE2116,12798,C01
1651,BEng Nuclear and Risk Engineering,LC0200A,MNE2116,12823,L02
1652,BEng Nuclear and Risk Engineering,LC0200A,LC0200A,10889,T21
1652,BEng Nuclear and Risk Engineering,LC0200A,MA1200,11787,CA1
1652,BEng Nuclear and Risk Engineering,LC0200A,MA1200,11790,TA1
1652,BEng Nuclear and Risk Engineering,LC0200A,PHY1101,11832,CA1
1652,BEng Nuclear and Risk Engineering,LC0200A,PHY1101,11835,TA1
1652,BEng Nuclear and Risk Engineering,LC0200A,MNE2066,11846,C01
1652,BEng Nuclear and Risk Engineering,LC0200A,MNE2116,14945,LA2
1652,BEng Nuclear and Risk Engineering,LC0200A,MNE2116,15622,CA1
1653,BEng Nuclear and Risk Engineering,LC0200A,LC0200A,10889,T21
1653,BEng Nuclear and Risk Engineering,LC0200A,MA1200,11787,CA1
1653,BEng Nuclear and Risk Engineering,LC0200A,MA1200,11790,TA1
1653,BEng Nuclear and Risk Engineering,LC0200A,PHY1101,11832,CA1
1653,BEng Nuclear and Risk Engineering,LC0200A,PHY1101,11835,TA1
1653,BEng Nuclear and Risk Engineering,LC0200A,MNE2066,11846,C01
1653,BEng Nuclear and Risk Engineering,LC0200A,MNE2116,14945,LA2
1653,BEng Nuclear and Risk Engineering,LC0200A,MNE2116,15622,CA1
1654,BEng Nuclear and Risk Engineering,LC0200A,MA1200,11789,CD1
1654,BEng Nuclear and Risk Engineering,LC0200A,MA1200,11798,TD3
1654,BEng Nuclear and Risk Engineering,LC0200A,PHY1101,11832,CA1
1654,BEng Nuclear and Risk Engineering,LC0200A,PHY1101,11835,TA1
1654,BEng Nuclear and Risk Engineering,LC0200A,MNE2066,11846,C01
1654,BEng Nuclear and Risk Engineering,LC0200A,LC0200A,12333,T40
1654,BEng Nuclear and Risk Engineering,LC0200A,MNE2116,13686,LA1
1654,BEng Nuclear and Risk Engineering,LC0200A,MNE2116,15622,CA1
1655,BEng Nuclear and Risk Engineering,LC0200A,MA1200,11788,CC1
1655,BEng Nuclear and Risk Engineering,LC0200A,MA1200,11793,TC1
1655,BEng Nuclear and Risk Engineering,LC0200A,PHY1101,11832,CA1
1655,BEng Nuclear and Risk Engineering,LC0200A,PHY1101,11835,TA1
1655,BEng Nuclear and Risk Engineering,LC0200A,MNE2066,11846,C01
1655,BEng Nuclear and Risk Engineering,LC0200A,LC0200A,12320,T38
1655,BEng Nuclear and Risk Engineering,LC0200A,MNE2116,12798,C01
1655,BEng Nuclear and Risk Engineering,LC0200A,MNE2116,13073,L04
1656,BEng Nuclear and Risk Engineering,LC0200A,MA1200,11788,CC1
1656,BEng Nuclear and Risk Engineering,LC0200A,MA1200,11793,TC1
1656,BEng Nuclear and Risk Engineering,LC0200A,PHY1101,11832,CA1
1656,BEng Nuclear and Risk Engineering,LC0200A,PHY1101,11835,TA1
1656,BEng Nuclear and Risk Engineering,LC0200A,MNE2066,11846,C01
1656,BEng Nuclear and Risk Engineering,LC0200A,LC0200A,12320,T38
1656,BEng Nuclear and Risk Engineering,LC0200A,MNE2116,12798,C01
1656,BEng Nuclear and Risk Engineering,LC0200A,MNE2116,13073,L04
1657,BEng Nuclear and Risk Engineering,LC0200A,LC0200A,10883,T14
1657,BEng Nuclear and Risk Engineering,LC0200A,MA1200,11787,CA1
1657,BEng Nuclear and Risk Engineering,LC0200A,MA1200,11792,TA3
1657,BEng Nuclear and Risk Engineering,LC0200A,PHY1101,11833,CB1
1657,BEng Nuclear and Risk Engineering,LC0200A,PHY1101,11836,TB1
1657,BEng Nuclear and Risk Engineering,LC0200A,MNE2066,11846,C01
1657,BEng Nuclear and Risk Engineering,LC0200A,MNE2116,12798,C01
1657,BEng Nuclear and Risk Engineering,LC0200A,MNE2116,12823,L02
1658,BEng Materials Science and Engineering,GE1401,GE1401,10682,T05
1658,BEng Materials Science and Engineering,GE1401,MSE1001,11332,C61
1658,BEng Materials Science and Engineering,GE1401,PHY1201,11386,CA1
1658,BEng Materials Science and Engineering,GE1401,CHEM1300,11748,C02
1658,BEng Materials Science and Engineering,GE1401,CHEM1300,11750,L05
1658,BEng Materials Science and Engineering,GE1401,CHEM1300,11752,T02
1658,BEng Materials Science and Engineering,GE1401,MA1200,11787,CA1
1658,BEng Materials Science and Engineering,GE1401,MA1200,11792,TA3
1658,BEng Materials Science and Engineering,GE1401,PHY1201,12188,TA1
1658,BEng Materials Science and Engineering,GE1401,PHY1201,12375,LA1
1659,BEng Materials Science and Engineering,GE1401,MSE1001,11332,C61
1659,BEng Materials Science and Engineering,GE1401,CHEM1300,11748,C02
1659,BEng Materials Science and Engineering,GE1401,CHEM1300,11756,T05
1659,BEng Materials Science and Engineering,GE1401,MA1200,11789,CD1
1659,BEng Materials Science and Engineering,GE1401,MA1200,11797,TD2
1659,BEng Materials Science and Engineering,GE1401,CHEM1300,12098,L02
1659,BEng Materials Science and Engineering,GE1401,PHY1201,12177,L01
1659,BEng Materials Science and Engineering,GE1401,PHY1201,12368,C01
1659,BEng Materials Science and Engineering,GE1401,PHY1201,12369,T02
1659,BEng Materials Science and Engineering,GE1401,GE1401,13577,TB6
1660,BEng Materials Science and Engineering,GE1401,GE1401,10682,T05
1660,BEng Materials Science and Engineering,GE1401,MSE1001,11332,C61
1660,BEng Materials Science and Engineering,GE1401,PHY1201,11377,T01
1660,BEng Materials Science and Engineering,GE1401,CHEM1300,11748,C02
1660,BEng Materials Science and Engineering,GE1401,CHEM1300,11752,T02
1660,BEng Materials Science and Engineering,GE1401,MA1200,11788,CC1
1660,BEng Materials Science and Engineering,GE1401,MA1200,11795,TC3
1660,BEng Materials Science and Engineering,GE1401,CHEM1300,12098,L02
1660,BEng Materials Science and Engineering,GE1401,PHY1201,12177,L01
1660,BEng Materials Science and Engineering,GE1401,PHY1201,12368,C01
1661,BEng Materials Science and Engineering,GE1401,GE1401,10723,T56
1661,BEng Materials Science and Engineering,GE1401,MSE1001,11332,C61
1661,BEng Materials Science and Engineering,GE1401,PHY1201,11377,T01
1661,BEng Materials Science and Engineering,GE1401,CHEM1300,11748,C02
1661,BEng Materials Science and Engineering,GE1401,CHEM1300,11756,T05
1661,BEng Materials Science and Engineering,GE1401,MA1200,11787,CA1
1661,BEng Materials Science and Engineering,GE1401,MA1200,11792,TA3
1661,BEng Materials Science and Engineering,GE1401,PHY1201,12177,L01
1661,BEng Materials Science and Engineering,GE1401,CHEM1300,12269,L04
1661,BEng Materials Science and Engineering,GE1401,PHY1201,12368,C01
1662,BEng Materials Science and Engineering,GE1401,MSE1001,11332,C61
1662,BEng Materials Science and Engineering,GE1401,MA1200,11789,CD1
1662,BEng Materials Science and Engineering,GE1401,MA1200,11797,TD2
1662,BEng Materials Science and Engineering,GE1401,PHY1201,12179,L03
1662,BEng Materials Science and Engineering,GE1401,CHEM1300,12268,CA1
1662,BEng Materials Science and Engineering,GE1401,CHEM1300,12270,LA1
1662,BEng Materials Science and Engineering,GE1401,CHEM1300,12271,TA1
1662,BEng Materials Science and Engineering,GE1401,PHY1201,12367,C02
1662,BEng Materials Science and Engineering,GE1401,PHY1201,12369,T02
1662,BEng Materials Science and Engineering,GE1401,GE1401,15183,TC4
1663,BEng Materials Science and Engineering,GE1401,GE1401,10682,T05
1663,BEng Materials Science and Engineering,GE1401,MSE1001,11332,C61
1663,BEng Materials Science and Engineering,GE1401,PHY1201,11377,T01
1663,BEng Materials Science and Engineering,GE1401,MA1200,11788,CC1
1663,BEng Materials Science and Engineering,GE1401,MA1200,11795,TC3
1663,BEng Materials Science and Engineering,GE1401,PHY1201,12177,L01
1663,BEng Materials Science and Engineering,GE1401,PHY1201,12368,C01
1663,BEng Materials Science and Engineering,GE1401,CHEM1300,12876,CB1
1663,BEng Materials Science and Engineering,GE1401,CHEM1300,12877,LB1
1663,BEng Materials Science and Engineering,GE1401,CHEM1300,12878,TB1
1664,BEng Materials Science and Engineering,GE1401,MSE1001,11332,C61
1664,BEng Materials Science and Engineering,GE1401,PHY1201,11386,CA1
1664,BEng Materials Science and Engineering,GE1401,CHEM1300,11748,C02
1664,BEng Materials Science and Engineering,GE1401,CHEM1300,11755,T01
1664,BEng Materials Science and Engineering,GE1401,MA1200,11787,CA1
1664,BEng Materials Science and Engineering,GE1401,MA1200,11792,TA3
1664,BEng Materials Science and Engineering,GE1401,CHEM1300,12098,L02
1664,BEng Materials Science and Engineering,GE1401,PHY1201,12188,TA1
1664,BEng Materials Science and Engineering,GE1401,PHY1201,12375,LA1
1664,BEng Materials Science and Engineering,GE1401,GE1401,12735,T74
1665,BEng Materials Science and Engineering,GE1401,GE1401,10728,T61
1665,BEng Materials Science and Engineering,GE1401,MSE1001,11332,C61
1665,BEng Materials Science and Engineering,GE1401,CHEM1300,11747,C01
1665,BEng Materials Science and Engineering,GE1401,CHEM1300,11756,T05
1665,BEng Materials Science and Engineering,GE1401,MA1200,11789,CD1
1665,BEng Materials Science and Engineering,GE1401,MA1200,11797,TD2
1665,BEng Materials Science and Engineering,GE1401,CHEM1300,12099,L03
1665,BEng Materials Science and Engineering,GE1401,PHY1201,12179,L03
1665,BEng Materials Science and Engineering,GE1401,PHY1201,12367,C02
1665,BEng Materials Science and Engineering,GE1401,PHY1201,12369,T02
1666,BEng Materials Science and Engineering,GE1401,GE1401,10682,T05
1666,BEng Materials Science and Engineering,GE1401,MSE1001,11332,C61
1666,BEng Materials Science and Engineering,GE1401,PHY1201,11377,T01
1666,BEng Materials Science and Engineering,GE1401,MA1200,11788,CC1
1666,BEng Materials Science and Engineering,GE1401,MA1200,11795,TC3
1666,BEng Materials Science and Engineering,GE1401,PHY1201,12177,L01
1666,BEng Materials Science and Engineering,GE1401,PHY1201,12368,C01
1666,BEng Materials Science and Engineering,GE1401,CHEM1300,12876,CB1
1666,BEng Materials Science and Engineering,GE1401,CHEM1300,12877,LB1
1666,BEng Materials Science and Engineering,GE1401,CHEM1300,12878,TB1
1667,BEng Materials Science and Engineering,GE1401,MSE1001,11332,C61
1667,BEng Materials Science and Engineering,GE1401,CHEM1300,11748,C02
1667,BEng Materials Science and Engineering,GE1401,CHEM1300,11756,T05
1667,BEng Materials Science and Engineering,GE1401,MA1200,11789,CD1
1667,BEng Materials Science and Engineering,GE1401,MA1200,11797,TD2
1667,BEng Materials Science and Engineering,GE1401,CHEM1300,12098,L02
1667,BEng Materials Science and Engineering,GE1401,PHY1201,12177,L01
1667,BEng Materials Science and Engineering,GE1401,PHY1201,12368,C01
1667,BEng Materials Science and Engineering,GE1401,PHY1201,12369,T02
1667,BEng Materials Science and Engineering,GE1401,GE1401,13577,TB6
1668,BEng Materials Science and Engineering,GE1401,MSE1001,11332,C61
1668,BEng Materials Science and Engineering,GE1401,MA1200,11789,CD1
1668,BEng Materials Science and Engineering,GE1401,MA1200,11797,TD2
1668,BEng Materials Science and Engineering,GE1401,PHY1201,12179,L03
1668,BEng Materials Science and Engineering,GE1401,CHEM1300,12268,CA1
1668,BEng Materials Science and Engineering,GE1401,CHEM1300,12270,LA1
1668,BEng Materials Science and Engineering,GE1401,CHEM1300,12271,TA1
1668,BEng Materials Science and Engineering,GE1401,PHY1201,12367,C02
1668,BEng Materials Science and Engineering,GE1401,PHY1201,12369,T02
1668,BEng Materials Science and Engineering,GE1401,GE1401,15183,TC4
1669,BEng Materials Science and Engineering,GE1401,MSE1001,11332,C61
1669,BEng Materials Science and Engineering,GE1401,MA1200,11789,CD1
1669,BEng Materials Science and Engineering,GE1401,MA1200,11797,TD2
1669,BEng Materials Science and Engineering,GE1401,PHY1201,12179,L03
1669,BEng Materials Science and Engineering,GE1401,CHEM1300,12268,CA1
1669,BEng Materials Science and Engineering,GE1401,CHEM1300,12270,LA1
1669,BEng Materials Science and Engineering,GE1401,CHEM1300,12271,TA1
1669,BEng Materials Science and Engineering,GE1401,PHY1201,12367,C02
1669,BEng Materials Science and Engineering,GE1401,PHY1201,12369,T02
1669,BEng Materials Science and Engineering,GE1401,GE1401,15183,TC4
1670,BEng Materials Science and Engineering,GE1401,MSE1001,11332,C61
1670,BEng Materials Science and Engineering,GE1401,MA1200,11789,CD1
1670,BEng Materials Science and Engineering,GE1401,MA1200,11797,TD2
1670,BEng Materials Science and Engineering,GE1401,PHY1201,12179,L03
1670,BEng Materials Science and Engineering,GE1401,PHY1201,12368,C01
1670,BEng Materials Science and Engineering,GE1401,PHY1201,12369,T02
1670,BEng Materials Science and Engineering,GE1401,CHEM1300,13875,CC1
1670,BEng Materials Science and Engineering,GE1401,CHEM1300,13876,LC1
1670,BEng Materials Science and Engineering,GE1401,CHEM1300,13878,TC1
1670,BEng Materials Science and Engineering,GE1401,GE1401,15183,TC4
1671,BEng Materials Science and Engineering,GE1401,GE1401,10727,T60
1671,BEng Materials Science and Engineering,GE1401,MSE1001,11332,C61
1671,BEng Materials Science and Engineering,GE1401,PHY1201,11377,T01
1671,BEng Materials Science and Engineering,GE1401,CHEM1300,11748,C02
1671,BEng Materials Science and Engineering,GE1401,CHEM1300,11756,T05
1671,BEng Materials Science and Engineering,GE1401,MA1200,11787,CA1
1671,BEng Materials Science and Engineering,GE1401,MA1200,11792,TA3
1671,BEng Materials Science and Engineering,GE1401,PHY1201,12177,L01
1671,BEng Materials Science and Engineering,GE1401,CHEM1300,12269,L04
1671,BEng Materials Science and Engineering,GE1401,PHY1201,12368,C01
1672,BEng Materials Science and Engineering,GE1401,MSE1001,11332,C61
1672,BEng Materials Science and Engineering,GE1401,CHEM1300,11747,C01
1672,BEng Materials Science and Engineering,GE1401,CHEM1300,11750,L05
1672,BEng Materials Science and Engineering,GE1401,CHEM1300,11756,T05
1672,BEng Materials Science and Engineering,GE1401,MA1200,11789,CD1
1672,BEng Materials Science and Engineering,GE1401,MA1200,11797,TD2
1672,BEng Materials Science and Engineering,GE1401,PHY1201,12179,L03
1672,BEng Materials Science and Engineering,GE1401,PHY1201,12367,C02
1672,BEng Materials Science and Engineering,GE1401,PHY1201,12369,T02
1672,BEng Materials Science and Engineering,GE1401,GE1401,12397,T51
1673,BEng Materials Science and Engineering,GE1401,MSE1001,11332,C61
1673,BEng Materials Science and Engineering,GE1401,CHEM1300,11747,C01
1673,BEng Materials Science and Engineering,GE1401,CHEM1300,11756,T05
1673,BEng Materials Science and Engineering,GE1401,MA1200,11789,CD1
1673,BEng Materials Science and Engineering,GE1401,MA1200,11797,TD2
1673,BEng Materials Science and Engineering,GE1401,CHEM1300,12098,L02
1673,BEng Materials Science and Engineering,GE1401,PHY1201,12179,L03
1673,BEng Materials Science and Engineering,GE1401,PHY1201,12367,C02
1673,BEng Materials Science and Engineering,GE1401,PHY1201,12369,T02
1673,BEng Materials Science and Engineering,GE1401,GE1401,15183,TC4
1674,BEng Materials Science and Engineering,GE1401,GE1401,10682,T05
1674,BEng Materials Science and Engineering,GE1401,MSE1001,11332,C61
1674,BEng Materials Science and Engineering,GE1401,PHY1201,11386,CA1
1674,BEng Materials Science and Engineering,GE1401,MA1200,11787,CA1
1674,BEng Materials Science and Engineering,GE1401,MA1200,11792,TA3
1674,BEng Materials Science and Engineering,GE1401,PHY1201,12188,TA1
1674,BEng Materials Science and Engineering,GE1401,PHY1201,12375,LA1
1674,BEng Materials Science and Engineering,GE1401,CHEM1300,12876,CB1
1674,BEng Materials Science and Engineering,GE1401,CHEM1300,12877,LB1
1674,BEng Materials Science and Engineering,GE1401,CHEM1300,12878,TB1
1675,BEng Materials Science and Engineering,GE1401,MSE1001,11332,C61
1675,BEng Materials Science and Engineering,GE1401,CHEM1300,11748,C02
1675,BEng Materials Science and Engineering,GE1401,CHEM1300,11756,T05
1675,BEng Materials Science and Engineering,GE1401,MA1200,11789,CD1
1675,BEng Materials Science and Engineering,GE1401,MA1200,11797,TD2
1675,BEng Materials Science and Engineering,GE1401,CHEM1300,12099,L03
1675,BEng Materials Science and Engineering,GE1401,PHY1201,12178,L02
1675,BEng Materials Science and Engineering,GE1401,PHY1201,12368,C01
1675,BEng Materials Science and Engineering,GE1401,PHY1201,12369,T02
1675,BEng Materials Science and Engineering,GE1401,GE1401,13577,TB6
1676,BEng Materials Science and Engineering,GE1401,MSE1001,11332,C61
1676,BEng Materials Science and Engineering,GE1401,MA1200,11789,CD1
1676,BEng Materials Science and Engineering,GE1401,MA1200,11797,TD2
1676,BEng Materials Science and Engineering,GE1401,CHEM1300,12268,CA1
1676,BEng Materials Science and Engineering,GE1401,CHEM1300,12270,LA1
1676,BEng Materials Science and Engineering,GE1401,CHEM1300,12271,TA1
1676,BEng Materials Science and Engineering,GE1401,PHY1201,12371,CA2
1676,BEng Materials Science and Engineering,GE1401,PHY1201,12372,TA2
1676,BEng Materials Science and Engineering,GE1401,PHY1201,12377,LA3
1676,BEng Materials Science and Engineering,GE1401,GE1401,13263,T92
1677,BEng Materials Science and Engineering,GE1401,MSE1001,11332,C61
1677,BEng Materials Science and Engineering,GE1401,GE1401,11495,T77
1677,BEng Materials Science and Engineering,GE1401,CHEM1300,11747,C01
1677,BEng Materials Science and Engineering,GE1401,CHEM1300,11755,T01
1677,BEng Materials Science and Engineering,GE1401,MA1200,11789,CD1
1677,BEng Materials Science and Engineering,GE1401,MA1200,11797,TD2
1677,BEng Materials Science and Engineering,GE1401,CHEM1300,12098,L02
1677,BEng Materials Science and Engineering,GE1401,PHY1201,12179,L03
1677,BEng Materials Science and Engineering,GE1401,PHY1201,12367,C02
1677,BEng Materials Science and Engineering,GE1401,PHY1201,12369,T02
1678,BEng Materials Science and Engineering,GE1401,MSE1001,11332,C61
1678,BEng Materials Science and Engineering,GE1401,GE1401,11495,T77
1678,BEng Materials Science and Engineering,GE1401,MA1200,11789,CD1
1678,BEng Materials Science and Engineering,GE1401,MA1200,11797,TD2
1678,BEng Materials Science and Engineering,GE1401,PHY1201,12179,L03
1678,BEng Materials Science and Engineering,GE1401,CHEM1300,12268,CA1
1678,BEng Materials Science and Engineering,GE1401,CHEM1300,12270,LA1
1678,BEng Materials Science and Engineering,GE1401,CHEM1300,12271,TA1
1678,BEng Materials Science and Engineering,GE1401,PHY1201,12367,C02
1678,BEng Materials Science and Engineering,GE1401,PHY1201,12369,T02
1679,BEng Materials Science and Engineering,GE1401,MSE1001,11332,C61
1679,BEng Materials Science and Engineering,GE1401,MA1200,11789,CD1
1679,BEng Materials Science and Engineering,GE1401,MA1200,11797,TD2
1679,BEng Materials Science and Engineering,GE1401,PHY1201,12179,L03
1679,BEng Materials Science and Engineering,GE1401,CHEM1300,12268,CA1
1679,BEng Materials Science and Engineering,GE1401,CHEM1300,12270,LA1
1679,BEng Materials Science and Engineering,GE1401,CHEM1300,12271,TA1
1679,BEng Materials Science and Engineering,GE1401,PHY1201,12367,C02
1679,BEng Materials Science and Engineering,GE1401,PHY1201,12369,T02
1679,BEng Materials Science and Engineering,GE1401,GE1401,15205,TC5
1680,BEng Materials Science and Engineering,GE1401,MSE1001,11332,C61
1680,BEng Materials Science and Engineering,GE1401,GE1401,11495,T77
1680,BEng Materials Science and Engineering,GE1401,CHEM1300,11747,C01
1680,BEng Materials Science and Engineering,GE1401,CHEM1300,11755,T01
1680,BEng Materials Science and Engineering,GE1401,MA1200,11789,CD1
1680,BEng Materials Science and Engineering,GE1401,MA1200,11797,TD2
1680,BEng Materials Science and Engineering,GE1401,CHEM1300,12098,L02
1680,BEng Materials Science and Engineering,GE1401,PHY1201,12179,L03
1680,BEng Materials Science and Engineering,GE1401,PHY1201,12367,C02
1680,BEng Materials Science and Engineering,GE1401,PHY1201,12369,T02
1681,BEng Materials Science and Engineering,GE1401,GE1401,10682,T05
1681,BEng Materials Science and Engineering,GE1401,MSE1001,11332,C61
1681,BEng Materials Science and Engineering,GE1401,PHY1201,11377,T01
1681,BEng Materials Science and Engineering,GE1401,CHEM1300,11748,C02
1681,BEng Materials Science and Engineering,GE1401,CHEM1300,11755,T01
1681,BEng Materials Science and Engineering,GE1401,MA1200,11787,CA1
1681,BEng Materials Science and Engineering,GE1401,MA1200,11792,TA3
1681,BEng Materials Science and Engineering,GE1401,CHEM1300,12098,L02
1681,BEng Materials Science and Engineering,GE1401,PHY1201,12177,L01
1681,BEng Materials Science and Engineering,GE1401,PHY1201,12368,C01
1682,BEng Materials Science and Engineering,GE1401,GE1401,10682,T05
1682,BEng Materials Science and Engineering,GE1401,MSE1001,11332,C61
1682,BEng Materials Science and Engineering,GE1401,PHY1201,11377,T01
1682,BEng Materials Science and Engineering,GE1401,MA1200,11788,CC1
1682,BEng Materials Science and Engineering,GE1401,MA1200,11795,TC3
1682,BEng Materials Science and Engineering,GE1401,PHY1201,12177,L01
1682,BEng Materials Science and Engineering,GE1401,PHY1201,12368,C01
1682,BEng Materials Science and Engineering,GE1401,CHEM1300,12876,CB1
1682,BEng Materials Science and Engineering,GE1401,CHEM1300,12877,LB1
1682,BEng Materials Science and Engineering,GE1401,CHEM1300,12878,TB1
1683,BEng Materials Science and Engineering,GE1401,GE1401,10708,T34
1683,BEng Materials Science and Engineering,GE1401,MSE1001,11332,C61
1683,BEng Materials Science and Engineering,GE1401,CHEM1300,11747,C01
1683,BEng Materials Science and Engineering,GE1401,CHEM1300,11752,T02
1683,BEng Materials Science and Engineering,GE1401,MA1200,11789,CD1
1683,BEng Materials Science and Engineering,GE1401,MA1200,11797,TD2
1683,BEng Materials Science and Engineering,GE1401,CHEM1300,12098,L02
1683,BEng Materials Science and Engineering,GE1401,PHY1201,12371,CA2
1683,BEng Materials Science and Engineering,GE1401,PHY1201,12372,TA2
1683,BEng Materials Science and Engineering,GE1401,PHY1201,12377,LA3
1684,BEng Materials Science and Engineering,GE1401,MSE1001,11332,C61
1684,BEng Materials Science and Engineering,GE1401,CHEM1300,11748,C02
1684,BEng Materials Science and Engineering,GE1401,CHEM1300,11756,T05
1684,BEng Materials Science and Engineering,GE1401,MA1200,11789,CD1
1684,BEng Materials Science and Engineering,GE1401,MA1200,11797,TD2
1684,BEng Materials Science and Engineering,GE1401,CHEM1300,12098,L02
1684,BEng Materials Science and Engineering,GE1401,PHY1201,12177,L01
1684,BEng Materials Science and Engineering,GE1401,PHY1201,12368,C01
1684,BEng Materials Science and Engineering,GE1401,PHY1201,12369,T02
1684,BEng Materials Science and Engineering,GE1401,GE1401,13577,TB6
1685,BEng Materials Science and Engineering,GE1401,MSE1001,11332,C61
1685,BEng Materials Science and Engineering,GE1401,GE1401,11495,T77
1685,BEng Materials Science and Engineering,GE1401,CHEM1300,11747,C01
1685,BEng Materials Science and Engineering,GE1401,CHEM1300,11752,T02
1685,BEng Materials Science and Engineering,GE1401,MA1200,11789,CD1
1685,BEng Materials Science and Engineering,GE1401,MA1200,11797,TD2
1685,BEng Materials Science and Engineering,GE1401,CHEM1300,12098,L02
1685,BEng Materials Science and Engineering,GE1401,PHY1201,12179,L03
1685,BEng Materials Science and Engineering,GE1401,PHY1201,12367,C02
1685,BEng Materials Science and Engineering,GE1401,PHY1201,12369,T02
1686,BEng Materials Science and Engineering,GE1401,GE1401,10682,T05
1686,BEng Materials Science and Engineering,GE1401,MSE1001,11332,C61
1686,BEng Materials Science and Engineering,GE1401,PHY1201,11377,T01
1686,BEng Materials Science and Engineering,GE1401,CHEM1300,11748,C02
1686,BEng Materials Science and Engineering,GE1401,CHEM1300,11755,T01
1686,BEng Materials Science and Engineering,GE1401,MA1200,11787,CA1
1686,BEng Materials Science and Engineering,GE1401,MA1200,11792,TA3
1686,BEng Materials Science and Engineering,GE1401,CHEM1300,12098,L02
1686,BEng Materials Science and Engineering,GE1401,PHY1201,12177,L01
1686,BEng Materials Science and Engineering,GE1401,PHY1201,12368,C01
1687,BEng Materials Science and Engineering,GE1401,MSE1001,11332,C61
1687,BEng Materials Science and Engineering,GE1401,GE1401,11495,T77
1687,BEng Materials Science and Engineering,GE1401,MA1200,11789,CD1
1687,BEng Materials Science and Engineering,GE1401,MA1200,11797,TD2
1687,BEng Materials Science and Engineering,GE1401,PHY1201,12179,L03
1687,BEng Materials Science and Engineering,GE1401,CHEM1300,12268,CA1
1687,BEng Materials Science and Engineering,GE1401,CHEM1300,12270,LA1
1687,BEng Materials Science and Engineering,GE1401,CHEM1300,12271,TA1
1687,BEng Materials Science and Engineering,GE1401,PHY1201,12367,C02
1687,BEng Materials Science and Engineering,GE1401,PHY1201,12369,T02
1688,BEng Materials Science and Engineering,GE1401,MSE1001,11332,C61
1688,BEng Materials Science and Engineering,GE1401,CHEM1300,11747,C01
1688,BEng Materials Science and Engineering,GE1401,CHEM1300,11750,L05
1688,BEng Materials Science and Engineering,GE1401,CHEM1300,11756,T05
1688,BEng Materials Science and Engineering,GE1401,MA1200,11789,CD1
1688,BEng Materials Science and Engineering,GE1401,MA1200,11797,TD2
1688,BEng Materials Science and Engineering,GE1401,PHY1201,12179,L03
1688,BEng Materials Science and Engineering,GE1401,PHY1201,12367,C02
1688,BEng Materials Science and Engineering,GE1401,PHY1201,12369,T02
1688,BEng Materials Science and Engineering,GE1401,GE1401,12397,T51
1689,BEng Materials Science and Engineering,GE1401,GE1401,10682,T05
1689,BEng Materials Science and Engineering,GE1401,MSE1001,11332,C61
1689,BEng Materials Science and Engineering,GE1401,PHY1201,11377,T01
1689,BEng Materials Science and Engineering,GE1401,MA1200,11789,CD1
1689,BEng Materials Science and Engineering,GE1401,MA1200,11798,TD3
1689,BEng Materials Science and Engineering,GE1401,PHY1201,12177,L01
1689,BEng Materials Science and Engineering,GE1401,PHY1201,12368,C01
1689,BEng Materials Science and Engineering,GE1401,CHEM1300,13875,CC1
1689,BEng Materials Science and Engineering,GE1401,CHEM1300,13876,LC1
1689,BEng Materials Science and Engineering,GE1401,CHEM1300,13878,TC1
1690,BEng Materials Science and Engineering,GE1401,MSE1001,11332,C61
1690,BEng Materials Science and Engineering,GE1401,MA1200,11789,CD1
1690,BEng Materials Science and Engineering,GE1401,MA1200,11797,TD2
1690,BEng Materials Science and Engineering,GE1401,CHEM1300,12268,CA1
1690,BEng Materials Science and Engineering,GE1401,CHEM1300,12270,LA1
1690,BEng Materials Science and Engineering,GE1401,CHEM1300,12271,TA1
1690,BEng Materials Science and Engineering,GE1401,PHY1201,12371,CA2
1690,BEng Materials Science and Engineering,GE1401,PHY1201,12372,TA2
1690,BEng Materials Science and Engineering,GE1401,PHY1201,12377,LA3
1690,BEng Materials Science and Engineering,GE1401,GE1401,13263,T92
1691,BEng Materials Science and Engineering,LC0200A,LC0200A,10876,T07
1691,BEng Materials Science and Engineering,LC0200A,MSE1001,11332,C61
1691,BEng Materials Science and Engineering,LC0200A,MA1200,11789,CD1
1691,BEng Materials Science and Engineering,LC0200A,MA1200,11797,TD2
1691,BEng Materials Science and Engineering,LC0200A,CHEM1300,12268,CA1
1691,BEng Materials Science and Engineering,LC0200A,CHEM1300,12270,LA1
1691,BEng Materials Science and Engineering,LC0200A,CHEM1300,12271,TA1
1691,BEng Materials Science and Engineering,LC0200A,PHY1201,12371,CA2
1691,BEng Materials Science and Engineering,LC0200A,PHY1201,12372,TA2
1691,BEng Materials Science and Engineering,LC0200A,PHY1201,12375,LA1
1692,BEng Materials Science and Engineering,LC0200A,LC0200A,10875,T06
1692,BEng Materials Science and Engineering,LC0200A,MSE1001,11332,C61
1692,BEng Materials Science and Engineering,LC0200A,PHY1201,11386,CA1
1692,BEng Materials Science and Engineering,LC0200A,CHEM1300,11748,C02
1692,BEng Materials Science and Engineering,LC0200A,CHEM1300,11755,T01
1692,BEng Materials Science and Engineering,LC0200A,MA1200,11788,CC1
1692,BEng Materials Science and Engineering,LC0200A,MA1200,11795,TC3
1692,BEng Materials Science and Engineering,LC0200A,CHEM1300,12098,L02
1692,BEng Materials Science and Engineering,LC0200A,PHY1201,12188,TA1
1692,BEng Materials Science and Engineering,LC0200A,PHY1201,12375,LA1
1693,BEng Materials Science and Engineering,LC0200A,LC0200A,10893,T25
1693,BEng Materials Science and Engineering,LC0200A,MSE1001,11332,C61
1693,BEng Materials Science and Engineering,LC0200A,MA1200,11789,CD1
1693,BEng Materials Science and Engineering,LC0200A,MA1200,11797,TD2
1693,BEng Materials Science and Engineering,LC0200A,PHY1201,12178,L02
1693,BEng Materials Science and Engineering,LC0200A,CHEM1300,12268,CA1
1693,BEng Materials Science and Engineering,LC0200A,CHEM1300,12270,LA1
1693,BEng Materials Science and Engineering,LC0200A,CHEM1300,12271,TA1
1693,BEng Materials Science and Engineering,LC0200A,PHY1201,12367,C02
1693,BEng Materials Science and Engineering,LC0200A,PHY1201,12369,T02
1694,BEng Materials Science and Engineering,LC0200A,LC0200A,10875,T06
1694,BEng Materials Science and Engineering,LC0200A,MSE1001,11332,C61
1694,BEng Materials Science and Engineering,LC0200A,PHY1201,11386,CA1
1694,BEng Materials Science and Engineering,LC0200A,CHEM1300,11748,C02
1694,BEng Materials Science and Engineering,LC0200A,CHEM1300,11755,T01
1694,BEng Materials Science and Engineering,LC0200A,MA1200,11788,CC1
1694,BEng Materials Science and Engineering,LC0200A,MA1200,11795,TC3
1694,BEng Materials Science and Engineering,LC0200A,CHEM1300,12098,L02
1694,BEng Materials Science and Engineering,LC0200A,PHY1201,12188,TA1
1694,BEng Materials Science and Engineering,LC0200A,PHY1201,12375,LA1
1695,BEng Materials Science and Engineering,LC0200A,MSE1001,11332,C61
1695,BEng Materials Science and Engineering,LC0200A,PHY1201,11377,T01
1695,BEng Materials Science and Engineering,LC0200A,CHEM1300,11748,C02
1695,BEng Materials Science and Engineering,LC0200A,CHEM1300,11750,L05
1695,BEng Materials Science and Engineering,LC0200A,CHEM1300,11751,T04
1695,BEng Materials Science and Engineering,LC0200A,MA1200,11787,CA1
1695,BEng Materials Science and Engineering,LC0200A,MA1200,11792,TA3
1695,BEng Materials Science and Engineering,LC0200A,PHY1201,12178,L02
1695,BEng Materials Science and Engineering,LC0200A,PHY1201,12368,C01
1695,BEng Materials Science and Engineering,LC0200A,LC0200A,14952,T36
1696,BEng Materials Science and Engineering,LC0200A,MSE1001,11332,C61
1696,BEng Materials Science and Engineering,LC0200A,PHY1201,11377,T01
1696,BEng Materials Science and Engineering,LC0200A,CHEM1300,11748,C02
1696,BEng Materials Science and Engineering,LC0200A,CHEM1300,11750,L05
1696,BEng Materials Science and Engineering,LC0200A,CHEM1300,11751,T04
1696,BEng Materials Science and Engineering,LC0200A,MA1200,11787,CA1
1696,BEng Materials Science and Engineering,LC0200A,MA1200,11792,TA3
1696,BEng Materials Science and Engineering,LC0200A,PHY1201,12178,L02
1696,BEng Materials Science and Engineering,LC0200A,PHY1201,12368,C01
1696,BEng Materials Science and Engineering,LC0200A,LC0200A,14952,T36
1697,BEng Materials Science and Engineering,LC0200A,LC0200A,10893,T25
1697,BEng Materials Science and Engineering,LC0200A,MSE1001,11332,C61
1697,BEng Materials Science and Engineering,LC0200A,MA1200,11789,CD1
1697,BEng Materials Science and Engineering,LC0200A,MA1200,11797,TD2
1697,BEng Materials Science and Engineering,LC0200A,PHY1201,12178,L02
1697,BEng Materials Science and Engineering,LC0200A,CHEM1300,12268,CA1
1697,BEng Materials Science and Engineering,LC0200A,CHEM1300,12270,LA1
1697,BEng Materials Science and Engineering,LC0200A,CHEM1300,12271,TA1
1697,BEng Materials Science and Engineering,LC0200A,PHY1201,12367,C02
1697,BEng Materials Science and Engineering,LC0200A,PHY1201,12369,T02
1698,BEng Materials Science and Engineering,LC0200A,LC0200A,10875,T06
1698,BEng Materials Science and Engineering,LC0200A,MSE1001,11332,C61
1698,BEng Materials Science and Engineering,LC0200A,PHY1201,11377,T01
1698,BEng Materials Science and Engineering,LC0200A,CHEM1300,11748,C02
1698,BEng Materials Science and Engineering,LC0200A,CHEM1300,11750,L05
1698,BEng Materials Science and Engineering,LC0200A,CHEM1300,11751,T04
1698,BEng Materials Science and Engineering,LC0200A,MA1200,11787,CA1
1698,BEng Materials Science and Engineering,LC0200A,MA1200,11792,TA3
1698,BEng Materials Science and Engineering,LC0200A,PHY1201,12177,L01
1698,BEng Materials Science and Engineering,LC0200A,PHY1201,12368,C01
1699,BEng Materials Science and Engineering,LC0200A,LC0200A,10841,T01
1699,BEng Materials Science and Engineering,LC0200A,MSE1001,11332,C61
1699,BEng Materials Science and Engineering,LC0200A,CHEM1300,11748,C02
1699,BEng Materials Science and Engineering,LC0200A,CHEM1300,11752,T02
1699,BEng Materials Science and Engineering,LC0200A,MA1200,11789,CD1
1699,BEng Materials Science and Engineering,LC0200A,MA1200,11797,TD2
1699,BEng Materials Science and Engineering,LC0200A,CHEM1300,12098,L02
1699,BEng Materials Science and Engineering,LC0200A,PHY1201,12179,L03
1699,BEng Materials Science and Engineering,LC0200A,PHY1201,12368,C01
1699,BEng Materials Science and Engineering,LC0200A,PHY1201,12369,T02
1700,BEng Materials Science and Engineering,LC0200A,LC0200A,10875,T06
1700,BEng Materials Science and Engineering,LC0200A,MSE1001,11332,C61
1700,BEng Materials Science and Engineering,LC0200A,PHY1201,11377,T01
1700,BEng Materials Science and Engineering,LC0200A,CHEM1300,11748,C02
1700,BEng Materials Science and Engineering,LC0200A,CHEM1300,11750,L05
1700,BEng Materials Science and Engineering,LC0200A,CHEM1300,11756,T05
1700,BEng Materials Science and Engineering,LC0200A,MA1200,11787,CA1
1700,BEng Materials Science and Engineering,LC0200A,MA1200,11792,TA3
1700,BEng Materials Science and Engineering,LC0200A,PHY1201,12178,L02
1700,BEng Materials Science and Engineering,LC0200A,PHY1201,12368,C01
1701,BEng Materials Science and Engineering,LC0200A,LC0200A,10841,T01
1701,BEng Materials Science and Engineering,LC0200A,MSE1001,11332,C61
1701,BEng Materials Science and Engineering,LC0200A,CHEM1300,11747,C01
1701,BEng Materials Science and Engineering,LC0200A,CHEM1300,11750,L05
1701,BEng Materials Science and Engineering,LC0200A,CHEM1300,11756,T05
1701,BEng Materials Science and Engineering,LC0200A,MA1200,11789,CD1
1701,BEng Materials Science and Engineering,LC0200A,MA1200,11797,TD2
1701,BEng Materials Science and Engineering,LC0200A,PHY1201,12179,L03
1701,BEng Materials Science and Engineering,LC0200A,PHY1201,12367,C02
1701,BEng Materials Science and Engineering,LC0200A,PHY1201,12369,T02
1702,BEng Materials Science and Engineering,LC0200A,LC0200A,10875,T06
1702,BEng Materials Science and Engineering,LC0200A,MSE1001,11332,C61
1702,BEng Materials Science and Engineering,LC0200A,PHY1201,11377,T01
1702,BEng Materials Science and Engineering,LC0200A,CHEM1300,11748,C02
1702,BEng Materials Science and Engineering,LC0200A,CHEM1300,11750,L05
1702,BEng Materials Science and Engineering,LC0200A,CHEM1300,11756,T05
1702,BEng Materials Science and Engineering,LC0200A,MA1200,11787,CA1
1702,BEng Materials Science and Engineering,LC0200A,MA1200,11792,TA3
1702,BEng Materials Science and Engineering,LC0200A,PHY1201,12178,L02
1702,BEng Materials Science and Engineering,LC0200A,PHY1201,12368,C01
1703,BEng Materials Science and Engineering,LC0200A,LC0200A,10876,T07
1703,BEng Materials Science and Engineering,LC0200A,MSE1001,11332,C61
1703,BEng Materials Science and Engineering,LC0200A,MA1200,11789,CD1
1703,BEng Materials Science and Engineering,LC0200A,MA1200,11797,TD2
1703,BEng Materials Science and Engineering,LC0200A,PHY1201,12177,L01
1703,BEng Materials Science and Engineering,LC0200A,PHY1201,12368,C01
1703,BEng Materials Science and Engineering,LC0200A,PHY1201,12369,T02
1703,BEng Materials Science and Engineering,LC0200A,CHEM1300,13875,CC1
1703,BEng Materials Science and Engineering,LC0200A,CHEM1300,13876,LC1
1703,BEng Materials Science and Engineering,LC0200A,CHEM1300,13878,TC1
1704,BEng Materials Science and Engineering,LC0200A,LC0200A,10893,T25
1704,BEng Materials Science and Engineering,LC0200A,MSE1001,11332,C61
1704,BEng Materials Science and Engineering,LC0200A,MA1200,11789,CD1
1704,BEng Materials Science and Engineering,LC0200A,MA1200,11797,TD2
1704,BEng Materials Science and Engineering,LC0200A,PHY1201,12178,L02
1704,BEng Materials Science and Engineering,LC0200A,CHEM1300,12268,CA1
1704,BEng Materials Science and Engineering,LC0200A,CHEM1300,12270,LA1
1704,BEng Materials Science and Engineering,LC0200A,CHEM1300,12271,TA1
1704,BEng Materials Science and Engineering,LC0200A,PHY1201,12367,C02
1704,BEng Materials Science and Engineering,LC0200A,PHY1201,12369,T02
1705,BEng Intelligent Manufacturing Engineering,GE1401,GE1501,10604,C09
1705,BEng Intelligent Manufacturing Engineering,GE1401,GE1401,10686,T09
1705,BEng Intelligent Manufacturing Engineering,GE1401,MA1200,11782,CE1
1705,BEng Intelligent Manufacturing Engineering,GE1401,MA1200,11801,TE3
1705,BEng Intelligent Manufacturing Engineering,GE1401,PHY1201,12180,L04
1705,BEng Intelligent Manufacturing Engineering,GE1401,SYE2066,12338,C01
1705,BEng Intelligent Manufacturing Engineering,GE1401,PHY1201,12368,C01
1705,BEng Intelligent Manufacturing Engineering,GE1401,PHY1201,12369,T02
1706,BEng Intelligent Manufacturing Engineering,GE1401,MA1200,11786,CH1
1706,BEng Intelligent Manufacturing Engineering,GE1401,MA1200,11810,TH3
1706,BEng Intelligent Manufacturing Engineering,GE1401,PHY1201,12180,L04
1706,BEng Intelligent Manufacturing Engineering,GE1401,SYE2066,12338,C01
1706,BEng Intelligent Manufacturing Engineering,GE1401,PHY1201,12368,C01
1706,BEng Intelligent Manufacturing Engineering,GE1401,PHY1201,12369,T02
1706,BEng Intelligent Manufacturing Engineering,GE1401,GE1401,12399,T72
1706,BEng Intelligent Manufacturing Engineering,GE1401,GE1501,12622,C16
1707,BEng Intelligent Manufacturing Engineering,GE1401,GE1401,10679,T02
1707,BEng Intelligent Manufacturing Engineering,GE1401,PHY1201,11377,T01
1707,BEng Intelligent Manufacturing Engineering,GE1401,MA1200,11789,CD1
1707,BEng Intelligent Manufacturing Engineering,GE1401,MA1200,11798,TD3
1707,BEng Intelligent Manufacturing Engineering,GE1401,PHY1201,12181,L05
1707,BEng Intelligent Manufacturing Engineering,GE1401,SYE2066,12338,C01
1707,BEng Intelligent Manufacturing Engineering,GE1401,PHY1201,12368,C01
1707,BEng Intelligent Manufacturing Engineering,GE1401,GE1501,12616,C11
1708,BEng Intelligent Manufacturing Engineering,GE1401,PHY1201,11386,CA1
1708,BEng Intelligent Manufacturing Engineering,GE1401,MA1200,11787,CA1
1708,BEng Intelligent Manufacturing Engineering,GE1401,MA1200,11792,TA3
1708,BEng Intelligent Manufacturing Engineering,GE1401,PHY1201,12188,TA1
1708,BEng Intelligent Manufacturing Engineering,GE1401,SYE2066,12338,C01
1708,BEng Intelligent Manufacturing Engineering,GE1401,PHY1201,12379,LA5
1708,BEng Intelligent Manufacturing Engineering,GE1401,GE1501,12621,CB2
1708,BEng Intelligent Manufacturing Engineering,GE1401,GE1401,12735,T74
1709,BEng Intelligent Manufacturing Engineering,GE1401,GE1401,10724,T57
1709,BEng Intelligent Manufacturing Engineering,GE1401,MA1200,11784,CF1
1709,BEng Intelligent Manufacturing Engineering,GE1401,MA1200,11804,TF3
1709,BEng Intelligent Manufacturing Engineering,GE1401,PHY1201,12180,L04
1709,BEng Intelligent Manufacturing Engineering,GE1401,SYE2066,12338,C01
1709,BEng Intelligent Manufacturing Engineering,GE1401,PHY1201,12368,C01
1709,BEng Intelligent Manufacturing Engineering,GE1401,PHY1201,12369,T02
1709,BEng Intelligent Manufacturing Engineering,GE1401,GE1501,12622,C16
1710,BEng Intelligent Manufacturing Engineering,GE1401,GE1401,10682,T05
1710,BEng Intelligent Manufacturing Engineering,GE1401,PHY1201,11377,T01
1710,BEng Intelligent Manufacturing Engineering,GE1401,MA1200,11788,CC1
1710,BEng Intelligent Manufacturing Engineering,GE1401,MA1200,11795,TC3
1710,BEng Intelligent Manufacturing Engineering,GE1401,PHY1201,12181,L05
1710,BEng Intelligent Manufacturing Engineering,GE1401,SYE2066,12338,C01
1710,BEng Intelligent Manufacturing Engineering,GE1401,PHY1201,12368,C01
1710,BEng Intelligent Manufacturing Engineering,GE1401,GE1501,12616,C11
1711,BEng Intelligent Manufacturing Engineering,GE1401,GE1501,10604,C09
1711,BEng Intelligent Manufacturing Engineering,GE1401,GE1401,10705,T30
1711,BEng Intelligent Manufacturing Engineering,GE1401,MA1200,11784,CF1
1711,BEng Intelligent Manufacturing Engineering,GE1401,MA1200,11804,TF3
1711,BEng Intelligent Manufacturing Engineering,GE1401,PHY1201,12180,L04
1711,BEng Intelligent Manufacturing Engineering,GE1401,SYE2066,12338,C01
1711,BEng Intelligent Manufacturing Engineering,GE1401,PHY1201,12368,C01
1711,BEng Intelligent Manufacturing Engineering,GE1401,PHY1201,12369,T02
1712,BEng Intelligent Manufacturing Engineering,GE1401,PHY1201,11386,CA1
1712,BEng Intelligent Manufacturing Engineering,GE1401,MA1200,11787,CA1
1712,BEng Intelligent Manufacturing Engineering,GE1401,MA1200,11792,TA3
1712,BEng Intelligent Manufacturing Engineering,GE1401,PHY1201,12188,TA1
1712,BEng Intelligent Manufacturing Engineering,GE1401,SYE2066,12338,C01
1712,BEng Intelligent Manufacturing Engineering,GE1401,PHY1201,12379,LA5
1712,BEng Intelligent Manufacturing Engineering,GE1401,GE1501,12621,CB2
1712,BEng Intelligent Manufacturing Engineering,GE1401,GE1401,12735,T74
1713,BEng Intelligent Manufacturing Engineering,GE1401,GE1401,10682,T05
1713,BEng Intelligent Manufacturing Engineering,GE1401,PHY1201,11377,T01
1713,BEng Intelligent Manufacturing Engineering,GE1401,MA1200,11788,CC1
1713,BEng Intelligent Manufacturing Engineering,GE1401,MA1200,11795,TC3
1713,BEng Intelligent Manufacturing Engineering,GE1401,PHY1201,12181,L05
1713,BEng Intelligent Manufacturing Engineering,GE1401,SYE2066,12338,C01
1713,BEng Intelligent Manufacturing Engineering,GE1401,PHY1201,12368,C01
1713,BEng Intelligent Manufacturing Engineering,GE1401,GE1501,12616,C11
1714,BEng Intelligent Manufacturing Engineering,GE1401,MA1200,11784,CF1
1714,BEng Intelligent Manufacturing Engineering,GE1401,MA1200,11804,TF3
1714,BEng Intelligent Manufacturing Engineering,GE1401,PHY1201,12180,L04
1714,BEng Intelligent Manufacturing Engineering,GE1401,SYE2066,12338,C01
1714,BEng Intelligent Manufacturing Engineering,GE1401,PHY1201,12368,C01
1714,BEng Intelligent Manufacturing Engineering,GE1401,PHY1201,12369,T02
1714,BEng Intelligent Manufacturing Engineering,GE1401,GE1401,12396,T46
1714,BEng Intelligent Manufacturing Engineering,GE1401,GE1501,12622,C16
1715,BEng Intelligent Manufacturing Engineering,GE1401,MA1200,11784,CF1
1715,BEng Intelligent Manufacturing Engineering,GE1401,MA1200,11804,TF3
1715,BEng Intelligent Manufacturing Engineering,GE1401,PHY1201,12180,L04
1715,BEng Intelligent Manufacturing Engineering,GE1401,SYE2066,12338,C01
1715,BEng Intelligent Manufacturing Engineering,GE1401,PHY1201,12368,C01
1715,BEng Intelligent Manufacturing Engineering,GE1401,PHY1201,12369,T02
1715,BEng Intelligent Manufacturing Engineering,GE1401,GE1401,12396,T46
1715,BEng Intelligent Manufacturing Engineering,GE1401,GE1501,12622,C16
1716,BEng Intelligent Manufacturing Engineering,GE1401,GE1401,10679,T02
1716,BEng Intelligent Manufacturing Engineering,GE1401,PHY1201,11386,CA1
1716,BEng Intelligent Manufacturing Engineering,GE1401,MA1200,11788,CC1
1716,BEng Intelligent Manufacturing Engineering,GE1401,MA1200,11795,TC3
1716,BEng Intelligent Manufacturing Engineering,GE1401,PHY1201,12188,TA1
1716,BEng Intelligent Manufacturing Engineering,GE1401,SYE2066,12338,C01
1716,BEng Intelligent Manufacturing Engineering,GE1401,PHY1201,12379,LA5
1716,BEng Intelligent Manufacturing Engineering,GE1401,GE1501,12621,CB2
1717,BEng Intelligent Manufacturing Engineering,GE1401,GE1401,10723,T56
1717,BEng Intelligent Manufacturing Engineering,GE1401,PHY1201,11386,CA1
1717,BEng Intelligent Manufacturing Engineering,GE1401,MA1200,11787,CA1
1717,BEng Intelligent Manufacturing Engineering,GE1401,MA1200,11792,TA3
1717,BEng Intelligent Manufacturing Engineering,GE1401,PHY1201,12188,TA1
1717,BEng Intelligent Manufacturing Engineering,GE1401,SYE2066,12338,C01
1717,BEng Intelligent Manufacturing Engineering,GE1401,PHY1201,12379,LA5
1717,BEng Intelligent Manufacturing Engineering,GE1401,GE1501,12621,CB2
1718,BEng Intelligent Manufacturing Engineering,GE1401,GE1401,10727,T60
1718,BEng Intelligent Manufacturing Engineering,GE1401,PHY1201,11386,CA1
1718,BEng Intelligent Manufacturing Engineering,GE1401,MA1200,11787,CA1
1718,BEng Intelligent Manufacturing Engineering,GE1401,MA1200,11792,TA3
1718,BEng Intelligent Manufacturing Engineering,GE1401,PHY1201,12188,TA1
1718,BEng Intelligent Manufacturing Engineering,GE1401,SYE2066,12338,C01
1718,BEng Intelligent Manufacturing Engineering,GE1401,PHY1201,12379,LA5
1718,BEng Intelligent Manufacturing Engineering,GE1401,GE1501,12621,CB2
1719,BEng Intelligent Manufacturing Engineering,GE1401,MA1200,11784,CF1
1719,BEng Intelligent Manufacturing Engineering,GE1401,MA1200,11804,TF3
1719,BEng Intelligent Manufacturing Engineering,GE1401,PHY1201,12180,L04
1719,BEng Intelligent Manufacturing Engineering,GE1401,SYE2066,12338,C01
1719,BEng Intelligent Manufacturing Engineering,GE1401,PHY1201,12368,C01
1719,BEng Intelligent Manufacturing Engineering,GE1401,PHY1201,12369,T02
1719,BEng Intelligent Manufacturing Engineering,GE1401,GE1401,12396,T46
1719,BEng Intelligent Manufacturing Engineering,GE1401,GE1501,12622,C16
1720,BEng Intelligent Manufacturing Engineering,GE1401,GE1401,10724,T57
1720,BEng Intelligent Manufacturing Engineering,GE1401,MA1200,11786,CH1
1720,BEng Intelligent Manufacturing Engineering,GE1401,MA1200,11810,TH3
1720,BEng Intelligent Manufacturing Engineering,GE1401,PHY1201,12180,L04
1720,BEng Intelligent Manufacturing Engineering,GE1401,SYE2066,12338,C01
1720,BEng Intelligent Manufacturing Engineering,GE1401,PHY1201,12368,C01
1720,BEng Intelligent Manufacturing Engineering,GE1401,PHY1201,12369,T02
1720,BEng Intelligent Manufacturing Engineering,GE1401,GE1501,12622,C16
1721,BEng Intelligent Manufacturing Engineering,GE1401,GE1401,10724,T57
1721,BEng Intelligent Manufacturing Engineering,GE1401,MA1200,11785,CG1
1721,BEng Intelligent Manufacturing Engineering,GE1401,MA1200,11807,TG3
1721,BEng Intelligent Manufacturing Engineering,GE1401,PHY1201,12180,L04
1721,BEng Intelligent Manufacturing Engineering,GE1401,SYE2066,12338,C01
1721,BEng Intelligent Manufacturing Engineering,GE1401,PHY1201,12368,C01
1721,BEng Intelligent Manufacturing Engineering,GE1401,PHY1201,12369,T02
1721,BEng Intelligent Manufacturing Engineering,GE1401,GE1501,12622,C16
1722,BEng Intelligent Manufacturing Engineering,GE1401,MA1200,11784,CF1
1722,BEng Intelligent Manufacturing Engineering,GE1401,MA1200,11804,TF3
1722,BEng Intelligent Manufacturing Engineering,GE1401,PHY1201,12180,L04
1722,BEng Intelligent Manufacturing Engineering,GE1401,SYE2066,12338,C01
1722,BEng Intelligent Manufacturing Engineering,GE1401,PHY1201,12368,C01
1722,BEng Intelligent Manufacturing Engineering,GE1401,PHY1201,12369,T02
1722,BEng Intelligent Manufacturing Engineering,GE1401,GE1401,12396,T46
1722,BEng Intelligent Manufacturing Engineering,GE1401,GE1501,12622,C16
1723,BEng Intelligent Manufacturing Engineering,GE1401,GE1401,10724,T57
1723,BEng Intelligent Manufacturing Engineering,GE1401,MA1200,11784,CF1
1723,BEng Intelligent Manufacturing Engineering,GE1401,MA1200,11804,TF3
1723,BEng Intelligent Manufacturing Engineering,GE1401,PHY1201,12180,L04
1723,BEng Intelligent Manufacturing Engineering,GE1401,SYE2066,12338,C01
1723,BEng Intelligent Manufacturing Engineering,GE1401,PHY1201,12368,C01
1723,BEng Intelligent Manufacturing Engineering,GE1401,PHY1201,12369,T02
1723,BEng Intelligent Manufacturing Engineering,GE1401,GE1501,12622,C16
1724,BEng Intelligent Manufacturing Engineering,GE1401,GE1401,11491,T69
1724,BEng Intelligent Manufacturing Engineering,GE1401,MA1200,11789,CD1
1724,BEng Intelligent Manufacturing Engineering,GE1401,MA1200,11796,TD1
1724,BEng Intelligent Manufacturing Engineering,GE1401,PHY1201,12178,L02
1724,BEng Intelligent Manufacturing Engineering,GE1401,SYE2066,12338,C01
1724,BEng Intelligent Manufacturing Engineering,GE1401,PHY1201,12367,C02
1724,BEng Intelligent Manufacturing Engineering,GE1401,PHY1201,12369,T02
1724,BEng Intelligent Manufacturing Engineering,GE1401,GE1501,12620,C15
1725,BEng Intelligent Manufacturing Engineering,GE1401,GE1401,10679,T02
1725,BEng Intelligent Manufacturing Engineering,GE1401,PHY1201,11377,T01
1725,BEng Intelligent Manufacturing Engineering,GE1401,MA1200,11789,CD1
1725,BEng Intelligent Manufacturing Engineering,GE1401,MA1200,11798,TD3
1725,BEng Intelligent Manufacturing Engineering,GE1401,PHY1201,12181,L05
1725,BEng Intelligent Manufacturing Engineering,GE1401,SYE2066,12338,C01
1725,BEng Intelligent Manufacturing Engineering,GE1401,PHY1201,12368,C01
1725,BEng Intelligent Manufacturing Engineering,GE1401,GE1501,12616,C11
1726,BEng Intelligent Manufacturing Engineering,GE1401,MA1200,11784,CF1
1726,BEng Intelligent Manufacturing Engineering,GE1401,MA1200,11804,TF3
1726,BEng Intelligent Manufacturing Engineering,GE1401,PHY1201,12180,L04
1726,BEng Intelligent Manufacturing Engineering,GE1401,SYE2066,12338,C01
1726,BEng Intelligent Manufacturing Engineering,GE1401,PHY1201,12368,C01
1726,BEng Intelligent Manufacturing Engineering,GE1401,PHY1201,12369,T02
1726,BEng Intelligent Manufacturing Engineering,GE1401,GE1401,12396,T46
1726,BEng Intelligent Manufacturing Engineering,GE1401,GE1501,12622,C16
1727,BEng Intelligent Manufacturing Engineering,GE1401,GE1501,10604,C09
1727,BEng Intelligent Manufacturing Engineering,GE1401,GE1401,10690,T13
1727,BEng Intelligent Manufacturing Engineering,GE1401,MA1200,11782,CE1
1727,BEng Intelligent Manufacturing Engineering,GE1401,MA1200,11801,TE3
1727,BEng Intelligent Manufacturing Engineering,GE1401,PHY1201,12180,L04
1727,BEng Intelligent Manufacturing Engineering,GE1401,SYE2066,12338,C01
1727,BEng Intelligent Manufacturing Engineering,GE1401,PHY1201,12368,C01
1727,BEng Intelligent Manufacturing Engineering,GE1401,PHY1201,12369,T02
1728,BEng Intelligent Manufacturing Engineering,LC0200A,LC0200A,10888,T20
1728,BEng Intelligent Manufacturing Engineering,LC0200A,MA1200,11789,CD1
1728,BEng Intelligent Manufacturing Engineering,LC0200A,MA1200,11796,TD1
1728,BEng Intelligent Manufacturing Engineering,LC0200A,PHY1201,12178,L02
1728,BEng Intelligent Manufacturing Engineering,LC0200A,SYE2066,12338,C01
1728,BEng Intelligent Manufacturing Engineering,LC0200A,PHY1201,12367,C02
1728,BEng Intelligent Manufacturing Engineering,LC0200A,PHY1201,12369,T02
1728,BEng Intelligent Manufacturing Engineering,LC0200A,GE1501,12620,C15
1729,BEng Intelligent Manufacturing Engineering,LC0200A,PHY1201,11386,CA1
1729,BEng Intelligent Manufacturing Engineering,LC0200A,MA1200,11787,CA1
1729,BEng Intelligent Manufacturing Engineering,LC0200A,MA1200,11792,TA3
1729,BEng Intelligent Manufacturing Engineering,LC0200A,PHY1201,12188,TA1
1729,BEng Intelligent Manufacturing Engineering,LC0200A,LC0200A,12333,T40
1729,BEng Intelligent Manufacturing Engineering,LC0200A,SYE2066,12338,C01
1729,BEng Intelligent Manufacturing Engineering,LC0200A,PHY1201,12379,LA5
1729,BEng Intelligent Manufacturing Engineering,LC0200A,GE1501,12621,CB2
1730,BEng Intelligent Manufacturing Engineering,LC0200A,GE1501,10604,C09
1730,BEng Intelligent Manufacturing Engineering,LC0200A,LC0200A,10897,T29
1730,BEng Intelligent Manufacturing Engineering,LC0200A,MA1200,11785,CG1
1730,BEng Intelligent Manufacturing Engineering,LC0200A,MA1200,11807,TG3
1730,BEng Intelligent Manufacturing Engineering,LC0200A,PHY1201,12180,L04
1730,BEng Intelligent Manufacturing Engineering,LC0200A,SYE2066,12338,C01
1730,BEng Intelligent Manufacturing Engineering,LC0200A,PHY1201,12368,C01
1730,BEng Intelligent Manufacturing Engineering,LC0200A,PHY1201,12369,T02
1731,BEng Intelligent Manufacturing Engineering,LC0200A,GE1501,10604,C09
1731,BEng Intelligent Manufacturing Engineering,LC0200A,LC0200A,10895,T27
1731,BEng Intelligent Manufacturing Engineering,LC0200A,MA1200,11784,CF1
1731,BEng Intelligent Manufacturing Engineering,LC0200A,MA1200,11804,TF3
1731,BEng Intelligent Manufacturing Engineering,LC0200A,PHY1201,12180,L04
1731,BEng Intelligent Manufacturing Engineering,LC0200A,SYE2066,12338,C01
1731,BEng Intelligent Manufacturing Engineering,LC0200A,PHY1201,12368,C01
1731,BEng Intelligent Manufacturing Engineering,LC0200A,PHY1201,12369,T02
1732,BEng Intelligent Manufacturing Engineering,LC0200A,PHY1201,11377,T01
1732,BEng Intelligent Manufacturing Engineering,LC0200A,MA1200,11789,CD1
1732,BEng Intelligent Manufacturing Engineering,LC0200A,MA1200,11798,TD3
1732,BEng Intelligent Manufacturing Engineering,LC0200A,PHY1201,12181,L05
1732,BEng Intelligent Manufacturing Engineering,LC0200A,LC0200A,12333,T40
1732,BEng Intelligent Manufacturing Engineering,LC0200A,SYE2066,12338,C01
1732,BEng Intelligent Manufacturing Engineering,LC0200A,PHY1201,12368,C01
1732,BEng Intelligent Manufacturing Engineering,LC0200A,GE1501,12621,CB2
1733,BEng Intelligent Manufacturing Engineering,LC0200A,PHY1201,11377,T01
1733,BEng Intelligent Manufacturing Engineering,LC0200A,MA1200,11788,CC1
1733,BEng Intelligent Manufacturing Engineering,LC0200A,MA1200,11795,TC3
1733,BEng Intelligent Manufacturing Engineering,LC0200A,PHY1201,12181,L05
1733,BEng Intelligent Manufacturing Engineering,LC0200A,LC0200A,12333,T40
1733,BEng Intelligent Manufacturing Engineering,LC0200A,SYE2066,12338,C01
1733,BEng Intelligent Manufacturing Engineering,LC0200A,PHY1201,12368,C01
1733,BEng Intelligent Manufacturing Engineering,LC0200A,GE1501,12621,CB2
1734,BEng Intelligent Manufacturing Engineering,LC0200A,PHY1201,11377,T01
1734,BEng Intelligent Manufacturing Engineering,LC0200A,MA1200,11788,CC1
1734,BEng Intelligent Manufacturing Engineering,LC0200A,MA1200,11795,TC3
1734,BEng Intelligent Manufacturing Engineering,LC0200A,PHY1201,12181,L05
1734,BEng Intelligent Manufacturing Engineering,LC0200A,LC0200A,12333,T40
1734,BEng Intelligent Manufacturing Engineering,LC0200A,SYE2066,12338,C01
1734,BEng Intelligent Manufacturing Engineering,LC0200A,PHY1201,12368,C01
1734,BEng Intelligent Manufacturing Engineering,LC0200A,GE1501,12621,CB2
1735,BEng Intelligent Manufacturing Engineering,LC0200A,PHY1201,11377,T01
1735,BEng Intelligent Manufacturing Engineering,LC0200A,MA1200,11789,CD1
1735,BEng Intelligent Manufacturing Engineering,LC0200A,MA1200,11798,TD3
1735,BEng Intelligent Manufacturing Engineering,LC0200A,PHY1201,12181,L05
1735,BEng Intelligent Manufacturing Engineering,LC0200A,LC0200A,12333,T40
1735,BEng Intelligent Manufacturing Engineering,LC0200A,SYE2066,12338,C01
1735,BEng Intelligent Manufacturing Engineering,LC0200A,PHY1201,12368,C01
1735,BEng Intelligent Manufacturing Engineering,LC0200A,GE1501,12621,CB2
1736,BEng Intelligent Manufacturing Engineering,LC0200A,GE1501,10604,C09
1736,BEng Intelligent Manufacturing Engineering,LC0200A,LC0200A,10895,T27
1736,BEng Intelligent Manufacturing Engineering,LC0200A,MA1200,11784,CF1
1736,BEng Intelligent Manufacturing Engineering,LC0200A,MA1200,11804,TF3
1736,BEng Intelligent Manufacturing Engineering,LC0200A,PHY1201,12180,L04
1736,BEng Intelligent Manufacturing Engineering,LC0200A,SYE2066,12338,C01
1736,BEng Intelligent Manufacturing Engineering,LC0200A,PHY1201,12368,C01
1736,BEng Intelligent Manufacturing Engineering,LC0200A,PHY1201,12369,T02
1737,BEng Innovation and Enterprise Engineering,GE1401,GE1501,10253,C05
1737,BEng Innovation and Enterprise Engineering,GE1401,GE1401,10715,T45
1737,BEng Innovation and Enterprise Engineering,GE1401,MA1200,11789,CD1
1737,BEng Innovation and Enterprise Engineering,GE1401,MA1200,11796,TD1
1737,BEng Innovation and Enterprise Engineering,GE1401,PHY1201,12178,L02
1737,BEng Innovation and Enterprise Engineering,GE1401,PHY1201,12368,C01
1737,BEng Innovation and Enterprise Engineering,GE1401,PHY1201,12369,T02
1737,BEng Innovation and Enterprise Engineering,GE1401,GE2304,12651,C01
1737,BEng Innovation and Enterprise Engineering,GE1401,SYE1001,14066,C01
1738,BEng Innovation and Enterprise Engineering,GE1401,MA1200,11789,CD1
1738,BEng Innovation and Enterprise Engineering,GE1401,MA1200,11796,TD1
1738,BEng Innovation and Enterprise Engineering,GE1401,PHY1201,12178,L02
1738,BEng Innovation and Enterprise Engineering,GE1401,PHY1201,12368,C01
1738,BEng Innovation and Enterprise Engineering,GE1401,PHY1201,12369,T02
1738,BEng Innovation and Enterprise Engineering,GE1401,GE1501,12616,C11
1738,BEng Innovation and Enterprise Engineering,GE1401,GE2304,12651,C01
1738,BEng Innovation and Enterprise Engineering,GE1401,SYE1001,14066,C01
1738,BEng Innovation and Enterprise Engineering,GE1401,GE1401,15600,T14
1739,BEng Innovation and Enterprise Engineering,GE1401,GE1401,10680,T03
1739,BEng Innovation and Enterprise Engineering,GE1401,PHY1201,11377,T01
1739,BEng Innovation and Enterprise Engineering,GE1401,MA1200,11789,CD1
1739,BEng Innovation and Enterprise Engineering,GE1401,MA1200,11798,TD3
1739,BEng Innovation and Enterprise Engineering,GE1401,PHY1201,12178,L02
1739,BEng Innovation and Enterprise Engineering,GE1401,PHY1201,12368,C01
1739,BEng Innovation and Enterprise Engineering,GE1401,GE1501,12616,C11
1739,BEng Innovation and Enterprise Engineering,GE1401,GE2304,12651,C01
1739,BEng Innovation and Enterprise Engineering,GE1401,SYE1001,14066,C01
1740,BEng Innovation and Enterprise Engineering,GE1401,GE1401,10679,T02
1740,BEng Innovation and Enterprise Engineering,GE1401,GE1501,11157,CB1
1740,BEng Innovation and Enterprise Engineering,GE1401,PHY1201,11377,T01
1740,BEng Innovation and Enterprise Engineering,GE1401,MA1200,11789,CD1
1740,BEng Innovation and Enterprise Engineering,GE1401,MA1200,11798,TD3
1740,BEng Innovation and Enterprise Engineering,GE1401,PHY1201,12178,L02
1740,BEng Innovation and Enterprise Engineering,GE1401,PHY1201,12367,C02
1740,BEng Innovation and Enterprise Engineering,GE1401,GE2304,12651,C01
1740,BEng Innovation and Enterprise Engineering,GE1401,SYE1001,14066,C01
1741,BEng Innovation and Enterprise Engineering,GE1401,GE1501,10253,C05
1741,BEng Innovation and Enterprise Engineering,GE1401,GE1401,10715,T45
1741,BEng Innovation and Enterprise Engineering,GE1401,MA1200,11789,CD1
1741,BEng Innovation and Enterprise Engineering,GE1401,MA1200,11796,TD1
1741,BEng Innovation and Enterprise Engineering,GE1401,PHY1201,12178,L02
1741,BEng Innovation and Enterprise Engineering,GE1401,PHY1201,12368,C01
1741,BEng Innovation and Enterprise Engineering,GE1401,PHY1201,12369,T02
1741,BEng Innovation and Enterprise Engineering,GE1401,GE2304,12651,C01
1741,BEng Innovation and Enterprise Engineering,GE1401,SYE1001,14066,C01
1742,BEng Innovation and Enterprise Engineering,GE1401,MA1200,11789,CD1
1742,BEng Innovation and Enterprise Engineering,GE1401,MA1200,11796,TD1
1742,BEng Innovation and Enterprise Engineering,GE1401,PHY1201,12178,L02
1742,BEng Innovation and Enterprise Engineering,GE1401,PHY1201,12368,C01
1742,BEng Innovation and Enterprise Engineering,GE1401,PHY1201,12369,T02
1742,BEng Innovation and Enterprise Engineering,GE1401,GE1501,12616,C11
1742,BEng Innovation and Enterprise Engineering,GE1401,GE2304,12651,C01
1742,BEng Innovation and Enterprise Engineering,GE1401,SYE1001,14066,C01
1742,BEng Innovation and Enterprise Engineering,GE1401,GE1401,15600,T14
1743,BEng Innovation and Enterprise Engineering,GE1401,GE1501,10253,C05
1743,BEng Innovation and Enterprise Engineering,GE1401,GE1401,10727,T60
1743,BEng Innovation and Enterprise Engineering,GE1401,PHY1201,11386,CA1
1743,BEng Innovation and Enterprise Engineering,GE1401,MA1200,11789,CD1
1743,BEng Innovation and Enterprise Engineering,GE1401,MA1200,11798,TD3
1743,BEng Innovation and Enterprise Engineering,GE1401,PHY1201,12188,TA1
1743,BEng Innovation and Enterprise Engineering,GE1401,PHY1201,12376,LA2
1743,BEng Innovation and Enterprise Engineering,GE1401,GE2304,12651,C01
1743,BEng Innovation and Enterprise Engineering,GE1401,SYE1001,14066,C01
1744,BEng Innovation and Enterprise Engineering,GE1401,GE1401,10697,T21
1744,BEng Innovation and Enterprise Engineering,GE1401,MA1200,11789,CD1
1744,BEng Innovation and Enterprise Engineering,GE1401,MA1200,11796,TD1
1744,BEng Innovation and Enterprise Engineering,GE1401,PHY1201,12178,L02
1744,BEng Innovation and Enterprise Engineering,GE1401,PHY1201,12368,C01
1744,BEng Innovation and Enterprise Engineering,GE1401,PHY1201,12369,T02
1744,BEng Innovation and Enterprise Engineering,GE1401,GE1501,12616,C11
1744,BEng Innovation and Enterprise Engineering,GE1401,GE2304,12651,C01
1744,BEng Innovation and Enterprise Engineering,GE1401,SYE1001,14066,C01
1745,BEng Innovation and Enterprise Engineering,GE1401,GE1501,11157,CB1
1745,BEng Innovation and Enterprise Engineering,GE1401,GE1401,11491,T69
1745,BEng Innovation and Enterprise Engineering,GE1401,MA1200,11789,CD1
1745,BEng Innovation and Enterprise Engineering,GE1401,MA1200,11796,TD1
1745,BEng Innovation and Enterprise Engineering,GE1401,PHY1201,12178,L02
1745,BEng Innovation and Enterprise Engineering,GE1401,PHY1201,12367,C02
1745,BEng Innovation and Enterprise Engineering,GE1401,PHY1201,12369,T02
1745,BEng Innovation and Enterprise Engineering,GE1401,GE2304,12651,C01
1745,BEng Innovation and Enterprise Engineering,GE1401,SYE1001,14066,C01
1746,BEng Innovation and Enterprise Engineering,GE1401,GE1501,10253,C05
1746,BEng Innovation and Enterprise Engineering,GE1401,GE1401,10728,T61
1746,BEng Innovation and Enterprise Engineering,GE1401,MA1200,11789,CD1
1746,BEng Innovation and Enterprise Engineering,GE1401,MA1200,11796,TD1
1746,BEng Innovation and Enterprise Engineering,GE1401,PHY1201,12178,L02
1746,BEng Innovation and Enterprise Engineering,GE1401,PHY1201,12368,C01
1746,BEng Innovation and Enterprise Engineering,GE1401,PHY1201,12369,T02
1746,BEng Innovation and Enterprise Engineering,GE1401,GE2304,12651,C01
1746,BEng Innovation and Enterprise Engineering,GE1401,SYE1001,14066,C01
1747,BEng Innovation and Enterprise Engineering,GE1401,GE1401,10728,T61
1747,BEng Innovation and Enterprise Engineering,GE1401,PHY1201,11377,T01
1747,BEng Innovation and Enterprise Engineering,GE1401,MA1200,11789,CD1
1747,BEng Innovation and Enterprise Engineering,GE1401,MA1200,11796,TD1
1747,BEng Innovation and Enterprise Engineering,GE1401,PHY1201,12178,L02
1747,BEng Innovation and Enterprise Engineering,GE1401,PHY1201,12367,C02
1747,BEng Innovation and Enterprise Engineering,GE1401,GE1501,12618,C13
1747,BEng Innovation and Enterprise Engineering,GE1401,GE2304,12651,C01
1747,BEng Innovation and Enterprise Engineering,GE1401,SYE1001,14066,C01
1748,BEng Innovation and Enterprise Engineering,GE1401,PHY1201,11377,T01
1748,BEng Innovation and Enterprise Engineering,GE1401,MA1200,11789,CD1
1748,BEng Innovation and Enterprise Engineering,GE1401,MA1200,11798,TD3
1748,BEng Innovation and Enterprise Engineering,GE1401,PHY1201,12177,L01
1748,BEng Innovation and Enterprise Engineering,GE1401,PHY1201,12368,C01
1748,BEng Innovation and Enterprise Engineering,GE1401,GE1501,12616,C11
1748,BEng Innovation and Enterprise Engineering,GE1401,GE2304,12651,C01
1748,BEng Innovation and Enterprise Engineering,GE1401,SYE1001,14066,C01
1748,BEng Innovation and Enterprise Engineering,GE1401,GE1401,15600,T14
1749,BEng Innovation and Enterprise Engineering,GE1401,GE1401,10697,T21
1749,BEng Innovation and Enterprise Engineering,GE1401,MA1200,11789,CD1
1749,BEng Innovation and Enterprise Engineering,GE1401,MA1200,11796,TD1
1749,BEng Innovation and Enterprise Engineering,GE1401,PHY1201,12178,L02
1749,BEng Innovation and Enterprise Engineering,GE1401,PHY1201,12368,C01
1749,BEng Innovation and Enterprise Engineering,GE1401,PHY1201,12369,T02
1749,BEng Innovation and Enterprise Engineering,GE1401,GE1501,12616,C11
1749,BEng Innovation and Enterprise Engineering,GE1401,GE2304,12651,C01
1749,BEng Innovation and Enterprise Engineering,GE1401,SYE1001,14066,C01
1750,BEng Innovation and Enterprise Engineering,GE1401,GE1401,10697,T21
1750,BEng Innovation and Enterprise Engineering,GE1401,MA1200,11789,CD1
1750,BEng Innovation and Enterprise Engineering,GE1401,MA1200,11796,TD1
1750,BEng Innovation and Enterprise Engineering,GE1401,PHY1201,12178,L02
1750,BEng Innovation and Enterprise Engineering,GE1401,PHY1201,12368,C01
1750,BEng Innovation and Enterprise Engineering,GE1401,PHY1201,12369,T02
1750,BEng Innovation and Enterprise Engineering,GE1401,GE1501,12616,C11
1750,BEng Innovation and Enterprise Engineering,GE1401,GE2304,12651,C01
1750,BEng Innovation and Enterprise Engineering,GE1401,SYE1001,14066,C01
1751,BEng Innovation and Enterprise Engineering,GE1401,PHY1201,11377,T01
1751,BEng Innovation and Enterprise Engineering,GE1401,MA1200,11789,CD1
1751,BEng Innovation and Enterprise Engineering,GE1401,MA1200,11796,TD1
1751,BEng Innovation and Enterprise Engineering,GE1401,PHY1201,12178,L02
1751,BEng Innovation and Enterprise Engineering,GE1401,PHY1201,12368,C01
1751,BEng Innovation and Enterprise Engineering,GE1401,GE1501,12616,C11
1751,BEng Innovation and Enterprise Engineering,GE1401,GE2304,12651,C01
1751,BEng Innovation and Enterprise Engineering,GE1401,SYE1001,14066,C01
1751,BEng Innovation and Enterprise Engineering,GE1401,GE1401,15600,T14
1752,BEng Innovation and Enterprise Engineering,GE1401,GE1401,10697,T21
1752,BEng Innovation and Enterprise Engineering,GE1401,MA1200,11789,CD1
1752,BEng Innovation and Enterprise Engineering,GE1401,MA1200,11796,TD1
1752,BEng Innovation and Enterprise Engineering,GE1401,PHY1201,12178,L02
1752,BEng Innovation and Enterprise Engineering,GE1401,PHY1201,12368,C01
1752,BEng Innovation and Enterprise Engineering,GE1401,PHY1201,12369,T02
1752,BEng Innovation and Enterprise Engineering,GE1401,GE1501,12616,C11
1752,BEng Innovation and Enterprise Engineering,GE1401,GE2304,12651,C01
1752,BEng Innovation and Enterprise Engineering,GE1401,SYE1001,14066,C01
1753,BEng Innovation and Enterprise Engineering,LC0200A,GE1501,10253,C05
1753,BEng Innovation and Enterprise Engineering,LC0200A,LC0200A,10862,T02
1753,BEng Innovation and Enterprise Engineering,LC0200A,PHY1201,11377,T01
1753,BEng Innovation and Enterprise Engineering,LC0200A,MA1200,11789,CD1
1753,BEng Innovation and Enterprise Engineering,LC0200A,MA1200,11796,TD1
1753,BEng Innovation and Enterprise Engineering,LC0200A,PHY1201,12178,L02
1753,BEng Innovation and Enterprise Engineering,LC0200A,PHY1201,12368,C01
1753,BEng Innovation and Enterprise Engineering,LC0200A,GE2304,12651,C01
1753,BEng Innovation and Enterprise Engineering,LC0200A,SYE1001,14066,C01
1754,BEng Innovation and Enterprise Engineering,LC0200A,LC0200A,10862,T02
1754,BEng Innovation and Enterprise Engineering,LC0200A,MA1200,11789,CD1
1754,BEng Innovation and Enterprise Engineering,LC0200A,MA1200,11796,TD1
1754,BEng Innovation and Enterprise Engineering,LC0200A,PHY1201,12178,L02
1754,BEng Innovation and Enterprise Engineering,LC0200A,PHY1201,12367,C02
1754,BEng Innovation and Enterprise Engineering,LC0200A,PHY1201,12369,T02
1754,BEng Innovation and Enterprise Engineering,LC0200A,GE1501,12618,C13
1754,BEng Innovation and Enterprise Engineering,LC0200A,GE2304,12651,C01
1754,BEng Innovation and Enterprise Engineering,LC0200A,SYE1001,14066,C01
1755,BEng Innovation and Enterprise Engineering,LC0200A,MA1200,11789,CD1
1755,BEng Innovation and Enterprise Engineering,LC0200A,MA1200,11798,TD3
1755,BEng Innovation and Enterprise Engineering,LC0200A,PHY1201,12188,TA1
1755,BEng Innovation and Enterprise Engineering,LC0200A,LC0200A,12333,T40
1755,BEng Innovation and Enterprise Engineering,LC0200A,PHY1201,12371,CA2
1755,BEng Innovation and Enterprise Engineering,LC0200A,PHY1201,12377,LA3
1755,BEng Innovation and Enterprise Engineering,LC0200A,GE1501,12621,CB2
1755,BEng Innovation and Enterprise Engineering,LC0200A,GE2304,12651,C01
1755,BEng Innovation and Enterprise Engineering,LC0200A,SYE1001,14066,C01
1756,BEng Innovation and Enterprise Engineering,LC0200A,LC0200A,10885,T16
1756,BEng Innovation and Enterprise Engineering,LC0200A,PHY1201,11377,T01
1756,BEng Innovation and Enterprise Engineering,LC0200A,MA1200,11789,CD1
1756,BEng Innovation and Enterprise Engineering,LC0200A,MA1200,11796,TD1
1756,BEng Innovation and Enterprise Engineering,LC0200A,PHY1201,12178,L02
1756,BEng Innovation and Enterprise Engineering,LC0200A,PHY1201,12368,C01
1756,BEng Innovation and Enterprise Engineering,LC0200A,GE1501,12616,C11
1756,BEng Innovation and Enterprise Engineering,LC0200A,GE2304,12651,C01
1756,BEng Innovation and Enterprise Engineering,LC0200A,SYE1001,14066,C01
1757,BEng Innovation and Enterprise Engineering,LC0200A,PHY1201,11377,T01
1757,BEng Innovation and Enterprise Engineering,LC0200A,MA1200,11789,CD1
1757,BEng Innovation and Enterprise Engineering,LC0200A,MA1200,11798,TD3
1757,BEng Innovation and Enterprise Engineering,LC0200A,PHY1201,12179,L03
1757,BEng Innovation and Enterprise Engineering,LC0200A,LC0200A,12333,T40
1757,BEng Innovation and Enterprise Engineering,LC0200A,PHY1201,12367,C02
1757,BEng Innovation and Enterprise Engineering,LC0200A,GE1501,12621,CB2
1757,BEng Innovation and Enterprise Engineering,LC0200A,GE2304,12651,C01
1757,BEng Innovation and Enterprise Engineering,LC0200A,SYE1001,14066,C01
1758,BEng Innovation and Enterprise Engineering,LC0200A,GE1501,10253,C05
1758,BEng Innovation and Enterprise Engineering,LC0200A,LC0200A,10888,T20
1758,BEng Innovation and Enterprise Engineering,LC0200A,PHY1201,11377,T01
1758,BEng Innovation and Enterprise Engineering,LC0200A,MA1200,11789,CD1
1758,BEng Innovation and Enterprise Engineering,LC0200A,MA1200,11796,TD1
1758,BEng Innovation and Enterprise Engineering,LC0200A,PHY1201,12178,L02
1758,BEng Innovation and Enterprise Engineering,LC0200A,PHY1201,12368,C01
1758,BEng Innovation and Enterprise Engineering,LC0200A,GE2304,12651,C01
1758,BEng Innovation and Enterprise Engineering,LC0200A,SYE1001,14066,C01
1759,BEng Innovation and Enterprise Engineering,LC0200A,PHY1201,11377,T01
1759,BEng Innovation and Enterprise Engineering,LC0200A,MA1200,11789,CD1
1759,BEng Innovation and Enterprise Engineering,LC0200A,MA1200,11798,TD3
1759,BEng Innovation and Enterprise Engineering,LC0200A,PHY1201,12179,L03
1759,BEng Innovation and Enterprise Engineering,LC0200A,LC0200A,12333,T40
1759,BEng Innovation and Enterprise Engineering,LC0200A,PHY1201,12367,C02
1759,BEng Innovation and Enterprise Engineering,LC0200A,GE1501,12621,CB2
1759,BEng Innovation and Enterprise Engineering,LC0200A,GE2304,12651,C01
1759,BEng Innovation and Enterprise Engineering,LC0200A,SYE1001,14066,C01
1760,BEng Energy Science and Engineering,GE1401,CHEM1200,11295,L04
1760,BEng Energy Science and Engineering,GE1401,CHEM1200,11735,C02
1760,BEng Energy Science and Engineering,GE1401,CHEM1300,11747,C01
1760,BEng Energy Science and Engineering,GE1401,CHEM1300,11752,T02
1760,BEng Energy Science and Engineering,GE1401,MA1200,11784,CF1
1760,BEng Energy Science and Engineering,GE1401,MA1200,11804,TF3
1760,BEng Energy Science and Engineering,GE1401,CHEM1300,12098,L02
1760,BEng Energy Science and Engineering,GE1401,SEE1003,12365,C01
1760,BEng Energy Science and Engineering,GE1401,GE1401,15183,TC4
1761,BEng Energy Science and Engineering,GE1401,GE1401,10682,T05
1761,BEng Energy Science and Engineering,GE1401,CHEM1200,11092,L02
1761,BEng Energy Science and Engineering,GE1401,CHEM1200,11735,C02
1761,BEng Energy Science and Engineering,GE1401,CHEM1300,11747,C01
1761,BEng Energy Science and Engineering,GE1401,CHEM1300,11751,T04
1761,BEng Energy Science and Engineering,GE1401,MA1200,11786,CH1
1761,BEng Energy Science and Engineering,GE1401,MA1200,11809,TH2
1761,BEng Energy Science and Engineering,GE1401,CHEM1300,12100,L01
1761,BEng Energy Science and Engineering,GE1401,SEE1003,12365,C01
1762,BEng Energy Science and Engineering,GE1401,GE1401,10701,T25
1762,BEng Energy Science and Engineering,GE1401,CHEM1200,11294,L03
1762,BEng Energy Science and Engineering,GE1401,CHEM1200,11735,C02
1762,BEng Energy Science and Engineering,GE1401,CHEM1300,11747,C01
1762,BEng Energy Science and Engineering,GE1401,CHEM1300,11755,T01
1762,BEng Energy Science and Engineering,GE1401,MA1200,11782,CE1
1762,BEng Energy Science and Engineering,GE1401,MA1200,11800,TE2
1762,BEng Energy Science and Engineering,GE1401,CHEM1300,12098,L02
1762,BEng Energy Science and Engineering,GE1401,SEE1003,12365,C01
1763,BEng Energy Science and Engineering,GE1401,GE1401,10708,T34
1763,BEng Energy Science and Engineering,GE1401,CHEM1200,11295,L04
1763,BEng Energy Science and Engineering,GE1401,CHEM1200,11735,C02
1763,BEng Energy Science and Engineering,GE1401,CHEM1300,11747,C01
1763,BEng Energy Science and Engineering,GE1401,CHEM1300,11755,T01
1763,BEng Energy Science and Engineering,GE1401,MA1200,11784,CF1
1763,BEng Energy Science and Engineering,GE1401,MA1200,11803,TF2
1763,BEng Energy Science and Engineering,GE1401,CHEM1300,12100,L01
1763,BEng Energy Science and Engineering,GE1401,SEE1003,12365,C01
1764,BEng Energy Science and Engineering,GE1401,GE1401,10727,T60
1764,BEng Energy Science and Engineering,GE1401,CHEM1200,11294,L03
1764,BEng Energy Science and Engineering,GE1401,CHEM1200,11735,C02
1764,BEng Energy Science and Engineering,GE1401,CHEM1300,11747,C01
1764,BEng Energy Science and Engineering,GE1401,CHEM1300,11755,T01
1764,BEng Energy Science and Engineering,GE1401,MA1200,11782,CE1
1764,BEng Energy Science and Engineering,GE1401,MA1200,11800,TE2
1764,BEng Energy Science and Engineering,GE1401,CHEM1300,12098,L02
1764,BEng Energy Science and Engineering,GE1401,SEE1003,12366,CA1
1765,BEng Energy Science and Engineering,GE1401,GE1401,10708,T34
1765,BEng Energy Science and Engineering,GE1401,CHEM1200,11295,L04
1765,BEng Energy Science and Engineering,GE1401,CHEM1200,11735,C02
1765,BEng Energy Science and Engineering,GE1401,CHEM1300,11747,C01
1765,BEng Energy Science and Engineering,GE1401,CHEM1300,11755,T01
1765,BEng Energy Science and Engineering,GE1401,MA1200,11784,CF1
1765,BEng Energy Science and Engineering,GE1401,MA1200,11803,TF2
1765,BEng Energy Science and Engineering,GE1401,CHEM1300,12098,L02
1765,BEng Energy Science and Engineering,GE1401,SEE1003,12365,C01
1766,BEng Energy Science and Engineering,GE1401,GE1401,10684,T07
1766,BEng Energy Science and Engineering,GE1401,CHEM1200,11092,L02
1766,BEng Energy Science and Engineering,GE1401,CHEM1200,11735,C02
1766,BEng Energy Science and Engineering,GE1401,CHEM1300,11747,C01
1766,BEng Energy Science and Engineering,GE1401,CHEM1300,11751,T04
1766,BEng Energy Science and Engineering,GE1401,MA1200,11786,CH1
1766,BEng Energy Science and Engineering,GE1401,MA1200,11810,TH3
1766,BEng Energy Science and Engineering,GE1401,CHEM1300,12098,L02
1766,BEng Energy Science and Engineering,GE1401,SEE1003,12365,C01
1767,BEng Energy Science and Engineering,GE1401,GE1401,10696,T20
1767,BEng Energy Science and Engineering,GE1401,CHEM1200,11294,L03
1767,BEng Energy Science and Engineering,GE1401,CHEM1200,11735,C02
1767,BEng Energy Science and Engineering,GE1401,CHEM1300,11747,C01
1767,BEng Energy Science and Engineering,GE1401,CHEM1300,11755,T01
1767,BEng Energy Science and Engineering,GE1401,MA1200,11782,CE1
1767,BEng Energy Science and Engineering,GE1401,MA1200,11800,TE2
1767,BEng Energy Science and Engineering,GE1401,CHEM1300,12098,L02
1767,BEng Energy Science and Engineering,GE1401,SEE1003,12365,C01
1768,BEng Energy Science and Engineering,GE1401,GE1401,10730,T64
1768,BEng Energy Science and Engineering,GE1401,CHEM1200,11092,L02
1768,BEng Energy Science and Engineering,GE1401,CHEM1200,11735,C02
1768,BEng Energy Science and Engineering,GE1401,CHEM1300,11747,C01
1768,BEng Energy Science and Engineering,GE1401,CHEM1300,11751,T04
1768,BEng Energy Science and Engineering,GE1401,MA1200,11785,CG1
1768,BEng Energy Science and Engineering,GE1401,MA1200,11807,TG3
1768,BEng Energy Science and Engineering,GE1401,CHEM1300,12098,L02
1768,BEng Energy Science and Engineering,GE1401,SEE1003,12365,C01
1769,BEng Energy Science and Engineering,GE1401,GE1401,10727,T60
1769,BEng Energy Science and Engineering,GE1401,CHEM1200,11294,L03
1769,BEng Energy Science and Engineering,GE1401,CHEM1200,11735,C02
1769,BEng Energy Science and Engineering,GE1401,CHEM1300,11747,C01
1769,BEng Energy Science and Engineering,GE1401,CHEM1300,11755,T01
1769,BEng Energy Science and Engineering,GE1401,MA1200,11782,CE1
1769,BEng Energy Science and Engineering,GE1401,MA1200,11800,TE2
1769,BEng Energy Science and Engineering,GE1401,CHEM1300,12098,L02
1769,BEng Energy Science and Engineering,GE1401,SEE1003,12366,CA1
1770,BEng Energy Science and Engineering,GE1401,CHEM1200,11295,L04
1770,BEng Energy Science and Engineering,GE1401,CHEM1200,11735,C02
1770,BEng Energy Science and Engineering,GE1401,CHEM1300,11747,C01
1770,BEng Energy Science and Engineering,GE1401,CHEM1300,11752,T02
1770,BEng Energy Science and Engineering,GE1401,MA1200,11785,CG1
1770,BEng Energy Science and Engineering,GE1401,MA1200,11807,TG3
1770,BEng Energy Science and Engineering,GE1401,CHEM1300,12098,L02
1770,BEng Energy Science and Engineering,GE1401,SEE1003,12365,C01
1770,BEng Energy Science and Engineering,GE1401,GE1401,13263,T92
1771,BEng Energy Science and Engineering,GE1401,GE1401,10723,T56
1771,BEng Energy Science and Engineering,GE1401,CHEM1200,11294,L03
1771,BEng Energy Science and Engineering,GE1401,CHEM1200,11735,C02
1771,BEng Energy Science and Engineering,GE1401,CHEM1300,11747,C01
1771,BEng Energy Science and Engineering,GE1401,CHEM1300,11755,T01
1771,BEng Energy Science and Engineering,GE1401,MA1200,11782,CE1
1771,BEng Energy Science and Engineering,GE1401,MA1200,11800,TE2
1771,BEng Energy Science and Engineering,GE1401,CHEM1300,12098,L02
1771,BEng Energy Science and Engineering,GE1401,SEE1003,12366,CA1
1772,BEng Energy Science and Engineering,GE1401,CHEM1300,11747,C01
1772,BEng Energy Science and Engineering,GE1401,CHEM1300,11751,T04
1772,BEng Energy Science and Engineering,GE1401,MA1200,11786,CH1
1772,BEng Energy Science and Engineering,GE1401,MA1200,11809,TH2
1772,BEng Energy Science and Engineering,GE1401,CHEM1300,12269,L04
1772,BEng Energy Science and Engineering,GE1401,SEE1003,12365,C01
1772,BEng Energy Science and Engineering,GE1401,GE1401,13574,TB3
1772,BEng Energy Science and Engineering,GE1401,CHEM1200,13869,CA1
1772,BEng Energy Science and Engineering,GE1401,CHEM1200,13871,LA1
1773,BEng Energy Science and Engineering,GE1401,GE1401,10730,T64
1773,BEng Energy Science and Engineering,GE1401,CHEM1200,11092,L02
1773,BEng Energy Science and Engineering,GE1401,CHEM1200,11735,C02
1773,BEng Energy Science and Engineering,GE1401,CHEM1300,11747,C01
1773,BEng Energy Science and Engineering,GE1401,CHEM1300,11751,T04
1773,BEng Energy Science and Engineering,GE1401,MA1200,11785,CG1
1773,BEng Energy Science and Engineering,GE1401,MA1200,11807,TG3
1773,BEng Energy Science and Engineering,GE1401,CHEM1300,12098,L02
1773,BEng Energy Science and Engineering,GE1401,SEE1003,12365,C01
1774,BEng Energy Science and Engineering,GE1401,CHEM1200,11295,L04
1774,BEng Energy Science and Engineering,GE1401,CHEM1200,11735,C02
1774,BEng Energy Science and Engineering,GE1401,CHEM1300,11747,C01
1774,BEng Energy Science and Engineering,GE1401,CHEM1300,11752,T02
1774,BEng Energy Science and Engineering,GE1401,MA1200,11785,CG1
1774,BEng Energy Science and Engineering,GE1401,MA1200,11807,TG3
1774,BEng Energy Science and Engineering,GE1401,CHEM1300,12098,L02
1774,BEng Energy Science and Engineering,GE1401,SEE1003,12365,C01
1774,BEng Energy Science and Engineering,GE1401,GE1401,13263,T92
1775,BEng Energy Science and Engineering,GE1401,GE1401,10708,T34
1775,BEng Energy Science and Engineering,GE1401,CHEM1200,11295,L04
1775,BEng Energy Science and Engineering,GE1401,CHEM1200,11735,C02
1775,BEng Energy Science and Engineering,GE1401,CHEM1300,11747,C01
1775,BEng Energy Science and Engineering,GE1401,CHEM1300,11755,T01
1775,BEng Energy Science and Engineering,GE1401,MA1200,11784,CF1
1775,BEng Energy Science and Engineering,GE1401,MA1200,11804,TF3
1775,BEng Energy Science and Engineering,GE1401,CHEM1300,12098,L02
1775,BEng Energy Science and Engineering,GE1401,SEE1003,12365,C01
1776,BEng Energy Science and Engineering,GE1401,GE1401,10701,T25
1776,BEng Energy Science and Engineering,GE1401,CHEM1200,11295,L04
1776,BEng Energy Science and Engineering,GE1401,CHEM1200,11735,C02
1776,BEng Energy Science and Engineering,GE1401,CHEM1300,11747,C01
1776,BEng Energy Science and Engineering,GE1401,CHEM1300,11755,T01
1776,BEng Energy Science and Engineering,GE1401,MA1200,11784,CF1
1776,BEng Energy Science and Engineering,GE1401,MA1200,11803,TF2
1776,BEng Energy Science and Engineering,GE1401,CHEM1300,12098,L02
1776,BEng Energy Science and Engineering,GE1401,SEE1003,12365,C01
1777,BEng Energy Science and Engineering,GE1401,GE1401,10357,T01
1777,BEng Energy Science and Engineering,GE1401,CHEM1200,11294,L03
1777,BEng Energy Science and Engineering,GE1401,CHEM1200,11735,C02
1777,BEng Energy Science and Engineering,GE1401,CHEM1300,11747,C01
1777,BEng Energy Science and Engineering,GE1401,CHEM1300,11751,T04
1777,BEng Energy Science and Engineering,GE1401,MA1200,11782,CE1
1777,BEng Energy Science and Engineering,GE1401,MA1200,11800,TE2
1777,BEng Energy Science and Engineering,GE1401,CHEM1300,12269,L04
1777,BEng Energy Science and Engineering,GE1401,SEE1003,12366,CA1
1778,BEng Energy Science and Engineering,GE1401,GE1401,10708,T34
1778,BEng Energy Science and Engineering,GE1401,CHEM1200,11295,L04
1778,BEng Energy Science and Engineering,GE1401,CHEM1200,11735,C02
1778,BEng Energy Science and Engineering,GE1401,CHEM1300,11747,C01
1778,BEng Energy Science and Engineering,GE1401,CHEM1300,11755,T01
1778,BEng Energy Science and Engineering,GE1401,MA1200,11784,CF1
1778,BEng Energy Science and Engineering,GE1401,MA1200,11803,TF2
1778,BEng Energy Science and Engineering,GE1401,CHEM1300,12100,L01
1778,BEng Energy Science and Engineering,GE1401,SEE1003,12365,C01
1779,BEng Energy Science and Engineering,GE1401,GE1401,10696,T20
1779,BEng Energy Science and Engineering,GE1401,CHEM1200,11294,L03
1779,BEng Energy Science and Engineering,GE1401,CHEM1200,11735,C02
1779,BEng Energy Science and Engineering,GE1401,CHEM1300,11747,C01
1779,BEng Energy Science and Engineering,GE1401,CHEM1300,11755,T01
1779,BEng Energy Science and Engineering,GE1401,MA1200,11782,CE1
1779,BEng Energy Science and Engineering,GE1401,MA1200,11801,TE3
1779,BEng Energy Science and Engineering,GE1401,CHEM1300,12100,L01
1779,BEng Energy Science and Engineering,GE1401,SEE1003,12366,CA1
1780,BEng Energy Science and Engineering,GE1401,GE1401,10701,T25
1780,BEng Energy Science and Engineering,GE1401,CHEM1200,11295,L04
1780,BEng Energy Science and Engineering,GE1401,CHEM1200,11735,C02
1780,BEng Energy Science and Engineering,GE1401,CHEM1300,11747,C01
1780,BEng Energy Science and Engineering,GE1401,CHEM1300,11755,T01
1780,BEng Energy Science and Engineering,GE1401,MA1200,11784,CF1
1780,BEng Energy Science and Engineering,GE1401,MA1200,11803,TF2
1780,BEng Energy Science and Engineering,GE1401,CHEM1300,12100,L01
1780,BEng Energy Science and Engineering,GE1401,SEE1003,12365,C01
1781,BEng Energy Science and Engineering,GE1401,GE1401,10696,T20
1781,BEng Energy Science and Engineering,GE1401,CHEM1200,11294,L03
1781,BEng Energy Science and Engineering,GE1401,CHEM1200,11735,C02
1781,BEng Energy Science and Engineering,GE1401,CHEM1300,11747,C01
1781,BEng Energy Science and Engineering,GE1401,CHEM1300,11755,T01
1781,BEng Energy Science and Engineering,GE1401,MA1200,11782,CE1
1781,BEng Energy Science and Engineering,GE1401,MA1200,11801,TE3
1781,BEng Energy Science and Engineering,GE1401,CHEM1300,12098,L02
1781,BEng Energy Science and Engineering,GE1401,SEE1003,12365,C01
1782,BEng Energy Science and Engineering,GE1401,GE1401,10684,T07
1782,BEng Energy Science and Engineering,GE1401,CHEM1200,11092,L02
1782,BEng Energy Science and Engineering,GE1401,CHEM1200,11735,C02
1782,BEng Energy Science and Engineering,GE1401,CHEM1300,11747,C01
1782,BEng Energy Science and Engineering,GE1401,CHEM1300,11751,T04
1782,BEng Energy Science and Engineering,GE1401,MA1200,11785,CG1
1782,BEng Energy Science and Engineering,GE1401,MA1200,11807,TG3
1782,BEng Energy Science and Engineering,GE1401,CHEM1300,12098,L02
1782,BEng Energy Science and Engineering,GE1401,SEE1003,12365,C01
1783,BEng Energy Science and Engineering,LC0200A,LC0200A,10841,T01
1783,BEng Energy Science and Engineering,LC0200A,CHEM1200,11295,L04
1783,BEng Energy Science and Engineering,LC0200A,CHEM1200,11735,C02
1783,BEng Energy Science and Engineering,LC0200A,CHEM1300,11747,C01
1783,BEng Energy Science and Engineering,LC0200A,CHEM1300,11755,T01
1783,BEng Energy Science and Engineering,LC0200A,MA1200,11784,CF1
1783,BEng Energy Science and Engineering,LC0200A,MA1200,11803,TF2
1783,BEng Energy Science and Engineering,LC0200A,CHEM1300,12098,L02
1783,BEng Energy Science and Engineering,LC0200A,SEE1003,12365,C01
1784,BEng Energy Science and Engineering,LC0200A,LC0200A,10841,T01
1784,BEng Energy Science and Engineering,LC0200A,CHEM1200,11295,L04
1784,BEng Energy Science and Engineering,LC0200A,CHEM1200,11735,C02
1784,BEng Energy Science and Engineering,LC0200A,CHEM1300,11747,C01
1784,BEng Energy Science and Engineering,LC0200A,CHEM1300,11755,T01
1784,BEng Energy Science and Engineering,LC0200A,MA1200,11785,CG1
1784,BEng Energy Science and Engineering,LC0200A,MA1200,11806,TG2
1784,BEng Energy Science and Engineering,LC0200A,CHEM1300,12098,L02
1784,BEng Energy Science and Engineering,LC0200A,SEE1003,12365,C01
1785,BEng Energy Science and Engineering,LC0200A,LC0200A,10841,T01
1785,BEng Energy Science and Engineering,LC0200A,CHEM1200,11295,L04
1785,BEng Energy Science and Engineering,LC0200A,CHEM1200,11735,C02
1785,BEng Energy Science and Engineering,LC0200A,CHEM1300,11747,C01
1785,BEng Energy Science and Engineering,LC0200A,CHEM1300,11755,T01
1785,BEng Energy Science and Engineering,LC0200A,MA1200,11784,CF1
1785,BEng Energy Science and Engineering,LC0200A,MA1200,11803,TF2
1785,BEng Energy Science and Engineering,LC0200A,CHEM1300,12098,L02
1785,BEng Energy Science and Engineering,LC0200A,SEE1003,12365,C01
1786,BEng Energy Science and Engineering,LC0200A,LC0200A,10841,T01
1786,BEng Energy Science and Engineering,LC0200A,CHEM1200,11294,L03
1786,BEng Energy Science and Engineering,LC0200A,CHEM1200,11735,C02
1786,BEng Energy Science and Engineering,LC0200A,CHEM1300,11747,C01
1786,BEng Energy Science and Engineering,LC0200A,CHEM1300,11755,T01
1786,BEng Energy Science and Engineering,LC0200A,MA1200,11782,CE1
1786,BEng Energy Science and Engineering,LC0200A,MA1200,11801,TE3
1786,BEng Energy Science and Engineering,LC0200A,CHEM1300,12269,L04
1786,BEng Energy Science and Engineering,LC0200A,SEE1003,12366,CA1
1787,BEng Energy Science and Engineering,LC0200A,LC0200A,10841,T01
1787,BEng Energy Science and Engineering,LC0200A,CHEM1200,11295,L04
1787,BEng Energy Science and Engineering,LC0200A,CHEM1200,11735,C02
1787,BEng Energy Science and Engineering,LC0200A,CHEM1300,11747,C01
1787,BEng Energy Science and Engineering,LC0200A,CHEM1300,11752,T02
1787,BEng Energy Science and Engineering,LC0200A,MA1200,11785,CG1
1787,BEng Energy Science and Engineering,LC0200A,MA1200,11807,TG3
1787,BEng Energy Science and Engineering,LC0200A,CHEM1300,12098,L02
1787,BEng Energy Science and Engineering,LC0200A,SEE1003,12365,C01
1788,BEng Energy Science and Engineering,LC0200A,CHEM1200,11294,L03
1788,BEng Energy Science and Engineering,LC0200A,CHEM1200,11735,C02
1788,BEng Energy Science and Engineering,LC0200A,CHEM1300,11747,C01
1788,BEng Energy Science and Engineering,LC0200A,CHEM1300,11752,T02
1788,BEng Energy Science and Engineering,LC0200A,MA1200,11782,CE1
1788,BEng Energy Science and Engineering,LC0200A,MA1200,11800,TE2
1788,BEng Energy Science and Engineering,LC0200A,CHEM1300,12098,L02
1788,BEng Energy Science and Engineering,LC0200A,SEE1003,12366,CA1
1788,BEng Energy Science and Engineering,LC0200A,LC0200A,14950,T18
1789,BEng Energy Science and Engineering,LC0200A,LC0200A,10841,T01
1789,BEng Energy Science and Engineering,LC0200A,CHEM1200,11294,L03
1789,BEng Energy Science and Engineering,LC0200A,CHEM1200,11735,C02
1789,BEng Energy Science and Engineering,LC0200A,CHEM1300,11747,C01
1789,BEng Energy Science and Engineering,LC0200A,CHEM1300,11755,T01
1789,BEng Energy Science and Engineering,LC0200A,MA1200,11782,CE1
1789,BEng Energy Science and Engineering,LC0200A,MA1200,11801,TE3
1789,BEng Energy Science and Engineering,LC0200A,CHEM1300,12098,L02
1789,BEng Energy Science and Engineering,LC0200A,SEE1003,12366,CA1
1790,BEng Energy Science and Engineering,LC0200A,LC0200A,10887,T19
1790,BEng Energy Science and Engineering,LC0200A,CHEM1200,11092,L02
1790,BEng Energy Science and Engineering,LC0200A,CHEM1200,11735,C02
1790,BEng Energy Science and Engineering,LC0200A,CHEM1300,11747,C01
1790,BEng Energy Science and Engineering,LC0200A,CHEM1300,11752,T02
1790,BEng Energy Science and Engineering,LC0200A,MA1200,11786,CH1
1790,BEng Energy Science and Engineering,LC0200A,MA1200,11810,TH3
1790,BEng Energy Science and Engineering,LC0200A,CHEM1300,12098,L02
1790,BEng Energy Science and Engineering,LC0200A,SEE1003,12365,C01
1791,BEng Energy Science and Engineering,LC0200A,LC0200A,10841,T01
1791,BEng Energy Science and Engineering,LC0200A,CHEM1200,11295,L04
1791,BEng Energy Science and Engineering,LC0200A,CHEM1200,11735,C02
1791,BEng Energy Science and Engineering,LC0200A,CHEM1300,11747,C01
1791,BEng Energy Science and Engineering,LC0200A,CHEM1300,11755,T01
1791,BEng Energy Science and Engineering,LC0200A,MA1200,11784,CF1
1791,BEng Energy Science and Engineering,LC0200A,MA1200,11804,TF3
1791,BEng Energy Science and Engineering,LC0200A,CHEM1300,12098,L02
1791,BEng Energy Science and Engineering,LC0200A,SEE1003,12365,C01
1792,BEng Environmental Science and Engineering,GE1401,CHEM1200,11295,L04
1792,BEng Environmental Science and Engineering,GE1401,CHEM1200,11735,C02
1792,BEng Environmental Science and Engineering,GE1401,CHEM1300,11747,C01
1792,BEng Environmental Science and Engineering,GE1401,CHEM1300,11752,T02
1792,BEng Environmental Science and Engineering,GE1401,MA1200,11784,CF1
1792,BEng Environmental Science and Engineering,GE1401,MA1200,11804,TF3
1792,BEng Environmental Science and Engineering,GE1401,CHEM1300,12098,L02
1792,BEng Environmental Science and Engineering,GE1401,SEE1003,12365,C01
1792,BEng Environmental Science and Engineering,GE1401,GE1401,15183,TC4
1793,BEng Environmental Science and Engineering,GE1401,GE1401,10688,T11
1793,BEng Environmental Science and Engineering,GE1401,CHEM1300,11747,C01
1793,BEng Environmental Science and Engineering,GE1401,CHEM1300,11751,T04
1793,BEng Environmental Science and Engineering,GE1401,MA1200,11786,CH1
1793,BEng Environmental Science and Engineering,GE1401,MA1200,11809,TH2
1793,BEng Environmental Science and Engineering,GE1401,CHEM1300,12098,L02
1793,BEng Environmental Science and Engineering,GE1401,SEE1003,12365,C01
1793,BEng Environmental Science and Engineering,GE1401,CHEM1200,13869,CA1
1793,BEng Environmental Science and Engineering,GE1401,CHEM1200,13871,LA1
1794,BEng Environmental Science and Engineering,GE1401,GE1401,10684,T07
1794,BEng Environmental Science and Engineering,GE1401,CHEM1200,11092,L02
1794,BEng Environmental Science and Engineering,GE1401,CHEM1200,11735,C02
1794,BEng Environmental Science and Engineering,GE1401,CHEM1300,11747,C01
1794,BEng Environmental Science and Engineering,GE1401,CHEM1300,11751,T04
1794,BEng Environmental Science and Engineering,GE1401,MA1200,11786,CH1
1794,BEng Environmental Science and Engineering,GE1401,MA1200,11810,TH3
1794,BEng Environmental Science and Engineering,GE1401,CHEM1300,12098,L02
1794,BEng Environmental Science and Engineering,GE1401,SEE1003,12365,C01
1795,BEng Environmental Science and Engineering,GE1401,GE1401,10684,T07
1795,BEng Environmental Science and Engineering,GE1401,CHEM1200,11092,L02
1795,BEng Environmental Science and Engineering,GE1401,CHEM1200,11735,C02
1795,BEng Environmental Science and Engineering,GE1401,CHEM1300,11747,C01
1795,BEng Environmental Science and Engineering,GE1401,CHEM1300,11751,T04
1795,BEng Environmental Science and Engineering,GE1401,MA1200,11786,CH1
1795,BEng Environmental Science and Engineering,GE1401,MA1200,11810,TH3
1795,BEng Environmental Science and Engineering,GE1401,CHEM1300,12098,L02
1795,BEng Environmental Science and Engineering,GE1401,SEE1003,12365,C01
1796,BEng Environmental Science and Engineering,GE1401,GE1401,10701,T25
1796,BEng Environmental Science and Engineering,GE1401,CHEM1200,11295,L04
1796,BEng Environmental Science and Engineering,GE1401,CHEM1200,11735,C02
1796,BEng Environmental Science and Engineering,GE1401,CHEM1300,11747,C01
1796,BEng Environmental Science and Engineering,GE1401,CHEM1300,11755,T01
1796,BEng Environmental Science and Engineering,GE1401,MA1200,11784,CF1
1796,BEng Environmental Science and Engineering,GE1401,MA1200,11803,TF2
1796,BEng Environmental Science and Engineering,GE1401,CHEM1300,12100,L01
1796,BEng Environmental Science and Engineering,GE1401,SEE1003,12365,C01
1797,BEng Environmental Science and Engineering,GE1401,GE1401,10688,T11
1797,BEng Environmental Science and Engineering,GE1401,CHEM1300,11747,C01
1797,BEng Environmental Science and Engineering,GE1401,CHEM1300,11751,T04
1797,BEng Environmental Science and Engineering,GE1401,MA1200,11786,CH1
1797,BEng Environmental Science and Engineering,GE1401,MA1200,11809,TH2
1797,BEng Environmental Science and Engineering,GE1401,CHEM1300,12098,L02
1797,BEng Environmental Science and Engineering,GE1401,SEE1003,12365,C01
1797,BEng Environmental Science and Engineering,GE1401,CHEM1200,13869,CA1
1797,BEng Environmental Science and Engineering,GE1401,CHEM1200,13871,LA1
1798,BEng Environmental Science and Engineering,GE1401,GE1401,10708,T34
1798,BEng Environmental Science and Engineering,GE1401,CHEM1200,11295,L04
1798,BEng Environmental Science and Engineering,GE1401,CHEM1200,11735,C02
1798,BEng Environmental Science and Engineering,GE1401,CHEM1300,11747,C01
1798,BEng Environmental Science and Engineering,GE1401,CHEM1300,11755,T01
1798,BEng Environmental Science and Engineering,GE1401,MA1200,11784,CF1
1798,BEng Environmental Science and Engineering,GE1401,MA1200,11803,TF2
1798,BEng Environmental Science and Engineering,GE1401,CHEM1300,12098,L02
1798,BEng Environmental Science and Engineering,GE1401,SEE1003,12365,C01
1799,BEng Environmental Science and Engineering,GE1401,GE1401,10682,T05
1799,BEng Environmental Science and Engineering,GE1401,CHEM1200,11092,L02
1799,BEng Environmental Science and Engineering,GE1401,CHEM1200,11735,C02
1799,BEng Environmental Science and Engineering,GE1401,CHEM1300,11747,C01
1799,BEng Environmental Science and Engineering,GE1401,CHEM1300,11751,T04
1799,BEng Environmental Science and Engineering,GE1401,MA1200,11786,CH1
1799,BEng Environmental Science and Engineering,GE1401,MA1200,11809,TH2
1799,BEng Environmental Science and Engineering,GE1401,CHEM1300,12100,L01
1799,BEng Environmental Science and Engineering,GE1401,SEE1003,12365,C01
1800,BEng Environmental Science and Engineering,GE1401,GE1401,10696,T20
1800,BEng Environmental Science and Engineering,GE1401,CHEM1200,11294,L03
1800,BEng Environmental Science and Engineering,GE1401,CHEM1200,11735,C02
1800,BEng Environmental Science and Engineering,GE1401,CHEM1300,11747,C01
1800,BEng Environmental Science and Engineering,GE1401,CHEM1300,11755,T01
1800,BEng Environmental Science and Engineering,GE1401,MA1200,11782,CE1
1800,BEng Environmental Science and Engineering,GE1401,MA1200,11800,TE2
1800,BEng Environmental Science and Engineering,GE1401,CHEM1300,12098,L02
1800,BEng Environmental Science and Engineering,GE1401,SEE1003,12365,C01
1801,BEng Environmental Science and Engineering,GE1401,GE1401,10708,T34
1801,BEng Environmental Science and Engineering,GE1401,CHEM1200,11295,L04
1801,BEng Environmental Science and Engineering,GE1401,CHEM1200,11735,C02
1801,BEng Environmental Science and Engineering,GE1401,CHEM1300,11747,C01
1801,BEng Environmental Science and Engineering,GE1401,CHEM1300,11755,T01
1801,BEng Environmental Science and Engineering,GE1401,MA1200,11784,CF1
1801,BEng Environmental Science and Engineering,GE1401,MA1200,11803,TF2
1801,BEng Environmental Science and Engineering,GE1401,CHEM1300,12098,L02
1801,BEng Environmental Science and Engineering,GE1401,SEE1003,12365,C01
1802,BEng Environmental Science and Engineering,GE1401,CHEM1200,11092,L02
1802,BEng Environmental Science and Engineering,GE1401,CHEM1200,11735,C02
1802,BEng Environmental Science and Engineering,GE1401,CHEM1300,11747,C01
1802,BEng Environmental Science and Engineering,GE1401,CHEM1300,11752,T02
1802,BEng Environmental Science and Engineering,GE1401,MA1200,11785,CG1
1802,BEng Environmental Science and Engineering,GE1401,MA1200,11806,TG2
1802,BEng Environmental Science and Engineering,GE1401,CHEM1300,12098,L02
1802,BEng Environmental Science and Engineering,GE1401,SEE1003,12365,C01
1802,BEng Environmental Science and Engineering,GE1401,GE1401,15205,TC5
1803,BEng Environmental Science and Engineering,GE1401,GE1401,10696,T20
1803,BEng Environmental Science and Engineering,GE1401,CHEM1200,11294,L03
1803,BEng Environmental Science and Engineering,GE1401,CHEM1200,11735,C02
1803,BEng Environmental Science and Engineering,GE1401,CHEM1300,11747,C01
1803,BEng Environmental Science and Engineering,GE1401,CHEM1300,11755,T01
1803,BEng Environmental Science and Engineering,GE1401,MA1200,11782,CE1
1803,BEng Environmental Science and Engineering,GE1401,MA1200,11801,TE3
1803,BEng Environmental Science and Engineering,GE1401,CHEM1300,12098,L02
1803,BEng Environmental Science and Engineering,GE1401,SEE1003,12365,C01
1804,BEng Environmental Science and Engineering,GE1401,GE1401,10357,T01
1804,BEng Environmental Science and Engineering,GE1401,CHEM1200,11294,L03
1804,BEng Environmental Science and Engineering,GE1401,CHEM1200,11735,C02
1804,BEng Environmental Science and Engineering,GE1401,CHEM1300,11747,C01
1804,BEng Environmental Science and Engineering,GE1401,CHEM1300,11751,T04
1804,BEng Environmental Science and Engineering,GE1401,MA1200,11782,CE1
1804,BEng Environmental Science and Engineering,GE1401,MA1200,11800,TE2
1804,BEng Environmental Science and Engineering,GE1401,CHEM1300,12269,L04
1804,BEng Environmental Science and Engineering,GE1401,SEE1003,12366,CA1
1805,BEng Environmental Science and Engineering,GE1401,GE1401,10682,T05
1805,BEng Environmental Science and Engineering,GE1401,CHEM1200,11092,L02
1805,BEng Environmental Science and Engineering,GE1401,CHEM1200,11735,C02
1805,BEng Environmental Science and Engineering,GE1401,CHEM1300,11747,C01
1805,BEng Environmental Science and Engineering,GE1401,CHEM1300,11752,T02
1805,BEng Environmental Science and Engineering,GE1401,MA1200,11785,CG1
1805,BEng Environmental Science and Engineering,GE1401,MA1200,11806,TG2
1805,BEng Environmental Science and Engineering,GE1401,CHEM1300,12098,L02
1805,BEng Environmental Science and Engineering,GE1401,SEE1003,12365,C01
1806,BEng Environmental Science and Engineering,GE1401,CHEM1200,11092,L02
1806,BEng Environmental Science and Engineering,GE1401,CHEM1200,11735,C02
1806,BEng Environmental Science and Engineering,GE1401,CHEM1300,11747,C01
1806,BEng Environmental Science and Engineering,GE1401,CHEM1300,11752,T02
1806,BEng Environmental Science and Engineering,GE1401,MA1200,11784,CF1
1806,BEng Environmental Science and Engineering,GE1401,MA1200,11804,TF3
1806,BEng Environmental Science and Engineering,GE1401,CHEM1300,12098,L02
1806,BEng Environmental Science and Engineering,GE1401,SEE1003,12365,C01
1806,BEng Environmental Science and Engineering,GE1401,GE1401,15183,TC4
1807,BEng Environmental Science and Engineering,GE1401,GE1401,10708,T34
1807,BEng Environmental Science and Engineering,GE1401,CHEM1200,11295,L04
1807,BEng Environmental Science and Engineering,GE1401,CHEM1200,11735,C02
1807,BEng Environmental Science and Engineering,GE1401,CHEM1300,11747,C01
1807,BEng Environmental Science and Engineering,GE1401,CHEM1300,11755,T01
1807,BEng Environmental Science and Engineering,GE1401,MA1200,11784,CF1
1807,BEng Environmental Science and Engineering,GE1401,MA1200,11803,TF2
1807,BEng Environmental Science and Engineering,GE1401,CHEM1300,12098,L02
1807,BEng Environmental Science and Engineering,GE1401,SEE1003,12365,C01
1808,BEng Environmental Science and Engineering,GE1401,GE1401,10696,T20
1808,BEng Environmental Science and Engineering,GE1401,CHEM1200,11294,L03
1808,BEng Environmental Science and Engineering,GE1401,CHEM1200,11735,C02
1808,BEng Environmental Science and Engineering,GE1401,CHEM1300,11747,C01
1808,BEng Environmental Science and Engineering,GE1401,CHEM1300,11755,T01
1808,BEng Environmental Science and Engineering,GE1401,MA1200,11782,CE1
1808,BEng Environmental Science and Engineering,GE1401,MA1200,11801,TE3
1808,BEng Environmental Science and Engineering,GE1401,CHEM1300,12269,L04
1808,BEng Environmental Science and Engineering,GE1401,SEE1003,12366,CA1
1809,BEng Environmental Science and Engineering,GE1401,GE1401,10701,T25
1809,BEng Environmental Science and Engineering,GE1401,CHEM1200,11295,L04
1809,BEng Environmental Science and Engineering,GE1401,CHEM1200,11735,C02
1809,BEng Environmental Science and Engineering,GE1401,CHEM1300,11747,C01
1809,BEng Environmental Science and Engineering,GE1401,CHEM1300,11752,T02
1809,BEng Environmental Science and Engineering,GE1401,MA1200,11784,CF1
1809,BEng Environmental Science and Engineering,GE1401,MA1200,11804,TF3
1809,BEng Environmental Science and Engineering,GE1401,CHEM1300,12098,L02
1809,BEng Environmental Science and Engineering,GE1401,SEE1003,12365,C01
1810,BEng Environmental Science and Engineering,GE1401,GE1401,10701,T25
1810,BEng Environmental Science and Engineering,GE1401,CHEM1200,11294,L03
1810,BEng Environmental Science and Engineering,GE1401,CHEM1200,11735,C02
1810,BEng Environmental Science and Engineering,GE1401,CHEM1300,11747,C01
1810,BEng Environmental Science and Engineering,GE1401,CHEM1300,11755,T01
1810,BEng Environmental Science and Engineering,GE1401,MA1200,11782,CE1
1810,BEng Environmental Science and Engineering,GE1401,MA1200,11800,TE2
1810,BEng Environmental Science and Engineering,GE1401,CHEM1300,12098,L02
1810,BEng Environmental Science and Engineering,GE1401,SEE1003,12365,C01
1811,BEng Environmental Science and Engineering,GE1401,GE1401,10682,T05
1811,BEng Environmental Science and Engineering,GE1401,CHEM1200,11092,L02
1811,BEng Environmental Science and Engineering,GE1401,CHEM1200,11735,C02
1811,BEng Environmental Science and Engineering,GE1401,CHEM1300,11747,C01
1811,BEng Environmental Science and Engineering,GE1401,CHEM1300,11751,T04
1811,BEng Environmental Science and Engineering,GE1401,MA1200,11786,CH1
1811,BEng Environmental Science and Engineering,GE1401,MA1200,11809,TH2
1811,BEng Environmental Science and Engineering,GE1401,CHEM1300,12098,L02
1811,BEng Environmental Science and Engineering,GE1401,SEE1003,12365,C01
1812,BEng Environmental Science and Engineering,GE1401,GE1401,10684,T07
1812,BEng Environmental Science and Engineering,GE1401,CHEM1200,11092,L02
1812,BEng Environmental Science and Engineering,GE1401,CHEM1200,11735,C02
1812,BEng Environmental Science and Engineering,GE1401,CHEM1300,11747,C01
1812,BEng Environmental Science and Engineering,GE1401,CHEM1300,11752,T02
1812,BEng Environmental Science and Engineering,GE1401,MA1200,11786,CH1
1812,BEng Environmental Science and Engineering,GE1401,MA1200,11810,TH3
1812,BEng Environmental Science and Engineering,GE1401,CHEM1300,12098,L02
1812,BEng Environmental Science and Engineering,GE1401,SEE1003,12365,C01
1813,BEng Environmental Science and Engineering,GE1401,GE1401,10696,T20
1813,BEng Environmental Science and Engineering,GE1401,CHEM1200,11294,L03
1813,BEng Environmental Science and Engineering,GE1401,CHEM1200,11735,C02
1813,BEng Environmental Science and Engineering,GE1401,CHEM1300,11747,C01
1813,BEng Environmental Science and Engineering,GE1401,CHEM1300,11755,T01
1813,BEng Environmental Science and Engineering,GE1401,MA1200,11782,CE1
1813,BEng Environmental Science and Engineering,GE1401,MA1200,11800,TE2
1813,BEng Environmental Science and Engineering,GE1401,CHEM1300,12098,L02
1813,BEng Environmental Science and Engineering,GE1401,SEE1003,12365,C01
1814,BEng Environmental Science and Engineering,GE1401,CHEM1200,11295,L04
1814,BEng Environmental Science and Engineering,GE1401,CHEM1200,11735,C02
1814,BEng Environmental Science and Engineering,GE1401,CHEM1300,11747,C01
1814,BEng Environmental Science and Engineering,GE1401,CHEM1300,11752,T02
1814,BEng Environmental Science and Engineering,GE1401,MA1200,11784,CF1
1814,BEng Environmental Science and Engineering,GE1401,MA1200,11804,TF3
1814,BEng Environmental Science and Engineering,GE1401,CHEM1300,12098,L02
1814,BEng Environmental Science and Engineering,GE1401,SEE1003,12365,C01
1814,BEng Environmental Science and Engineering,GE1401,GE1401,15183,TC4
1815,BEng Environmental Science and Engineering,LC0200A,LC0200A,10841,T01
1815,BEng Environmental Science and Engineering,LC0200A,CHEM1200,11295,L04
1815,BEng Environmental Science and Engineering,LC0200A,CHEM1200,11735,C02
1815,BEng Environmental Science and Engineering,LC0200A,CHEM1300,11747,C01
1815,BEng Environmental Science and Engineering,LC0200A,CHEM1300,11755,T01
1815,BEng Environmental Science and Engineering,LC0200A,MA1200,11784,CF1
1815,BEng Environmental Science and Engineering,LC0200A,MA1200,11804,TF3
1815,BEng Environmental Science and Engineering,LC0200A,CHEM1300,12098,L02
1815,BEng Environmental Science and Engineering,LC0200A,SEE1003,12365,C01
1816,BEng Environmental Science and Engineering,LC0200A,LC0200A,10887,T19
1816,BEng Environmental Science and Engineering,LC0200A,CHEM1200,11092,L02
1816,BEng Environmental Science and Engineering,LC0200A,CHEM1200,11735,C02
1816,BEng Environmental Science and Engineering,LC0200A,CHEM1300,11747,C01
1816,BEng Environmental Science and Engineering,LC0200A,CHEM1300,11752,T02
1816,BEng Environmental Science and Engineering,LC0200A,MA1200,11785,CG1
1816,BEng Environmental Science and Engineering,LC0200A,MA1200,11807,TG3
1816,BEng Environmental Science and Engineering,LC0200A,CHEM1300,12098,L02
1816,BEng Environmental Science and Engineering,LC0200A,SEE1003,12365,C01
1817,BEng Environmental Science and Engineering,LC0200A,LC0200A,10841,T01
1817,BEng Environmental Science and Engineering,LC0200A,CHEM1200,11294,L03
1817,BEng Environmental Science and Engineering,LC0200A,CHEM1200,11735,C02
1817,BEng Environmental Science and Engineering,LC0200A,CHEM1300,11747,C01
1817,BEng Environmental Science and Engineering,LC0200A,CHEM1300,11755,T01
1817,BEng Environmental Science and Engineering,LC0200A,MA1200,11784,CF1
1817,BEng Environmental Science and Engineering,LC0200A,MA1200,11804,TF3
1817,BEng Environmental Science and Engineering,LC0200A,CHEM1300,12098,L02
1817,BEng Environmental Science and Engineering,LC0200A,SEE1003,12365,C01
1818,BEng Environmental Science and Engineering,LC0200A,LC0200A,10841,T01
1818,BEng Environmental Science and Engineering,LC0200A,CHEM1200,11295,L04
1818,BEng Environmental Science and Engineering,LC0200A,CHEM1200,11735,C02
1818,BEng Environmental Science and Engineering,LC0200A,CHEM1300,11747,C01
1818,BEng Environmental Science and Engineering,LC0200A,CHEM1300,11755,T01
1818,BEng Environmental Science and Engineering,LC0200A,MA1200,11784,CF1
1818,BEng Environmental Science and Engineering,LC0200A,MA1200,11804,TF3
1818,BEng Environmental Science and Engineering,LC0200A,CHEM1300,12098,L02
1818,BEng Environmental Science and Engineering,LC0200A,SEE1003,12365,C01
1819,BEng Environmental Science and Engineering,LC0200A,LC0200A,10841,T01
1819,BEng Environmental Science and Engineering,LC0200A,CHEM1200,11295,L04
1819,BEng Environmental Science and Engineering,LC0200A,CHEM1200,11735,C02
1819,BEng Environmental Science and Engineering,LC0200A,CHEM1300,11747,C01
1819,BEng Environmental Science and Engineering,LC0200A,CHEM1300,11755,T01
1819,BEng Environmental Science and Engineering,LC0200A,MA1200,11784,CF1
1819,BEng Environmental Science and Engineering,LC0200A,MA1200,11804,TF3
1819,BEng Environmental Science and Engineering,LC0200A,CHEM1300,12098,L02
1819,BEng Environmental Science and Engineering,LC0200A,SEE1003,12365,C01
1820,BEng Environmental Science and Engineering,LC0200A,LC0200A,10887,T19
1820,BEng Environmental Science and Engineering,LC0200A,CHEM1200,11092,L02
1820,BEng Environmental Science and Engineering,LC0200A,CHEM1200,11735,C02
1820,BEng Environmental Science and Engineering,LC0200A,CHEM1300,11747,C01
1820,BEng Environmental Science and Engineering,LC0200A,CHEM1300,11752,T02
1820,BEng Environmental Science and Engineering,LC0200A,MA1200,11784,CF1
1820,BEng Environmental Science and Engineering,LC0200A,MA1200,11804,TF3
1820,BEng Environmental Science and Engineering,LC0200A,CHEM1300,12098,L02
1820,BEng Environmental Science and Engineering,LC0200A,SEE1003,12365,C01
1821,BEng Environmental Science and Engineering,LC0200A,LC0200A,10841,T01
1821,BEng Environmental Science and Engineering,LC0200A,CHEM1200,11294,L03
1821,BEng Environmental Science and Engineering,LC0200A,CHEM1200,11735,C02
1821,BEng Environmental Science and Engineering,LC0200A,CHEM1300,11747,C01
1821,BEng Environmental Science and Engineering,LC0200A,CHEM1300,11755,T01
1821,BEng Environmental Science and Engineering,LC0200A,MA1200,11782,CE1
1821,BEng Environmental Science and Engineering,LC0200A,MA1200,11800,TE2
1821,BEng Environmental Science and Engineering,LC0200A,CHEM1300,12098,L02
1821,BEng Environmental Science and Engineering,LC0200A,SEE1003,12365,C01
1822,BEng Environmental Science and Engineering,LC0200A,CHEM1200,10384,C01
1822,BEng Environmental Science and Engineering,LC0200A,LC0200A,10895,T27
1822,BEng Environmental Science and Engineering,LC0200A,CHEM1200,11092,L02
1822,BEng Environmental Science and Engineering,LC0200A,CHEM1300,11747,C01
1822,BEng Environmental Science and Engineering,LC0200A,CHEM1300,11751,T04
1822,BEng Environmental Science and Engineering,LC0200A,MA1200,11786,CH1
1822,BEng Environmental Science and Engineering,LC0200A,MA1200,11809,TH2
1822,BEng Environmental Science and Engineering,LC0200A,CHEM1300,12269,L04
1822,BEng Environmental Science and Engineering,LC0200A,SEE1003,12365,C01
1823,BEng Environmental Science and Engineering,LC0200A,LC0200A,10841,T01
1823,BEng Environmental Science and Engineering,LC0200A,CHEM1200,11295,L04
1823,BEng Environmental Science and Engineering,LC0200A,CHEM1200,11735,C02
1823,BEng Environmental Science and Engineering,LC0200A,CHEM1300,11747,C01
1823,BEng Environmental Science and Engineering,LC0200A,CHEM1300,11755,T01
1823,BEng Environmental Science and Engineering,LC0200A,MA1200,11784,CF1
1823,BEng Environmental Science and Engineering,LC0200A,MA1200,11804,TF3
1823,BEng Environmental Science and Engineering,LC0200A,CHEM1300,12098,L02
1823,BEng Environmental Science and Engineering,LC0200A,SEE1003,12365,C01
1824,BSc Environment and Sustainable Business,GE1401,CB2100,10443,T08
1824,BSc Environment and Sustainable Business,GE1401,CB2100,10551,C02
1824,BSc Environment and Sustainable Business,GE1401,GE1401,10716,T47
1824,BSc Environment and Sustainable Business,GE1401,CHEM1300,11747,C01
1824,BSc Environment and Sustainable Business,GE1401,CHEM1300,11750,L05
1824,BSc Environment and Sustainable Business,GE1401,CHEM1300,11756,T05
1824,BSc Environment and Sustainable Business,GE1401,MA1200,11786,CH1
1824,BSc Environment and Sustainable Business,GE1401,MA1200,11809,TH2
1824,BSc Environment and Sustainable Business,GE1401,SEE1005,13142,C61
1825,BSc Environment and Sustainable Business,GE1401,CB2100,10443,T08
1825,BSc Environment and Sustainable Business,GE1401,CB2100,10551,C02
1825,BSc Environment and Sustainable Business,GE1401,GE1401,10716,T47
1825,BSc Environment and Sustainable Business,GE1401,CHEM1300,11747,C01
1825,BSc Environment and Sustainable Business,GE1401,CHEM1300,11756,T05
1825,BSc Environment and Sustainable Business,GE1401,MA1200,11786,CH1
1825,BSc Environment and Sustainable Business,GE1401,MA1200,11809,TH2
1825,BSc Environment and Sustainable Business,GE1401,CHEM1300,12269,L04
1825,BSc Environment and Sustainable Business,GE1401,SEE1005,13142,C61
1826,BSc Environment and Sustainable Business,GE1401,CB2100,10551,C02
1826,BSc Environment and Sustainable Business,GE1401,CB2100,11278,T14
1826,BSc Environment and Sustainable Business,GE1401,MA1200,11784,CF1
1826,BSc Environment and Sustainable Business,GE1401,MA1200,11803,TF2
1826,BSc Environment and Sustainable Business,GE1401,GE1401,12121,T33
1826,BSc Environment and Sustainable Business,GE1401,CHEM1300,12268,CA1
1826,BSc Environment and Sustainable Business,GE1401,CHEM1300,12270,LA1
1826,BSc Environment and Sustainable Business,GE1401,CHEM1300,12271,TA1
1826,BSc Environment and Sustainable Business,GE1401,SEE1005,13142,C61
1827,BSc Environment and Sustainable Business,GE1401,CB2100,10551,C02
1827,BSc Environment and Sustainable Business,GE1401,GE1401,10689,T12
1827,BSc Environment and Sustainable Business,GE1401,CB2100,11277,T13
1827,BSc Environment and Sustainable Business,GE1401,MA1200,11782,CE1
1827,BSc Environment and Sustainable Business,GE1401,MA1200,11800,TE2
1827,BSc Environment and Sustainable Business,GE1401,CHEM1300,12268,CA1
1827,BSc Environment and Sustainable Business,GE1401,CHEM1300,12270,LA1
1827,BSc Environment and Sustainable Business,GE1401,CHEM1300,12271,TA1
1827,BSc Environment and Sustainable Business,GE1401,SEE1005,13142,C61
1828,BSc Environment and Sustainable Business,GE1401,CB2100,10190,C01
1828,BSc Environment and Sustainable Business,GE1401,CB2100,10245,T02
1828,BSc Environment and Sustainable Business,GE1401,GE1401,11506,T78
1828,BSc Environment and Sustainable Business,GE1401,MA1200,11787,CA1
1828,BSc Environment and Sustainable Business,GE1401,MA1200,11790,TA1
1828,BSc Environment and Sustainable Business,GE1401,CHEM1300,12268,CA1
1828,BSc Environment and Sustainable Business,GE1401,CHEM1300,12270,LA1
1828,BSc Environment and Sustainable Business,GE1401,CHEM1300,12271,TA1
1828,BSc Environment and Sustainable Business,GE1401,SEE1005,13142,C61
1829,BSc Environment and Sustainable Business,GE1401,CB2100,10190,C01
1829,BSc Environment and Sustainable Business,GE1401,CB2100,10245,T02
1829,BSc Environment and Sustainable Business,GE1401,GE1401,11503,T89
1829,BSc Environment and Sustainable Business,GE1401,CHEM1300,11747,C01
1829,BSc Environment and Sustainable Business,GE1401,CHEM1300,11750,L05
1829,BSc Environment and Sustainable Business,GE1401,CHEM1300,11756,T05
1829,BSc Environment and Sustainable Business,GE1401,MA1200,11788,CC1
1829,BSc Environment and Sustainable Business,GE1401,MA1200,11793,TC1
1829,BSc Environment and Sustainable Business,GE1401,SEE1005,13142,C61
1830,BSc Environment and Sustainable Business,GE1401,CB2100,10551,C02
1830,BSc Environment and Sustainable Business,GE1401,GE1401,10719,T52
1830,BSc Environment and Sustainable Business,GE1401,CB2100,11278,T14
1830,BSc Environment and Sustainable Business,GE1401,MA1200,11784,CF1
1830,BSc Environment and Sustainable Business,GE1401,MA1200,11803,TF2
1830,BSc Environment and Sustainable Business,GE1401,CHEM1300,12268,CA1
1830,BSc Environment and Sustainable Business,GE1401,CHEM1300,12270,LA1
1830,BSc Environment and Sustainable Business,GE1401,CHEM1300,12271,TA1
1830,BSc Environment and Sustainable Business,GE1401,SEE1005,13142,C61
1831,BSc Environment and Sustainable Business,GE1401,CB2100,10551,C02
1831,BSc Environment and Sustainable Business,GE1401,GE1401,10689,T12
1831,BSc Environment and Sustainable Business,GE1401,CB2100,11278,T14
1831,BSc Environment and Sustainable Business,GE1401,CHEM1300,11747,C01
1831,BSc Environment and Sustainable Business,GE1401,CHEM1300,11755,T01
1831,BSc Environment and Sustainable Business,GE1401,MA1200,11782,CE1
1831,BSc Environment and Sustainable Business,GE1401,MA1200,11800,TE2
1831,BSc Environment and Sustainable Business,GE1401,CHEM1300,12098,L02
1831,BSc Environment and Sustainable Business,GE1401,SEE1005,13142,C61
1832,BSc Environment and Sustainable Business,GE1401,CB2100,10551,C02
1832,BSc Environment and Sustainable Business,GE1401,GE1401,10689,T12
1832,BSc Environment and Sustainable Business,GE1401,CB2100,11277,T13
1832,BSc Environment and Sustainable Business,GE1401,MA1200,11782,CE1
1832,BSc Environment and Sustainable Business,GE1401,MA1200,11800,TE2
1832,BSc Environment and Sustainable Business,GE1401,CHEM1300,12268,CA1
1832,BSc Environment and Sustainable Business,GE1401,CHEM1300,12270,LA1
1832,BSc Environment and Sustainable Business,GE1401,CHEM1300,12271,TA1
1832,BSc Environment and Sustainable Business,GE1401,SEE1005,13142,C61
1833,BSc Environment and Sustainable Business,GE1401,CB2100,10441,T06
1833,BSc Environment and Sustainable Business,GE1401,CB2100,10551,C02
1833,BSc Environment and Sustainable Business,GE1401,GE1401,11496,T79
1833,BSc Environment and Sustainable Business,GE1401,MA1200,11785,CG1
1833,BSc Environment and Sustainable Business,GE1401,MA1200,11806,TG2
1833,BSc Environment and Sustainable Business,GE1401,CHEM1300,12268,CA1
1833,BSc Environment and Sustainable Business,GE1401,CHEM1300,12270,LA1
1833,BSc Environment and Sustainable Business,GE1401,CHEM1300,12271,TA1
1833,BSc Environment and Sustainable Business,GE1401,SEE1005,13142,C61
1834,BSc Environment and Sustainable Business,GE1401,CB2100,10190,C01
1834,BSc Environment and Sustainable Business,GE1401,CB2100,10245,T02
1834,BSc Environment and Sustainable Business,GE1401,GE1401,11503,T89
1834,BSc Environment and Sustainable Business,GE1401,MA1200,11787,CA1
1834,BSc Environment and Sustainable Business,GE1401,MA1200,11790,TA1
1834,BSc Environment and Sustainable Business,GE1401,CHEM1300,12268,CA1
1834,BSc Environment and Sustainable Business,GE1401,CHEM1300,12270,LA1
1834,BSc Environment and Sustainable Business,GE1401,CHEM1300,12271,TA1
1834,BSc Environment and Sustainable Business,GE1401,SEE1005,13142,C61
1835,BSc Environment and Sustainable Business,GE1401,CB2100,10441,T06
1835,BSc Environment and Sustainable Business,GE1401,CB2100,10551,C02
1835,BSc Environment and Sustainable Business,GE1401,MA1200,11785,CG1
1835,BSc Environment and Sustainable Business,GE1401,MA1200,11806,TG2
1835,BSc Environment and Sustainable Business,GE1401,CHEM1300,12268,CA1
1835,BSc Environment and Sustainable Business,GE1401,CHEM1300,12270,LA1
1835,BSc Environment and Sustainable Business,GE1401,CHEM1300,12271,TA1
1835,BSc Environment and Sustainable Business,GE1401,SEE1005,13142,C61
1835,BSc Environment and Sustainable Business,GE1401,GE1401,13570,T98
1836,BSc Environment and Sustainable Business,GE1401,CB2100,10190,C01
1836,BSc Environment and Sustainable Business,GE1401,GE1401,10723,T56
1836,BSc Environment and Sustainable Business,GE1401,CB2100,11281,TAE
1836,BSc Environment and Sustainable Business,GE1401,MA1200,11782,CE1
1836,BSc Environment and Sustainable Business,GE1401,MA1200,11799,TE1
1836,BSc Environment and Sustainable Business,GE1401,CHEM1300,12268,CA1
1836,BSc Environment and Sustainable Business,GE1401,CHEM1300,12270,LA1
1836,BSc Environment and Sustainable Business,GE1401,CHEM1300,12271,TA1
1836,BSc Environment and Sustainable Business,GE1401,SEE1005,13142,C61
1837,BSc Environment and Sustainable Business,GE1401,CB2100,10551,C02
1837,BSc Environment and Sustainable Business,GE1401,CB2100,11278,T14
1837,BSc Environment and Sustainable Business,GE1401,MA1200,11784,CF1
1837,BSc Environment and Sustainable Business,GE1401,MA1200,11803,TF2
1837,BSc Environment and Sustainable Business,GE1401,GE1401,12121,T33
1837,BSc Environment and Sustainable Business,GE1401,CHEM1300,12268,CA1
1837,BSc Environment and Sustainable Business,GE1401,CHEM1300,12270,LA1
1837,BSc Environment and Sustainable Business,GE1401,CHEM1300,12271,TA1
1837,BSc Environment and Sustainable Business,GE1401,SEE1005,13142,C61
1838,BSc Environment and Sustainable Business,GE1401,CB2100,10551,C02
1838,BSc Environment and Sustainable Business,GE1401,GE1401,10719,T52
1838,BSc Environment and Sustainable Business,GE1401,CB2100,11278,T14
1838,BSc Environment and Sustainable Business,GE1401,MA1200,11784,CF1
1838,BSc Environment and Sustainable Business,GE1401,MA1200,11803,TF2
1838,BSc Environment and Sustainable Business,GE1401,CHEM1300,12268,CA1
1838,BSc Environment and Sustainable Business,GE1401,CHEM1300,12270,LA1
1838,BSc Environment and Sustainable Business,GE1401,CHEM1300,12271,TA1
1838,BSc Environment and Sustainable Business,GE1401,SEE1005,13142,C61
1839,BSc Environment and Sustainable Business,GE1401,CB2100,10551,C02
1839,BSc Environment and Sustainable Business,GE1401,GE1401,10710,T37
1839,BSc Environment and Sustainable Business,GE1401,CB2100,11278,T14
1839,BSc Environment and Sustainable Business,GE1401,CHEM1300,11747,C01
1839,BSc Environment and Sustainable Business,GE1401,CHEM1300,11750,L05
1839,BSc Environment and Sustainable Business,GE1401,CHEM1300,11755,T01
1839,BSc Environment and Sustainable Business,GE1401,MA1200,11782,CE1
1839,BSc Environment and Sustainable Business,GE1401,MA1200,11800,TE2
1839,BSc Environment and Sustainable Business,GE1401,SEE1005,13142,C61
1840,BSc Environment and Sustainable Business,LC0200A,CB2100,10190,C01
1840,BSc Environment and Sustainable Business,LC0200A,CB2100,10245,T02
1840,BSc Environment and Sustainable Business,LC0200A,MA1200,11787,CA1
1840,BSc Environment and Sustainable Business,LC0200A,MA1200,11790,TA1
1840,BSc Environment and Sustainable Business,LC0200A,CHEM1300,12268,CA1
1840,BSc Environment and Sustainable Business,LC0200A,CHEM1300,12270,LA1
1840,BSc Environment and Sustainable Business,LC0200A,CHEM1300,12271,TA1
1840,BSc Environment and Sustainable Business,LC0200A,LC0200A,12320,T38
1840,BSc Environment and Sustainable Business,LC0200A,SEE1005,13142,C61
1841,BSc Environment and Sustainable Business,LC0200A,CB2100,10443,T08
1841,BSc Environment and Sustainable Business,LC0200A,CB2100,10551,C02
1841,BSc Environment and Sustainable Business,LC0200A,LC0200A,10884,T15
1841,BSc Environment and Sustainable Business,LC0200A,CHEM1300,11747,C01
1841,BSc Environment and Sustainable Business,LC0200A,CHEM1300,11750,L05
1841,BSc Environment and Sustainable Business,LC0200A,CHEM1300,11756,T05
1841,BSc Environment and Sustainable Business,LC0200A,MA1200,11786,CH1
1841,BSc Environment and Sustainable Business,LC0200A,MA1200,11809,TH2
1841,BSc Environment and Sustainable Business,LC0200A,SEE1005,13142,C61
1842,BSc Environment and Sustainable Business,LC0200A,CB2100,10190,C01
1842,BSc Environment and Sustainable Business,LC0200A,CB2100,10245,T02
1842,BSc Environment and Sustainable Business,LC0200A,MA1200,11787,CA1
1842,BSc Environment and Sustainable Business,LC0200A,MA1200,11790,TA1
1842,BSc Environment and Sustainable Business,LC0200A,CHEM1300,12268,CA1
1842,BSc Environment and Sustainable Business,LC0200A,CHEM1300,12270,LA1
1842,BSc Environment and Sustainable Business,LC0200A,CHEM1300,12271,TA1
1842,BSc Environment and Sustainable Business,LC0200A,LC0200A,12320,T38
1842,BSc Environment and Sustainable Business,LC0200A,SEE1005,13142,C61
1843,BSc Environment and Sustainable Business,LC0200A,CB2100,10551,C02
1843,BSc Environment and Sustainable Business,LC0200A,LC0200A,10877,T08
1843,BSc Environment and Sustainable Business,LC0200A,CB2100,11278,T14
1843,BSc Environment and Sustainable Business,LC0200A,CHEM1300,11747,C01
1843,BSc Environment and Sustainable Business,LC0200A,CHEM1300,11756,T05
1843,BSc Environment and Sustainable Business,LC0200A,MA1200,11784,CF1
1843,BSc Environment and Sustainable Business,LC0200A,MA1200,11803,TF2
1843,BSc Environment and Sustainable Business,LC0200A,CHEM1300,12098,L02
1843,BSc Environment and Sustainable Business,LC0200A,SEE1005,13142,C61
1844,BSc Environment and Sustainable Business,LC0200A,CB2100,10190,C01
1844,BSc Environment and Sustainable Business,LC0200A,CB2100,11281,TAE
1844,BSc Environment and Sustainable Business,LC0200A,CHEM1300,11747,C01
1844,BSc Environment and Sustainable Business,LC0200A,CHEM1300,11755,T01
1844,BSc Environment and Sustainable Business,LC0200A,MA1200,11782,CE1
1844,BSc Environment and Sustainable Business,LC0200A,MA1200,11799,TE1
1844,BSc Environment and Sustainable Business,LC0200A,CHEM1300,12099,L03
1844,BSc Environment and Sustainable Business,LC0200A,SEE1005,13142,C61
1844,BSc Environment and Sustainable Business,LC0200A,LC0200A,14950,T18
1845,BSc Environment and Sustainable Business,LC0200A,CB2100,10551,C02
1845,BSc Environment and Sustainable Business,LC0200A,LC0200A,10877,T08
1845,BSc Environment and Sustainable Business,LC0200A,CB2100,11277,T13
1845,BSc Environment and Sustainable Business,LC0200A,MA1200,11784,CF1
1845,BSc Environment and Sustainable Business,LC0200A,MA1200,11803,TF2
1845,BSc Environment and Sustainable Business,LC0200A,CHEM1300,12268,CA1
1845,BSc Environment and Sustainable Business,LC0200A,CHEM1300,12270,LA1
1845,BSc Environment and Sustainable Business,LC0200A,CHEM1300,12271,TA1
1845,BSc Environment and Sustainable Business,LC0200A,SEE1005,13142,C61
1846,BSc Environment and Sustainable Business,LC0200A,CB2100,10190,C01
1846,BSc Environment and Sustainable Business,LC0200A,CB2100,10246,T03
1846,BSc Environment and Sustainable Business,LC0200A,MA1200,11788,CC1
1846,BSc Environment and Sustainable Business,LC0200A,MA1200,11794,TC2
1846,BSc Environment and Sustainable Business,LC0200A,CHEM1300,12268,CA1
1846,BSc Environment and Sustainable Business,LC0200A,CHEM1300,12270,LA1
1846,BSc Environment and Sustainable Business,LC0200A,CHEM1300,12271,TA1
1846,BSc Environment and Sustainable Business,LC0200A,LC0200A,12320,T38
1846,BSc Environment and Sustainable Business,LC0200A,SEE1005,13142,C61
1847,BSc Chemistry,GE1401,MA1300,10342,CA1
1847,BSc Chemistry,GE1401,GE1401,10693,T16
1847,BSc Chemistry,GE1401,CS1102,10776,LB5
1847,BSc Chemistry,GE1401,CS1102,11712,CB2
1847,BSc Chemistry,GE1401,CHEM1300,11747,C01
1847,BSc Chemistry,GE1401,CHEM1300,11750,L05
1847,BSc Chemistry,GE1401,CHEM1300,11755,T01
1847,BSc Chemistry,GE1401,MA1300,11957,TA3
1847,BSc Chemistry,GE1401,CSCI1001,12056,C01
1848,BSc Chemistry,GE1401,MA1300,10342,CA1
1848,BSc Chemistry,GE1401,CS1102,10775,LB4
1848,BSc Chemistry,GE1401,CS1102,11712,CB2
1848,BSc Chemistry,GE1401,MA1300,11764,TA2
1848,BSc Chemistry,GE1401,CSCI1001,12056,C01
1848,BSc Chemistry,GE1401,CHEM1300,12268,CA1
1848,BSc Chemistry,GE1401,CHEM1300,12270,LA1
1848,BSc Chemistry,GE1401,CHEM1300,12271,TA1
1848,BSc Chemistry,GE1401,GE1401,13570,T98
1849,BSc Chemistry,GE1401,MA1300,10342,CA1
1849,BSc Chemistry,GE1401,CS1102,10775,LB4
1849,BSc Chemistry,GE1401,CS1102,11712,CB2
1849,BSc Chemistry,GE1401,MA1300,11764,TA2
1849,BSc Chemistry,GE1401,CSCI1001,12056,C01
1849,BSc Chemistry,GE1401,GE1401,12124,T49
1849,BSc Chemistry,GE1401,CHEM1300,12268,CA1
1849,BSc Chemistry,GE1401,CHEM1300,12270,LA1
1849,BSc Chemistry,GE1401,CHEM1300,12271,TA1
1850,BSc Chemistry,GE1401,MA1300,10342,CA1
1850,BSc Chemistry,GE1401,GE1401,10693,T16
1850,BSc Chemistry,GE1401,CS1102,10776,LB5
1850,BSc Chemistry,GE1401,CS1102,11712,CB2
1850,BSc Chemistry,GE1401,CHEM1300,11747,C01
1850,BSc Chemistry,GE1401,CHEM1300,11750,L05
1850,BSc Chemistry,GE1401,CHEM1300,11755,T01
1850,BSc Chemistry,GE1401,MA1300,11957,TA3
1850,BSc Chemistry,GE1401,CSCI1001,12056,C01
1851,BSc Chemistry,GE1401,MA1300,10342,CA1
1851,BSc Chemistry,GE1401,GE1401,10727,T60
1851,BSc Chemistry,GE1401,CS1102,10776,LB5
1851,BSc Chemistry,GE1401,CS1102,11712,CB2
1851,BSc Chemistry,GE1401,CHEM1300,11747,C01
1851,BSc Chemistry,GE1401,CHEM1300,11755,T01
1851,BSc Chemistry,GE1401,MA1300,11957,TA3
1851,BSc Chemistry,GE1401,CSCI1001,12056,C01
1851,BSc Chemistry,GE1401,CHEM1300,12269,L04
1852,BSc Chemistry,GE1401,MA1300,10342,CA1
1852,BSc Chemistry,GE1401,CS1102,10775,LB4
1852,BSc Chemistry,GE1401,CS1102,11712,CB2
1852,BSc Chemistry,GE1401,MA1300,11764,TA2
1852,BSc Chemistry,GE1401,CSCI1001,12056,C01
1852,BSc Chemistry,GE1401,GE1401,12124,T49
1852,BSc Chemistry,GE1401,CHEM1300,12268,CA1
1852,BSc Chemistry,GE1401,CHEM1300,12270,LA1
1852,BSc Chemistry,GE1401,CHEM1300,12271,TA1
1853,BSc Chemistry,GE1401,MA1300,10342,CA1
1853,BSc Chemistry,GE1401,CS1102,10775,LB4
1853,BSc Chemistry,GE1401,CS1102,11712,CB2
1853,BSc Chemistry,GE1401,MA1300,11764,TA2
1853,BSc Chemistry,GE1401,CSCI1001,12056,C01
1853,BSc Chemistry,GE1401,CHEM1300,12268,CA1
1853,BSc Chemistry,GE1401,CHEM1300,12270,LA1
1853,BSc Chemistry,GE1401,CHEM1300,12271,TA1
1853,BSc Chemistry,GE1401,GE1401,13577,TB6
1854,BSc Chemistry,GE1401,MA1300,10342,CA1
1854,BSc Chemistry,GE1401,CS1102,10775,LB4
1854,BSc Chemistry,GE1401,CS1102,11712,CB2
1854,BSc Chemistry,GE1401,MA1300,11764,TA2
1854,BSc Chemistry,GE1401,CSCI1001,12056,C01
1854,BSc Chemistry,GE1401,GE1401,12124,T49
1854,BSc Chemistry,GE1401,CHEM1300,12268,CA1
1854,BSc Chemistry,GE1401,CHEM1300,12270,LA1
1854,BSc Chemistry,GE1401,CHEM1300,12271,TA1
1855,BSc Chemistry,GE1401,MA1300,10342,CA1
1855,BSc Chemistry,GE1401,GE1401,10682,T05
1855,BSc Chemistry,GE1401,CHEM1300,11747,C01
1855,BSc Chemistry,GE1401,CHEM1300,11750,L05
1855,BSc Chemistry,GE1401,CHEM1300,11756,T05
1855,BSc Chemistry,GE1401,MA1300,11764,TA2
1855,BSc Chemistry,GE1401,CS1102,11969,LA2
1855,BSc Chemistry,GE1401,CSCI1001,12056,C01
1855,BSc Chemistry,GE1401,CS1102,15735,CA2
1856,BSc Chemistry,GE1401,MA1300,10342,CA1
1856,BSc Chemistry,GE1401,CS1102,11710,C02
1856,BSc Chemistry,GE1401,CS1102,11713,L04
1856,BSc Chemistry,GE1401,MA1300,11764,TA2
1856,BSc Chemistry,GE1401,CSCI1001,12056,C01
1856,BSc Chemistry,GE1401,CHEM1300,12268,CA1
1856,BSc Chemistry,GE1401,CHEM1300,12270,LA1
1856,BSc Chemistry,GE1401,CHEM1300,12271,TA1
1856,BSc Chemistry,GE1401,GE1401,13572,TB1
1857,BSc Chemistry,GE1401,MA1300,10342,CA1
1857,BSc Chemistry,GE1401,GE1401,10683,T06
1857,BSc Chemistry,GE1401,CS1102,10776,LB5
1857,BSc Chemistry,GE1401,CS1102,11712,CB2
1857,BSc Chemistry,GE1401,CHEM1300,11747,C01
1857,BSc Chemistry,GE1401,CHEM1300,11750,L05
1857,BSc Chemistry,GE1401,CHEM1300,11755,T01
1857,BSc Chemistry,GE1401,MA1300,11957,TA3
1857,BSc Chemistry,GE1401,CSCI1001,12056,C01
1858,BSc Chemistry,GE1401,MA1300,10342,CA1
1858,BSc Chemistry,GE1401,CS1102,10775,LB4
1858,BSc Chemistry,GE1401,CS1102,11712,CB2
1858,BSc Chemistry,GE1401,MA1300,11764,TA2
1858,BSc Chemistry,GE1401,CSCI1001,12056,C01
1858,BSc Chemistry,GE1401,GE1401,12124,T49
1858,BSc Chemistry,GE1401,CHEM1300,12268,CA1
1858,BSc Chemistry,GE1401,CHEM1300,12270,LA1
1858,BSc Chemistry,GE1401,CHEM1300,12271,TA1
1859,BSc Chemistry,GE1401,MA1300,10342,CA1
1859,BSc Chemistry,GE1401,GE1401,10683,T06
1859,BSc Chemistry,GE1401,CS1102,10776,LB5
1859,BSc Chemistry,GE1401,CS1102,11712,CB2
1859,BSc Chemistry,GE1401,CHEM1300,11747,C01
1859,BSc Chemistry,GE1401,CHEM1300,11750,L05
1859,BSc Chemistry,GE1401,CHEM1300,11755,T01
1859,BSc Chemistry,GE1401,MA1300,11957,TA3
1859,BSc Chemistry,GE1401,CSCI1001,12056,C01
1860,BSc Chemistry,GE1401,MA1300,10342,CA1
1860,BSc Chemistry,GE1401,GE1401,10683,T06
1860,BSc Chemistry,GE1401,CS1102,10776,LB5
1860,BSc Chemistry,GE1401,CS1102,11712,CB2
1860,BSc Chemistry,GE1401,CHEM1300,11747,C01
1860,BSc Chemistry,GE1401,CHEM1300,11750,L05
1860,BSc Chemistry,GE1401,CHEM1300,11755,T01
1860,BSc Chemistry,GE1401,MA1300,11957,TA3
1860,BSc Chemistry,GE1401,CSCI1001,12056,C01
1861,BSc Chemistry,GE1401,MA1300,10342,CA1
1861,BSc Chemistry,GE1401,GE1401,10693,T16
1861,BSc Chemistry,GE1401,CS1102,11710,C02
1861,BSc Chemistry,GE1401,CS1102,11714,L05
1861,BSc Chemistry,GE1401,CHEM1300,11747,C01
1861,BSc Chemistry,GE1401,CHEM1300,11750,L05
1861,BSc Chemistry,GE1401,CHEM1300,11755,T01
1861,BSc Chemistry,GE1401,MA1300,11957,TA3
1861,BSc Chemistry,GE1401,CSCI1001,12056,C01
1862,BSc Chemistry,GE1401,MA1300,10342,CA1
1862,BSc Chemistry,GE1401,GE1401,10682,T05
1862,BSc Chemistry,GE1401,CHEM1300,11747,C01
1862,BSc Chemistry,GE1401,CHEM1300,11750,L05
1862,BSc Chemistry,GE1401,CHEM1300,11756,T05
1862,BSc Chemistry,GE1401,MA1300,11764,TA2
1862,BSc Chemistry,GE1401,CS1102,11969,LA2
1862,BSc Chemistry,GE1401,CSCI1001,12056,C01
1862,BSc Chemistry,GE1401,CS1102,15735,CA2
1863,BSc Chemistry,GE1401,MA1300,10342,CA1
1863,BSc Chemistry,GE1401,CS1102,10775,LB4
1863,BSc Chemistry,GE1401,CS1102,11712,CB2
1863,BSc Chemistry,GE1401,MA1300,11764,TA2
1863,BSc Chemistry,GE1401,CSCI1001,12056,C01
1863,BSc Chemistry,GE1401,GE1401,12124,T49
1863,BSc Chemistry,GE1401,CHEM1300,12268,CA1
1863,BSc Chemistry,GE1401,CHEM1300,12270,LA1
1863,BSc Chemistry,GE1401,CHEM1300,12271,TA1
1864,BSc Chemistry,GE1401,MA1300,10342,CA1
1864,BSc Chemistry,GE1401,GE1401,10704,T29
1864,BSc Chemistry,GE1401,CS1102,11710,C02
1864,BSc Chemistry,GE1401,CS1102,11714,L05
1864,BSc Chemistry,GE1401,CHEM1300,11747,C01
1864,BSc Chemistry,GE1401,CHEM1300,11755,T01
1864,BSc Chemistry,GE1401,MA1300,11957,TA3
1864,BSc Chemistry,GE1401,CSCI1001,12056,C01
1864,BSc Chemistry,GE1401,CHEM1300,12269,L04
1865,BSc Chemistry,GE1401,MA1300,10342,CA1
1865,BSc Chemistry,GE1401,GE1401,10683,T06
1865,BSc Chemistry,GE1401,CS1102,10776,LB5
1865,BSc Chemistry,GE1401,CS1102,11712,CB2
1865,BSc Chemistry,GE1401,CHEM1300,11747,C01
1865,BSc Chemistry,GE1401,CHEM1300,11755,T01
1865,BSc Chemistry,GE1401,MA1300,11957,TA3
1865,BSc Chemistry,GE1401,CSCI1001,12056,C01
1865,BSc Chemistry,GE1401,CHEM1300,12098,L02
1866,BSc Chemistry,GE1401,MA1300,10342,CA1
1866,BSc Chemistry,GE1401,GE1401,10357,T01
1866,BSc Chemistry,GE1401,CS1102,10776,LB5
1866,BSc Chemistry,GE1401,CS1102,11712,CB2
1866,BSc Chemistry,GE1401,CHEM1300,11747,C01
1866,BSc Chemistry,GE1401,CHEM1300,11755,T01
1866,BSc Chemistry,GE1401,MA1300,11957,TA3
1866,BSc Chemistry,GE1401,CSCI1001,12056,C01
1866,BSc Chemistry,GE1401,CHEM1300,12269,L04
1867,BSc Chemistry,GE1401,MA1300,10342,CA1
1867,BSc Chemistry,GE1401,GE1401,10726,T59
1867,BSc Chemistry,GE1401,CS1102,11710,C02
1867,BSc Chemistry,GE1401,CS1102,11713,L04
1867,BSc Chemistry,GE1401,CHEM1300,11747,C01
1867,BSc Chemistry,GE1401,CHEM1300,11756,T05
1867,BSc Chemistry,GE1401,MA1300,11764,TA2
1867,BSc Chemistry,GE1401,CSCI1001,12056,C01
1867,BSc Chemistry,GE1401,CHEM1300,12269,L04
1868,BSc Chemistry,GE1401,MA1300,10342,CA1
1868,BSc Chemistry,GE1401,CS1102,10775,LB4
1868,BSc Chemistry,GE1401,CS1102,11712,CB2
1868,BSc Chemistry,GE1401,MA1300,11764,TA2
1868,BSc Chemistry,GE1401,CSCI1001,12056,C01
1868,BSc Chemistry,GE1401,CHEM1300,12268,CA1
1868,BSc Chemistry,GE1401,CHEM1300,12270,LA1
1868,BSc Chemistry,GE1401,CHEM1300,12271,TA1
1868,BSc Chemistry,GE1401,GE1401,13577,TB6
1869,BSc Chemistry,GE1401,MA1300,10342,CA1
1869,BSc Chemistry,GE1401,CS1102,10775,LB4
1869,BSc Chemistry,GE1401,CS1102,11712,CB2
1869,BSc Chemistry,GE1401,MA1300,11764,TA2
1869,BSc Chemistry,GE1401,CSCI1001,12056,C01
1869,BSc Chemistry,GE1401,CHEM1300,12268,CA1
1869,BSc Chemistry,GE1401,CHEM1300,12270,LA1
1869,BSc Chemistry,GE1401,CHEM1300,12271,TA1
1869,BSc Chemistry,GE1401,GE1401,13570,T98
1870,BSc Chemistry,GE1401,MA1300,10342,CA1
1870,BSc Chemistry,GE1401,GE1401,10704,T29
1870,BSc Chemistry,GE1401,CS1102,11710,C02
1870,BSc Chemistry,GE1401,CS1102,11714,L05
1870,BSc Chemistry,GE1401,CHEM1300,11747,C01
1870,BSc Chemistry,GE1401,CHEM1300,11750,L05
1870,BSc Chemistry,GE1401,CHEM1300,11755,T01
1870,BSc Chemistry,GE1401,MA1300,11957,TA3
1870,BSc Chemistry,GE1401,CSCI1001,12056,C01
1871,BSc Chemistry,GE1401,MA1300,10342,CA1
1871,BSc Chemistry,GE1401,CS1102,10775,LB4
1871,BSc Chemistry,GE1401,CS1102,11712,CB2
1871,BSc Chemistry,GE1401,MA1300,11764,TA2
1871,BSc Chemistry,GE1401,CSCI1001,12056,C01
1871,BSc Chemistry,GE1401,CHEM1300,12268,CA1
1871,BSc Chemistry,GE1401,CHEM1300,12270,LA1
1871,BSc Chemistry,GE1401,CHEM1300,12271,TA1
1871,BSc Chemistry,GE1401,GE1401,13577,TB6
1872,BSc Chemistry,GE1401,MA1300,10342,CA1
1872,BSc Chemistry,GE1401,CS1102,10775,LB4
1872,BSc Chemistry,GE1401,CS1102,11712,CB2
1872,BSc Chemistry,GE1401,MA1300,11764,TA2
1872,BSc Chemistry,GE1401,CSCI1001,12056,C01
1872,BSc Chemistry,GE1401,CHEM1300,12268,CA1
1872,BSc Chemistry,GE1401,CHEM1300,12270,LA1
1872,BSc Chemistry,GE1401,CHEM1300,12271,TA1
1872,BSc Chemistry,GE1401,GE1401,13570,T98
1873,BSc Chemistry,GE1401,MA1300,10342,CA1
1873,BSc Chemistry,GE1401,CS1102,10775,LB4
1873,BSc Chemistry,GE1401,CS1102,11712,CB2
1873,BSc Chemistry,GE1401,CHEM1300,11747,C01
1873,BSc Chemistry,GE1401,CHEM1300,11755,T01
1873,BSc Chemistry,GE1401,MA1300,11764,TA2
1873,BSc Chemistry,GE1401,CSCI1001,12056,C01
1873,BSc Chemistry,GE1401,CHEM1300,12099,L03
1873,BSc Chemistry,GE1401,GE1401,12124,T49
1874,BSc Chemistry,GE1401,MA1300,10342,CA1
1874,BSc Chemistry,GE1401,CS1102,11519,LC4
1874,BSc Chemistry,GE1401,MA1300,11764,TA2
1874,BSc Chemistry,GE1401,CSCI1001,12056,C01
1874,BSc Chemistry,GE1401,GE1401,12121,T33
1874,BSc Chemistry,GE1401,CHEM1300,12268,CA1
1874,BSc Chemistry,GE1401,CHEM1300,12270,LA1
1874,BSc Chemistry,GE1401,CHEM1300,12271,TA1
1874,BSc Chemistry,GE1401,CS1102,13144,CC2
1875,BSc Chemistry,GE1401,MA1300,10342,CA1
1875,BSc Chemistry,GE1401,GE1401,10682,T05
1875,BSc Chemistry,GE1401,CHEM1300,11747,C01
1875,BSc Chemistry,GE1401,CHEM1300,11756,T05
1875,BSc Chemistry,GE1401,MA1300,11764,TA2
1875,BSc Chemistry,GE1401,CS1102,11969,LA2
1875,BSc Chemistry,GE1401,CSCI1001,12056,C01
1875,BSc Chemistry,GE1401,CHEM1300,12098,L02
1875,BSc Chemistry,GE1401,CS1102,15735,CA2
1876,BSc Chemistry,GE1401,MA1300,10342,CA1
1876,BSc Chemistry,GE1401,GE1401,10682,T05
1876,BSc Chemistry,GE1401,CHEM1300,11747,C01
1876,BSc Chemistry,GE1401,CHEM1300,11750,L05
1876,BSc Chemistry,GE1401,CHEM1300,11756,T05
1876,BSc Chemistry,GE1401,MA1300,11764,TA2
1876,BSc Chemistry,GE1401,CS1102,11969,LA2
1876,BSc Chemistry,GE1401,CSCI1001,12056,C01
1876,BSc Chemistry,GE1401,CS1102,15735,CA2
1877,BSc Chemistry,GE1401,MA1300,10342,CA1
1877,BSc Chemistry,GE1401,GE1401,10723,T56
1877,BSc Chemistry,GE1401,CS1102,10776,LB5
1877,BSc Chemistry,GE1401,CS1102,11712,CB2
1877,BSc Chemistry,GE1401,CHEM1300,11747,C01
1877,BSc Chemistry,GE1401,CHEM1300,11755,T01
1877,BSc Chemistry,GE1401,MA1300,11957,TA3
1877,BSc Chemistry,GE1401,CSCI1001,12056,C01
1877,BSc Chemistry,GE1401,CHEM1300,12269,L04
1878,BSc Chemistry,GE1401,MA1300,10342,CA1
1878,BSc Chemistry,GE1401,GE1401,10693,T16
1878,BSc Chemistry,GE1401,CS1102,11520,LC5
1878,BSc Chemistry,GE1401,CHEM1300,11747,C01
1878,BSc Chemistry,GE1401,CHEM1300,11750,L05
1878,BSc Chemistry,GE1401,CHEM1300,11755,T01
1878,BSc Chemistry,GE1401,MA1300,11957,TA3
1878,BSc Chemistry,GE1401,CSCI1001,12056,C01
1878,BSc Chemistry,GE1401,CS1102,13144,CC2
1879,BSc Chemistry,GE1401,MA1300,10342,CA1
1879,BSc Chemistry,GE1401,CS1102,10775,LB4
1879,BSc Chemistry,GE1401,CS1102,11712,CB2
1879,BSc Chemistry,GE1401,MA1300,11764,TA2
1879,BSc Chemistry,GE1401,CSCI1001,12056,C01
1879,BSc Chemistry,GE1401,GE1401,12124,T49
1879,BSc Chemistry,GE1401,CHEM1300,12268,CA1
1879,BSc Chemistry,GE1401,CHEM1300,12270,LA1
1879,BSc Chemistry,GE1401,CHEM1300,12271,TA1
1880,BSc Chemistry,GE1401,MA1300,10342,CA1
1880,BSc Chemistry,GE1401,GE1401,10688,T11
1880,BSc Chemistry,GE1401,CHEM1300,11747,C01
1880,BSc Chemistry,GE1401,CHEM1300,11756,T05
1880,BSc Chemistry,GE1401,MA1300,11764,TA2
1880,BSc Chemistry,GE1401,CS1102,11969,LA2
1880,BSc Chemistry,GE1401,CSCI1001,12056,C01
1880,BSc Chemistry,GE1401,CHEM1300,12098,L02
1880,BSc Chemistry,GE1401,CS1102,15735,CA2
1881,BSc Chemistry,GE1401,MA1300,10342,CA1
1881,BSc Chemistry,GE1401,CS1102,11710,C02
1881,BSc Chemistry,GE1401,CS1102,11713,L04
1881,BSc Chemistry,GE1401,MA1300,11764,TA2
1881,BSc Chemistry,GE1401,CSCI1001,12056,C01
1881,BSc Chemistry,GE1401,CHEM1300,12268,CA1
1881,BSc Chemistry,GE1401,CHEM1300,12270,LA1
1881,BSc Chemistry,GE1401,CHEM1300,12271,TA1
1881,BSc Chemistry,GE1401,GE1401,13577,TB6
1882,BSc Chemistry,GE1401,MA1300,10342,CA1
1882,BSc Chemistry,GE1401,GE1401,10688,T11
1882,BSc Chemistry,GE1401,CHEM1300,11747,C01
1882,BSc Chemistry,GE1401,CHEM1300,11756,T05
1882,BSc Chemistry,GE1401,MA1300,11764,TA2
1882,BSc Chemistry,GE1401,CS1102,11969,LA2
1882,BSc Chemistry,GE1401,CSCI1001,12056,C01
1882,BSc Chemistry,GE1401,CHEM1300,12098,L02
1882,BSc Chemistry,GE1401,CS1102,15735,CA2
1883,BSc Chemistry,GE1401,MA1300,10342,CA1
1883,BSc Chemistry,GE1401,CS1102,10775,LB4
1883,BSc Chemistry,GE1401,CS1102,11712,CB2
1883,BSc Chemistry,GE1401,MA1300,11764,TA2
1883,BSc Chemistry,GE1401,CSCI1001,12056,C01
1883,BSc Chemistry,GE1401,CHEM1300,12268,CA1
1883,BSc Chemistry,GE1401,CHEM1300,12270,LA1
1883,BSc Chemistry,GE1401,CHEM1300,12271,TA1
1883,BSc Chemistry,GE1401,GE1401,13577,TB6
1884,BSc Chemistry,GE1401,MA1300,10342,CA1
1884,BSc Chemistry,GE1401,GE1401,10683,T06
1884,BSc Chemistry,GE1401,CS1102,10776,LB5
1884,BSc Chemistry,GE1401,CS1102,11712,CB2
1884,BSc Chemistry,GE1401,CHEM1300,11747,C01
1884,BSc Chemistry,GE1401,CHEM1300,11750,L05
1884,BSc Chemistry,GE1401,CHEM1300,11755,T01
1884,BSc Chemistry,GE1401,MA1300,11957,TA3
1884,BSc Chemistry,GE1401,CSCI1001,12056,C01
1885,BSc Chemistry,GE1401,MA1300,10342,CA1
1885,BSc Chemistry,GE1401,GE1401,10704,T29
1885,BSc Chemistry,GE1401,CS1102,11710,C02
1885,BSc Chemistry,GE1401,CS1102,11714,L05
1885,BSc Chemistry,GE1401,CHEM1300,11747,C01
1885,BSc Chemistry,GE1401,CHEM1300,11750,L05
1885,BSc Chemistry,GE1401,CHEM1300,11755,T01
1885,BSc Chemistry,GE1401,MA1300,11957,TA3
1885,BSc Chemistry,GE1401,CSCI1001,12056,C01
1886,BSc Chemistry,LC0200A,MA1300,10342,CA1
1886,BSc Chemistry,LC0200A,CS1102,10776,LB5
1886,BSc Chemistry,LC0200A,LC0200A,10883,T14
1886,BSc Chemistry,LC0200A,CS1102,11712,CB2
1886,BSc Chemistry,LC0200A,CHEM1300,11747,C01
1886,BSc Chemistry,LC0200A,CHEM1300,11750,L05
1886,BSc Chemistry,LC0200A,CHEM1300,11755,T01
1886,BSc Chemistry,LC0200A,MA1300,11957,TA3
1886,BSc Chemistry,LC0200A,CSCI1001,12056,C01
1887,BSc Chemistry,LC0200A,MA1300,10342,CA1
1887,BSc Chemistry,LC0200A,CS1102,10541,CA1
1887,BSc Chemistry,LC0200A,LC0200A,10893,T25
1887,BSc Chemistry,LC0200A,CHEM1300,11747,C01
1887,BSc Chemistry,LC0200A,CHEM1300,11750,L05
1887,BSc Chemistry,LC0200A,CHEM1300,11756,T05
1887,BSc Chemistry,LC0200A,MA1300,11764,TA2
1887,BSc Chemistry,LC0200A,CSCI1001,12056,C01
1887,BSc Chemistry,LC0200A,CS1102,15734,LA4
1888,BSc Chemistry,LC0200A,MA1300,10342,CA1
1888,BSc Chemistry,LC0200A,LC0200A,10883,T14
1888,BSc Chemistry,LC0200A,CS1102,11520,LC5
1888,BSc Chemistry,LC0200A,CHEM1300,11747,C01
1888,BSc Chemistry,LC0200A,CHEM1300,11750,L05
1888,BSc Chemistry,LC0200A,CHEM1300,11755,T01
1888,BSc Chemistry,LC0200A,MA1300,11957,TA3
1888,BSc Chemistry,LC0200A,CSCI1001,12056,C01
1888,BSc Chemistry,LC0200A,CS1102,13144,CC2
1889,BSc Chemistry,LC0200A,MA1300,10342,CA1
1889,BSc Chemistry,LC0200A,CS1102,10776,LB5
1889,BSc Chemistry,LC0200A,LC0200A,10883,T14
1889,BSc Chemistry,LC0200A,CS1102,11712,CB2
1889,BSc Chemistry,LC0200A,CHEM1300,11747,C01
1889,BSc Chemistry,LC0200A,CHEM1300,11750,L05
1889,BSc Chemistry,LC0200A,CHEM1300,11755,T01
1889,BSc Chemistry,LC0200A,MA1300,11957,TA3
1889,BSc Chemistry,LC0200A,CSCI1001,12056,C01
1890,BSc Chemistry,LC0200A,MA1300,10342,CA1
1890,BSc Chemistry,LC0200A,LC0200A,10876,T07
1890,BSc Chemistry,LC0200A,CS1102,11710,C02
1890,BSc Chemistry,LC0200A,CS1102,11713,L04
1890,BSc Chemistry,LC0200A,CHEM1300,11747,C01
1890,BSc Chemistry,LC0200A,CHEM1300,11750,L05
1890,BSc Chemistry,LC0200A,CHEM1300,11756,T05
1890,BSc Chemistry,LC0200A,MA1300,11764,TA2
1890,BSc Chemistry,LC0200A,CSCI1001,12056,C01
1891,BSc Chemistry,LC0200A,MA1300,10342,CA1
1891,BSc Chemistry,LC0200A,CS1102,10776,LB5
1891,BSc Chemistry,LC0200A,LC0200A,10883,T14
1891,BSc Chemistry,LC0200A,CS1102,11712,CB2
1891,BSc Chemistry,LC0200A,CHEM1300,11747,C01
1891,BSc Chemistry,LC0200A,CHEM1300,11750,L05
1891,BSc Chemistry,LC0200A,CHEM1300,11755,T01
1891,BSc Chemistry,LC0200A,MA1300,11957,TA3
1891,BSc Chemistry,LC0200A,CSCI1001,12056,C01
1892,BSc Chemistry,LC0200A,MA1300,10342,CA1
1892,BSc Chemistry,LC0200A,LC0200A,10876,T07
1892,BSc Chemistry,LC0200A,CS1102,11710,C02
1892,BSc Chemistry,LC0200A,CS1102,11713,L04
1892,BSc Chemistry,LC0200A,CHEM1300,11747,C01
1892,BSc Chemistry,LC0200A,CHEM1300,11750,L05
1892,BSc Chemistry,LC0200A,CHEM1300,11756,T05
1892,BSc Chemistry,LC0200A,MA1300,11764,TA2
1892,BSc Chemistry,LC0200A,CSCI1001,12056,C01
1893,BSc Chemistry,LC0200A,MA1300,10342,CA1
1893,BSc Chemistry,LC0200A,CS1102,10775,LB4
1893,BSc Chemistry,LC0200A,LC0200A,10876,T07
1893,BSc Chemistry,LC0200A,CS1102,11712,CB2
1893,BSc Chemistry,LC0200A,CHEM1300,11747,C01
1893,BSc Chemistry,LC0200A,CHEM1300,11750,L05
1893,BSc Chemistry,LC0200A,CHEM1300,11756,T05
1893,BSc Chemistry,LC0200A,MA1300,11764,TA2
1893,BSc Chemistry,LC0200A,CSCI1001,12056,C01
1894,BSc Chemistry,LC0200A,MA1300,10342,CA1
1894,BSc Chemistry,LC0200A,CS1102,10775,LB4
1894,BSc Chemistry,LC0200A,LC0200A,10876,T07
1894,BSc Chemistry,LC0200A,CS1102,11712,CB2
1894,BSc Chemistry,LC0200A,CHEM1300,11747,C01
1894,BSc Chemistry,LC0200A,CHEM1300,11750,L05
1894,BSc Chemistry,LC0200A,CHEM1300,11756,T05
1894,BSc Chemistry,LC0200A,MA1300,11764,TA2
1894,BSc Chemistry,LC0200A,CSCI1001,12056,C01
1895,BSc Chemistry,LC0200A,MA1300,10342,CA1
1895,BSc Chemistry,LC0200A,CS1102,10776,LB5
1895,BSc Chemistry,LC0200A,LC0200A,10883,T14
1895,BSc Chemistry,LC0200A,CS1102,11712,CB2
1895,BSc Chemistry,LC0200A,CHEM1300,11747,C01
1895,BSc Chemistry,LC0200A,CHEM1300,11750,L05
1895,BSc Chemistry,LC0200A,CHEM1300,11755,T01
1895,BSc Chemistry,LC0200A,MA1300,11957,TA3
1895,BSc Chemistry,LC0200A,CSCI1001,12056,C01
1896,BSc Chemistry,LC0200A,MA1300,10342,CA1
1896,BSc Chemistry,LC0200A,CS1102,10775,LB4
1896,BSc Chemistry,LC0200A,LC0200A,10876,T07
1896,BSc Chemistry,LC0200A,CS1102,11712,CB2
1896,BSc Chemistry,LC0200A,CHEM1300,11747,C01
1896,BSc Chemistry,LC0200A,CHEM1300,11750,L05
1896,BSc Chemistry,LC0200A,CHEM1300,11755,T01
1896,BSc Chemistry,LC0200A,MA1300,11764,TA2
1896,BSc Chemistry,LC0200A,CSCI1001,12056,C01
1897,BSc Chemistry,LC0200A,MA1300,10342,CA1
1897,BSc Chemistry,LC0200A,CS1102,10776,LB5
1897,BSc Chemistry,LC0200A,CS1102,11712,CB2
1897,BSc Chemistry,LC0200A,CHEM1300,11747,C01
1897,BSc Chemistry,LC0200A,CHEM1300,11750,L05
1897,BSc Chemistry,LC0200A,CHEM1300,11755,T01
1897,BSc Chemistry,LC0200A,MA1300,11957,TA3
1897,BSc Chemistry,LC0200A,CSCI1001,12056,C01
1897,BSc Chemistry,LC0200A,LC0200A,14950,T18
1898,BSc Chemistry,LC0200A,MA1300,10342,CA1
1898,BSc Chemistry,LC0200A,CS1102,10776,LB5
1898,BSc Chemistry,LC0200A,LC0200A,10883,T14
1898,BSc Chemistry,LC0200A,CS1102,11712,CB2
1898,BSc Chemistry,LC0200A,CHEM1300,11747,C01
1898,BSc Chemistry,LC0200A,CHEM1300,11750,L05
1898,BSc Chemistry,LC0200A,CHEM1300,11755,T01
1898,BSc Chemistry,LC0200A,MA1300,11957,TA3
1898,BSc Chemistry,LC0200A,CSCI1001,12056,C01
1899,BSc Chemistry,LC0200A,MA1300,10342,CA1
1899,BSc Chemistry,LC0200A,CS1102,10775,LB4
1899,BSc Chemistry,LC0200A,LC0200A,10876,T07
1899,BSc Chemistry,LC0200A,CS1102,11712,CB2
1899,BSc Chemistry,LC0200A,CHEM1300,11747,C01
1899,BSc Chemistry,LC0200A,CHEM1300,11750,L05
1899,BSc Chemistry,LC0200A,CHEM1300,11755,T01
1899,BSc Chemistry,LC0200A,MA1300,11764,TA2
1899,BSc Chemistry,LC0200A,CSCI1001,12056,C01
1900,BSc Chemistry,LC0200A,MA1300,10342,CA1
1900,BSc Chemistry,LC0200A,CS1102,10776,LB5
1900,BSc Chemistry,LC0200A,CS1102,11712,CB2
1900,BSc Chemistry,LC0200A,CHEM1300,11747,C01
1900,BSc Chemistry,LC0200A,CHEM1300,11750,L05
1900,BSc Chemistry,LC0200A,CHEM1300,11755,T01
1900,BSc Chemistry,LC0200A,MA1300,11957,TA3
1900,BSc Chemistry,LC0200A,CSCI1001,12056,C01
1900,BSc Chemistry,LC0200A,LC0200A,14950,T18
1901,BSc Chemistry,LC0200A,MA1300,10342,CA1
1901,BSc Chemistry,LC0200A,CS1102,10776,LB5
1901,BSc Chemistry,LC0200A,CS1102,11712,CB2
1901,BSc Chemistry,LC0200A,CHEM1300,11747,C01
1901,BSc Chemistry,LC0200A,CHEM1300,11750,L05
1901,BSc Chemistry,LC0200A,CHEM1300,11755,T01
1901,BSc Chemistry,LC0200A,MA1300,11957,TA3
1901,BSc Chemistry,LC0200A,CSCI1001,12056,C01
1901,BSc Chemistry,LC0200A,LC0200A,14952,T36
1902,BSc Chemistry,LC0200A,MA1300,10342,CA1
1902,BSc Chemistry,LC0200A,CS1102,10776,LB5
1902,BSc Chemistry,LC0200A,LC0200A,10883,T14
1902,BSc Chemistry,LC0200A,CS1102,11712,CB2
1902,BSc Chemistry,LC0200A,CHEM1300,11747,C01
1902,BSc Chemistry,LC0200A,CHEM1300,11750,L05
1902,BSc Chemistry,LC0200A,CHEM1300,11755,T01
1902,BSc Chemistry,LC0200A,MA1300,11957,TA3
1902,BSc Chemistry,LC0200A,CSCI1001,12056,C01
1903,BSc Chemistry,LC0200A,MA1300,10342,CA1
1903,BSc Chemistry,LC0200A,LC0200A,10876,T07
1903,BSc Chemistry,LC0200A,CS1102,11710,C02
1903,BSc Chemistry,LC0200A,CS1102,11713,L04
1903,BSc Chemistry,LC0200A,CHEM1300,11747,C01
1903,BSc Chemistry,LC0200A,CHEM1300,11750,L05
1903,BSc Chemistry,LC0200A,CHEM1300,11756,T05
1903,BSc Chemistry,LC0200A,MA1300,11764,TA2
1903,BSc Chemistry,LC0200A,CSCI1001,12056,C01
1904,BSc Computing Mathematics,GE1401,GE1401,10696,T20
1904,BSc Computing Mathematics,GE1401,CS1302,11860,CB1
1904,BSc Computing Mathematics,GE1401,CSCI1001,12056,C01
1904,BSc Computing Mathematics,GE1401,CS1302,12218,LB3
1904,BSc Computing Mathematics,GE1401,MA1502,12609,CB1
1904,BSc Computing Mathematics,GE1401,GE1501,12618,C13
1904,BSc Computing Mathematics,GE1401,MA1400,14938,C01
1904,BSc Computing Mathematics,GE1401,MA1400,14939,T01
1905,BSc Computing Mathematics,GE1401,GE1401,11495,T77
1905,BSc Computing Mathematics,GE1401,CS1302,11860,CB1
1905,BSc Computing Mathematics,GE1401,CSCI1001,12056,C01
1905,BSc Computing Mathematics,GE1401,CS1302,12218,LB3
1905,BSc Computing Mathematics,GE1401,MA1502,12609,CB1
1905,BSc Computing Mathematics,GE1401,GE1501,12618,C13
1905,BSc Computing Mathematics,GE1401,MA1400,14938,C01
1905,BSc Computing Mathematics,GE1401,MA1400,14939,T01
1906,BSc Computing Mathematics,GE1401,CS1302,11860,CB1
1906,BSc Computing Mathematics,GE1401,CSCI1001,12056,C01
1906,BSc Computing Mathematics,GE1401,CS1302,12218,LB3
1906,BSc Computing Mathematics,GE1401,GE1401,12398,T70
1906,BSc Computing Mathematics,GE1401,MA1502,12609,CB1
1906,BSc Computing Mathematics,GE1401,GE1501,12619,C14
1906,BSc Computing Mathematics,GE1401,MA1400,14938,C01
1906,BSc Computing Mathematics,GE1401,MA1400,14939,T01
1907,BSc Computing Mathematics,GE1401,GE1401,10696,T20
1907,BSc Computing Mathematics,GE1401,CS1302,11860,CB1
1907,BSc Computing Mathematics,GE1401,CSCI1001,12056,C01
1907,BSc Computing Mathematics,GE1401,CS1302,12218,LB3
1907,BSc Computing Mathematics,GE1401,MA1502,12609,CB1
1907,BSc Computing Mathematics,GE1401,GE1501,12618,C13
1907,BSc Computing Mathematics,GE1401,MA1400,14938,C01
1907,BSc Computing Mathematics,GE1401,MA1400,14939,T01
1908,BSc Computing Mathematics,GE1401,GE1401,10696,T20
1908,BSc Computing Mathematics,GE1401,CS1302,11860,CB1
1908,BSc Computing Mathematics,GE1401,CSCI1001,12056,C01
1908,BSc Computing Mathematics,GE1401,CS1302,12218,LB3
1908,BSc Computing Mathematics,GE1401,MA1502,12609,CB1
1908,BSc Computing Mathematics,GE1401,GE1501,12618,C13
1908,BSc Computing Mathematics,GE1401,MA1400,14938,C01
1908,BSc Computing Mathematics,GE1401,MA1400,14939,T01
1909,BSc Computing Mathematics,GE1401,GE1401,10696,T20
1909,BSc Computing Mathematics,GE1401,CS1302,11860,CB1
1909,BSc Computing Mathematics,GE1401,CSCI1001,12056,C01
1909,BSc Computing Mathematics,GE1401,CS1302,12218,LB3
1909,BSc Computing Mathematics,GE1401,MA1502,12609,CB1
1909,BSc Computing Mathematics,GE1401,GE1501,12618,C13
1909,BSc Computing Mathematics,GE1401,MA1400,14938,C01
1909,BSc Computing Mathematics,GE1401,MA1400,14939,T01
1910,BSc Computing Mathematics,GE1401,GE1401,10696,T20
1910,BSc Computing Mathematics,GE1401,CS1302,11860,CB1
1910,BSc Computing Mathematics,GE1401,CSCI1001,12056,C01
1910,BSc Computing Mathematics,GE1401,CS1302,12218,LB3
1910,BSc Computing Mathematics,GE1401,MA1502,12609,CB1
1910,BSc Computing Mathematics,GE1401,GE1501,12618,C13
1910,BSc Computing Mathematics,GE1401,MA1400,14938,C01
1910,BSc Computing Mathematics,GE1401,MA1400,14939,T01
1911,BSc Computing Mathematics,GE1401,CS1302,11860,CB1
1911,BSc Computing Mathematics,GE1401,CSCI1001,12056,C01
1911,BSc Computing Mathematics,GE1401,CS1302,12218,LB3
1911,BSc Computing Mathematics,GE1401,MA1502,12609,CB1
1911,BSc Computing Mathematics,GE1401,GE1501,12618,C13
1911,BSc Computing Mathematics,GE1401,MA1400,14938,C01
1911,BSc Computing Mathematics,GE1401,MA1400,14939,T01
1911,BSc Computing Mathematics,GE1401,GE1401,15205,TC5
1912,BSc Computing Mathematics,GE1401,CS1302,11860,CB1
1912,BSc Computing Mathematics,GE1401,CSCI1001,12056,C01
1912,BSc Computing Mathematics,GE1401,CS1302,12218,LB3
1912,BSc Computing Mathematics,GE1401,MA1502,12609,CB1
1912,BSc Computing Mathematics,GE1401,GE1501,12618,C13
1912,BSc Computing Mathematics,GE1401,MA1400,14938,C01
1912,BSc Computing Mathematics,GE1401,MA1400,14939,T01
1912,BSc Computing Mathematics,GE1401,GE1401,15183,TC4
1913,BSc Computing Mathematics,GE1401,CS1302,11860,CB1
1913,BSc Computing Mathematics,GE1401,CSCI1001,12056,C01
1913,BSc Computing Mathematics,GE1401,CS1302,12218,LB3
1913,BSc Computing Mathematics,GE1401,MA1502,12609,CB1
1913,BSc Computing Mathematics,GE1401,GE1501,12619,C14
1913,BSc Computing Mathematics,GE1401,GE1401,13577,TB6
1913,BSc Computing Mathematics,GE1401,MA1400,14938,C01
1913,BSc Computing Mathematics,GE1401,MA1400,14939,T01
1914,BSc Computing Mathematics,GE1401,GE1401,10696,T20
1914,BSc Computing Mathematics,GE1401,CS1302,11861,CC1
1914,BSc Computing Mathematics,GE1401,CSCI1001,12056,C01
1914,BSc Computing Mathematics,GE1401,MA1502,12609,CB1
1914,BSc Computing Mathematics,GE1401,GE1501,12618,C13
1914,BSc Computing Mathematics,GE1401,CS1302,13150,LC3
1914,BSc Computing Mathematics,GE1401,MA1400,14938,C01
1914,BSc Computing Mathematics,GE1401,MA1400,14939,T01
1915,BSc Computing Mathematics,GE1401,CS1302,11860,CB1
1915,BSc Computing Mathematics,GE1401,CSCI1001,12056,C01
1915,BSc Computing Mathematics,GE1401,CS1302,12218,LB3
1915,BSc Computing Mathematics,GE1401,MA1502,12609,CB1
1915,BSc Computing Mathematics,GE1401,GE1501,12618,C13
1915,BSc Computing Mathematics,GE1401,MA1400,14938,C01
1915,BSc Computing Mathematics,GE1401,MA1400,14939,T01
1915,BSc Computing Mathematics,GE1401,GE1401,15183,TC4
1916,BSc Computing Mathematics,GE1401,CS1302,11860,CB1
1916,BSc Computing Mathematics,GE1401,CSCI1001,12056,C01
1916,BSc Computing Mathematics,GE1401,CS1302,12218,LB3
1916,BSc Computing Mathematics,GE1401,MA1502,12609,CB1
1916,BSc Computing Mathematics,GE1401,GE1501,12619,C14
1916,BSc Computing Mathematics,GE1401,GE1401,13577,TB6
1916,BSc Computing Mathematics,GE1401,MA1400,14938,C01
1916,BSc Computing Mathematics,GE1401,MA1400,14939,T01
1917,BSc Computing Mathematics,GE1401,CS1302,11860,CB1
1917,BSc Computing Mathematics,GE1401,CSCI1001,12056,C01
1917,BSc Computing Mathematics,GE1401,CS1302,12218,LB3
1917,BSc Computing Mathematics,GE1401,MA1502,12609,CB1
1917,BSc Computing Mathematics,GE1401,GE1501,12618,C13
1917,BSc Computing Mathematics,GE1401,MA1400,14938,C01
1917,BSc Computing Mathematics,GE1401,MA1400,14939,T01
1917,BSc Computing Mathematics,GE1401,GE1401,15183,TC4
1918,BSc Computing Mathematics,GE1401,GE1401,11495,T77
1918,BSc Computing Mathematics,GE1401,CS1302,11860,CB1
1918,BSc Computing Mathematics,GE1401,CSCI1001,12056,C01
1918,BSc Computing Mathematics,GE1401,CS1302,12218,LB3
1918,BSc Computing Mathematics,GE1401,MA1502,12609,CB1
1918,BSc Computing Mathematics,GE1401,GE1501,12618,C13
1918,BSc Computing Mathematics,GE1401,MA1400,14938,C01
1918,BSc Computing Mathematics,GE1401,MA1400,14939,T01
1919,BSc Computing Mathematics,GE1401,GE1401,10708,T34
1919,BSc Computing Mathematics,GE1401,CS1302,11860,CB1
1919,BSc Computing Mathematics,GE1401,CSCI1001,12056,C01
1919,BSc Computing Mathematics,GE1401,CS1302,12218,LB3
1919,BSc Computing Mathematics,GE1401,MA1502,12609,CB1
1919,BSc Computing Mathematics,GE1401,GE1501,12618,C13
1919,BSc Computing Mathematics,GE1401,MA1400,14938,C01
1919,BSc Computing Mathematics,GE1401,MA1400,14939,T01
1920,BSc Computing Mathematics,GE1401,CS1302,11860,CB1
1920,BSc Computing Mathematics,GE1401,CSCI1001,12056,C01
1920,BSc Computing Mathematics,GE1401,CS1302,12218,LB3
1920,BSc Computing Mathematics,GE1401,MA1502,12609,CB1
1920,BSc Computing Mathematics,GE1401,GE1501,12618,C13
1920,BSc Computing Mathematics,GE1401,GE1401,13571,T99
1920,BSc Computing Mathematics,GE1401,MA1400,14938,C01
1920,BSc Computing Mathematics,GE1401,MA1400,14939,T01
1921,BSc Computing Mathematics,GE1401,CS1302,11860,CB1
1921,BSc Computing Mathematics,GE1401,CSCI1001,12056,C01
1921,BSc Computing Mathematics,GE1401,CS1302,12218,LB3
1921,BSc Computing Mathematics,GE1401,GE1401,12398,T70
1921,BSc Computing Mathematics,GE1401,MA1502,12609,CB1
1921,BSc Computing Mathematics,GE1401,GE1501,12619,C14
1921,BSc Computing Mathematics,GE1401,MA1400,14938,C01
1921,BSc Computing Mathematics,GE1401,MA1400,14939,T01
1922,BSc Computing Mathematics,GE1401,GE1401,10688,T11
1922,BSc Computing Mathematics,GE1401,CS1302,11860,CB1
1922,BSc Computing Mathematics,GE1401,CSCI1001,12056,C01
1922,BSc Computing Mathematics,GE1401,CS1302,12218,LB3
1922,BSc Computing Mathematics,GE1401,MA1502,12609,CB1
1922,BSc Computing Mathematics,GE1401,GE1501,12618,C13
1922,BSc Computing Mathematics,GE1401,MA1400,14938,C01
1922,BSc Computing Mathematics,GE1401,MA1400,14939,T01
1923,BSc Computing Mathematics,GE1401,CS1302,11860,CB1
1923,BSc Computing Mathematics,GE1401,CSCI1001,12056,C01
1923,BSc Computing Mathematics,GE1401,CS1302,12218,LB3
1923,BSc Computing Mathematics,GE1401,MA1502,12609,CB1
1923,BSc Computing Mathematics,GE1401,GE1501,12618,C13
1923,BSc Computing Mathematics,GE1401,GE1401,13263,T92
1923,BSc Computing Mathematics,GE1401,MA1400,14938,C01
1923,BSc Computing Mathematics,GE1401,MA1400,14939,T01
1924,BSc Computing Mathematics,GE1401,GE1401,10708,T34
1924,BSc Computing Mathematics,GE1401,CS1302,11860,CB1
1924,BSc Computing Mathematics,GE1401,CSCI1001,12056,C01
1924,BSc Computing Mathematics,GE1401,CS1302,12218,LB3
1924,BSc Computing Mathematics,GE1401,MA1502,12609,CB1
1924,BSc Computing Mathematics,GE1401,GE1501,12618,C13
1924,BSc Computing Mathematics,GE1401,MA1400,14938,C01
1924,BSc Computing Mathematics,GE1401,MA1400,14939,T01
1925,BSc Computing Mathematics,GE1401,GE1401,10696,T20
1925,BSc Computing Mathematics,GE1401,CS1302,11861,CC1
1925,BSc Computing Mathematics,GE1401,CSCI1001,12056,C01
1925,BSc Computing Mathematics,GE1401,MA1502,12609,CB1
1925,BSc Computing Mathematics,GE1401,GE1501,12618,C13
1925,BSc Computing Mathematics,GE1401,CS1302,13150,LC3
1925,BSc Computing Mathematics,GE1401,MA1400,14938,C01
1925,BSc Computing Mathematics,GE1401,MA1400,14939,T01
1926,BSc Computing Mathematics,GE1401,GE1401,10701,T25
1926,BSc Computing Mathematics,GE1401,CS1302,11860,CB1
1926,BSc Computing Mathematics,GE1401,CSCI1001,12056,C01
1926,BSc Computing Mathematics,GE1401,CS1302,12218,LB3
1926,BSc Computing Mathematics,GE1401,MA1502,12609,CB1
1926,BSc Computing Mathematics,GE1401,GE1501,12618,C13
1926,BSc Computing Mathematics,GE1401,MA1400,14938,C01
1926,BSc Computing Mathematics,GE1401,MA1400,14939,T01
1927,BSc Computing Mathematics,GE1401,GE1401,11495,T77
1927,BSc Computing Mathematics,GE1401,CS1302,11860,CB1
1927,BSc Computing Mathematics,GE1401,CSCI1001,12056,C01
1927,BSc Computing Mathematics,GE1401,CS1302,12218,LB3
1927,BSc Computing Mathematics,GE1401,MA1502,12609,CB1
1927,BSc Computing Mathematics,GE1401,GE1501,12618,C13
1927,BSc Computing Mathematics,GE1401,MA1400,14938,C01
1927,BSc Computing Mathematics,GE1401,MA1400,14939,T01
1928,BSc Computing Mathematics,GE1401,GE1401,11494,T76
1928,BSc Computing Mathematics,GE1401,CS1302,11860,CB1
1928,BSc Computing Mathematics,GE1401,CSCI1001,12056,C01
1928,BSc Computing Mathematics,GE1401,CS1302,12218,LB3
1928,BSc Computing Mathematics,GE1401,MA1502,12609,CB1
1928,BSc Computing Mathematics,GE1401,GE1501,12619,C14
1928,BSc Computing Mathematics,GE1401,MA1400,14938,C01
1928,BSc Computing Mathematics,GE1401,MA1400,14939,T01
1929,BSc Computing Mathematics,GE1401,CS1302,11860,CB1
1929,BSc Computing Mathematics,GE1401,CSCI1001,12056,C01
1929,BSc Computing Mathematics,GE1401,CS1302,12218,LB3
1929,BSc Computing Mathematics,GE1401,MA1502,12609,CB1
1929,BSc Computing Mathematics,GE1401,GE1501,12618,C13
1929,BSc Computing Mathematics,GE1401,GE1401,13263,T92
1929,BSc Computing Mathematics,GE1401,MA1400,14938,C01
1929,BSc Computing Mathematics,GE1401,MA1400,14939,T01
1930,BSc Computing Mathematics,GE1401,GE1401,10701,T25
1930,BSc Computing Mathematics,GE1401,CS1302,11860,CB1
1930,BSc Computing Mathematics,GE1401,CSCI1001,12056,C01
1930,BSc Computing Mathematics,GE1401,CS1302,12218,LB3
1930,BSc Computing Mathematics,GE1401,MA1502,12609,CB1
1930,BSc Computing Mathematics,GE1401,GE1501,12618,C13
1930,BSc Computing Mathematics,GE1401,MA1400,14938,C01
1930,BSc Computing Mathematics,GE1401,MA1400,14939,T01
1931,BSc Computing Mathematics,GE1401,GE1401,11504,T90
1931,BSc Computing Mathematics,GE1401,CS1302,11860,CB1
1931,BSc Computing Mathematics,GE1401,CSCI1001,12056,C01
1931,BSc Computing Mathematics,GE1401,CS1302,12218,LB3
1931,BSc Computing Mathematics,GE1401,MA1502,12609,CB1
1931,BSc Computing Mathematics,GE1401,GE1501,12619,C14
1931,BSc Computing Mathematics,GE1401,MA1400,14938,C01
1931,BSc Computing Mathematics,GE1401,MA1400,14939,T01
1932,BSc Computing Mathematics,GE1401,CS1302,11860,CB1
1932,BSc Computing Mathematics,GE1401,CSCI1001,12056,C01
1932,BSc Computing Mathematics,GE1401,CS1302,12218,LB3
1932,BSc Computing Mathematics,GE1401,GE1401,12398,T70
1932,BSc Computing Mathematics,GE1401,MA1502,12609,CB1
1932,BSc Computing Mathematics,GE1401,GE1501,12619,C14
1932,BSc Computing Mathematics,GE1401,MA1400,14938,C01
1932,BSc Computing Mathematics,GE1401,MA1400,14939,T01
1933,BSc Computing Mathematics,GE1401,CS1302,11860,CB1
1933,BSc Computing Mathematics,GE1401,CSCI1001,12056,C01
1933,BSc Computing Mathematics,GE1401,CS1302,12218,LB3
1933,BSc Computing Mathematics,GE1401,MA1502,12609,CB1
1933,BSc Computing Mathematics,GE1401,GE1501,12619,C14
1933,BSc Computing Mathematics,GE1401,GE1401,14271,TB8
1933,BSc Computing Mathematics,GE1401,MA1400,14938,C01
1933,BSc Computing Mathematics,GE1401,MA1400,14939,T01
1934,BSc Computing Mathematics,GE1401,GE1401,10688,T11
1934,BSc Computing Mathematics,GE1401,CS1302,11860,CB1
1934,BSc Computing Mathematics,GE1401,CSCI1001,12056,C01
1934,BSc Computing Mathematics,GE1401,CS1302,12218,LB3
1934,BSc Computing Mathematics,GE1401,MA1502,12609,CB1
1934,BSc Computing Mathematics,GE1401,GE1501,12618,C13
1934,BSc Computing Mathematics,GE1401,MA1400,14938,C01
1934,BSc Computing Mathematics,GE1401,MA1400,14939,T01
1935,BSc Computing Mathematics,GE1401,GE1401,11495,T77
1935,BSc Computing Mathematics,GE1401,CS1302,11860,CB1
1935,BSc Computing Mathematics,GE1401,CSCI1001,12056,C01
1935,BSc Computing Mathematics,GE1401,CS1302,12218,LB3
1935,BSc Computing Mathematics,GE1401,MA1502,12609,CB1
1935,BSc Computing Mathematics,GE1401,GE1501,12618,C13
1935,BSc Computing Mathematics,GE1401,MA1400,14938,C01
1935,BSc Computing Mathematics,GE1401,MA1400,14939,T01
1936,BSc Computing Mathematics,GE1401,GE1401,10696,T20
1936,BSc Computing Mathematics,GE1401,CS1302,11860,CB1
1936,BSc Computing Mathematics,GE1401,CSCI1001,12056,C01
1936,BSc Computing Mathematics,GE1401,CS1302,12218,LB3
1936,BSc Computing Mathematics,GE1401,MA1502,12609,CB1
1936,BSc Computing Mathematics,GE1401,GE1501,12618,C13
1936,BSc Computing Mathematics,GE1401,MA1400,14938,C01
1936,BSc Computing Mathematics,GE1401,MA1400,14939,T01
1937,BSc Computing Mathematics,GE1401,GE1401,11494,T76
1937,BSc Computing Mathematics,GE1401,CS1302,11860,CB1
1937,BSc Computing Mathematics,GE1401,CSCI1001,12056,C01
1937,BSc Computing Mathematics,GE1401,CS1302,12218,LB3
1937,BSc Computing Mathematics,GE1401,MA1502,12609,CB1
1937,BSc Computing Mathematics,GE1401,GE1501,12619,C14
1937,BSc Computing Mathematics,GE1401,MA1400,14938,C01
1937,BSc Computing Mathematics,GE1401,MA1400,14939,T01
1938,BSc Computing Mathematics,GE1401,GE1401,10708,T34
1938,BSc Computing Mathematics,GE1401,CS1302,11860,CB1
1938,BSc Computing Mathematics,GE1401,CSCI1001,12056,C01
1938,BSc Computing Mathematics,GE1401,CS1302,12218,LB3
1938,BSc Computing Mathematics,GE1401,MA1502,12609,CB1
1938,BSc Computing Mathematics,GE1401,GE1501,12618,C13
1938,BSc Computing Mathematics,GE1401,MA1400,14938,C01
1938,BSc Computing Mathematics,GE1401,MA1400,14939,T01
1939,BSc Computing Mathematics,GE1401,GE1401,10696,T20
1939,BSc Computing Mathematics,GE1401,CS1302,11860,CB1
1939,BSc Computing Mathematics,GE1401,CSCI1001,12056,C01
1939,BSc Computing Mathematics,GE1401,CS1302,12218,LB3
1939,BSc Computing Mathematics,GE1401,MA1502,12609,CB1
1939,BSc Computing Mathematics,GE1401,GE1501,12618,C13
1939,BSc Computing Mathematics,GE1401,MA1400,14938,C01
1939,BSc Computing Mathematics,GE1401,MA1400,14939,T01
1940,BSc Computing Mathematics,GE1401,CS1302,11860,CB1
1940,BSc Computing Mathematics,GE1401,CSCI1001,12056,C01
1940,BSc Computing Mathematics,GE1401,CS1302,12218,LB3
1940,BSc Computing Mathematics,GE1401,MA1502,12609,CB1
1940,BSc Computing Mathematics,GE1401,GE1501,12618,C13
1940,BSc Computing Mathematics,GE1401,MA1400,14938,C01
1940,BSc Computing Mathematics,GE1401,MA1400,14939,T01
1940,BSc Computing Mathematics,GE1401,GE1401,15182,TC3
1941,BSc Computing Mathematics,GE1401,GE1401,10708,T34
1941,BSc Computing Mathematics,GE1401,CS1302,11860,CB1
1941,BSc Computing Mathematics,GE1401,CSCI1001,12056,C01
1941,BSc Computing Mathematics,GE1401,CS1302,12218,LB3
1941,BSc Computing Mathematics,GE1401,MA1502,12609,CB1
1941,BSc Computing Mathematics,GE1401,GE1501,12618,C13
1941,BSc Computing Mathematics,GE1401,MA1400,14938,C01
1941,BSc Computing Mathematics,GE1401,MA1400,14939,T01
1942,BSc Computing Mathematics,GE1401,CS1302,11860,CB1
1942,BSc Computing Mathematics,GE1401,CSCI1001,12056,C01
1942,BSc Computing Mathematics,GE1401,CS1302,12218,LB3
1942,BSc Computing Mathematics,GE1401,MA1502,12609,CB1
1942,BSc Computing Mathematics,GE1401,GE1501,12618,C13
1942,BSc Computing Mathematics,GE1401,GE1401,13263,T92
1942,BSc Computing Mathematics,GE1401,MA1400,14938,C01
1942,BSc Computing Mathematics,GE1401,MA1400,14939,T01
1943,BSc Computing Mathematics,LC0200A,LC0200A,11030,T31
1943,BSc Computing Mathematics,LC0200A,CS1302,11860,CB1
1943,BSc Computing Mathematics,LC0200A,CSCI1001,12056,C01
1943,BSc Computing Mathematics,LC0200A,CS1302,12218,LB3
1943,BSc Computing Mathematics,LC0200A,MA1502,12609,CB1
1943,BSc Computing Mathematics,LC0200A,GE1501,12619,C14
1943,BSc Computing Mathematics,LC0200A,MA1400,14938,C01
1943,BSc Computing Mathematics,LC0200A,MA1400,14939,T01
1944,BSc Computing Mathematics,LC0200A,LC0200A,11030,T31
1944,BSc Computing Mathematics,LC0200A,CS1302,11860,CB1
1944,BSc Computing Mathematics,LC0200A,CSCI1001,12056,C01
1944,BSc Computing Mathematics,LC0200A,CS1302,12218,LB3
1944,BSc Computing Mathematics,LC0200A,MA1502,12609,CB1
1944,BSc Computing Mathematics,LC0200A,GE1501,12619,C14
1944,BSc Computing Mathematics,LC0200A,MA1400,14938,C01
1944,BSc Computing Mathematics,LC0200A,MA1400,14939,T01
1945,BSc Computing Mathematics,LC0200A,LC0200A,10882,T13
1945,BSc Computing Mathematics,LC0200A,CS1302,11861,CC1
1945,BSc Computing Mathematics,LC0200A,CSCI1001,12056,C01
1945,BSc Computing Mathematics,LC0200A,MA1502,12609,CB1
1945,BSc Computing Mathematics,LC0200A,GE1501,12619,C14
1945,BSc Computing Mathematics,LC0200A,CS1302,13150,LC3
1945,BSc Computing Mathematics,LC0200A,MA1400,14938,C01
1945,BSc Computing Mathematics,LC0200A,MA1400,14939,T01
1946,BSc Computing Mathematics,LC0200A,CS1302,11860,CB1
1946,BSc Computing Mathematics,LC0200A,LC0200A,11976,T37
1946,BSc Computing Mathematics,LC0200A,CSCI1001,12056,C01
1946,BSc Computing Mathematics,LC0200A,CS1302,12218,LB3
1946,BSc Computing Mathematics,LC0200A,MA1502,12609,CB1
1946,BSc Computing Mathematics,LC0200A,GE1501,12619,C14
1946,BSc Computing Mathematics,LC0200A,MA1400,14938,C01
1946,BSc Computing Mathematics,LC0200A,MA1400,14939,T01
1947,BSc Computing Mathematics,LC0200A,LC0200A,10887,T19
1947,BSc Computing Mathematics,LC0200A,CS1302,11860,CB1
1947,BSc Computing Mathematics,LC0200A,CSCI1001,12056,C01
1947,BSc Computing Mathematics,LC0200A,CS1302,12218,LB3
1947,BSc Computing Mathematics,LC0200A,MA1502,12609,CB1
1947,BSc Computing Mathematics,LC0200A,GE1501,12618,C13
1947,BSc Computing Mathematics,LC0200A,MA1400,14938,C01
1947,BSc Computing Mathematics,LC0200A,MA1400,14939,T01
1948,BSc Computing Mathematics,LC0200A,LC0200A,10882,T13
1948,BSc Computing Mathematics,LC0200A,CS1302,11860,CB1
1948,BSc Computing Mathematics,LC0200A,CSCI1001,12056,C01
1948,BSc Computing Mathematics,LC0200A,CS1302,12218,LB3
1948,BSc Computing Mathematics,LC0200A,MA1502,12609,CB1
1948,BSc Computing Mathematics,LC0200A,GE1501,12619,C14
1948,BSc Computing Mathematics,LC0200A,MA1400,14938,C01
1948,BSc Computing Mathematics,LC0200A,MA1400,14939,T01
1949,BSc Computing Mathematics,LC0200A,LC0200A,10841,T01
1949,BSc Computing Mathematics,LC0200A,CS1302,11860,CB1
1949,BSc Computing Mathematics,LC0200A,CSCI1001,12056,C01
1949,BSc Computing Mathematics,LC0200A,CS1302,12218,LB3
1949,BSc Computing Mathematics,LC0200A,MA1502,12609,CB1
1949,BSc Computing Mathematics,LC0200A,GE1501,12618,C13
1949,BSc Computing Mathematics,LC0200A,MA1400,14938,C01
1949,BSc Computing Mathematics,LC0200A,MA1400,14939,T01
1950,BSc Computing Mathematics,LC0200A,LC0200A,10887,T19
1950,BSc Computing Mathematics,LC0200A,CS1302,11860,CB1
1950,BSc Computing Mathematics,LC0200A,CSCI1001,12056,C01
1950,BSc Computing Mathematics,LC0200A,CS1302,12218,LB3
1950,BSc Computing Mathematics,LC0200A,MA1502,12609,CB1
1950,BSc Computing Mathematics,LC0200A,GE1501,12618,C13
1950,BSc Computing Mathematics,LC0200A,MA1400,14938,C01
1950,BSc Computing Mathematics,LC0200A,MA1400,14939,T01
1951,BSc Computing Mathematics,LC0200A,LC0200A,10841,T01
1951,BSc Computing Mathematics,LC0200A,CS1302,11860,CB1
1951,BSc Computing Mathematics,LC0200A,CSCI1001,12056,C01
1951,BSc Computing Mathematics,LC0200A,CS1302,12218,LB3
1951,BSc Computing Mathematics,LC0200A,MA1502,12609,CB1
1951,BSc Computing Mathematics,LC0200A,GE1501,12618,C13
1951,BSc Computing Mathematics,LC0200A,MA1400,14938,C01
1951,BSc Computing Mathematics,LC0200A,MA1400,14939,T01
1952,BSc Computing Mathematics,LC0200A,LC0200A,10882,T13
1952,BSc Computing Mathematics,LC0200A,CS1302,11860,CB1
1952,BSc Computing Mathematics,LC0200A,CSCI1001,12056,C01
1952,BSc Computing Mathematics,LC0200A,CS1302,12218,LB3
1952,BSc Computing Mathematics,LC0200A,MA1502,12609,CB1
1952,BSc Computing Mathematics,LC0200A,GE1501,12619,C14
1952,BSc Computing Mathematics,LC0200A,MA1400,14938,C01
1952,BSc Computing Mathematics,LC0200A,MA1400,14939,T01
1953,BSc Computing Mathematics,LC0200A,LC0200A,10876,T07
1953,BSc Computing Mathematics,LC0200A,CS1302,11860,CB1
1953,BSc Computing Mathematics,LC0200A,CSCI1001,12056,C01
1953,BSc Computing Mathematics,LC0200A,CS1302,12218,LB3
1953,BSc Computing Mathematics,LC0200A,MA1502,12609,CB1
1953,BSc Computing Mathematics,LC0200A,GE1501,12618,C13
1953,BSc Computing Mathematics,LC0200A,MA1400,14938,C01
1953,BSc Computing Mathematics,LC0200A,MA1400,14939,T01
1954,BSc Computing Mathematics,LC0200A,LC0200A,10841,T01
1954,BSc Computing Mathematics,LC0200A,CS1302,11860,CB1
1954,BSc Computing Mathematics,LC0200A,CSCI1001,12056,C01
1954,BSc Computing Mathematics,LC0200A,CS1302,12218,LB3
1954,BSc Computing Mathematics,LC0200A,MA1502,12609,CB1
1954,BSc Computing Mathematics,LC0200A,GE1501,12618,C13
1954,BSc Computing Mathematics,LC0200A,MA1400,14938,C01
1954,BSc Computing Mathematics,LC0200A,MA1400,14939,T01
1955,BSc Computing Mathematics,LC0200A,LC0200A,10841,T01
1955,BSc Computing Mathematics,LC0200A,CS1302,11860,CB1
1955,BSc Computing Mathematics,LC0200A,CSCI1001,12056,C01
1955,BSc Computing Mathematics,LC0200A,CS1302,12218,LB3
1955,BSc Computing Mathematics,LC0200A,MA1502,12609,CB1
1955,BSc Computing Mathematics,LC0200A,GE1501,12618,C13
1955,BSc Computing Mathematics,LC0200A,MA1400,14938,C01
1955,BSc Computing Mathematics,LC0200A,MA1400,14939,T01
1956,BSc Computing Mathematics,LC0200A,LC0200A,10841,T01
1956,BSc Computing Mathematics,LC0200A,CS1302,11860,CB1
1956,BSc Computing Mathematics,LC0200A,CSCI1001,12056,C01
1956,BSc Computing Mathematics,LC0200A,CS1302,12218,LB3
1956,BSc Computing Mathematics,LC0200A,MA1502,12609,CB1
1956,BSc Computing Mathematics,LC0200A,GE1501,12618,C13
1956,BSc Computing Mathematics,LC0200A,MA1400,14938,C01
1956,BSc Computing Mathematics,LC0200A,MA1400,14939,T01
1957,BSc Computing Mathematics,LC0200A,LC0200A,11030,T31
1957,BSc Computing Mathematics,LC0200A,CS1302,11860,CB1
1957,BSc Computing Mathematics,LC0200A,CSCI1001,12056,C01
1957,BSc Computing Mathematics,LC0200A,CS1302,12218,LB3
1957,BSc Computing Mathematics,LC0200A,MA1502,12609,CB1
1957,BSc Computing Mathematics,LC0200A,GE1501,12619,C14
1957,BSc Computing Mathematics,LC0200A,MA1400,14938,C01
1957,BSc Computing Mathematics,LC0200A,MA1400,14939,T01
1958,BSc Computing Mathematics,LC0200A,CS1302,11860,CB1
1958,BSc Computing Mathematics,LC0200A,LC0200A,11976,T37
1958,BSc Computing Mathematics,LC0200A,CSCI1001,12056,C01
1958,BSc Computing Mathematics,LC0200A,CS1302,12218,LB3
1958,BSc Computing Mathematics,LC0200A,MA1502,12609,CB1
1958,BSc Computing Mathematics,LC0200A,GE1501,12619,C14
1958,BSc Computing Mathematics,LC0200A,MA1400,14938,C01
1958,BSc Computing Mathematics,LC0200A,MA1400,14939,T01
1959,BSc Computing Mathematics,LC0200A,LC0200A,10882,T13
1959,BSc Computing Mathematics,LC0200A,CS1302,11861,CC1
1959,BSc Computing Mathematics,LC0200A,CSCI1001,12056,C01
1959,BSc Computing Mathematics,LC0200A,MA1502,12609,CB1
1959,BSc Computing Mathematics,LC0200A,GE1501,12619,C14
1959,BSc Computing Mathematics,LC0200A,CS1302,13150,LC3
1959,BSc Computing Mathematics,LC0200A,MA1400,14938,C01
1959,BSc Computing Mathematics,LC0200A,MA1400,14939,T01
1960,BSc Computing Mathematics,LC0200A,LC0200A,10882,T13
1960,BSc Computing Mathematics,LC0200A,CS1302,11861,CC1
1960,BSc Computing Mathematics,LC0200A,CSCI1001,12056,C01
1960,BSc Computing Mathematics,LC0200A,MA1502,12609,CB1
1960,BSc Computing Mathematics,LC0200A,GE1501,12619,C14
1960,BSc Computing Mathematics,LC0200A,CS1302,13150,LC3
1960,BSc Computing Mathematics,LC0200A,MA1400,14938,C01
1960,BSc Computing Mathematics,LC0200A,MA1400,14939,T01
1961,BSc Physics,GE1401,MA1300,10342,CA1
1961,BSc Physics,GE1401,MA1300,11763,TA1
1961,BSc Physics,GE1401,PHY1101,11832,CA1
1961,BSc Physics,GE1401,PHY1101,11835,TA1
1961,BSc Physics,GE1401,CS1302,11859,CA1
1961,BSc Physics,GE1401,CS1302,11864,LA2
1961,BSc Physics,GE1401,CSCI1001,12056,C01
1961,BSc Physics,GE1401,GE1401,13572,TB1
1962,BSc Physics,GE1401,MA1300,10342,CA1
1962,BSc Physics,GE1401,GE1401,10708,T34
1962,BSc Physics,GE1401,PHY1101,11832,CA1
1962,BSc Physics,GE1401,PHY1101,11835,TA1
1962,BSc Physics,GE1401,CS1302,11860,CB1
1962,BSc Physics,GE1401,MA1300,11957,TA3
1962,BSc Physics,GE1401,CSCI1001,12056,C01
1962,BSc Physics,GE1401,CS1302,15811,LB4
1963,BSc Physics,GE1401,MA1300,10342,CA1
1963,BSc Physics,GE1401,MA1300,11764,TA2
1963,BSc Physics,GE1401,PHY1101,11832,CA1
1963,BSc Physics,GE1401,PHY1101,11835,TA1
1963,BSc Physics,GE1401,CS1302,11859,CA1
1963,BSc Physics,GE1401,CS1302,11982,LA3
1963,BSc Physics,GE1401,CSCI1001,12056,C01
1963,BSc Physics,GE1401,GE1401,12124,T49
1964,BSc Physics,GE1401,MA1300,10342,CA1
1964,BSc Physics,GE1401,MA1300,11764,TA2
1964,BSc Physics,GE1401,PHY1101,11832,CA1
1964,BSc Physics,GE1401,PHY1101,11835,TA1
1964,BSc Physics,GE1401,CS1302,11859,CA1
1964,BSc Physics,GE1401,CS1302,11982,LA3
1964,BSc Physics,GE1401,CSCI1001,12056,C01
1964,BSc Physics,GE1401,GE1401,13577,TB6
1965,BSc Physics,GE1401,MA1300,10342,CA1
1965,BSc Physics,GE1401,GE1401,10701,T25
1965,BSc Physics,GE1401,PHY1101,11832,CA1
1965,BSc Physics,GE1401,PHY1101,11835,TA1
1965,BSc Physics,GE1401,CS1302,11860,CB1
1965,BSc Physics,GE1401,MA1300,11957,TA3
1965,BSc Physics,GE1401,CSCI1001,12056,C01
1965,BSc Physics,GE1401,CS1302,15811,LB4
1966,BSc Physics,GE1401,MA1300,10342,CA1
1966,BSc Physics,GE1401,GE1401,10693,T16
1966,BSc Physics,GE1401,PHY1101,11832,CA1
1966,BSc Physics,GE1401,PHY1101,11835,TA1
1966,BSc Physics,GE1401,CS1302,11859,CA1
1966,BSc Physics,GE1401,MA1300,11957,TA3
1966,BSc Physics,GE1401,CSCI1001,12056,C01
1966,BSc Physics,GE1401,CS1302,12215,LA4
1967,BSc Physics,GE1401,MA1300,10342,CA1
1967,BSc Physics,GE1401,GE1401,11451,T68
1967,BSc Physics,GE1401,MA1300,11763,TA1
1967,BSc Physics,GE1401,PHY1101,11832,CA1
1967,BSc Physics,GE1401,PHY1101,11835,TA1
1967,BSc Physics,GE1401,CS1302,11859,CA1
1967,BSc Physics,GE1401,CS1302,11864,LA2
1967,BSc Physics,GE1401,CSCI1001,12056,C01
1968,BSc Physics,GE1401,MA1300,10342,CA1
1968,BSc Physics,GE1401,GE1401,10708,T34
1968,BSc Physics,GE1401,PHY1101,11832,CA1
1968,BSc Physics,GE1401,PHY1101,11835,TA1
1968,BSc Physics,GE1401,CS1302,11860,CB1
1968,BSc Physics,GE1401,MA1300,11957,TA3
1968,BSc Physics,GE1401,CSCI1001,12056,C01
1968,BSc Physics,GE1401,CS1302,15811,LB4
1969,BSc Physics,GE1401,MA1300,10342,CA1
1969,BSc Physics,GE1401,MA1300,11764,TA2
1969,BSc Physics,GE1401,PHY1101,11832,CA1
1969,BSc Physics,GE1401,PHY1101,11835,TA1
1969,BSc Physics,GE1401,CS1302,11859,CA1
1969,BSc Physics,GE1401,CS1302,11982,LA3
1969,BSc Physics,GE1401,CSCI1001,12056,C01
1969,BSc Physics,GE1401,GE1401,13577,TB6
1970,BSc Physics,GE1401,MA1300,10342,CA1
1970,BSc Physics,GE1401,MA1300,11763,TA1
1970,BSc Physics,GE1401,PHY1101,11832,CA1
1970,BSc Physics,GE1401,PHY1101,11835,TA1
1970,BSc Physics,GE1401,CS1302,11859,CA1
1970,BSc Physics,GE1401,CS1302,11864,LA2
1970,BSc Physics,GE1401,CSCI1001,12056,C01
1970,BSc Physics,GE1401,GE1401,15182,TC3
1971,BSc Physics,GE1401,MA1300,10342,CA1
1971,BSc Physics,GE1401,GE1401,11504,T90
1971,BSc Physics,GE1401,PHY1101,11832,CA1
1971,BSc Physics,GE1401,PHY1101,11835,TA1
1971,BSc Physics,GE1401,CS1302,11860,CB1
1971,BSc Physics,GE1401,MA1300,11957,TA3
1971,BSc Physics,GE1401,CSCI1001,12056,C01
1971,BSc Physics,GE1401,CS1302,12218,LB3
1972,BSc Physics,GE1401,MA1300,10342,CA1
1972,BSc Physics,GE1401,GE1401,11504,T90
1972,BSc Physics,GE1401,PHY1101,11832,CA1
1972,BSc Physics,GE1401,PHY1101,11835,TA1
1972,BSc Physics,GE1401,CS1302,11860,CB1
1972,BSc Physics,GE1401,MA1300,11957,TA3
1972,BSc Physics,GE1401,CSCI1001,12056,C01
1972,BSc Physics,GE1401,CS1302,12218,LB3
1973,BSc Physics,GE1401,MA1300,10342,CA1
1973,BSc Physics,GE1401,MA1300,11764,TA2
1973,BSc Physics,GE1401,PHY1101,11832,CA1
1973,BSc Physics,GE1401,PHY1101,11835,TA1
1973,BSc Physics,GE1401,CS1302,11859,CA1
1973,BSc Physics,GE1401,CS1302,11982,LA3
1973,BSc Physics,GE1401,CSCI1001,12056,C01
1973,BSc Physics,GE1401,GE1401,13570,T98
1974,BSc Physics,GE1401,MA1300,10342,CA1
1974,BSc Physics,GE1401,GE1401,11504,T90
1974,BSc Physics,GE1401,PHY1101,11832,CA1
1974,BSc Physics,GE1401,PHY1101,11835,TA1
1974,BSc Physics,GE1401,CS1302,11860,CB1
1974,BSc Physics,GE1401,MA1300,11957,TA3
1974,BSc Physics,GE1401,CSCI1001,12056,C01
1974,BSc Physics,GE1401,CS1302,12218,LB3
1975,BSc Physics,GE1401,MA1300,10342,CA1
1975,BSc Physics,GE1401,GE1401,10683,T06
1975,BSc Physics,GE1401,PHY1101,11832,CA1
1975,BSc Physics,GE1401,PHY1101,11835,TA1
1975,BSc Physics,GE1401,CS1302,11859,CA1
1975,BSc Physics,GE1401,MA1300,11957,TA3
1975,BSc Physics,GE1401,CSCI1001,12056,C01
1975,BSc Physics,GE1401,CS1302,12215,LA4
1976,BSc Physics,GE1401,MA1300,10342,CA1
1976,BSc Physics,GE1401,GE1401,10701,T25
1976,BSc Physics,GE1401,PHY1101,11832,CA1
1976,BSc Physics,GE1401,PHY1101,11835,TA1
1976,BSc Physics,GE1401,CS1302,11860,CB1
1976,BSc Physics,GE1401,MA1300,11957,TA3
1976,BSc Physics,GE1401,CSCI1001,12056,C01
1976,BSc Physics,GE1401,CS1302,15811,LB4
1977,BSc Physics,GE1401,MA1300,10342,CA1
1977,BSc Physics,GE1401,GE1401,10683,T06
1977,BSc Physics,GE1401,PHY1101,11832,CA1
1977,BSc Physics,GE1401,PHY1101,11835,TA1
1977,BSc Physics,GE1401,CS1302,11859,CA1
1977,BSc Physics,GE1401,MA1300,11957,TA3
1977,BSc Physics,GE1401,CSCI1001,12056,C01
1977,BSc Physics,GE1401,CS1302,12215,LA4
1978,BSc Physics,GE1401,MA1300,10342,CA1
1978,BSc Physics,GE1401,GE1401,10683,T06
1978,BSc Physics,GE1401,PHY1101,11832,CA1
1978,BSc Physics,GE1401,PHY1101,11835,TA1
1978,BSc Physics,GE1401,CS1302,11859,CA1
1978,BSc Physics,GE1401,MA1300,11957,TA3
1978,BSc Physics,GE1401,CSCI1001,12056,C01
1978,BSc Physics,GE1401,CS1302,12215,LA4
1979,BSc Physics,GE1401,MA1300,10342,CA1
1979,BSc Physics,GE1401,MA1300,11764,TA2
1979,BSc Physics,GE1401,PHY1101,11832,CA1
1979,BSc Physics,GE1401,PHY1101,11835,TA1
1979,BSc Physics,GE1401,CS1302,11859,CA1
1979,BSc Physics,GE1401,CS1302,11982,LA3
1979,BSc Physics,GE1401,CSCI1001,12056,C01
1979,BSc Physics,GE1401,GE1401,13577,TB6
1980,BSc Physics,GE1401,MA1300,10342,CA1
1980,BSc Physics,GE1401,MA1300,11764,TA2
1980,BSc Physics,GE1401,PHY1101,11832,CA1
1980,BSc Physics,GE1401,PHY1101,11835,TA1
1980,BSc Physics,GE1401,CS1302,11860,CB1
1980,BSc Physics,GE1401,CSCI1001,12056,C01
1980,BSc Physics,GE1401,GE1401,13577,TB6
1980,BSc Physics,GE1401,CS1302,15811,LB4
1981,BSc Physics,GE1401,MA1300,10342,CA1
1981,BSc Physics,GE1401,GE1401,10683,T06
1981,BSc Physics,GE1401,PHY1101,11832,CA1
1981,BSc Physics,GE1401,PHY1101,11835,TA1
1981,BSc Physics,GE1401,CS1302,11859,CA1
1981,BSc Physics,GE1401,MA1300,11957,TA3
1981,BSc Physics,GE1401,CSCI1001,12056,C01
1981,BSc Physics,GE1401,CS1302,12215,LA4
1982,BSc Physics,GE1401,MA1300,10342,CA1
1982,BSc Physics,GE1401,GE1401,11504,T90
1982,BSc Physics,GE1401,PHY1101,11832,CA1
1982,BSc Physics,GE1401,PHY1101,11835,TA1
1982,BSc Physics,GE1401,CS1302,11860,CB1
1982,BSc Physics,GE1401,MA1300,11957,TA3
1982,BSc Physics,GE1401,CSCI1001,12056,C01
1982,BSc Physics,GE1401,CS1302,12218,LB3
1983,BSc Physics,GE1401,MA1300,10342,CA1
1983,BSc Physics,GE1401,GE1401,10693,T16
1983,BSc Physics,GE1401,PHY1101,11832,CA1
1983,BSc Physics,GE1401,PHY1101,11835,TA1
1983,BSc Physics,GE1401,CS1302,11859,CA1
1983,BSc Physics,GE1401,MA1300,11957,TA3
1983,BSc Physics,GE1401,CSCI1001,12056,C01
1983,BSc Physics,GE1401,CS1302,12215,LA4
1984,BSc Physics,GE1401,MA1300,10342,CA1
1984,BSc Physics,GE1401,MA1300,11763,TA1
1984,BSc Physics,GE1401,PHY1101,11832,CA1
1984,BSc Physics,GE1401,PHY1101,11835,TA1
1984,BSc Physics,GE1401,CS1302,11859,CA1
1984,BSc Physics,GE1401,CS1302,11864,LA2
1984,BSc Physics,GE1401,CSCI1001,12056,C01
1984,BSc Physics,GE1401,GE1401,14270,TB7
1985,BSc Physics,GE1401,MA1300,10342,CA1
1985,BSc Physics,GE1401,GE1401,10693,T16
1985,BSc Physics,GE1401,PHY1101,11832,CA1
1985,BSc Physics,GE1401,PHY1101,11835,TA1
1985,BSc Physics,GE1401,CS1302,11859,CA1
1985,BSc Physics,GE1401,MA1300,11957,TA3
1985,BSc Physics,GE1401,CSCI1001,12056,C01
1985,BSc Physics,GE1401,CS1302,12215,LA4
1986,BSc Physics,GE1401,MA1300,10342,CA1
1986,BSc Physics,GE1401,MA1300,11763,TA1
1986,BSc Physics,GE1401,PHY1101,11832,CA1
1986,BSc Physics,GE1401,PHY1101,11835,TA1
1986,BSc Physics,GE1401,CS1302,11859,CA1
1986,BSc Physics,GE1401,CS1302,11864,LA2
1986,BSc Physics,GE1401,CSCI1001,12056,C01
1986,BSc Physics,GE1401,GE1401,15182,TC3
1987,BSc Physics,LC0200A,MA1300,10342,CA1
1987,BSc Physics,LC0200A,PHY1101,11832,CA1
1987,BSc Physics,LC0200A,PHY1101,11835,TA1
1987,BSc Physics,LC0200A,CS1302,11859,CA1
1987,BSc Physics,LC0200A,MA1300,11957,TA3
1987,BSc Physics,LC0200A,CSCI1001,12056,C01
1987,BSc Physics,LC0200A,CS1302,12215,LA4
1987,BSc Physics,LC0200A,LC0200A,14952,T36
1988,BSc Physics,LC0200A,MA1300,10342,CA1
1988,BSc Physics,LC0200A,LC0200A,10883,T14
1988,BSc Physics,LC0200A,PHY1101,11832,CA1
1988,BSc Physics,LC0200A,PHY1101,11835,TA1
1988,BSc Physics,LC0200A,CS1302,11859,CA1
1988,BSc Physics,LC0200A,MA1300,11957,TA3
1988,BSc Physics,LC0200A,CSCI1001,12056,C01
1988,BSc Physics,LC0200A,CS1302,12215,LA4
1989,BSc Physics,LC0200A,MA1300,10342,CA1
1989,BSc Physics,LC0200A,LC0200A,10876,T07
1989,BSc Physics,LC0200A,MA1300,11764,TA2
1989,BSc Physics,LC0200A,PHY1101,11832,CA1
1989,BSc Physics,LC0200A,PHY1101,11835,TA1
1989,BSc Physics,LC0200A,CS1302,11860,CB1
1989,BSc Physics,LC0200A,CSCI1001,12056,C01
1989,BSc Physics,LC0200A,CS1302,15811,LB4
1990,BSc Physics,LC0200A,MA1300,10342,CA1
1990,BSc Physics,LC0200A,LC0200A,10876,T07
1990,BSc Physics,LC0200A,MA1300,11764,TA2
1990,BSc Physics,LC0200A,PHY1101,11832,CA1
1990,BSc Physics,LC0200A,PHY1101,11835,TA1
1990,BSc Physics,LC0200A,CS1302,11860,CB1
1990,BSc Physics,LC0200A,CSCI1001,12056,C01
1990,BSc Physics,LC0200A,CS1302,15811,LB4
1991,BSc Physics,LC0200A,MA1300,10342,CA1
1991,BSc Physics,LC0200A,LC0200A,10876,T07
1991,BSc Physics,LC0200A,MA1300,11764,TA2
1991,BSc Physics,LC0200A,PHY1101,11832,CA1
1991,BSc Physics,LC0200A,PHY1101,11835,TA1
1991,BSc Physics,LC0200A,CS1302,11860,CB1
1991,BSc Physics,LC0200A,CSCI1001,12056,C01
1991,BSc Physics,LC0200A,CS1302,15811,LB4
1992,BSc Physics,LC0200A,MA1300,10342,CA1
1992,BSc Physics,LC0200A,LC0200A,10883,T14
1992,BSc Physics,LC0200A,PHY1101,11832,CA1
1992,BSc Physics,LC0200A,PHY1101,11835,TA1
1992,BSc Physics,LC0200A,CS1302,11859,CA1
1992,BSc Physics,LC0200A,MA1300,11957,TA3
1992,BSc Physics,LC0200A,CSCI1001,12056,C01
1992,BSc Physics,LC0200A,CS1302,12215,LA4
1993,BSc Physics,LC0200A,MA1300,10342,CA1
1993,BSc Physics,LC0200A,LC0200A,10876,T07
1993,BSc Physics,LC0200A,MA1300,11764,TA2
1993,BSc Physics,LC0200A,PHY1101,11832,CA1
1993,BSc Physics,LC0200A,PHY1101,11835,TA1
1993,BSc Physics,LC0200A,CS1302,11860,CB1
1993,BSc Physics,LC0200A,CSCI1001,12056,C01
1993,BSc Physics,LC0200A,CS1302,15811,LB4
1994,BSc Physics,LC0200A,MA1300,10342,CA1
1994,BSc Physics,LC0200A,PHY1101,11832,CA1
1994,BSc Physics,LC0200A,PHY1101,11835,TA1
1994,BSc Physics,LC0200A,CS1302,11860,CB1
1994,BSc Physics,LC0200A,MA1300,11957,TA3
1994,BSc Physics,LC0200A,CSCI1001,12056,C01
1994,BSc Physics,LC0200A,LC0200A,12333,T40
1994,BSc Physics,LC0200A,CS1302,15811,LB4
1995,BSc Physics,LC0200A,MA1300,10342,CA1
1995,BSc Physics,LC0200A,LC0200A,10883,T14
1995,BSc Physics,LC0200A,PHY1101,11832,CA1
1995,BSc Physics,LC0200A,PHY1101,11835,TA1
1995,BSc Physics,LC0200A,CS1302,11859,CA1
1995,BSc Physics,LC0200A,MA1300,11957,TA3
1995,BSc Physics,LC0200A,CSCI1001,12056,C01
1995,BSc Physics,LC0200A,CS1302,12215,LA4
1996,BSc Physics,LC0200A,MA1300,10342,CA1
1996,BSc Physics,LC0200A,LC0200A,10883,T14
1996,BSc Physics,LC0200A,PHY1101,11832,CA1
1996,BSc Physics,LC0200A,PHY1101,11835,TA1
1996,BSc Physics,LC0200A,CS1302,11859,CA1
1996,BSc Physics,LC0200A,MA1300,11957,TA3
1996,BSc Physics,LC0200A,CSCI1001,12056,C01
1996,BSc Physics,LC0200A,CS1302,12215,LA4
1997,BSc Physics,LC0200A,MA1300,10342,CA1
1997,BSc Physics,LC0200A,LC0200A,10876,T07
1997,BSc Physics,LC0200A,MA1300,11764,TA2
1997,BSc Physics,LC0200A,PHY1101,11832,CA1
1997,BSc Physics,LC0200A,PHY1101,11835,TA1
1997,BSc Physics,LC0200A,CS1302,11860,CB1
1997,BSc Physics,LC0200A,CSCI1001,12056,C01
1997,BSc Physics,LC0200A,CS1302,15811,LB4
1998,BSc Physics,LC0200A,MA1300,10342,CA1
1998,BSc Physics,LC0200A,LC0200A,10893,T25
1998,BSc Physics,LC0200A,MA1300,11764,TA2
1998,BSc Physics,LC0200A,PHY1101,11832,CA1
1998,BSc Physics,LC0200A,PHY1101,11835,TA1
1998,BSc Physics,LC0200A,CS1302,11860,CB1
1998,BSc Physics,LC0200A,CSCI1001,12056,C01
1998,BSc Physics,LC0200A,CS1302,15811,LB4
1999,BEng Biomedical Engineering,GE1401,CHEM1200,10384,C01
1999,BEng Biomedical Engineering,GE1401,GE1401,10690,T13
1999,BEng Biomedical Engineering,GE1401,BME2105,10791,C01
1999,BEng Biomedical Engineering,GE1401,CHEM1200,11294,L03
1999,BEng Biomedical Engineering,GE1401,PHY1201,11377,T01
1999,BEng Biomedical Engineering,GE1401,BME2105,11417,T01
1999,BEng Biomedical Engineering,GE1401,MA1200,11784,CF1
1999,BEng Biomedical Engineering,GE1401,MA1200,11803,TF2
1999,BEng Biomedical Engineering,GE1401,PHY1201,12180,L04
1999,BEng Biomedical Engineering,GE1401,PHY1201,12368,C01
2000,BEng Biomedical Engineering,GE1401,CHEM1200,10384,C01
2000,BEng Biomedical Engineering,GE1401,GE1401,10705,T30
2000,BEng Biomedical Engineering,GE1401,BME2105,10791,C01
2000,BEng Biomedical Engineering,GE1401,CHEM1200,11295,L04
2000,BEng Biomedical Engineering,GE1401,PHY1201,11377,T01
2000,BEng Biomedical Engineering,GE1401,BME2105,11417,T01
2000,BEng Biomedical Engineering,GE1401,MA1200,11784,CF1
2000,BEng Biomedical Engineering,GE1401,MA1200,11803,TF2
2000,BEng Biomedical Engineering,GE1401,PHY1201,12180,L04
2000,BEng Biomedical Engineering,GE1401,PHY1201,12368,C01
2001,BEng Biomedical Engineering,GE1401,CHEM1200,10384,C01
2001,BEng Biomedical Engineering,GE1401,BME2105,10791,C01
2001,BEng Biomedical Engineering,GE1401,CHEM1200,11295,L04
2001,BEng Biomedical Engineering,GE1401,BME2105,11417,T01
2001,BEng Biomedical Engineering,GE1401,MA1200,11785,CG1
2001,BEng Biomedical Engineering,GE1401,MA1200,11806,TG2
2001,BEng Biomedical Engineering,GE1401,PHY1201,12180,L04
2001,BEng Biomedical Engineering,GE1401,PHY1201,12368,C01
2001,BEng Biomedical Engineering,GE1401,PHY1201,12369,T02
2001,BEng Biomedical Engineering,GE1401,GE1401,12733,T62
2002,BEng Biomedical Engineering,GE1401,CHEM1200,10384,C01
2002,BEng Biomedical Engineering,GE1401,BME2105,10791,C01
2002,BEng Biomedical Engineering,GE1401,CHEM1200,11092,L02
2002,BEng Biomedical Engineering,GE1401,PHY1201,11377,T01
2002,BEng Biomedical Engineering,GE1401,BME2105,11417,T01
2002,BEng Biomedical Engineering,GE1401,GE1401,11451,T68
2002,BEng Biomedical Engineering,GE1401,MA1200,11786,CH1
2002,BEng Biomedical Engineering,GE1401,MA1200,11809,TH2
2002,BEng Biomedical Engineering,GE1401,PHY1201,12180,L04
2002,BEng Biomedical Engineering,GE1401,PHY1201,12368,C01
2003,BEng Biomedical Engineering,GE1401,CHEM1200,10384,C01
2003,BEng Biomedical Engineering,GE1401,GE1401,10695,T19
2003,BEng Biomedical Engineering,GE1401,BME2105,10791,C01
2003,BEng Biomedical Engineering,GE1401,CHEM1200,11295,L04
2003,BEng Biomedical Engineering,GE1401,BME2105,11417,T01
2003,BEng Biomedical Engineering,GE1401,MA1200,11784,CF1
2003,BEng Biomedical Engineering,GE1401,MA1200,11803,TF2
2003,BEng Biomedical Engineering,GE1401,PHY1201,12180,L04
2003,BEng Biomedical Engineering,GE1401,PHY1201,12368,C01
2003,BEng Biomedical Engineering,GE1401,PHY1201,12369,T02
2004,BEng Biomedical Engineering,GE1401,CHEM1200,10384,C01
2004,BEng Biomedical Engineering,GE1401,GE1401,10686,T09
2004,BEng Biomedical Engineering,GE1401,BME2105,10791,C01
2004,BEng Biomedical Engineering,GE1401,CHEM1200,11294,L03
2004,BEng Biomedical Engineering,GE1401,PHY1201,11377,T01
2004,BEng Biomedical Engineering,GE1401,BME2105,11417,T01
2004,BEng Biomedical Engineering,GE1401,MA1200,11782,CE1
2004,BEng Biomedical Engineering,GE1401,MA1200,11800,TE2
2004,BEng Biomedical Engineering,GE1401,PHY1201,12180,L04
2004,BEng Biomedical Engineering,GE1401,PHY1201,12368,C01
2005,BEng Biomedical Engineering,GE1401,BME2105,10791,C01
2005,BEng Biomedical Engineering,GE1401,BME2105,11417,T01
2005,BEng Biomedical Engineering,GE1401,MA1200,11786,CH1
2005,BEng Biomedical Engineering,GE1401,MA1200,11809,TH2
2005,BEng Biomedical Engineering,GE1401,GE1401,12127,T84
2005,BEng Biomedical Engineering,GE1401,CHEM1200,13869,CA1
2005,BEng Biomedical Engineering,GE1401,CHEM1200,13871,LA1
2006,BEng Biomedical Engineering,GE1401,CHEM1200,10384,C01
2006,BEng Biomedical Engineering,GE1401,GE1401,10686,T09
2006,BEng Biomedical Engineering,GE1401,BME2105,10791,C01
2006,BEng Biomedical Engineering,GE1401,CHEM1200,11294,L03
2006,BEng Biomedical Engineering,GE1401,PHY1201,11386,CA1
2006,BEng Biomedical Engineering,GE1401,BME2105,11417,T01
2006,BEng Biomedical Engineering,GE1401,MA1200,11782,CE1
2006,BEng Biomedical Engineering,GE1401,MA1200,11800,TE2
2006,BEng Biomedical Engineering,GE1401,PHY1201,12188,TA1
2006,BEng Biomedical Engineering,GE1401,PHY1201,12378,LA4
2007,BEng Biomedical Engineering,GE1401,CHEM1200,10384,C01
2007,BEng Biomedical Engineering,GE1401,BME2105,10791,C01
2007,BEng Biomedical Engineering,GE1401,CHEM1200,11092,L02
2007,BEng Biomedical Engineering,GE1401,BME2105,11417,T01
2007,BEng Biomedical Engineering,GE1401,MA1200,11785,CG1
2007,BEng Biomedical Engineering,GE1401,MA1200,11806,TG2
2007,BEng Biomedical Engineering,GE1401,PHY1201,12180,L04
2007,BEng Biomedical Engineering,GE1401,PHY1201,12368,C01
2007,BEng Biomedical Engineering,GE1401,PHY1201,12369,T02
2007,BEng Biomedical Engineering,GE1401,GE1401,13568,T96
2008,BEng Biomedical Engineering,GE1401,CHEM1200,10384,C01
2008,BEng Biomedical Engineering,GE1401,GE1401,10705,T30
2008,BEng Biomedical Engineering,GE1401,BME2105,10791,C01
2008,BEng Biomedical Engineering,GE1401,CHEM1200,11295,L04
2008,BEng Biomedical Engineering,GE1401,PHY1201,11377,T01
2008,BEng Biomedical Engineering,GE1401,BME2105,11417,T01
2008,BEng Biomedical Engineering,GE1401,MA1200,11784,CF1
2008,BEng Biomedical Engineering,GE1401,MA1200,11803,TF2
2008,BEng Biomedical Engineering,GE1401,PHY1201,12180,L04
2008,BEng Biomedical Engineering,GE1401,PHY1201,12368,C01
2009,BEng Biomedical Engineering,GE1401,CHEM1200,10384,C01
2009,BEng Biomedical Engineering,GE1401,GE1401,10695,T19
2009,BEng Biomedical Engineering,GE1401,BME2105,10791,C01
2009,BEng Biomedical Engineering,GE1401,CHEM1200,11294,L03
2009,BEng Biomedical Engineering,GE1401,PHY1201,11377,T01
2009,BEng Biomedical Engineering,GE1401,BME2105,11417,T01
2009,BEng Biomedical Engineering,GE1401,MA1200,11782,CE1
2009,BEng Biomedical Engineering,GE1401,MA1200,11800,TE2
2009,BEng Biomedical Engineering,GE1401,PHY1201,12180,L04
2009,BEng Biomedical Engineering,GE1401,PHY1201,12368,C01
2010,BEng Biomedical Engineering,GE1401,CHEM1200,10384,C01
2010,BEng Biomedical Engineering,GE1401,GE1401,10706,T31
2010,BEng Biomedical Engineering,GE1401,BME2105,10791,C01
2010,BEng Biomedical Engineering,GE1401,CHEM1200,11092,L02
2010,BEng Biomedical Engineering,GE1401,BME2105,11417,T01
2010,BEng Biomedical Engineering,GE1401,MA1200,11786,CH1
2010,BEng Biomedical Engineering,GE1401,MA1200,11809,TH2
2010,BEng Biomedical Engineering,GE1401,PHY1201,12180,L04
2010,BEng Biomedical Engineering,GE1401,PHY1201,12368,C01
2010,BEng Biomedical Engineering,GE1401,PHY1201,12369,T02
2011,BEng Biomedical Engineering,GE1401,CHEM1200,10384,C01
2011,BEng Biomedical Engineering,GE1401,BME2105,10791,C01
2011,BEng Biomedical Engineering,GE1401,CHEM1200,11092,L02
2011,BEng Biomedical Engineering,GE1401,BME2105,11417,T01
2011,BEng Biomedical Engineering,GE1401,MA1200,11785,CG1
2011,BEng Biomedical Engineering,GE1401,MA1200,11806,TG2
2011,BEng Biomedical Engineering,GE1401,PHY1201,12180,L04
2011,BEng Biomedical Engineering,GE1401,PHY1201,12368,C01
2011,BEng Biomedical Engineering,GE1401,PHY1201,12369,T02
2011,BEng Biomedical Engineering,GE1401,GE1401,13568,T96
2012,BEng Biomedical Engineering,GE1401,CHEM1200,10384,C01
2012,BEng Biomedical Engineering,GE1401,BME2105,10791,C01
2012,BEng Biomedical Engineering,GE1401,CHEM1200,11295,L04
2012,BEng Biomedical Engineering,GE1401,BME2105,11417,T01
2012,BEng Biomedical Engineering,GE1401,MA1200,11785,CG1
2012,BEng Biomedical Engineering,GE1401,MA1200,11806,TG2
2012,BEng Biomedical Engineering,GE1401,PHY1201,12180,L04
2012,BEng Biomedical Engineering,GE1401,PHY1201,12368,C01
2012,BEng Biomedical Engineering,GE1401,PHY1201,12369,T02
2012,BEng Biomedical Engineering,GE1401,GE1401,12733,T62
2013,BEng Biomedical Engineering,GE1401,CHEM1200,10384,C01
2013,BEng Biomedical Engineering,GE1401,GE1401,10720,T53
2013,BEng Biomedical Engineering,GE1401,BME2105,10791,C01
2013,BEng Biomedical Engineering,GE1401,CHEM1200,11295,L04
2013,BEng Biomedical Engineering,GE1401,BME2105,11417,T01
2013,BEng Biomedical Engineering,GE1401,MA1200,11785,CG1
2013,BEng Biomedical Engineering,GE1401,MA1200,11806,TG2
2013,BEng Biomedical Engineering,GE1401,PHY1201,12180,L04
2013,BEng Biomedical Engineering,GE1401,PHY1201,12368,C01
2013,BEng Biomedical Engineering,GE1401,PHY1201,12369,T02
2014,BEng Biomedical Engineering,GE1401,CHEM1200,10384,C01
2014,BEng Biomedical Engineering,GE1401,GE1401,10694,T17
2014,BEng Biomedical Engineering,GE1401,BME2105,10791,C01
2014,BEng Biomedical Engineering,GE1401,CHEM1200,11295,L04
2014,BEng Biomedical Engineering,GE1401,BME2105,11417,T01
2014,BEng Biomedical Engineering,GE1401,MA1200,11784,CF1
2014,BEng Biomedical Engineering,GE1401,MA1200,11803,TF2
2014,BEng Biomedical Engineering,GE1401,PHY1201,12180,L04
2014,BEng Biomedical Engineering,GE1401,PHY1201,12368,C01
2014,BEng Biomedical Engineering,GE1401,PHY1201,12369,T02
2015,BEng Biomedical Engineering,GE1401,CHEM1200,10384,C01
2015,BEng Biomedical Engineering,GE1401,GE1401,10705,T30
2015,BEng Biomedical Engineering,GE1401,BME2105,10791,C01
2015,BEng Biomedical Engineering,GE1401,CHEM1200,11295,L04
2015,BEng Biomedical Engineering,GE1401,PHY1201,11377,T01
2015,BEng Biomedical Engineering,GE1401,BME2105,11417,T01
2015,BEng Biomedical Engineering,GE1401,MA1200,11784,CF1
2015,BEng Biomedical Engineering,GE1401,MA1200,11803,TF2
2015,BEng Biomedical Engineering,GE1401,PHY1201,12180,L04
2015,BEng Biomedical Engineering,GE1401,PHY1201,12368,C01
2016,BEng Biomedical Engineering,GE1401,CHEM1200,10384,C01
2016,BEng Biomedical Engineering,GE1401,BME2105,10791,C01
2016,BEng Biomedical Engineering,GE1401,CHEM1200,11092,L02
2016,BEng Biomedical Engineering,GE1401,PHY1201,11377,T01
2016,BEng Biomedical Engineering,GE1401,BME2105,11417,T01
2016,BEng Biomedical Engineering,GE1401,GE1401,11451,T68
2016,BEng Biomedical Engineering,GE1401,MA1200,11786,CH1
2016,BEng Biomedical Engineering,GE1401,MA1200,11809,TH2
2016,BEng Biomedical Engineering,GE1401,PHY1201,12180,L04
2016,BEng Biomedical Engineering,GE1401,PHY1201,12368,C01
2017,BEng Biomedical Engineering,GE1401,CHEM1200,10384,C01
2017,BEng Biomedical Engineering,GE1401,GE1401,10686,T09
2017,BEng Biomedical Engineering,GE1401,BME2105,10791,C01
2017,BEng Biomedical Engineering,GE1401,CHEM1200,11294,L03
2017,BEng Biomedical Engineering,GE1401,BME2105,11417,T01
2017,BEng Biomedical Engineering,GE1401,MA1200,11782,CE1
2017,BEng Biomedical Engineering,GE1401,MA1200,11800,TE2
2017,BEng Biomedical Engineering,GE1401,PHY1201,12180,L04
2017,BEng Biomedical Engineering,GE1401,PHY1201,12368,C01
2017,BEng Biomedical Engineering,GE1401,PHY1201,12369,T02
2018,BEng Biomedical Engineering,GE1401,CHEM1200,10384,C01
2018,BEng Biomedical Engineering,GE1401,BME2105,10791,C01
2018,BEng Biomedical Engineering,GE1401,CHEM1200,11092,L02
2018,BEng Biomedical Engineering,GE1401,BME2105,11417,T01
2018,BEng Biomedical Engineering,GE1401,GE1401,11505,T93
2018,BEng Biomedical Engineering,GE1401,MA1200,11786,CH1
2018,BEng Biomedical Engineering,GE1401,MA1200,11809,TH2
2018,BEng Biomedical Engineering,GE1401,PHY1201,12180,L04
2018,BEng Biomedical Engineering,GE1401,PHY1201,12368,C01
2018,BEng Biomedical Engineering,GE1401,PHY1201,12369,T02
2019,BEng Biomedical Engineering,GE1401,CHEM1200,10384,C01
2019,BEng Biomedical Engineering,GE1401,GE1401,10705,T30
2019,BEng Biomedical Engineering,GE1401,BME2105,10791,C01
2019,BEng Biomedical Engineering,GE1401,CHEM1200,11295,L04
2019,BEng Biomedical Engineering,GE1401,BME2105,11417,T01
2019,BEng Biomedical Engineering,GE1401,MA1200,11784,CF1
2019,BEng Biomedical Engineering,GE1401,MA1200,11803,TF2
2019,BEng Biomedical Engineering,GE1401,PHY1201,12180,L04
2019,BEng Biomedical Engineering,GE1401,PHY1201,12368,C01
2019,BEng Biomedical Engineering,GE1401,PHY1201,12369,T02
2020,BEng Biomedical Engineering,GE1401,CHEM1200,10384,C01
2020,BEng Biomedical Engineering,GE1401,BME2105,10791,C01
2020,BEng Biomedical Engineering,GE1401,CHEM1200,11092,L02
2020,BEng Biomedical Engineering,GE1401,BME2105,11417,T01
2020,BEng Biomedical Engineering,GE1401,GE1401,11451,T68
2020,BEng Biomedical Engineering,GE1401,MA1200,11786,CH1
2020,BEng Biomedical Engineering,GE1401,MA1200,11809,TH2
2020,BEng Biomedical Engineering,GE1401,PHY1201,12180,L04
2020,BEng Biomedical Engineering,GE1401,PHY1201,12368,C01
2020,BEng Biomedical Engineering,GE1401,PHY1201,12369,T02
2021,BEng Biomedical Engineering,GE1401,CHEM1200,10384,C01
2021,BEng Biomedical Engineering,GE1401,GE1401,10686,T09
2021,BEng Biomedical Engineering,GE1401,BME2105,10791,C01
2021,BEng Biomedical Engineering,GE1401,CHEM1200,11294,L03
2021,BEng Biomedical Engineering,GE1401,PHY1201,11386,CA1
2021,BEng Biomedical Engineering,GE1401,BME2105,11417,T01
2021,BEng Biomedical Engineering,GE1401,MA1200,11782,CE1
2021,BEng Biomedical Engineering,GE1401,MA1200,11800,TE2
2021,BEng Biomedical Engineering,GE1401,PHY1201,12188,TA1
2021,BEng Biomedical Engineering,GE1401,PHY1201,12378,LA4
2022,BEng Biomedical Engineering,GE1401,CHEM1200,10384,C01
2022,BEng Biomedical Engineering,GE1401,GE1401,10721,T54
2022,BEng Biomedical Engineering,GE1401,BME2105,10791,C01
2022,BEng Biomedical Engineering,GE1401,CHEM1200,11092,L02
2022,BEng Biomedical Engineering,GE1401,PHY1201,11377,T01
2022,BEng Biomedical Engineering,GE1401,BME2105,11417,T01
2022,BEng Biomedical Engineering,GE1401,MA1200,11785,CG1
2022,BEng Biomedical Engineering,GE1401,MA1200,11806,TG2
2022,BEng Biomedical Engineering,GE1401,PHY1201,12180,L04
2022,BEng Biomedical Engineering,GE1401,PHY1201,12368,C01
2023,BEng Biomedical Engineering,GE1401,CHEM1200,10384,C01
2023,BEng Biomedical Engineering,GE1401,GE1401,10695,T19
2023,BEng Biomedical Engineering,GE1401,BME2105,10791,C01
2023,BEng Biomedical Engineering,GE1401,CHEM1200,11295,L04
2023,BEng Biomedical Engineering,GE1401,PHY1201,11377,T01
2023,BEng Biomedical Engineering,GE1401,BME2105,11417,T01
2023,BEng Biomedical Engineering,GE1401,MA1200,11784,CF1
2023,BEng Biomedical Engineering,GE1401,MA1200,11803,TF2
2023,BEng Biomedical Engineering,GE1401,PHY1201,12180,L04
2023,BEng Biomedical Engineering,GE1401,PHY1201,12368,C01
2024,BEng Biomedical Engineering,GE1401,CHEM1200,10384,C01
2024,BEng Biomedical Engineering,GE1401,GE1401,10695,T19
2024,BEng Biomedical Engineering,GE1401,BME2105,10791,C01
2024,BEng Biomedical Engineering,GE1401,CHEM1200,11294,L03
2024,BEng Biomedical Engineering,GE1401,BME2105,11417,T01
2024,BEng Biomedical Engineering,GE1401,MA1200,11782,CE1
2024,BEng Biomedical Engineering,GE1401,MA1200,11800,TE2
2024,BEng Biomedical Engineering,GE1401,PHY1201,12180,L04
2024,BEng Biomedical Engineering,GE1401,PHY1201,12368,C01
2024,BEng Biomedical Engineering,GE1401,PHY1201,12369,T02
2025,BEng Biomedical Engineering,LC0200A,CHEM1200,10384,C01
2025,BEng Biomedical Engineering,LC0200A,BME2105,10791,C01
2025,BEng Biomedical Engineering,LC0200A,LC0200A,10895,T27
2025,BEng Biomedical Engineering,LC0200A,CHEM1200,11092,L02
2025,BEng Biomedical Engineering,LC0200A,PHY1201,11377,T01
2025,BEng Biomedical Engineering,LC0200A,BME2105,11417,T01
2025,BEng Biomedical Engineering,LC0200A,MA1200,11785,CG1
2025,BEng Biomedical Engineering,LC0200A,MA1200,11806,TG2
2025,BEng Biomedical Engineering,LC0200A,PHY1201,12180,L04
2025,BEng Biomedical Engineering,LC0200A,PHY1201,12368,C01
2026,BEng Biomedical Engineering,LC0200A,CHEM1200,10384,C01
2026,BEng Biomedical Engineering,LC0200A,BME2105,10791,C01
2026,BEng Biomedical Engineering,LC0200A,LC0200A,10880,T11
2026,BEng Biomedical Engineering,LC0200A,CHEM1200,11295,L04
2026,BEng Biomedical Engineering,LC0200A,BME2105,11417,T01
2026,BEng Biomedical Engineering,LC0200A,MA1200,11784,CF1
2026,BEng Biomedical Engineering,LC0200A,MA1200,11803,TF2
2026,BEng Biomedical Engineering,LC0200A,PHY1201,12180,L04
2026,BEng Biomedical Engineering,LC0200A,PHY1201,12368,C01
2026,BEng Biomedical Engineering,LC0200A,PHY1201,12369,T02
2027,BEng Biomedical Engineering,LC0200A,CHEM1200,10384,C01
2027,BEng Biomedical Engineering,LC0200A,BME2105,10791,C01
2027,BEng Biomedical Engineering,LC0200A,LC0200A,10895,T27
2027,BEng Biomedical Engineering,LC0200A,CHEM1200,11092,L02
2027,BEng Biomedical Engineering,LC0200A,PHY1201,11377,T01
2027,BEng Biomedical Engineering,LC0200A,BME2105,11417,T01
2027,BEng Biomedical Engineering,LC0200A,MA1200,11786,CH1
2027,BEng Biomedical Engineering,LC0200A,MA1200,11809,TH2
2027,BEng Biomedical Engineering,LC0200A,PHY1201,12180,L04
2027,BEng Biomedical Engineering,LC0200A,PHY1201,12368,C01
2028,BEng Biomedical Engineering,LC0200A,CHEM1200,10384,C01
2028,BEng Biomedical Engineering,LC0200A,BME2105,10791,C01
2028,BEng Biomedical Engineering,LC0200A,LC0200A,10880,T11
2028,BEng Biomedical Engineering,LC0200A,CHEM1200,11295,L04
2028,BEng Biomedical Engineering,LC0200A,BME2105,11417,T01
2028,BEng Biomedical Engineering,LC0200A,MA1200,11784,CF1
2028,BEng Biomedical Engineering,LC0200A,MA1200,11803,TF2
2028,BEng Biomedical Engineering,LC0200A,PHY1201,12180,L04
2028,BEng Biomedical Engineering,LC0200A,PHY1201,12368,C01
2028,BEng Biomedical Engineering,LC0200A,PHY1201,12369,T02
2029,BEng Biomedical Engineering,LC0200A,BME2105,10791,C01
2029,BEng Biomedical Engineering,LC0200A,LC0200A,10894,T26
2029,BEng Biomedical Engineering,LC0200A,BME2105,11417,T01
2029,BEng Biomedical Engineering,LC0200A,MA1200,11786,CH1
2029,BEng Biomedical Engineering,LC0200A,MA1200,11809,TH2
2029,BEng Biomedical Engineering,LC0200A,CHEM1200,13869,CA1
2029,BEng Biomedical Engineering,LC0200A,CHEM1200,13871,LA1
2030,BEng Biomedical Engineering,LC0200A,BME2105,10791,C01
2030,BEng Biomedical Engineering,LC0200A,LC0200A,10894,T26
2030,BEng Biomedical Engineering,LC0200A,BME2105,11417,T01
2030,BEng Biomedical Engineering,LC0200A,MA1200,11786,CH1
2030,BEng Biomedical Engineering,LC0200A,MA1200,11809,TH2
2030,BEng Biomedical Engineering,LC0200A,CHEM1200,13869,CA1
2030,BEng Biomedical Engineering,LC0200A,CHEM1200,13871,LA1
2031,BEng Biomedical Engineering,LC0200A,CHEM1200,10384,C01
2031,BEng Biomedical Engineering,LC0200A,BME2105,10791,C01
2031,BEng Biomedical Engineering,LC0200A,LC0200A,10895,T27
2031,BEng Biomedical Engineering,LC0200A,CHEM1200,11295,L04
2031,BEng Biomedical Engineering,LC0200A,PHY1201,11377,T01
2031,BEng Biomedical Engineering,LC0200A,BME2105,11417,T01
2031,BEng Biomedical Engineering,LC0200A,MA1200,11785,CG1
2031,BEng Biomedical Engineering,LC0200A,MA1200,11806,TG2
2031,BEng Biomedical Engineering,LC0200A,PHY1201,12180,L04
2031,BEng Biomedical Engineering,LC0200A,PHY1201,12368,C01
2032,BEng Biomedical Engineering,LC0200A,CHEM1200,10384,C01
2032,BEng Biomedical Engineering,LC0200A,BME2105,10791,C01
2032,BEng Biomedical Engineering,LC0200A,LC0200A,10878,T09
2032,BEng Biomedical Engineering,LC0200A,CHEM1200,11294,L03
2032,BEng Biomedical Engineering,LC0200A,PHY1201,11377,T01
2032,BEng Biomedical Engineering,LC0200A,BME2105,11417,T01
2032,BEng Biomedical Engineering,LC0200A,MA1200,11782,CE1
2032,BEng Biomedical Engineering,LC0200A,MA1200,11800,TE2
2032,BEng Biomedical Engineering,LC0200A,PHY1201,12180,L04
2032,BEng Biomedical Engineering,LC0200A,PHY1201,12368,C01
2033,BEng Biomedical Engineering,LC0200A,BME2105,10791,C01
2033,BEng Biomedical Engineering,LC0200A,LC0200A,10894,T26
2033,BEng Biomedical Engineering,LC0200A,CHEM1200,11092,L02
2033,BEng Biomedical Engineering,LC0200A,BME2105,11417,T01
2033,BEng Biomedical Engineering,LC0200A,CHEM1200,11735,C02
2033,BEng Biomedical Engineering,LC0200A,MA1200,11786,CH1
2033,BEng Biomedical Engineering,LC0200A,MA1200,11809,TH2
2034,BEng Biomedical Engineering,LC0200A,CHEM1200,10384,C01
2034,BEng Biomedical Engineering,LC0200A,BME2105,10791,C01
2034,BEng Biomedical Engineering,LC0200A,LC0200A,10878,T09
2034,BEng Biomedical Engineering,LC0200A,CHEM1200,11294,L03
2034,BEng Biomedical Engineering,LC0200A,BME2105,11417,T01
2034,BEng Biomedical Engineering,LC0200A,MA1200,11782,CE1
2034,BEng Biomedical Engineering,LC0200A,MA1200,11800,TE2
2034,BEng Biomedical Engineering,LC0200A,PHY1201,12180,L04
2034,BEng Biomedical Engineering,LC0200A,PHY1201,12368,C01
2034,BEng Biomedical Engineering,LC0200A,PHY1201,12369,T02
2035,BEng Biomedical Engineering,LC0200A,CHEM1200,10384,C01
2035,BEng Biomedical Engineering,LC0200A,BME2105,10791,C01
2035,BEng Biomedical Engineering,LC0200A,LC0200A,10895,T27
2035,BEng Biomedical Engineering,LC0200A,CHEM1200,11295,L04
2035,BEng Biomedical Engineering,LC0200A,BME2105,11417,T01
2035,BEng Biomedical Engineering,LC0200A,MA1200,11785,CG1
2035,BEng Biomedical Engineering,LC0200A,MA1200,11806,TG2
2035,BEng Biomedical Engineering,LC0200A,PHY1201,12180,L04
2035,BEng Biomedical Engineering,LC0200A,PHY1201,12368,C01
2035,BEng Biomedical Engineering,LC0200A,PHY1201,12369,T02
2036,BSc Biological Sciences,GE1401,GE1501,10249,C02
2036,BSc Biological Sciences,GE1401,GE1401,10704,T29
2036,BSc Biological Sciences,GE1401,CHEM1200,11295,L04
2036,BSc Biological Sciences,GE1401,BMS1901,11330,C01
2036,BSc Biological Sciences,GE1401,BMS1901,11470,L02
2036,BSc Biological Sciences,GE1401,CHEM1200,11735,C02
2036,BSc Biological Sciences,GE1401,CHEM1300,11747,C01
2036,BSc Biological Sciences,GE1401,CHEM1300,11754,T03
2036,BSc Biological Sciences,GE1401,CHEM1300,12099,L03
2037,BSc Biological Sciences,GE1401,CHEM1200,11092,L02
2037,BSc Biological Sciences,GE1401,GE1501,11157,CB1
2037,BSc Biological Sciences,GE1401,BMS1901,11330,C01
2037,BSc Biological Sciences,GE1401,BMS1901,11331,L01
2037,BSc Biological Sciences,GE1401,CHEM1200,11735,C02
2037,BSc Biological Sciences,GE1401,CHEM1300,11748,C02
2037,BSc Biological Sciences,GE1401,CHEM1300,11754,T03
2037,BSc Biological Sciences,GE1401,CHEM1300,12099,L03
2037,BSc Biological Sciences,GE1401,GE1401,13577,TB6
2038,BSc Biological Sciences,GE1401,GE1401,10724,T57
2038,BSc Biological Sciences,GE1401,CHEM1200,11092,L02
2038,BSc Biological Sciences,GE1401,GE1501,11157,CB1
2038,BSc Biological Sciences,GE1401,BMS1901,11330,C01
2038,BSc Biological Sciences,GE1401,BMS1901,11331,L01
2038,BSc Biological Sciences,GE1401,CHEM1200,11735,C02
2038,BSc Biological Sciences,GE1401,CHEM1300,11748,C02
2038,BSc Biological Sciences,GE1401,CHEM1300,11751,T04
2038,BSc Biological Sciences,GE1401,CHEM1300,12100,L01
2039,BSc Biological Sciences,GE1401,GE1501,10254,C06
2039,BSc Biological Sciences,GE1401,GE1401,10710,T37
2039,BSc Biological Sciences,GE1401,CHEM1200,11294,L03
2039,BSc Biological Sciences,GE1401,BMS1901,11330,C01
2039,BSc Biological Sciences,GE1401,BMS1901,11470,L02
2039,BSc Biological Sciences,GE1401,CHEM1200,11735,C02
2039,BSc Biological Sciences,GE1401,CHEM1300,11748,C02
2039,BSc Biological Sciences,GE1401,CHEM1300,11755,T01
2039,BSc Biological Sciences,GE1401,CHEM1300,12269,L04
2040,BSc Biological Sciences,GE1401,GE1401,10689,T12
2040,BSc Biological Sciences,GE1401,CHEM1200,11295,L04
2040,BSc Biological Sciences,GE1401,BMS1901,11330,C01
2040,BSc Biological Sciences,GE1401,BMS1901,11470,L02
2040,BSc Biological Sciences,GE1401,CHEM1200,11735,C02
2040,BSc Biological Sciences,GE1401,CHEM1300,12268,CA1
2040,BSc Biological Sciences,GE1401,CHEM1300,12270,LA1
2040,BSc Biological Sciences,GE1401,CHEM1300,12271,TA1
2040,BSc Biological Sciences,GE1401,GE1501,12620,C15
2041,BSc Biological Sciences,GE1401,CHEM1200,11295,L04
2041,BSc Biological Sciences,GE1401,BMS1901,11330,C01
2041,BSc Biological Sciences,GE1401,BMS1901,11470,L02
2041,BSc Biological Sciences,GE1401,CHEM1200,11735,C02
2041,BSc Biological Sciences,GE1401,GE1401,12121,T33
2041,BSc Biological Sciences,GE1401,CHEM1300,12268,CA1
2041,BSc Biological Sciences,GE1401,CHEM1300,12270,LA1
2041,BSc Biological Sciences,GE1401,CHEM1300,12271,TA1
2041,BSc Biological Sciences,GE1401,GE1501,12620,C15
2042,BSc Biological Sciences,GE1401,GE1501,10604,C09
2042,BSc Biological Sciences,GE1401,GE1401,10723,T56
2042,BSc Biological Sciences,GE1401,CHEM1200,11294,L03
2042,BSc Biological Sciences,GE1401,BMS1901,11330,C01
2042,BSc Biological Sciences,GE1401,BMS1901,11470,L02
2042,BSc Biological Sciences,GE1401,CHEM1200,11735,C02
2042,BSc Biological Sciences,GE1401,CHEM1300,11748,C02
2042,BSc Biological Sciences,GE1401,CHEM1300,11751,T04
2042,BSc Biological Sciences,GE1401,CHEM1300,12269,L04
2043,BSc Biological Sciences,GE1401,GE1501,10249,C02
2043,BSc Biological Sciences,GE1401,GE1401,10693,T16
2043,BSc Biological Sciences,GE1401,CHEM1200,11295,L04
2043,BSc Biological Sciences,GE1401,BMS1901,11330,C01
2043,BSc Biological Sciences,GE1401,BMS1901,11470,L02
2043,BSc Biological Sciences,GE1401,CHEM1200,11735,C02
2043,BSc Biological Sciences,GE1401,CHEM1300,11747,C01
2043,BSc Biological Sciences,GE1401,CHEM1300,11754,T03
2043,BSc Biological Sciences,GE1401,CHEM1300,12099,L03
2044,BSc Biological Sciences,GE1401,GE1501,10604,C09
2044,BSc Biological Sciences,GE1401,GE1401,10727,T60
2044,BSc Biological Sciences,GE1401,CHEM1200,11294,L03
2044,BSc Biological Sciences,GE1401,BMS1901,11330,C01
2044,BSc Biological Sciences,GE1401,BMS1901,11470,L02
2044,BSc Biological Sciences,GE1401,CHEM1200,11735,C02
2044,BSc Biological Sciences,GE1401,CHEM1300,11748,C02
2044,BSc Biological Sciences,GE1401,CHEM1300,11751,T04
2044,BSc Biological Sciences,GE1401,CHEM1300,12269,L04
2045,BSc Biological Sciences,GE1401,GE1501,10249,C02
2045,BSc Biological Sciences,GE1401,BMS1901,11330,C01
2045,BSc Biological Sciences,GE1401,BMS1901,11331,L01
2045,BSc Biological Sciences,GE1401,CHEM1300,11748,C02
2045,BSc Biological Sciences,GE1401,CHEM1300,11756,T05
2045,BSc Biological Sciences,GE1401,CHEM1300,12099,L03
2045,BSc Biological Sciences,GE1401,GE1401,12127,T84
2045,BSc Biological Sciences,GE1401,CHEM1200,13869,CA1
2045,BSc Biological Sciences,GE1401,CHEM1200,13871,LA1
2046,BSc Biological Sciences,GE1401,GE1401,10689,T12
2046,BSc Biological Sciences,GE1401,CHEM1200,11295,L04
2046,BSc Biological Sciences,GE1401,BMS1901,11330,C01
2046,BSc Biological Sciences,GE1401,BMS1901,11470,L02
2046,BSc Biological Sciences,GE1401,CHEM1200,11735,C02
2046,BSc Biological Sciences,GE1401,CHEM1300,12268,CA1
2046,BSc Biological Sciences,GE1401,CHEM1300,12270,LA1
2046,BSc Biological Sciences,GE1401,CHEM1300,12271,TA1
2046,BSc Biological Sciences,GE1401,GE1501,12620,C15
2047,BSc Biological Sciences,GE1401,GE1501,10254,C06
2047,BSc Biological Sciences,GE1401,CHEM1200,11092,L02
2047,BSc Biological Sciences,GE1401,BMS1901,11330,C01
2047,BSc Biological Sciences,GE1401,BMS1901,11331,L01
2047,BSc Biological Sciences,GE1401,CHEM1200,11735,C02
2047,BSc Biological Sciences,GE1401,CHEM1300,11748,C02
2047,BSc Biological Sciences,GE1401,CHEM1300,11751,T04
2047,BSc Biological Sciences,GE1401,CHEM1300,12269,L04
2047,BSc Biological Sciences,GE1401,GE1401,14270,TB7
2048,BSc Biological Sciences,GE1401,CHEM1200,11295,L04
2048,BSc Biological Sciences,GE1401,BMS1901,11330,C01
2048,BSc Biological Sciences,GE1401,BMS1901,11470,L02
2048,BSc Biological Sciences,GE1401,CHEM1200,11735,C02
2048,BSc Biological Sciences,GE1401,GE1401,12124,T49
2048,BSc Biological Sciences,GE1401,CHEM1300,12268,CA1
2048,BSc Biological Sciences,GE1401,CHEM1300,12270,LA1
2048,BSc Biological Sciences,GE1401,CHEM1300,12271,TA1
2048,BSc Biological Sciences,GE1401,GE1501,12620,C15
2049,BSc Biological Sciences,GE1401,GE1501,10254,C06
2049,BSc Biological Sciences,GE1401,GE1401,10724,T57
2049,BSc Biological Sciences,GE1401,CHEM1200,11092,L02
2049,BSc Biological Sciences,GE1401,BMS1901,11330,C01
2049,BSc Biological Sciences,GE1401,BMS1901,11331,L01
2049,BSc Biological Sciences,GE1401,CHEM1200,11735,C02
2049,BSc Biological Sciences,GE1401,CHEM1300,11748,C02
2049,BSc Biological Sciences,GE1401,CHEM1300,11751,T04
2049,BSc Biological Sciences,GE1401,CHEM1300,12100,L01
2050,BSc Biological Sciences,GE1401,GE1501,10604,C09
2050,BSc Biological Sciences,GE1401,GE1401,10727,T60
2050,BSc Biological Sciences,GE1401,CHEM1200,11294,L03
2050,BSc Biological Sciences,GE1401,BMS1901,11330,C01
2050,BSc Biological Sciences,GE1401,BMS1901,11470,L02
2050,BSc Biological Sciences,GE1401,CHEM1200,11735,C02
2050,BSc Biological Sciences,GE1401,CHEM1300,11748,C02
2050,BSc Biological Sciences,GE1401,CHEM1300,11751,T04
2050,BSc Biological Sciences,GE1401,CHEM1300,12269,L04
2051,BSc Biological Sciences,GE1401,GE1501,10249,C02
2051,BSc Biological Sciences,GE1401,BMS1901,11330,C01
2051,BSc Biological Sciences,GE1401,BMS1901,11331,L01
2051,BSc Biological Sciences,GE1401,CHEM1300,11748,C02
2051,BSc Biological Sciences,GE1401,CHEM1300,11756,T05
2051,BSc Biological Sciences,GE1401,CHEM1300,12099,L03
2051,BSc Biological Sciences,GE1401,GE1401,12127,T84
2051,BSc Biological Sciences,GE1401,CHEM1200,13869,CA1
2051,BSc Biological Sciences,GE1401,CHEM1200,13871,LA1
2052,BSc Biological Sciences,GE1401,GE1501,10604,C09
2052,BSc Biological Sciences,GE1401,GE1401,10727,T60
2052,BSc Biological Sciences,GE1401,CHEM1200,11294,L03
2052,BSc Biological Sciences,GE1401,BMS1901,11330,C01
2052,BSc Biological Sciences,GE1401,BMS1901,11470,L02
2052,BSc Biological Sciences,GE1401,CHEM1200,11735,C02
2052,BSc Biological Sciences,GE1401,CHEM1300,11748,C02
2052,BSc Biological Sciences,GE1401,CHEM1300,11751,T04
2052,BSc Biological Sciences,GE1401,CHEM1300,12269,L04
2053,BSc Biological Sciences,GE1401,GE1501,10254,C06
2053,BSc Biological Sciences,GE1401,CHEM1200,11092,L02
2053,BSc Biological Sciences,GE1401,BMS1901,11330,C01
2053,BSc Biological Sciences,GE1401,BMS1901,11331,L01
2053,BSc Biological Sciences,GE1401,CHEM1200,11735,C02
2053,BSc Biological Sciences,GE1401,CHEM1300,11748,C02
2053,BSc Biological Sciences,GE1401,CHEM1300,11751,T04
2053,BSc Biological Sciences,GE1401,CHEM1300,12100,L01
2053,BSc Biological Sciences,GE1401,GE1401,13571,T99
2054,BSc Biological Sciences,GE1401,GE1501,10254,C06
2054,BSc Biological Sciences,GE1401,GE1401,10710,T37
2054,BSc Biological Sciences,GE1401,CHEM1200,11294,L03
2054,BSc Biological Sciences,GE1401,BMS1901,11330,C01
2054,BSc Biological Sciences,GE1401,BMS1901,11470,L02
2054,BSc Biological Sciences,GE1401,CHEM1200,11735,C02
2054,BSc Biological Sciences,GE1401,CHEM1300,11748,C02
2054,BSc Biological Sciences,GE1401,CHEM1300,11755,T01
2054,BSc Biological Sciences,GE1401,CHEM1300,12269,L04
2055,BSc Biological Sciences,GE1401,CHEM1200,11295,L04
2055,BSc Biological Sciences,GE1401,BMS1901,11330,C01
2055,BSc Biological Sciences,GE1401,BMS1901,11470,L02
2055,BSc Biological Sciences,GE1401,CHEM1200,11735,C02
2055,BSc Biological Sciences,GE1401,GE1401,12124,T49
2055,BSc Biological Sciences,GE1401,CHEM1300,12268,CA1
2055,BSc Biological Sciences,GE1401,CHEM1300,12270,LA1
2055,BSc Biological Sciences,GE1401,CHEM1300,12271,TA1
2055,BSc Biological Sciences,GE1401,GE1501,12620,C15
2056,BSc Biological Sciences,GE1401,GE1501,10249,C02
2056,BSc Biological Sciences,GE1401,GE1401,10704,T29
2056,BSc Biological Sciences,GE1401,CHEM1200,11295,L04
2056,BSc Biological Sciences,GE1401,BMS1901,11330,C01
2056,BSc Biological Sciences,GE1401,BMS1901,11470,L02
2056,BSc Biological Sciences,GE1401,CHEM1200,11735,C02
2056,BSc Biological Sciences,GE1401,CHEM1300,12268,CA1
2056,BSc Biological Sciences,GE1401,CHEM1300,12270,LA1
2056,BSc Biological Sciences,GE1401,CHEM1300,12271,TA1
2057,BSc Biological Sciences,GE1401,GE1501,10249,C02
2057,BSc Biological Sciences,GE1401,BMS1901,11330,C01
2057,BSc Biological Sciences,GE1401,BMS1901,11331,L01
2057,BSc Biological Sciences,GE1401,CHEM1300,11748,C02
2057,BSc Biological Sciences,GE1401,CHEM1300,11756,T05
2057,BSc Biological Sciences,GE1401,CHEM1300,12099,L03
2057,BSc Biological Sciences,GE1401,GE1401,12127,T84
2057,BSc Biological Sciences,GE1401,CHEM1200,13869,CA1
2057,BSc Biological Sciences,GE1401,CHEM1200,13871,LA1
2058,BSc Biological Sciences,GE1401,GE1501,10249,C02
2058,BSc Biological Sciences,GE1401,GE1401,10693,T16
2058,BSc Biological Sciences,GE1401,CHEM1200,11295,L04
2058,BSc Biological Sciences,GE1401,BMS1901,11330,C01
2058,BSc Biological Sciences,GE1401,BMS1901,11470,L02
2058,BSc Biological Sciences,GE1401,CHEM1200,11735,C02
2058,BSc Biological Sciences,GE1401,CHEM1300,11747,C01
2058,BSc Biological Sciences,GE1401,CHEM1300,11754,T03
2058,BSc Biological Sciences,GE1401,CHEM1300,12099,L03
2059,BSc Biological Sciences,GE1401,GE1401,10357,T01
2059,BSc Biological Sciences,GE1401,GE1501,11157,CB1
2059,BSc Biological Sciences,GE1401,CHEM1200,11294,L03
2059,BSc Biological Sciences,GE1401,BMS1901,11330,C01
2059,BSc Biological Sciences,GE1401,BMS1901,11470,L02
2059,BSc Biological Sciences,GE1401,CHEM1200,11735,C02
2059,BSc Biological Sciences,GE1401,CHEM1300,11748,C02
2059,BSc Biological Sciences,GE1401,CHEM1300,11755,T01
2059,BSc Biological Sciences,GE1401,CHEM1300,12100,L01
2060,BSc Biological Sciences,GE1401,GE1501,10254,C06
2060,BSc Biological Sciences,GE1401,GE1401,10724,T57
2060,BSc Biological Sciences,GE1401,CHEM1200,11092,L02
2060,BSc Biological Sciences,GE1401,BMS1901,11330,C01
2060,BSc Biological Sciences,GE1401,BMS1901,11331,L01
2060,BSc Biological Sciences,GE1401,CHEM1200,11735,C02
2060,BSc Biological Sciences,GE1401,CHEM1300,11748,C02
2060,BSc Biological Sciences,GE1401,CHEM1300,11751,T04
2060,BSc Biological Sciences,GE1401,CHEM1300,12100,L01
2061,BSc Biological Sciences,GE1401,GE1501,10254,C06
2061,BSc Biological Sciences,GE1401,GE1401,10710,T37
2061,BSc Biological Sciences,GE1401,CHEM1200,11294,L03
2061,BSc Biological Sciences,GE1401,BMS1901,11330,C01
2061,BSc Biological Sciences,GE1401,BMS1901,11470,L02
2061,BSc Biological Sciences,GE1401,CHEM1200,11735,C02
2061,BSc Biological Sciences,GE1401,CHEM1300,11748,C02
2061,BSc Biological Sciences,GE1401,CHEM1300,11751,T04
2061,BSc Biological Sciences,GE1401,CHEM1300,12100,L01
2062,BSc Biological Sciences,GE1401,GE1501,10254,C06
2062,BSc Biological Sciences,GE1401,GE1401,10710,T37
2062,BSc Biological Sciences,GE1401,CHEM1200,11294,L03
2062,BSc Biological Sciences,GE1401,BMS1901,11330,C01
2062,BSc Biological Sciences,GE1401,BMS1901,11470,L02
2062,BSc Biological Sciences,GE1401,CHEM1200,11735,C02
2062,BSc Biological Sciences,GE1401,CHEM1300,11748,C02
2062,BSc Biological Sciences,GE1401,CHEM1300,11751,T04
2062,BSc Biological Sciences,GE1401,CHEM1300,12100,L01
2063,BSc Biological Sciences,GE1401,GE1501,10604,C09
2063,BSc Biological Sciences,GE1401,GE1401,10704,T29
2063,BSc Biological Sciences,GE1401,CHEM1200,11295,L04
2063,BSc Biological Sciences,GE1401,BMS1901,11330,C01
2063,BSc Biological Sciences,GE1401,BMS1901,11470,L02
2063,BSc Biological Sciences,GE1401,CHEM1200,11735,C02
2063,BSc Biological Sciences,GE1401,CHEM1300,11747,C01
2063,BSc Biological Sciences,GE1401,CHEM1300,11751,T04
2063,BSc Biological Sciences,GE1401,CHEM1300,12269,L04
2064,BSc Biological Sciences,GE1401,GE1501,10254,C06
2064,BSc Biological Sciences,GE1401,CHEM1200,11092,L02
2064,BSc Biological Sciences,GE1401,BMS1901,11330,C01
2064,BSc Biological Sciences,GE1401,BMS1901,11331,L01
2064,BSc Biological Sciences,GE1401,CHEM1200,11735,C02
2064,BSc Biological Sciences,GE1401,CHEM1300,11748,C02
2064,BSc Biological Sciences,GE1401,CHEM1300,11751,T04
2064,BSc Biological Sciences,GE1401,CHEM1300,12269,L04
2064,BSc Biological Sciences,GE1401,GE1401,14270,TB7
2065,BSc Biological Sciences,GE1401,GE1501,10254,C06
2065,BSc Biological Sciences,GE1401,CHEM1200,11295,L04
2065,BSc Biological Sciences,GE1401,BMS1901,11330,C01
2065,BSc Biological Sciences,GE1401,BMS1901,11470,L02
2065,BSc Biological Sciences,GE1401,CHEM1200,11735,C02
2065,BSc Biological Sciences,GE1401,CHEM1300,11748,C02
2065,BSc Biological Sciences,GE1401,CHEM1300,11754,T03
2065,BSc Biological Sciences,GE1401,CHEM1300,12100,L01
2065,BSc Biological Sciences,GE1401,GE1401,13570,T98
2066,BSc Biological Sciences,GE1401,CHEM1200,11295,L04
2066,BSc Biological Sciences,GE1401,BMS1901,11330,C01
2066,BSc Biological Sciences,GE1401,BMS1901,11470,L02
2066,BSc Biological Sciences,GE1401,CHEM1200,11735,C02
2066,BSc Biological Sciences,GE1401,GE1401,12121,T33
2066,BSc Biological Sciences,GE1401,CHEM1300,12268,CA1
2066,BSc Biological Sciences,GE1401,CHEM1300,12270,LA1
2066,BSc Biological Sciences,GE1401,CHEM1300,12271,TA1
2066,BSc Biological Sciences,GE1401,GE1501,12620,C15
2067,BSc Biological Sciences,GE1401,GE1501,10254,C06
2067,BSc Biological Sciences,GE1401,CHEM1200,11092,L02
2067,BSc Biological Sciences,GE1401,BMS1901,11330,C01
2067,BSc Biological Sciences,GE1401,BMS1901,11331,L01
2067,BSc Biological Sciences,GE1401,CHEM1200,11735,C02
2067,BSc Biological Sciences,GE1401,CHEM1300,11748,C02
2067,BSc Biological Sciences,GE1401,CHEM1300,11751,T04
2067,BSc Biological Sciences,GE1401,CHEM1300,12269,L04
2067,BSc Biological Sciences,GE1401,GE1401,15182,TC3
2068,BSc Biological Sciences,GE1401,GE1501,10249,C02
2068,BSc Biological Sciences,GE1401,GE1401,10704,T29
2068,BSc Biological Sciences,GE1401,CHEM1200,11295,L04
2068,BSc Biological Sciences,GE1401,BMS1901,11330,C01
2068,BSc Biological Sciences,GE1401,BMS1901,11470,L02
2068,BSc Biological Sciences,GE1401,CHEM1200,11735,C02
2068,BSc Biological Sciences,GE1401,CHEM1300,12268,CA1
2068,BSc Biological Sciences,GE1401,CHEM1300,12270,LA1
2068,BSc Biological Sciences,GE1401,CHEM1300,12271,TA1
2069,BSc Biological Sciences,LC0200A,GE1501,10250,C03
2069,BSc Biological Sciences,LC0200A,LC0200A,11029,T30
2069,BSc Biological Sciences,LC0200A,BMS1901,11330,C01
2069,BSc Biological Sciences,LC0200A,BMS1901,11331,L01
2069,BSc Biological Sciences,LC0200A,CHEM1300,11748,C02
2069,BSc Biological Sciences,LC0200A,CHEM1300,11756,T05
2069,BSc Biological Sciences,LC0200A,CHEM1300,12269,L04
2069,BSc Biological Sciences,LC0200A,CHEM1200,13869,CA1
2069,BSc Biological Sciences,LC0200A,CHEM1200,13871,LA1
2070,BSc Biological Sciences,LC0200A,GE1501,10254,C06
2070,BSc Biological Sciences,LC0200A,CHEM1200,11294,L03
2070,BSc Biological Sciences,LC0200A,BMS1901,11330,C01
2070,BSc Biological Sciences,LC0200A,BMS1901,11470,L02
2070,BSc Biological Sciences,LC0200A,CHEM1200,11735,C02
2070,BSc Biological Sciences,LC0200A,CHEM1300,11748,C02
2070,BSc Biological Sciences,LC0200A,CHEM1300,11751,T04
2070,BSc Biological Sciences,LC0200A,CHEM1300,12100,L01
2070,BSc Biological Sciences,LC0200A,LC0200A,14952,T36
2071,BSc Biological Sciences,LC0200A,GE1501,10254,C06
2071,BSc Biological Sciences,LC0200A,CHEM1200,11294,L03
2071,BSc Biological Sciences,LC0200A,BMS1901,11330,C01
2071,BSc Biological Sciences,LC0200A,BMS1901,11470,L02
2071,BSc Biological Sciences,LC0200A,CHEM1200,11735,C02
2071,BSc Biological Sciences,LC0200A,CHEM1300,11748,C02
2071,BSc Biological Sciences,LC0200A,CHEM1300,11751,T04
2071,BSc Biological Sciences,LC0200A,CHEM1300,12100,L01
2071,BSc Biological Sciences,LC0200A,LC0200A,14950,T18
2072,BSc Biological Sciences,LC0200A,GE1501,10254,C06
2072,BSc Biological Sciences,LC0200A,LC0200A,10876,T07
2072,BSc Biological Sciences,LC0200A,CHEM1200,11092,L02
2072,BSc Biological Sciences,LC0200A,BMS1901,11330,C01
2072,BSc Biological Sciences,LC0200A,BMS1901,11331,L01
2072,BSc Biological Sciences,LC0200A,CHEM1200,11735,C02
2072,BSc Biological Sciences,LC0200A,CHEM1300,11748,C02
2072,BSc Biological Sciences,LC0200A,CHEM1300,11754,T03
2072,BSc Biological Sciences,LC0200A,CHEM1300,12100,L01
2073,BSc Biological Sciences,LC0200A,GE1501,10254,C06
2073,BSc Biological Sciences,LC0200A,LC0200A,10893,T25
2073,BSc Biological Sciences,LC0200A,CHEM1200,11092,L02
2073,BSc Biological Sciences,LC0200A,BMS1901,11330,C01
2073,BSc Biological Sciences,LC0200A,BMS1901,11331,L01
2073,BSc Biological Sciences,LC0200A,CHEM1200,11735,C02
2073,BSc Biological Sciences,LC0200A,CHEM1300,11748,C02
2073,BSc Biological Sciences,LC0200A,CHEM1300,11754,T03
2073,BSc Biological Sciences,LC0200A,CHEM1300,12100,L01
2074,BSc Biological Sciences,LC0200A,GE1501,10254,C06
2074,BSc Biological Sciences,LC0200A,LC0200A,10865,T05
2074,BSc Biological Sciences,LC0200A,CHEM1200,11092,L02
2074,BSc Biological Sciences,LC0200A,BMS1901,11330,C01
2074,BSc Biological Sciences,LC0200A,BMS1901,11331,L01
2074,BSc Biological Sciences,LC0200A,CHEM1200,11735,C02
2074,BSc Biological Sciences,LC0200A,CHEM1300,11748,C02
2074,BSc Biological Sciences,LC0200A,CHEM1300,11751,T04
2074,BSc Biological Sciences,LC0200A,CHEM1300,12269,L04
2075,BSc Biological Sciences,LC0200A,GE1501,10604,C09
2075,BSc Biological Sciences,LC0200A,CHEM1200,11295,L04
2075,BSc Biological Sciences,LC0200A,BMS1901,11330,C01
2075,BSc Biological Sciences,LC0200A,BMS1901,11470,L02
2075,BSc Biological Sciences,LC0200A,CHEM1200,11735,C02
2075,BSc Biological Sciences,LC0200A,CHEM1300,11747,C01
2075,BSc Biological Sciences,LC0200A,CHEM1300,11751,T04
2075,BSc Biological Sciences,LC0200A,CHEM1300,12100,L01
2075,BSc Biological Sciences,LC0200A,LC0200A,12320,T38
2076,BSc Biological Sciences,LC0200A,LC0200A,10865,T05
2076,BSc Biological Sciences,LC0200A,GE1501,11157,CB1
2076,BSc Biological Sciences,LC0200A,CHEM1200,11295,L04
2076,BSc Biological Sciences,LC0200A,BMS1901,11330,C01
2076,BSc Biological Sciences,LC0200A,BMS1901,11470,L02
2076,BSc Biological Sciences,LC0200A,CHEM1200,11735,C02
2076,BSc Biological Sciences,LC0200A,CHEM1300,11748,C02
2076,BSc Biological Sciences,LC0200A,CHEM1300,11751,T04
2076,BSc Biological Sciences,LC0200A,CHEM1300,12269,L04
2077,BSc Biological Sciences,LC0200A,GE1501,10254,C06
2077,BSc Biological Sciences,LC0200A,LC0200A,10865,T05
2077,BSc Biological Sciences,LC0200A,CHEM1200,11092,L02
2077,BSc Biological Sciences,LC0200A,BMS1901,11330,C01
2077,BSc Biological Sciences,LC0200A,BMS1901,11331,L01
2077,BSc Biological Sciences,LC0200A,CHEM1200,11735,C02
2077,BSc Biological Sciences,LC0200A,CHEM1300,11748,C02
2077,BSc Biological Sciences,LC0200A,CHEM1300,11751,T04
2077,BSc Biological Sciences,LC0200A,CHEM1300,12269,L04
2078,BSc Biological Sciences,LC0200A,GE1501,10254,C06
2078,BSc Biological Sciences,LC0200A,LC0200A,10865,T05
2078,BSc Biological Sciences,LC0200A,CHEM1200,11295,L04
2078,BSc Biological Sciences,LC0200A,BMS1901,11330,C01
2078,BSc Biological Sciences,LC0200A,BMS1901,11470,L02
2078,BSc Biological Sciences,LC0200A,CHEM1200,11735,C02
2078,BSc Biological Sciences,LC0200A,CHEM1300,11748,C02
2078,BSc Biological Sciences,LC0200A,CHEM1300,11755,T01
2078,BSc Biological Sciences,LC0200A,CHEM1300,12269,L04
2079,BSc Biological Sciences,LC0200A,GE1501,10250,C03
2079,BSc Biological Sciences,LC0200A,LC0200A,11029,T30
2079,BSc Biological Sciences,LC0200A,BMS1901,11330,C01
2079,BSc Biological Sciences,LC0200A,BMS1901,11331,L01
2079,BSc Biological Sciences,LC0200A,CHEM1300,11748,C02
2079,BSc Biological Sciences,LC0200A,CHEM1300,11756,T05
2079,BSc Biological Sciences,LC0200A,CHEM1300,12269,L04
2079,BSc Biological Sciences,LC0200A,CHEM1200,13869,CA1
2079,BSc Biological Sciences,LC0200A,CHEM1200,13871,LA1
2080,BSc Biological Sciences,LC0200A,GE1501,10254,C06
2080,BSc Biological Sciences,LC0200A,LC0200A,10865,T05
2080,BSc Biological Sciences,LC0200A,CHEM1200,11295,L04
2080,BSc Biological Sciences,LC0200A,BMS1901,11330,C01
2080,BSc Biological Sciences,LC0200A,BMS1901,11470,L02
2080,BSc Biological Sciences,LC0200A,CHEM1200,11735,C02
2080,BSc Biological Sciences,LC0200A,CHEM1300,11748,C02
2080,BSc Biological Sciences,LC0200A,CHEM1300,11755,T01
2080,BSc Biological Sciences,LC0200A,CHEM1300,12269,L04
2081,BSc Biological Sciences,LC0200A,GE1501,10254,C06
2081,BSc Biological Sciences,LC0200A,LC0200A,10876,T07
2081,BSc Biological Sciences,LC0200A,CHEM1200,11295,L04
2081,BSc Biological Sciences,LC0200A,BMS1901,11330,C01
2081,BSc Biological Sciences,LC0200A,BMS1901,11470,L02
2081,BSc Biological Sciences,LC0200A,CHEM1200,11735,C02
2081,BSc Biological Sciences,LC0200A,CHEM1300,11748,C02
2081,BSc Biological Sciences,LC0200A,CHEM1300,11755,T01
2081,BSc Biological Sciences,LC0200A,CHEM1300,12099,L03
2082,BSc Biological Sciences,LC0200A,GE1501,10250,C03
2082,BSc Biological Sciences,LC0200A,LC0200A,11029,T30
2082,BSc Biological Sciences,LC0200A,BMS1901,11330,C01
2082,BSc Biological Sciences,LC0200A,BMS1901,11331,L01
2082,BSc Biological Sciences,LC0200A,CHEM1300,11748,C02
2082,BSc Biological Sciences,LC0200A,CHEM1300,11750,L05
2082,BSc Biological Sciences,LC0200A,CHEM1300,11756,T05
2082,BSc Biological Sciences,LC0200A,CHEM1200,13869,CA1
2082,BSc Biological Sciences,LC0200A,CHEM1200,13871,LA1
2083,BSc Biological Sciences,LC0200A,GE1501,10254,C06
2083,BSc Biological Sciences,LC0200A,LC0200A,10865,T05
2083,BSc Biological Sciences,LC0200A,CHEM1200,11092,L02
2083,BSc Biological Sciences,LC0200A,BMS1901,11330,C01
2083,BSc Biological Sciences,LC0200A,BMS1901,11331,L01
2083,BSc Biological Sciences,LC0200A,CHEM1200,11735,C02
2083,BSc Biological Sciences,LC0200A,CHEM1300,11748,C02
2083,BSc Biological Sciences,LC0200A,CHEM1300,11751,T04
2083,BSc Biological Sciences,LC0200A,CHEM1300,12269,L04
2084,BSc Biomedical Sciences,GE1401,GE1501,10254,C06
2084,BSc Biomedical Sciences,GE1401,CHEM1200,11092,L02
2084,BSc Biomedical Sciences,GE1401,BMS1901,11330,C01
2084,BSc Biomedical Sciences,GE1401,BMS1901,11331,L01
2084,BSc Biomedical Sciences,GE1401,CHEM1200,11735,C02
2084,BSc Biomedical Sciences,GE1401,CHEM1300,11748,C02
2084,BSc Biomedical Sciences,GE1401,CHEM1300,11751,T04
2084,BSc Biomedical Sciences,GE1401,CHEM1300,12269,L04
2084,BSc Biomedical Sciences,GE1401,GE1401,14270,TB7
2085,BSc Biomedical Sciences,GE1401,GE1501,10254,C06
2085,BSc Biomedical Sciences,GE1401,CHEM1200,11092,L02
2085,BSc Biomedical Sciences,GE1401,BMS1901,11330,C01
2085,BSc Biomedical Sciences,GE1401,BMS1901,11331,L01
2085,BSc Biomedical Sciences,GE1401,CHEM1200,11735,C02
2085,BSc Biomedical Sciences,GE1401,CHEM1300,11748,C02
2085,BSc Biomedical Sciences,GE1401,CHEM1300,11751,T04
2085,BSc Biomedical Sciences,GE1401,CHEM1300,12100,L01
2085,BSc Biomedical Sciences,GE1401,GE1401,13571,T99
2086,BSc Biomedical Sciences,GE1401,GE1501,10254,C06
2086,BSc Biomedical Sciences,GE1401,GE1401,10710,T37
2086,BSc Biomedical Sciences,GE1401,CHEM1200,11294,L03
2086,BSc Biomedical Sciences,GE1401,BMS1901,11330,C01
2086,BSc Biomedical Sciences,GE1401,BMS1901,11470,L02
2086,BSc Biomedical Sciences,GE1401,CHEM1200,11735,C02
2086,BSc Biomedical Sciences,GE1401,CHEM1300,11748,C02
2086,BSc Biomedical Sciences,GE1401,CHEM1300,11755,T01
2086,BSc Biomedical Sciences,GE1401,CHEM1300,12269,L04
2087,BSc Biomedical Sciences,GE1401,GE1501,10249,C02
2087,BSc Biomedical Sciences,GE1401,GE1401,10704,T29
2087,BSc Biomedical Sciences,GE1401,CHEM1200,11295,L04
2087,BSc Biomedical Sciences,GE1401,BMS1901,11330,C01
2087,BSc Biomedical Sciences,GE1401,BMS1901,11470,L02
2087,BSc Biomedical Sciences,GE1401,CHEM1200,11735,C02
2087,BSc Biomedical Sciences,GE1401,CHEM1300,11747,C01
2087,BSc Biomedical Sciences,GE1401,CHEM1300,11754,T03
2087,BSc Biomedical Sciences,GE1401,CHEM1300,12099,L03
2088,BSc Biomedical Sciences,GE1401,GE1401,10724,T57
2088,BSc Biomedical Sciences,GE1401,CHEM1200,11092,L02
2088,BSc Biomedical Sciences,GE1401,GE1501,11157,CB1
2088,BSc Biomedical Sciences,GE1401,BMS1901,11330,C01
2088,BSc Biomedical Sciences,GE1401,BMS1901,11331,L01
2088,BSc Biomedical Sciences,GE1401,CHEM1200,11735,C02
2088,BSc Biomedical Sciences,GE1401,CHEM1300,11748,C02
2088,BSc Biomedical Sciences,GE1401,CHEM1300,11751,T04
2088,BSc Biomedical Sciences,GE1401,CHEM1300,12100,L01
2089,BSc Biomedical Sciences,GE1401,GE1501,10254,C06
2089,BSc Biomedical Sciences,GE1401,CHEM1200,11092,L02
2089,BSc Biomedical Sciences,GE1401,BMS1901,11330,C01
2089,BSc Biomedical Sciences,GE1401,BMS1901,11331,L01
2089,BSc Biomedical Sciences,GE1401,CHEM1200,11735,C02
2089,BSc Biomedical Sciences,GE1401,CHEM1300,11748,C02
2089,BSc Biomedical Sciences,GE1401,CHEM1300,11751,T04
2089,BSc Biomedical Sciences,GE1401,CHEM1300,12269,L04
2089,BSc Biomedical Sciences,GE1401,GE1401,14270,TB7
2090,BSc Biomedical Sciences,GE1401,GE1501,10254,C06
2090,BSc Biomedical Sciences,GE1401,CHEM1200,11092,L02
2090,BSc Biomedical Sciences,GE1401,BMS1901,11330,C01
2090,BSc Biomedical Sciences,GE1401,BMS1901,11331,L01
2090,BSc Biomedical Sciences,GE1401,CHEM1200,11735,C02
2090,BSc Biomedical Sciences,GE1401,CHEM1300,11748,C02
2090,BSc Biomedical Sciences,GE1401,CHEM1300,11754,T03
2090,BSc Biomedical Sciences,GE1401,CHEM1300,12100,L01
2090,BSc Biomedical Sciences,GE1401,GE1401,13577,TB6
2091,BSc Biomedical Sciences,GE1401,GE1501,10604,C09
2091,BSc Biomedical Sciences,GE1401,CHEM1200,11294,L03
2091,BSc Biomedical Sciences,GE1401,BMS1901,11330,C01
2091,BSc Biomedical Sciences,GE1401,BMS1901,11470,L02
2091,BSc Biomedical Sciences,GE1401,CHEM1200,11735,C02
2091,BSc Biomedical Sciences,GE1401,CHEM1300,11748,C02
2091,BSc Biomedical Sciences,GE1401,CHEM1300,11751,T04
2091,BSc Biomedical Sciences,GE1401,CHEM1300,12100,L01
2091,BSc Biomedical Sciences,GE1401,GE1401,12735,T74
2092,BSc Biomedical Sciences,GE1401,GE1501,10254,C06
2092,BSc Biomedical Sciences,GE1401,GE1401,10724,T57
2092,BSc Biomedical Sciences,GE1401,CHEM1200,11092,L02
2092,BSc Biomedical Sciences,GE1401,BMS1901,11330,C01
2092,BSc Biomedical Sciences,GE1401,BMS1901,11331,L01
2092,BSc Biomedical Sciences,GE1401,CHEM1200,11735,C02
2092,BSc Biomedical Sciences,GE1401,CHEM1300,11748,C02
2092,BSc Biomedical Sciences,GE1401,CHEM1300,11751,T04
2092,BSc Biomedical Sciences,GE1401,CHEM1300,12100,L01
2093,BSc Biomedical Sciences,GE1401,GE1401,10689,T12
2093,BSc Biomedical Sciences,GE1401,CHEM1200,11295,L04
2093,BSc Biomedical Sciences,GE1401,BMS1901,11330,C01
2093,BSc Biomedical Sciences,GE1401,BMS1901,11470,L02
2093,BSc Biomedical Sciences,GE1401,CHEM1200,11735,C02
2093,BSc Biomedical Sciences,GE1401,CHEM1300,12268,CA1
2093,BSc Biomedical Sciences,GE1401,CHEM1300,12270,LA1
2093,BSc Biomedical Sciences,GE1401,CHEM1300,12271,TA1
2093,BSc Biomedical Sciences,GE1401,GE1501,12620,C15
2094,BSc Biomedical Sciences,GE1401,GE1501,10604,C09
2094,BSc Biomedical Sciences,GE1401,GE1401,10723,T56
2094,BSc Biomedical Sciences,GE1401,CHEM1200,11294,L03
2094,BSc Biomedical Sciences,GE1401,BMS1901,11330,C01
2094,BSc Biomedical Sciences,GE1401,BMS1901,11470,L02
2094,BSc Biomedical Sciences,GE1401,CHEM1200,11735,C02
2094,BSc Biomedical Sciences,GE1401,CHEM1300,11748,C02
2094,BSc Biomedical Sciences,GE1401,CHEM1300,11751,T04
2094,BSc Biomedical Sciences,GE1401,CHEM1300,12269,L04
2095,BSc Biomedical Sciences,GE1401,GE1501,10254,C06
2095,BSc Biomedical Sciences,GE1401,CHEM1200,11092,L02
2095,BSc Biomedical Sciences,GE1401,BMS1901,11330,C01
2095,BSc Biomedical Sciences,GE1401,BMS1901,11331,L01
2095,BSc Biomedical Sciences,GE1401,CHEM1200,11735,C02
2095,BSc Biomedical Sciences,GE1401,CHEM1300,11748,C02
2095,BSc Biomedical Sciences,GE1401,CHEM1300,11751,T04
2095,BSc Biomedical Sciences,GE1401,CHEM1300,12269,L04
2095,BSc Biomedical Sciences,GE1401,GE1401,12399,T72
2096,BSc Biomedical Sciences,GE1401,GE1501,10254,C06
2096,BSc Biomedical Sciences,GE1401,GE1401,10710,T37
2096,BSc Biomedical Sciences,GE1401,CHEM1200,11294,L03
2096,BSc Biomedical Sciences,GE1401,BMS1901,11330,C01
2096,BSc Biomedical Sciences,GE1401,BMS1901,11470,L02
2096,BSc Biomedical Sciences,GE1401,CHEM1200,11735,C02
2096,BSc Biomedical Sciences,GE1401,CHEM1300,11748,C02
2096,BSc Biomedical Sciences,GE1401,CHEM1300,11755,T01
2096,BSc Biomedical Sciences,GE1401,CHEM1300,12269,L04
2097,BSc Biomedical Sciences,GE1401,GE1501,10249,C02
2097,BSc Biomedical Sciences,GE1401,GE1401,10693,T16
2097,BSc Biomedical Sciences,GE1401,CHEM1200,11295,L04
2097,BSc Biomedical Sciences,GE1401,BMS1901,11330,C01
2097,BSc Biomedical Sciences,GE1401,BMS1901,11470,L02
2097,BSc Biomedical Sciences,GE1401,CHEM1200,11735,C02
2097,BSc Biomedical Sciences,GE1401,CHEM1300,11747,C01
2097,BSc Biomedical Sciences,GE1401,CHEM1300,11754,T03
2097,BSc Biomedical Sciences,GE1401,CHEM1300,12099,L03
2098,BSc Biomedical Sciences,GE1401,GE1501,10249,C02
2098,BSc Biomedical Sciences,GE1401,CHEM1200,11295,L04
2098,BSc Biomedical Sciences,GE1401,BMS1901,11330,C01
2098,BSc Biomedical Sciences,GE1401,BMS1901,11470,L02
2098,BSc Biomedical Sciences,GE1401,GE1401,11504,T90
2098,BSc Biomedical Sciences,GE1401,CHEM1200,11735,C02
2098,BSc Biomedical Sciences,GE1401,CHEM1300,11748,C02
2098,BSc Biomedical Sciences,GE1401,CHEM1300,11755,T01
2098,BSc Biomedical Sciences,GE1401,CHEM1300,12099,L03
2099,BSc Biomedical Sciences,GE1401,GE1501,10254,C06
2099,BSc Biomedical Sciences,GE1401,CHEM1200,11092,L02
2099,BSc Biomedical Sciences,GE1401,BMS1901,11330,C01
2099,BSc Biomedical Sciences,GE1401,BMS1901,11331,L01
2099,BSc Biomedical Sciences,GE1401,CHEM1200,11735,C02
2099,BSc Biomedical Sciences,GE1401,CHEM1300,11748,C02
2099,BSc Biomedical Sciences,GE1401,CHEM1300,11751,T04
2099,BSc Biomedical Sciences,GE1401,CHEM1300,12269,L04
2099,BSc Biomedical Sciences,GE1401,GE1401,15182,TC3
2100,BSc Biomedical Sciences,GE1401,GE1401,10689,T12
2100,BSc Biomedical Sciences,GE1401,CHEM1200,11295,L04
2100,BSc Biomedical Sciences,GE1401,BMS1901,11330,C01
2100,BSc Biomedical Sciences,GE1401,BMS1901,11470,L02
2100,BSc Biomedical Sciences,GE1401,CHEM1200,11735,C02
2100,BSc Biomedical Sciences,GE1401,CHEM1300,12268,CA1
2100,BSc Biomedical Sciences,GE1401,CHEM1300,12270,LA1
2100,BSc Biomedical Sciences,GE1401,CHEM1300,12271,TA1
2100,BSc Biomedical Sciences,GE1401,GE1501,12620,C15
2101,BSc Biomedical Sciences,GE1401,GE1501,10249,C02
2101,BSc Biomedical Sciences,GE1401,GE1401,10704,T29
2101,BSc Biomedical Sciences,GE1401,CHEM1200,11295,L04
2101,BSc Biomedical Sciences,GE1401,BMS1901,11330,C01
2101,BSc Biomedical Sciences,GE1401,BMS1901,11470,L02
2101,BSc Biomedical Sciences,GE1401,CHEM1200,11735,C02
2101,BSc Biomedical Sciences,GE1401,CHEM1300,12268,CA1
2101,BSc Biomedical Sciences,GE1401,CHEM1300,12270,LA1
2101,BSc Biomedical Sciences,GE1401,CHEM1300,12271,TA1
2102,BSc Biomedical Sciences,GE1401,GE1401,10357,T01
2102,BSc Biomedical Sciences,GE1401,GE1501,11157,CB1
2102,BSc Biomedical Sciences,GE1401,CHEM1200,11294,L03
2102,BSc Biomedical Sciences,GE1401,BMS1901,11330,C01
2102,BSc Biomedical Sciences,GE1401,BMS1901,11470,L02
2102,BSc Biomedical Sciences,GE1401,CHEM1200,11735,C02
2102,BSc Biomedical Sciences,GE1401,CHEM1300,11748,C02
2102,BSc Biomedical Sciences,GE1401,CHEM1300,11755,T01
2102,BSc Biomedical Sciences,GE1401,CHEM1300,12100,L01
2103,BSc Biomedical Sciences,GE1401,GE1401,10724,T57
2103,BSc Biomedical Sciences,GE1401,CHEM1200,11092,L02
2103,BSc Biomedical Sciences,GE1401,GE1501,11157,CB1
2103,BSc Biomedical Sciences,GE1401,BMS1901,11330,C01
2103,BSc Biomedical Sciences,GE1401,BMS1901,11331,L01
2103,BSc Biomedical Sciences,GE1401,CHEM1200,11735,C02
2103,BSc Biomedical Sciences,GE1401,CHEM1300,11748,C02
2103,BSc Biomedical Sciences,GE1401,CHEM1300,11751,T04
2103,BSc Biomedical Sciences,GE1401,CHEM1300,12100,L01
2104,BSc Biomedical Sciences,GE1401,GE1501,10249,C02
2104,BSc Biomedical Sciences,GE1401,GE1401,10730,T64
2104,BSc Biomedical Sciences,GE1401,BMS1901,11330,C01
2104,BSc Biomedical Sciences,GE1401,BMS1901,11331,L01
2104,BSc Biomedical Sciences,GE1401,CHEM1300,11748,C02
2104,BSc Biomedical Sciences,GE1401,CHEM1300,11756,T05
2104,BSc Biomedical Sciences,GE1401,CHEM1300,12099,L03
2104,BSc Biomedical Sciences,GE1401,CHEM1200,13869,CA1
2104,BSc Biomedical Sciences,GE1401,CHEM1200,13871,LA1
2105,BSc Biomedical Sciences,GE1401,GE1501,10254,C06
2105,BSc Biomedical Sciences,GE1401,CHEM1200,11092,L02
2105,BSc Biomedical Sciences,GE1401,BMS1901,11330,C01
2105,BSc Biomedical Sciences,GE1401,BMS1901,11331,L01
2105,BSc Biomedical Sciences,GE1401,CHEM1200,11735,C02
2105,BSc Biomedical Sciences,GE1401,CHEM1300,11748,C02
2105,BSc Biomedical Sciences,GE1401,CHEM1300,11751,T04
2105,BSc Biomedical Sciences,GE1401,CHEM1300,12269,L04
2105,BSc Biomedical Sciences,GE1401,GE1401,12399,T72
2106,BSc Biomedical Sciences,GE1401,GE1501,10254,C06
2106,BSc Biomedical Sciences,GE1401,CHEM1200,11092,L02
2106,BSc Biomedical Sciences,GE1401,BMS1901,11330,C01
2106,BSc Biomedical Sciences,GE1401,BMS1901,11331,L01
2106,BSc Biomedical Sciences,GE1401,CHEM1200,11735,C02
2106,BSc Biomedical Sciences,GE1401,CHEM1300,11748,C02
2106,BSc Biomedical Sciences,GE1401,CHEM1300,11751,T04
2106,BSc Biomedical Sciences,GE1401,CHEM1300,12100,L01
2106,BSc Biomedical Sciences,GE1401,GE1401,13571,T99
2107,BSc Biomedical Sciences,GE1401,GE1401,10689,T12
2107,BSc Biomedical Sciences,GE1401,CHEM1200,11295,L04
2107,BSc Biomedical Sciences,GE1401,BMS1901,11330,C01
2107,BSc Biomedical Sciences,GE1401,BMS1901,11470,L02
2107,BSc Biomedical Sciences,GE1401,CHEM1200,11735,C02
2107,BSc Biomedical Sciences,GE1401,CHEM1300,12268,CA1
2107,BSc Biomedical Sciences,GE1401,CHEM1300,12270,LA1
2107,BSc Biomedical Sciences,GE1401,CHEM1300,12271,TA1
2107,BSc Biomedical Sciences,GE1401,GE1501,12620,C15
2108,BSc Biomedical Sciences,GE1401,GE1401,10689,T12
2108,BSc Biomedical Sciences,GE1401,CHEM1200,11295,L04
2108,BSc Biomedical Sciences,GE1401,BMS1901,11330,C01
2108,BSc Biomedical Sciences,GE1401,BMS1901,11470,L02
2108,BSc Biomedical Sciences,GE1401,CHEM1200,11735,C02
2108,BSc Biomedical Sciences,GE1401,CHEM1300,12268,CA1
2108,BSc Biomedical Sciences,GE1401,CHEM1300,12270,LA1
2108,BSc Biomedical Sciences,GE1401,CHEM1300,12271,TA1
2108,BSc Biomedical Sciences,GE1401,GE1501,12620,C15
2109,BSc Biomedical Sciences,GE1401,GE1501,10254,C06
2109,BSc Biomedical Sciences,GE1401,CHEM1200,11092,L02
2109,BSc Biomedical Sciences,GE1401,BMS1901,11330,C01
2109,BSc Biomedical Sciences,GE1401,BMS1901,11331,L01
2109,BSc Biomedical Sciences,GE1401,CHEM1200,11735,C02
2109,BSc Biomedical Sciences,GE1401,CHEM1300,11748,C02
2109,BSc Biomedical Sciences,GE1401,CHEM1300,11751,T04
2109,BSc Biomedical Sciences,GE1401,CHEM1300,12269,L04
2109,BSc Biomedical Sciences,GE1401,GE1401,12399,T72
2110,BSc Biomedical Sciences,GE1401,CHEM1200,11092,L02
2110,BSc Biomedical Sciences,GE1401,GE1501,11157,CB1
2110,BSc Biomedical Sciences,GE1401,BMS1901,11330,C01
2110,BSc Biomedical Sciences,GE1401,BMS1901,11331,L01
2110,BSc Biomedical Sciences,GE1401,CHEM1200,11735,C02
2110,BSc Biomedical Sciences,GE1401,CHEM1300,11748,C02
2110,BSc Biomedical Sciences,GE1401,CHEM1300,11754,T03
2110,BSc Biomedical Sciences,GE1401,CHEM1300,12099,L03
2110,BSc Biomedical Sciences,GE1401,GE1401,13577,TB6
2111,BSc Biomedical Sciences,GE1401,GE1401,10689,T12
2111,BSc Biomedical Sciences,GE1401,CHEM1200,11295,L04
2111,BSc Biomedical Sciences,GE1401,BMS1901,11330,C01
2111,BSc Biomedical Sciences,GE1401,BMS1901,11470,L02
2111,BSc Biomedical Sciences,GE1401,CHEM1200,11735,C02
2111,BSc Biomedical Sciences,GE1401,CHEM1300,12268,CA1
2111,BSc Biomedical Sciences,GE1401,CHEM1300,12270,LA1
2111,BSc Biomedical Sciences,GE1401,CHEM1300,12271,TA1
2111,BSc Biomedical Sciences,GE1401,GE1501,12620,C15
2112,BSc Biomedical Sciences,GE1401,GE1501,10604,C09
2112,BSc Biomedical Sciences,GE1401,GE1401,10723,T56
2112,BSc Biomedical Sciences,GE1401,CHEM1200,11294,L03
2112,BSc Biomedical Sciences,GE1401,BMS1901,11330,C01
2112,BSc Biomedical Sciences,GE1401,BMS1901,11470,L02
2112,BSc Biomedical Sciences,GE1401,CHEM1200,11735,C02
2112,BSc Biomedical Sciences,GE1401,CHEM1300,11748,C02
2112,BSc Biomedical Sciences,GE1401,CHEM1300,11751,T04
2112,BSc Biomedical Sciences,GE1401,CHEM1300,12269,L04
2113,BSc Biomedical Sciences,GE1401,CHEM1200,11092,L02
2113,BSc Biomedical Sciences,GE1401,GE1501,11157,CB1
2113,BSc Biomedical Sciences,GE1401,BMS1901,11330,C01
2113,BSc Biomedical Sciences,GE1401,BMS1901,11331,L01
2113,BSc Biomedical Sciences,GE1401,CHEM1200,11735,C02
2113,BSc Biomedical Sciences,GE1401,CHEM1300,11748,C02
2113,BSc Biomedical Sciences,GE1401,CHEM1300,11754,T03
2113,BSc Biomedical Sciences,GE1401,CHEM1300,12099,L03
2113,BSc Biomedical Sciences,GE1401,GE1401,13577,TB6
2114,BSc Biomedical Sciences,GE1401,GE1501,10249,C02
2114,BSc Biomedical Sciences,GE1401,GE1401,10704,T29
2114,BSc Biomedical Sciences,GE1401,CHEM1200,11295,L04
2114,BSc Biomedical Sciences,GE1401,BMS1901,11330,C01
2114,BSc Biomedical Sciences,GE1401,BMS1901,11470,L02
2114,BSc Biomedical Sciences,GE1401,CHEM1200,11735,C02
2114,BSc Biomedical Sciences,GE1401,CHEM1300,12268,CA1
2114,BSc Biomedical Sciences,GE1401,CHEM1300,12270,LA1
2114,BSc Biomedical Sciences,GE1401,CHEM1300,12271,TA1
2115,BSc Biomedical Sciences,GE1401,GE1501,10254,C06
2115,BSc Biomedical Sciences,GE1401,CHEM1200,11092,L02
2115,BSc Biomedical Sciences,GE1401,BMS1901,11330,C01
2115,BSc Biomedical Sciences,GE1401,BMS1901,11331,L01
2115,BSc Biomedical Sciences,GE1401,CHEM1200,11735,C02
2115,BSc Biomedical Sciences,GE1401,CHEM1300,11748,C02
2115,BSc Biomedical Sciences,GE1401,CHEM1300,11751,T04
2115,BSc Biomedical Sciences,GE1401,CHEM1300,12269,L04
2115,BSc Biomedical Sciences,GE1401,GE1401,14270,TB7
2116,BSc Biomedical Sciences,GE1401,GE1501,10249,C02
2116,BSc Biomedical Sciences,GE1401,GE1401,10729,T63
2116,BSc Biomedical Sciences,GE1401,CHEM1200,11092,L02
2116,BSc Biomedical Sciences,GE1401,BMS1901,11330,C01
2116,BSc Biomedical Sciences,GE1401,BMS1901,11331,L01
2116,BSc Biomedical Sciences,GE1401,CHEM1200,11735,C02
2116,BSc Biomedical Sciences,GE1401,CHEM1300,12268,CA1
2116,BSc Biomedical Sciences,GE1401,CHEM1300,12270,LA1
2116,BSc Biomedical Sciences,GE1401,CHEM1300,12271,TA1
2117,BSc Biomedical Sciences,LC0200A,GE1501,10254,C06
2117,BSc Biomedical Sciences,LC0200A,LC0200A,10865,T05
2117,BSc Biomedical Sciences,LC0200A,CHEM1200,11092,L02
2117,BSc Biomedical Sciences,LC0200A,BMS1901,11330,C01
2117,BSc Biomedical Sciences,LC0200A,BMS1901,11331,L01
2117,BSc Biomedical Sciences,LC0200A,CHEM1200,11735,C02
2117,BSc Biomedical Sciences,LC0200A,CHEM1300,11748,C02
2117,BSc Biomedical Sciences,LC0200A,CHEM1300,11751,T04
2117,BSc Biomedical Sciences,LC0200A,CHEM1300,12269,L04
2118,BSc Biomedical Sciences,LC0200A,GE1501,10254,C06
2118,BSc Biomedical Sciences,LC0200A,CHEM1200,11294,L03
2118,BSc Biomedical Sciences,LC0200A,BMS1901,11330,C01
2118,BSc Biomedical Sciences,LC0200A,BMS1901,11470,L02
2118,BSc Biomedical Sciences,LC0200A,CHEM1200,11735,C02
2118,BSc Biomedical Sciences,LC0200A,CHEM1300,11748,C02
2118,BSc Biomedical Sciences,LC0200A,CHEM1300,11751,T04
2118,BSc Biomedical Sciences,LC0200A,CHEM1300,12100,L01
2118,BSc Biomedical Sciences,LC0200A,LC0200A,14950,T18
2119,BSc Biomedical Sciences,LC0200A,LC0200A,10865,T05
2119,BSc Biomedical Sciences,LC0200A,GE1501,11157,CB1
2119,BSc Biomedical Sciences,LC0200A,CHEM1200,11295,L04
2119,BSc Biomedical Sciences,LC0200A,BMS1901,11330,C01
2119,BSc Biomedical Sciences,LC0200A,BMS1901,11470,L02
2119,BSc Biomedical Sciences,LC0200A,CHEM1200,11735,C02
2119,BSc Biomedical Sciences,LC0200A,CHEM1300,11748,C02
2119,BSc Biomedical Sciences,LC0200A,CHEM1300,11751,T04
2119,BSc Biomedical Sciences,LC0200A,CHEM1300,12269,L04
2120,BSc Biomedical Sciences,LC0200A,LC0200A,10865,T05
2120,BSc Biomedical Sciences,LC0200A,GE1501,11157,CB1
2120,BSc Biomedical Sciences,LC0200A,CHEM1200,11295,L04
2120,BSc Biomedical Sciences,LC0200A,BMS1901,11330,C01
2120,BSc Biomedical Sciences,LC0200A,BMS1901,11470,L02
2120,BSc Biomedical Sciences,LC0200A,CHEM1200,11735,C02
2120,BSc Biomedical Sciences,LC0200A,CHEM1300,11748,C02
2120,BSc Biomedical Sciences,LC0200A,CHEM1300,11751,T04
2120,BSc Biomedical Sciences,LC0200A,CHEM1300,12269,L04
2121,BSc Biomedical Sciences,LC0200A,GE1501,10254,C06
2121,BSc Biomedical Sciences,LC0200A,LC0200A,10876,T07
2121,BSc Biomedical Sciences,LC0200A,CHEM1200,11294,L03
2121,BSc Biomedical Sciences,LC0200A,BMS1901,11330,C01
2121,BSc Biomedical Sciences,LC0200A,BMS1901,11470,L02
2121,BSc Biomedical Sciences,LC0200A,CHEM1200,11735,C02
2121,BSc Biomedical Sciences,LC0200A,CHEM1300,11748,C02
2121,BSc Biomedical Sciences,LC0200A,CHEM1300,11754,T03
2121,BSc Biomedical Sciences,LC0200A,CHEM1300,12100,L01
2122,BSc Biomedical Sciences,LC0200A,LC0200A,10865,T05
2122,BSc Biomedical Sciences,LC0200A,GE1501,11157,CB1
2122,BSc Biomedical Sciences,LC0200A,CHEM1200,11295,L04
2122,BSc Biomedical Sciences,LC0200A,BMS1901,11330,C01
2122,BSc Biomedical Sciences,LC0200A,BMS1901,11470,L02
2122,BSc Biomedical Sciences,LC0200A,CHEM1200,11735,C02
2122,BSc Biomedical Sciences,LC0200A,CHEM1300,11748,C02
2122,BSc Biomedical Sciences,LC0200A,CHEM1300,11751,T04
2122,BSc Biomedical Sciences,LC0200A,CHEM1300,12269,L04
2123,BSc Biomedical Sciences,LC0200A,GE1501,10254,C06
2123,BSc Biomedical Sciences,LC0200A,LC0200A,10876,T07
2123,BSc Biomedical Sciences,LC0200A,CHEM1200,11295,L04
2123,BSc Biomedical Sciences,LC0200A,BMS1901,11330,C01
2123,BSc Biomedical Sciences,LC0200A,BMS1901,11470,L02
2123,BSc Biomedical Sciences,LC0200A,CHEM1200,11735,C02
2123,BSc Biomedical Sciences,LC0200A,CHEM1300,11748,C02
2123,BSc Biomedical Sciences,LC0200A,CHEM1300,11755,T01
2123,BSc Biomedical Sciences,LC0200A,CHEM1300,12099,L03
2124,BSc Biomedical Sciences,LC0200A,GE1501,10254,C06
2124,BSc Biomedical Sciences,LC0200A,LC0200A,10893,T25
2124,BSc Biomedical Sciences,LC0200A,CHEM1200,11092,L02
2124,BSc Biomedical Sciences,LC0200A,BMS1901,11330,C01
2124,BSc Biomedical Sciences,LC0200A,BMS1901,11331,L01
2124,BSc Biomedical Sciences,LC0200A,CHEM1200,11735,C02
2124,BSc Biomedical Sciences,LC0200A,CHEM1300,11748,C02
2124,BSc Biomedical Sciences,LC0200A,CHEM1300,11754,T03
2124,BSc Biomedical Sciences,LC0200A,CHEM1300,12100,L01
2125,BSc Biomedical Sciences,LC0200A,GE1501,10254,C06
2125,BSc Biomedical Sciences,LC0200A,LC0200A,10876,T07
2125,BSc Biomedical Sciences,LC0200A,CHEM1200,11294,L03
2125,BSc Biomedical Sciences,LC0200A,BMS1901,11330,C01
2125,BSc Biomedical Sciences,LC0200A,BMS1901,11470,L02
2125,BSc Biomedical Sciences,LC0200A,CHEM1200,11735,C02
2125,BSc Biomedical Sciences,LC0200A,CHEM1300,11748,C02
2125,BSc Biomedical Sciences,LC0200A,CHEM1300,11754,T03
2125,BSc Biomedical Sciences,LC0200A,CHEM1300,12100,L01
2126,BSc Biomedical Sciences,LC0200A,GE1501,10254,C06
2126,BSc Biomedical Sciences,LC0200A,LC0200A,10876,T07
2126,BSc Biomedical Sciences,LC0200A,CHEM1200,11295,L04
2126,BSc Biomedical Sciences,LC0200A,BMS1901,11330,C01
2126,BSc Biomedical Sciences,LC0200A,BMS1901,11470,L02
2126,BSc Biomedical Sciences,LC0200A,CHEM1200,11735,C02
2126,BSc Biomedical Sciences,LC0200A,CHEM1300,11748,C02
2126,BSc Biomedical Sciences,LC0200A,CHEM1300,11755,T01
2126,BSc Biomedical Sciences,LC0200A,CHEM1300,12099,L03
2127,BSc Biomedical Sciences,LC0200A,GE1501,10254,C06
2127,BSc Biomedical Sciences,LC0200A,LC0200A,10876,T07
2127,BSc Biomedical Sciences,LC0200A,CHEM1200,11294,L03
2127,BSc Biomedical Sciences,LC0200A,BMS1901,11330,C01
2127,BSc Biomedical Sciences,LC0200A,BMS1901,11470,L02
2127,BSc Biomedical Sciences,LC0200A,CHEM1200,11735,C02
2127,BSc Biomedical Sciences,LC0200A,CHEM1300,11748,C02
2127,BSc Biomedical Sciences,LC0200A,CHEM1300,11754,T03
2127,BSc Biomedical Sciences,LC0200A,CHEM1300,12100,L01
2128,BSc Biomedical Sciences,LC0200A,GE1501,10254,C06
2128,BSc Biomedical Sciences,LC0200A,CHEM1200,11294,L03
2128,BSc Biomedical Sciences,LC0200A,BMS1901,11330,C01
2128,BSc Biomedical Sciences,LC0200A,BMS1901,11470,L02
2128,BSc Biomedical Sciences,LC0200A,CHEM1200,11735,C02
2128,BSc Biomedical Sciences,LC0200A,CHEM1300,11748,C02
2128,BSc Biomedical Sciences,LC0200A,CHEM1300,11751,T04
2128,BSc Biomedical Sciences,LC0200A,CHEM1300,12100,L01
2128,BSc Biomedical Sciences,LC0200A,LC0200A,14950,T18
2129,BSc Biomedical Sciences,LC0200A,GE1501,10254,C06
2129,BSc Biomedical Sciences,LC0200A,LC0200A,10876,T07
2129,BSc Biomedical Sciences,LC0200A,CHEM1200,11295,L04
2129,BSc Biomedical Sciences,LC0200A,BMS1901,11330,C01
2129,BSc Biomedical Sciences,LC0200A,BMS1901,11470,L02
2129,BSc Biomedical Sciences,LC0200A,CHEM1200,11735,C02
2129,BSc Biomedical Sciences,LC0200A,CHEM1300,11748,C02
2129,BSc Biomedical Sciences,LC0200A,CHEM1300,11754,T03
2129,BSc Biomedical Sciences,LC0200A,CHEM1300,12100,L01
2130,BSc Biomedical Sciences,LC0200A,GE1501,10254,C06
2130,BSc Biomedical Sciences,LC0200A,LC0200A,10876,T07
2130,BSc Biomedical Sciences,LC0200A,CHEM1200,11295,L04
2130,BSc Biomedical Sciences,LC0200A,BMS1901,11330,C01
2130,BSc Biomedical Sciences,LC0200A,BMS1901,11470,L02
2130,BSc Biomedical Sciences,LC0200A,CHEM1200,11735,C02
2130,BSc Biomedical Sciences,LC0200A,CHEM1300,11748,C02
2130,BSc Biomedical Sciences,LC0200A,CHEM1300,11755,T01
2130,BSc Biomedical Sciences,LC0200A,CHEM1300,12099,L03
2131,BSc Biomedical Sciences,LC0200A,LC0200A,10865,T05
2131,BSc Biomedical Sciences,LC0200A,GE1501,11157,CB1
2131,BSc Biomedical Sciences,LC0200A,CHEM1200,11295,L04
2131,BSc Biomedical Sciences,LC0200A,BMS1901,11330,C01
2131,BSc Biomedical Sciences,LC0200A,BMS1901,11470,L02
2131,BSc Biomedical Sciences,LC0200A,CHEM1200,11735,C02
2131,BSc Biomedical Sciences,LC0200A,CHEM1300,11748,C02
2131,BSc Biomedical Sciences,LC0200A,CHEM1300,11751,T04
2131,BSc Biomedical Sciences,LC0200A,CHEM1300,12269,L04
2132,Bachelor of Veterinary Medicine,GE1401,GE1401,10715,T45
2132,Bachelor of Veterinary Medicine,GE1401,VM2001,11078,C01
2132,Bachelor of Veterinary Medicine,GE1401,VM2001,11080,T01
2132,Bachelor of Veterinary Medicine,GE1401,VM2102,11412,L01
2132,Bachelor of Veterinary Medicine,GE1401,VM2102,11413,T01
2132,Bachelor of Veterinary Medicine,GE1401,VM2102,11414,C01
2133,Bachelor of Veterinary Medicine,GE1401,VM2001,11078,C01
2133,Bachelor of Veterinary Medicine,GE1401,VM2001,11080,T01
2133,Bachelor of Veterinary Medicine,GE1401,VM2102,11412,L01
2133,Bachelor of Veterinary Medicine,GE1401,VM2102,11413,T01
2133,Bachelor of Veterinary Medicine,GE1401,VM2102,11414,C01
2133,Bachelor of Veterinary Medicine,GE1401,GE1401,11507,T80
2134,Bachelor of Veterinary Medicine,GE1401,GE1401,10679,T02
2134,Bachelor of Veterinary Medicine,GE1401,VM2001,11078,C01
2134,Bachelor of Veterinary Medicine,GE1401,VM2001,11080,T01
2134,Bachelor of Veterinary Medicine,GE1401,VM2102,11412,L01
2134,Bachelor of Veterinary Medicine,GE1401,VM2102,11413,T01
2134,Bachelor of Veterinary Medicine,GE1401,VM2102,11414,C01
2135,Bachelor of Veterinary Medicine,GE1401,VM2001,11078,C01
2135,Bachelor of Veterinary Medicine,GE1401,VM2001,11080,T01
2135,Bachelor of Veterinary Medicine,GE1401,VM2102,11412,L01
2135,Bachelor of Veterinary Medicine,GE1401,VM2102,11413,T01
2135,Bachelor of Veterinary Medicine,GE1401,VM2102,11414,C01
2135,Bachelor of Veterinary Medicine,GE1401,GE1401,12397,T51
2136,Bachelor of Veterinary Medicine,GE1401,GE1401,10679,T02
2136,Bachelor of Veterinary Medicine,GE1401,VM2001,11078,C01
2136,Bachelor of Veterinary Medicine,GE1401,VM2001,11080,T01
2136,Bachelor of Veterinary Medicine,GE1401,VM2102,11412,L01
2136,Bachelor of Veterinary Medicine,GE1401,VM2102,11413,T01
2136,Bachelor of Veterinary Medicine,GE1401,VM2102,11414,C01
2137,Bachelor of Veterinary Medicine,GE1401,VM2001,11078,C01
2137,Bachelor of Veterinary Medicine,GE1401,VM2001,11080,T01
2137,Bachelor of Veterinary Medicine,GE1401,VM2102,11412,L01
2137,Bachelor of Veterinary Medicine,GE1401,VM2102,11413,T01
2137,Bachelor of Veterinary Medicine,GE1401,VM2102,11414,C01
2137,Bachelor of Veterinary Medicine,GE1401,GE1401,12397,T51
2138,Bachelor of Veterinary Medicine,GE1401,VM2001,11078,C01
2138,Bachelor of Veterinary Medicine,GE1401,VM2001,11080,T01
2138,Bachelor of Veterinary Medicine,GE1401,VM2102,11412,L01
2138,Bachelor of Veterinary Medicine,GE1401,VM2102,11413,T01
2138,Bachelor of Veterinary Medicine,GE1401,VM2102,11414,C01
2138,Bachelor of Veterinary Medicine,GE1401,GE1401,12397,T51
2139,Bachelor of Veterinary Medicine,GE1401,GE1401,10715,T45
2139,Bachelor of Veterinary Medicine,GE1401,VM2001,11078,C01
2139,Bachelor of Veterinary Medicine,GE1401,VM2001,11080,T01
2139,Bachelor of Veterinary Medicine,GE1401,VM2102,11412,L01
2139,Bachelor of Veterinary Medicine,GE1401,VM2102,11413,T01
2139,Bachelor of Veterinary Medicine,GE1401,VM2102,11414,C01
2140,Bachelor of Veterinary Medicine,GE1401,GE1401,10679,T02
2140,Bachelor of Veterinary Medicine,GE1401,VM2001,11078,C01
2140,Bachelor of Veterinary Medicine,GE1401,VM2001,11080,T01
2140,Bachelor of Veterinary Medicine,GE1401,VM2102,11412,L01
2140,Bachelor of Veterinary Medicine,GE1401,VM2102,11413,T01
2140,Bachelor of Veterinary Medicine,GE1401,VM2102,11414,C01
2141,Bachelor of Veterinary Medicine,GE1401,GE1401,10679,T02
2141,Bachelor of Veterinary Medicine,GE1401,VM2001,11078,C01
2141,Bachelor of Veterinary Medicine,GE1401,VM2001,11080,T01
2141,Bachelor of Veterinary Medicine,GE1401,VM2102,11412,L01
2141,Bachelor of Veterinary Medicine,GE1401,VM2102,11413,T01
2141,Bachelor of Veterinary Medicine,GE1401,VM2102,11414,C01
2142,Bachelor of Veterinary Medicine,GE1401,GE1401,10715,T45
2142,Bachelor of Veterinary Medicine,GE1401,VM2001,11078,C01
2142,Bachelor of Veterinary Medicine,GE1401,VM2001,11080,T01
2142,Bachelor of Veterinary Medicine,GE1401,VM2102,11412,L01
2142,Bachelor of Veterinary Medicine,GE1401,VM2102,11413,T01
2142,Bachelor of Veterinary Medicine,GE1401,VM2102,11414,C01
2143,Bachelor of Veterinary Medicine,GE1401,GE1401,10715,T45
2143,Bachelor of Veterinary Medicine,GE1401,VM2001,11078,C01
2143,Bachelor of Veterinary Medicine,GE1401,VM2001,11080,T01
2143,Bachelor of Veterinary Medicine,GE1401,VM2102,11412,L01
2143,Bachelor of Veterinary Medicine,GE1401,VM2102,11413,T01
2143,Bachelor of Veterinary Medicine,GE1401,VM2102,11414,C01
2144,Bachelor of Veterinary Medicine,LC0200A,LC0200A,10862,T02
2144,Bachelor of Veterinary Medicine,LC0200A,VM2001,11078,C01
2144,Bachelor of Veterinary Medicine,LC0200A,VM2001,11080,T01
2144,Bachelor of Veterinary Medicine,LC0200A,VM2102,11412,L01
2144,Bachelor of Veterinary Medicine,LC0200A,VM2102,11413,T01
2144,Bachelor of Veterinary Medicine,LC0200A,VM2102,11414,C01
2145,Bachelor of Veterinary Medicine,LC0200A,LC0200A,10862,T02
2145,Bachelor of Veterinary Medicine,LC0200A,VM2001,11078,C01
2145,Bachelor of Veterinary Medicine,LC0200A,VM2001,11080,T01
2145,Bachelor of Veterinary Medicine,LC0200A,VM2102,11412,L01
2145,Bachelor of Veterinary Medicine,LC0200A,VM2102,11413,T01
2145,Bachelor of Veterinary Medicine,LC0200A,VM2102,11414,C01
2146,Bachelor of Veterinary Medicine,LC0200A,LC0200A,10862,T02
2146,Bachelor of Veterinary Medicine,LC0200A,VM2001,11078,C01
2146,Bachelor of Veterinary Medicine,LC0200A,VM2001,11080,T01
2146,Bachelor of Veterinary Medicine,LC0200A,VM2102,11412,L01
2146,Bachelor of Veterinary Medicine,LC0200A,VM2102,11413,T01
2146,Bachelor of Veterinary Medicine,LC0200A,VM2102,11414,C01
2147,Bachelor of Veterinary Medicine,LC0200A,LC0200A,10862,T02
2147,Bachelor of Veterinary Medicine,LC0200A,VM2001,11078,C01
2147,Bachelor of Veterinary Medicine,LC0200A,VM2001,11080,T01
2147,Bachelor of Veterinary Medicine,LC0200A,VM2102,11412,L01
2147,Bachelor of Veterinary Medicine,LC0200A,VM2102,11413,T01
2147,Bachelor of Veterinary Medicine,LC0200A,VM2102,11414,C01
2148,Bachelor of Veterinary Medicine,LC0200A,LC0200A,10862,T02
2148,Bachelor of Veterinary Medicine,LC0200A,VM2001,11078,C01
2148,Bachelor of Veterinary Medicine,LC0200A,VM2001,11080,T01
2148,Bachelor of Veterinary Medicine,LC0200A,VM2102,11412,L01
2148,Bachelor of Veterinary Medicine,LC0200A,VM2102,11413,T01
2148,Bachelor of Veterinary Medicine,LC0200A,VM2102,11414,C01
2149,BA English,GE1401,EN2714,10513,T01
2149,BA English,GE1401,GE1401,11496,T79
2150,BA English,GE1401,EN2714,10513,T01
2150,BA English,GE1401,GE1401,10689,T12
2151,BA English,GE1401,EN2714,10513,T01
2151,BA English,GE1401,GE1401,10719,T52
2152,BA English,GE1401,EN2714,10513,T01
2152,BA English,GE1401,GE1401,10685,T08
2153,BA English,GE1401,EN2714,10513,T01
2153,BA English,GE1401,GE1401,13577,TB6
2154,BA English,GE1401,EN2714,10513,T01
2154,BA English,GE1401,GE1401,10685,T08
2155,BA English,GE1401,EN2714,10513,T01
2155,BA English,GE1401,GE1401,10724,T57
2156,BA English,GE1401,EN2714,10513,T01
2156,BA English,GE1401,GE1401,10719,T52
2157,BA English,GE1401,EN2714,10513,T01
2157,BA English,GE1401,GE1401,10719,T52
2158,BA English,GE1401,EN2714,10513,T01
2158,BA English,GE1401,GE1401,10719,T52
2159,BA English,GE1401,EN2714,10513,T01
2159,BA English,GE1401,GE1401,10694,T17
2160,BA English,GE1401,EN2714,10513,T01
2160,BA English,GE1401,GE1401,15182,TC3
2161,BA English,GE1401,EN2714,10513,T01
2161,BA English,GE1401,GE1401,12127,T84
2162,BA English,GE1401,EN2714,10513,T01
2162,BA English,GE1401,GE1401,10685,T08
2163,BA English,GE1401,EN2714,10513,T01
2163,BA English,GE1401,GE1401,10694,T17
2164,BA English,GE1401,EN2714,10513,T01
2164,BA English,GE1401,GE1401,10707,T32
2165,BA English,GE1401,EN2714,10513,T01
2165,BA English,GE1401,GE1401,10707,T32
2166,BA English,GE1401,EN2714,10513,T01
2166,BA English,GE1401,GE1401,12122,T35
2167,BA English,GE1401,EN2714,10513,T01
2167,BA English,GE1401,GE1401,10689,T12
2168,BA English,GE1401,EN2714,10513,T01
2168,BA English,GE1401,GE1401,10685,T08
2169,BA English,GE1401,EN2714,10513,T01
2169,BA English,GE1401,GE1401,13577,TB6
2170,BA English,GE1401,EN2714,10513,T01
2170,BA English,GE1401,GE1401,10721,T54
2171,BA English,GE1401,EN2714,10513,T01
2171,BA English,GE1401,GE1401,13577,TB6
2172,BA English,GE1401,EN2714,10513,T01
2172,BA English,GE1401,GE1401,10685,T08
2173,BA English,GE1401,EN2714,10513,T01
2173,BA English,GE1401,GE1401,10685,T08
2174,BA English,LC0200A,EN2714,10513,T01
2174,BA English,LC0200A,LC0200A,10877,T08
2175,BA English,LC0200A,EN2714,10513,T01
2175,BA English,LC0200A,LC0200A,11030,T31
2176,BA English,LC0200A,EN2714,10513,T01
2176,BA English,LC0200A,LC0200A,10877,T08
2177,BA English,LC0200A,EN2714,10513,T01
2177,BA English,LC0200A,LC0200A,10865,T05
2178,BA English,LC0200A,EN2714,10513,T01
2178,BA English,LC0200A,LC0200A,11030,T31
2179,BA English,LC0200A,EN2714,10513,T01
2179,BA English,LC0200A,LC0200A,10865,T05
2180,BA English,LC0200A,EN2714,10513,T01
2180,BA English,LC0200A,LC0200A,10882,T13
2181,BA English,LC0200A,EN2714,10513,T01
2181,BA English,LC0200A,LC0200A,10885,T16
2182,BA English,LC0200A,EN2714,10513,T01
2182,BA English,LC0200A,LC0200A,10865,T05
2183,BA English,LC0200A,EN2714,10513,T01
2183,BA English,LC0200A,LC0200A,10877,T08
2184,BA Chinese and History,GE1401,CAH2610,11008,C02
2184,BA Chinese and History,GE1401,CAH2614,11920,CA1
2184,BA Chinese and History,GE1401,GE1401,12122,T35
2185,BA Chinese and History,GE1401,GE1401,10689,T12
2185,BA Chinese and History,GE1401,CAH2610,11008,C02
2185,BA Chinese and History,GE1401,CAH2614,12503,CB1
2186,BA Chinese and History,GE1401,GE1401,10719,T52
2186,BA Chinese and History,GE1401,CAH2610,11008,C02
2186,BA Chinese and History,GE1401,CAH2614,11920,CA1
2187,BA Chinese and History,GE1401,CAH2610,11008,C02
2187,BA Chinese and History,GE1401,CAH2614,11920,CA1
2187,BA Chinese and History,GE1401,GE1401,13572,TB1
2188,BA Chinese and History,GE1401,CAH2610,11008,C02
2188,BA Chinese and History,GE1401,GE1401,11498,T83
2188,BA Chinese and History,GE1401,CAH2614,11920,CA1
2189,BA Chinese and History,GE1401,GE1401,10729,T63
2189,BA Chinese and History,GE1401,CAH2610,11008,C02
2189,BA Chinese and History,GE1401,CAH2614,11920,CA1
2190,BA Chinese and History,GE1401,GE1401,10719,T52
2190,BA Chinese and History,GE1401,CAH2610,11008,C02
2190,BA Chinese and History,GE1401,CAH2614,11920,CA1
2191,BA Chinese and History,GE1401,GE1401,10719,T52
2191,BA Chinese and History,GE1401,CAH2610,11008,C02
2191,BA Chinese and History,GE1401,CAH2614,11920,CA1
2192,BA Chinese and History,GE1401,GE1401,10689,T12
2192,BA Chinese and History,GE1401,CAH2610,11008,C02
2192,BA Chinese and History,GE1401,CAH2614,11920,CA1
2193,BA Chinese and History,GE1401,GE1401,10723,T56
2193,BA Chinese and History,GE1401,CAH2610,11008,C02
2193,BA Chinese and History,GE1401,CAH2614,12503,CB1
2194,BA Chinese and History,GE1401,GE1401,10729,T63
2194,BA Chinese and History,GE1401,CAH2610,11008,C02
2194,BA Chinese and History,GE1401,CAH2614,11920,CA1
2195,BA Chinese and History,GE1401,CAH2610,11008,C02
2195,BA Chinese and History,GE1401,CAH2614,11920,CA1
2195,BA Chinese and History,GE1401,GE1401,12122,T35
2196,BA Chinese and History,GE1401,GE1401,10719,T52
2196,BA Chinese and History,GE1401,CAH2610,11008,C02
2196,BA Chinese and History,GE1401,CAH2614,11920,CA1
2197,BA Chinese and History,GE1401,GE1401,10694,T17
2197,BA Chinese and History,GE1401,CAH2610,11008,C02
2197,BA Chinese and History,GE1401,CAH2614,11920,CA1
2198,BA Chinese and History,GE1401,GE1401,10689,T12
2198,BA Chinese and History,GE1401,CAH2610,11008,C02
2198,BA Chinese and History,GE1401,CAH2614,12503,CB1
2199,BA Chinese and History,GE1401,GE1401,10719,T52
2199,BA Chinese and History,GE1401,CAH2610,11008,C02
2199,BA Chinese and History,GE1401,CAH2614,11920,CA1
2200,BA Chinese and History,GE1401,GE1401,10689,T12
2200,BA Chinese and History,GE1401,CAH2610,11008,C02
2200,BA Chinese and History,GE1401,CAH2614,12503,CB1
2201,BA Chinese and History,GE1401,GE1401,10707,T32
2201,BA Chinese and History,GE1401,CAH2610,11008,C02
2201,BA Chinese and History,GE1401,CAH2614,11920,CA1
2202,BA Chinese and History,GE1401,GE1401,10723,T56
2202,BA Chinese and History,GE1401,CAH2610,11008,C02
2202,BA Chinese and History,GE1401,CAH2614,12503,CB1
2203,BA Chinese and History,GE1401,CAH2610,11008,C02
2203,BA Chinese and History,GE1401,CAH2614,11920,CA1
2203,BA Chinese and History,GE1401,GE1401,13572,TB1
2204,BA Chinese and History,GE1401,CAH2610,11008,C02
2204,BA Chinese and History,GE1401,GE1401,11498,T83
2204,BA Chinese and History,GE1401,CAH2614,11920,CA1
2205,BA Chinese and History,GE1401,CAH2610,11008,C02
2205,BA Chinese and History,GE1401,CAH2614,11920,CA1
2205,BA Chinese and History,GE1401,GE1401,15182,TC3
2206,BA Chinese and History,GE1401,GE1401,10719,T52
2206,BA Chinese and History,GE1401,CAH2610,11008,C02
2206,BA Chinese and History,GE1401,CAH2614,11920,CA1
2207,BA Chinese and History,GE1401,GE1401,10719,T52
2207,BA Chinese and History,GE1401,CAH2610,11008,C02
2207,BA Chinese and History,GE1401,CAH2614,11920,CA1
2208,BA Chinese and History,GE1401,GE1401,10724,T57
2208,BA Chinese and History,GE1401,CAH2610,11008,C02
2208,BA Chinese and History,GE1401,CAH2614,11920,CA1
2209,BA Chinese and History,GE1401,CAH2610,11008,C02
2209,BA Chinese and History,GE1401,CAH2614,11920,CA1
2209,BA Chinese and History,GE1401,GE1401,12122,T35
2210,BA Chinese and History,GE1401,CAH2610,11008,C02
2210,BA Chinese and History,GE1401,CAH2614,11920,CA1
2210,BA Chinese and History,GE1401,GE1401,12127,T84
2211,BA Chinese and History,GE1401,CAH2610,11008,C02
2211,BA Chinese and History,GE1401,CAH2614,12503,CB1
2211,BA Chinese and History,GE1401,GE1401,12735,T74
2212,BA Chinese and History,GE1401,CAH2610,11008,C02
2212,BA Chinese and History,GE1401,CAH2614,11920,CA1
2212,BA Chinese and History,GE1401,GE1401,15182,TC3
2213,BA Chinese and History,GE1401,GE1401,10719,T52
2213,BA Chinese and History,GE1401,CAH2610,11008,C02
2213,BA Chinese and History,GE1401,CAH2614,11920,CA1
2214,BA Chinese and History,GE1401,GE1401,10689,T12
2214,BA Chinese and History,GE1401,CAH2610,11008,C02
2214,BA Chinese and History,GE1401,CAH2614,11920,CA1
2215,BA Chinese and History,GE1401,GE1401,10719,T52
2215,BA Chinese and History,GE1401,CAH2610,11008,C02
2215,BA Chinese and History,GE1401,CAH2614,11920,CA1
2216,BA Chinese and History,GE1401,GE1401,10719,T52
2216,BA Chinese and History,GE1401,CAH2610,11008,C02
2216,BA Chinese and History,GE1401,CAH2614,11920,CA1
2217,BA Chinese and History,LC0200A,CAH2610,11008,C02
2217,BA Chinese and History,LC0200A,LC0200A,11449,T34
2217,BA Chinese and History,LC0200A,CAH2614,11920,CA1
2218,BA Chinese and History,LC0200A,LC0200A,10897,T29
2218,BA Chinese and History,LC0200A,CAH2610,11008,C02
2218,BA Chinese and History,LC0200A,CAH2614,11920,CA1
2219,BA Chinese and History,LC0200A,LC0200A,10878,T09
2219,BA Chinese and History,LC0200A,CAH2610,11008,C02
2219,BA Chinese and History,LC0200A,CAH2614,12503,CB1
2220,BA Chinese and History,LC0200A,CAH2610,11008,C02
2220,BA Chinese and History,LC0200A,CAH2614,12503,CB1
2220,BA Chinese and History,LC0200A,LC0200A,14950,T18
2221,BA Chinese and History,LC0200A,LC0200A,10878,T09
2221,BA Chinese and History,LC0200A,CAH2610,11008,C02
2221,BA Chinese and History,LC0200A,CAH2614,12503,CB1
2222,BA Chinese and History,LC0200A,CAH2610,11008,C02
2222,BA Chinese and History,LC0200A,CAH2614,12503,CB1
2222,BA Chinese and History,LC0200A,LC0200A,14950,T18
2223,BA Chinese and History,LC0200A,LC0200A,10897,T29
2223,BA Chinese and History,LC0200A,CAH2610,11008,C02
2223,BA Chinese and History,LC0200A,CAH2614,11920,CA1
2224,BA Chinese and History,LC0200A,LC0200A,10878,T09
2224,BA Chinese and History,LC0200A,CAH2610,11008,C02
2224,BA Chinese and History,LC0200A,CAH2614,11920,CA1
2225,BA Chinese and History,LC0200A,LC0200A,10880,T11
2225,BA Chinese and History,LC0200A,CAH2610,11008,C02
2225,BA Chinese and History,LC0200A,CAH2614,11920,CA1
2226,BA Chinese and History,LC0200A,LC0200A,10878,T09
2226,BA Chinese and History,LC0200A,CAH2610,11008,C02
2226,BA Chinese and History,LC0200A,CAH2614,12503,CB1
2227,BA Chinese and History,LC0200A,LC0200A,10878,T09
2227,BA Chinese and History,LC0200A,CAH2610,11008,C02
2227,BA Chinese and History,LC0200A,CAH2614,12503,CB1
2228,BA Chinese and History,LC0200A,LC0200A,10878,T09
2228,BA Chinese and History,LC0200A,CAH2610,11008,C02
2228,BA Chinese and History,LC0200A,CAH2614,11920,CA1
2229,BA Chinese and History,LC0200A,LC0200A,10897,T29
2229,BA Chinese and History,LC0200A,CAH2610,11008,C02
2229,BA Chinese and History,LC0200A,CAH2614,11920,CA1
2230,BA Chinese and History,LC0200A,LC0200A,10881,T12
2230,BA Chinese and History,LC0200A,CAH2610,11008,C02
2230,BA Chinese and History,LC0200A,CAH2614,11920,CA1
2231,BA Chinese and History,LC0200A,LC0200A,10885,T16
2231,BA Chinese and History,LC0200A,CAH2610,11008,C02
2231,BA Chinese and History,LC0200A,CAH2614,11920,CA1
2232,BA Linguistics and Language Applications,GE1401,LT1101,11475,CC1
2232,BA Linguistics and Language Applications,GE1401,GE1501,12619,C14
2232,BA Linguistics and Language Applications,GE1401,GE1401,13573,TB2
2233,BA Linguistics and Language Applications,GE1401,GE1401,11504,T90
2233,BA Linguistics and Language Applications,GE1401,GE1501,12619,C14
2233,BA Linguistics and Language Applications,GE1401,LT1101,15755,CF1
2234,BA Linguistics and Language Applications,GE1401,LT1101,10838,CA1
2234,BA Linguistics and Language Applications,GE1401,GE1401,12399,T72
2234,BA Linguistics and Language Applications,GE1401,GE1501,12619,C14
2235,BA Linguistics and Language Applications,GE1401,GE1501,10254,C06
2235,BA Linguistics and Language Applications,GE1401,GE1401,10724,T57
2235,BA Linguistics and Language Applications,GE1401,LT1101,10838,CA1
2236,BA Linguistics and Language Applications,GE1401,GE1401,12398,T70
2236,BA Linguistics and Language Applications,GE1401,GE1501,12619,C14
2236,BA Linguistics and Language Applications,GE1401,LT1101,15755,CF1
2237,BA Linguistics and Language Applications,GE1401,GE1401,10724,T57
2237,BA Linguistics and Language Applications,GE1401,LT1101,10838,CA1
2237,BA Linguistics and Language Applications,GE1401,GE1501,12618,C13
2238,BA Linguistics and Language Applications,GE1401,GE1401,10685,T08
2238,BA Linguistics and Language Applications,GE1401,GE1501,12619,C14
2238,BA Linguistics and Language Applications,GE1401,LT1101,15755,CF1
2239,BA Linguistics and Language Applications,GE1401,LT1101,11475,CC1
2239,BA Linguistics and Language Applications,GE1401,GE1501,12619,C14
2239,BA Linguistics and Language Applications,GE1401,GE1401,14271,TB8
2240,BA Linguistics and Language Applications,GE1401,GE1401,12398,T70
2240,BA Linguistics and Language Applications,GE1401,GE1501,12619,C14
2240,BA Linguistics and Language Applications,GE1401,LT1101,15755,CF1
2241,BA Linguistics and Language Applications,GE1401,LT1101,11475,CC1
2241,BA Linguistics and Language Applications,GE1401,GE1501,12619,C14
2241,BA Linguistics and Language Applications,GE1401,GE1401,14271,TB8
2242,BA Linguistics and Language Applications,GE1401,GE1501,10604,C09
2242,BA Linguistics and Language Applications,GE1401,LT1101,10838,CA1
2242,BA Linguistics and Language Applications,GE1401,GE1401,15602,T58
2243,BA Linguistics and Language Applications,GE1401,LT1101,10838,CA1
2243,BA Linguistics and Language Applications,GE1401,GE1501,12619,C14
2243,BA Linguistics and Language Applications,GE1401,GE1401,14270,TB7
2244,BA Linguistics and Language Applications,GE1401,LT1101,10838,CA1
2244,BA Linguistics and Language Applications,GE1401,GE1501,12619,C14
2244,BA Linguistics and Language Applications,GE1401,GE1401,15182,TC3
2245,BA Linguistics and Language Applications,GE1401,GE1501,10249,C02
2245,BA Linguistics and Language Applications,GE1401,GE1401,10730,T64
2245,BA Linguistics and Language Applications,GE1401,LT1101,10838,CA1
2246,BA Linguistics and Language Applications,GE1401,LT1101,11475,CC1
2246,BA Linguistics and Language Applications,GE1401,GE1501,12619,C14
2246,BA Linguistics and Language Applications,GE1401,GE1401,13573,TB2
2247,BA Linguistics and Language Applications,GE1401,GE1501,10249,C02
2247,BA Linguistics and Language Applications,GE1401,LT1101,10838,CA1
2247,BA Linguistics and Language Applications,GE1401,GE1401,11507,T80
2248,BA Linguistics and Language Applications,GE1401,GE1501,10604,C09
2248,BA Linguistics and Language Applications,GE1401,LT1101,10838,CA1
2248,BA Linguistics and Language Applications,GE1401,GE1401,11505,T93
2249,BA Linguistics and Language Applications,GE1401,LT1101,10838,CA1
2249,BA Linguistics and Language Applications,GE1401,GE1401,12399,T72
2249,BA Linguistics and Language Applications,GE1401,GE1501,12619,C14
2250,BA Linguistics and Language Applications,GE1401,GE1501,10254,C06
2250,BA Linguistics and Language Applications,GE1401,GE1401,10724,T57
2250,BA Linguistics and Language Applications,GE1401,LT1101,10838,CA1
2251,BA Linguistics and Language Applications,GE1401,LT1101,11475,CC1
2251,BA Linguistics and Language Applications,GE1401,GE1501,12619,C14
2251,BA Linguistics and Language Applications,GE1401,GE1401,13573,TB2
2252,BA Linguistics and Language Applications,GE1401,LT1101,11475,CC1
2252,BA Linguistics and Language Applications,GE1401,GE1501,12619,C14
2252,BA Linguistics and Language Applications,GE1401,GE1401,13573,TB2
2253,BA Linguistics and Language Applications,GE1401,LT1101,10838,CA1
2253,BA Linguistics and Language Applications,GE1401,GE1501,12619,C14
2253,BA Linguistics and Language Applications,GE1401,GE1401,14270,TB7
2254,BA Linguistics and Language Applications,GE1401,GE1401,10705,T30
2254,BA Linguistics and Language Applications,GE1401,LT1101,11475,CC1
2254,BA Linguistics and Language Applications,GE1401,GE1501,12619,C14
2255,BA Linguistics and Language Applications,GE1401,LT1101,10838,CA1
2255,BA Linguistics and Language Applications,GE1401,GE1501,12619,C14
2255,BA Linguistics and Language Applications,GE1401,GE1401,15182,TC3
2256,BA Linguistics and Language Applications,GE1401,LT1101,11475,CC1
2256,BA Linguistics and Language Applications,GE1401,GE1401,12124,T49
2256,BA Linguistics and Language Applications,GE1401,GE1501,12619,C14
2257,BA Linguistics and Language Applications,GE1401,LT1101,10838,CA1
2257,BA Linguistics and Language Applications,GE1401,GE1501,12619,C14
2257,BA Linguistics and Language Applications,GE1401,GE1401,15182,TC3
2258,BA Linguistics and Language Applications,LC0200A,GE1501,12619,C14
2258,BA Linguistics and Language Applications,LC0200A,LC0200A,14950,T18
2258,BA Linguistics and Language Applications,LC0200A,LT1101,15755,CF1
2259,BA Linguistics and Language Applications,LC0200A,LC0200A,10863,T03
2259,BA Linguistics and Language Applications,LC0200A,GE1501,12618,C13
2259,BA Linguistics and Language Applications,LC0200A,LT1101,15755,CF1
2260,BA Linguistics and Language Applications,LC0200A,LC0200A,10863,T03
2260,BA Linguistics and Language Applications,LC0200A,GE1501,12618,C13
2260,BA Linguistics and Language Applications,LC0200A,LT1101,15755,CF1
2261,BA Linguistics and Language Applications,LC0200A,LC0200A,10863,T03
2261,BA Linguistics and Language Applications,LC0200A,GE1501,12618,C13
2261,BA Linguistics and Language Applications,LC0200A,LT1101,15755,CF1
2262,BA Linguistics and Language Applications,LC0200A,LT1101,10838,CA1
2262,BA Linguistics and Language Applications,LC0200A,LC0200A,10877,T08
2262,BA Linguistics and Language Applications,LC0200A,GE1501,12619,C14
2263,BA Linguistics and Language Applications,LC0200A,LT1101,10838,CA1
2263,BA Linguistics and Language Applications,LC0200A,LC0200A,10877,T08
2263,BA Linguistics and Language Applications,LC0200A,GE1501,12622,C16
2264,BA Linguistics and Language Applications,LC0200A,LT1101,10838,CA1
2264,BA Linguistics and Language Applications,LC0200A,LC0200A,10894,T26
2264,BA Linguistics and Language Applications,LC0200A,GE1501,12513,C10
2265,BA Linguistics and Language Applications,LC0200A,LC0200A,10863,T03
2265,BA Linguistics and Language Applications,LC0200A,GE1501,12618,C13
2265,BA Linguistics and Language Applications,LC0200A,LT1101,15755,CF1
2266,BA Linguistics and Language Applications,LC0200A,LC0200A,10865,T05
2266,BA Linguistics and Language Applications,LC0200A,LT1101,11475,CC1
2266,BA Linguistics and Language Applications,LC0200A,GE1501,12619,C14
2267,BA Linguistics and Language Applications,LC0200A,LC0200A,10865,T05
2267,BA Linguistics and Language Applications,LC0200A,LT1101,11475,CC1
2267,BA Linguistics and Language Applications,LC0200A,GE1501,12619,C14
2268,BA Linguistics and Language Applications,LC0200A,LT1101,10838,CA1
2268,BA Linguistics and Language Applications,LC0200A,LC0200A,10877,T08
2268,BA Linguistics and Language Applications,LC0200A,GE1501,12622,C16
2269,BA Linguistics and Language Applications,LC0200A,LC0200A,10863,T03
2269,BA Linguistics and Language Applications,LC0200A,GE1501,12618,C13
2269,BA Linguistics and Language Applications,LC0200A,LT1101,15755,CF1
2270,BA Media and Communication,GE1401,COM2105,11637,CD1
2270,BA Media and Communication,GE1401,GE1401,15182,TC3
2271,BA Media and Communication,GE1401,GE1401,10721,T54
2271,BA Media and Communication,GE1401,COM2105,11637,CD1
2272,BA Media and Communication,GE1401,COM2105,11637,CD1
2272,BA Media and Communication,GE1401,GE1401,15602,T58
2273,BA Media and Communication,GE1401,COM2105,11637,CD1
2273,BA Media and Communication,GE1401,GE1401,12119,T18
2274,BA Media and Communication,GE1401,GE1401,10721,T54
2274,BA Media and Communication,GE1401,COM2105,11637,CD1
2275,BA Media and Communication,GE1401,GE1401,10685,T08
2275,BA Media and Communication,GE1401,COM2105,11637,CD1
2276,BA Media and Communication,GE1401,GE1401,11494,T76
2276,BA Media and Communication,GE1401,COM2105,11637,CD1
2277,BA Media and Communication,GE1401,GE1401,10694,T17
2277,BA Media and Communication,GE1401,COM2105,11637,CD1
2278,BA Media and Communication,GE1401,GE1401,10687,T10
2278,BA Media and Communication,GE1401,COM2105,11637,CD1
2279,BA Media and Communication,GE1401,COM2105,11637,CD1
2279,BA Media and Communication,GE1401,GE1401,12127,T84
2280,BA Media and Communication,GE1401,COM2105,11637,CD1
2280,BA Media and Communication,GE1401,GE1401,15205,TC5
2281,BA Media and Communication,GE1401,COM2105,11637,CD1
2281,BA Media and Communication,GE1401,GE1401,15602,T58
2282,BA Media and Communication,GE1401,COM2105,11637,CD1
2282,BA Media and Communication,GE1401,GE1401,12119,T18
2283,BA Media and Communication,GE1401,GE1401,10687,T10
2283,BA Media and Communication,GE1401,COM2105,11637,CD1
2284,BA Media and Communication,GE1401,GE1401,10685,T08
2284,BA Media and Communication,GE1401,COM2105,11637,CD1
2285,BA Media and Communication,GE1401,COM2105,11637,CD1
2285,BA Media and Communication,GE1401,GE1401,12122,T35
2286,BA Media and Communication,GE1401,COM2105,11637,CD1
2286,BA Media and Communication,GE1401,GE1401,12122,T35
2287,BA Media and Communication,GE1401,GE1401,11505,T93
2287,BA Media and Communication,GE1401,COM2105,11637,CD1
2288,BA Media and Communication,GE1401,GE1401,10687,T10
2288,BA Media and Communication,GE1401,COM2105,11637,CD1
2289,BA Media and Communication,GE1401,GE1401,10685,T08
2289,BA Media and Communication,GE1401,COM2105,11637,CD1
2290,BA Media and Communication,GE1401,COM2105,11637,CD1
2290,BA Media and Communication,GE1401,GE1401,13572,TB1
2291,BA Media and Communication,GE1401,GE1401,11496,T79
2291,BA Media and Communication,GE1401,COM2105,11637,CD1
2292,BA Media and Communication,GE1401,COM2105,11637,CD1
2292,BA Media and Communication,GE1401,GE1401,15602,T58
2293,BA Media and Communication,GE1401,GE1401,10687,T10
2293,BA Media and Communication,GE1401,COM2105,11637,CD1
2294,BA Media and Communication,GE1401,GE1401,10685,T08
2294,BA Media and Communication,GE1401,COM2105,11637,CD1
2295,BA Media and Communication,GE1401,COM2105,11637,CD1
2295,BA Media and Communication,GE1401,GE1401,13572,TB1
2296,BA Media and Communication,GE1401,GE1401,11498,T83
2296,BA Media and Communication,GE1401,COM2105,11637,CD1
2297,BA Media and Communication,GE1401,COM2105,11637,CD1
2297,BA Media and Communication,GE1401,GE1401,15205,TC5
2298,BA Media and Communication,GE1401,GE1401,11504,T90
2298,BA Media and Communication,GE1401,COM2105,11637,CD1
2299,BA Media and Communication,GE1401,COM2105,11637,CD1
2299,BA Media and Communication,GE1401,GE1401,15182,TC3
2300,BA Media and Communication,GE1401,COM2105,11637,CD1
2300,BA Media and Communication,GE1401,GE1401,13572,TB1
2301,BA Media and Communication,GE1401,GE1401,11496,T79
2301,BA Media and Communication,GE1401,COM2105,11637,CD1
2302,BA Media and Communication,GE1401,GE1401,10687,T10
2302,BA Media and Communication,GE1401,COM2105,11637,CD1
2303,BA Media and Communication,GE1401,GE1401,11504,T90
2303,BA Media and Communication,GE1401,COM2105,11637,CD1
2304,BA Media and Communication,GE1401,GE1401,10687,T10
2304,BA Media and Communication,GE1401,COM2105,11637,CD1
2305,BA Media and Communication,GE1401,COM2105,11637,CD1
2305,BA Media and Communication,GE1401,GE1401,12122,T35
2306,BA Media and Communication,GE1401,COM2105,11637,CD1
2306,BA Media and Communication,GE1401,GE1401,12119,T18
2307,BA Media and Communication,GE1401,GE1401,11498,T83
2307,BA Media and Communication,GE1401,COM2105,11637,CD1
2308,BA Media and Communication,GE1401,GE1401,10687,T10
2308,BA Media and Communication,GE1401,COM2105,11637,CD1
2309,BA Media and Communication,GE1401,GE1401,10687,T10
2309,BA Media and Communication,GE1401,COM2105,11637,CD1
2310,BA Media and Communication,GE1401,COM2105,11637,CD1
2310,BA Media and Communication,GE1401,GE1401,13572,TB1
2311,BA Media and Communication,GE1401,GE1401,10726,T59
2311,BA Media and Communication,GE1401,COM2105,11637,CD1
2312,BA Media and Communication,GE1401,COM2105,11637,CD1
2312,BA Media and Communication,GE1401,GE1401,12119,T18
2313,BA Media and Communication,GE1401,GE1401,11498,T83
2313,BA Media and Communication,GE1401,COM2105,11637,CD1
2314,BA Media and Communication,GE1401,GE1401,10685,T08
2314,BA Media and Communication,GE1401,COM2105,11637,CD1
2315,BA Media and Communication,GE1401,GE1401,11504,T90
2315,BA Media and Communication,GE1401,COM2105,11637,CD1
2316,BA Media and Communication,LC0200A,LC0200A,10882,T13
2316,BA Media and Communication,LC0200A,COM2105,11637,CD1
2317,BA Media and Communication,LC0200A,LC0200A,11030,T31
2317,BA Media and Communication,LC0200A,COM2105,11637,CD1
2318,BA Media and Communication,LC0200A,LC0200A,10877,T08
2318,BA Media and Communication,LC0200A,COM2105,11637,CD1
2319,BA Media and Communication,LC0200A,LC0200A,10887,T19
2319,BA Media and Communication,LC0200A,COM2105,11637,CD1
2320,BA Media and Communication,LC0200A,LC0200A,10881,T12
2320,BA Media and Communication,LC0200A,COM2105,11637,CD1
2321,BA Media and Communication,LC0200A,LC0200A,10882,T13
2321,BA Media and Communication,LC0200A,COM2105,11637,CD1
2322,BA Media and Communication,LC0200A,COM2105,11637,CD1
2322,BA Media and Communication,LC0200A,LC0200A,11976,T37
2323,BA Media and Communication,LC0200A,LC0200A,10882,T13
2323,BA Media and Communication,LC0200A,COM2105,11637,CD1
2324,BA Media and Communication,LC0200A,LC0200A,11030,T31
2324,BA Media and Communication,LC0200A,COM2105,11637,CD1
2325,BA Media and Communication,LC0200A,LC0200A,10882,T13
2325,BA Media and Communication,LC0200A,COM2105,11637,CD1
2326,BA Media and Communication,LC0200A,LC0200A,10880,T11
2326,BA Media and Communication,LC0200A,COM2105,11637,CD1
2327,BA Media and Communication,LC0200A,LC0200A,10887,T19
2327,BA Media and Communication,LC0200A,COM2105,11637,CD1
2328,BA Media and Communication,LC0200A,COM2105,11637,CD1
2328,BA Media and Communication,LC0200A,LC0200A,11976,T37
2329,BA Media and Communication,LC0200A,LC0200A,11030,T31
2329,BA Media and Communication,LC0200A,COM2105,11637,CD1
2330,BA Media and Communication,LC0200A,LC0200A,10882,T13
2330,BA Media and Communication,LC0200A,COM2105,11637,CD1
2331,BA Media and Communication,LC0200A,LC0200A,11449,T34
2331,BA Media and Communication,LC0200A,COM2105,11637,CD1
2332,BA Media and Communication,LC0200A,LC0200A,10880,T11
2332,BA Media and Communication,LC0200A,COM2105,11637,CD1
2333,BA Media and Communication,LC0200A,LC0200A,11030,T31
2333,BA Media and Communication,LC0200A,COM2105,11637,CD1
2334,BA Media and Communication,LC0200A,LC0200A,10893,T25
2334,BA Media and Communication,LC0200A,COM2105,11637,CD1
2335,BA Media and Communication,LC0200A,LC0200A,10894,T26
2335,BA Media and Communication,LC0200A,COM2105,11637,CD1
2336,BA Digital Television and Broadcasting,GE1401,COM2105,11637,CD1
2336,BA Digital Television and Broadcasting,GE1401,GE1401,12119,T18
2337,BA Digital Television and Broadcasting,GE1401,GE1401,10726,T59
2337,BA Digital Television and Broadcasting,GE1401,COM2105,11637,CD1
2338,BA Digital Television and Broadcasting,GE1401,GE1401,10687,T10
2338,BA Digital Television and Broadcasting,GE1401,COM2105,11637,CD1
2339,BA Digital Television and Broadcasting,GE1401,COM2105,11637,CD1
2339,BA Digital Television and Broadcasting,GE1401,GE1401,12119,T18
2340,BA Digital Television and Broadcasting,GE1401,GE1401,10721,T54
2340,BA Digital Television and Broadcasting,GE1401,COM2105,11637,CD1
2341,BA Digital Television and Broadcasting,GE1401,GE1401,10685,T08
2341,BA Digital Television and Broadcasting,GE1401,COM2105,11637,CD1
2342,BA Digital Television and Broadcasting,GE1401,GE1401,10687,T10
2342,BA Digital Television and Broadcasting,GE1401,COM2105,11637,CD1
2343,BA Digital Television and Broadcasting,GE1401,GE1401,10687,T10
2343,BA Digital Television and Broadcasting,GE1401,COM2105,11637,CD1
2344,BA Digital Television and Broadcasting,GE1401,GE1401,10685,T08
2344,BA Digital Television and Broadcasting,GE1401,COM2105,11637,CD1
2345,BA Digital Television and Broadcasting,GE1401,COM2105,11637,CD1
2345,BA Digital Television and Broadcasting,GE1401,GE1401,12122,T35
2346,BA Digital Television and Broadcasting,GE1401,GE1401,10687,T10
2346,BA Digital Television and Broadcasting,GE1401,COM2105,11637,CD1
2347,BA Digital Television and Broadcasting,GE1401,GE1401,10685,T08
2347,BA Digital Television and Broadcasting,GE1401,COM2105,11637,CD1
2348,BA Digital Television and Broadcasting,GE1401,GE1401,11498,T83
2348,BA Digital Television and Broadcasting,GE1401,COM2105,11637,CD1
2349,BA Digital Television and Broadcasting,GE1401,GE1401,10724,T57
2349,BA Digital Television and Broadcasting,GE1401,COM2105,11637,CD1
2350,BA Digital Television and Broadcasting,GE1401,COM2105,11637,CD1
2350,BA Digital Television and Broadcasting,GE1401,GE1401,12122,T35
2351,BA Digital Television and Broadcasting,GE1401,COM2105,11637,CD1
2351,BA Digital Television and Broadcasting,GE1401,GE1401,12122,T35
2352,BA Digital Television and Broadcasting,GE1401,GE1401,10726,T59
2352,BA Digital Television and Broadcasting,GE1401,COM2105,11637,CD1
2353,BA Digital Television and Broadcasting,GE1401,GE1401,10685,T08
2353,BA Digital Television and Broadcasting,GE1401,COM2105,11637,CD1
2354,BA Digital Television and Broadcasting,GE1401,COM2105,11637,CD1
2354,BA Digital Television and Broadcasting,GE1401,GE1401,15205,TC5
2355,BA Digital Television and Broadcasting,LC0200A,LC0200A,10887,T19
2355,BA Digital Television and Broadcasting,LC0200A,COM2105,11637,CD1
2356,BA Digital Television and Broadcasting,LC0200A,LC0200A,10890,T22
2356,BA Digital Television and Broadcasting,LC0200A,COM2105,11637,CD1
2357,BA Digital Television and Broadcasting,LC0200A,LC0200A,10890,T22
2357,BA Digital Television and Broadcasting,LC0200A,COM2105,11637,CD1
2358,BA Digital Television and Broadcasting,LC0200A,LC0200A,10894,T26
2358,BA Digital Television and Broadcasting,LC0200A,COM2105,11637,CD1
2359,BA Digital Television and Broadcasting,LC0200A,LC0200A,10887,T19
2359,BA Digital Television and Broadcasting,LC0200A,COM2105,11637,CD1
2360,BA Digital Television and Broadcasting,LC0200A,LC0200A,10887,T19
2360,BA Digital Television and Broadcasting,LC0200A,COM2105,11637,CD1
2361,BA Digital Television and Broadcasting,LC0200A,LC0200A,10887,T19
2361,BA Digital Television and Broadcasting,LC0200A,COM2105,11637,CD1
2362,BA Digital Television and Broadcasting,LC0200A,LC0200A,11030,T31
2362,BA Digital Television and Broadcasting,LC0200A,COM2105,11637,CD1
2363,BSocSc International Relations and Global Affairs,GE1401,PIA2050,12745,CC1
2363,BSocSc International Relations and Global Affairs,GE1401,GE1401,14271,TB8
2364,BSocSc International Relations and Global Affairs,GE1401,GE1401,12121,T33
2364,BSocSc International Relations and Global Affairs,GE1401,PIA2050,12745,CC1
2365,BSocSc International Relations and Global Affairs,GE1401,GE1401,10685,T08
2365,BSocSc International Relations and Global Affairs,GE1401,PIA2050,12613,CD1
2366,BSocSc International Relations and Global Affairs,GE1401,GE1401,11491,T69
2366,BSocSc International Relations and Global Affairs,GE1401,PIA2050,12614,CB1
2367,BSocSc International Relations and Global Affairs,GE1401,PIA2050,12613,CD1
2367,BSocSc International Relations and Global Affairs,GE1401,GE1401,15601,T28
2368,BSocSc International Relations and Global Affairs,GE1401,GE1401,11507,T80
2368,BSocSc International Relations and Global Affairs,GE1401,PIA2050,12614,CB1
2369,BSocSc International Relations and Global Affairs,GE1401,GE1401,12398,T70
2369,BSocSc International Relations and Global Affairs,GE1401,PIA2050,12613,CD1
2370,BSocSc International Relations and Global Affairs,GE1401,PIA2050,12614,CB1
2370,BSocSc International Relations and Global Affairs,GE1401,GE1401,15602,T58
2371,BSocSc International Relations and Global Affairs,GE1401,GE1401,10726,T59
2371,BSocSc International Relations and Global Affairs,GE1401,PIA2050,12614,CB1
2372,BSocSc International Relations and Global Affairs,GE1401,GE1401,10708,T34
2372,BSocSc International Relations and Global Affairs,GE1401,PIA2050,12614,CB1
2373,BSocSc International Relations and Global Affairs,GE1401,GE1401,10685,T08
2373,BSocSc International Relations and Global Affairs,GE1401,PIA2050,12613,CD1
2374,BSocSc International Relations and Global Affairs,GE1401,GE1401,12121,T33
2374,BSocSc International Relations and Global Affairs,GE1401,PIA2050,12745,CC1
2375,BSocSc International Relations and Global Affairs,GE1401,GE1401,11498,T83
2375,BSocSc International Relations and Global Affairs,GE1401,PIA2050,12614,CB1
2376,BSocSc International Relations and Global Affairs,GE1401,GE1401,10724,T57
2376,BSocSc International Relations and Global Affairs,GE1401,PIA2050,12614,CB1
2377,BSocSc International Relations and Global Affairs,GE1401,GE1401,10708,T34
2377,BSocSc International Relations and Global Affairs,GE1401,PIA2050,12614,CB1
2378,BSocSc International Relations and Global Affairs,GE1401,GE1401,12398,T70
2378,BSocSc International Relations and Global Affairs,GE1401,PIA2050,12613,CD1
2379,BSocSc International Relations and Global Affairs,GE1401,PIA2050,12614,CB1
2379,BSocSc International Relations and Global Affairs,GE1401,GE1401,12734,T71
2380,BSocSc International Relations and Global Affairs,GE1401,GE1401,10708,T34
2380,BSocSc International Relations and Global Affairs,GE1401,PIA2050,12614,CB1
2381,BSocSc International Relations and Global Affairs,GE1401,GE1401,10689,T12
2381,BSocSc International Relations and Global Affairs,GE1401,PIA2050,12613,CD1
2382,BSocSc International Relations and Global Affairs,GE1401,GE1401,10708,T34
2382,BSocSc International Relations and Global Affairs,GE1401,PIA2050,12614,CB1
2383,BSocSc International Relations and Global Affairs,GE1401,GE1401,10714,T43
2383,BSocSc International Relations and Global Affairs,GE1401,PIA2050,12614,CB1
2384,BSocSc International Relations and Global Affairs,GE1401,GE1401,12124,T49
2384,BSocSc International Relations and Global Affairs,GE1401,PIA2050,12614,CB1
2385,BSocSc International Relations and Global Affairs,GE1401,GE1401,12124,T49
2385,BSocSc International Relations and Global Affairs,GE1401,PIA2050,12745,CC1
2386,BSocSc International Relations and Global Affairs,GE1401,GE1401,10708,T34
2386,BSocSc International Relations and Global Affairs,GE1401,PIA2050,12614,CB1
2387,BSocSc International Relations and Global Affairs,GE1401,GE1401,10714,T43
2387,BSocSc International Relations and Global Affairs,GE1401,PIA2050,12614,CB1
2388,BSocSc International Relations and Global Affairs,GE1401,PIA2050,12613,CD1
2388,BSocSc International Relations and Global Affairs,GE1401,GE1401,15601,T28
2389,BSocSc International Relations and Global Affairs,GE1401,PIA2050,12745,CC1
2389,BSocSc International Relations and Global Affairs,GE1401,GE1401,14271,TB8
2390,BSocSc International Relations and Global Affairs,GE1401,PIA2050,12614,CB1
2390,BSocSc International Relations and Global Affairs,GE1401,GE1401,12734,T71
2391,BSocSc International Relations and Global Affairs,GE1401,PIA2050,12614,CB1
2391,BSocSc International Relations and Global Affairs,GE1401,GE1401,12734,T71
2392,BSocSc International Relations and Global Affairs,GE1401,GE1401,10707,T32
2392,BSocSc International Relations and Global Affairs,GE1401,PIA2050,12614,CB1
2393,BSocSc International Relations and Global Affairs,GE1401,PIA2050,12614,CB1
2393,BSocSc International Relations and Global Affairs,GE1401,GE1401,15182,TC3
2394,BSocSc International Relations and Global Affairs,GE1401,GE1401,10714,T43
2394,BSocSc International Relations and Global Affairs,GE1401,PIA2050,12614,CB1
2395,BSocSc International Relations and Global Affairs,GE1401,GE1401,10714,T43
2395,BSocSc International Relations and Global Affairs,GE1401,PIA2050,12614,CB1
2396,BSocSc International Relations and Global Affairs,LC0200A,LC0200A,10890,T22
2396,BSocSc International Relations and Global Affairs,LC0200A,PIA2050,12614,CB1
2397,BSocSc International Relations and Global Affairs,LC0200A,LC0200A,10864,T04
2397,BSocSc International Relations and Global Affairs,LC0200A,PIA2050,12614,CB1
2398,BSocSc International Relations and Global Affairs,LC0200A,LC0200A,11030,T31
2398,BSocSc International Relations and Global Affairs,LC0200A,PIA2050,12613,CD1
2399,BSocSc International Relations and Global Affairs,LC0200A,LC0200A,11030,T31
2399,BSocSc International Relations and Global Affairs,LC0200A,PIA2050,12613,CD1
2400,BSocSc International Relations and Global Affairs,LC0200A,LC0200A,11030,T31
2400,BSocSc International Relations and Global Affairs,LC0200A,PIA2050,12613,CD1
2401,BSocSc International Relations and Global Affairs,LC0200A,LC0200A,10864,T04
2401,BSocSc International Relations and Global Affairs,LC0200A,PIA2050,12614,CB1
2402,BSocSc International Relations and Global Affairs,LC0200A,LC0200A,10889,T21
2402,BSocSc International Relations and Global Affairs,LC0200A,PIA2050,12614,CB1
2403,BSocSc International Relations and Global Affairs,LC0200A,LC0200A,10890,T22
2403,BSocSc International Relations and Global Affairs,LC0200A,PIA2050,12614,CB1
2404,BSocSc International Relations and Global Affairs,LC0200A,LC0200A,10864,T04
2404,BSocSc International Relations and Global Affairs,LC0200A,PIA2050,12614,CB1
2405,BSocSc International Relations and Global Affairs,LC0200A,LC0200A,10864,T04
2405,BSocSc International Relations and Global Affairs,LC0200A,PIA2050,12614,CB1
2406,BSocSc International Relations and Global Affairs,LC0200A,LC0200A,11449,T34
2406,BSocSc International Relations and Global Affairs,LC0200A,PIA2050,12614,CB1
2407,BSocSc International Relations and Global Affairs,LC0200A,LC0200A,10864,T04
2407,BSocSc International Relations and Global Affairs,LC0200A,PIA2050,12614,CB1
2408,BSocSc International Relations and Global Affairs,LC0200A,LC0200A,10864,T04
2408,BSocSc International Relations and Global Affairs,LC0200A,PIA2050,12614,CB1
2409,BSocSc International Relations and Global Affairs,LC0200A,LC0200A,10864,T04
2409,BSocSc International Relations and Global Affairs,LC0200A,PIA2050,12614,CB1
2410,BSocSc International Relations and Global Affairs,LC0200A,LC0200A,10863,T03
2410,BSocSc International Relations and Global Affairs,LC0200A,PIA2050,12614,CB1
2411,BSocSc Public Affairs and Management,GE1401,PIA2530,10861,CA1
2411,BSocSc Public Affairs and Management,GE1401,PIA2307,11055,CA1
2411,BSocSc Public Affairs and Management,GE1401,GE1401,15183,TC4
2412,BSocSc Public Affairs and Management,GE1401,PIA2530,10861,CA1
2412,BSocSc Public Affairs and Management,GE1401,PIA2307,11055,CA1
2412,BSocSc Public Affairs and Management,GE1401,GE1401,11507,T80
2413,BSocSc Public Affairs and Management,GE1401,GE1401,10704,T29
2413,BSocSc Public Affairs and Management,GE1401,PIA2530,10861,CA1
2413,BSocSc Public Affairs and Management,GE1401,PIA2307,11056,CB1
2414,BSocSc Public Affairs and Management,GE1401,GE1401,10727,T60
2414,BSocSc Public Affairs and Management,GE1401,PIA2307,11057,CC1
2414,BSocSc Public Affairs and Management,GE1401,PIA2530,12096,CC1
2415,BSocSc Public Affairs and Management,GE1401,GE1401,10704,T29
2415,BSocSc Public Affairs and Management,GE1401,PIA2530,10861,CA1
2415,BSocSc Public Affairs and Management,GE1401,PIA2307,11056,CB1
2416,BSocSc Public Affairs and Management,GE1401,PIA2530,10861,CA1
2416,BSocSc Public Affairs and Management,GE1401,PIA2307,11055,CA1
2416,BSocSc Public Affairs and Management,GE1401,GE1401,11506,T78
2417,BSocSc Public Affairs and Management,GE1401,GE1401,10685,T08
2417,BSocSc Public Affairs and Management,GE1401,PIA2307,11057,CC1
2417,BSocSc Public Affairs and Management,GE1401,PIA2530,12096,CC1
2418,BSocSc Public Affairs and Management,GE1401,PIA2530,10861,CA1
2418,BSocSc Public Affairs and Management,GE1401,PIA2307,11055,CA1
2418,BSocSc Public Affairs and Management,GE1401,GE1401,13572,TB1
2419,BSocSc Public Affairs and Management,GE1401,PIA2530,10861,CA1
2419,BSocSc Public Affairs and Management,GE1401,PIA2307,11055,CA1
2419,BSocSc Public Affairs and Management,GE1401,GE1401,11498,T83
2420,BSocSc Public Affairs and Management,GE1401,GE1401,10707,T32
2420,BSocSc Public Affairs and Management,GE1401,PIA2530,10861,CA1
2420,BSocSc Public Affairs and Management,GE1401,PIA2307,11055,CA1
2421,BSocSc Public Affairs and Management,GE1401,PIA2530,10861,CA1
2421,BSocSc Public Affairs and Management,GE1401,PIA2307,11055,CA1
2421,BSocSc Public Affairs and Management,GE1401,GE1401,11507,T80
2422,BSocSc Public Affairs and Management,GE1401,PIA2530,10861,CA1
2422,BSocSc Public Affairs and Management,GE1401,PIA2307,11055,CA1
2422,BSocSc Public Affairs and Management,GE1401,GE1401,11498,T83
2423,BSocSc Public Affairs and Management,GE1401,GE1401,10707,T32
2423,BSocSc Public Affairs and Management,GE1401,PIA2530,10861,CA1
2423,BSocSc Public Affairs and Management,GE1401,PIA2307,11055,CA1
2424,BSocSc Public Affairs and Management,GE1401,PIA2307,11056,CB1
2424,BSocSc Public Affairs and Management,GE1401,PIA2530,12090,CB1
2424,BSocSc Public Affairs and Management,GE1401,GE1401,14271,TB8
2425,BSocSc Public Affairs and Management,GE1401,PIA2530,10861,CA1
2425,BSocSc Public Affairs and Management,GE1401,PIA2307,11055,CA1
2425,BSocSc Public Affairs and Management,GE1401,GE1401,14941,TA3
2426,BSocSc Public Affairs and Management,GE1401,PIA2530,10861,CA1
2426,BSocSc Public Affairs and Management,GE1401,PIA2307,11055,CA1
2426,BSocSc Public Affairs and Management,GE1401,GE1401,13572,TB1
2427,BSocSc Public Affairs and Management,GE1401,PIA2530,10861,CA1
2427,BSocSc Public Affairs and Management,GE1401,PIA2307,11055,CA1
2427,BSocSc Public Affairs and Management,GE1401,GE1401,15183,TC4
2428,BSocSc Public Affairs and Management,GE1401,PIA2530,10861,CA1
2428,BSocSc Public Affairs and Management,GE1401,PIA2307,11056,CB1
2428,BSocSc Public Affairs and Management,GE1401,GE1401,13197,TA2
2429,BSocSc Public Affairs and Management,GE1401,PIA2530,10861,CA1
2429,BSocSc Public Affairs and Management,GE1401,PIA2307,11055,CA1
2429,BSocSc Public Affairs and Management,GE1401,GE1401,11507,T80
2430,BSocSc Public Affairs and Management,GE1401,PIA2307,11057,CC1
2430,BSocSc Public Affairs and Management,GE1401,PIA2530,12096,CC1
2430,BSocSc Public Affairs and Management,GE1401,GE1401,12398,T70
2431,BSocSc Public Affairs and Management,GE1401,PIA2307,11056,CB1
2431,BSocSc Public Affairs and Management,GE1401,GE1401,11504,T90
2431,BSocSc Public Affairs and Management,GE1401,PIA2530,12090,CB1
2432,BSocSc Public Affairs and Management,GE1401,PIA2530,10861,CA1
2432,BSocSc Public Affairs and Management,GE1401,PIA2307,11055,CA1
2432,BSocSc Public Affairs and Management,GE1401,GE1401,15205,TC5
2433,BSocSc Public Affairs and Management,GE1401,PIA2307,11056,CB1
2433,BSocSc Public Affairs and Management,GE1401,GE1401,11494,T76
2433,BSocSc Public Affairs and Management,GE1401,PIA2530,12090,CB1
2434,BSocSc Public Affairs and Management,GE1401,PIA2530,10861,CA1
2434,BSocSc Public Affairs and Management,GE1401,PIA2307,11055,CA1
2434,BSocSc Public Affairs and Management,GE1401,GE1401,13572,TB1
2435,BSocSc Public Affairs and Management,GE1401,PIA2530,10861,CA1
2435,BSocSc Public Affairs and Management,GE1401,PIA2307,11056,CB1
2435,BSocSc Public Affairs and Management,GE1401,GE1401,14271,TB8
2436,BSocSc Public Affairs and Management,GE1401,GE1401,10685,T08
2436,BSocSc Public Affairs and Management,GE1401,PIA2307,11057,CC1
2436,BSocSc Public Affairs and Management,GE1401,PIA2530,12096,CC1
2437,BSocSc Public Affairs and Management,GE1401,PIA2530,10861,CA1
2437,BSocSc Public Affairs and Management,GE1401,PIA2307,11055,CA1
2437,BSocSc Public Affairs and Management,GE1401,GE1401,15205,TC5
2438,BSocSc Public Affairs and Management,GE1401,PIA2307,11057,CC1
2438,BSocSc Public Affairs and Management,GE1401,PIA2530,12096,CC1
2438,BSocSc Public Affairs and Management,GE1401,GE1401,15601,T28
2439,BSocSc Public Affairs and Management,GE1401,PIA2530,10861,CA1
2439,BSocSc Public Affairs and Management,GE1401,PIA2307,11055,CA1
2439,BSocSc Public Affairs and Management,GE1401,GE1401,11506,T78
2440,BSocSc Public Affairs and Management,GE1401,PIA2530,10861,CA1
2440,BSocSc Public Affairs and Management,GE1401,PIA2307,11055,CA1
2440,BSocSc Public Affairs and Management,GE1401,GE1401,14941,TA3
2441,BSocSc Public Affairs and Management,GE1401,GE1401,10723,T56
2441,BSocSc Public Affairs and Management,GE1401,PIA2307,11057,CC1
2441,BSocSc Public Affairs and Management,GE1401,PIA2530,12096,CC1
2442,BSocSc Public Affairs and Management,GE1401,PIA2307,11057,CC1
2442,BSocSc Public Affairs and Management,GE1401,PIA2530,12096,CC1
2442,BSocSc Public Affairs and Management,GE1401,GE1401,15601,T28
2443,BSocSc Public Affairs and Management,GE1401,PIA2530,10861,CA1
2443,BSocSc Public Affairs and Management,GE1401,PIA2307,11056,CB1
2443,BSocSc Public Affairs and Management,GE1401,GE1401,14271,TB8
2444,BSocSc Public Affairs and Management,GE1401,GE1401,10727,T60
2444,BSocSc Public Affairs and Management,GE1401,PIA2307,11057,CC1
2444,BSocSc Public Affairs and Management,GE1401,PIA2530,12096,CC1
2445,BSocSc Public Affairs and Management,GE1401,PIA2530,10861,CA1
2445,BSocSc Public Affairs and Management,GE1401,PIA2307,11055,CA1
2445,BSocSc Public Affairs and Management,GE1401,GE1401,15183,TC4
2446,BSocSc Public Affairs and Management,GE1401,GE1401,10726,T59
2446,BSocSc Public Affairs and Management,GE1401,PIA2530,10861,CA1
2446,BSocSc Public Affairs and Management,GE1401,PIA2307,11055,CA1
2447,BSocSc Public Affairs and Management,GE1401,PIA2530,10861,CA1
2447,BSocSc Public Affairs and Management,GE1401,PIA2307,11055,CA1
2447,BSocSc Public Affairs and Management,GE1401,GE1401,14941,TA3
2448,BSocSc Public Affairs and Management,GE1401,GE1401,10704,T29
2448,BSocSc Public Affairs and Management,GE1401,PIA2530,10861,CA1
2448,BSocSc Public Affairs and Management,GE1401,PIA2307,11056,CB1
2449,BSocSc Public Affairs and Management,GE1401,PIA2307,11057,CC1
2449,BSocSc Public Affairs and Management,GE1401,PIA2530,12096,CC1
2449,BSocSc Public Affairs and Management,GE1401,GE1401,15601,T28
2450,BSocSc Public Affairs and Management,LC0200A,PIA2530,10861,CA1
2450,BSocSc Public Affairs and Management,LC0200A,PIA2307,11056,CB1
2450,BSocSc Public Affairs and Management,LC0200A,LC0200A,11976,T37
2451,BSocSc Public Affairs and Management,LC0200A,LC0200A,11030,T31
2451,BSocSc Public Affairs and Management,LC0200A,PIA2307,11056,CB1
2451,BSocSc Public Affairs and Management,LC0200A,PIA2530,12090,CB1
2452,BSocSc Public Affairs and Management,LC0200A,PIA2530,10861,CA1
2452,BSocSc Public Affairs and Management,LC0200A,PIA2307,11056,CB1
2452,BSocSc Public Affairs and Management,LC0200A,LC0200A,11976,T37
2453,BSocSc Public Affairs and Management,LC0200A,PIA2530,10861,CA1
2453,BSocSc Public Affairs and Management,LC0200A,LC0200A,10885,T16
2453,BSocSc Public Affairs and Management,LC0200A,PIA2307,11055,CA1
2454,BSocSc Public Affairs and Management,LC0200A,LC0200A,10882,T13
2454,BSocSc Public Affairs and Management,LC0200A,PIA2307,11057,CC1
2454,BSocSc Public Affairs and Management,LC0200A,PIA2530,12096,CC1
2455,BSocSc Public Affairs and Management,LC0200A,LC0200A,10882,T13
2455,BSocSc Public Affairs and Management,LC0200A,PIA2307,11057,CC1
2455,BSocSc Public Affairs and Management,LC0200A,PIA2530,12096,CC1
2456,BSocSc Public Affairs and Management,LC0200A,PIA2530,10861,CA1
2456,BSocSc Public Affairs and Management,LC0200A,PIA2307,11056,CB1
2456,BSocSc Public Affairs and Management,LC0200A,LC0200A,11976,T37
2457,BSocSc Public Affairs and Management,LC0200A,PIA2530,10861,CA1
2457,BSocSc Public Affairs and Management,LC0200A,PIA2307,11055,CA1
2457,BSocSc Public Affairs and Management,LC0200A,LC0200A,12320,T38
2458,BSocSc Public Affairs and Management,LC0200A,PIA2530,10861,CA1
2458,BSocSc Public Affairs and Management,LC0200A,PIA2307,11055,CA1
2458,BSocSc Public Affairs and Management,LC0200A,LC0200A,12320,T38
2459,BSocSc Public Affairs and Management,LC0200A,PIA2530,10861,CA1
2459,BSocSc Public Affairs and Management,LC0200A,PIA2307,11056,CB1
2459,BSocSc Public Affairs and Management,LC0200A,LC0200A,11976,T37
2460,BSocSc Public Affairs and Management,LC0200A,LC0200A,10882,T13
2460,BSocSc Public Affairs and Management,LC0200A,PIA2307,11057,CC1
2460,BSocSc Public Affairs and Management,LC0200A,PIA2530,12096,CC1
2461,BSocSc Public Affairs and Management,LC0200A,LC0200A,10882,T13
2461,BSocSc Public Affairs and Management,LC0200A,PIA2307,11057,CC1
2461,BSocSc Public Affairs and Management,LC0200A,PIA2530,12096,CC1
2462,BSocSc Public Affairs and Management,LC0200A,LC0200A,10882,T13
2462,BSocSc Public Affairs and Management,LC0200A,PIA2307,11057,CC1
2462,BSocSc Public Affairs and Management,LC0200A,PIA2530,12096,CC1
2463,BSocSc Public Affairs and Management,LC0200A,LC0200A,10882,T13
2463,BSocSc Public Affairs and Management,LC0200A,PIA2307,11057,CC1
2463,BSocSc Public Affairs and Management,LC0200A,PIA2530,12096,CC1
2464,BSocSc Public Affairs and Management,LC0200A,PIA2530,10861,CA1
2464,BSocSc Public Affairs and Management,LC0200A,LC0200A,10885,T16
2464,BSocSc Public Affairs and Management,LC0200A,PIA2307,11055,CA1
2465,BSocSc Public Affairs and Management,LC0200A,PIA2530,10861,CA1
2465,BSocSc Public Affairs and Management,LC0200A,LC0200A,10885,T16
2465,BSocSc Public Affairs and Management,LC0200A,PIA2307,11055,CA1
2466,BSocSc Public Affairs and Management,LC0200A,LC0200A,11030,T31
2466,BSocSc Public Affairs and Management,LC0200A,PIA2307,11056,CB1
2466,BSocSc Public Affairs and Management,LC0200A,PIA2530,12090,CB1
2467,BSocSc Public Affairs and Management,LC0200A,PIA2530,10861,CA1
2467,BSocSc Public Affairs and Management,LC0200A,LC0200A,10864,T04
2467,BSocSc Public Affairs and Management,LC0200A,PIA2307,11055,CA1
2468,BSocSc Crime Science,GE1401,SS1011,10999,C01
2468,BSocSc Crime Science,GE1401,SS1011,11004,T04
2468,BSocSc Crime Science,GE1401,SS1101,11006,C01
2468,BSocSc Crime Science,GE1401,GE1401,13263,T92
2469,BSocSc Crime Science,GE1401,SS1011,10999,C01
2469,BSocSc Crime Science,GE1401,SS1011,11005,T05
2469,BSocSc Crime Science,GE1401,SS1101,11006,C01
2469,BSocSc Crime Science,GE1401,GE1401,14271,TB8
2470,BSocSc Crime Science,GE1401,SS1011,10999,C01
2470,BSocSc Crime Science,GE1401,SS1011,11005,T05
2470,BSocSc Crime Science,GE1401,SS1101,11007,CJ1
2470,BSocSc Crime Science,GE1401,GE1401,14271,TB8
2471,BSocSc Crime Science,GE1401,SS1011,10999,C01
2471,BSocSc Crime Science,GE1401,SS1011,11004,T04
2471,BSocSc Crime Science,GE1401,SS1101,11006,C01
2471,BSocSc Crime Science,GE1401,GE1401,12124,T49
2472,BSocSc Crime Science,GE1401,SS1011,10999,C01
2472,BSocSc Crime Science,GE1401,SS1011,11004,T04
2472,BSocSc Crime Science,GE1401,SS1101,11006,C01
2472,BSocSc Crime Science,GE1401,GE1401,11496,T79
2473,BSocSc Crime Science,GE1401,SS1011,10999,C01
2473,BSocSc Crime Science,GE1401,SS1011,11003,T03
2473,BSocSc Crime Science,GE1401,SS1101,11006,C01
2473,BSocSc Crime Science,GE1401,GE1401,14270,TB7
2474,BSocSc Crime Science,GE1401,SS1011,10999,C01
2474,BSocSc Crime Science,GE1401,SS1011,11003,T03
2474,BSocSc Crime Science,GE1401,SS1101,11006,C01
2474,BSocSc Crime Science,GE1401,GE1401,13571,T99
2475,BSocSc Crime Science,GE1401,SS1011,10999,C01
2475,BSocSc Crime Science,GE1401,SS1011,11005,T05
2475,BSocSc Crime Science,GE1401,SS1101,11007,CJ1
2475,BSocSc Crime Science,GE1401,GE1401,11504,T90
2476,BSocSc Crime Science,GE1401,SS1011,10999,C01
2476,BSocSc Crime Science,GE1401,SS1011,11004,T04
2476,BSocSc Crime Science,GE1401,SS1101,11006,C01
2476,BSocSc Crime Science,GE1401,GE1401,11496,T79
2477,BSocSc Crime Science,GE1401,SS1011,10999,C01
2477,BSocSc Crime Science,GE1401,SS1011,11005,T05
2477,BSocSc Crime Science,GE1401,SS1101,11172,CM1
2477,BSocSc Crime Science,GE1401,GE1401,12398,T70
2478,BSocSc Crime Science,GE1401,SS1011,10999,C01
2478,BSocSc Crime Science,GE1401,SS1011,11004,T04
2478,BSocSc Crime Science,GE1401,SS1101,11006,C01
2478,BSocSc Crime Science,GE1401,GE1401,12124,T49
2479,BSocSc Crime Science,GE1401,SS1011,10999,C01
2479,BSocSc Crime Science,GE1401,SS1011,11003,T03
2479,BSocSc Crime Science,GE1401,SS1101,11006,C01
2479,BSocSc Crime Science,GE1401,GE1401,11496,T79
2480,BSocSc Crime Science,GE1401,SS1011,10999,C01
2480,BSocSc Crime Science,GE1401,SS1011,11002,T02
2480,BSocSc Crime Science,GE1401,SS1101,11006,C01
2480,BSocSc Crime Science,GE1401,GE1401,14270,TB7
2481,BSocSc Crime Science,GE1401,SS1011,10999,C01
2481,BSocSc Crime Science,GE1401,SS1011,11005,T05
2481,BSocSc Crime Science,GE1401,SS1101,11007,CJ1
2481,BSocSc Crime Science,GE1401,GE1401,11504,T90
2482,BSocSc Crime Science,GE1401,SS1011,10999,C01
2482,BSocSc Crime Science,GE1401,SS1011,11004,T04
2482,BSocSc Crime Science,GE1401,SS1101,11006,C01
2482,BSocSc Crime Science,GE1401,GE1401,12121,T33
2483,BSocSc Crime Science,GE1401,SS1011,10999,C01
2483,BSocSc Crime Science,GE1401,SS1011,11005,T05
2483,BSocSc Crime Science,GE1401,SS1101,11007,CJ1
2483,BSocSc Crime Science,GE1401,GE1401,11504,T90
2484,BSocSc Crime Science,GE1401,SS1011,10999,C01
2484,BSocSc Crime Science,GE1401,SS1011,11003,T03
2484,BSocSc Crime Science,GE1401,SS1101,11006,C01
2484,BSocSc Crime Science,GE1401,GE1401,12399,T72
2485,BSocSc Crime Science,GE1401,SS1011,10999,C01
2485,BSocSc Crime Science,GE1401,SS1011,11004,T04
2485,BSocSc Crime Science,GE1401,SS1101,11006,C01
2485,BSocSc Crime Science,GE1401,GE1401,13263,T92
2486,BSocSc Crime Science,GE1401,SS1011,10999,C01
2486,BSocSc Crime Science,GE1401,SS1011,11004,T04
2486,BSocSc Crime Science,GE1401,SS1101,11006,C01
2486,BSocSc Crime Science,GE1401,GE1401,11495,T77
2487,BSocSc Crime Science,GE1401,SS1011,10999,C01
2487,BSocSc Crime Science,GE1401,SS1011,11003,T03
2487,BSocSc Crime Science,GE1401,SS1101,11006,C01
2487,BSocSc Crime Science,GE1401,GE1401,12399,T72
2488,BSocSc Crime Science,LC0200A,LC0200A,10891,T23
2488,BSocSc Crime Science,LC0200A,SS1011,10999,C01
2488,BSocSc Crime Science,LC0200A,SS1011,11002,T02
2488,BSocSc Crime Science,LC0200A,SS1101,11006,C01
2489,BSocSc Crime Science,LC0200A,LC0200A,10882,T13
2489,BSocSc Crime Science,LC0200A,SS1101,11172,CM1
2489,BSocSc Crime Science,LC0200A,SS1011,11321,CG1
2489,BSocSc Crime Science,LC0200A,SS1011,11867,TG4
2490,BSocSc Crime Science,LC0200A,SS1011,10999,C01
2490,BSocSc Crime Science,LC0200A,SS1011,11005,T05
2490,BSocSc Crime Science,LC0200A,LC0200A,11030,T31
2490,BSocSc Crime Science,LC0200A,SS1101,11172,CM1
2491,BSocSc Crime Science,LC0200A,LC0200A,10864,T04
2491,BSocSc Crime Science,LC0200A,SS1011,10999,C01
2491,BSocSc Crime Science,LC0200A,SS1011,11003,T03
2491,BSocSc Crime Science,LC0200A,SS1101,11006,C01
2492,BSocSc Crime Science,LC0200A,LC0200A,10864,T04
2492,BSocSc Crime Science,LC0200A,SS1011,10999,C01
2492,BSocSc Crime Science,LC0200A,SS1011,11004,T04
2492,BSocSc Crime Science,LC0200A,SS1101,11006,C01
2493,BSocSc Crime Science,LC0200A,LC0200A,10864,T04
2493,BSocSc Crime Science,LC0200A,SS1011,10999,C01
2493,BSocSc Crime Science,LC0200A,SS1011,11004,T04
2493,BSocSc Crime Science,LC0200A,SS1101,11006,C01
2494,BSocSc Crime Science,LC0200A,LC0200A,10891,T23
2494,BSocSc Crime Science,LC0200A,SS1011,10999,C01
2494,BSocSc Crime Science,LC0200A,SS1011,11002,T02
2494,BSocSc Crime Science,LC0200A,SS1101,11006,C01
2495,BSocSc Crime Science,LC0200A,LC0200A,10890,T22
2495,BSocSc Crime Science,LC0200A,SS1011,10999,C01
2495,BSocSc Crime Science,LC0200A,SS1011,11003,T03
2495,BSocSc Crime Science,LC0200A,SS1101,11006,C01
2496,BSocSc Psychology,GE1401,SS1011,10999,C01
2496,BSocSc Psychology,GE1401,SS1011,11004,T04
2496,BSocSc Psychology,GE1401,SS1101,11006,C01
2496,BSocSc Psychology,GE1401,GE1401,12124,T49
2497,BSocSc Psychology,GE1401,SS1011,10999,C01
2497,BSocSc Psychology,GE1401,SS1011,11004,T04
2497,BSocSc Psychology,GE1401,SS1101,11006,C01
2497,BSocSc Psychology,GE1401,GE1401,12124,T49
2498,BSocSc Psychology,GE1401,GE1401,10357,T01
2498,BSocSc Psychology,GE1401,SS1101,11172,CM1
2498,BSocSc Psychology,GE1401,SS1011,11321,CG1
2498,BSocSc Psychology,GE1401,SS1011,11868,TG5
2499,BSocSc Psychology,GE1401,SS1011,10999,C01
2499,BSocSc Psychology,GE1401,SS1011,11005,T05
2499,BSocSc Psychology,GE1401,SS1101,11007,CJ1
2499,BSocSc Psychology,GE1401,GE1401,11504,T90
2500,BSocSc Psychology,GE1401,SS1011,10999,C01
2500,BSocSc Psychology,GE1401,SS1011,11004,T04
2500,BSocSc Psychology,GE1401,SS1101,11006,C01
2500,BSocSc Psychology,GE1401,GE1401,12124,T49
2501,BSocSc Psychology,GE1401,SS1011,10999,C01
2501,BSocSc Psychology,GE1401,SS1011,11005,T05
2501,BSocSc Psychology,GE1401,SS1101,11172,CM1
2501,BSocSc Psychology,GE1401,GE1401,15601,T28
2502,BSocSc Psychology,GE1401,SS1011,10999,C01
2502,BSocSc Psychology,GE1401,SS1011,11004,T04
2502,BSocSc Psychology,GE1401,SS1101,11006,C01
2502,BSocSc Psychology,GE1401,GE1401,12121,T33
2503,BSocSc Psychology,GE1401,SS1011,10999,C01
2503,BSocSc Psychology,GE1401,SS1011,11004,T04
2503,BSocSc Psychology,GE1401,SS1101,11006,C01
2503,BSocSc Psychology,GE1401,GE1401,12124,T49
2504,BSocSc Psychology,GE1401,SS1011,10999,C01
2504,BSocSc Psychology,GE1401,SS1011,11003,T03
2504,BSocSc Psychology,GE1401,SS1101,11006,C01
2504,BSocSc Psychology,GE1401,GE1401,12399,T72
2505,BSocSc Psychology,GE1401,SS1011,10999,C01
2505,BSocSc Psychology,GE1401,SS1011,11004,T04
2505,BSocSc Psychology,GE1401,SS1101,11006,C01
2505,BSocSc Psychology,GE1401,GE1401,13263,T92
2506,BSocSc Psychology,GE1401,SS1011,10999,C01
2506,BSocSc Psychology,GE1401,SS1011,11003,T03
2506,BSocSc Psychology,GE1401,SS1101,11006,C01
2506,BSocSc Psychology,GE1401,GE1401,12399,T72
2507,BSocSc Psychology,GE1401,SS1011,10999,C01
2507,BSocSc Psychology,GE1401,SS1011,11003,T03
2507,BSocSc Psychology,GE1401,SS1101,11006,C01
2507,BSocSc Psychology,GE1401,GE1401,14270,TB7
2508,BSocSc Psychology,GE1401,SS1011,10999,C01
2508,BSocSc Psychology,GE1401,SS1011,11002,T02
2508,BSocSc Psychology,GE1401,SS1101,11006,C01
2508,BSocSc Psychology,GE1401,GE1401,15182,TC3
2509,BSocSc Psychology,GE1401,SS1011,10999,C01
2509,BSocSc Psychology,GE1401,SS1011,11003,T03
2509,BSocSc Psychology,GE1401,SS1101,11006,C01
2509,BSocSc Psychology,GE1401,GE1401,11496,T79
2510,BSocSc Psychology,GE1401,SS1011,10999,C01
2510,BSocSc Psychology,GE1401,SS1011,11003,T03
2510,BSocSc Psychology,GE1401,SS1101,11006,C01
2510,BSocSc Psychology,GE1401,GE1401,13571,T99
2511,BSocSc Psychology,GE1401,GE1401,10723,T56
2511,BSocSc Psychology,GE1401,SS1101,11172,CM1
2511,BSocSc Psychology,GE1401,SS1011,11321,CG1
2511,BSocSc Psychology,GE1401,SS1011,11867,TG4
2512,BSocSc Psychology,GE1401,SS1011,10999,C01
2512,BSocSc Psychology,GE1401,SS1011,11003,T03
2512,BSocSc Psychology,GE1401,SS1101,11006,C01
2512,BSocSc Psychology,GE1401,GE1401,11496,T79
2513,BSocSc Psychology,GE1401,SS1011,10999,C01
2513,BSocSc Psychology,GE1401,SS1011,11005,T05
2513,BSocSc Psychology,GE1401,SS1101,11172,CM1
2513,BSocSc Psychology,GE1401,GE1401,15601,T28
2514,BSocSc Psychology,GE1401,SS1101,11172,CM1
2514,BSocSc Psychology,GE1401,SS1011,11321,CG1
2514,BSocSc Psychology,GE1401,SS1011,11322,TG1
2514,BSocSc Psychology,GE1401,GE1401,15601,T28
2515,BSocSc Psychology,GE1401,SS1011,10999,C01
2515,BSocSc Psychology,GE1401,SS1011,11004,T04
2515,BSocSc Psychology,GE1401,SS1101,11006,C01
2515,BSocSc Psychology,GE1401,GE1401,11496,T79
2516,BSocSc Psychology,GE1401,SS1011,10999,C01
2516,BSocSc Psychology,GE1401,SS1011,11005,T05
2516,BSocSc Psychology,GE1401,SS1101,11172,CM1
2516,BSocSc Psychology,GE1401,GE1401,11494,T76
2517,BSocSc Psychology,GE1401,SS1101,11172,CM1
2517,BSocSc Psychology,GE1401,SS1011,11321,CG1
2517,BSocSc Psychology,GE1401,SS1011,11323,TG2
2517,BSocSc Psychology,GE1401,GE1401,12735,T74
2518,BSocSc Psychology,GE1401,SS1011,10999,C01
2518,BSocSc Psychology,GE1401,SS1011,11002,T02
2518,BSocSc Psychology,GE1401,SS1101,11006,C01
2518,BSocSc Psychology,GE1401,GE1401,11507,T80
2519,BSocSc Psychology,GE1401,GE1401,10685,T08
2519,BSocSc Psychology,GE1401,SS1101,11172,CM1
2519,BSocSc Psychology,GE1401,SS1011,11321,CG1
2519,BSocSc Psychology,GE1401,SS1011,11322,TG1
2520,BSocSc Psychology,GE1401,SS1011,10999,C01
2520,BSocSc Psychology,GE1401,SS1011,11005,T05
2520,BSocSc Psychology,GE1401,SS1101,11172,CM1
2520,BSocSc Psychology,GE1401,GE1401,12398,T70
2521,BSocSc Psychology,GE1401,GE1401,10724,T57
2521,BSocSc Psychology,GE1401,SS1011,10999,C01
2521,BSocSc Psychology,GE1401,SS1011,11003,T03
2521,BSocSc Psychology,GE1401,SS1101,11006,C01
2522,BSocSc Psychology,GE1401,SS1011,10999,C01
2522,BSocSc Psychology,GE1401,SS1011,11003,T03
2522,BSocSc Psychology,GE1401,SS1101,11006,C01
2522,BSocSc Psychology,GE1401,GE1401,14270,TB7
2523,BSocSc Psychology,GE1401,SS1011,10999,C01
2523,BSocSc Psychology,GE1401,SS1011,11005,T05
2523,BSocSc Psychology,GE1401,SS1101,11172,CM1
2523,BSocSc Psychology,GE1401,GE1401,15601,T28
2524,BSocSc Psychology,GE1401,SS1011,10999,C01
2524,BSocSc Psychology,GE1401,SS1011,11005,T05
2524,BSocSc Psychology,GE1401,SS1101,11172,CM1
2524,BSocSc Psychology,GE1401,GE1401,15601,T28
2525,BSocSc Psychology,GE1401,SS1011,10999,C01
2525,BSocSc Psychology,GE1401,SS1011,11003,T03
2525,BSocSc Psychology,GE1401,SS1101,11006,C01
2525,BSocSc Psychology,GE1401,GE1401,11496,T79
2526,BSocSc Psychology,GE1401,SS1011,10999,C01
2526,BSocSc Psychology,GE1401,SS1011,11005,T05
2526,BSocSc Psychology,GE1401,SS1101,11007,CJ1
2526,BSocSc Psychology,GE1401,GE1401,14271,TB8
2527,BSocSc Psychology,GE1401,SS1011,10999,C01
2527,BSocSc Psychology,GE1401,SS1011,11004,T04
2527,BSocSc Psychology,GE1401,SS1101,11006,C01
2527,BSocSc Psychology,GE1401,GE1401,12124,T49
2528,BSocSc Psychology,GE1401,SS1011,10999,C01
2528,BSocSc Psychology,GE1401,SS1011,11003,T03
2528,BSocSc Psychology,GE1401,SS1101,11006,C01
2528,BSocSc Psychology,GE1401,GE1401,14270,TB7
2529,BSocSc Psychology,GE1401,SS1011,10999,C01
2529,BSocSc Psychology,GE1401,SS1011,11005,T05
2529,BSocSc Psychology,GE1401,SS1101,11172,CM1
2529,BSocSc Psychology,GE1401,GE1401,15601,T28
2530,BSocSc Psychology,GE1401,SS1011,10999,C01
2530,BSocSc Psychology,GE1401,SS1011,11003,T03
2530,BSocSc Psychology,GE1401,SS1101,11006,C01
2530,BSocSc Psychology,GE1401,GE1401,13571,T99
2531,BSocSc Psychology,GE1401,SS1011,10999,C01
2531,BSocSc Psychology,GE1401,SS1011,11004,T04
2531,BSocSc Psychology,GE1401,SS1101,11006,C01
2531,BSocSc Psychology,GE1401,GE1401,12124,T49
2532,BSocSc Psychology,LC0200A,SS1011,10999,C01
2532,BSocSc Psychology,LC0200A,SS1011,11005,T05
2532,BSocSc Psychology,LC0200A,SS1101,11007,CJ1
2532,BSocSc Psychology,LC0200A,LC0200A,11030,T31
2533,BSocSc Psychology,LC0200A,SS1011,10999,C01
2533,BSocSc Psychology,LC0200A,SS1011,11005,T05
2533,BSocSc Psychology,LC0200A,LC0200A,11030,T31
2533,BSocSc Psychology,LC0200A,SS1101,11172,CM1
2534,BSocSc Psychology,LC0200A,LC0200A,10882,T13
2534,BSocSc Psychology,LC0200A,SS1101,11172,CM1
2534,BSocSc Psychology,LC0200A,SS1011,11321,CG1
2534,BSocSc Psychology,LC0200A,SS1011,11323,TG2
2535,BSocSc Psychology,LC0200A,LC0200A,10864,T04
2535,BSocSc Psychology,LC0200A,SS1011,10999,C01
2535,BSocSc Psychology,LC0200A,SS1011,11004,T04
2535,BSocSc Psychology,LC0200A,SS1101,11006,C01
2536,BSocSc Psychology,LC0200A,LC0200A,10865,T05
2536,BSocSc Psychology,LC0200A,SS1011,10999,C01
2536,BSocSc Psychology,LC0200A,SS1011,11004,T04
2536,BSocSc Psychology,LC0200A,SS1101,11006,C01
2537,BSocSc Psychology,LC0200A,LC0200A,10864,T04
2537,BSocSc Psychology,LC0200A,SS1011,10999,C01
2537,BSocSc Psychology,LC0200A,SS1011,11004,T04
2537,BSocSc Psychology,LC0200A,SS1101,11006,C01
2538,BSocSc Psychology,LC0200A,SS1011,10999,C01
2538,BSocSc Psychology,LC0200A,SS1011,11005,T05
2538,BSocSc Psychology,LC0200A,SS1101,11006,C01
2538,BSocSc Psychology,LC0200A,LC0200A,11976,T37
2539,BSocSc Psychology,LC0200A,SS1011,10999,C01
2539,BSocSc Psychology,LC0200A,SS1011,11005,T05
2539,BSocSc Psychology,LC0200A,SS1101,11006,C01
2539,BSocSc Psychology,LC0200A,LC0200A,11976,T37
2540,BSocSc Psychology,LC0200A,LC0200A,10882,T13
2540,BSocSc Psychology,LC0200A,SS1101,11172,CM1
2540,BSocSc Psychology,LC0200A,SS1011,11321,CG1
2540,BSocSc Psychology,LC0200A,SS1011,11868,TG5
2541,BSocSc Psychology,LC0200A,LC0200A,10864,T04
2541,BSocSc Psychology,LC0200A,SS1011,10999,C01
2541,BSocSc Psychology,LC0200A,SS1011,11003,T03
2541,BSocSc Psychology,LC0200A,SS1101,11006,C01
2542,BSocSc Psychology,LC0200A,SS1011,10999,C01
2542,BSocSc Psychology,LC0200A,SS1011,11005,T05
2542,BSocSc Psychology,LC0200A,SS1101,11006,C01
2542,BSocSc Psychology,LC0200A,LC0200A,11976,T37
2543,BSocSc Psychology,LC0200A,LC0200A,10864,T04
2543,BSocSc Psychology,LC0200A,SS1011,10999,C01
2543,BSocSc Psychology,LC0200A,SS1011,11004,T04
2543,BSocSc Psychology,LC0200A,SS1101,11006,C01
2544,BSocSc Psychology,LC0200A,SS1011,10999,C01
2544,BSocSc Psychology,LC0200A,SS1011,11005,T05
2544,BSocSc Psychology,LC0200A,LC0200A,11030,T31
2544,BSocSc Psychology,LC0200A,SS1101,11172,CM1
2545,BSocSc Psychology,LC0200A,SS1011,10999,C01
2545,BSocSc Psychology,LC0200A,SS1011,11005,T05
2545,BSocSc Psychology,LC0200A,SS1101,11006,C01
2545,BSocSc Psychology,LC0200A,LC0200A,11976,T37
2546,BSocSc Psychology,LC0200A,LC0200A,10877,T08
2546,BSocSc Psychology,LC0200A,SS1011,10999,C01
2546,BSocSc Psychology,LC0200A,SS1011,11003,T03
2546,BSocSc Psychology,LC0200A,SS1101,11006,C01
2547,BSocSc Social Work,GE1401,GE1401,10724,T57
2547,BSocSc Social Work,GE1401,SS1011,10999,C01
2547,BSocSc Social Work,GE1401,SS1011,11003,T03
2547,BSocSc Social Work,GE1401,SS1101,11006,C01
2548,BSocSc Social Work,GE1401,SS1011,10999,C01
2548,BSocSc Social Work,GE1401,SS1011,11004,T04
2548,BSocSc Social Work,GE1401,SS1101,11006,C01
2548,BSocSc Social Work,GE1401,GE1401,13263,T92
2549,BSocSc Social Work,GE1401,SS1101,11172,CM1
2549,BSocSc Social Work,GE1401,SS1011,11321,CG1
2549,BSocSc Social Work,GE1401,SS1011,11324,TG3
2549,BSocSc Social Work,GE1401,GE1401,12735,T74
2550,BSocSc Social Work,GE1401,SS1011,10999,C01
2550,BSocSc Social Work,GE1401,SS1011,11003,T03
2550,BSocSc Social Work,GE1401,SS1101,11006,C01
2550,BSocSc Social Work,GE1401,GE1401,12399,T72
2551,BSocSc Social Work,GE1401,SS1011,10999,C01
2551,BSocSc Social Work,GE1401,SS1011,11002,T02
2551,BSocSc Social Work,GE1401,SS1101,11006,C01
2551,BSocSc Social Work,GE1401,GE1401,14270,TB7
2552,BSocSc Social Work,GE1401,SS1011,10999,C01
2552,BSocSc Social Work,GE1401,SS1011,11004,T04
2552,BSocSc Social Work,GE1401,SS1101,11006,C01
2552,BSocSc Social Work,GE1401,GE1401,13263,T92
2553,BSocSc Social Work,GE1401,SS1011,10999,C01
2553,BSocSc Social Work,GE1401,SS1011,11002,T02
2553,BSocSc Social Work,GE1401,SS1101,11006,C01
2553,BSocSc Social Work,GE1401,GE1401,15182,TC3
2554,BSocSc Social Work,GE1401,SS1011,10999,C01
2554,BSocSc Social Work,GE1401,SS1011,11004,T04
2554,BSocSc Social Work,GE1401,SS1101,11006,C01
2554,BSocSc Social Work,GE1401,GE1401,12124,T49
2555,BSocSc Social Work,GE1401,SS1011,10999,C01
2555,BSocSc Social Work,GE1401,SS1011,11005,T05
2555,BSocSc Social Work,GE1401,SS1101,11172,CM1
2555,BSocSc Social Work,GE1401,GE1401,11494,T76
2556,BSocSc Social Work,GE1401,SS1011,10999,C01
2556,BSocSc Social Work,GE1401,SS1011,11003,T03
2556,BSocSc Social Work,GE1401,SS1101,11006,C01
2556,BSocSc Social Work,GE1401,GE1401,14270,TB7
2557,BSocSc Social Work,GE1401,GE1401,10357,T01
2557,BSocSc Social Work,GE1401,SS1101,11172,CM1
2557,BSocSc Social Work,GE1401,SS1011,11321,CG1
2557,BSocSc Social Work,GE1401,SS1011,11868,TG5
2558,BSocSc Social Work,GE1401,SS1011,10999,C01
2558,BSocSc Social Work,GE1401,SS1011,11005,T05
2558,BSocSc Social Work,GE1401,SS1101,11006,C01
2558,BSocSc Social Work,GE1401,GE1401,12121,T33
2559,BSocSc Social Work,GE1401,SS1011,10999,C01
2559,BSocSc Social Work,GE1401,SS1011,11002,T02
2559,BSocSc Social Work,GE1401,SS1101,11006,C01
2559,BSocSc Social Work,GE1401,GE1401,15182,TC3
2560,BSocSc Social Work,GE1401,SS1011,10999,C01
2560,BSocSc Social Work,GE1401,SS1011,11003,T03
2560,BSocSc Social Work,GE1401,SS1101,11006,C01
2560,BSocSc Social Work,GE1401,GE1401,12399,T72
2561,BSocSc Social Work,GE1401,SS1011,10999,C01
2561,BSocSc Social Work,GE1401,SS1011,11005,T05
2561,BSocSc Social Work,GE1401,SS1101,11007,CJ1
2561,BSocSc Social Work,GE1401,GE1401,14271,TB8
2562,BSocSc Social Work,GE1401,GE1401,10357,T01
2562,BSocSc Social Work,GE1401,SS1101,11172,CM1
2562,BSocSc Social Work,GE1401,SS1011,11321,CG1
2562,BSocSc Social Work,GE1401,SS1011,11867,TG4
2563,BSocSc Social Work,GE1401,SS1011,10999,C01
2563,BSocSc Social Work,GE1401,SS1011,11003,T03
2563,BSocSc Social Work,GE1401,SS1101,11006,C01
2563,BSocSc Social Work,GE1401,GE1401,12399,T72
2564,BSocSc Social Work,GE1401,SS1011,10999,C01
2564,BSocSc Social Work,GE1401,SS1011,11003,T03
2564,BSocSc Social Work,GE1401,SS1101,11006,C01
2564,BSocSc Social Work,GE1401,GE1401,11496,T79
2565,BSocSc Social Work,GE1401,SS1011,10999,C01
2565,BSocSc Social Work,GE1401,SS1011,11004,T04
2565,BSocSc Social Work,GE1401,SS1101,11006,C01
2565,BSocSc Social Work,GE1401,GE1401,12121,T33
2566,BSocSc Social Work,GE1401,SS1011,10999,C01
2566,BSocSc Social Work,GE1401,SS1011,11004,T04
2566,BSocSc Social Work,GE1401,SS1101,11006,C01
2566,BSocSc Social Work,GE1401,GE1401,12121,T33
2567,BSocSc Social Work,GE1401,SS1101,11172,CM1
2567,BSocSc Social Work,GE1401,SS1011,11321,CG1
2567,BSocSc Social Work,GE1401,SS1011,11323,TG2
2567,BSocSc Social Work,GE1401,GE1401,12735,T74
2568,BSocSc Social Work,GE1401,SS1011,10999,C01
2568,BSocSc Social Work,GE1401,SS1011,11004,T04
2568,BSocSc Social Work,GE1401,SS1101,11006,C01
2568,BSocSc Social Work,GE1401,GE1401,11496,T79
2569,BSocSc Social Work,GE1401,GE1401,10727,T60
2569,BSocSc Social Work,GE1401,SS1101,11172,CM1
2569,BSocSc Social Work,GE1401,SS1011,11321,CG1
2569,BSocSc Social Work,GE1401,SS1011,11324,TG3
2570,BSocSc Social Work,GE1401,SS1011,10999,C01
2570,BSocSc Social Work,GE1401,SS1011,11003,T03
2570,BSocSc Social Work,GE1401,SS1101,11006,C01
2570,BSocSc Social Work,GE1401,GE1401,11496,T79
2571,BSocSc Social Work,GE1401,SS1011,10999,C01
2571,BSocSc Social Work,GE1401,SS1011,11004,T04
2571,BSocSc Social Work,GE1401,SS1101,11006,C01
2571,BSocSc Social Work,GE1401,GE1401,12124,T49
2572,BSocSc Social Work,GE1401,SS1011,10999,C01
2572,BSocSc Social Work,GE1401,SS1011,11005,T05
2572,BSocSc Social Work,GE1401,SS1101,11172,CM1
2572,BSocSc Social Work,GE1401,GE1401,11494,T76
2573,BSocSc Social Work,GE1401,GE1401,10727,T60
2573,BSocSc Social Work,GE1401,SS1101,11172,CM1
2573,BSocSc Social Work,GE1401,SS1011,11321,CG1
2573,BSocSc Social Work,GE1401,SS1011,11324,TG3
2574,BSocSc Social Work,GE1401,SS1011,10999,C01
2574,BSocSc Social Work,GE1401,SS1011,11004,T04
2574,BSocSc Social Work,GE1401,SS1101,11006,C01
2574,BSocSc Social Work,GE1401,GE1401,12124,T49
2575,BSocSc Social Work,GE1401,SS1011,10999,C01
2575,BSocSc Social Work,GE1401,SS1011,11003,T03
2575,BSocSc Social Work,GE1401,SS1101,11006,C01
2575,BSocSc Social Work,GE1401,GE1401,14270,TB7
2576,BSocSc Social Work,GE1401,SS1011,10999,C01
2576,BSocSc Social Work,GE1401,SS1011,11005,T05
2576,BSocSc Social Work,GE1401,SS1101,11007,CJ1
2576,BSocSc Social Work,GE1401,GE1401,11504,T90
2577,BSocSc Social Work,LC0200A,LC0200A,10891,T23
2577,BSocSc Social Work,LC0200A,SS1011,10999,C01
2577,BSocSc Social Work,LC0200A,SS1011,11002,T02
2577,BSocSc Social Work,LC0200A,SS1101,11006,C01
2578,BSocSc Social Work,LC0200A,SS1011,10999,C01
2578,BSocSc Social Work,LC0200A,SS1011,11005,T05
2578,BSocSc Social Work,LC0200A,SS1101,11007,CJ1
2578,BSocSc Social Work,LC0200A,LC0200A,11976,T37
2579,BSocSc Social Work,LC0200A,LC0200A,10890,T22
2579,BSocSc Social Work,LC0200A,SS1011,10999,C01
2579,BSocSc Social Work,LC0200A,SS1011,11003,T03
2579,BSocSc Social Work,LC0200A,SS1101,11006,C01
2580,BSocSc Social Work,LC0200A,SS1011,10999,C01
2580,BSocSc Social Work,LC0200A,SS1011,11005,T05
2580,BSocSc Social Work,LC0200A,SS1101,11006,C01
2580,BSocSc Social Work,LC0200A,LC0200A,11976,T37
2581,BSocSc Social Work,LC0200A,LC0200A,10890,T22
2581,BSocSc Social Work,LC0200A,SS1011,10999,C01
2581,BSocSc Social Work,LC0200A,SS1011,11003,T03
2581,BSocSc Social Work,LC0200A,SS1101,11006,C01
2582,BSocSc Social Work,LC0200A,LC0200A,10887,T19
2582,BSocSc Social Work,LC0200A,SS1011,10999,C01
2582,BSocSc Social Work,LC0200A,SS1011,11003,T03
2582,BSocSc Social Work,LC0200A,SS1101,11006,C01
2583,BSocSc Social Work,LC0200A,LC0200A,10894,T26
2583,BSocSc Social Work,LC0200A,SS1011,10999,C01
2583,BSocSc Social Work,LC0200A,SS1011,11002,T02
2583,BSocSc Social Work,LC0200A,SS1101,11006,C01
2584,BSocSc Social Work,LC0200A,LC0200A,10894,T26
2584,BSocSc Social Work,LC0200A,SS1011,10999,C01
2584,BSocSc Social Work,LC0200A,SS1011,11002,T02
2584,BSocSc Social Work,LC0200A,SS1101,11006,C01
2585,BSocSc Social Work,LC0200A,LC0200A,10882,T13
2585,BSocSc Social Work,LC0200A,SS1101,11172,CM1
2585,BSocSc Social Work,LC0200A,SS1011,11321,CG1
2585,BSocSc Social Work,LC0200A,SS1011,11322,TG1
2586,BSocSc Social Work,LC0200A,SS1011,10999,C01
2586,BSocSc Social Work,LC0200A,SS1011,11004,T04
2586,BSocSc Social Work,LC0200A,SS1101,11006,C01
2586,BSocSc Social Work,LC0200A,LC0200A,11976,T37
2587,BSocSc Social Work,LC0200A,SS1011,10999,C01
2587,BSocSc Social Work,LC0200A,SS1011,11005,T05
2587,BSocSc Social Work,LC0200A,LC0200A,11030,T31
2587,BSocSc Social Work,LC0200A,SS1101,11172,CM1
2588,BSocSc Social Work,LC0200A,LC0200A,10887,T19
2588,BSocSc Social Work,LC0200A,SS1011,10999,C01
2588,BSocSc Social Work,LC0200A,SS1011,11003,T03
2588,BSocSc Social Work,LC0200A,SS1101,11006,C01
2589,BSocSc Social Work,LC0200A,SS1011,10999,C01
2589,BSocSc Social Work,LC0200A,SS1011,11005,T05
2589,BSocSc Social Work,LC0200A,LC0200A,11030,T31
2589,BSocSc Social Work,LC0200A,SS1101,11172,CM1
2590,BA Creative Media,GE1401,GE1401,10710,T37
2590,BA Creative Media,GE1401,SM1103A,11198,C01
2590,BA Creative Media,GE1401,SM1701,12136,CA2
2590,BA Creative Media,GE1401,SM1702A,15381,C01
2590,BA Creative Media,GE1401,SM1702A,15384,L03
2591,BA Creative Media,GE1401,GE1401,10726,T59
2591,BA Creative Media,GE1401,SM1103A,11200,C03
2591,BA Creative Media,GE1401,SM1701,12134,C02
2591,BA Creative Media,GE1401,SM1702A,15381,C01
2591,BA Creative Media,GE1401,SM1702A,15386,L05
2592,BA Creative Media,GE1401,GE1401,10695,T19
2592,BA Creative Media,GE1401,SM1103A,11199,C02
2592,BA Creative Media,GE1401,SM1701,12134,C02
2592,BA Creative Media,GE1401,SM1702A,15381,C01
2592,BA Creative Media,GE1401,SM1702A,15383,L02
2593,BA Creative Media,GE1401,GE1401,10717,T48
2593,BA Creative Media,GE1401,SM1103A,11199,C02
2593,BA Creative Media,GE1401,SM1701,12134,C02
2593,BA Creative Media,GE1401,SM1702A,15381,C01
2593,BA Creative Media,GE1401,SM1702A,15383,L02
2594,BA Creative Media,GE1401,GE1401,10705,T30
2594,BA Creative Media,GE1401,SM1103A,11199,C02
2594,BA Creative Media,GE1401,SM1701,12134,C02
2594,BA Creative Media,GE1401,SM1702A,15381,C01
2594,BA Creative Media,GE1401,SM1702A,15383,L02
2595,BA Creative Media,GE1401,GE1401,10697,T21
2595,BA Creative Media,GE1401,SM1103A,11198,C01
2595,BA Creative Media,GE1401,SM1701,12134,C02
2595,BA Creative Media,GE1401,SM1702A,15381,C01
2595,BA Creative Media,GE1401,SM1702A,15387,L06
2596,BA Creative Media,GE1401,GE1401,10684,T07
2596,BA Creative Media,GE1401,SM1103A,11199,C02
2596,BA Creative Media,GE1401,SM1701,12134,C02
2596,BA Creative Media,GE1401,SM1702A,15381,C01
2596,BA Creative Media,GE1401,SM1702A,15386,L05
2597,BA Creative Media,GE1401,GE1401,10689,T12
2597,BA Creative Media,GE1401,SM1103A,11198,C01
2597,BA Creative Media,GE1401,SM1701,12134,C02
2597,BA Creative Media,GE1401,SM1702A,15381,C01
2597,BA Creative Media,GE1401,SM1702A,15384,L03
2598,BA Creative Media,GE1401,GE1401,10705,T30
2598,BA Creative Media,GE1401,SM1103A,11199,C02
2598,BA Creative Media,GE1401,SM1701,12134,C02
2598,BA Creative Media,GE1401,SM1702A,15381,C01
2598,BA Creative Media,GE1401,SM1702A,15383,L02
2599,BA Creative Media,GE1401,GE1401,10717,T48
2599,BA Creative Media,GE1401,SM1103A,11199,C02
2599,BA Creative Media,GE1401,SM1701,12134,C02
2599,BA Creative Media,GE1401,SM1702A,15381,C01
2599,BA Creative Media,GE1401,SM1702A,15383,L02
2600,BA Creative Media,GE1401,GE1401,10704,T29
2600,BA Creative Media,GE1401,SM1103A,11198,C01
2600,BA Creative Media,GE1401,SM1701,12134,C02
2600,BA Creative Media,GE1401,SM1702A,15381,C01
2600,BA Creative Media,GE1401,SM1702A,15383,L02
2601,BA Creative Media,GE1401,GE1401,10686,T09
2601,BA Creative Media,GE1401,SM1103A,11199,C02
2601,BA Creative Media,GE1401,SM1701,12136,CA2
2601,BA Creative Media,GE1401,SM1702A,15381,C01
2601,BA Creative Media,GE1401,SM1702A,15384,L03
2602,BA Creative Media,GE1401,GE1401,10730,T64
2602,BA Creative Media,GE1401,SM1103A,11199,C02
2602,BA Creative Media,GE1401,SM1701,12134,C02
2602,BA Creative Media,GE1401,SM1702A,15381,C01
2602,BA Creative Media,GE1401,SM1702A,15386,L05
2603,BA Creative Media,GE1401,GE1401,10686,T09
2603,BA Creative Media,GE1401,SM1103A,11199,C02
2603,BA Creative Media,GE1401,SM1701,12136,CA2
2603,BA Creative Media,GE1401,SM1702A,15388,CA1
2603,BA Creative Media,GE1401,SM1702A,15389,LA1
2604,BA Creative Media,GE1401,GE1401,10720,T53
2604,BA Creative Media,GE1401,SM1103A,11199,C02
2604,BA Creative Media,GE1401,SM1701,12134,C02
2604,BA Creative Media,GE1401,SM1702A,15381,C01
2604,BA Creative Media,GE1401,SM1702A,15382,L01
2605,BA Creative Media,GE1401,SM1103A,11199,C02
2605,BA Creative Media,GE1401,GE1401,11505,T93
2605,BA Creative Media,GE1401,SM1701,12134,C02
2605,BA Creative Media,GE1401,SM1702A,15381,C01
2605,BA Creative Media,GE1401,SM1702A,15387,L06
2606,BA Creative Media,GE1401,GE1401,10697,T21
2606,BA Creative Media,GE1401,SM1103A,11198,C01
2606,BA Creative Media,GE1401,SM1701,12134,C02
2606,BA Creative Media,GE1401,SM1702A,15381,C01
2606,BA Creative Media,GE1401,SM1702A,15387,L06
2607,BA Creative Media,GE1401,GE1401,10726,T59
2607,BA Creative Media,GE1401,SM1103A,11200,C03
2607,BA Creative Media,GE1401,SM1701,12134,C02
2607,BA Creative Media,GE1401,SM1702A,15381,C01
2607,BA Creative Media,GE1401,SM1702A,15386,L05
2608,BA Creative Media,GE1401,GE1401,10695,T19
2608,BA Creative Media,GE1401,SM1103A,11199,C02
2608,BA Creative Media,GE1401,SM1701,12136,CA2
2608,BA Creative Media,GE1401,SM1702A,15381,C01
2608,BA Creative Media,GE1401,SM1702A,15384,L03
2609,BA Creative Media,GE1401,SM1103A,11198,C01
2609,BA Creative Media,GE1401,SM1701,12134,C02
2609,BA Creative Media,GE1401,GE1401,15205,TC5
2609,BA Creative Media,GE1401,SM1702A,15381,C01
2609,BA Creative Media,GE1401,SM1702A,15387,L06
2610,BA Creative Media,GE1401,GE1401,10689,T12
2610,BA Creative Media,GE1401,SM1103A,11198,C01
2610,BA Creative Media,GE1401,SM1701,12134,C02
2610,BA Creative Media,GE1401,SM1702A,15381,C01
2610,BA Creative Media,GE1401,SM1702A,15384,L03
2611,BA Creative Media,GE1401,SM1103A,11198,C01
2611,BA Creative Media,GE1401,SM1701,12134,C02
2611,BA Creative Media,GE1401,GE1401,13263,T92
2611,BA Creative Media,GE1401,SM1702A,15388,CA1
2611,BA Creative Media,GE1401,SM1702A,15390,LA4
2612,BA Creative Media,GE1401,GE1401,10695,T19
2612,BA Creative Media,GE1401,SM1103A,11199,C02
2612,BA Creative Media,GE1401,SM1701,12136,CA2
2612,BA Creative Media,GE1401,SM1702A,15381,C01
2612,BA Creative Media,GE1401,SM1702A,15384,L03
2613,BA Creative Media,GE1401,GE1401,10705,T30
2613,BA Creative Media,GE1401,SM1103A,11199,C02
2613,BA Creative Media,GE1401,SM1701,12134,C02
2613,BA Creative Media,GE1401,SM1702A,15381,C01
2613,BA Creative Media,GE1401,SM1702A,15383,L02
2614,BA Creative Media,GE1401,GE1401,10726,T59
2614,BA Creative Media,GE1401,SM1103A,11200,C03
2614,BA Creative Media,GE1401,SM1701,12134,C02
2614,BA Creative Media,GE1401,SM1702A,15381,C01
2614,BA Creative Media,GE1401,SM1702A,15386,L05
2615,BA Creative Media,GE1401,SM1103A,11198,C01
2615,BA Creative Media,GE1401,SM1701,12134,C02
2615,BA Creative Media,GE1401,GE1401,15205,TC5
2615,BA Creative Media,GE1401,SM1702A,15381,C01
2615,BA Creative Media,GE1401,SM1702A,15387,L06
2616,BA Creative Media,GE1401,GE1401,10720,T53
2616,BA Creative Media,GE1401,SM1103A,11199,C02
2616,BA Creative Media,GE1401,SM1701,12134,C02
2616,BA Creative Media,GE1401,SM1702A,15381,C01
2616,BA Creative Media,GE1401,SM1702A,15382,L01
2617,BA Creative Media,GE1401,GE1401,10684,T07
2617,BA Creative Media,GE1401,SM1103A,11199,C02
2617,BA Creative Media,GE1401,SM1701,12134,C02
2617,BA Creative Media,GE1401,SM1702A,15381,C01
2617,BA Creative Media,GE1401,SM1702A,15386,L05
2618,BA Creative Media,GE1401,SM1103A,11199,C02
2618,BA Creative Media,GE1401,SM1701,12134,C02
2618,BA Creative Media,GE1401,GE1401,12733,T62
2618,BA Creative Media,GE1401,SM1702A,15381,C01
2618,BA Creative Media,GE1401,SM1702A,15382,L01
2619,BA Creative Media,GE1401,GE1401,10705,T30
2619,BA Creative Media,GE1401,SM1103A,11199,C02
2619,BA Creative Media,GE1401,SM1701,12134,C02
2619,BA Creative Media,GE1401,SM1702A,15381,C01
2619,BA Creative Media,GE1401,SM1702A,15383,L02
2620,BA Creative Media,GE1401,GE1401,10710,T37
2620,BA Creative Media,GE1401,SM1103A,11198,C01
2620,BA Creative Media,GE1401,SM1701,12136,CA2
2620,BA Creative Media,GE1401,SM1702A,15381,C01
2620,BA Creative Media,GE1401,SM1702A,15384,L03
2621,BA Creative Media,GE1401,SM1103A,11198,C01
2621,BA Creative Media,GE1401,SM1701,12134,C02
2621,BA Creative Media,GE1401,GE1401,15183,TC4
2621,BA Creative Media,GE1401,SM1702A,15381,C01
2621,BA Creative Media,GE1401,SM1702A,15387,L06
2622,BA Creative Media,GE1401,GE1401,10717,T48
2622,BA Creative Media,GE1401,SM1103A,11199,C02
2622,BA Creative Media,GE1401,SM1701,12134,C02
2622,BA Creative Media,GE1401,SM1702A,15381,C01
2622,BA Creative Media,GE1401,SM1702A,15383,L02
2623,BA Creative Media,GE1401,SM1103A,11198,C01
2623,BA Creative Media,GE1401,SM1701,12134,C02
2623,BA Creative Media,GE1401,GE1401,15205,TC5
2623,BA Creative Media,GE1401,SM1702A,15381,C01
2623,BA Creative Media,GE1401,SM1702A,15387,L06
2624,BA Creative Media,GE1401,GE1401,10686,T09
2624,BA Creative Media,GE1401,SM1103A,11199,C02
2624,BA Creative Media,GE1401,SM1701,12136,CA2
2624,BA Creative Media,GE1401,SM1702A,15381,C01
2624,BA Creative Media,GE1401,SM1702A,15384,L03
2625,BA Creative Media,GE1401,SM1103A,11198,C01
2625,BA Creative Media,GE1401,SM1701,12134,C02
2625,BA Creative Media,GE1401,GE1401,15183,TC4
2625,BA Creative Media,GE1401,SM1702A,15388,CA1
2625,BA Creative Media,GE1401,SM1702A,15390,LA4
2626,BA Creative Media,GE1401,SM1103A,11200,C03
2626,BA Creative Media,GE1401,GE1401,11506,T78
2626,BA Creative Media,GE1401,SM1701,12134,C02
2626,BA Creative Media,GE1401,SM1702A,15381,C01
2626,BA Creative Media,GE1401,SM1702A,15387,L06
2627,BA Creative Media,GE1401,GE1401,10686,T09
2627,BA Creative Media,GE1401,SM1103A,11199,C02
2627,BA Creative Media,GE1401,SM1701,12136,CA2
2627,BA Creative Media,GE1401,SM1702A,15381,C01
2627,BA Creative Media,GE1401,SM1702A,15384,L03
2628,BA Creative Media,GE1401,SM1103A,11200,C03
2628,BA Creative Media,GE1401,GE1401,11498,T83
2628,BA Creative Media,GE1401,SM1701,12134,C02
2628,BA Creative Media,GE1401,SM1702A,15381,C01
2628,BA Creative Media,GE1401,SM1702A,15386,L05
2629,BA Creative Media,LC0200A,LC0200A,11029,T30
2629,BA Creative Media,LC0200A,SM1103A,11199,C02
2629,BA Creative Media,LC0200A,SM1701,12134,C02
2629,BA Creative Media,LC0200A,SM1702A,15381,C01
2629,BA Creative Media,LC0200A,SM1702A,15386,L05
2630,BA Creative Media,LC0200A,LC0200A,11029,T30
2630,BA Creative Media,LC0200A,SM1103A,11199,C02
2630,BA Creative Media,LC0200A,SM1701,12134,C02
2630,BA Creative Media,LC0200A,SM1702A,15381,C01
2630,BA Creative Media,LC0200A,SM1702A,15386,L05
2631,BA Creative Media,LC0200A,LC0200A,11170,T32
2631,BA Creative Media,LC0200A,SM1103A,11198,C01
2631,BA Creative Media,LC0200A,SM1701,12134,C02
2631,BA Creative Media,LC0200A,SM1702A,15381,C01
2631,BA Creative Media,LC0200A,SM1702A,15382,L01
2632,BA Creative Media,LC0200A,LC0200A,11170,T32
2632,BA Creative Media,LC0200A,SM1103A,11198,C01
2632,BA Creative Media,LC0200A,SM1701,12134,C02
2632,BA Creative Media,LC0200A,SM1702A,15381,C01
2632,BA Creative Media,LC0200A,SM1702A,15382,L01
2633,BA Creative Media,LC0200A,LC0200A,10883,T14
2633,BA Creative Media,LC0200A,SM1103A,11198,C01
2633,BA Creative Media,LC0200A,SM1701,12134,C02
2633,BA Creative Media,LC0200A,SM1702A,15381,C01
2633,BA Creative Media,LC0200A,SM1702A,15384,L03
2634,BA Creative Media,LC0200A,LC0200A,11170,T32
2634,BA Creative Media,LC0200A,SM1103A,11198,C01
2634,BA Creative Media,LC0200A,SM1701,12134,C02
2634,BA Creative Media,LC0200A,SM1702A,15381,C01
2634,BA Creative Media,LC0200A,SM1702A,15383,L02
2635,BA Creative Media,LC0200A,LC0200A,10887,T19
2635,BA Creative Media,LC0200A,SM1103A,11198,C01
2635,BA Creative Media,LC0200A,SM1701,12134,C02
2635,BA Creative Media,LC0200A,SM1702A,15388,CA1
2635,BA Creative Media,LC0200A,SM1702A,15390,LA4
2636,BA Creative Media,LC0200A,SM1701,12136,CA2
2636,BA Creative Media,LC0200A,SM1103A,12664,CA1
2636,BA Creative Media,LC0200A,LC0200A,14950,T18
2636,BA Creative Media,LC0200A,SM1702A,15381,C01
2636,BA Creative Media,LC0200A,SM1702A,15384,L03
2637,BA Creative Media,LC0200A,LC0200A,11170,T32
2637,BA Creative Media,LC0200A,SM1103A,11198,C01
2637,BA Creative Media,LC0200A,SM1701,12134,C02
2637,BA Creative Media,LC0200A,SM1702A,15381,C01
2637,BA Creative Media,LC0200A,SM1702A,15382,L01
2638,BA Creative Media,LC0200A,SM1701,12136,CA2
2638,BA Creative Media,LC0200A,SM1103A,12664,CA1
2638,BA Creative Media,LC0200A,LC0200A,14950,T18
2638,BA Creative Media,LC0200A,SM1702A,15381,C01
2638,BA Creative Media,LC0200A,SM1702A,15384,L03
2639,BA Creative Media,LC0200A,LC0200A,11170,T32
2639,BA Creative Media,LC0200A,SM1103A,11198,C01
2639,BA Creative Media,LC0200A,SM1701,12134,C02
2639,BA Creative Media,LC0200A,SM1702A,15381,C01
2639,BA Creative Media,LC0200A,SM1702A,15382,L01
2640,BA Creative Media,LC0200A,LC0200A,11029,T30
2640,BA Creative Media,LC0200A,SM1103A,11199,C02
2640,BA Creative Media,LC0200A,SM1701,12134,C02
2640,BA Creative Media,LC0200A,SM1702A,15381,C01
2640,BA Creative Media,LC0200A,SM1702A,15386,L05
2641,BA Creative Media,LC0200A,LC0200A,10887,T19
2641,BA Creative Media,LC0200A,SM1103A,11198,C01
2641,BA Creative Media,LC0200A,SM1701,12134,C02
2641,BA Creative Media,LC0200A,SM1702A,15381,C01
2641,BA Creative Media,LC0200A,SM1702A,15387,L06
2642,BA Creative Media,LC0200A,SM1701,12136,CA2
2642,BA Creative Media,LC0200A,SM1103A,12664,CA1
2642,BA Creative Media,LC0200A,LC0200A,14952,T36
2642,BA Creative Media,LC0200A,SM1702A,15381,C01
2642,BA Creative Media,LC0200A,SM1702A,15384,L03
2643,BA Creative Media,LC0200A,LC0200A,10883,T14
2643,BA Creative Media,LC0200A,SM1103A,11198,C01
2643,BA Creative Media,LC0200A,SM1701,12134,C02
2643,BA Creative Media,LC0200A,SM1702A,15381,C01
2643,BA Creative Media,LC0200A,SM1702A,15383,L02
2644,BA Creative Media,LC0200A,SM1103A,11199,C02
2644,BA Creative Media,LC0200A,SM1701,12136,CA2
2644,BA Creative Media,LC0200A,LC0200A,14952,T36
2644,BA Creative Media,LC0200A,SM1702A,15381,C01
2644,BA Creative Media,LC0200A,SM1702A,15384,L03
2645,BA Creative Media,LC0200A,LC0200A,10887,T19
2645,BA Creative Media,LC0200A,SM1103A,11198,C01
2645,BA Creative Media,LC0200A,SM1701,12134,C02
2645,BA Creative Media,LC0200A,SM1702A,15381,C01
2645,BA Creative Media,LC0200A,SM1702A,15387,L06
2646,BSc Creative Media,GE1401,SM2714,10984,C01
2646,BSc Creative Media,GE1401,CS1103B,11249,L01
2646,BSc Creative Media,GE1401,SM1701,11745,C01
2646,BSc Creative Media,GE1401,GE1401,15182,TC3
2646,BSc Creative Media,GE1401,SM1702A,15381,C01
2646,BSc Creative Media,GE1401,SM1702A,15386,L05
2647,BSc Creative Media,GE1401,SM2714,10984,C01
2647,BSc Creative Media,GE1401,CS1103B,11249,L01
2647,BSc Creative Media,GE1401,GE1401,11498,T83
2647,BSc Creative Media,GE1401,SM1701,11745,C01
2647,BSc Creative Media,GE1401,SM1702A,15381,C01
2647,BSc Creative Media,GE1401,SM1702A,15386,L05
2648,BSc Creative Media,GE1401,SM2714,10984,C01
2648,BSc Creative Media,GE1401,CS1103B,11249,L01
2648,BSc Creative Media,GE1401,SM1701,11745,C01
2648,BSc Creative Media,GE1401,GE1401,13571,T99
2648,BSc Creative Media,GE1401,SM1702A,15381,C01
2648,BSc Creative Media,GE1401,SM1702A,15386,L05
2649,BSc Creative Media,GE1401,SM2714,10985,CA1
2649,BSc Creative Media,GE1401,CS1103B,11249,L01
2649,BSc Creative Media,GE1401,SM1701,11745,C01
2649,BSc Creative Media,GE1401,GE1401,15183,TC4
2649,BSc Creative Media,GE1401,SM1702A,15381,C01
2649,BSc Creative Media,GE1401,SM1702A,15387,L06
2650,BSc Creative Media,GE1401,SM2714,10984,C01
2650,BSc Creative Media,GE1401,CS1103B,11249,L01
2650,BSc Creative Media,GE1401,SM1701,11745,C01
2650,BSc Creative Media,GE1401,GE1401,12127,T84
2650,BSc Creative Media,GE1401,SM1702A,15381,C01
2650,BSc Creative Media,GE1401,SM1702A,15386,L05
2651,BSc Creative Media,GE1401,SM2714,10986,C02
2651,BSc Creative Media,GE1401,CS1103B,11249,L01
2651,BSc Creative Media,GE1401,SM1701,11745,C01
2651,BSc Creative Media,GE1401,GE1401,13573,TB2
2651,BSc Creative Media,GE1401,SM1702A,15381,C01
2651,BSc Creative Media,GE1401,SM1702A,15382,L01
2652,BSc Creative Media,GE1401,GE1401,10695,T19
2652,BSc Creative Media,GE1401,SM2714,10986,C02
2652,BSc Creative Media,GE1401,CS1103B,11249,L01
2652,BSc Creative Media,GE1401,SM1701,12135,CA1
2652,BSc Creative Media,GE1401,SM1702A,15381,C01
2652,BSc Creative Media,GE1401,SM1702A,15383,L02
2653,BSc Creative Media,GE1401,SM2714,10985,CA1
2653,BSc Creative Media,GE1401,CS1103B,11249,L01
2653,BSc Creative Media,GE1401,SM1701,11745,C01
2653,BSc Creative Media,GE1401,GE1401,12399,T72
2653,BSc Creative Media,GE1401,SM1702A,15381,C01
2653,BSc Creative Media,GE1401,SM1702A,15387,L06
2654,BSc Creative Media,GE1401,GE1401,10717,T48
2654,BSc Creative Media,GE1401,SM2714,10986,C02
2654,BSc Creative Media,GE1401,CS1103B,11249,L01
2654,BSc Creative Media,GE1401,SM1701,12135,CA1
2654,BSc Creative Media,GE1401,SM1702A,15381,C01
2654,BSc Creative Media,GE1401,SM1702A,15384,L03
2655,BSc Creative Media,GE1401,SM2714,10985,CA1
2655,BSc Creative Media,GE1401,CS1103B,11249,L01
2655,BSc Creative Media,GE1401,SM1701,11745,C01
2655,BSc Creative Media,GE1401,GE1401,15183,TC4
2655,BSc Creative Media,GE1401,SM1702A,15381,C01
2655,BSc Creative Media,GE1401,SM1702A,15387,L06
2656,BSc Creative Media,GE1401,GE1401,10695,T19
2656,BSc Creative Media,GE1401,SM2714,10986,C02
2656,BSc Creative Media,GE1401,CS1103B,11249,L01
2656,BSc Creative Media,GE1401,SM1701,12135,CA1
2656,BSc Creative Media,GE1401,SM1702A,15381,C01
2656,BSc Creative Media,GE1401,SM1702A,15383,L02
2657,BSc Creative Media,GE1401,GE1401,10695,T19
2657,BSc Creative Media,GE1401,SM2714,10986,C02
2657,BSc Creative Media,GE1401,CS1103B,11249,L01
2657,BSc Creative Media,GE1401,SM1701,12135,CA1
2657,BSc Creative Media,GE1401,SM1702A,15381,C01
2657,BSc Creative Media,GE1401,SM1702A,15383,L02
2658,BSc Creative Media,GE1401,SM2714,10985,CA1
2658,BSc Creative Media,GE1401,CS1103B,11249,L01
2658,BSc Creative Media,GE1401,SM1701,11745,C01
2658,BSc Creative Media,GE1401,GE1401,15183,TC4
2658,BSc Creative Media,GE1401,SM1702A,15381,C01
2658,BSc Creative Media,GE1401,SM1702A,15387,L06
2659,BSc Creative Media,GE1401,SM2714,10986,C02
2659,BSc Creative Media,GE1401,CS1103B,11249,L01
2659,BSc Creative Media,GE1401,SM1701,11745,C01
2659,BSc Creative Media,GE1401,GE1401,13573,TB2
2659,BSc Creative Media,GE1401,SM1702A,15381,C01
2659,BSc Creative Media,GE1401,SM1702A,15382,L01
2660,BSc Creative Media,GE1401,SM2714,10984,C01
2660,BSc Creative Media,GE1401,CS1103B,11249,L01
2660,BSc Creative Media,GE1401,SM1701,11745,C01
2660,BSc Creative Media,GE1401,GE1401,13574,TB3
2660,BSc Creative Media,GE1401,SM1702A,15381,C01
2660,BSc Creative Media,GE1401,SM1702A,15386,L05
2661,BSc Creative Media,GE1401,SM2714,10985,CA1
2661,BSc Creative Media,GE1401,CS1103B,11249,L01
2661,BSc Creative Media,GE1401,SM1701,11745,C01
2661,BSc Creative Media,GE1401,GE1401,15205,TC5
2661,BSc Creative Media,GE1401,SM1702A,15381,C01
2661,BSc Creative Media,GE1401,SM1702A,15387,L06
2662,BSc Creative Media,GE1401,GE1401,10717,T48
2662,BSc Creative Media,GE1401,SM2714,10986,C02
2662,BSc Creative Media,GE1401,CS1103B,11249,L01
2662,BSc Creative Media,GE1401,SM1701,12135,CA1
2662,BSc Creative Media,GE1401,SM1702A,15381,C01
2662,BSc Creative Media,GE1401,SM1702A,15384,L03
2663,BSc Creative Media,GE1401,SM2714,10986,C02
2663,BSc Creative Media,GE1401,CS1103B,11249,L01
2663,BSc Creative Media,GE1401,SM1701,11745,C01
2663,BSc Creative Media,GE1401,GE1401,13573,TB2
2663,BSc Creative Media,GE1401,SM1702A,15381,C01
2663,BSc Creative Media,GE1401,SM1702A,15382,L01
2664,BSc Creative Media,GE1401,GE1401,10717,T48
2664,BSc Creative Media,GE1401,SM2714,10986,C02
2664,BSc Creative Media,GE1401,CS1103B,11249,L01
2664,BSc Creative Media,GE1401,SM1701,12135,CA1
2664,BSc Creative Media,GE1401,SM1702A,15381,C01
2664,BSc Creative Media,GE1401,SM1702A,15384,L03
2665,BSc Creative Media,GE1401,GE1401,10723,T56
2665,BSc Creative Media,GE1401,SM2714,10986,C02
2665,BSc Creative Media,GE1401,CS1103B,11249,L01
2665,BSc Creative Media,GE1401,SM1701,12135,CA1
2665,BSc Creative Media,GE1401,SM1702A,15381,C01
2665,BSc Creative Media,GE1401,SM1702A,15384,L03
2666,BSc Creative Media,GE1401,GE1401,10724,T57
2666,BSc Creative Media,GE1401,SM2714,10985,CA1
2666,BSc Creative Media,GE1401,CS1103B,11249,L01
2666,BSc Creative Media,GE1401,SM1701,11745,C01
2666,BSc Creative Media,GE1401,SM1702A,15381,C01
2666,BSc Creative Media,GE1401,SM1702A,15387,L06
2667,BSc Creative Media,GE1401,GE1401,10695,T19
2667,BSc Creative Media,GE1401,SM2714,10986,C02
2667,BSc Creative Media,GE1401,CS1103B,11249,L01
2667,BSc Creative Media,GE1401,SM1701,12135,CA1
2667,BSc Creative Media,GE1401,SM1702A,15381,C01
2667,BSc Creative Media,GE1401,SM1702A,15384,L03
2668,BSc Creative Media,GE1401,SM2714,10984,C01
2668,BSc Creative Media,GE1401,CS1103B,11249,L01
2668,BSc Creative Media,GE1401,SM1701,11745,C01
2668,BSc Creative Media,GE1401,GE1401,13574,TB3
2668,BSc Creative Media,GE1401,SM1702A,15381,C01
2668,BSc Creative Media,GE1401,SM1702A,15386,L05
2669,BSc Creative Media,GE1401,GE1401,10695,T19
2669,BSc Creative Media,GE1401,SM2714,10986,C02
2669,BSc Creative Media,GE1401,CS1103B,11249,L01
2669,BSc Creative Media,GE1401,SM1701,12135,CA1
2669,BSc Creative Media,GE1401,SM1702A,15381,C01
2669,BSc Creative Media,GE1401,SM1702A,15384,L03
2670,BSc Creative Media,GE1401,GE1401,10695,T19
2670,BSc Creative Media,GE1401,SM2714,10986,C02
2670,BSc Creative Media,GE1401,CS1103B,11249,L01
2670,BSc Creative Media,GE1401,SM1701,12135,CA1
2670,BSc Creative Media,GE1401,SM1702A,15381,C01
2670,BSc Creative Media,GE1401,SM1702A,15384,L03
2671,BSc Creative Media,GE1401,GE1401,10695,T19
2671,BSc Creative Media,GE1401,SM2714,10986,C02
2671,BSc Creative Media,GE1401,CS1103B,11249,L01
2671,BSc Creative Media,GE1401,SM1701,11745,C01
2671,BSc Creative Media,GE1401,SM1702A,15381,C01
2671,BSc Creative Media,GE1401,SM1702A,15383,L02
2672,BSc Creative Media,LC0200A,SM2714,10986,C02
2672,BSc Creative Media,LC0200A,CS1103B,11249,L01
2672,BSc Creative Media,LC0200A,SM1701,12135,CA1
2672,BSc Creative Media,LC0200A,LC0200A,14950,T18
2672,BSc Creative Media,LC0200A,SM1702A,15388,CA1
2672,BSc Creative Media,LC0200A,SM1702A,15389,LA1
2673,BSc Creative Media,LC0200A,LC0200A,10881,T12
2673,BSc Creative Media,LC0200A,SM2714,10986,C02
2673,BSc Creative Media,LC0200A,CS1103B,11249,L01
2673,BSc Creative Media,LC0200A,SM1701,12135,CA1
2673,BSc Creative Media,LC0200A,SM1702A,15381,C01
2673,BSc Creative Media,LC0200A,SM1702A,15383,L02
2674,BSc Creative Media,LC0200A,LC0200A,10881,T12
2674,BSc Creative Media,LC0200A,SM2714,10986,C02
2674,BSc Creative Media,LC0200A,CS1103B,11249,L01
2674,BSc Creative Media,LC0200A,SM1701,12135,CA1
2674,BSc Creative Media,LC0200A,SM1702A,15381,C01
2674,BSc Creative Media,LC0200A,SM1702A,15383,L02
2675,BSc Creative Media,LC0200A,LC0200A,10880,T11
2675,BSc Creative Media,LC0200A,SM2714,10986,C02
2675,BSc Creative Media,LC0200A,CS1103B,11249,L01
2675,BSc Creative Media,LC0200A,SM1701,11745,C01
2675,BSc Creative Media,LC0200A,SM1702A,15381,C01
2675,BSc Creative Media,LC0200A,SM1702A,15382,L01
2676,BSc Creative Media,LC0200A,LC0200A,10887,T19
2676,BSc Creative Media,LC0200A,SM2714,10985,CA1
2676,BSc Creative Media,LC0200A,CS1103B,11249,L01
2676,BSc Creative Media,LC0200A,SM1701,11745,C01
2676,BSc Creative Media,LC0200A,SM1702A,15381,C01
2676,BSc Creative Media,LC0200A,SM1702A,15387,L06
2677,BSc Creative Media,LC0200A,LC0200A,10865,T05
2677,BSc Creative Media,LC0200A,SM2714,10985,CA1
2677,BSc Creative Media,LC0200A,CS1103B,11249,L01
2677,BSc Creative Media,LC0200A,SM1701,11745,C01
2677,BSc Creative Media,LC0200A,SM1702A,15381,C01
2677,BSc Creative Media,LC0200A,SM1702A,15386,L05
2678,BSc Creative Media,LC0200A,LC0200A,10880,T11
2678,BSc Creative Media,LC0200A,SM2714,10986,C02
2678,BSc Creative Media,LC0200A,CS1103B,11249,L01
2678,BSc Creative Media,LC0200A,SM1701,11745,C01
2678,BSc Creative Media,LC0200A,SM1702A,15381,C01
2678,BSc Creative Media,LC0200A,SM1702A,15382,L01
2679,BSc Creative Media,LC0200A,LC0200A,10881,T12
2679,BSc Creative Media,LC0200A,SM2714,10986,C02
2679,BSc Creative Media,LC0200A,CS1103B,11249,L01
2679,BSc Creative Media,LC0200A,SM1701,12135,CA1
2679,BSc Creative Media,LC0200A,SM1702A,15381,C01
2679,BSc Creative Media,LC0200A,SM1702A,15384,L03
2680,BSc Creative Media,LC0200A,LC0200A,10880,T11
2680,BSc Creative Media,LC0200A,SM2714,10986,C02
2680,BSc Creative Media,LC0200A,CS1103B,11249,L01
2680,BSc Creative Media,LC0200A,SM1701,11745,C01
2680,BSc Creative Media,LC0200A,SM1702A,15381,C01
2680,BSc Creative Media,LC0200A,SM1702A,15383,L02
2681,BSc Creative Media,LC0200A,LC0200A,10880,T11
2681,BSc Creative Media,LC0200A,SM2714,10986,C02
2681,BSc Creative Media,LC0200A,CS1103B,11249,L01
2681,BSc Creative Media,LC0200A,SM1701,12135,CA1
2681,BSc Creative Media,LC0200A,SM1702A,15381,C01
2681,BSc Creative Media,LC0200A,SM1702A,15384,L03
2682,BSc Creative Media,LC0200A,LC0200A,10880,T11
2682,BSc Creative Media,LC0200A,SM2714,10986,C02
2682,BSc Creative Media,LC0200A,CS1103B,11249,L01
2682,BSc Creative Media,LC0200A,SM1701,11745,C01
2682,BSc Creative Media,LC0200A,SM1702A,15381,C01
2682,BSc Creative Media,LC0200A,SM1702A,15383,L02
2683,BAS New Media,GE1401,GE1401,10680,T03
2683,BAS New Media,GE1401,SM1103A,11198,C01
2683,BAS New Media,GE1401,SM1701,12134,C02
2683,BAS New Media,GE1401,SM1702A,15381,C01
2683,BAS New Media,GE1401,SM1702A,15383,L02
2684,BAS New Media,GE1401,GE1401,10695,T19
2684,BAS New Media,GE1401,SM1103A,11199,C02
2684,BAS New Media,GE1401,SM1701,12134,C02
2684,BAS New Media,GE1401,SM1702A,15381,C01
2684,BAS New Media,GE1401,SM1702A,15383,L02
2685,BAS New Media,GE1401,SM1103A,11199,C02
2685,BAS New Media,GE1401,SM1701,12134,C02
2685,BAS New Media,GE1401,GE1401,12733,T62
2685,BAS New Media,GE1401,SM1702A,15381,C01
2685,BAS New Media,GE1401,SM1702A,15382,L01
2686,BAS New Media,GE1401,SM1103A,11198,C01
2686,BAS New Media,GE1401,GE1401,11506,T78
2686,BAS New Media,GE1401,SM1701,12134,C02
2686,BAS New Media,GE1401,SM1702A,15381,C01
2686,BAS New Media,GE1401,SM1702A,15387,L06
2687,BAS New Media,GE1401,GE1401,10717,T48
2687,BAS New Media,GE1401,SM1103A,11199,C02
2687,BAS New Media,GE1401,SM1701,12134,C02
2687,BAS New Media,GE1401,SM1702A,15381,C01
2687,BAS New Media,GE1401,SM1702A,15383,L02
2688,BAS New Media,GE1401,GE1401,10705,T30
2688,BAS New Media,GE1401,SM1103A,11199,C02
2688,BAS New Media,GE1401,SM1701,12134,C02
2688,BAS New Media,GE1401,SM1702A,15381,C01
2688,BAS New Media,GE1401,SM1702A,15382,L01
2689,BAS New Media,GE1401,GE1401,10705,T30
2689,BAS New Media,GE1401,SM1103A,11199,C02
2689,BAS New Media,GE1401,SM1701,12134,C02
2689,BAS New Media,GE1401,SM1702A,15381,C01
2689,BAS New Media,GE1401,SM1702A,15382,L01
2690,BAS New Media,GE1401,SM1103A,11200,C03
2690,BAS New Media,GE1401,GE1401,11498,T83
2690,BAS New Media,GE1401,SM1701,12134,C02
2690,BAS New Media,GE1401,SM1702A,15381,C01
2690,BAS New Media,GE1401,SM1702A,15386,L05
2691,BAS New Media,GE1401,SM1103A,11198,C01
2691,BAS New Media,GE1401,SM1701,12134,C02
2691,BAS New Media,GE1401,GE1401,15183,TC4
2691,BAS New Media,GE1401,SM1702A,15381,C01
2691,BAS New Media,GE1401,SM1702A,15387,L06
2692,BAS New Media,GE1401,GE1401,10705,T30
2692,BAS New Media,GE1401,SM1103A,11199,C02
2692,BAS New Media,GE1401,SM1701,12134,C02
2692,BAS New Media,GE1401,SM1702A,15381,C01
2692,BAS New Media,GE1401,SM1702A,15383,L02
2693,BAS New Media,GE1401,SM1103A,11198,C01
2693,BAS New Media,GE1401,SM1701,12134,C02
2693,BAS New Media,GE1401,GE1401,14941,TA3
2693,BAS New Media,GE1401,SM1702A,15381,C01
2693,BAS New Media,GE1401,SM1702A,15387,L06
2694,BAS New Media,GE1401,SM1103A,11198,C01
2694,BAS New Media,GE1401,SM1701,12134,C02
2694,BAS New Media,GE1401,GE1401,15205,TC5
2694,BAS New Media,GE1401,SM1702A,15381,C01
2694,BAS New Media,GE1401,SM1702A,15387,L06
2695,BAS New Media,GE1401,SM1103A,11199,C02
2695,BAS New Media,GE1401,GE1401,11505,T93
2695,BAS New Media,GE1401,SM1701,12134,C02
2695,BAS New Media,GE1401,SM1702A,15381,C01
2695,BAS New Media,GE1401,SM1702A,15387,L06
2696,BAS New Media,GE1401,SM1103A,11199,C02
2696,BAS New Media,GE1401,SM1701,12134,C02
2696,BAS New Media,GE1401,GE1401,12733,T62
2696,BAS New Media,GE1401,SM1702A,15381,C01
2696,BAS New Media,GE1401,SM1702A,15382,L01
2697,BAS New Media,GE1401,GE1401,10726,T59
2697,BAS New Media,GE1401,SM1103A,11200,C03
2697,BAS New Media,GE1401,SM1701,12134,C02
2697,BAS New Media,GE1401,SM1702A,15381,C01
2697,BAS New Media,GE1401,SM1702A,15386,L05
2698,BAS New Media,GE1401,GE1401,10695,T19
2698,BAS New Media,GE1401,SM1103A,11199,C02
2698,BAS New Media,GE1401,SM1701,12134,C02
2698,BAS New Media,GE1401,SM1702A,15381,C01
2698,BAS New Media,GE1401,SM1702A,15383,L02
2699,BAS New Media,GE1401,GE1401,10710,T37
2699,BAS New Media,GE1401,SM1103A,11198,C01
2699,BAS New Media,GE1401,SM1701,12136,CA2
2699,BAS New Media,GE1401,SM1702A,15381,C01
2699,BAS New Media,GE1401,SM1702A,15384,L03
2700,BAS New Media,GE1401,SM1103A,11198,C01
2700,BAS New Media,GE1401,SM1701,12134,C02
2700,BAS New Media,GE1401,GE1401,14941,TA3
2700,BAS New Media,GE1401,SM1702A,15381,C01
2700,BAS New Media,GE1401,SM1702A,15387,L06
2701,BAS New Media,GE1401,SM1103A,11199,C02
2701,BAS New Media,GE1401,GE1401,11505,T93
2701,BAS New Media,GE1401,SM1701,12134,C02
2701,BAS New Media,GE1401,SM1702A,15381,C01
2701,BAS New Media,GE1401,SM1702A,15387,L06
2702,BAS New Media,LC0200A,LC0200A,11170,T32
2702,BAS New Media,LC0200A,SM1103A,11198,C01
2702,BAS New Media,LC0200A,SM1701,12134,C02
2702,BAS New Media,LC0200A,SM1702A,15381,C01
2702,BAS New Media,LC0200A,SM1702A,15382,L01
2703,BAS New Media,LC0200A,LC0200A,10881,T12
2703,BAS New Media,LC0200A,SM1103A,11199,C02
2703,BAS New Media,LC0200A,SM1701,12134,C02
2703,BAS New Media,LC0200A,SM1702A,15381,C01
2703,BAS New Media,LC0200A,SM1702A,15386,L05
2704,BAS New Media,LC0200A,LC0200A,11170,T32
2704,BAS New Media,LC0200A,SM1103A,11198,C01
2704,BAS New Media,LC0200A,SM1701,12134,C02
2704,BAS New Media,LC0200A,SM1702A,15381,C01
2704,BAS New Media,LC0200A,SM1702A,15383,L02
2705,BAS New Media,LC0200A,LC0200A,10887,T19
2705,BAS New Media,LC0200A,SM1103A,11198,C01
2705,BAS New Media,LC0200A,SM1701,12134,C02
2705,BAS New Media,LC0200A,SM1702A,15381,C01
2705,BAS New Media,LC0200A,SM1702A,15387,L06
2706,BAS New Media,LC0200A,SM1701,12136,CA2
2706,BAS New Media,LC0200A,SM1103A,12664,CA1
2706,BAS New Media,LC0200A,LC0200A,14950,T18
2706,BAS New Media,LC0200A,SM1702A,15388,CA1
2706,BAS New Media,LC0200A,SM1702A,15389,LA1
2707,BAS New Media,LC0200A,SM1701,12136,CA2
2707,BAS New Media,LC0200A,SM1103A,12664,CA1
2707,BAS New Media,LC0200A,LC0200A,14952,T36
2707,BAS New Media,LC0200A,SM1702A,15381,C01
2707,BAS New Media,LC0200A,SM1702A,15384,L03
2708,BAS New Media,LC0200A,LC0200A,11170,T32
2708,BAS New Media,LC0200A,SM1103A,11198,C01
2708,BAS New Media,LC0200A,SM1701,12134,C02
2708,BAS New Media,LC0200A,SM1702A,15381,C01
2708,BAS New Media,LC0200A,SM1702A,15382,L01
2709,BAS New Media,LC0200A,LC0200A,11170,T32
2709,BAS New Media,LC0200A,SM1103A,11198,C01
2709,BAS New Media,LC0200A,SM1701,12134,C02
2709,BAS New Media,LC0200A,SM1702A,15381,C01
2709,BAS New Media,LC0200A,SM1702A,15382,L01
2710,Bachelor of Laws (incl. LLB double degrees),GE1401,LW2603A,10107,CA1
2710,Bachelor of Laws (incl. LLB double degrees),GE1401,LW2602A,10379,CA1
2710,Bachelor of Laws (incl. LLB double degrees),GE1401,GE1401,10696,T20
2710,Bachelor of Laws (incl. LLB double degrees),GE1401,LW2601,12896,TB3
2710,Bachelor of Laws (incl. LLB double degrees),GE1401,LW2602A,13563,TA4
2710,Bachelor of Laws (incl. LLB double degrees),GE1401,LW2601,14506,CB1
2710,Bachelor of Laws (incl. LLB double degrees),GE1401,LW2603A,14534,TA5
2711,Bachelor of Laws (incl. LLB double degrees),GE1401,LW2601,10058,CA1
2711,Bachelor of Laws (incl. LLB double degrees),GE1401,LW2602A,10109,CB1
2711,Bachelor of Laws (incl. LLB double degrees),GE1401,GE1401,10714,T43
2711,Bachelor of Laws (incl. LLB double degrees),GE1401,LW2602A,13864,TB2
2711,Bachelor of Laws (incl. LLB double degrees),GE1401,LW2601,15005,TA7
2711,Bachelor of Laws (incl. LLB double degrees),GE1401,LW2603A,15610,CD1
2711,Bachelor of Laws (incl. LLB double degrees),GE1401,LW2603A,15611,TD1
2712,Bachelor of Laws (incl. LLB double degrees),GE1401,LW2601,10058,CA1
2712,Bachelor of Laws (incl. LLB double degrees),GE1401,LW2602A,10379,CA1
2712,Bachelor of Laws (incl. LLB double degrees),GE1401,GE1401,10714,T43
2712,Bachelor of Laws (incl. LLB double degrees),GE1401,LW2603A,11183,CC1
2712,Bachelor of Laws (incl. LLB double degrees),GE1401,LW2603A,11184,TC1
2712,Bachelor of Laws (incl. LLB double degrees),GE1401,LW2602A,13563,TA4
2712,Bachelor of Laws (incl. LLB double degrees),GE1401,LW2601,15005,TA7
2713,Bachelor of Laws (incl. LLB double degrees),GE1401,LW2601,10058,CA1
2713,Bachelor of Laws (incl. LLB double degrees),GE1401,LW2603A,10107,CA1
2713,Bachelor of Laws (incl. LLB double degrees),GE1401,LW2602A,10379,CA1
2713,Bachelor of Laws (incl. LLB double degrees),GE1401,GE1401,10687,T10
2713,Bachelor of Laws (incl. LLB double degrees),GE1401,LW2602A,13563,TA4
2713,Bachelor of Laws (incl. LLB double degrees),GE1401,LW2603A,14534,TA5
2713,Bachelor of Laws (incl. LLB double degrees),GE1401,LW2601,15005,TA7
2714,Bachelor of Laws (incl. LLB double degrees),GE1401,LW2602A,10109,CB1
2714,Bachelor of Laws (incl. LLB double degrees),GE1401,GE1401,10696,T20
2714,Bachelor of Laws (incl. LLB double degrees),GE1401,LW2601,12896,TB3
2714,Bachelor of Laws (incl. LLB double degrees),GE1401,LW2602A,13864,TB2
2714,Bachelor of Laws (incl. LLB double degrees),GE1401,LW2601,14506,CB1
2714,Bachelor of Laws (incl. LLB double degrees),GE1401,LW2603A,15610,CD1
2714,Bachelor of Laws (incl. LLB double degrees),GE1401,LW2603A,15611,TD1
2715,Bachelor of Laws (incl. LLB double degrees),GE1401,LW2603A,10126,CB1
2715,Bachelor of Laws (incl. LLB double degrees),GE1401,LW2602A,10379,CA1
2715,Bachelor of Laws (incl. LLB double degrees),GE1401,GE1401,10721,T54
2715,Bachelor of Laws (incl. LLB double degrees),GE1401,LW2603A,13881,TB2
2715,Bachelor of Laws (incl. LLB double degrees),GE1401,LW2601,14506,CB1
2715,Bachelor of Laws (incl. LLB double degrees),GE1401,LW2601,15008,TB6
2715,Bachelor of Laws (incl. LLB double degrees),GE1401,LW2602A,15010,TA5
2716,Bachelor of Laws (incl. LLB double degrees),GE1401,LW2601,10058,CA1
2716,Bachelor of Laws (incl. LLB double degrees),GE1401,LW2603A,10126,CB1
2716,Bachelor of Laws (incl. LLB double degrees),GE1401,LW2602A,10379,CA1
2716,Bachelor of Laws (incl. LLB double degrees),GE1401,LW2602A,12665,TA3
2716,Bachelor of Laws (incl. LLB double degrees),GE1401,GE1401,12734,T71
2716,Bachelor of Laws (incl. LLB double degrees),GE1401,LW2603A,13881,TB2
2716,Bachelor of Laws (incl. LLB double degrees),GE1401,LW2601,14533,TA6
2717,Bachelor of Laws (incl. LLB double degrees),GE1401,LW2602A,10109,CB1
2717,Bachelor of Laws (incl. LLB double degrees),GE1401,GE1401,10696,T20
2717,Bachelor of Laws (incl. LLB double degrees),GE1401,LW2601,12896,TB3
2717,Bachelor of Laws (incl. LLB double degrees),GE1401,LW2602A,13864,TB2
2717,Bachelor of Laws (incl. LLB double degrees),GE1401,LW2601,14506,CB1
2717,Bachelor of Laws (incl. LLB double degrees),GE1401,LW2603A,15610,CD1
2717,Bachelor of Laws (incl. LLB double degrees),GE1401,LW2603A,15611,TD1
2718,Bachelor of Laws (incl. LLB double degrees),GE1401,LW2601,10058,CA1
2718,Bachelor of Laws (incl. LLB double degrees),GE1401,LW2603A,10107,CA1
2718,Bachelor of Laws (incl. LLB double degrees),GE1401,LW2603A,10111,TA2
2718,Bachelor of Laws (incl. LLB double degrees),GE1401,LW2602A,10379,CA1
2718,Bachelor of Laws (incl. LLB double degrees),GE1401,LW2602A,10380,TA2
2718,Bachelor of Laws (incl. LLB double degrees),GE1401,GE1401,12734,T71
2718,Bachelor of Laws (incl. LLB double degrees),GE1401,LW2601,14533,TA6
2719,Bachelor of Laws (incl. LLB double degrees),GE1401,LW2603A,10107,CA1
2719,Bachelor of Laws (incl. LLB double degrees),GE1401,LW2602A,10379,CA1
2719,Bachelor of Laws (incl. LLB double degrees),GE1401,GE1401,10696,T20
2719,Bachelor of Laws (incl. LLB double degrees),GE1401,LW2601,12896,TB3
2719,Bachelor of Laws (incl. LLB double degrees),GE1401,LW2602A,13563,TA4
2719,Bachelor of Laws (incl. LLB double degrees),GE1401,LW2601,14506,CB1
2719,Bachelor of Laws (incl. LLB double degrees),GE1401,LW2603A,14534,TA5
2720,Bachelor of Laws (incl. LLB double degrees),GE1401,LW2602A,10379,CA1
2720,Bachelor of Laws (incl. LLB double degrees),GE1401,GE1401,10714,T43
2720,Bachelor of Laws (incl. LLB double degrees),GE1401,LW2603A,11183,CC1
2720,Bachelor of Laws (incl. LLB double degrees),GE1401,LW2603A,11184,TC1
2720,Bachelor of Laws (incl. LLB double degrees),GE1401,LW2602A,12665,TA3
2720,Bachelor of Laws (incl. LLB double degrees),GE1401,LW2601,15009,TC1
2720,Bachelor of Laws (incl. LLB double degrees),GE1401,LW2601,15604,CC1
2721,Bachelor of Laws (incl. LLB double degrees),GE1401,LW2601,10058,CA1
2721,Bachelor of Laws (incl. LLB double degrees),GE1401,LW2603A,10107,CA1
2721,Bachelor of Laws (incl. LLB double degrees),GE1401,LW2602A,10109,CB1
2721,Bachelor of Laws (incl. LLB double degrees),GE1401,GE1401,10701,T25
2721,Bachelor of Laws (incl. LLB double degrees),GE1401,LW2601,12155,TA3
2721,Bachelor of Laws (incl. LLB double degrees),GE1401,LW2602A,13864,TB2
2721,Bachelor of Laws (incl. LLB double degrees),GE1401,LW2603A,14534,TA5
2722,Bachelor of Laws (incl. LLB double degrees),GE1401,LW2601,10058,CA1
2722,Bachelor of Laws (incl. LLB double degrees),GE1401,LW2603A,10107,CA1
2722,Bachelor of Laws (incl. LLB double degrees),GE1401,LW2602A,10379,CA1
2722,Bachelor of Laws (incl. LLB double degrees),GE1401,GE1401,10688,T11
2722,Bachelor of Laws (incl. LLB double degrees),GE1401,LW2603A,12898,TA4
2722,Bachelor of Laws (incl. LLB double degrees),GE1401,LW2601,14533,TA6
2722,Bachelor of Laws (incl. LLB double degrees),GE1401,LW2602A,15010,TA5
2723,Bachelor of Laws (incl. LLB double degrees),GE1401,LW2601,10058,CA1
2723,Bachelor of Laws (incl. LLB double degrees),GE1401,LW2603A,10107,CA1
2723,Bachelor of Laws (incl. LLB double degrees),GE1401,LW2603A,10111,TA2
2723,Bachelor of Laws (incl. LLB double degrees),GE1401,LW2602A,10379,CA1
2723,Bachelor of Laws (incl. LLB double degrees),GE1401,LW2602A,10380,TA2
2723,Bachelor of Laws (incl. LLB double degrees),GE1401,GE1401,12734,T71
2723,Bachelor of Laws (incl. LLB double degrees),GE1401,LW2601,14533,TA6
2724,Bachelor of Laws (incl. LLB double degrees),GE1401,LW2601,10058,CA1
2724,Bachelor of Laws (incl. LLB double degrees),GE1401,LW2602A,10379,CA1
2724,Bachelor of Laws (incl. LLB double degrees),GE1401,GE1401,10714,T43
2724,Bachelor of Laws (incl. LLB double degrees),GE1401,LW2603A,11183,CC1
2724,Bachelor of Laws (incl. LLB double degrees),GE1401,LW2603A,11184,TC1
2724,Bachelor of Laws (incl. LLB double degrees),GE1401,LW2602A,13563,TA4
2724,Bachelor of Laws (incl. LLB double degrees),GE1401,LW2601,15005,TA7
2725,Bachelor of Laws (incl. LLB double degrees),GE1401,LW2601,10058,CA1
2725,Bachelor of Laws (incl. LLB double degrees),GE1401,LW2603A,10107,CA1
2725,Bachelor of Laws (incl. LLB double degrees),GE1401,LW2602A,10379,CA1
2725,Bachelor of Laws (incl. LLB double degrees),GE1401,GE1401,10682,T05
2725,Bachelor of Laws (incl. LLB double degrees),GE1401,LW2603A,12898,TA4
2725,Bachelor of Laws (incl. LLB double degrees),GE1401,LW2601,14533,TA6
2725,Bachelor of Laws (incl. LLB double degrees),GE1401,LW2602A,15010,TA5
2726,Bachelor of Laws (incl. LLB double degrees),GE1401,LW2601,10058,CA1
2726,Bachelor of Laws (incl. LLB double degrees),GE1401,LW2602A,10379,CA1
2726,Bachelor of Laws (incl. LLB double degrees),GE1401,GE1401,10714,T43
2726,Bachelor of Laws (incl. LLB double degrees),GE1401,LW2603A,11183,CC1
2726,Bachelor of Laws (incl. LLB double degrees),GE1401,LW2603A,11184,TC1
2726,Bachelor of Laws (incl. LLB double degrees),GE1401,LW2602A,12665,TA3
2726,Bachelor of Laws (incl. LLB double degrees),GE1401,LW2601,15005,TA7
2727,Bachelor of Laws (incl. LLB double degrees),GE1401,LW2601,10058,CA1
2727,Bachelor of Laws (incl. LLB double degrees),GE1401,LW2602A,10379,CA1
2727,Bachelor of Laws (incl. LLB double degrees),GE1401,GE1401,10714,T43
2727,Bachelor of Laws (incl. LLB double degrees),GE1401,LW2603A,11183,CC1
2727,Bachelor of Laws (incl. LLB double degrees),GE1401,LW2603A,11184,TC1
2727,Bachelor of Laws (incl. LLB double degrees),GE1401,LW2602A,12665,TA3
2727,Bachelor of Laws (incl. LLB double degrees),GE1401,LW2601,15005,TA7
2728,Bachelor of Laws (incl. LLB double degrees),GE1401,LW2601,10058,CA1
2728,Bachelor of Laws (incl. LLB double degrees),GE1401,LW2603A,10107,CA1
2728,Bachelor of Laws (incl. LLB double degrees),GE1401,LW2602A,10109,CB1
2728,Bachelor of Laws (incl. LLB double degrees),GE1401,GE1401,10701,T25
2728,Bachelor of Laws (incl. LLB double degrees),GE1401,LW2601,12155,TA3
2728,Bachelor of Laws (incl. LLB double degrees),GE1401,LW2602A,13864,TB2
2728,Bachelor of Laws (incl. LLB double degrees),GE1401,LW2603A,14534,TA5
2729,Bachelor of Laws (incl. LLB double degrees),GE1401,LW2601,10058,CA1
2729,Bachelor of Laws (incl. LLB double degrees),GE1401,LW2602A,10379,CA1
2729,Bachelor of Laws (incl. LLB double degrees),GE1401,GE1401,10708,T34
2729,Bachelor of Laws (incl. LLB double degrees),GE1401,LW2603A,11183,CC1
2729,Bachelor of Laws (incl. LLB double degrees),GE1401,LW2603A,11184,TC1
2729,Bachelor of Laws (incl. LLB double degrees),GE1401,LW2602A,13563,TA4
2729,Bachelor of Laws (incl. LLB double degrees),GE1401,LW2601,15005,TA7
2730,Bachelor of Laws (incl. LLB double degrees),GE1401,LW2601,10058,CA1
2730,Bachelor of Laws (incl. LLB double degrees),GE1401,LW2603A,10107,CA1
2730,Bachelor of Laws (incl. LLB double degrees),GE1401,LW2602A,10379,CA1
2730,Bachelor of Laws (incl. LLB double degrees),GE1401,GE1401,10701,T25
2730,Bachelor of Laws (incl. LLB double degrees),GE1401,LW2602A,13563,TA4
2730,Bachelor of Laws (incl. LLB double degrees),GE1401,LW2603A,14534,TA5
2730,Bachelor of Laws (incl. LLB double degrees),GE1401,LW2601,15005,TA7
2731,Bachelor of Laws (incl. LLB double degrees),GE1401,LW2601,10058,CA1
2731,Bachelor of Laws (incl. LLB double degrees),GE1401,LW2602A,10379,CA1
2731,Bachelor of Laws (incl. LLB double degrees),GE1401,GE1401,10714,T43
2731,Bachelor of Laws (incl. LLB double degrees),GE1401,LW2603A,11183,CC1
2731,Bachelor of Laws (incl. LLB double degrees),GE1401,LW2603A,11184,TC1
2731,Bachelor of Laws (incl. LLB double degrees),GE1401,LW2602A,12665,TA3
2731,Bachelor of Laws (incl. LLB double degrees),GE1401,LW2601,15005,TA7
2732,Bachelor of Laws (incl. LLB double degrees),GE1401,GE1401,10357,T01
2732,Bachelor of Laws (incl. LLB double degrees),GE1401,LW2602A,10379,CA1
2732,Bachelor of Laws (incl. LLB double degrees),GE1401,LW2601,12382,TB1
2732,Bachelor of Laws (incl. LLB double degrees),GE1401,LW2601,14506,CB1
2732,Bachelor of Laws (incl. LLB double degrees),GE1401,LW2602A,15010,TA5
2732,Bachelor of Laws (incl. LLB double degrees),GE1401,LW2603A,15610,CD1
2732,Bachelor of Laws (incl. LLB double degrees),GE1401,LW2603A,15611,TD1
2733,Bachelor of Laws (incl. LLB double degrees),GE1401,LW2601,10058,CA1
2733,Bachelor of Laws (incl. LLB double degrees),GE1401,LW2603A,10107,CA1
2733,Bachelor of Laws (incl. LLB double degrees),GE1401,LW2602A,10379,CA1
2733,Bachelor of Laws (incl. LLB double degrees),GE1401,GE1401,10696,T20
2733,Bachelor of Laws (incl. LLB double degrees),GE1401,LW2601,12155,TA3
2733,Bachelor of Laws (incl. LLB double degrees),GE1401,LW2602A,13563,TA4
2733,Bachelor of Laws (incl. LLB double degrees),GE1401,LW2603A,14534,TA5
2734,Bachelor of Laws (incl. LLB double degrees),GE1401,LW2601,10058,CA1
2734,Bachelor of Laws (incl. LLB double degrees),GE1401,LW2603A,10107,CA1
2734,Bachelor of Laws (incl. LLB double degrees),GE1401,LW2602A,10379,CA1
2734,Bachelor of Laws (incl. LLB double degrees),GE1401,GE1401,10682,T05
2734,Bachelor of Laws (incl. LLB double degrees),GE1401,LW2603A,12898,TA4
2734,Bachelor of Laws (incl. LLB double degrees),GE1401,LW2601,14533,TA6
2734,Bachelor of Laws (incl. LLB double degrees),GE1401,LW2602A,15010,TA5
2735,Bachelor of Laws (incl. LLB double degrees),GE1401,LW2601,10058,CA1
2735,Bachelor of Laws (incl. LLB double degrees),GE1401,LW2603A,10126,CB1
2735,Bachelor of Laws (incl. LLB double degrees),GE1401,LW2602A,10379,CA1
2735,Bachelor of Laws (incl. LLB double degrees),GE1401,LW2602A,12665,TA3
2735,Bachelor of Laws (incl. LLB double degrees),GE1401,GE1401,12734,T71
2735,Bachelor of Laws (incl. LLB double degrees),GE1401,LW2603A,13881,TB2
2735,Bachelor of Laws (incl. LLB double degrees),GE1401,LW2601,14533,TA6
2736,Bachelor of Laws (incl. LLB double degrees),GE1401,LW2601,10058,CA1
2736,Bachelor of Laws (incl. LLB double degrees),GE1401,LW2603A,10107,CA1
2736,Bachelor of Laws (incl. LLB double degrees),GE1401,LW2602A,10379,CA1
2736,Bachelor of Laws (incl. LLB double degrees),GE1401,GE1401,12119,T18
2736,Bachelor of Laws (incl. LLB double degrees),GE1401,LW2602A,13563,TA4
2736,Bachelor of Laws (incl. LLB double degrees),GE1401,LW2603A,14534,TA5
2736,Bachelor of Laws (incl. LLB double degrees),GE1401,LW2601,15005,TA7
2737,Bachelor of Laws (incl. LLB double degrees),GE1401,LW2601,10058,CA1
2737,Bachelor of Laws (incl. LLB double degrees),GE1401,LW2603A,10107,CA1
2737,Bachelor of Laws (incl. LLB double degrees),GE1401,LW2603A,10111,TA2
2737,Bachelor of Laws (incl. LLB double degrees),GE1401,LW2602A,10379,CA1
2737,Bachelor of Laws (incl. LLB double degrees),GE1401,LW2602A,10380,TA2
2737,Bachelor of Laws (incl. LLB double degrees),GE1401,GE1401,12734,T71
2737,Bachelor of Laws (incl. LLB double degrees),GE1401,LW2601,14533,TA6
2738,Bachelor of Laws (incl. LLB double degrees),GE1401,LW2601,10058,CA1
2738,Bachelor of Laws (incl. LLB double degrees),GE1401,LW2603A,10107,CA1
2738,Bachelor of Laws (incl. LLB double degrees),GE1401,LW2602A,10109,CB1
2738,Bachelor of Laws (incl. LLB double degrees),GE1401,GE1401,10701,T25
2738,Bachelor of Laws (incl. LLB double degrees),GE1401,LW2601,12155,TA3
2738,Bachelor of Laws (incl. LLB double degrees),GE1401,LW2602A,13864,TB2
2738,Bachelor of Laws (incl. LLB double degrees),GE1401,LW2603A,14534,TA5
2739,Bachelor of Laws (incl. LLB double degrees),GE1401,LW2603A,10126,CB1
2739,Bachelor of Laws (incl. LLB double degrees),GE1401,LW2602A,10379,CA1
2739,Bachelor of Laws (incl. LLB double degrees),GE1401,GE1401,10721,T54
2739,Bachelor of Laws (incl. LLB double degrees),GE1401,LW2603A,13881,TB2
2739,Bachelor of Laws (incl. LLB double degrees),GE1401,LW2601,14506,CB1
2739,Bachelor of Laws (incl. LLB double degrees),GE1401,LW2601,15008,TB6
2739,Bachelor of Laws (incl. LLB double degrees),GE1401,LW2602A,15010,TA5
2740,Bachelor of Laws (incl. LLB double degrees),GE1401,LW2601,10058,CA1
2740,Bachelor of Laws (incl. LLB double degrees),GE1401,LW2603A,10107,CA1
2740,Bachelor of Laws (incl. LLB double degrees),GE1401,LW2603A,10111,TA2
2740,Bachelor of Laws (incl. LLB double degrees),GE1401,LW2602A,10379,CA1
2740,Bachelor of Laws (incl. LLB double degrees),GE1401,LW2602A,10380,TA2
2740,Bachelor of Laws (incl. LLB double degrees),GE1401,GE1401,12734,T71
2740,Bachelor of Laws (incl. LLB double degrees),GE1401,LW2601,14533,TA6
2741,Bachelor of Laws (incl. LLB double degrees),GE1401,LW2601,10058,CA1
2741,Bachelor of Laws (incl. LLB double degrees),GE1401,LW2603A,10107,CA1
2741,Bachelor of Laws (incl. LLB double degrees),GE1401,LW2602A,10109,CB1
2741,Bachelor of Laws (incl. LLB double degrees),GE1401,GE1401,10701,T25
2741,Bachelor of Laws (incl. LLB double degrees),GE1401,LW2601,12155,TA3
2741,Bachelor of Laws (incl. LLB double degrees),GE1401,LW2602A,13864,TB2
2741,Bachelor of Laws (incl. LLB double degrees),GE1401,LW2603A,14534,TA5
2742,Bachelor of Laws (incl. LLB double degrees),GE1401,LW2601,10058,CA1
2742,Bachelor of Laws (incl. LLB double degrees),GE1401,LW2603A,10107,CA1
2742,Bachelor of Laws (incl. LLB double degrees),GE1401,LW2602A,10379,CA1
2742,Bachelor of Laws (incl. LLB double degrees),GE1401,GE1401,10714,T43
2742,Bachelor of Laws (incl. LLB double degrees),GE1401,LW2602A,13563,TA4
2742,Bachelor of Laws (incl. LLB double degrees),GE1401,LW2603A,14534,TA5
2742,Bachelor of Laws (incl. LLB double degrees),GE1401,LW2601,15005,TA7
2743,Bachelor of Laws (incl. LLB double degrees),GE1401,LW2603A,10126,CB1
2743,Bachelor of Laws (incl. LLB double degrees),GE1401,LW2602A,10379,CA1
2743,Bachelor of Laws (incl. LLB double degrees),GE1401,GE1401,11505,T93
2743,Bachelor of Laws (incl. LLB double degrees),GE1401,LW2602A,12665,TA3
2743,Bachelor of Laws (incl. LLB double degrees),GE1401,LW2603A,13881,TB2
2743,Bachelor of Laws (incl. LLB double degrees),GE1401,LW2601,14506,CB1
2743,Bachelor of Laws (incl. LLB double degrees),GE1401,LW2601,15006,TB4
2744,Bachelor of Laws (incl. LLB double degrees),GE1401,LW2601,10058,CA1
2744,Bachelor of Laws (incl. LLB double degrees),GE1401,LW2603A,10107,CA1
2744,Bachelor of Laws (incl. LLB double degrees),GE1401,LW2602A,10109,CB1
2744,Bachelor of Laws (incl. LLB double degrees),GE1401,GE1401,10701,T25
2744,Bachelor of Laws (incl. LLB double degrees),GE1401,LW2601,12155,TA3
2744,Bachelor of Laws (incl. LLB double degrees),GE1401,LW2602A,13864,TB2
2744,Bachelor of Laws (incl. LLB double degrees),GE1401,LW2603A,14534,TA5
2745,Bachelor of Laws (incl. LLB double degrees),GE1401,LW2601,10058,CA1
2745,Bachelor of Laws (incl. LLB double degrees),GE1401,LW2602A,10379,CA1
2745,Bachelor of Laws (incl. LLB double degrees),GE1401,GE1401,10714,T43
2745,Bachelor of Laws (incl. LLB double degrees),GE1401,LW2603A,11183,CC1
2745,Bachelor of Laws (incl. LLB double degrees),GE1401,LW2603A,11184,TC1
2745,Bachelor of Laws (incl. LLB double degrees),GE1401,LW2602A,13563,TA4
2745,Bachelor of Laws (incl. LLB double degrees),GE1401,LW2601,15005,TA7
2746,Bachelor of Laws (incl. LLB double degrees),GE1401,LW2601,10058,CA1
2746,Bachelor of Laws (incl. LLB double degrees),GE1401,LW2603A,10126,CB1
2746,Bachelor of Laws (incl. LLB double degrees),GE1401,LW2602A,10379,CA1
2746,Bachelor of Laws (incl. LLB double degrees),GE1401,GE1401,11505,T93
2746,Bachelor of Laws (incl. LLB double degrees),GE1401,LW2603A,13881,TB2
2746,Bachelor of Laws (incl. LLB double degrees),GE1401,LW2601,14533,TA6
2746,Bachelor of Laws (incl. LLB double degrees),GE1401,LW2602A,15010,TA5
2747,Bachelor of Laws (incl. LLB double degrees),GE1401,LW2603A,10107,CA1
2747,Bachelor of Laws (incl. LLB double degrees),GE1401,LW2603A,10111,TA2
2747,Bachelor of Laws (incl. LLB double degrees),GE1401,LW2602A,10379,CA1
2747,Bachelor of Laws (incl. LLB double degrees),GE1401,GE1401,10684,T07
2747,Bachelor of Laws (incl. LLB double degrees),GE1401,LW2602A,12665,TA3
2747,Bachelor of Laws (incl. LLB double degrees),GE1401,LW2601,14506,CB1
2747,Bachelor of Laws (incl. LLB double degrees),GE1401,LW2601,15007,TB5
2748,Bachelor of Laws (incl. LLB double degrees),GE1401,LW2602A,10379,CA1
2748,Bachelor of Laws (incl. LLB double degrees),GE1401,GE1401,10714,T43
2748,Bachelor of Laws (incl. LLB double degrees),GE1401,LW2603A,11183,CC1
2748,Bachelor of Laws (incl. LLB double degrees),GE1401,LW2603A,11184,TC1
2748,Bachelor of Laws (incl. LLB double degrees),GE1401,LW2602A,12665,TA3
2748,Bachelor of Laws (incl. LLB double degrees),GE1401,LW2601,15009,TC1
2748,Bachelor of Laws (incl. LLB double degrees),GE1401,LW2601,15604,CC1
2749,Bachelor of Laws (incl. LLB double degrees),GE1401,LW2601,10058,CA1
2749,Bachelor of Laws (incl. LLB double degrees),GE1401,LW2603A,10107,CA1
2749,Bachelor of Laws (incl. LLB double degrees),GE1401,LW2602A,10379,CA1
2749,Bachelor of Laws (incl. LLB double degrees),GE1401,GE1401,10682,T05
2749,Bachelor of Laws (incl. LLB double degrees),GE1401,LW2603A,12898,TA4
2749,Bachelor of Laws (incl. LLB double degrees),GE1401,LW2601,14533,TA6
2749,Bachelor of Laws (incl. LLB double degrees),GE1401,LW2602A,15010,TA5
2750,Bachelor of Laws (incl. LLB double degrees),GE1401,LW2603A,10107,CA1
2750,Bachelor of Laws (incl. LLB double degrees),GE1401,LW2603A,10111,TA2
2750,Bachelor of Laws (incl. LLB double degrees),GE1401,LW2602A,10379,CA1
2750,Bachelor of Laws (incl. LLB double degrees),GE1401,GE1401,10684,T07
2750,Bachelor of Laws (incl. LLB double degrees),GE1401,LW2601,12383,TB2
2750,Bachelor of Laws (incl. LLB double degrees),GE1401,LW2602A,12665,TA3
2750,Bachelor of Laws (incl. LLB double degrees),GE1401,LW2601,14506,CB1
2751,Bachelor of Laws (incl. LLB double degrees),GE1401,LW2601,10058,CA1
2751,Bachelor of Laws (incl. LLB double degrees),GE1401,LW2602A,10379,CA1
2751,Bachelor of Laws (incl. LLB double degrees),GE1401,GE1401,10708,T34
2751,Bachelor of Laws (incl. LLB double degrees),GE1401,LW2602A,13563,TA4
2751,Bachelor of Laws (incl. LLB double degrees),GE1401,LW2601,15005,TA7
2751,Bachelor of Laws (incl. LLB double degrees),GE1401,LW2603A,15610,CD1
2751,Bachelor of Laws (incl. LLB double degrees),GE1401,LW2603A,15611,TD1
2752,Bachelor of Laws (incl. LLB double degrees),GE1401,LW2601,10058,CA1
2752,Bachelor of Laws (incl. LLB double degrees),GE1401,LW2603A,10107,CA1
2752,Bachelor of Laws (incl. LLB double degrees),GE1401,LW2602A,10379,CA1
2752,Bachelor of Laws (incl. LLB double degrees),GE1401,GE1401,12119,T18
2752,Bachelor of Laws (incl. LLB double degrees),GE1401,LW2602A,13563,TA4
2752,Bachelor of Laws (incl. LLB double degrees),GE1401,LW2603A,14534,TA5
2752,Bachelor of Laws (incl. LLB double degrees),GE1401,LW2601,15005,TA7
2753,Bachelor of Laws (incl. LLB double degrees),GE1401,LW2603A,10107,CA1
2753,Bachelor of Laws (incl. LLB double degrees),GE1401,LW2602A,10379,CA1
2753,Bachelor of Laws (incl. LLB double degrees),GE1401,GE1401,10696,T20
2753,Bachelor of Laws (incl. LLB double degrees),GE1401,LW2601,12896,TB3
2753,Bachelor of Laws (incl. LLB double degrees),GE1401,LW2602A,13563,TA4
2753,Bachelor of Laws (incl. LLB double degrees),GE1401,LW2601,14506,CB1
2753,Bachelor of Laws (incl. LLB double degrees),GE1401,LW2603A,14534,TA5
2754,Bachelor of Laws (incl. LLB double degrees),GE1401,LW2601,10058,CA1
2754,Bachelor of Laws (incl. LLB double degrees),GE1401,LW2603A,10107,CA1
2754,Bachelor of Laws (incl. LLB double degrees),GE1401,LW2602A,10379,CA1
2754,Bachelor of Laws (incl. LLB double degrees),GE1401,GE1401,10701,T25
2754,Bachelor of Laws (incl. LLB double degrees),GE1401,LW2602A,13563,TA4
2754,Bachelor of Laws (incl. LLB double degrees),GE1401,LW2603A,14534,TA5
2754,Bachelor of Laws (incl. LLB double degrees),GE1401,LW2601,15005,TA7
2755,Bachelor of Laws (incl. LLB double degrees),GE1401,LW2602A,10379,CA1
2755,Bachelor of Laws (incl. LLB double degrees),GE1401,LW2602A,10380,TA2
2755,Bachelor of Laws (incl. LLB double degrees),GE1401,LW2603A,11183,CC1
2755,Bachelor of Laws (incl. LLB double degrees),GE1401,LW2603A,11184,TC1
2755,Bachelor of Laws (incl. LLB double degrees),GE1401,LW2601,12382,TB1
2755,Bachelor of Laws (incl. LLB double degrees),GE1401,LW2601,14506,CB1
2755,Bachelor of Laws (incl. LLB double degrees),GE1401,GE1401,15602,T58
2756,Bachelor of Laws (incl. LLB double degrees),GE1401,LW2601,10058,CA1
2756,Bachelor of Laws (incl. LLB double degrees),GE1401,LW2603A,10107,CA1
2756,Bachelor of Laws (incl. LLB double degrees),GE1401,LW2602A,10109,CB1
2756,Bachelor of Laws (incl. LLB double degrees),GE1401,GE1401,10701,T25
2756,Bachelor of Laws (incl. LLB double degrees),GE1401,LW2601,12155,TA3
2756,Bachelor of Laws (incl. LLB double degrees),GE1401,LW2602A,13864,TB2
2756,Bachelor of Laws (incl. LLB double degrees),GE1401,LW2603A,14534,TA5
2757,Bachelor of Laws (incl. LLB double degrees),GE1401,LW2601,10058,CA1
2757,Bachelor of Laws (incl. LLB double degrees),GE1401,LW2603A,10107,CA1
2757,Bachelor of Laws (incl. LLB double degrees),GE1401,LW2603A,10111,TA2
2757,Bachelor of Laws (incl. LLB double degrees),GE1401,LW2602A,10379,CA1
2757,Bachelor of Laws (incl. LLB double degrees),GE1401,GE1401,10684,T07
2757,Bachelor of Laws (incl. LLB double degrees),GE1401,LW2601,14533,TA6
2757,Bachelor of Laws (incl. LLB double degrees),GE1401,LW2602A,15010,TA5
2758,Bachelor of Laws (incl. LLB double degrees),GE1401,LW2601,10058,CA1
2758,Bachelor of Laws (incl. LLB double degrees),GE1401,LW2603A,10126,CB1
2758,Bachelor of Laws (incl. LLB double degrees),GE1401,LW2602A,10379,CA1
2758,Bachelor of Laws (incl. LLB double degrees),GE1401,GE1401,10721,T54
2758,Bachelor of Laws (incl. LLB double degrees),GE1401,LW2603A,13881,TB2
2758,Bachelor of Laws (incl. LLB double degrees),GE1401,LW2601,14533,TA6
2758,Bachelor of Laws (incl. LLB double degrees),GE1401,LW2602A,15010,TA5
2759,Bachelor of Laws (incl. LLB double degrees),GE1401,LW2601,10058,CA1
2759,Bachelor of Laws (incl. LLB double degrees),GE1401,LW2603A,10107,CA1
2759,Bachelor of Laws (incl. LLB double degrees),GE1401,LW2602A,10109,CB1
2759,Bachelor of Laws (incl. LLB double degrees),GE1401,GE1401,10701,T25
2759,Bachelor of Laws (incl. LLB double degrees),GE1401,LW2601,12155,TA3
2759,Bachelor of Laws (incl. LLB double degrees),GE1401,LW2602A,13864,TB2
2759,Bachelor of Laws (incl. LLB double degrees),GE1401,LW2603A,14534,TA5
2760,Bachelor of Laws (incl. LLB double degrees),GE1401,LW2601,10058,CA1
2760,Bachelor of Laws (incl. LLB double degrees),GE1401,LW2603A,10107,CA1
2760,Bachelor of Laws (incl. LLB double degrees),GE1401,LW2602A,10109,CB1
2760,Bachelor of Laws (incl. LLB double degrees),GE1401,GE1401,10701,T25
2760,Bachelor of Laws (incl. LLB double degrees),GE1401,LW2602A,13864,TB2
2760,Bachelor of Laws (incl. LLB double degrees),GE1401,LW2603A,14534,TA5
2760,Bachelor of Laws (incl. LLB double degrees),GE1401,LW2601,15005,TA7
2761,Bachelor of Laws (incl. LLB double degrees),GE1401,LW2601,10058,CA1
2761,Bachelor of Laws (incl. LLB double degrees),GE1401,LW2603A,10107,CA1
2761,Bachelor of Laws (incl. LLB double degrees),GE1401,LW2602A,10109,CB1
2761,Bachelor of Laws (incl. LLB double degrees),GE1401,GE1401,10701,T25
2761,Bachelor of Laws (incl. LLB double degrees),GE1401,LW2601,12155,TA3
2761,Bachelor of Laws (incl. LLB double degrees),GE1401,LW2602A,13864,TB2
2761,Bachelor of Laws (incl. LLB double degrees),GE1401,LW2603A,14534,TA5
2762,Bachelor of Laws (incl. LLB double degrees),GE1401,LW2601,10058,CA1
2762,Bachelor of Laws (incl. LLB double degrees),GE1401,LW2602A,10379,CA1
2762,Bachelor of Laws (incl. LLB double degrees),GE1401,GE1401,10696,T20
2762,Bachelor of Laws (incl. LLB double degrees),GE1401,LW2601,12155,TA3
2762,Bachelor of Laws (incl. LLB double degrees),GE1401,LW2602A,13563,TA4
2762,Bachelor of Laws (incl. LLB double degrees),GE1401,LW2603A,15610,CD1
2762,Bachelor of Laws (incl. LLB double degrees),GE1401,LW2603A,15611,TD1
2763,Bachelor of Laws (incl. LLB double degrees),GE1401,LW2601,10058,CA1
2763,Bachelor of Laws (incl. LLB double degrees),GE1401,LW2603A,10107,CA1
2763,Bachelor of Laws (incl. LLB double degrees),GE1401,LW2602A,10379,CA1
2763,Bachelor of Laws (incl. LLB double degrees),GE1401,GE1401,10688,T11
2763,Bachelor of Laws (incl. LLB double degrees),GE1401,LW2603A,12898,TA4
2763,Bachelor of Laws (incl. LLB double degrees),GE1401,LW2601,14533,TA6
2763,Bachelor of Laws (incl. LLB double degrees),GE1401,LW2602A,15010,TA5
2764,Bachelor of Laws (incl. LLB double degrees),GE1401,LW2601,10058,CA1
2764,Bachelor of Laws (incl. LLB double degrees),GE1401,LW2603A,10126,CB1
2764,Bachelor of Laws (incl. LLB double degrees),GE1401,LW2602A,10379,CA1
2764,Bachelor of Laws (incl. LLB double degrees),GE1401,GE1401,10721,T54
2764,Bachelor of Laws (incl. LLB double degrees),GE1401,LW2603A,13881,TB2
2764,Bachelor of Laws (incl. LLB double degrees),GE1401,LW2601,14533,TA6
2764,Bachelor of Laws (incl. LLB double degrees),GE1401,LW2602A,15010,TA5
2765,Bachelor of Laws (incl. LLB double degrees),GE1401,LW2601,10058,CA1
2765,Bachelor of Laws (incl. LLB double degrees),GE1401,LW2602A,10379,CA1
2765,Bachelor of Laws (incl. LLB double degrees),GE1401,GE1401,10696,T20
2765,Bachelor of Laws (incl. LLB double degrees),GE1401,LW2601,12155,TA3
2765,Bachelor of Laws (incl. LLB double degrees),GE1401,LW2602A,13563,TA4
2765,Bachelor of Laws (incl. LLB double degrees),GE1401,LW2603A,15610,CD1
2765,Bachelor of Laws (incl. LLB double degrees),GE1401,LW2603A,15611,TD1
2766,Bachelor of Laws (incl. LLB double degrees),GE1401,LW2602A,10379,CA1
2766,Bachelor of Laws (incl. LLB double degrees),GE1401,LW2603A,11183,CC1
2766,Bachelor of Laws (incl. LLB double degrees),GE1401,LW2603A,11184,TC1
2766,Bachelor of Laws (incl. LLB double degrees),GE1401,LW2602A,12665,TA3
2766,Bachelor of Laws (incl. LLB double degrees),GE1401,LW2601,15009,TC1
2766,Bachelor of Laws (incl. LLB double degrees),GE1401,GE1401,15602,T58
2766,Bachelor of Laws (incl. LLB double degrees),GE1401,LW2601,15604,CC1
2767,Bachelor of Laws (incl. LLB double degrees),GE1401,LW2601,10058,CA1
2767,Bachelor of Laws (incl. LLB double degrees),GE1401,LW2603A,10107,CA1
2767,Bachelor of Laws (incl. LLB double degrees),GE1401,LW2603A,10111,TA2
2767,Bachelor of Laws (incl. LLB double degrees),GE1401,LW2602A,10379,CA1
2767,Bachelor of Laws (incl. LLB double degrees),GE1401,GE1401,10684,T07
2767,Bachelor of Laws (incl. LLB double degrees),GE1401,LW2601,14533,TA6
2767,Bachelor of Laws (incl. LLB double degrees),GE1401,LW2602A,15010,TA5
2768,Bachelor of Laws (incl. LLB double degrees),GE1401,LW2601,10058,CA1
2768,Bachelor of Laws (incl. LLB double degrees),GE1401,LW2603A,10107,CA1
2768,Bachelor of Laws (incl. LLB double degrees),GE1401,LW2602A,10109,CB1
2768,Bachelor of Laws (incl. LLB double degrees),GE1401,GE1401,10701,T25
2768,Bachelor of Laws (incl. LLB double degrees),GE1401,LW2601,12155,TA3
2768,Bachelor of Laws (incl. LLB double degrees),GE1401,LW2602A,13864,TB2
2768,Bachelor of Laws (incl. LLB double degrees),GE1401,LW2603A,14534,TA5
2769,Bachelor of Laws (incl. LLB double degrees),LC0200A,LW2601,10058,CA1
2769,Bachelor of Laws (incl. LLB double degrees),LC0200A,LW2602A,10379,CA1
2769,Bachelor of Laws (incl. LLB double degrees),LC0200A,LC0200A,10864,T04
2769,Bachelor of Laws (incl. LLB double degrees),LC0200A,LW2603A,11183,CC1
2769,Bachelor of Laws (incl. LLB double degrees),LC0200A,LW2603A,11184,TC1
2769,Bachelor of Laws (incl. LLB double degrees),LC0200A,LW2602A,13563,TA4
2769,Bachelor of Laws (incl. LLB double degrees),LC0200A,LW2601,15005,TA7
2770,Bachelor of Laws (incl. LLB double degrees),LC0200A,LW2603A,10126,CB1
2770,Bachelor of Laws (incl. LLB double degrees),LC0200A,LW2602A,10379,CA1
2770,Bachelor of Laws (incl. LLB double degrees),LC0200A,LW2602A,10380,TA2
2770,Bachelor of Laws (incl. LLB double degrees),LC0200A,LC0200A,10895,T27
2770,Bachelor of Laws (incl. LLB double degrees),LC0200A,LW2603A,13881,TB2
2770,Bachelor of Laws (incl. LLB double degrees),LC0200A,LW2601,14506,CB1
2770,Bachelor of Laws (incl. LLB double degrees),LC0200A,LW2601,15006,TB4
2771,Bachelor of Laws (incl. LLB double degrees),LC0200A,LW2601,10058,CA1
2771,Bachelor of Laws (incl. LLB double degrees),LC0200A,LW2603A,10107,CA1
2771,Bachelor of Laws (incl. LLB double degrees),LC0200A,LW2602A,10379,CA1
2771,Bachelor of Laws (incl. LLB double degrees),LC0200A,LC0200A,10875,T06
2771,Bachelor of Laws (incl. LLB double degrees),LC0200A,LW2603A,12898,TA4
2771,Bachelor of Laws (incl. LLB double degrees),LC0200A,LW2601,14533,TA6
2771,Bachelor of Laws (incl. LLB double degrees),LC0200A,LW2602A,15010,TA5
2772,Bachelor of Laws (incl. LLB double degrees),LC0200A,LW2603A,10107,CA1
2772,Bachelor of Laws (incl. LLB double degrees),LC0200A,LW2603A,10111,TA2
2772,Bachelor of Laws (incl. LLB double degrees),LC0200A,LW2602A,10379,CA1
2772,Bachelor of Laws (incl. LLB double degrees),LC0200A,LC0200A,11029,T30
2772,Bachelor of Laws (incl. LLB double degrees),LC0200A,LW2601,12383,TB2
2772,Bachelor of Laws (incl. LLB double degrees),LC0200A,LW2602A,12665,TA3
2772,Bachelor of Laws (incl. LLB double degrees),LC0200A,LW2601,14506,CB1
2773,Bachelor of Laws (incl. LLB double degrees),LC0200A,LW2603A,10126,CB1
2773,Bachelor of Laws (incl. LLB double degrees),LC0200A,LW2602A,10379,CA1
2773,Bachelor of Laws (incl. LLB double degrees),LC0200A,LC0200A,10880,T11
2773,Bachelor of Laws (incl. LLB double degrees),LC0200A,LW2603A,13881,TB2
2773,Bachelor of Laws (incl. LLB double degrees),LC0200A,LW2601,14506,CB1
2773,Bachelor of Laws (incl. LLB double degrees),LC0200A,LW2601,15008,TB6
2773,Bachelor of Laws (incl. LLB double degrees),LC0200A,LW2602A,15010,TA5
2774,Bachelor of Laws (incl. LLB double degrees),LC0200A,LW2601,10058,CA1
2774,Bachelor of Laws (incl. LLB double degrees),LC0200A,LW2602A,10379,CA1
2774,Bachelor of Laws (incl. LLB double degrees),LC0200A,LC0200A,10841,T01
2774,Bachelor of Laws (incl. LLB double degrees),LC0200A,LW2601,12155,TA3
2774,Bachelor of Laws (incl. LLB double degrees),LC0200A,LW2602A,13563,TA4
2774,Bachelor of Laws (incl. LLB double degrees),LC0200A,LW2603A,15610,CD1
2774,Bachelor of Laws (incl. LLB double degrees),LC0200A,LW2603A,15611,TD1
2775,Bachelor of Laws (incl. LLB double degrees),LC0200A,LW2601,10058,CA1
2775,Bachelor of Laws (incl. LLB double degrees),LC0200A,LW2603A,10107,CA1
2775,Bachelor of Laws (incl. LLB double degrees),LC0200A,LW2602A,10379,CA1
2775,Bachelor of Laws (incl. LLB double degrees),LC0200A,LC0200A,10841,T01
2775,Bachelor of Laws (incl. LLB double degrees),LC0200A,LW2601,12155,TA3
2775,Bachelor of Laws (incl. LLB double degrees),LC0200A,LW2602A,13563,TA4
2775,Bachelor of Laws (incl. LLB double degrees),LC0200A,LW2603A,14534,TA5
2776,Bachelor of Laws (incl. LLB double degrees),LC0200A,LW2601,10058,CA1
2776,Bachelor of Laws (incl. LLB double degrees),LC0200A,LW2603A,10107,CA1
2776,Bachelor of Laws (incl. LLB double degrees),LC0200A,LW2602A,10379,CA1
2776,Bachelor of Laws (incl. LLB double degrees),LC0200A,LC0200A,10841,T01
2776,Bachelor of Laws (incl. LLB double degrees),LC0200A,LW2601,12155,TA3
2776,Bachelor of Laws (incl. LLB double degrees),LC0200A,LW2602A,13563,TA4
2776,Bachelor of Laws (incl. LLB double degrees),LC0200A,LW2603A,14534,TA5
2777,Bachelor of Laws (incl. LLB double degrees),LC0200A,LW2602A,10379,CA1
2777,Bachelor of Laws (incl. LLB double degrees),LC0200A,LC0200A,10889,T21
2777,Bachelor of Laws (incl. LLB double degrees),LC0200A,LW2603A,11183,CC1
2777,Bachelor of Laws (incl. LLB double degrees),LC0200A,LW2603A,11184,TC1
2777,Bachelor of Laws (incl. LLB double degrees),LC0200A,LW2602A,12665,TA3
2777,Bachelor of Laws (incl. LLB double degrees),LC0200A,LW2601,15009,TC1
2777,Bachelor of Laws (incl. LLB double degrees),LC0200A,LW2601,15604,CC1
2778,Bachelor of Laws (incl. LLB double degrees),LC0200A,LW2601,10058,CA1
2778,Bachelor of Laws (incl. LLB double degrees),LC0200A,LW2602A,10379,CA1
2778,Bachelor of Laws (incl. LLB double degrees),LC0200A,LC0200A,10841,T01
2778,Bachelor of Laws (incl. LLB double degrees),LC0200A,LW2603A,11183,CC1
2778,Bachelor of Laws (incl. LLB double degrees),LC0200A,LW2603A,11184,TC1
2778,Bachelor of Laws (incl. LLB double degrees),LC0200A,LW2602A,13563,TA4
2778,Bachelor of Laws (incl. LLB double degrees),LC0200A,LW2601,15005,TA7
2779,Bachelor of Laws (incl. LLB double degrees),LC0200A,LW2601,10058,CA1
2779,Bachelor of Laws (incl. LLB double degrees),LC0200A,LW2603A,10107,CA1
2779,Bachelor of Laws (incl. LLB double degrees),LC0200A,LW2602A,10379,CA1
2779,Bachelor of Laws (incl. LLB double degrees),LC0200A,LC0200A,10841,T01
2779,Bachelor of Laws (incl. LLB double degrees),LC0200A,LW2601,12155,TA3
2779,Bachelor of Laws (incl. LLB double degrees),LC0200A,LW2602A,13563,TA4
2779,Bachelor of Laws (incl. LLB double degrees),LC0200A,LW2603A,14534,TA5
2780,Bachelor of Laws (incl. LLB double degrees),LC0200A,LW2603A,10107,CA1
2780,Bachelor of Laws (incl. LLB double degrees),LC0200A,LW2603A,10111,TA2
2780,Bachelor of Laws (incl. LLB double degrees),LC0200A,LW2602A,10379,CA1
2780,Bachelor of Laws (incl. LLB double degrees),LC0200A,LC0200A,11029,T30
2780,Bachelor of Laws (incl. LLB double degrees),LC0200A,LW2601,12383,TB2
2780,Bachelor of Laws (incl. LLB double degrees),LC0200A,LW2602A,12665,TA3
2780,Bachelor of Laws (incl. LLB double degrees),LC0200A,LW2601,14506,CB1
2781,Bachelor of Laws (incl. LLB double degrees),LC0200A,LW2601,10058,CA1
2781,Bachelor of Laws (incl. LLB double degrees),LC0200A,LW2602A,10109,CB1
2781,Bachelor of Laws (incl. LLB double degrees),LC0200A,LC0200A,10841,T01
2781,Bachelor of Laws (incl. LLB double degrees),LC0200A,LW2603A,11183,CC1
2781,Bachelor of Laws (incl. LLB double degrees),LC0200A,LW2603A,11184,TC1
2781,Bachelor of Laws (incl. LLB double degrees),LC0200A,LW2602A,13864,TB2
2781,Bachelor of Laws (incl. LLB double degrees),LC0200A,LW2601,15005,TA7
2782,Bachelor of Laws (incl. LLB double degrees),LC0200A,LW2603A,10126,CB1
2782,Bachelor of Laws (incl. LLB double degrees),LC0200A,LW2602A,10379,CA1
2782,Bachelor of Laws (incl. LLB double degrees),LC0200A,LW2602A,10380,TA2
2782,Bachelor of Laws (incl. LLB double degrees),LC0200A,LC0200A,10895,T27
2782,Bachelor of Laws (incl. LLB double degrees),LC0200A,LW2603A,13881,TB2
2782,Bachelor of Laws (incl. LLB double degrees),LC0200A,LW2601,14506,CB1
2782,Bachelor of Laws (incl. LLB double degrees),LC0200A,LW2601,15006,TB4
2783,Bachelor of Laws (incl. LLB double degrees),LC0200A,LW2603A,10107,CA1
2783,Bachelor of Laws (incl. LLB double degrees),LC0200A,LW2603A,10111,TA2
2783,Bachelor of Laws (incl. LLB double degrees),LC0200A,LW2602A,10379,CA1
2783,Bachelor of Laws (incl. LLB double degrees),LC0200A,LC0200A,10895,T27
2783,Bachelor of Laws (incl. LLB double degrees),LC0200A,LW2602A,12665,TA3
2783,Bachelor of Laws (incl. LLB double degrees),LC0200A,LW2601,14506,CB1
2783,Bachelor of Laws (incl. LLB double degrees),LC0200A,LW2601,15006,TB4
2784,Bachelor of Laws (incl. LLB double degrees),LC0200A,LW2603A,10107,CA1
2784,Bachelor of Laws (incl. LLB double degrees),LC0200A,LW2602A,10379,CA1
2784,Bachelor of Laws (incl. LLB double degrees),LC0200A,LW2601,12382,TB1
2784,Bachelor of Laws (incl. LLB double degrees),LC0200A,LW2601,14506,CB1
2784,Bachelor of Laws (incl. LLB double degrees),LC0200A,LW2603A,14534,TA5
2784,Bachelor of Laws (incl. LLB double degrees),LC0200A,LC0200A,14950,T18
2784,Bachelor of Laws (incl. LLB double degrees),LC0200A,LW2602A,15010,TA5
2785,Bachelor of Laws (incl. LLB double degrees),LC0200A,LW2601,10058,CA1
2785,Bachelor of Laws (incl. LLB double degrees),LC0200A,LW2602A,10109,CB1
2785,Bachelor of Laws (incl. LLB double degrees),LC0200A,LC0200A,10841,T01
2785,Bachelor of Laws (incl. LLB double degrees),LC0200A,LW2603A,11183,CC1
2785,Bachelor of Laws (incl. LLB double degrees),LC0200A,LW2603A,11184,TC1
2785,Bachelor of Laws (incl. LLB double degrees),LC0200A,LW2602A,13864,TB2
2785,Bachelor of Laws (incl. LLB double degrees),LC0200A,LW2601,15005,TA7
2786,Bachelor of Laws (incl. LLB double degrees),LC0200A,LW2601,10058,CA1
2786,Bachelor of Laws (incl. LLB double degrees),LC0200A,LW2603A,10107,CA1
2786,Bachelor of Laws (incl. LLB double degrees),LC0200A,LW2602A,10379,CA1
2786,Bachelor of Laws (incl. LLB double degrees),LC0200A,LC0200A,10841,T01
2786,Bachelor of Laws (incl. LLB double degrees),LC0200A,LW2601,12155,TA3
2786,Bachelor of Laws (incl. LLB double degrees),LC0200A,LW2602A,13563,TA4
2786,Bachelor of Laws (incl. LLB double degrees),LC0200A,LW2603A,14534,TA5
2787,Bachelor of Laws (incl. LLB double degrees),LC0200A,LW2603A,10107,CA1
2787,Bachelor of Laws (incl. LLB double degrees),LC0200A,LW2603A,10111,TA2
2787,Bachelor of Laws (incl. LLB double degrees),LC0200A,LW2602A,10379,CA1
2787,Bachelor of Laws (incl. LLB double degrees),LC0200A,LC0200A,11029,T30
2787,Bachelor of Laws (incl. LLB double degrees),LC0200A,LW2601,12383,TB2
2787,Bachelor of Laws (incl. LLB double degrees),LC0200A,LW2602A,12665,TA3
2787,Bachelor of Laws (incl. LLB double degrees),LC0200A,LW2601,14506,CB1
2788,Bachelor of Laws (incl. LLB double degrees),LC0200A,LW2601,10058,CA1
2788,Bachelor of Laws (incl. LLB double degrees),LC0200A,LW2603A,10107,CA1
2788,Bachelor of Laws (incl. LLB double degrees),LC0200A,LW2602A,10379,CA1
2788,Bachelor of Laws (incl. LLB double degrees),LC0200A,LC0200A,10841,T01
2788,Bachelor of Laws (incl. LLB double degrees),LC0200A,LW2601,12155,TA3
2788,Bachelor of Laws (incl. LLB double degrees),LC0200A,LW2602A,13563,TA4
2788,Bachelor of Laws (incl. LLB double degrees),LC0200A,LW2603A,14534,TA5
2789,Bachelor of Laws (incl. LLB double degrees),LC0200A,LW2601,10058,CA1
2789,Bachelor of Laws (incl. LLB double degrees),LC0200A,LW2603A,10126,CB1
2789,Bachelor of Laws (incl. LLB double degrees),LC0200A,LW2602A,10379,CA1
2789,Bachelor of Laws (incl. LLB double degrees),LC0200A,LW2602A,10380,TA2
2789,Bachelor of Laws (incl. LLB double degrees),LC0200A,LC0200A,10890,T22
2789,Bachelor of Laws (incl. LLB double degrees),LC0200A,LW2603A,13881,TB2
2789,Bachelor of Laws (incl. LLB double degrees),LC0200A,LW2601,14533,TA6
2790,Bachelor of Laws (incl. LLB double degrees),LC0200A,LW2601,10058,CA1
2790,Bachelor of Laws (incl. LLB double degrees),LC0200A,LW2603A,10107,CA1
2790,Bachelor of Laws (incl. LLB double degrees),LC0200A,LW2602A,10379,CA1
2790,Bachelor of Laws (incl. LLB double degrees),LC0200A,LC0200A,10841,T01
2790,Bachelor of Laws (incl. LLB double degrees),LC0200A,LW2601,12155,TA3
2790,Bachelor of Laws (incl. LLB double degrees),LC0200A,LW2602A,13563,TA4
2790,Bachelor of Laws (incl. LLB double degrees),LC0200A,LW2603A,14534,TA5
2791,Bachelor of Laws (incl. LLB double degrees),LC0200A,LW2603A,10126,CB1
2791,Bachelor of Laws (incl. LLB double degrees),LC0200A,LW2602A,10379,CA1
2791,Bachelor of Laws (incl. LLB double degrees),LC0200A,LW2602A,10380,TA2
2791,Bachelor of Laws (incl. LLB double degrees),LC0200A,LC0200A,10895,T27
2791,Bachelor of Laws (incl. LLB double degrees),LC0200A,LW2603A,13881,TB2
2791,Bachelor of Laws (incl. LLB double degrees),LC0200A,LW2601,14506,CB1
2791,Bachelor of Laws (incl. LLB double degrees),LC0200A,LW2601,15006,TB4
2792,Bachelor of Laws (incl. LLB double degrees),LC0200A,LW2603A,10126,CB1
2792,Bachelor of Laws (incl. LLB double degrees),LC0200A,LW2602A,10379,CA1
2792,Bachelor of Laws (incl. LLB double degrees),LC0200A,LC0200A,10895,T27
2792,Bachelor of Laws (incl. LLB double degrees),LC0200A,LW2601,12382,TB1
2792,Bachelor of Laws (incl. LLB double degrees),LC0200A,LW2603A,13881,TB2
2792,Bachelor of Laws (incl. LLB double degrees),LC0200A,LW2601,14506,CB1
2792,Bachelor of Laws (incl. LLB double degrees),LC0200A,LW2602A,15010,TA5
2793,Bachelor of Laws (incl. LLB double degrees),LC0200A,LW2603A,10126,CB1
2793,Bachelor of Laws (incl. LLB double degrees),LC0200A,LW2602A,10379,CA1
2793,Bachelor of Laws (incl. LLB double degrees),LC0200A,LC0200A,10880,T11
2793,Bachelor of Laws (incl. LLB double degrees),LC0200A,LW2603A,13881,TB2
2793,Bachelor of Laws (incl. LLB double degrees),LC0200A,LW2601,14506,CB1
2793,Bachelor of Laws (incl. LLB double degrees),LC0200A,LW2601,15008,TB6
2793,Bachelor of Laws (incl. LLB double degrees),LC0200A,LW2602A,15010,TA5
2794,Bachelor of Laws (incl. LLB double degrees),LC0200A,LW2603A,10107,CA1
2794,Bachelor of Laws (incl. LLB double degrees),LC0200A,LW2602A,10379,CA1
2794,Bachelor of Laws (incl. LLB double degrees),LC0200A,LW2601,12382,TB1
2794,Bachelor of Laws (incl. LLB double degrees),LC0200A,LW2601,14506,CB1
2794,Bachelor of Laws (incl. LLB double degrees),LC0200A,LW2603A,14534,TA5
2794,Bachelor of Laws (incl. LLB double degrees),LC0200A,LC0200A,14950,T18
2794,Bachelor of Laws (incl. LLB double degrees),LC0200A,LW2602A,15010,TA5
2795,Bachelor of Laws (incl. LLB double degrees),LC0200A,LW2602A,10379,CA1
2795,Bachelor of Laws (incl. LLB double degrees),LC0200A,LW2602A,10380,TA2
2795,Bachelor of Laws (incl. LLB double degrees),LC0200A,LC0200A,10864,T04
2795,Bachelor of Laws (incl. LLB double degrees),LC0200A,LW2603A,11183,CC1
2795,Bachelor of Laws (incl. LLB double degrees),LC0200A,LW2603A,11184,TC1
2795,Bachelor of Laws (incl. LLB double degrees),LC0200A,LW2601,15009,TC1
2795,Bachelor of Laws (incl. LLB double degrees),LC0200A,LW2601,15604,CC1
