block,major,english,students,course,crn,section,day,start,end,weeks,venue
0,BBA Accountancy,GE1401,12,CB2100,10190,C01,T,16:00,17:50,1-13,MMW 2450
0,BBA Accountancy,GE1401,12,CB2601,10335,C02,F,09:00,11:50,1-13,YEUNG LT-8
0,BBA Accountancy,GE1401,12,CB2100,10552,T09,M,10:00,10:50,1-13,YEUNG B5-307
0,BBA Accountancy,GE1401,12,GE1401,10686,T09,W,09:00,11:50,1-13,LI 2415
0,BBA Accountancy,GE1401,12,CB2300,12536,S05,R,15:00,17:50,1-13,YEUNG LT-9
0,BBA Accountancy,GE1401,12,CB2201,14827,C06,T,13:00,15:50,1-13,YEUNG LT-1
1,BBA Accountancy,GE1401,12,CB2100,10246,T03,M,16:00,16:50,1-13,YEUNG B5-309
1,BBA Accountancy,GE1401,12,CB2100,10551,C02,F,15:00,16:50,1-13,YEUNG LT-1
1,BBA Accountancy,GE1401,12,CB2201,10792,C04,W,09:00,11:50,1-13,YEUNG LT-2
1,BBA Accountancy,GE1401,12,CB2601,12305,C01,T,16:00,18:50,1-13,YEUNG LT-15
1,BBA Accountancy,GE1401,12,CB2300,12533,S01,R,15:00,17:50,1-13,LI 1614
1,BBA Accountancy,GE1401,12,GE1401,12735,T74,S,09:00,11:50,1-14,LI 1402
2,BBA Accountancy,GE1401,12,GE1401,10357,T01,S,09:00,11:50,1-14,LI 1404
2,BBA Accountancy,GE1401,12,CB2100,10551,C02,F,15:00,16:50,1-13,YEUNG LT-1
2,BBA Accountancy,GE1401,12,CB2201,10792,C04,W,09:00,11:50,1-13,YEUNG LT-2
2,BBA Accountancy,GE1401,12,CB2100,11278,T14,M,11:00,11:50,1-13,YEUNG B5-307
2,BBA Accountancy,GE1401,12,CB2601,12304,CE1,R,09:00,11:50,1-13,LI 1507
2,BBA Accountancy,GE1401,12,CB2300,12534,S03,T,15:00,17:50,1-13,YEUNG LT-8
3,BBA Accountancy,GE1401,12,CB2100,10551,C02,F,15:00,16:50,1-13,YEUNG LT-1
3,BBA Accountancy,GE1401,12,CB2100,10552,T09,M,10:00,10:50,1-13,YEUNG B5-307
3,BBA Accountancy,GE1401,12,GE1401,10723,T56,S,09:00,11:50,1-14,LI 1312
3,BBA Accountancy,GE1401,12,CB2201,10792,C04,W,09:00,11:50,1-13,YEUNG LT-2
3,BBA Accountancy,GE1401,12,CB2601,12305,C01,T,16:00,18:50,1-13,YEUNG LT-15
3,BBA Accountancy,GE1401,12,CB2300,12536,S05,R,15:00,17:50,1-13,YEUNG LT-9
4,BBA Accountancy,GE1401,12,CB2100,10191,T04,M,15:00,15:50,1-13,YEUNG B5-309
4,BBA Accountancy,GE1401,12,CB2100,10551,C02,F,15:00,16:50,1-13,YEUNG LT-1
4,BBA Accountancy,GE1401,12,CB2601,12304,CE1,R,09:00,11:50,1-13,LI 1507
4,BBA Accountancy,GE1401,12,CB2300,12535,S04,W,12:00,14:50,1-13,YEUNG LT-15
4,BBA Accountancy,GE1401,12,CB2201,14827,C06,T,13:00,15:50,1-13,YEUNG LT-1
4,BBA Accountancy,GE1401,12,GE1401,15602,T58,M,16:00,18:50,1-13,LI 1310
5,BBA Accountancy,GE1401,12,CB2100,10190,C01,T,16:00,17:50,1-13,MMW 2450
5,BBA Accountancy,GE1401,12,CB2100,10192,T05,M,14:00,14:50,1-13,YEUNG B5-309
5,BBA Accountancy,GE1401,12,CB2601,12304,CE1,R,09:00,11:50,1-13,LI 1507
5,BBA Accountancy,GE1401,12,CB2300,12532,S02,F,15:00,17:50,1-13,YEUNG LT-4
5,BBA Accountancy,GE1401,12,CB2201,14827,C06,T,13:00,15:50,1-13,YEUNG LT-1
5,BBA Accountancy,GE1401,12,GE1401,15206,TC6,M,15:00,17:50,1-13,LI 2108
6,BBA Accountancy,GE1401,12,CB2100,10190,C01,T,16:00,17:50,1-13,MMW 2450
6,BBA Accountancy,GE1401,12,GE1401,10679,T02,M,12:00,14:50,1-13,LI 2308
6,BBA Accountancy,GE1401,12,CB2601,11195,C03,R,16:00,18:50,1-13,YEUNG LT-7
6,BBA Accountancy,GE1401,12,CB2100,11278,T14,M,11:00,11:50,1-13,YEUNG B5-307
6,BBA Accountancy,GE1401,12,CB2300,12535,S04,W,12:00,14:50,1-13,YEUNG LT-15
6,BBA Accountancy,GE1401,12,CB2201,14827,C06,T,13:00,15:50,1-13,YEUNG LT-1
7,BBA Accountancy,GE1401,12,CB2100,10190,C01,T,16:00,17:50,1-13,MMW 2450
7,BBA Accountancy,GE1401,12,CB2601,10335,C02,F,09:00,11:50,1-13,YEUNG LT-8
7,BBA Accountancy,GE1401,12,GE1401,10694,T17,W,15:00,17:50,1-13,LI 1410
7,BBA Accountancy,GE1401,12,CB2100,11277,T13,M,14:00,14:50,1-13,YEUNG B5-307
7,BBA Accountancy,GE1401,12,CB2300,12533,S01,R,15:00,17:50,1-13,LI 1614
7,BBA Accountancy,GE1401,12,CB2201,14828,C07,M,15:00,17:50,1-13,LI 1503
8,BBA Accountancy,GE1401,12,CB2100,10551,C02,F,15:00,16:50,1-13,YEUNG LT-1
8,BBA Accountancy,GE1401,12,GE1401,10717,T48,W,16:00,18:50,1-13,LI 2108
8,BBA Accountancy,GE1401,12,CB2100,11277,T13,M,14:00,14:50,1-13,YEUNG B5-307
8,BBA Accountancy,GE1401,12,CB2601,12305,C01,T,16:00,18:50,1-13,YEUNG LT-15
8,BBA Accountancy,GE1401,12,CB2300,12533,S01,R,15:00,17:50,1-13,LI 1614
8,BBA Accountancy,GE1401,12,CB2201,14828,C07,M,15:00,17:50,1-13,LI 1503
9,BBA Accountancy,GE1401,12,CB2100,10244,T01,T,10:00,10:50,1-13,YEUNG B5-309
9,BBA Accountancy,GE1401,12,CB2100,10551,C02,F,15:00,16:50,1-13,YEUNG LT-1
9,BBA Accountancy,GE1401,12,CB2201,10678,C05,F,09:00,11:50,1-13,YEUNG LT-1
9,BBA Accountancy,GE1401,12,GE1401,10716,T47,F,12:00,14:50,1-13,LI 1410
9,BBA Accountancy,GE1401,12,CB2300,12534,S03,T,15:00,17:50,1-13,YEUNG LT-8
9,BBA Accountancy,GE1401,12,CB2601,12560,C05,T,12:00,14:50,1-13,YEUNG LT-3
10,BBA Accountancy,GE1401,12,CB2100,10190,C01,T,16:00,17:50,1-13,MMW 2450
10,BBA Accountancy,GE1401,12,CB2100,10553,T10,M,18:00,18:50,1-13,YEUNG B5-307
10,BBA Accountancy,GE1401,12,GE1401,10721,T54,W,15:00,17:50,1-13,LI 1402
10,BBA Accountancy,GE1401,12,CB2601,12304,CE1,R,09:00,11:50,1-13,LI 1507
10,BBA Accountancy,GE1401,12,CB2300,12532,S02,F,15:00,17:50,1-13,YEUNG LT-4
10,BBA Accountancy,GE1401,12,CB2201,14828,C07,M,15:00,17:50,1-13,LI 1503
11,BBA Accountancy,LC0200A,12,CB2100,10190,C01,T,16:00,17:50,1-13,MMW 2450
11,BBA Accountancy,LC0200A,12,CB2601,10335,C02,F,09:00,11:50,1-13,YEUNG LT-8
11,BBA Accountancy,LC0200A,12,CB2100,10554,T11,M,17:00,17:50,1-13,YEUNG B5-307
11,BBA Accountancy,LC0200A,12,CB2201,10792,C04,W,09:00,11:50,1-13,YEUNG LT-2
11,BBA Accountancy,LC0200A,12,CB2300,12536,S05,R,15:00,17:50,1-13,YEUNG LT-9
11,BBA Accountancy,LC0200A,12,LC0200A,14952,T36,S,09:00,11:50,1-14,LI 1310
12,BBA Accountancy,LC0200A,12,CB2201,10678,C05,F,09:00,11:50,1-13,YEUNG LT-1
12,BBA Accountancy,LC0200A,12,LC0200A,10884,T15,F,12:00,14:50,1-13,LI 1402
12,BBA Accountancy,LC0200A,12,CB2300,12534,S03,T,15:00,17:50,1-13,YEUNG LT-8
12,BBA Accountancy,LC0200A,12,CB2601,12560,C05,T,12:00,14:50,1-13,YEUNG LT-3
12,BBA Accountancy,LC0200A,12,CB2100,12575,TB1,T,11:00,11:50,1-13,YEUNG B5-309
12,BBA Accountancy,LC0200A,12,CB2100,12890,CB2,F,15:00,16:50,1-13,YEUNG LT-1
13,BBA Accountancy,LC0200A,12,CB2100,10190,C01,T,16:00,17:50,1-13,MMW 2450
13,BBA Accountancy,LC0200A,12,CB2100,10192,T05,M,14:00,14:50,1-13,YEUNG B5-309
13,BBA Accountancy,LC0200A,12,LC0200A,10897,T29,W,15:00,17:50,1-13,LI 1314
13,BBA Accountancy,LC0200A,12,CB2601,12304,CE1,R,09:00,11:50,1-13,LI 1507
13,BBA Accountancy,LC0200A,12,CB2300,12532,S02,F,15:00,17:50,1-13,YEUNG LT-4
13,BBA Accountancy,LC0200A,12,CB2201,14828,C07,M,15:00,17:50,1-13,LI 1503
14,BBA Accountancy,LC0200A,12,CB2100,10246,T03,M,16:00,16:50,1-13,YEUNG B5-309
14,BBA Accountancy,LC0200A,12,CB2100,10551,C02,F,15:00,16:50,1-13,YEUNG LT-1
14,BBA Accountancy,LC0200A,12,CB2201,10792,C04,W,09:00,11:50,1-13,YEUNG LT-2
14,BBA Accountancy,LC0200A,12,CB2601,12305,C01,T,16:00,18:50,1-13,YEUNG LT-15
14,BBA Accountancy,LC0200A,12,CB2300,12533,S01,R,15:00,17:50,1-13,LI 1614
14,BBA Accountancy,LC0200A,12,LC0200A,14950,T18,S,09:00,11:50,1-14,LI 2415
15,BBA Accountancy,LC0200A,12,CB2100,10190,C01,T,16:00,17:50,1-13,MMW 2450
15,BBA Accountancy,LC0200A,12,CB2601,10335,C02,F,09:00,11:50,1-13,YEUNG LT-8
15,BBA Accountancy,LC0200A,12,CB2100,10553,T10,M,18:00,18:50,1-13,YEUNG B5-307
15,BBA Accountancy,LC0200A,12,LC0200A,10881,T12,W,16:00,18:50,1-13,LI 1312
15,BBA Accountancy,LC0200A,12,CB2300,12536,S05,R,15:00,17:50,1-13,YEUNG LT-9
15,BBA Accountancy,LC0200A,12,CB2201,14828,C07,M,15:00,17:50,1-13,LI 1503
16,BBA Finance,GE1401,12,CB2100,10190,C01,T,16:00,17:50,1-13,MMW 2450
16,BBA Finance,GE1401,12,CB2201,10340,C02,R,15:00,17:50,1-13,YEUNG LT-2
16,BBA Finance,GE1401,12,CB2100,10554,T11,M,17:00,17:50,1-13,YEUNG B5-307
16,BBA Finance,GE1401,12,GE1401,10680,T03,F,15:00,17:50,1-13,LI 2108
16,BBA Finance,GE1401,12,CB2400,13315,CB3,W,09:00,11:50,1-13,YEUNG LT-7
17,BBA Finance,GE1401,12,CB2100,10190,C01,T,16:00,17:50,1-13,MMW 2450
17,BBA Finance,GE1401,12,CB2400,10235,C02,W,15:00,17:50,1-13,LI 6606
17,BBA Finance,GE1401,12,CB2100,10245,T02,M,17:00,17:50,1-13,YEUNG B5-309
17,BBA Finance,GE1401,12,CB2201,10340,C02,R,15:00,17:50,1-13,YEUNG LT-2
17,BBA Finance,GE1401,12,GE1401,11070,TA1,F,13:00,15:50,1-13,LI 2407
18,BBA Finance,GE1401,12,CB2100,10190,C01,T,16:00,17:50,1-13,MMW 2450
18,BBA Finance,GE1401,12,CB2201,10339,C01,R,09:00,11:50,1-13,YEUNG LT-1
18,BBA Finance,GE1401,12,CB2100,10441,T06,M,11:00,11:50,1-13,YEUNG B5-309
18,BBA Finance,GE1401,12,CB2400,10839,CB1,W,15:00,17:50,1-13,YEUNG LT-8
18,BBA Finance,GE1401,12,GE1401,14941,TA3,F,13:00,15:50,1-13,LI 1310
19,BBA Finance,GE1401,12,CB2201,10340,C02,R,15:00,17:50,1-13,YEUNG LT-2
19,BBA Finance,GE1401,12,CB2100,10441,T06,M,11:00,11:50,1-13,YEUNG B5-309
19,BBA Finance,GE1401,12,CB2100,10551,C02,F,15:00,16:50,1-13,YEUNG LT-1
19,BBA Finance,GE1401,12,GE1401,10717,T48,W,16:00,18:50,1-13,LI 2108
19,BBA Finance,GE1401,12,CB2400,10840,CB2,T,09:00,11:50,1-13,YEUNG LT-8
20,BBA Finance,GE1401,12,CB2100,10190,C01,T,16:00,17:50,1-13,MMW 2450
20,BBA Finance,GE1401,12,CB2201,10340,C02,R,15:00,17:50,1-13,YEUNG LT-2
20,BBA Finance,GE1401,12,CB2100,10442,T07,M,10:00,10:50,1-13,YEUNG B5-309
20,BBA Finance,GE1401,12,CB2400,13315,CB3,W,09:00,11:50,1-13,YEUNG LT-7
20,BBA Finance,GE1401,12,GE1401,15600,T14,F,15:00,17:50,1-13,LI 2405
21,BBA Finance,GE1401,12,CB2201,10339,C01,R,09:00,11:50,1-13,YEUNG LT-1
21,BBA Finance,GE1401,12,CB2400,10403,CA1,M,09:00,11:50,1-13,LI 6603
21,BBA Finance,GE1401,12,CB2100,10443,T08,T,10:00,10:50,1-13,YEUNG B5-307
21,BBA Finance,GE1401,12,CB2100,10551,C02,F,15:00,16:50,1-13,YEUNG LT-1
21,BBA Finance,GE1401,12,GE1401,12122,T35,W,15:00,17:50,1-13,LI 2312
22,BBA Finance,GE1401,11,CB2400,10180,C01,M,09:00,11:50,1-13,LI 6603
22,BBA Finance,GE1401,11,CB2100,10551,C02,F,15:00,16:50,1-13,YEUNG LT-1
22,BBA Finance,GE1401,11,GE1401,10694,T17,W,15:00,17:50,1-13,LI 1410
22,BBA Finance,GE1401,11,CB2100,11276,T12,R,10:00,10:50,1-13,YEUNG B5-307
22,BBA Finance,GE1401,11,CB2201,14827,C06,T,13:00,15:50,1-13,YEUNG LT-1
23,BBA Finance,GE1401,11,CB2100,10190,C01,T,16:00,17:50,1-13,MMW 2450
23,BBA Finance,GE1401,11,CB2100,10191,T04,M,15:00,15:50,1-13,YEUNG B5-309
23,BBA Finance,GE1401,11,CB2201,10340,C02,R,15:00,17:50,1-13,YEUNG LT-2
23,BBA Finance,GE1401,11,CB2400,10839,CB1,W,15:00,17:50,1-13,YEUNG LT-8
23,BBA Finance,GE1401,11,GE1401,11498,T83,F,15:00,17:50,1-13,LI 2413
24,BBA Finance,GE1401,11,CB2100,10244,T01,T,10:00,10:50,1-13,YEUNG B5-309
24,BBA Finance,GE1401,11,CB2201,10339,C01,R,09:00,11:50,1-13,YEUNG LT-1
24,BBA Finance,GE1401,11,CB2100,10551,C02,F,15:00,16:50,1-13,YEUNG LT-1
24,BBA Finance,GE1401,11,CB2400,10839,CB1,W,15:00,17:50,1-13,YEUNG LT-8
24,BBA Finance,GE1401,11,GE1401,12734,T71,M,16:00,18:50,1-13,LI 2415
25,BBA Finance,LC0200A,12,CB2100,10190,C01,T,16:00,17:50,1-13,MMW 2450
25,BBA Finance,LC0200A,12,CB2100,10245,T02,M,17:00,17:50,1-13,YEUNG B5-309
25,BBA Finance,LC0200A,12,CB2201,10340,C02,R,15:00,17:50,1-13,YEUNG LT-2
25,BBA Finance,LC0200A,12,LC0200A,12320,T38,F,09:00,11:50,1-13,LI 2108
25,BBA Finance,LC0200A,12,CB2400,13315,CB3,W,09:00,11:50,1-13,YEUNG LT-7
26,BBA Finance,LC0200A,12,CB2400,10180,C01,M,09:00,11:50,1-13,LI 6603
26,BBA Finance,LC0200A,12,CB2201,10340,C02,R,15:00,17:50,1-13,YEUNG LT-2
26,BBA Finance,LC0200A,12,CB2100,10443,T08,T,10:00,10:50,1-13,YEUNG B5-307
26,BBA Finance,LC0200A,12,CB2100,10551,C02,F,15:00,16:50,1-13,YEUNG LT-1
26,BBA Finance,LC0200A,12,LC0200A,10895,T27,W,09:00,11:50,1-13,LI 1314
27,BBA Finance,LC0200A,12,CB2100,10190,C01,T,16:00,17:50,1-13,MMW 2450
27,BBA Finance,LC0200A,12,CB2400,10235,C02,W,15:00,17:50,1-13,LI 6606
27,BBA Finance,LC0200A,12,CB2201,10340,C02,R,15:00,17:50,1-13,YEUNG LT-2
27,BBA Finance,LC0200A,12,CB2100,10442,T07,M,10:00,10:50,1-13,YEUNG B5-309
27,BBA Finance,LC0200A,12,LC0200A,11975,T35,F,16:00,18:50,1-13,LI 1410
28,BBA Finance,LC0200A,12,CB2400,10180,C01,M,09:00,11:50,1-13,LI 6603
28,BBA Finance,LC0200A,12,CB2100,10551,C02,F,15:00,16:50,1-13,YEUNG LT-1
28,BBA Finance,LC0200A,12,CB2201,10792,C04,W,09:00,11:50,1-13,YEUNG LT-2
28,BBA Finance,LC0200A,12,LC0200A,10891,T23,T,09:00,11:50,1-13,LI 2306
28,BBA Finance,LC0200A,12,CB2100,11276,T12,R,10:00,10:50,1-13,YEUNG B5-307
29,BBA Business Economics,GE1401,12,CB2500,10625,C02,F,12:00,13:50,1-13,YEUNG LT-2
29,BBA Business Economics,GE1401,12,CB2201,10792,C04,W,09:00,11:50,1-13,YEUNG LT-2
29,BBA Business Economics,GE1401,12,CB2400,10840,CB2,T,09:00,11:50,1-13,YEUNG LT-8
29,BBA Business Economics,GE1401,12,CB2500,15285,T04,M,15:00,15:50,1-13,YEUNG B5-208
29,BBA Business Economics,GE1401,12,GE1401,15602,T58,M,16:00,18:50,1-13,LI 1310
30,BBA Business Economics,GE1401,12,CB2201,10340,C02,R,15:00,17:50,1-13,YEUNG LT-2
30,BBA Business Economics,GE1401,12,CB2500,10625,C02,F,12:00,13:50,1-13,YEUNG LT-2
30,BBA Business Economics,GE1401,12,GE1401,10701,T25,M,09:00,11:50,1-13,LI 2310
30,BBA Business Economics,GE1401,12,CB2400,13315,CB3,W,09:00,11:50,1-13,YEUNG LT-7
30,BBA Business Economics,GE1401,12,CB2500,15598,T08,T,18:00,18:50,1-13,YEUNG B5-210
31,BBA Business Economics,GE1401,11,CB2500,10624,C01,R,12:00,13:50,1-13,YEUNG LT-1
31,BBA Business Economics,GE1401,11,GE1401,10697,T21,F,15:00,17:50,1-13,LI 2312
31,BBA Business Economics,GE1401,11,CB2400,13315,CB3,W,09:00,11:50,1-13,YEUNG LT-7
31,BBA Business Economics,GE1401,11,CB2201,14827,C06,T,13:00,15:50,1-13,YEUNG LT-1
31,BBA Business Economics,GE1401,11,CB2500,15286,T05,R,15:00,15:50,1-13,YEUNG B5-210
32,BBA Business Economics,GE1401,11,CB2500,10624,C01,R,12:00,13:50,1-13,YEUNG LT-1
32,BBA Business Economics,GE1401,11,CB2201,10678,C05,F,09:00,11:50,1-13,YEUNG LT-1
32,BBA Business Economics,GE1401,11,GE1401,10719,T52,T,16:00,18:50,1-13,LI 1310
32,BBA Business Economics,GE1401,11,CB2400,13315,CB3,W,09:00,11:50,1-13,YEUNG LT-7
32,BBA Business Economics,GE1401,11,CB2500,15288,T07,M,18:00,18:50,1-13,YEUNG G5-214
33,BBA Business Economics,LC0200A,11,CB2400,10235,C02,W,15:00,17:50,1-13,LI 6606
33,BBA Business Economics,LC0200A,11,CB2201,10339,C01,R,09:00,11:50,1-13,YEUNG LT-1
33,BBA Business Economics,LC0200A,11,LC0200A,10863,T03,M,15:00,17:50,1-13,LI 1402
33,BBA Business Economics,LC0200A,11,CB2500,13323,CA1,R,12:00,13:50,1-13,YEUNG LT-1
33,BBA Business Economics,LC0200A,11,CB2500,15289,TA1,W,18:00,18:50,1-13,YEUNG B5-311
34,BBA Business Economics,LC0200A,10,CB2500,10624,C01,R,12:00,13:50,1-13,YEUNG LT-1
34,BBA Business Economics,LC0200A,10,CB2201,10678,C05,F,09:00,11:50,1-13,YEUNG LT-1
34,BBA Business Economics,LC0200A,10,LC0200A,10841,T01,M,09:00,11:50,1-13,LI 2306
34,BBA Business Economics,LC0200A,10,CB2400,12538,C04,W,12:00,14:50,1-13,LI 6606
34,BBA Business Economics,LC0200A,10,CB2500,15283,T02,R,11:00,11:50,1-13,YEUNG G5-216
35,BBA Marketing,GE1401,12,GE1401,10726,T59,F,15:00,17:50,1-13,LI 2415
35,BBA Marketing,GE1401,12,CB2400,10839,CB1,W,15:00,17:50,1-13,YEUNG LT-8
35,BBA Marketing,GE1401,12,CB2601,12304,CE1,R,09:00,11:50,1-13,LI 1507
35,BBA Marketing,GE1401,12,CB2201,14828,C07,M,15:00,17:50,1-13,LI 1503
36,BBA Marketing,GE1401,12,CB2400,10236,C03,T,09:00,11:50,1-13,LI 6603
36,BBA Marketing,GE1401,12,CB2201,10678,C05,F,09:00,11:50,1-13,YEUNG LT-1
36,BBA Marketing,GE1401,12,GE1401,10695,T19,W,09:00,11:50,1-13,LI 2405
36,BBA Marketing,GE1401,12,CB2601,11195,C03,R,16:00,18:50,1-13,YEUNG LT-7
37,BBA Marketing,GE1401,12,CB2201,10792,C04,W,09:00,11:50,1-13,YEUNG LT-2
37,BBA Marketing,GE1401,12,CB2400,10840,CB2,T,09:00,11:50,1-13,YEUNG LT-8
37,BBA Marketing,GE1401,12,CB2601,12560,C05,T,12:00,14:50,1-13,YEUNG LT-3
37,BBA Marketing,GE1401,12,GE1401,13574,TB3,W,12:00,14:50,1-13,LI 2409
38,BBA Marketing,GE1401,12,CB2400,10235,C02,W,15:00,17:50,1-13,LI 6606
38,BBA Marketing,GE1401,12,CB2201,10678,C05,F,09:00,11:50,1-13,YEUNG LT-1
38,BBA Marketing,GE1401,12,CB2601,12304,CE1,R,09:00,11:50,1-13,LI 1507
38,BBA Marketing,GE1401,12,GE1401,13577,TB6,T,15:00,17:50,1-13,LI 2407
39,BBA Marketing,GE1401,12,CB2400,10236,C03,T,09:00,11:50,1-13,LI 6603
39,BBA Marketing,GE1401,12,GE1401,10693,T16,F,09:00,11:50,1-13,LI 2306
39,BBA Marketing,GE1401,12,CB2201,10792,C04,W,09:00,11:50,1-13,YEUNG LT-2
39,BBA Marketing,GE1401,12,CB2601,12304,CE1,R,09:00,11:50,1-13,LI 1507
40,BBA Marketing,GE1401,12,CB2400,10235,C02,W,15:00,17:50,1-13,LI 6606
40,BBA Marketing,GE1401,12,CB2201,10339,C01,R,09:00,11:50,1-13,YEUNG LT-1
40,BBA Marketing,GE1401,12,GE1401,10707,T32,F,15:00,17:50,1-13,LI 2306
40,BBA Marketing,GE1401,12,CB2601,12305,C01,T,16:00,18:50,1-13,YEUNG LT-15
41,BBA Marketing,LC0200A,11,CB2400,10180,C01,M,09:00,11:50,1-13,LI 6603
41,BBA Marketing,LC0200A,11,LC0200A,10881,T12,W,16:00,18:50,1-13,LI 1312
41,BBA Marketing,LC0200A,11,CB2601,12304,CE1,R,09:00,11:50,1-13,LI 1507
41,BBA Marketing,LC0200A,11,CB2201,14827,C06,T,13:00,15:50,1-13,YEUNG LT-1
42,BBA Marketing,LC0200A,11,LC0200A,10887,T19,M,09:00,11:50,1-13,LI 1314
42,BBA Marketing,LC0200A,11,CB2601,11195,C03,R,16:00,18:50,1-13,YEUNG LT-7
42,BBA Marketing,LC0200A,11,CB2400,13315,CB3,W,09:00,11:50,1-13,YEUNG LT-7
42,BBA Marketing,LC0200A,11,CB2201,14827,C06,T,13:00,15:50,1-13,YEUNG LT-1
43,BBA Marketing,LC0200A,11,LC0200A,10894,T26,T,16:00,18:50,1-13,LI 2108
43,BBA Marketing,LC0200A,11,CB2601,11195,C03,R,16:00,18:50,1-13,YEUNG LT-7
43,BBA Marketing,LC0200A,11,CB2400,13315,CB3,W,09:00,11:50,1-13,YEUNG LT-7
43,BBA Marketing,LC0200A,11,CB2201,14828,C07,M,15:00,17:50,1-13,LI 1503
44,BBA Management,GE1401,12,CB2201,10678,C05,F,09:00,11:50,1-13,YEUNG LT-1
44,BBA Management,GE1401,12,GE1401,12121,T33,T,15:00,17:50,1-13,LI 2405
44,BBA Management,GE1401,12,CB2601,12304,CE1,R,09:00,11:50,1-13,LI 1507
44,BBA Management,GE1401,12,CB2400,13315,CB3,W,09:00,11:50,1-13,YEUNG LT-7
45,BBA Management,GE1401,12,CB2400,10839,CB1,W,15:00,17:50,1-13,YEUNG LT-8
45,BBA Management,GE1401,12,CB2601,11195,C03,R,16:00,18:50,1-13,YEUNG LT-7
45,BBA Management,GE1401,12,GE1401,13197,TA2,F,13:00,15:50,1-13,LI 2409
45,BBA Management,GE1401,12,CB2201,14827,C06,T,13:00,15:50,1-13,YEUNG LT-1
46,BBA Management,GE1401,12,CB2601,10335,C02,F,09:00,11:50,1-13,YEUNG LT-8
46,BBA Management,GE1401,12,CB2201,10339,C01,R,09:00,11:50,1-13,YEUNG LT-1
46,BBA Management,GE1401,12,CB2400,10840,CB2,T,09:00,11:50,1-13,YEUNG LT-8
46,BBA Management,GE1401,12,GE1401,12119,T18,M,16:00,18:50,1-13,LI 2409
47,BBA Management,GE1401,12,CB2400,10180,C01,M,09:00,11:50,1-13,LI 6603
47,BBA Management,GE1401,12,CB2201,10792,C04,W,09:00,11:50,1-13,YEUNG LT-2
47,BBA Management,GE1401,12,GE1401,11070,TA1,F,13:00,15:50,1-13,LI 2407
47,BBA Management,GE1401,12,CB2601,12305,C01,T,16:00,18:50,1-13,YEUNG LT-15
48,BBA Management,GE1401,11,CB2400,10404,CA2,W,15:00,17:50,1-13,LI 6606
48,BBA Management,GE1401,11,CB2601,11195,C03,R,16:00,18:50,1-13,YEUNG LT-7
48,BBA Management,GE1401,11,GE1401,12399,T72,T,09:00,11:50,1-13,LI 2409
48,BBA Management,GE1401,11,CB2201,14828,C07,M,15:00,17:50,1-13,LI 1503
49,BBA Management,LC0200A,9,CB2400,10180,C01,M,09:00,11:50,1-13,LI 6603
49,BBA Management,LC0200A,9,CB2601,10335,C02,F,09:00,11:50,1-13,YEUNG LT-8
49,BBA Management,LC0200A,9,LC0200A,11029,T30,W,16:00,18:50,1-13,LI 1400
49,BBA Management,LC0200A,9,CB2201,14827,C06,T,13:00,15:50,1-13,YEUNG LT-1
50,BBA Management,LC0200A,9,CB2400,10180,C01,M,09:00,11:50,1-13,LI 6603
50,BBA Management,LC0200A,9,CB2601,11195,C03,R,16:00,18:50,1-13,YEUNG LT-7
50,BBA Management,LC0200A,9,LC0200A,12320,T38,F,09:00,11:50,1-13,LI 2108
50,BBA Management,LC0200A,9,CB2201,14827,C06,T,13:00,15:50,1-13,YEUNG LT-1
51,BBA Management,LC0200A,9,CB2201,10340,C02,R,15:00,17:50,1-13,YEUNG LT-2
51,BBA Management,LC0200A,9,LC0200A,10890,T22,M,16:00,18:50,1-13,LI 2312
51,BBA Management,LC0200A,9,CB2601,12305,C01,T,16:00,18:50,1-13,YEUNG LT-15
51,BBA Management,LC0200A,9,CB2400,12538,C04,W,12:00,14:50,1-13,LI 6606
52,BBA Global Business,GE1401,10,CB2100,10244,T01,T,10:00,10:50,1-13,YEUNG B5-309
52,BBA Global Business,GE1401,10,CB2100,10551,C02,F,15:00,16:50,1-13,YEUNG LT-1
52,BBA Global Business,GE1401,10,GE1401,12127,T84,W,12:00,14:50,1-13,LI 2308
52,BBA Global Business,GE1401,10,CB2601,12304,CE1,R,09:00,11:50,1-13,LI 1507
53,BBA Global Business,GE1401,10,CB2100,10190,C01,T,16:00,17:50,1-13,MMW 2450
53,BBA Global Business,GE1401,10,CB2100,10191,T04,M,15:00,15:50,1-13,YEUNG B5-309
53,BBA Global Business,GE1401,10,GE1401,11493,T75,F,12:00,14:50,1-13,LI 2405
53,BBA Global Business,GE1401,10,CB2601,12304,CE1,R,09:00,11:50,1-13,LI 1507
54,BBA Global Business,GE1401,10,CB2100,10190,C01,T,16:00,17:50,1-13,MMW 2450
54,BBA Global Business,GE1401,10,CB2601,10335,C02,F,09:00,11:50,1-13,YEUNG LT-8
54,BBA Global Business,GE1401,10,GE1401,10684,T07,W,12:00,14:50,1-13,LI 2310
54,BBA Global Business,GE1401,10,CB2100,11276,T12,R,10:00,10:50,1-13,YEUNG B5-307
55,BBA Global Business,GE1401,9,CB2100,10190,C01,T,16:00,17:50,1-13,MMW 2450
55,BBA Global Business,GE1401,9,CB2100,10554,T11,M,17:00,17:50,1-13,YEUNG B5-307
55,BBA Global Business,GE1401,9,GE1401,11498,T83,F,15:00,17:50,1-13,LI 2413
55,BBA Global Business,GE1401,9,CB2601,12304,CE1,R,09:00,11:50,1-13,LI 1507
56,BBA Global Business,LC0200A,9,CB2100,10246,T03,M,16:00,16:50,1-13,YEUNG B5-309
56,BBA Global Business,LC0200A,9,CB2100,10551,C02,F,15:00,16:50,1-13,YEUNG LT-1
56,BBA Global Business,LC0200A,9,LC0200A,11976,T37,R,09:00,11:50,1-13,LI 1402
56,BBA Global Business,LC0200A,9,CB2601,12305,C01,T,16:00,18:50,1-13,YEUNG LT-15
57,BBA Global Business,LC0200A,9,CB2100,10551,C02,F,15:00,16:50,1-13,YEUNG LT-1
57,BBA Global Business,LC0200A,9,CB2100,10553,T10,M,18:00,18:50,1-13,YEUNG B5-307
57,BBA Global Business,LC0200A,9,LC0200A,10895,T27,W,09:00,11:50,1-13,LI 1314
57,BBA Global Business,LC0200A,9,CB2601,11195,C03,R,16:00,18:50,1-13,YEUNG LT-7
58,BBA Global Business Systems Management,GE1401,12,CB2500,10624,C01,R,12:00,13:50,1-13,YEUNG LT-1
58,BBA Global Business Systems Management,GE1401,12,GE1401,10705,T30,W,09:00,11:50,1-13,LI 2409
58,BBA Global Business Systems Management,GE1401,12,CB2300,12534,S03,T,15:00,17:50,1-13,YEUNG LT-8
58,BBA Global Business Systems Management,GE1401,12,CB2201,14826,CE1,R,09:00,11:50,1-13,YEUNG LT-1
58,BBA Global Business Systems Management,GE1401,12,CB2500,15598,T08,T,18:00,18:50,1-13,YEUNG B5-210
59,BBA Global Business Systems Management,GE1401,12,CB2300,12532,S02,F,15:00,17:50,1-13,YEUNG LT-4
59,BBA Global Business Systems Management,GE1401,12,CB2500,13323,CA1,R,12:00,13:50,1-13,YEUNG LT-1
59,BBA Global Business Systems Management,GE1401,12,CB2201,14828,C07,M,15:00,17:50,1-13,LI 1503
59,BBA Global Business Systems Management,GE1401,12,GE1401,15182,TC3,T,09:00,11:50,1-13,LI 2310
59,BBA Global Business Systems Management,GE1401,12,CB2500,15289,TA1,W,18:00,18:50,1-13,YEUNG B5-311
60,BBA Global Business Systems Management,GE1401,12,CB2201,10339,C01,R,09:00,11:50,1-13,YEUNG LT-1
60,BBA Global Business Systems Management,GE1401,12,CB2500,10624,C01,R,12:00,13:50,1-13,YEUNG LT-1
60,BBA Global Business Systems Management,GE1401,12,GE1401,10726,T59,F,15:00,17:50,1-13,LI 2415
60,BBA Global Business Systems Management,GE1401,12,CB2300,12534,S03,T,15:00,17:50,1-13,YEUNG LT-8
60,BBA Global Business Systems Management,GE1401,12,CB2500,15598,T08,T,18:00,18:50,1-13,YEUNG B5-210
61,BBA Global Business Systems Management,GE1401,12,CB2500,10624,C01,R,12:00,13:50,1-13,YEUNG LT-1
61,BBA Global Business Systems Management,GE1401,12,GE1401,10714,T43,M,16:00,18:50,1-13,LI 2405
61,BBA Global Business Systems Management,GE1401,12,CB2201,10792,C04,W,09:00,11:50,1-13,YEUNG LT-2
61,BBA Global Business Systems Management,GE1401,12,CB2300,12532,S02,F,15:00,17:50,1-13,YEUNG LT-4
61,BBA Global Business Systems Management,GE1401,12,CB2500,15283,T02,R,11:00,11:50,1-13,YEUNG G5-216
62,BBA Global Business Systems Management,GE1401,11,CB2500,10625,C02,F,12:00,13:50,1-13,YEUNG LT-2
62,BBA Global Business Systems Management,GE1401,11,CB2300,12536,S05,R,15:00,17:50,1-13,YEUNG LT-9
62,BBA Global Business Systems Management,GE1401,11,CB2201,14827,C06,T,13:00,15:50,1-13,YEUNG LT-1
62,BBA Global Business Systems Management,GE1401,11,GE1401,15205,TC5,M,09:00,11:50,1-13,LI 2308
62,BBA Global Business Systems Management,GE1401,11,CB2500,15287,T06,W,18:00,18:50,1-13,YEUNG B5-211
63,BBA Global Business Systems Management,LC0200A,9,CB2500,10624,C01,R,12:00,13:50,1-13,YEUNG LT-1
63,BBA Global Business Systems Management,LC0200A,9,LC0200A,11449,T34,F,15:00,17:50,1-13,LI 1402
63,BBA Global Business Systems Management,LC0200A,9,CB2300,12534,S03,T,15:00,17:50,1-13,YEUNG LT-8
63,BBA Global Business Systems Management,LC0200A,9,CB2201,14828,C07,M,15:00,17:50,1-13,LI 1503
63,BBA Global Business Systems Management,LC0200A,9,CB2500,15288,T07,M,18:00,18:50,1-13,YEUNG G5-214
64,BBA Global Business Systems Management,LC0200A,9,CB2500,10624,C01,R,12:00,13:50,1-13,YEUNG LT-1
64,BBA Global Business Systems Management,LC0200A,9,LC0200A,10865,T05,T,09:00,11:50,1-13,LI 1310
64,BBA Global Business Systems Management,LC0200A,9,CB2300,12532,S02,F,15:00,17:50,1-13,YEUNG LT-4
64,BBA Global Business Systems Management,LC0200A,9,CB2201,14828,C07,M,15:00,17:50,1-13,LI 1503
64,BBA Global Business Systems Management,LC0200A,9,CB2500,15286,T05,R,15:00,15:50,1-13,YEUNG B5-210
65,BBA Global Business Systems Management,LC0200A,9,CB2500,10624,C01,R,12:00,13:50,1-13,YEUNG LT-1
65,BBA Global Business Systems Management,LC0200A,9,LC0200A,10880,T11,W,15:00,17:50,1-13,LI 1310
65,BBA Global Business Systems Management,LC0200A,9,CB2201,12852,CM1,R,09:00,11:50,1-13,YEUNG LT-1
65,BBA Global Business Systems Management,LC0200A,9,CB2300,13958,SB3,T,15:00,17:50,1-13,YEUNG LT-8
65,BBA Global Business Systems Management,LC0200A,9,CB2500,15598,T08,T,18:00,18:50,1-13,YEUNG B5-210
66,BBA Artificial Intelligence in Business,GE1401,11,CB2400,10236,C03,T,09:00,11:50,1-13,LI 6603
66,BBA Artificial Intelligence in Business,GE1401,11,CB2201,10340,C02,R,15:00,17:50,1-13,YEUNG LT-2
66,BBA Artificial Intelligence in Business,GE1401,11,CB2500,10625,C02,F,12:00,13:50,1-13,YEUNG LT-2
66,BBA Artificial Intelligence in Business,GE1401,11,GE1401,10721,T54,W,15:00,17:50,1-13,LI 1402
66,BBA Artificial Intelligence in Business,GE1401,11,CB2500,15287,T06,W,18:00,18:50,1-13,YEUNG B5-211
67,BBA Artificial Intelligence in Business,GE1401,11,CB2400,10235,C02,W,15:00,17:50,1-13,LI 6606
67,BBA Artificial Intelligence in Business,GE1401,11,CB2201,10678,C05,F,09:00,11:50,1-13,YEUNG LT-1
67,BBA Artificial Intelligence in Business,GE1401,11,CB2500,13323,CA1,R,12:00,13:50,1-13,YEUNG LT-1
67,BBA Artificial Intelligence in Business,GE1401,11,GE1401,13577,TB6,T,15:00,17:50,1-13,LI 2407
67,BBA Artificial Intelligence in Business,GE1401,11,CB2500,15289,TA1,W,18:00,18:50,1-13,YEUNG B5-311
68,BBA Artificial Intelligence in Business,GE1401,11,CB2400,10180,C01,M,09:00,11:50,1-13,LI 6603
68,BBA Artificial Intelligence in Business,GE1401,11,CB2500,10624,C01,R,12:00,13:50,1-13,YEUNG LT-1
68,BBA Artificial Intelligence in Business,GE1401,11,CB2201,10678,C05,F,09:00,11:50,1-13,YEUNG LT-1
68,BBA Artificial Intelligence in Business,GE1401,11,GE1401,10719,T52,T,16:00,18:50,1-13,LI 1310
68,BBA Artificial Intelligence in Business,GE1401,11,CB2500,15283,T02,R,11:00,11:50,1-13,YEUNG G5-216
69,BBA Artificial Intelligence in Business,LC0200A,8,CB2400,10180,C01,M,09:00,11:50,1-13,LI 6603
69,BBA Artificial Intelligence in Business,LC0200A,8,CB2201,10339,C01,R,09:00,11:50,1-13,YEUNG LT-1
69,BBA Artificial Intelligence in Business,LC0200A,8,CB2500,10624,C01,R,12:00,13:50,1-13,YEUNG LT-1
69,BBA Artificial Intelligence in Business,LC0200A,8,LC0200A,10893,T25,T,15:00,17:50,1-13,YEUNG B4302
69,BBA Artificial Intelligence in Business,LC0200A,8,CB2500,15598,T08,T,18:00,18:50,1-13,YEUNG B5-210
70,BBA Artificial Intelligence in Business,LC0200A,7,CB2400,10236,C03,T,09:00,11:50,1-13,LI 6603
70,BBA Artificial Intelligence in Business,LC0200A,7,CB2500,10624,C01,R,12:00,13:50,1-13,YEUNG LT-1
70,BBA Artificial Intelligence in Business,LC0200A,7,CB2201,10792,C04,W,09:00,11:50,1-13,YEUNG LT-2
70,BBA Artificial Intelligence in Business,LC0200A,7,LC0200A,11170,T32,F,09:00,11:50,1-13,LI 2413
70,BBA Artificial Intelligence in Business,LC0200A,7,CB2500,15286,T05,R,15:00,15:50,1-13,YEUNG B5-210
71,BBA Business Decision Analytics,GE1401,10,CB2500,10624,C01,R,12:00,13:50,1-13,YEUNG LT-1
71,BBA Business Decision Analytics,GE1401,10,CB2400,10840,CB2,T,09:00,11:50,1-13,YEUNG LT-8
71,BBA Business Decision Analytics,GE1401,10,CB2201,14828,C07,M,15:00,17:50,1-13,LI 1503
71,BBA Business Decision Analytics,GE1401,10,CB2500,15288,T07,M,18:00,18:50,1-13,YEUNG G5-214
71,BBA Business Decision Analytics,GE1401,10,GE1401,15603,T73,F,16:00,18:50,1-13,LI 2409
72,BBA Business Decision Analytics,GE1401,10,CB2500,10624,C01,R,12:00,13:50,1-13,YEUNG LT-1
72,BBA Business Decision Analytics,GE1401,10,CB2400,10839,CB1,W,15:00,17:50,1-13,YEUNG LT-8
72,BBA Business Decision Analytics,GE1401,10,GE1401,11493,T75,F,12:00,14:50,1-13,LI 2405
72,BBA Business Decision Analytics,GE1401,10,CB2201,14827,C06,T,13:00,15:50,1-13,YEUNG LT-1
72,BBA Business Decision Analytics,GE1401,10,CB2500,15283,T02,R,11:00,11:50,1-13,YEUNG G5-216
73,BBA Business Decision Analytics,GE1401,10,CB2500,10625,C02,F,12:00,13:50,1-13,YEUNG LT-2
73,BBA Business Decision Analytics,GE1401,10,CB2400,10839,CB1,W,15:00,17:50,1-13,YEUNG LT-8
73,BBA Business Decision Analytics,GE1401,10,GE1401,11496,T79,T,16:00,18:50,1-13,LI 2306
73,BBA Business Decision Analytics,GE1401,10,CB2201,13718,CM2,R,15:00,17:50,1-13,YEUNG LT-2
73,BBA Business Decision Analytics,GE1401,10,CB2500,15288,T07,M,18:00,18:50,1-13,YEUNG G5-214
74,BBA Business Decision Analytics,GE1401,9,CB2400,10235,C02,W,15:00,17:50,1-13,LI 6606
74,BBA Business Decision Analytics,GE1401,9,CB2201,10339,C01,R,09:00,11:50,1-13,YEUNG LT-1
74,BBA Business Decision Analytics,GE1401,9,GE1401,12124,T49,T,15:00,17:50,1-13,LI 2413
74,BBA Business Decision Analytics,GE1401,9,CB2500,13323,CA1,R,12:00,13:50,1-13,YEUNG LT-1
74,BBA Business Decision Analytics,GE1401,9,CB2500,15289,TA1,W,18:00,18:50,1-13,YEUNG B5-311
75,BBA Business Decision Analytics,LC0200A,9,CB2500,10624,C01,R,12:00,13:50,1-13,YEUNG LT-1
75,BBA Business Decision Analytics,LC0200A,9,CB2201,10792,C04,W,09:00,11:50,1-13,YEUNG LT-2
75,BBA Business Decision Analytics,LC0200A,9,CB2400,10840,CB2,T,09:00,11:50,1-13,YEUNG LT-8
75,BBA Business Decision Analytics,LC0200A,9,LC0200A,10885,T16,F,15:00,17:50,1-13,LI 1400
75,BBA Business Decision Analytics,LC0200A,9,CB2500,15283,T02,R,11:00,11:50,1-13,YEUNG G5-216
76,BBA Business Decision Analytics,LC0200A,9,CB2400,10404,CA2,W,15:00,17:50,1-13,LI 6606
76,BBA Business Decision Analytics,LC0200A,9,CB2500,10624,C01,R,12:00,13:50,1-13,YEUNG LT-1
76,BBA Business Decision Analytics,LC0200A,9,CB2201,10678,C05,F,09:00,11:50,1-13,YEUNG LT-1
76,BBA Business Decision Analytics,LC0200A,9,LC0200A,10893,T25,T,15:00,17:50,1-13,YEUNG B4302
76,BBA Business Decision Analytics,LC0200A,9,CB2500,15288,T07,M,18:00,18:50,1-13,YEUNG G5-214
77,BBA Global Operations Management,GE1401,11,CB2500,10624,C01,R,12:00,13:50,1-13,YEUNG LT-1
77,BBA Global Operations Management,GE1401,11,CB2400,10839,CB1,W,15:00,17:50,1-13,YEUNG LT-8
77,BBA Global Operations Management,GE1401,11,GE1401,12121,T33,T,15:00,17:50,1-13,LI 2405
77,BBA Global Operations Management,GE1401,11,CB2201,14828,C07,M,15:00,17:50,1-13,LI 1503
77,BBA Global Operations Management,GE1401,11,CB2500,15286,T05,R,15:00,15:50,1-13,YEUNG B5-210
78,BBA Global Operations Management,GE1401,11,CB2400,10236,C03,T,09:00,11:50,1-13,LI 6603
78,BBA Global Operations Management,GE1401,11,CB2201,10339,C01,R,09:00,11:50,1-13,YEUNG LT-1
78,BBA Global Operations Management,GE1401,11,CB2500,10624,C01,R,12:00,13:50,1-13,YEUNG LT-1
78,BBA Global Operations Management,GE1401,11,GE1401,10714,T43,M,16:00,18:50,1-13,LI 2405
78,BBA Global Operations Management,GE1401,11,CB2500,15285,T04,M,15:00,15:50,1-13,YEUNG B5-208
79,BBA Global Operations Management,GE1401,11,CB2400,10235,C02,W,15:00,17:50,1-13,LI 6606
79,BBA Global Operations Management,GE1401,11,CB2500,10624,C01,R,12:00,13:50,1-13,YEUNG LT-1
79,BBA Global Operations Management,GE1401,11,CB2201,10678,C05,F,09:00,11:50,1-13,YEUNG LT-1
79,BBA Global Operations Management,GE1401,11,GE1401,12396,T46,T,09:00,11:50,1-13,LI 2312
79,BBA Global Operations Management,GE1401,11,CB2500,15285,T04,M,15:00,15:50,1-13,YEUNG B5-208
80,BBA Global Operations Management,LC0200A,8,CB2500,10624,C01,R,12:00,13:50,1-13,YEUNG LT-1
80,BBA Global Operations Management,LC0200A,8,CB2201,10678,C05,F,09:00,11:50,1-13,YEUNG LT-1
80,BBA Global Operations Management,LC0200A,8,LC0200A,10864,T04,M,16:00,18:50,1-13,LI 1410
80,BBA Global Operations Management,LC0200A,8,CB2400,12538,C04,W,12:00,14:50,1-13,LI 6606
80,BBA Global Operations Management,LC0200A,8,CB2500,15283,T02,R,11:00,11:50,1-13,YEUNG G5-216
81,BBA Global Operations Management,LC0200A,7,CB2201,10339,C01,R,09:00,11:50,1-13,YEUNG LT-1
81,BBA Global Operations Management,LC0200A,7,CB2500,10625,C02,F,12:00,13:50,1-13,YEUNG LT-2
81,BBA Global Operations Management,LC0200A,7,LC0200A,10890,T22,M,16:00,18:50,1-13,LI 2312
81,BBA Global Operations Management,LC0200A,7,CB2400,13315,CB3,W,09:00,11:50,1-13,YEUNG LT-7
81,BBA Global Operations Management,LC0200A,7,CB2500,15598,T08,T,18:00,18:50,1-13,YEUNG B5-210
82,BSc Computational Finance and Financial Technology,GE1401,10,CS1102,10778,LB7,T,11:00,11:50,1-13,YEUNG B7510
82,BSc Computational Finance and Financial Technology,GE1401,10,CB2400,10839,CB1,W,15:00,17:50,1-13,YEUNG LT-8
82,BSc Computational Finance and Financial Technology,GE1401,10,GE1401,11504,T90,R,09:00,11:50,1-13,LI 2312
82,BSc Computational Finance and Financial Technology,GE1401,10,CS1102,11712,CB2,M,09:00,11:50,1-13,YEUNG LT-17
82,BSc Computational Finance and Financial Technology,GE1401,10,MA1300,11762,CB1,M,12:00,13:50,1-13,YEUNG LT-10
82,BSc Computational Finance and Financial Technology,GE1401,10,MA1300,11762,CB1,F,17:00,18:50,1-13,LI 6606
82,BSc Computational Finance and Financial Technology,GE1401,10,MA1300,11767,TB3,T,12:00,12:50,1-13,YEUNG B5-310
83,BSc Computational Finance and Financial Technology,GE1401,10,CB2400,10839,CB1,W,15:00,17:50,1-13,YEUNG LT-8
83,BSc Computational Finance and Financial Technology,GE1401,10,GE1401,11504,T90,R,09:00,11:50,1-13,LI 2312
83,BSc Computational Finance and Financial Technology,GE1401,10,CS1102,11710,C02,M,09:00,11:50,1-13,YEUNG LT-17
83,BSc Computational Finance and Financial Technology,GE1401,10,CS1102,11716,L07,T,11:00,11:50,1-13,YEUNG B7510
83,BSc Computational Finance and Financial Technology,GE1401,10,MA1300,11762,CB1,M,12:00,13:50,1-13,YEUNG LT-10
83,BSc Computational Finance and Financial Technology,GE1401,10,MA1300,11762,CB1,F,17:00,18:50,1-13,LI 6606
83,BSc Computational Finance and Financial Technology,GE1401,10,MA1300,11767,TB3,T,12:00,12:50,1-13,YEUNG B5-310
84,BSc Computational Finance and Financial Technology,GE1401,10,CB2400,10840,CB2,T,09:00,11:50,1-13,YEUNG LT-8
84,BSc Computational Finance and Financial Technology,GE1401,10,GE1401,11505,T93,W,15:00,17:50,1-13,LI 2405
84,BSc Computational Finance and Financial Technology,GE1401,10,CS1102,11712,CB2,M,09:00,11:50,1-13,YEUNG LT-17
84,BSc Computational Finance and Financial Technology,GE1401,10,MA1300,11762,CB1,M,12:00,13:50,1-13,YEUNG LT-10
84,BSc Computational Finance and Financial Technology,GE1401,10,MA1300,11762,CB1,F,17:00,18:50,1-13,LI 6606
84,BSc Computational Finance and Financial Technology,GE1401,10,MA1300,11766,TB2,R,11:00,11:50,1-13,YEUNG B5-310
84,BSc Computational Finance and Financial Technology,GE1401,10,CS1102,12394,LB3,T,12:00,12:50,1-13,YEUNG B7510
85,BSc Computational Finance and Financial Technology,GE1401,9,MA1300,11762,CB1,M,12:00,13:50,1-13,YEUNG LT-10
85,BSc Computational Finance and Financial Technology,GE1401,9,MA1300,11762,CB1,F,17:00,18:50,1-13,LI 6606
85,BSc Computational Finance and Financial Technology,GE1401,9,MA1300,11766,TB2,R,11:00,11:50,1-13,YEUNG B5-310
85,BSc Computational Finance and Financial Technology,GE1401,9,CS1102,11969,LA2,T,15:00,15:50,1-13,YEUNG B7510
85,BSc Computational Finance and Financial Technology,GE1401,9,CB2400,12538,C04,W,12:00,14:50,1-13,LI 6606
85,BSc Computational Finance and Financial Technology,GE1401,9,GE1401,12814,T91,T,12:00,14:50,1-13,LI 2308
85,BSc Computational Finance and Financial Technology,GE1401,9,CS1102,15735,CA2,M,09:00,11:50,1-13,YEUNG LT-17
86,BSc Computational Finance and Financial Technology,LC0200A,9,CB2400,10840,CB2,T,09:00,11:50,1-13,YEUNG LT-8
86,BSc Computational Finance and Financial Technology,LC0200A,9,LC0200A,11029,T30,W,16:00,18:50,1-13,LI 1400
86,BSc Computational Finance and Financial Technology,LC0200A,9,CS1102,11710,C02,M,09:00,11:50,1-13,YEUNG LT-17
86,BSc Computational Finance and Financial Technology,LC0200A,9,MA1300,11762,CB1,M,12:00,13:50,1-13,YEUNG LT-10
86,BSc Computational Finance and Financial Technology,LC0200A,9,MA1300,11762,CB1,F,17:00,18:50,1-13,LI 6606
86,BSc Computational Finance and Financial Technology,LC0200A,9,MA1300,11766,TB2,R,11:00,11:50,1-13,YEUNG B5-310
86,BSc Computational Finance and Financial Technology,LC0200A,9,CS1102,12392,L03,T,12:00,12:50,1-13,YEUNG B7510
87,BSc Computational Finance and Financial Technology,LC0200A,9,CS1102,10778,LB7,T,11:00,11:50,1-13,YEUNG B7510
87,BSc Computational Finance and Financial Technology,LC0200A,9,LC0200A,11030,T31,R,09:00,11:50,1-13,LI 1400
87,BSc Computational Finance and Financial Technology,LC0200A,9,CS1102,11712,CB2,M,09:00,11:50,1-13,YEUNG LT-17
87,BSc Computational Finance and Financial Technology,LC0200A,9,MA1300,11762,CB1,M,12:00,13:50,1-13,YEUNG LT-10
87,BSc Computational Finance and Financial Technology,LC0200A,9,MA1300,11762,CB1,F,17:00,18:50,1-13,LI 6606
87,BSc Computational Finance and Financial Technology,LC0200A,9,MA1300,11767,TB3,T,12:00,12:50,1-13,YEUNG B5-310
87,BSc Computational Finance and Financial Technology,LC0200A,9,CB2400,13315,CB3,W,09:00,11:50,1-13,YEUNG LT-7
88,BSc Computer Science,GE1401,12,CS2115,10405,C01,M,12:00,14:50,1-13,BOC R4057
88,BSc Computer Science,GE1401,12,CS2115,10408,T03,M,15:00,15:50,1-13,YEUNG B5-310
88,BSc Computer Science,GE1401,12,GE1401,11506,T78,F,09:00,11:50,1-13,LI 2415
88,BSc Computer Science,GE1401,12,MA1508,13680,CB1,T,09:00,11:50,1-13,BOC R4057
88,BSc Computer Science,GE1401,12,MA1508,13681,TB1,W,12:00,12:50,1-13,BOC R4057
88,BSc Computer Science,GE1401,12,CS1302A,15568,C01,W,09:00,11:50,1-13,MMW 2450
88,BSc Computer Science,GE1401,12,CS1302A,15573,T02,T,12:00,12:50,1-13,YEUNG B7520
89,BSc Computer Science,GE1401,11,CS2115,10405,C01,M,12:00,14:50,1-13,BOC R4057
89,BSc Computer Science,GE1401,11,CS2115,10408,T03,M,15:00,15:50,1-13,YEUNG B5-310
89,BSc Computer Science,GE1401,11,MA1508,13680,CB1,T,09:00,11:50,1-13,BOC R4057
89,BSc Computer Science,GE1401,11,MA1508,13681,TB1,W,12:00,12:50,1-13,BOC R4057
89,BSc Computer Science,GE1401,11,GE1401,15181,TC2,F,12:00,14:50,1-13,LI 2108
89,BSc Computer Science,GE1401,11,CS1302A,15568,C01,W,09:00,11:50,1-13,MMW 2450
89,BSc Computer Science,GE1401,11,CS1302A,15573,T02,T,12:00,12:50,1-13,YEUNG B7520
90,BSc Computer Science,GE1401,11,CS2115,10405,C01,M,12:00,14:50,1-13,BOC R4057
90,BSc Computer Science,GE1401,11,CS2115,10407,T02,T,12:00,12:50,1-13,YEUNG B5-211
90,BSc Computer Science,GE1401,11,GE1401,12125,T65,F,12:00,14:50,1-13,LI 2306
90,BSc Computer Science,GE1401,11,MA1508,13680,CB1,T,09:00,11:50,1-13,BOC R4057
90,BSc Computer Science,GE1401,11,MA1508,13681,TB1,W,12:00,12:50,1-13,BOC R4057
90,BSc Computer Science,GE1401,11,CS1302A,15568,C01,W,09:00,11:50,1-13,MMW 2450
90,BSc Computer Science,GE1401,11,CS1302A,15570,T01,M,15:00,15:50,1-13,YEUNG B7520
91,BSc Computer Science,GE1401,11,CS2115,10405,C01,M,12:00,14:50,1-13,BOC R4057
91,BSc Computer Science,GE1401,11,CS2115,10407,T02,T,12:00,12:50,1-13,YEUNG B5-211
91,BSc Computer Science,GE1401,11,MA1508,13680,CB1,T,09:00,11:50,1-13,BOC R4057
91,BSc Computer Science,GE1401,11,MA1508,13681,TB1,W,12:00,12:50,1-13,BOC R4057
91,BSc Computer Science,GE1401,11,GE1401,15181,TC2,F,12:00,14:50,1-13,LI 2108
91,BSc Computer Science,GE1401,11,CS1302A,15568,C01,W,09:00,11:50,1-13,MMW 2450
91,BSc Computer Science,GE1401,11,CS1302A,15575,T03,M,10:00,10:50,1-13,YEUNG B7520
92,BSc Computer Science,GE1401,11,CS2115,10405,C01,M,12:00,14:50,1-13,BOC R4057
92,BSc Computer Science,GE1401,11,GE1401,13197,TA2,F,13:00,15:50,1-13,LI 2409
92,BSc Computer Science,GE1401,11,MA1508,13680,CB1,T,09:00,11:50,1-13,BOC R4057
92,BSc Computer Science,GE1401,11,MA1508,13681,TB1,W,12:00,12:50,1-13,BOC R4057
92,BSc Computer Science,GE1401,11,CS2115,15055,T04,M,16:00,16:50,1-13,YEUNG B5-310
92,BSc Computer Science,GE1401,11,CS1302A,15568,C01,W,09:00,11:50,1-13,MMW 2450
92,BSc Computer Science,GE1401,11,CS1302A,15570,T01,M,15:00,15:50,1-13,YEUNG B7520
93,BSc Computer Science,GE1401,11,CS2115,10405,C01,M,12:00,14:50,1-13,BOC R4057
93,BSc Computer Science,GE1401,11,MA1508,13680,CB1,T,09:00,11:50,1-13,BOC R4057
93,BSc Computer Science,GE1401,11,MA1508,13681,TB1,W,12:00,12:50,1-13,BOC R4057
93,BSc Computer Science,GE1401,11,CS2115,15055,T04,M,16:00,16:50,1-13,YEUNG B5-310
93,BSc Computer Science,GE1401,11,CS1302A,15568,C01,W,09:00,11:50,1-13,MMW 2450
93,BSc Computer Science,GE1401,11,CS1302A,15570,T01,M,15:00,15:50,1-13,YEUNG B7520
93,BSc Computer Science,GE1401,11,GE1401,15600,T14,F,15:00,17:50,1-13,LI 2405
94,BSc Computer Science,GE1401,11,CS2115,10405,C01,M,12:00,14:50,1-13,BOC R4057
94,BSc Computer Science,GE1401,11,CS2115,10407,T02,T,12:00,12:50,1-13,YEUNG B5-211
94,BSc Computer Science,GE1401,11,GE1401,10685,T08,R,09:00,11:50,1-13,LI 2108
94,BSc Computer Science,GE1401,11,MA1508,13680,CB1,T,09:00,11:50,1-13,BOC R4057
94,BSc Computer Science,GE1401,11,MA1508,13681,TB1,W,12:00,12:50,1-13,BOC R4057
94,BSc Computer Science,GE1401,11,CS1302A,15568,C01,W,09:00,11:50,1-13,MMW 2450
94,BSc Computer Science,GE1401,11,CS1302A,15575,T03,M,10:00,10:50,1-13,YEUNG B7520
95,BSc Computer Science,GE1401,11,CS2115,10405,C01,M,12:00,14:50,1-13,BOC R4057
95,BSc Computer Science,GE1401,11,CS2115,10408,T03,M,15:00,15:50,1-13,YEUNG B5-310
95,BSc Computer Science,GE1401,11,GE1401,12814,T91,T,12:00,14:50,1-13,LI 2308
95,BSc Computer Science,GE1401,11,MA1508,13680,CB1,T,09:00,11:50,1-13,BOC R4057
95,BSc Computer Science,GE1401,11,MA1508,13681,TB1,W,12:00,12:50,1-13,BOC R4057
95,BSc Computer Science,GE1401,11,CS1302A,15568,C01,W,09:00,11:50,1-13,MMW 2450
95,BSc Computer Science,GE1401,11,CS1302A,15575,T03,M,10:00,10:50,1-13,YEUNG B7520
96,BSc Computer Science,GE1401,11,CS2115,10405,C01,M,12:00,14:50,1-13,BOC R4057
96,BSc Computer Science,GE1401,11,CS2115,10407,T02,T,12:00,12:50,1-13,YEUNG B5-211
96,BSc Computer Science,GE1401,11,GE1401,10697,T21,F,15:00,17:50,1-13,LI 2312
96,BSc Computer Science,GE1401,11,MA1508,13680,CB1,T,09:00,11:50,1-13,BOC R4057
96,BSc Computer Science,GE1401,11,MA1508,13681,TB1,W,12:00,12:50,1-13,BOC R4057
96,BSc Computer Science,GE1401,11,CS1302A,15568,C01,W,09:00,11:50,1-13,MMW 2450
96,BSc Computer Science,GE1401,11,CS1302A,15575,T03,M,10:00,10:50,1-13,YEUNG B7520
97,BSc Computer Science,GE1401,11,CS2115,10405,C01,M,12:00,14:50,1-13,BOC R4057
97,BSc Computer Science,GE1401,11,GE1401,13572,TB1,F,09:00,11:50,1-13,LI 2312
97,BSc Computer Science,GE1401,11,MA1508,13680,CB1,T,09:00,11:50,1-13,BOC R4057
97,BSc Computer Science,GE1401,11,MA1508,13681,TB1,W,12:00,12:50,1-13,BOC R4057
97,BSc Computer Science,GE1401,11,CS2115,15055,T04,M,16:00,16:50,1-13,YEUNG B5-310
97,BSc Computer Science,GE1401,11,CS1302A,15568,C01,W,09:00,11:50,1-13,MMW 2450
97,BSc Computer Science,GE1401,11,CS1302A,15570,T01,M,15:00,15:50,1-13,YEUNG B7520
98,BSc Computer Science,GE1401,11,CS2115,10405,C01,M,12:00,14:50,1-13,BOC R4057
98,BSc Computer Science,GE1401,11,MA1508,13680,CB1,T,09:00,11:50,1-13,BOC R4057
98,BSc Computer Science,GE1401,11,MA1508,13681,TB1,W,12:00,12:50,1-13,BOC R4057
98,BSc Computer Science,GE1401,11,GE1401,14941,TA3,F,13:00,15:50,1-13,LI 1310
98,BSc Computer Science,GE1401,11,CS2115,15055,T04,M,16:00,16:50,1-13,YEUNG B5-310
98,BSc Computer Science,GE1401,11,CS1302A,15568,C01,W,09:00,11:50,1-13,MMW 2450
98,BSc Computer Science,GE1401,11,CS1302A,15570,T01,M,15:00,15:50,1-13,YEUNG B7520
99,BSc Computer Science,LC0200A,11,CS2115,10405,C01,M,12:00,14:50,1-13,BOC R4057
99,BSc Computer Science,LC0200A,11,CS2115,10408,T03,M,15:00,15:50,1-13,YEUNG B5-310
99,BSc Computer Science,LC0200A,11,LC0200A,11449,T34,F,15:00,17:50,1-13,LI 1402
99,BSc Computer Science,LC0200A,11,MA1508,13680,CB1,T,09:00,11:50,1-13,BOC R4057
99,BSc Computer Science,LC0200A,11,MA1508,13681,TB1,W,12:00,12:50,1-13,BOC R4057
99,BSc Computer Science,LC0200A,11,CS1302A,15568,C01,W,09:00,11:50,1-13,MMW 2450
99,BSc Computer Science,LC0200A,11,CS1302A,15573,T02,T,12:00,12:50,1-13,YEUNG B7520
100,BSc Computer Science,LC0200A,11,CS2115,10405,C01,M,12:00,14:50,1-13,BOC R4057
100,BSc Computer Science,LC0200A,11,CS2115,10408,T03,M,15:00,15:50,1-13,YEUNG B5-310
100,BSc Computer Science,LC0200A,11,LC0200A,10885,T16,F,15:00,17:50,1-13,LI 1400
100,BSc Computer Science,LC0200A,11,MA1508,13680,CB1,T,09:00,11:50,1-13,BOC R4057
100,BSc Computer Science,LC0200A,11,MA1508,13681,TB1,W,12:00,12:50,1-13,BOC R4057
100,BSc Computer Science,LC0200A,11,CS1302A,15568,C01,W,09:00,11:50,1-13,MMW 2450
100,BSc Computer Science,LC0200A,11,CS1302A,15573,T02,T,12:00,12:50,1-13,YEUNG B7520
101,BSc Computer Science,LC0200A,10,CS2115,10405,C01,M,12:00,14:50,1-13,BOC R4057
101,BSc Computer Science,LC0200A,10,LC0200A,10875,T06,T,12:00,14:50,1-13,LI 2306
101,BSc Computer Science,LC0200A,10,MA1508,13680,CB1,T,09:00,11:50,1-13,BOC R4057
101,BSc Computer Science,LC0200A,10,MA1508,13681,TB1,W,12:00,12:50,1-13,BOC R4057
101,BSc Computer Science,LC0200A,10,CS2115,15274,T05,M,10:00,10:50,1-13,YEUNG B5-211
101,BSc Computer Science,LC0200A,10,CS1302A,15569,CA1,W,09:00,11:50,1-13,MMW 2450
101,BSc Computer Science,LC0200A,10,CS1302A,15572,TA1,M,15:00,15:50,1-13,YEUNG B7520
102,BSc Computer Science,LC0200A,10,CS2115,10405,C01,M,12:00,14:50,1-13,BOC R4057
102,BSc Computer Science,LC0200A,10,CS2115,10407,T02,T,12:00,12:50,1-13,YEUNG B5-211
102,BSc Computer Science,LC0200A,10,LC0200A,10886,T17,F,16:00,18:50,1-13,LI 2407
102,BSc Computer Science,LC0200A,10,MA1508,13680,CB1,T,09:00,11:50,1-13,BOC R4057
102,BSc Computer Science,LC0200A,10,MA1508,13681,TB1,W,12:00,12:50,1-13,BOC R4057
102,BSc Computer Science,LC0200A,10,CS1302A,15568,C01,W,09:00,11:50,1-13,MMW 2450
102,BSc Computer Science,LC0200A,10,CS1302A,15575,T03,M,10:00,10:50,1-13,YEUNG B7520
103,BSc Computer Science,LC0200A,10,CS2115,10405,C01,M,12:00,14:50,1-13,BOC R4057
103,BSc Computer Science,LC0200A,10,LC0200A,10886,T17,F,16:00,18:50,1-13,LI 2407
103,BSc Computer Science,LC0200A,10,MA1508,13680,CB1,T,09:00,11:50,1-13,BOC R4057
103,BSc Computer Science,LC0200A,10,MA1508,13681,TB1,W,12:00,12:50,1-13,BOC R4057
103,BSc Computer Science,LC0200A,10,CS2115,15055,T04,M,16:00,16:50,1-13,YEUNG B5-310
103,BSc Computer Science,LC0200A,10,CS1302A,15568,C01,W,09:00,11:50,1-13,MMW 2450
103,BSc Computer Science,LC0200A,10,CS1302A,15570,T01,M,15:00,15:50,1-13,YEUNG B7520
104,BSc Data Science,GE1401,11,MA1508,11511,CA1,T,12:00,14:50,1-13,YEUNG LT-6
104,BSc Data Science,GE1401,11,MA1508,11709,TA1,M,15:00,15:50,1-13,YEUNG LT-18
104,BSc Data Science,GE1401,11,DSC1001,12087,C01,M,12:00,14:50,1-13,LI 3505
104,BSc Data Science,GE1401,11,CS1315,13018,C01,F,12:00,14:50,1-13,MMW 2450
104,BSc Data Science,GE1401,11,CS1315,13022,L03,T,16:00,16:50,1-13,LI 4208
104,BSc Data Science,GE1401,11,GE1401,14271,TB8,R,09:00,11:50,1-13,LI 2407
105,BSc Data Science,GE1401,11,GE1401,10730,T64,W,12:00,14:50,1-13,LI 2312
105,BSc Data Science,GE1401,11,MA1508,11511,CA1,T,12:00,14:50,1-13,YEUNG LT-6
105,BSc Data Science,GE1401,11,MA1508,11709,TA1,M,15:00,15:50,1-13,YEUNG LT-18
105,BSc Data Science,GE1401,11,DSC1001,12087,C01,M,12:00,14:50,1-13,LI 3505
105,BSc Data Science,GE1401,11,CS1315,13018,C01,F,12:00,14:50,1-13,MMW 2450
105,BSc Data Science,GE1401,11,CS1315,13021,L02,T,15:00,15:50,1-13,LI 4208
106,BSc Data Science,GE1401,11,MA1508,11511,CA1,T,12:00,14:50,1-13,YEUNG LT-6
106,BSc Data Science,GE1401,11,MA1508,11709,TA1,M,15:00,15:50,1-13,YEUNG LT-18
106,BSc Data Science,GE1401,11,DSC1001,12087,C01,M,12:00,14:50,1-13,LI 3505
106,BSc Data Science,GE1401,11,GE1401,12733,T62,W,09:00,11:50,1-13,LI 2407
106,BSc Data Science,GE1401,11,CS1315,13018,C01,F,12:00,14:50,1-13,MMW 2450
106,BSc Data Science,GE1401,11,CS1315,13022,L03,T,16:00,16:50,1-13,LI 4208
107,BSc Data Science,GE1401,11,GE1401,11494,T76,R,09:00,11:50,1-13,LI 2405
107,BSc Data Science,GE1401,11,MA1508,11511,CA1,T,12:00,14:50,1-13,YEUNG LT-6
107,BSc Data Science,GE1401,11,MA1508,11709,TA1,M,15:00,15:50,1-13,YEUNG LT-18
107,BSc Data Science,GE1401,11,DSC1001,12087,C01,M,12:00,14:50,1-13,LI 3505
107,BSc Data Science,GE1401,11,CS1315,13018,C01,F,12:00,14:50,1-13,MMW 2450
107,BSc Data Science,GE1401,11,CS1315,13021,L02,T,15:00,15:50,1-13,LI 4208
108,BSc Data Science,GE1401,10,GE1401,10729,T63,F,09:00,11:50,1-13,LI 3500
108,BSc Data Science,GE1401,10,MA1508,11511,CA1,T,12:00,14:50,1-13,YEUNG LT-6
108,BSc Data Science,GE1401,10,MA1508,11709,TA1,M,15:00,15:50,1-13,YEUNG LT-18
108,BSc Data Science,GE1401,10,DSC1001,12087,C01,M,12:00,14:50,1-13,LI 3505
108,BSc Data Science,GE1401,10,CS1315,13018,C01,F,12:00,14:50,1-13,MMW 2450
108,BSc Data Science,GE1401,10,CS1315,13024,L05,M,17:00,17:50,1-13,LI 4208
109,BSc Data Science,LC0200A,12,LC0200A,10878,T09,W,09:00,11:50,1-13,LI 2306
109,BSc Data Science,LC0200A,12,DSC1001,12087,C01,M,12:00,14:50,1-13,LI 3505
109,BSc Data Science,LC0200A,12,CS1315,13018,C01,F,12:00,14:50,1-13,MMW 2450
109,BSc Data Science,LC0200A,12,CS1315,13020,L01,M,10:00,10:50,1-13,LI 4208
109,BSc Data Science,LC0200A,12,MA1508,13680,CB1,T,09:00,11:50,1-13,BOC R4057
109,BSc Data Science,LC0200A,12,MA1508,13681,TB1,W,12:00,12:50,1-13,BOC R4057
110,BSc Data Science,LC0200A,11,LC0200A,11029,T30,W,16:00,18:50,1-13,LI 1400
110,BSc Data Science,LC0200A,11,MA1508,11511,CA1,T,12:00,14:50,1-13,YEUNG LT-6
110,BSc Data Science,LC0200A,11,MA1508,11709,TA1,M,15:00,15:50,1-13,YEUNG LT-18
110,BSc Data Science,LC0200A,11,DSC1001,12087,C01,M,12:00,14:50,1-13,LI 3505
110,BSc Data Science,LC0200A,11,CS1315,13018,C01,F,12:00,14:50,1-13,MMW 2450
110,BSc Data Science,LC0200A,11,CS1315,13021,L02,T,15:00,15:50,1-13,LI 4208
111,BSc Data and Systems Engineering,GE1401,12,GE1401,10705,T30,W,09:00,11:50,1-13,LI 2409
111,BSc Data and Systems Engineering,GE1401,12,DSC1001,12087,C01,M,12:00,14:50,1-13,LI 3505
111,BSc Data and Systems Engineering,GE1401,12,CS1315,13018,C01,F,12:00,14:50,1-13,MMW 2450
111,BSc Data and Systems Engineering,GE1401,12,CS1315,13020,L01,M,10:00,10:50,1-13,LI 4208
111,BSc Data and Systems Engineering,GE1401,12,MA1508,13680,CB1,T,09:00,11:50,1-13,BOC R4057
111,BSc Data and Systems Engineering,GE1401,12,MA1508,13681,TB1,W,12:00,12:50,1-13,BOC R4057
112,BSc Data and Systems Engineering,GE1401,12,GE1401,10707,T32,F,15:00,17:50,1-13,LI 2306
112,BSc Data and Systems Engineering,GE1401,12,MA1508,11511,CA1,T,12:00,14:50,1-13,YEUNG LT-6
112,BSc Data and Systems Engineering,GE1401,12,MA1508,11709,TA1,M,15:00,15:50,1-13,YEUNG LT-18
112,BSc Data and Systems Engineering,GE1401,12,DSC1001,12087,C01,M,12:00,14:50,1-13,LI 3505
112,BSc Data and Systems Engineering,GE1401,12,CS1315,13018,C01,F,12:00,14:50,1-13,MMW 2450
112,BSc Data and Systems Engineering,GE1401,12,CS1315,13022,L03,T,16:00,16:50,1-13,LI 4208
113,BSc Data and Systems Engineering,GE1401,12,GE1401,10720,T53,W,09:00,11:50,1-13,LI 2312
113,BSc Data and Systems Engineering,GE1401,12,DSC1001,12087,C01,M,12:00,14:50,1-13,LI 3505
113,BSc Data and Systems Engineering,GE1401,12,CS1315,13018,C01,F,12:00,14:50,1-13,MMW 2450
113,BSc Data and Systems Engineering,GE1401,12,CS1315,13020,L01,M,10:00,10:50,1-13,LI 4208
113,BSc Data and Systems Engineering,GE1401,12,MA1508,13680,CB1,T,09:00,11:50,1-13,BOC R4057
113,BSc Data and Systems Engineering,GE1401,12,MA1508,13681,TB1,W,12:00,12:50,1-13,BOC R4057
114,BSc Data and Systems Engineering,LC0200A,8,MA1508,11511,CA1,T,12:00,14:50,1-13,YEUNG LT-6
114,BSc Data and Systems Engineering,LC0200A,8,MA1508,11709,TA1,M,15:00,15:50,1-13,YEUNG LT-18
114,BSc Data and Systems Engineering,LC0200A,8,DSC1001,12087,C01,M,12:00,14:50,1-13,LI 3505
114,BSc Data and Systems Engineering,LC0200A,8,LC0200A,12320,T38,F,09:00,11:50,1-13,LI 2108
114,BSc Data and Systems Engineering,LC0200A,8,CS1315,13018,C01,F,12:00,14:50,1-13,MMW 2450
114,BSc Data and Systems Engineering,LC0200A,8,CS1315,13024,L05,M,17:00,17:50,1-13,LI 4208
115,BSc Data and Systems Engineering,LC0200A,7,LC0200A,10882,T13,R,09:00,11:50,1-13,LI 1314
115,BSc Data and Systems Engineering,LC0200A,7,MA1508,11511,CA1,T,12:00,14:50,1-13,YEUNG LT-6
115,BSc Data and Systems Engineering,LC0200A,7,MA1508,11709,TA1,M,15:00,15:50,1-13,YEUNG LT-18
115,BSc Data and Systems Engineering,LC0200A,7,DSC1001,12087,C01,M,12:00,14:50,1-13,LI 3505
115,BSc Data and Systems Engineering,LC0200A,7,CS1315,13018,C01,F,12:00,14:50,1-13,MMW 2450
115,BSc Data and Systems Engineering,LC0200A,7,CS1315,13021,L02,T,15:00,15:50,1-13,LI 4208
116,BSc Cybersecurity,GE1401,10,CS2115,10405,C01,M,12:00,14:50,1-13,BOC R4057
116,BSc Cybersecurity,GE1401,10,CS2115,10406,T01,T,14:00,14:50,1-13,YEUNG B5-211
116,BSc Cybersecurity,GE1401,10,GE1401,10718,T50,F,12:00,14:50,1-13,LI 2413
116,BSc Cybersecurity,GE1401,10,MA1508,13680,CB1,T,09:00,11:50,1-13,BOC R4057
116,BSc Cybersecurity,GE1401,10,MA1508,13681,TB1,W,12:00,12:50,1-13,BOC R4057
116,BSc Cybersecurity,GE1401,10,CS2117,13735,C01,M,09:00,11:50,1-13,YEUNG B5-310
116,BSc Cybersecurity,GE1401,10,CS2117,13736,T01,T,13:00,13:50,1-13,YEUNG B7520
116,BSc Cybersecurity,GE1401,10,CS1302A,15568,C01,W,09:00,11:50,1-13,MMW 2450
116,BSc Cybersecurity,GE1401,10,CS1302A,15573,T02,T,12:00,12:50,1-13,YEUNG B7520
117,BSc Cybersecurity,GE1401,9,GE1401,12125,T65,F,12:00,14:50,1-13,LI 2306
117,BSc Cybersecurity,GE1401,9,CS2115,12767,CA1,M,12:00,14:50,1-13,BOC R4057
117,BSc Cybersecurity,GE1401,9,CS2115,12768,TA1,T,14:00,14:50,1-13,YEUNG B5-211
117,BSc Cybersecurity,GE1401,9,MA1508,13680,CB1,T,09:00,11:50,1-13,BOC R4057
117,BSc Cybersecurity,GE1401,9,MA1508,13681,TB1,W,12:00,12:50,1-13,BOC R4057
117,BSc Cybersecurity,GE1401,9,CS2117,13735,C01,M,09:00,11:50,1-13,YEUNG B5-310
117,BSc Cybersecurity,GE1401,9,CS2117,13736,T01,T,13:00,13:50,1-13,YEUNG B7520
117,BSc Cybersecurity,GE1401,9,CS1302A,15568,C01,W,09:00,11:50,1-13,MMW 2450
117,BSc Cybersecurity,GE1401,9,CS1302A,15573,T02,T,12:00,12:50,1-13,YEUNG B7520
118,BSc Cybersecurity,LC0200A,8,CS2115,10405,C01,M,12:00,14:50,1-13,BOC R4057
118,BSc Cybersecurity,LC0200A,8,CS2115,10406,T01,T,14:00,14:50,1-13,YEUNG B5-211
118,BSc Cybersecurity,LC0200A,8,LC0200A,11449,T34,F,15:00,17:50,1-13,LI 1402
118,BSc Cybersecurity,LC0200A,8,MA1508,13680,CB1,T,09:00,11:50,1-13,BOC R4057
118,BSc Cybersecurity,LC0200A,8,MA1508,13681,TB1,W,12:00,12:50,1-13,BOC R4057
118,BSc Cybersecurity,LC0200A,8,CS2117,13735,C01,M,09:00,11:50,1-13,YEUNG B5-310
118,BSc Cybersecurity,LC0200A,8,CS2117,13736,T01,T,13:00,13:50,1-13,YEUNG B7520
118,BSc Cybersecurity,LC0200A,8,CS1302A,15568,C01,W,09:00,11:50,1-13,MMW 2450
118,BSc Cybersecurity,LC0200A,8,CS1302A,15573,T02,T,12:00,12:50,1-13,YEUNG B7520
119,BEng Civil Engineering,GE1401,10,MA1200,11785,CG1,M,12:00,13:50,1-13,YEUNG LT-5
119,BEng Civil Engineering,GE1401,10,MA1200,11785,CG1,F,17:00,18:50,1-13,YEUNG LT-5
119,BEng Civil Engineering,GE1401,10,MA1200,11807,TG3,T,12:00,12:50,1-13,YEUNG P4704
119,BEng Civil Engineering,GE1401,10,CS1302,11859,CA1,M,09:00,11:50,1-13,MMW 2450
119,BEng Civil Engineering,GE1401,10,PHY1201,12180,L04,W,12:00,14:50,1-13,YEUNG P5701
119,BEng Civil Engineering,GE1401,10,CS1302,12215,LA4,M,14:00,14:50,1-13,LI 4400
119,BEng Civil Engineering,GE1401,10,PHY1201,12368,C01,R,15:00,17:50,1-13,CMC M3017
119,BEng Civil Engineering,GE1401,10,PHY1201,12369,T02,T,13:00,13:50,1-13,LI 2505
119,BEng Civil Engineering,GE1401,10,GE1401,13571,T99,T,09:00,11:50,1-13,LI 2415
120,BEng Civil Engineering,GE1401,10,MA1200,11782,CE1,M,12:00,13:50,1-13,YEUNG LT-6
120,BEng Civil Engineering,GE1401,10,MA1200,11782,CE1,F,17:00,18:50,1-13,YEUNG LT-6
120,BEng Civil Engineering,GE1401,10,MA1200,11801,TE3,T,12:00,12:50,1-13,YEUNG B4702
120,BEng Civil Engineering,GE1401,10,CS1302,11859,CA1,M,09:00,11:50,1-13,MMW 2450
120,BEng Civil Engineering,GE1401,10,PHY1201,12180,L04,W,12:00,14:50,1-13,YEUNG P5701
120,BEng Civil Engineering,GE1401,10,CS1302,12215,LA4,M,14:00,14:50,1-13,LI 4400
120,BEng Civil Engineering,GE1401,10,PHY1201,12368,C01,R,15:00,17:50,1-13,CMC M3017
120,BEng Civil Engineering,GE1401,10,PHY1201,12369,T02,T,13:00,13:50,1-13,LI 2505
120,BEng Civil Engineering,GE1401,10,GE1401,13571,T99,T,09:00,11:50,1-13,LI 2415
121,BEng Civil Engineering,GE1401,10,MA1200,11785,CG1,M,12:00,13:50,1-13,YEUNG LT-5
121,BEng Civil Engineering,GE1401,10,MA1200,11785,CG1,F,17:00,18:50,1-13,YEUNG LT-5
121,BEng Civil Engineering,GE1401,10,MA1200,11805,TG1,T,18:00,18:50,1-13,YEUNG B4702
121,BEng Civil Engineering,GE1401,10,CS1302,11859,CA1,M,09:00,11:50,1-13,MMW 2450
121,BEng Civil Engineering,GE1401,10,CS1302,11863,LA1,W,12:00,12:50,1-13,YEUNG B7520
121,BEng Civil Engineering,GE1401,10,PHY1201,12179,L03,T,15:00,17:50,1-13,YEUNG P5701
121,BEng Civil Engineering,GE1401,10,PHY1201,12368,C01,R,15:00,17:50,1-13,CMC M3017
121,BEng Civil Engineering,GE1401,10,PHY1201,12369,T02,T,13:00,13:50,1-13,LI 2505
121,BEng Civil Engineering,GE1401,10,GE1401,13568,T96,W,09:00,11:50,1-13,LI 2310
122,BEng Civil Engineering,GE1401,9,GE1401,10679,T02,M,12:00,14:50,1-13,LI 2308
122,BEng Civil Engineering,GE1401,9,PHY1201,11386,CA1,R,15:00,17:50,1-13,CMC M3017
122,BEng Civil Engineering,GE1401,9,MA1200,11789,CD1,F,12:00,13:50,1-13,YEUNG LT-17
122,BEng Civil Engineering,GE1401,9,MA1200,11789,CD1,W,17:00,18:50,1-13,YEUNG LT-17
122,BEng Civil Engineering,GE1401,9,MA1200,11797,TD2,T,18:00,18:50,1-13,YEUNG P4703
122,BEng Civil Engineering,GE1401,9,CS1302,11859,CA1,M,09:00,11:50,1-13,MMW 2450
122,BEng Civil Engineering,GE1401,9,CS1302,11982,LA3,M,15:00,15:50,1-13,LI 4208
122,BEng Civil Engineering,GE1401,9,PHY1201,12372,TA2,T,13:00,13:50,1-13,LI 2505
122,BEng Civil Engineering,GE1401,9,PHY1201,12377,LA3,T,15:00,17:50,1-13,YEUNG P5701
123,BEng Civil Engineering,LC0200A,9,MA1200,11788,CC1,F,12:00,13:50,1-13,YEUNG LT-6
123,BEng Civil Engineering,LC0200A,9,MA1200,11788,CC1,W,17:00,18:50,1-13,YEUNG LT-6
123,BEng Civil Engineering,LC0200A,9,MA1200,11793,TC1,M,18:00,18:50,1-13,YEUNG P4704
123,BEng Civil Engineering,LC0200A,9,CS1302,11860,CB1,F,15:00,17:50,1-13,MMW 2450
123,BEng Civil Engineering,LC0200A,9,PHY1201,12178,L02,M,15:00,17:50,1-13,YEUNG P5701
123,BEng Civil Engineering,LC0200A,9,PHY1201,12368,C01,R,15:00,17:50,1-13,CMC M3017
123,BEng Civil Engineering,LC0200A,9,PHY1201,12369,T02,T,13:00,13:50,1-13,LI 2505
123,BEng Civil Engineering,LC0200A,9,LC0200A,14950,T18,S,09:00,11:50,1-14,LI 2415
123,BEng Civil Engineering,LC0200A,9,CS1302,15811,LB4,M,14:00,14:50,1-13,LI 4109
124,BEng Civil Engineering,LC0200A,8,LC0200A,10888,T20,M,12:00,14:50,1-13,LI 2306
124,BEng Civil Engineering,LC0200A,8,MA1200,11789,CD1,F,12:00,13:50,1-13,YEUNG LT-17
124,BEng Civil Engineering,LC0200A,8,MA1200,11789,CD1,W,17:00,18:50,1-13,YEUNG LT-17
124,BEng Civil Engineering,LC0200A,8,MA1200,11797,TD2,T,18:00,18:50,1-13,YEUNG P4703
124,BEng Civil Engineering,LC0200A,8,CS1302,11859,CA1,M,09:00,11:50,1-13,MMW 2450
124,BEng Civil Engineering,LC0200A,8,CS1302,11982,LA3,M,15:00,15:50,1-13,LI 4208
124,BEng Civil Engineering,LC0200A,8,PHY1201,12179,L03,T,15:00,17:50,1-13,YEUNG P5701
124,BEng Civil Engineering,LC0200A,8,PHY1201,12368,C01,R,15:00,17:50,1-13,CMC M3017
124,BEng Civil Engineering,LC0200A,8,PHY1201,12369,T02,T,13:00,13:50,1-13,LI 2505
125,BEng Building Services Engineering,GE1401,9,GE1401,11491,T69,M,12:00,14:50,1-13,LI 2407
125,BEng Building Services Engineering,GE1401,9,MA1200,11788,CC1,F,12:00,13:50,1-13,YEUNG LT-6
125,BEng Building Services Engineering,GE1401,9,MA1200,11788,CC1,W,17:00,18:50,1-13,YEUNG LT-6
125,BEng Building Services Engineering,GE1401,9,MA1200,11794,TC2,T,18:00,18:50,1-13,YEUNG P4701
125,BEng Building Services Engineering,GE1401,9,CS1302,11859,CA1,M,09:00,11:50,1-13,MMW 2450
125,BEng Building Services Engineering,GE1401,9,CS1302,11982,LA3,M,15:00,15:50,1-13,LI 4208
125,BEng Building Services Engineering,GE1401,9,PHY1201,12179,L03,T,15:00,17:50,1-13,YEUNG P5701
125,BEng Building Services Engineering,GE1401,9,PHY1201,12368,C01,R,15:00,17:50,1-13,CMC M3017
125,BEng Building Services Engineering,GE1401,9,PHY1201,12369,T02,T,13:00,13:50,1-13,LI 2505
126,BEng Building Services Engineering,GE1401,9,PHY1201,11377,T01,T,10:00,10:50,1-13,BOC LT401
126,BEng Building Services Engineering,GE1401,9,GE1401,11451,T68,R,18:00,20:50,1-13,LI 2312
126,BEng Building Services Engineering,GE1401,9,MA1200,11789,CD1,F,12:00,13:50,1-13,YEUNG LT-17
126,BEng Building Services Engineering,GE1401,9,MA1200,11789,CD1,W,17:00,18:50,1-13,YEUNG LT-17
126,BEng Building Services Engineering,GE1401,9,MA1200,11796,TD1,M,18:00,18:50,1-13,YEUNG B4702
126,BEng Building Services Engineering,GE1401,9,CS1302,11860,CB1,F,15:00,17:50,1-13,MMW 2450
126,BEng Building Services Engineering,GE1401,9,PHY1201,12178,L02,M,15:00,17:50,1-13,YEUNG P5701
126,BEng Building Services Engineering,GE1401,9,PHY1201,12368,C01,R,15:00,17:50,1-13,CMC M3017
126,BEng Building Services Engineering,GE1401,9,CS1302,15811,LB4,M,14:00,14:50,1-13,LI 4109
127,BEng Building Services Engineering,GE1401,8,MA1200,11784,CF1,M,12:00,13:50,1-13,YEUNG LT-17
127,BEng Building Services Engineering,GE1401,8,MA1200,11784,CF1,F,17:00,18:50,1-13,YEUNG LT-17
127,BEng Building Services Engineering,GE1401,8,MA1200,11804,TF3,T,12:00,12:50,1-13,YEUNG B4302
127,BEng Building Services Engineering,GE1401,8,CS1302,11859,CA1,M,09:00,11:50,1-13,MMW 2450
127,BEng Building Services Engineering,GE1401,8,PHY1201,12180,L04,W,12:00,14:50,1-13,YEUNG P5701
127,BEng Building Services Engineering,GE1401,8,CS1302,12215,LA4,M,14:00,14:50,1-13,LI 4400
127,BEng Building Services Engineering,GE1401,8,PHY1201,12368,C01,R,15:00,17:50,1-13,CMC M3017
127,BEng Building Services Engineering,GE1401,8,PHY1201,12369,T02,T,13:00,13:50,1-13,LI 2505
127,BEng Building Services Engineering,GE1401,8,GE1401,12735,T74,S,09:00,11:50,1-14,LI 1402
128,BEng Building Services Engineering,LC0200A,11,LC0200A,10897,T29,W,15:00,17:50,1-13,LI 1314
128,BEng Building Services Engineering,LC0200A,11,MA1200,11782,CE1,M,12:00,13:50,1-13,YEUNG LT-6
128,BEng Building Services Engineering,LC0200A,11,MA1200,11782,CE1,F,17:00,18:50,1-13,YEUNG LT-6
128,BEng Building Services Engineering,LC0200A,11,MA1200,11801,TE3,T,12:00,12:50,1-13,YEUNG B4702
128,BEng Building Services Engineering,LC0200A,11,CS1302,11859,CA1,M,09:00,11:50,1-13,MMW 2450
128,BEng Building Services Engineering,LC0200A,11,PHY1201,12180,L04,W,12:00,14:50,1-13,YEUNG P5701
128,BEng Building Services Engineering,LC0200A,11,CS1302,12215,LA4,M,14:00,14:50,1-13,LI 4400
128,BEng Building Services Engineering,LC0200A,11,PHY1201,12368,C01,R,15:00,17:50,1-13,CMC M3017
128,BEng Building Services Engineering,LC0200A,11,PHY1201,12369,T02,T,13:00,13:50,1-13,LI 2505
129,BSc Architecture and Surveying,GE1401,11,GE1401,10706,T31,R,18:00,20:50,1-13,LI 2306
129,BSc Architecture and Surveying,GE1401,11,PHY1201,11377,T01,T,10:00,10:50,1-13,BOC LT401
129,BSc Architecture and Surveying,GE1401,11,MA1200,11787,CA1,F,12:00,13:50,1-13,YEUNG LT-5
129,BSc Architecture and Surveying,GE1401,11,MA1200,11787,CA1,W,17:00,18:50,1-13,YEUNG LT-5
129,BSc Architecture and Surveying,GE1401,11,MA1200,11790,TA1,M,18:00,18:50,1-13,YEUNG B4302
129,BSc Architecture and Surveying,GE1401,11,CS1302,11860,CB1,F,15:00,17:50,1-13,MMW 2450
129,BSc Architecture and Surveying,GE1401,11,PHY1201,12178,L02,M,15:00,17:50,1-13,YEUNG P5701
129,BSc Architecture and Surveying,GE1401,11,PHY1201,12368,C01,R,15:00,17:50,1-13,CMC M3017
129,BSc Architecture and Surveying,GE1401,11,CS1302,15811,LB4,M,14:00,14:50,1-13,LI 4109
130,BSc Architecture and Surveying,GE1401,11,GE1401,10695,T19,W,09:00,11:50,1-13,LI 2405
130,BSc Architecture and Surveying,GE1401,11,MA1200,11784,CF1,M,12:00,13:50,1-13,YEUNG LT-17
130,BSc Architecture and Surveying,GE1401,11,MA1200,11784,CF1,F,17:00,18:50,1-13,YEUNG LT-17
130,BSc Architecture and Surveying,GE1401,11,MA1200,11802,TF1,T,18:00,18:50,1-13,YEUNG P4302
130,BSc Architecture and Surveying,GE1401,11,CS1302,11859,CA1,M,09:00,11:50,1-13,MMW 2450
130,BSc Architecture and Surveying,GE1401,11,CS1302,11863,LA1,W,12:00,12:50,1-13,YEUNG B7520
130,BSc Architecture and Surveying,GE1401,11,PHY1201,12179,L03,T,15:00,17:50,1-13,YEUNG P5701
130,BSc Architecture and Surveying,GE1401,11,PHY1201,12368,C01,R,15:00,17:50,1-13,CMC M3017
130,BSc Architecture and Surveying,GE1401,11,PHY1201,12369,T02,T,13:00,13:50,1-13,LI 2505
131,BSc Architecture and Surveying,GE1401,11,PHY1201,11386,CA1,R,15:00,17:50,1-13,CMC M3017
131,BSc Architecture and Surveying,GE1401,11,GE1401,11451,T68,R,18:00,20:50,1-13,LI 2312
131,BSc Architecture and Surveying,GE1401,11,MA1200,11788,CC1,F,12:00,13:50,1-13,YEUNG LT-6
131,BSc Architecture and Surveying,GE1401,11,MA1200,11788,CC1,W,17:00,18:50,1-13,YEUNG LT-6
131,BSc Architecture and Surveying,GE1401,11,MA1200,11793,TC1,M,18:00,18:50,1-13,YEUNG P4704
131,BSc Architecture and Surveying,GE1401,11,CS1302,11860,CB1,F,15:00,17:50,1-13,MMW 2450
131,BSc Architecture and Surveying,GE1401,11,PHY1201,12372,TA2,T,13:00,13:50,1-13,LI 2505
131,BSc Architecture and Surveying,GE1401,11,PHY1201,12376,LA2,M,15:00,17:50,1-13,YEUNG P5701
131,BSc Architecture and Surveying,GE1401,11,CS1302,15811,LB4,M,14:00,14:50,1-13,LI 4109
132,BSc Architecture and Surveying,LC0200A,7,PHY1201,11377,T01,T,10:00,10:50,1-13,BOC LT401
132,BSc Architecture and Surveying,LC0200A,7,MA1200,11789,CD1,F,12:00,13:50,1-13,YEUNG LT-17
132,BSc Architecture and Surveying,LC0200A,7,MA1200,11789,CD1,W,17:00,18:50,1-13,YEUNG LT-17
132,BSc Architecture and Surveying,LC0200A,7,MA1200,11796,TD1,M,18:00,18:50,1-13,YEUNG B4702
132,BSc Architecture and Surveying,LC0200A,7,CS1302,11860,CB1,F,15:00,17:50,1-13,MMW 2450
132,BSc Architecture and Surveying,LC0200A,7,PHY1201,12178,L02,M,15:00,17:50,1-13,YEUNG P5701
132,BSc Architecture and Surveying,LC0200A,7,LC0200A,12333,T40,W,19:00,21:50,1-13,LI 1312
132,BSc Architecture and Surveying,LC0200A,7,PHY1201,12368,C01,R,15:00,17:50,1-13,CMC M3017
132,BSc Architecture and Surveying,LC0200A,7,CS1302,15811,LB4,M,14:00,14:50,1-13,LI 4109
133,BSc Architecture and Surveying,LC0200A,7,LC0200A,10897,T29,W,15:00,17:50,1-13,LI 1314
133,BSc Architecture and Surveying,LC0200A,7,PHY1201,11386,CA1,R,15:00,17:50,1-13,CMC M3017
133,BSc Architecture and Surveying,LC0200A,7,MA1200,11784,CF1,M,12:00,13:50,1-13,YEUNG LT-17
133,BSc Architecture and Surveying,LC0200A,7,MA1200,11784,CF1,F,17:00,18:50,1-13,YEUNG LT-17
133,BSc Architecture and Surveying,LC0200A,7,MA1200,11804,TF3,T,12:00,12:50,1-13,YEUNG B4302
133,BSc Architecture and Surveying,LC0200A,7,CS1302,11859,CA1,M,09:00,11:50,1-13,MMW 2450
133,BSc Architecture and Surveying,LC0200A,7,CS1302,11982,LA3,M,15:00,15:50,1-13,LI 4208
133,BSc Architecture and Surveying,LC0200A,7,PHY1201,12372,TA2,T,13:00,13:50,1-13,LI 2505
133,BSc Architecture and Surveying,LC0200A,7,PHY1201,12378,LA4,W,12:00,14:50,1-13,YEUNG P5701
134,BEng Computer and Data Engineering,GE1401,9,EE1001,10617,C01,R,12:00,14:50,1-13,LI 2505
134,BEng Computer and Data Engineering,GE1401,9,EE1001,11161,L02,T,10:00,11:50,8-8,YEUNG G7620
134,BEng Computer and Data Engineering,GE1401,9,EE1001,11161,L02,T,10:00,11:50,10-10,YEUNG G7620
134,BEng Computer and Data Engineering,GE1401,9,EE1001,11161,L02,T,10:00,11:50,11-11,YEUNG G7620
134,BEng Computer and Data Engineering,GE1401,9,GE1354,11441,C01,T,15:00,17:50,1-13,YEUNG LT-17
134,BEng Computer and Data Engineering,GE1401,9,GE1354,11444,L03,W,15:00,16:50,1-13,YEUNG G7610
134,BEng Computer and Data Engineering,GE1401,9,GE1401,11507,T80,M,12:00,14:50,1-13,LI 2310
134,BEng Computer and Data Engineering,GE1401,9,MA1200,11787,CA1,F,12:00,13:50,1-13,YEUNG LT-5
134,BEng Computer and Data Engineering,GE1401,9,MA1200,11787,CA1,W,17:00,18:50,1-13,YEUNG LT-5
134,BEng Computer and Data Engineering,GE1401,9,MA1200,11791,TA2,T,18:00,18:50,1-13,YEUNG Y4302
134,BEng Computer and Data Engineering,GE1401,9,CS1302,11860,CB1,F,15:00,17:50,1-13,MMW 2450
134,BEng Computer and Data Engineering,GE1401,9,CS1302,12216,LB1,R,11:00,11:50,1-13,LI 4412
135,BEng Computer and Data Engineering,GE1401,8,EE1001,10617,C01,R,12:00,14:50,1-13,LI 2505
135,BEng Computer and Data Engineering,GE1401,8,GE1401,10688,T11,T,12:00,14:50,1-13,LI 2409
135,BEng Computer and Data Engineering,GE1401,8,EE1001,11161,L02,T,10:00,11:50,8-8,YEUNG G7620
135,BEng Computer and Data Engineering,GE1401,8,EE1001,11161,L02,T,10:00,11:50,10-10,YEUNG G7620
135,BEng Computer and Data Engineering,GE1401,8,EE1001,11161,L02,T,10:00,11:50,11-11,YEUNG G7620
135,BEng Computer and Data Engineering,GE1401,8,GE1354,11445,CA1,T,15:00,17:50,1-13,YEUNG LT-17
135,BEng Computer and Data Engineering,GE1401,8,GE1354,11448,LA3,W,15:00,16:50,1-13,YEUNG G7610
135,BEng Computer and Data Engineering,GE1401,8,MA1200,11787,CA1,F,12:00,13:50,1-13,YEUNG LT-5
135,BEng Computer and Data Engineering,GE1401,8,MA1200,11787,CA1,W,17:00,18:50,1-13,YEUNG LT-5
135,BEng Computer and Data Engineering,GE1401,8,MA1200,11791,TA2,T,18:00,18:50,1-13,YEUNG Y4302
135,BEng Computer and Data Engineering,GE1401,8,CS1302,11860,CB1,F,15:00,17:50,1-13,MMW 2450
135,BEng Computer and Data Engineering,GE1401,8,CS1302,12216,LB1,R,11:00,11:50,1-13,LI 4412
136,BEng Computer and Data Engineering,GE1401,8,EE1001,10617,C01,R,12:00,14:50,1-13,LI 2505
136,BEng Computer and Data Engineering,GE1401,8,GE1401,10687,T10,M,15:00,17:50,1-13,LI 2407
136,BEng Computer and Data Engineering,GE1401,8,EE1001,11161,L02,T,10:00,11:50,8-8,YEUNG G7620
136,BEng Computer and Data Engineering,GE1401,8,EE1001,11161,L02,T,10:00,11:50,10-10,YEUNG G7620
136,BEng Computer and Data Engineering,GE1401,8,EE1001,11161,L02,T,10:00,11:50,11-11,YEUNG G7620
136,BEng Computer and Data Engineering,GE1401,8,GE1354,11441,C01,T,15:00,17:50,1-13,YEUNG LT-17
136,BEng Computer and Data Engineering,GE1401,8,GE1354,11444,L03,W,15:00,16:50,1-13,YEUNG G7610
136,BEng Computer and Data Engineering,GE1401,8,MA1200,11789,CD1,F,12:00,13:50,1-13,YEUNG LT-17
136,BEng Computer and Data Engineering,GE1401,8,MA1200,11789,CD1,W,17:00,18:50,1-13,YEUNG LT-17
136,BEng Computer and Data Engineering,GE1401,8,MA1200,11797,TD2,T,18:00,18:50,1-13,YEUNG P4703
136,BEng Computer and Data Engineering,GE1401,8,CS1302,11860,CB1,F,15:00,17:50,1-13,MMW 2450
136,BEng Computer and Data Engineering,GE1401,8,CS1302,12216,LB1,R,11:00,11:50,1-13,LI 4412
137,BEng Computer and Data Engineering,LC0200A,10,EE1001,10617,C01,R,12:00,14:50,1-13,LI 2505
137,BEng Computer and Data Engineering,LC0200A,10,LC0200A,10880,T11,W,15:00,17:50,1-13,LI 1310
137,BEng Computer and Data Engineering,LC0200A,10,EE1001,11159,L01,T,10:00,11:50,8-8,YEUNG G7610
137,BEng Computer and Data Engineering,LC0200A,10,EE1001,11159,L01,T,10:00,11:50,10-10,YEUNG G7610
137,BEng Computer and Data Engineering,LC0200A,10,EE1001,11159,L01,T,10:00,11:50,11-11,YEUNG G7610
137,BEng Computer and Data Engineering,LC0200A,10,GE1354,11441,C01,T,15:00,17:50,1-13,YEUNG LT-17
137,BEng Computer and Data Engineering,LC0200A,10,GE1354,11443,L02,W,13:00,14:50,1-13,YEUNG G7620
137,BEng Computer and Data Engineering,LC0200A,10,MA1200,11784,CF1,M,12:00,13:50,1-13,YEUNG LT-17
137,BEng Computer and Data Engineering,LC0200A,10,MA1200,11784,CF1,F,17:00,18:50,1-13,YEUNG LT-17
137,BEng Computer and Data Engineering,LC0200A,10,MA1200,11802,TF1,T,18:00,18:50,1-13,YEUNG P4302
137,BEng Computer and Data Engineering,LC0200A,10,CS1302,11859,CA1,M,09:00,11:50,1-13,MMW 2450
137,BEng Computer and Data Engineering,LC0200A,10,CS1302,11863,LA1,W,12:00,12:50,1-13,YEUNG B7520
138,BEng Electronic and Electrical Engineering,GE1401,9,EE1001,10617,C01,R,12:00,14:50,1-13,LI 2505
138,BEng Electronic and Electrical Engineering,GE1401,9,EE1001,11159,L01,T,10:00,11:50,8-8,YEUNG G7610
138,BEng Electronic and Electrical Engineering,GE1401,9,EE1001,11159,L01,T,10:00,11:50,10-10,YEUNG G7610
138,BEng Electronic and Electrical Engineering,GE1401,9,EE1001,11159,L01,T,10:00,11:50,11-11,YEUNG G7610
138,BEng Electronic and Electrical Engineering,GE1401,9,GE1354,11441,C01,T,15:00,17:50,1-13,YEUNG LT-17
138,BEng Electronic and Electrical Engineering,GE1401,9,GE1354,11444,L03,W,15:00,16:50,1-13,YEUNG G7610
138,BEng Electronic and Electrical Engineering,GE1401,9,MA1200,11788,CC1,F,12:00,13:50,1-13,YEUNG LT-6
138,BEng Electronic and Electrical Engineering,GE1401,9,MA1200,11788,CC1,W,17:00,18:50,1-13,YEUNG LT-6
138,BEng Electronic and Electrical Engineering,GE1401,9,MA1200,11794,TC2,T,18:00,18:50,1-13,YEUNG P4701
138,BEng Electronic and Electrical Engineering,GE1401,9,CS1302,11860,CB1,F,15:00,17:50,1-13,MMW 2450
138,BEng Electronic and Electrical Engineering,GE1401,9,CS1302,12216,LB1,R,11:00,11:50,1-13,LI 4412
138,BEng Electronic and Electrical Engineering,GE1401,9,GE1401,15180,TC1,W,12:00,14:50,1-13,LI 2306
139,BEng Electronic and Electrical Engineering,GE1401,8,EE1001,10617,C01,R,12:00,14:50,1-13,LI 2505
139,BEng Electronic and Electrical Engineering,GE1401,8,GE1401,10727,T60,S,09:00,11:50,1-14,LI 1314
139,BEng Electronic and Electrical Engineering,GE1401,8,EE1001,11159,L01,T,10:00,11:50,8-8,YEUNG G7610
139,BEng Electronic and Electrical Engineering,GE1401,8,EE1001,11159,L01,T,10:00,11:50,10-10,YEUNG G7610
139,BEng Electronic and Electrical Engineering,GE1401,8,EE1001,11159,L01,T,10:00,11:50,11-11,YEUNG G7610
139,BEng Electronic and Electrical Engineering,GE1401,8,GE1354,11441,C01,T,15:00,17:50,1-13,YEUNG LT-17
139,BEng Electronic and Electrical Engineering,GE1401,8,GE1354,11442,L01,W,13:00,14:50,1-13,YEUNG G7610
139,BEng Electronic and Electrical Engineering,GE1401,8,MA1200,11786,CH1,M,12:00,13:50,1-13,YEUNG LT-18
139,BEng Electronic and Electrical Engineering,GE1401,8,MA1200,11786,CH1,F,17:00,18:50,1-13,YEUNG LT-18
139,BEng Electronic and Electrical Engineering,GE1401,8,MA1200,11809,TH2,R,11:00,11:50,1-13,YEUNG B4302
139,BEng Electronic and Electrical Engineering,GE1401,8,CS1302,11859,CA1,M,09:00,11:50,1-13,MMW 2450
139,BEng Electronic and Electrical Engineering,GE1401,8,CS1302,11863,LA1,W,12:00,12:50,1-13,YEUNG B7520
140,BEng Electronic and Electrical Engineering,GE1401,8,GE1401,10682,T05,T,12:00,14:50,1-13,LI 2415
140,BEng Electronic and Electrical Engineering,GE1401,8,EE1001,10900,CA1,R,12:00,14:50,1-13,LI 2505
140,BEng Electronic and Electrical Engineering,GE1401,8,EE1001,11160,LA1,T,10:00,11:50,8-8,YEUNG G7620
140,BEng Electronic and Electrical Engineering,GE1401,8,EE1001,11160,LA1,T,10:00,11:50,10-10,YEUNG G7620
140,BEng Electronic and Electrical Engineering,GE1401,8,EE1001,11160,LA1,T,10:00,11:50,11-11,YEUNG G7620
140,BEng Electronic and Electrical Engineering,GE1401,8,GE1354,11441,C01,T,15:00,17:50,1-13,YEUNG LT-17
140,BEng Electronic and Electrical Engineering,GE1401,8,GE1354,11444,L03,W,15:00,16:50,1-13,YEUNG G7610
140,BEng Electronic and Electrical Engineering,GE1401,8,MA1200,11789,CD1,F,12:00,13:50,1-13,YEUNG LT-17
140,BEng Electronic and Electrical Engineering,GE1401,8,MA1200,11789,CD1,W,17:00,18:50,1-13,YEUNG LT-17
140,BEng Electronic and Electrical Engineering,GE1401,8,MA1200,11797,TD2,T,18:00,18:50,1-13,YEUNG P4703
140,BEng Electronic and Electrical Engineering,GE1401,8,CS1302,11860,CB1,F,15:00,17:50,1-13,MMW 2450
140,BEng Electronic and Electrical Engineering,GE1401,8,CS1302,12216,LB1,R,11:00,11:50,1-13,LI 4412
141,BEng Electronic and Electrical Engineering,LC0200A,10,EE1001,10617,C01,R,12:00,14:50,1-13,LI 2505
141,BEng Electronic and Electrical Engineering,LC0200A,10,LC0200A,11030,T31,R,09:00,11:50,1-13,LI 1400
141,BEng Electronic and Electrical Engineering,LC0200A,10,EE1001,11161,L02,T,10:00,11:50,8-8,YEUNG G7620
141,BEng Electronic and Electrical Engineering,LC0200A,10,EE1001,11161,L02,T,10:00,11:50,10-10,YEUNG G7620
141,BEng Electronic and Electrical Engineering,LC0200A,10,EE1001,11161,L02,T,10:00,11:50,11-11,YEUNG G7620
141,BEng Electronic and Electrical Engineering,LC0200A,10,GE1354,11441,C01,T,15:00,17:50,1-13,YEUNG LT-17
141,BEng Electronic and Electrical Engineering,LC0200A,10,GE1354,11443,L02,W,13:00,14:50,1-13,YEUNG G7620
141,BEng Electronic and Electrical Engineering,LC0200A,10,MA1200,11784,CF1,M,12:00,13:50,1-13,YEUNG LT-17
141,BEng Electronic and Electrical Engineering,LC0200A,10,MA1200,11784,CF1,F,17:00,18:50,1-13,YEUNG LT-17
141,BEng Electronic and Electrical Engineering,LC0200A,10,MA1200,11802,TF1,T,18:00,18:50,1-13,YEUNG P4302
141,BEng Electronic and Electrical Engineering,LC0200A,10,CS1302,11859,CA1,M,09:00,11:50,1-13,MMW 2450
141,BEng Electronic and Electrical Engineering,LC0200A,10,CS1302,12215,LA4,M,14:00,14:50,1-13,LI 4400
142,BEng Information Engineering,GE1401,11,EE1001,10617,C01,R,12:00,14:50,1-13,LI 2505
142,BEng Information Engineering,GE1401,11,EE1001,11159,L01,T,10:00,11:50,8-8,YEUNG G7610
142,BEng Information Engineering,GE1401,11,EE1001,11159,L01,T,10:00,11:50,10-10,YEUNG G7610
142,BEng Information Engineering,GE1401,11,EE1001,11159,L01,T,10:00,11:50,11-11,YEUNG G7610
142,BEng Information Engineering,GE1401,11,GE1354,11441,C01,T,15:00,17:50,1-13,YEUNG LT-17
142,BEng Information Engineering,GE1401,11,GE1354,11443,L02,W,13:00,14:50,1-13,YEUNG G7620
142,BEng Information Engineering,GE1401,11,MA1200,11782,CE1,M,12:00,13:50,1-13,YEUNG LT-6
142,BEng Information Engineering,GE1401,11,MA1200,11782,CE1,F,17:00,18:50,1-13,YEUNG LT-6
142,BEng Information Engineering,GE1401,11,MA1200,11800,TE2,R,11:00,11:50,1-13,YEUNG P4704
142,BEng Information Engineering,GE1401,11,CS1302,11859,CA1,M,09:00,11:50,1-13,MMW 2450
142,BEng Information Engineering,GE1401,11,CS1302,11863,LA1,W,12:00,12:50,1-13,YEUNG B7520
142,BEng Information Engineering,GE1401,11,GE1401,12122,T35,W,15:00,17:50,1-13,LI 2312
143,BEng Information Engineering,GE1401,10,EE1001,10617,C01,R,12:00,14:50,1-13,LI 2505
143,BEng Information Engineering,GE1401,10,EE1001,11159,L01,T,10:00,11:50,8-8,YEUNG G7610
143,BEng Information Engineering,GE1401,10,EE1001,11159,L01,T,10:00,11:50,10-10,YEUNG G7610
143,BEng Information Engineering,GE1401,10,EE1001,11159,L01,T,10:00,11:50,11-11,YEUNG G7610
143,BEng Information Engineering,GE1401,10,GE1354,11441,C01,T,15:00,17:50,1-13,YEUNG LT-17
143,BEng Information Engineering,GE1401,10,GE1354,11442,L01,W,13:00,14:50,1-13,YEUNG G7610
143,BEng Information Engineering,GE1401,10,GE1401,11505,T93,W,15:00,17:50,1-13,LI 2405
143,BEng Information Engineering,GE1401,10,MA1200,11786,CH1,M,12:00,13:50,1-13,YEUNG LT-18
143,BEng Information Engineering,GE1401,10,MA1200,11786,CH1,F,17:00,18:50,1-13,YEUNG LT-18
143,BEng Information Engineering,GE1401,10,MA1200,11808,TH1,T,18:00,18:50,1-13,YEUNG P4704
143,BEng Information Engineering,GE1401,10,CS1302,11859,CA1,M,09:00,11:50,1-13,MMW 2450
143,BEng Information Engineering,GE1401,10,CS1302,12215,LA4,M,14:00,14:50,1-13,LI 4400
144,BEng Information Engineering,LC0200A,9,EE1001,10617,C01,R,12:00,14:50,1-13,LI 2505
144,BEng Information Engineering,LC0200A,9,LC0200A,11030,T31,R,09:00,11:50,1-13,LI 1400
144,BEng Information Engineering,LC0200A,9,EE1001,11161,L02,T,10:00,11:50,8-8,YEUNG G7620
144,BEng Information Engineering,LC0200A,9,EE1001,11161,L02,T,10:00,11:50,10-10,YEUNG G7620
144,BEng Information Engineering,LC0200A,9,EE1001,11161,L02,T,10:00,11:50,11-11,YEUNG G7620
144,BEng Information Engineering,LC0200A,9,GE1354,11441,C01,T,15:00,17:50,1-13,YEUNG LT-17
144,BEng Information Engineering,LC0200A,9,GE1354,11443,L02,W,13:00,14:50,1-13,YEUNG G7620
144,BEng Information Engineering,LC0200A,9,MA1200,11786,CH1,M,12:00,13:50,1-13,YEUNG LT-18
144,BEng Information Engineering,LC0200A,9,MA1200,11786,CH1,F,17:00,18:50,1-13,YEUNG LT-18
144,BEng Information Engineering,LC0200A,9,MA1200,11808,TH1,T,18:00,18:50,1-13,YEUNG P4704
144,BEng Information Engineering,LC0200A,9,CS1302,11859,CA1,M,09:00,11:50,1-13,MMW 2450
144,BEng Information Engineering,LC0200A,9,CS1302,11982,LA3,M,15:00,15:50,1-13,LI 4208
145,BEng Microelectronics Engineering,GE1401,12,EE1001,10617,C01,R,12:00,14:50,1-13,LI 2505
145,BEng Microelectronics Engineering,GE1401,12,GE1401,10720,T53,W,09:00,11:50,1-13,LI 2312
145,BEng Microelectronics Engineering,GE1401,12,EE1001,11159,L01,T,10:00,11:50,8-8,YEUNG G7610
145,BEng Microelectronics Engineering,GE1401,12,EE1001,11159,L01,T,10:00,11:50,10-10,YEUNG G7610
145,BEng Microelectronics Engineering,GE1401,12,EE1001,11159,L01,T,10:00,11:50,11-11,YEUNG G7610
145,BEng Microelectronics Engineering,GE1401,12,GE1354,11441,C01,T,15:00,17:50,1-13,YEUNG LT-17
145,BEng Microelectronics Engineering,GE1401,12,GE1354,11442,L01,W,13:00,14:50,1-13,YEUNG G7610
145,BEng Microelectronics Engineering,GE1401,12,MA1200,11785,CG1,M,12:00,13:50,1-13,YEUNG LT-5
145,BEng Microelectronics Engineering,GE1401,12,MA1200,11785,CG1,F,17:00,18:50,1-13,YEUNG LT-5
145,BEng Microelectronics Engineering,GE1401,12,MA1200,11805,TG1,T,18:00,18:50,1-13,YEUNG B4702
145,BEng Microelectronics Engineering,GE1401,12,CS1302,11859,CA1,M,09:00,11:50,1-13,MMW 2450
145,BEng Microelectronics Engineering,GE1401,12,CS1302,11863,LA1,W,12:00,12:50,1-13,YEUNG B7520
146,BEng Microelectronics Engineering,LC0200A,5,EE1001,10617,C01,R,12:00,14:50,1-13,LI 2505
146,BEng Microelectronics Engineering,LC0200A,5,LC0200A,10878,T09,W,09:00,11:50,1-13,LI 2306
146,BEng Microelectronics Engineering,LC0200A,5,EE1001,11159,L01,T,10:00,11:50,8-8,YEUNG G7610
146,BEng Microelectronics Engineering,LC0200A,5,EE1001,11159,L01,T,10:00,11:50,10-10,YEUNG G7610
146,BEng Microelectronics Engineering,LC0200A,5,EE1001,11159,L01,T,10:00,11:50,11-11,YEUNG G7610
146,BEng Microelectronics Engineering,LC0200A,5,GE1354,11455,CB1,T,15:00,17:50,1-13,YEUNG LT-17
146,BEng Microelectronics Engineering,LC0200A,5,GE1354,11583,LB2,W,13:00,14:50,1-13,YEUNG G7620
146,BEng Microelectronics Engineering,LC0200A,5,MA1200,11786,CH1,M,12:00,13:50,1-13,YEUNG LT-18
146,BEng Microelectronics Engineering,LC0200A,5,MA1200,11786,CH1,F,17:00,18:50,1-13,YEUNG LT-18
146,BEng Microelectronics Engineering,LC0200A,5,MA1200,11808,TH1,T,18:00,18:50,1-13,YEUNG P4704
146,BEng Microelectronics Engineering,LC0200A,5,CS1302,11859,CA1,M,09:00,11:50,1-13,MMW 2450
146,BEng Microelectronics Engineering,LC0200A,5,CS1302,11863,LA1,W,12:00,12:50,1-13,YEUNG B7520
147,BEng Mechanical Engineering,GE1401,10,GE1401,10729,T63,F,09:00,11:50,1-13,LI 3500
147,BEng Mechanical Engineering,GE1401,10,MA1200,11787,CA1,F,12:00,13:50,1-13,YEUNG LT-5
147,BEng Mechanical Engineering,GE1401,10,MA1200,11787,CA1,W,17:00,18:50,1-13,YEUNG LT-5
147,BEng Mechanical Engineering,GE1401,10,MA1200,11790,TA1,M,18:00,18:50,1-13,YEUNG B4302
147,BEng Mechanical Engineering,GE1401,10,PHY1101,11832,CA1,T,12:00,13:50,1-13,MMW 2450
147,BEng Mechanical Engineering,GE1401,10,PHY1101,11835,TA1,T,14:00,14:50,1-13,MMW 2450
147,BEng Mechanical Engineering,GE1401,10,MNE2066,11846,C01,S,09:00,11:50,1-14,MMW 2450
147,BEng Mechanical Engineering,GE1401,10,MNE2116,12798,C01,T,09:00,10:50,1-13,LI 3508
147,BEng Mechanical Engineering,GE1401,10,MNE2116,13073,L04,M,14:00,16:50,2-7,YEUNG P7540
147,BEng Mechanical Engineering,GE1401,10,MNE2116,13073,L04,M,14:00,16:50,9-12,YEUNG P7540
148,BEng Mechanical Engineering,GE1401,10,MA1200,11782,CE1,M,12:00,13:50,1-13,YEUNG LT-6
148,BEng Mechanical Engineering,GE1401,10,MA1200,11782,CE1,F,17:00,18:50,1-13,YEUNG LT-6
148,BEng Mechanical Engineering,GE1401,10,MA1200,11800,TE2,R,11:00,11:50,1-13,YEUNG P4704
148,BEng Mechanical Engineering,GE1401,10,PHY1101,11832,CA1,T,12:00,13:50,1-13,MMW 2450
148,BEng Mechanical Engineering,GE1401,10,PHY1101,11835,TA1,T,14:00,14:50,1-13,MMW 2450
148,BEng Mechanical Engineering,GE1401,10,MNE2066,11846,C01,S,09:00,11:50,1-14,MMW 2450
148,BEng Mechanical Engineering,GE1401,10,MNE2116,12798,C01,T,09:00,10:50,1-13,LI 3508
148,BEng Mechanical Engineering,GE1401,10,MNE2116,13073,L04,M,14:00,16:50,2-7,YEUNG P7540
148,BEng Mechanical Engineering,GE1401,10,MNE2116,13073,L04,M,14:00,16:50,9-12,YEUNG P7540
148,BEng Mechanical Engineering,GE1401,10,GE1401,13568,T96,W,09:00,11:50,1-13,LI 2310
149,BEng Mechanical Engineering,GE1401,10,GE1401,10683,T06,F,09:00,11:50,1-13,LI 2407
149,BEng Mechanical Engineering,GE1401,10,MA1200,11789,CD1,F,12:00,13:50,1-13,YEUNG LT-17
149,BEng Mechanical Engineering,GE1401,10,MA1200,11789,CD1,W,17:00,18:50,1-13,YEUNG LT-17
149,BEng Mechanical Engineering,GE1401,10,MA1200,11798,TD3,T,11:00,11:50,1-13,YEUNG P4302
149,BEng Mechanical Engineering,GE1401,10,PHY1101,11832,CA1,T,12:00,13:50,1-13,MMW 2450
149,BEng Mechanical Engineering,GE1401,10,PHY1101,11835,TA1,T,14:00,14:50,1-13,MMW 2450
149,BEng Mechanical Engineering,GE1401,10,MNE2066,11846,C01,S,09:00,11:50,1-14,MMW 2450
149,BEng Mechanical Engineering,GE1401,10,MNE2116,12798,C01,T,09:00,10:50,1-13,LI 3508
149,BEng Mechanical Engineering,GE1401,10,MNE2116,12823,L02,W,14:00,16:50,2-11,YEUNG P7540
150,BEng Mechanical Engineering,GE1401,9,MA1200,11789,CD1,F,12:00,13:50,1-13,YEUNG LT-17
150,BEng Mechanical Engineering,GE1401,9,MA1200,11789,CD1,W,17:00,18:50,1-13,YEUNG LT-17
150,BEng Mechanical Engineering,GE1401,9,MA1200,11798,TD3,T,11:00,11:50,1-13,YEUNG P4302
150,BEng Mechanical Engineering,GE1401,9,PHY1101,11832,CA1,T,12:00,13:50,1-13,MMW 2450
150,BEng Mechanical Engineering,GE1401,9,PHY1101,11835,TA1,T,14:00,14:50,1-13,MMW 2450
150,BEng Mechanical Engineering,GE1401,9,MNE2066,11846,C01,S,09:00,11:50,1-14,MMW 2450
150,BEng Mechanical Engineering,GE1401,9,GE1401,12734,T71,M,16:00,18:50,1-13,LI 2415
150,BEng Mechanical Engineering,GE1401,9,MNE2116,12798,C01,T,09:00,10:50,1-13,LI 3508
150,BEng Mechanical Engineering,GE1401,9,MNE2116,14946,L03,R,09:00,11:50,2-4,YEUNG P7540
150,BEng Mechanical Engineering,GE1401,9,MNE2116,14946,L03,R,09:00,11:50,6-12,YEUNG P7540
151,BEng Mechanical Engineering,LC0200A,9,LC0200A,10883,T14,F,09:00,11:50,1-13,LI 1310
151,BEng Mechanical Engineering,LC0200A,9,MA1200,11787,CA1,F,12:00,13:50,1-13,YEUNG LT-5
151,BEng Mechanical Engineering,LC0200A,9,MA1200,11787,CA1,W,17:00,18:50,1-13,YEUNG LT-5
151,BEng Mechanical Engineering,LC0200A,9,MA1200,11792,TA3,T,11:00,11:50,1-13,YEUNG B4702
151,BEng Mechanical Engineering,LC0200A,9,PHY1101,11832,CA1,T,12:00,13:50,1-13,MMW 2450
151,BEng Mechanical Engineering,LC0200A,9,PHY1101,11835,TA1,T,14:00,14:50,1-13,MMW 2450
151,BEng Mechanical Engineering,LC0200A,9,MNE2066,11846,C01,S,09:00,11:50,1-14,MMW 2450
151,BEng Mechanical Engineering,LC0200A,9,MNE2116,12798,C01,T,09:00,10:50,1-13,LI 3508
151,BEng Mechanical Engineering,LC0200A,9,MNE2116,12823,L02,W,14:00,16:50,2-11,YEUNG P7540
152,BEng Mechanical Engineering,LC0200A,8,LC0200A,10863,T03,M,15:00,17:50,1-13,LI 1402
152,BEng Mechanical Engineering,LC0200A,8,MA1200,11789,CD1,F,12:00,13:50,1-13,YEUNG LT-17
152,BEng Mechanical Engineering,LC0200A,8,MA1200,11789,CD1,W,17:00,18:50,1-13,YEUNG LT-17
152,BEng Mechanical Engineering,LC0200A,8,MA1200,11796,TD1,M,18:00,18:50,1-13,YEUNG B4702
152,BEng Mechanical Engineering,LC0200A,8,PHY1101,11832,CA1,T,12:00,13:50,1-13,MMW 2450
152,BEng Mechanical Engineering,LC0200A,8,PHY1101,11835,TA1,T,14:00,14:50,1-13,MMW 2450
152,BEng Mechanical Engineering,LC0200A,8,MNE2066,11846,C01,S,09:00,11:50,1-14,MMW 2450
152,BEng Mechanical Engineering,LC0200A,8,MNE2116,14945,LA2,M,09:00,11:50,2-7,YEUNG P7540
152,BEng Mechanical Engineering,LC0200A,8,MNE2116,14945,LA2,M,09:00,11:50,9-12,YEUNG P7540
152,BEng Mechanical Engineering,LC0200A,8,MNE2116,15622,CA1,T,09:00,10:50,1-13,LI 3508
153,BEng Aerospace Engineering,GE1401,9,GE1401,10704,T29,F,09:00,11:50,1-13,LI 2409
153,BEng Aerospace Engineering,GE1401,9,MA1200,11789,CD1,F,12:00,13:50,1-13,YEUNG LT-17
153,BEng Aerospace Engineering,GE1401,9,MA1200,11789,CD1,W,17:00,18:50,1-13,YEUNG LT-17
153,BEng Aerospace Engineering,GE1401,9,MA1200,11798,TD3,T,11:00,11:50,1-13,YEUNG P4302
153,BEng Aerospace Engineering,GE1401,9,PHY1101,11832,CA1,T,12:00,13:50,1-13,MMW 2450
153,BEng Aerospace Engineering,GE1401,9,PHY1101,11835,TA1,T,14:00,14:50,1-13,MMW 2450
153,BEng Aerospace Engineering,GE1401,9,MNE2066,11846,C01,S,09:00,11:50,1-14,MMW 2450
153,BEng Aerospace Engineering,GE1401,9,MNE2116,12798,C01,T,09:00,10:50,1-13,LI 3508
153,BEng Aerospace Engineering,GE1401,9,MNE2116,14946,L03,R,09:00,11:50,2-4,YEUNG P7540
153,BEng Aerospace Engineering,GE1401,9,MNE2116,14946,L03,R,09:00,11:50,6-12,YEUNG P7540
154,BEng Aerospace Engineering,GE1401,9,GE1401,10687,T10,M,15:00,17:50,1-13,LI 2407
154,BEng Aerospace Engineering,GE1401,9,MA1200,11788,CC1,F,12:00,13:50,1-13,YEUNG LT-6
154,BEng Aerospace Engineering,GE1401,9,MA1200,11788,CC1,W,17:00,18:50,1-13,YEUNG LT-6
154,BEng Aerospace Engineering,GE1401,9,MA1200,11793,TC1,M,18:00,18:50,1-13,YEUNG P4704
154,BEng Aerospace Engineering,GE1401,9,PHY1101,11832,CA1,T,12:00,13:50,1-13,MMW 2450
154,BEng Aerospace Engineering,GE1401,9,PHY1101,11835,TA1,T,14:00,14:50,1-13,MMW 2450
154,BEng Aerospace Engineering,GE1401,9,MNE2066,11846,C01,S,09:00,11:50,1-14,MMW 2450
154,BEng Aerospace Engineering,GE1401,9,MNE2116,14945,LA2,M,09:00,11:50,2-7,YEUNG P7540
154,BEng Aerospace Engineering,GE1401,9,MNE2116,14945,LA2,M,09:00,11:50,9-12,YEUNG P7540
154,BEng Aerospace Engineering,GE1401,9,MNE2116,15622,CA1,T,09:00,10:50,1-13,LI 3508
155,BEng Aerospace Engineering,GE1401,8,MA1200,11786,CH1,M,12:00,13:50,1-13,YEUNG LT-18
155,BEng Aerospace Engineering,GE1401,8,MA1200,11786,CH1,F,17:00,18:50,1-13,YEUNG LT-18
155,BEng Aerospace Engineering,GE1401,8,MA1200,11809,TH2,R,11:00,11:50,1-13,YEUNG B4302
155,BEng Aerospace Engineering,GE1401,8,PHY1101,11832,CA1,T,12:00,13:50,1-13,MMW 2450
155,BEng Aerospace Engineering,GE1401,8,PHY1101,11835,TA1,T,14:00,14:50,1-13,MMW 2450
155,BEng Aerospace Engineering,GE1401,8,MNE2066,11846,C01,S,09:00,11:50,1-14,MMW 2450
155,BEng Aerospace Engineering,GE1401,8,GE1401,12127,T84,W,12:00,14:50,1-13,LI 2308
155,BEng Aerospace Engineering,GE1401,8,MNE2116,12798,C01,T,09:00,10:50,1-13,LI 3508
155,BEng Aerospace Engineering,GE1401,8,MNE2116,13073,L04,M,14:00,16:50,2-7,YEUNG P7540
155,BEng Aerospace Engineering,GE1401,8,MNE2116,13073,L04,M,14:00,16:50,9-12,YEUNG P7540
156,BEng Aerospace Engineering,LC0200A,11,LC0200A,10883,T14,F,09:00,11:50,1-13,LI 1310
156,BEng Aerospace Engineering,LC0200A,11,MA1200,11789,CD1,F,12:00,13:50,1-13,YEUNG LT-17
156,BEng Aerospace Engineering,LC0200A,11,MA1200,11789,CD1,W,17:00,18:50,1-13,YEUNG LT-17
156,BEng Aerospace Engineering,LC0200A,11,MA1200,11798,TD3,T,11:00,11:50,1-13,YEUNG P4302
156,BEng Aerospace Engineering,LC0200A,11,PHY1101,11832,CA1,T,12:00,13:50,1-13,MMW 2450
156,BEng Aerospace Engineering,LC0200A,11,PHY1101,11835,TA1,T,14:00,14:50,1-13,MMW 2450
156,BEng Aerospace Engineering,LC0200A,11,MNE2066,11846,C01,S,09:00,11:50,1-14,MMW 2450
156,BEng Aerospace Engineering,LC0200A,11,MNE2116,12798,C01,T,09:00,10:50,1-13,LI 3508
156,BEng Aerospace Engineering,LC0200A,11,MNE2116,12823,L02,W,14:00,16:50,2-11,YEUNG P7540
157,BEng Nuclear and Risk Engineering,GE1401,8,GE1401,11506,T78,F,09:00,11:50,1-13,LI 2415
157,BEng Nuclear and Risk Engineering,GE1401,8,MA1200,11788,CC1,F,12:00,13:50,1-13,YEUNG LT-6
157,BEng Nuclear and Risk Engineering,GE1401,8,MA1200,11788,CC1,W,17:00,18:50,1-13,YEUNG LT-6
157,BEng Nuclear and Risk Engineering,GE1401,8,MA1200,11795,TC3,T,11:00,11:50,1-13,YEUNG B4302
157,BEng Nuclear and Risk Engineering,GE1401,8,PHY1101,11832,CA1,T,12:00,13:50,1-13,MMW 2450
157,BEng Nuclear and Risk Engineering,GE1401,8,PHY1101,11835,TA1,T,14:00,14:50,1-13,MMW 2450
157,BEng Nuclear and Risk Engineering,GE1401,8,MNE2066,11846,C01,S,09:00,11:50,1-14,MMW 2450
157,BEng Nuclear and Risk Engineering,GE1401,8,MNE2116,12798,C01,T,09:00,10:50,1-13,LI 3508
157,BEng Nuclear and Risk Engineering,GE1401,8,MNE2116,12823,L02,W,14:00,16:50,2-11,YEUNG P7540
158,BEng Nuclear and Risk Engineering,GE1401,8,GE1401,10687,T10,M,15:00,17:50,1-13,LI 2407
158,BEng Nuclear and Risk Engineering,GE1401,8,MA1200,11787,CA1,F,12:00,13:50,1-13,YEUNG LT-5
158,BEng Nuclear and Risk Engineering,GE1401,8,MA1200,11787,CA1,W,17:00,18:50,1-13,YEUNG LT-5
158,BEng Nuclear and Risk Engineering,GE1401,8,MA1200,11790,TA1,M,18:00,18:50,1-13,YEUNG B4302
158,BEng Nuclear and Risk Engineering,GE1401,8,PHY1101,11832,CA1,T,12:00,13:50,1-13,MMW 2450
158,BEng Nuclear and Risk Engineering,GE1401,8,PHY1101,11835,TA1,T,14:00,14:50,1-13,MMW 2450
158,BEng Nuclear and Risk Engineering,GE1401,8,MNE2066,11846,C01,S,09:00,11:50,1-14,MMW 2450
158,BEng Nuclear and Risk Engineering,GE1401,8,MNE2116,14945,LA2,M,09:00,11:50,2-7,YEUNG P7540
158,BEng Nuclear and Risk Engineering,GE1401,8,MNE2116,14945,LA2,M,09:00,11:50,9-12,YEUNG P7540
158,BEng Nuclear and Risk Engineering,GE1401,8,MNE2116,15622,CA1,T,09:00,10:50,1-13,LI 3508
159,BEng Nuclear and Risk Engineering,LC0200A,7,LC0200A,10889,T21,M,15:00,17:50,1-13,LI 2413
159,BEng Nuclear and Risk Engineering,LC0200A,7,MA1200,11789,CD1,F,12:00,13:50,1-13,YEUNG LT-17
159,BEng Nuclear and Risk Engineering,LC0200A,7,MA1200,11789,CD1,W,17:00,18:50,1-13,YEUNG LT-17
159,BEng Nuclear and Risk Engineering,LC0200A,7,MA1200,11796,TD1,M,18:00,18:50,1-13,YEUNG B4702
159,BEng Nuclear and Risk Engineering,LC0200A,7,PHY1101,11832,CA1,T,12:00,13:50,1-13,MMW 2450
159,BEng Nuclear and Risk Engineering,LC0200A,7,PHY1101,11835,TA1,T,14:00,14:50,1-13,MMW 2450
159,BEng Nuclear and Risk Engineering,LC0200A,7,MNE2066,11846,C01,S,09:00,11:50,1-14,MMW 2450
159,BEng Nuclear and Risk Engineering,LC0200A,7,MNE2116,14945,LA2,M,09:00,11:50,2-7,YEUNG P7540
159,BEng Nuclear and Risk Engineering,LC0200A,7,MNE2116,14945,LA2,M,09:00,11:50,9-12,YEUNG P7540
159,BEng Nuclear and Risk Engineering,LC0200A,7,MNE2116,15622,CA1,T,09:00,10:50,1-13,LI 3508
160,BEng Materials Science and Engineering,GE1401,11,MSE1001,11332,C61,M,18:00,20:50,1-4,YEUNG B5-310
160,BEng Materials Science and Engineering,GE1401,11,PHY1201,11377,T01,T,10:00,10:50,1-13,BOC LT401
160,BEng Materials Science and Engineering,GE1401,11,GE1401,11497,T81,T,12:00,14:50,1-13,LI 2310
160,BEng Materials Science and Engineering,GE1401,11,MA1200,11788,CC1,F,12:00,13:50,1-13,YEUNG LT-6
160,BEng Materials Science and Engineering,GE1401,11,MA1200,11788,CC1,W,17:00,18:50,1-13,YEUNG LT-6
160,BEng Materials Science and Engineering,GE1401,11,MA1200,11795,TC3,T,11:00,11:50,1-13,YEUNG B4302
160,BEng Materials Science and Engineering,GE1401,11,PHY1201,12177,L01,M,09:00,11:50,1-13,YEUNG P5701
160,BEng Materials Science and Engineering,GE1401,11,PHY1201,12368,C01,R,15:00,17:50,1-13,CMC M3017
160,BEng Materials Science and Engineering,GE1401,11,CHEM1300,13875,CC1,F,09:00,10:50,1-13,MMW 2450
160,BEng Materials Science and Engineering,GE1401,11,CHEM1300,13876,LC1,W,09:00,12:50,4-4,YEUNG P4813
160,BEng Materials Science and Engineering,GE1401,11,CHEM1300,13876,LC1,W,09:00,12:50,6-7,YEUNG P4813
160,BEng Materials Science and Engineering,GE1401,11,CHEM1300,13876,LC1,W,09:00,12:50,10-11,YEUNG P4813
160,BEng Materials Science and Engineering,GE1401,11,CHEM1300,13878,TC1,W,10:00,11:50,3-3,YEUNG LT-11
160,BEng Materials Science and Engineering,GE1401,11,CHEM1300,13878,TC1,W,10:00,11:50,5-5,YEUNG LT-11
160,BEng Materials Science and Engineering,GE1401,11,CHEM1300,13878,TC1,W,10:00,11:50,9-9,YEUNG LT-11
160,BEng Materials Science and Engineering,GE1401,11,CHEM1300,13878,TC1,W,10:00,11:50,13-13,YEUNG LT-11
161,BEng Materials Science and Engineering,GE1401,11,GE1401,10722,T55,T,12:00,14:50,1-13,LI 2405
161,BEng Materials Science and Engineering,GE1401,11,MSE1001,11332,C61,M,18:00,20:50,1-4,YEUNG B5-310
161,BEng Materials Science and Engineering,GE1401,11,CHEM1300,11747,C01,R,09:00,10:50,1-13,MMW 2450
161,BEng Materials Science and Engineering,GE1401,11,CHEM1300,11750,L05,W,09:00,12:50,4-4,YEUNG P4813
161,BEng Materials Science and Engineering,GE1401,11,CHEM1300,11750,L05,W,09:00,12:50,6-7,YEUNG P4813
161,BEng Materials Science and Engineering,GE1401,11,CHEM1300,11750,L05,W,09:00,12:50,10-11,YEUNG P4813
161,BEng Materials Science and Engineering,GE1401,11,CHEM1300,11756,T05,W,10:00,11:50,3-3,YEUNG LT-11
161,BEng Materials Science and Engineering,GE1401,11,CHEM1300,11756,T05,W,10:00,11:50,5-5,YEUNG LT-11
161,BEng Materials Science and Engineering,GE1401,11,CHEM1300,11756,T05,W,10:00,11:50,9-9,YEUNG LT-11
161,BEng Materials Science and Engineering,GE1401,11,CHEM1300,11756,T05,W,10:00,11:50,13-13,YEUNG LT-11
161,BEng Materials Science and Engineering,GE1401,11,MA1200,11787,CA1,F,12:00,13:50,1-13,YEUNG LT-5
161,BEng Materials Science and Engineering,GE1401,11,MA1200,11787,CA1,W,17:00,18:50,1-13,YEUNG LT-5
161,BEng Materials Science and Engineering,GE1401,11,MA1200,11792,TA3,T,11:00,11:50,1-13,YEUNG B4702
161,BEng Materials Science and Engineering,GE1401,11,PHY1201,12188,TA1,T,10:00,10:50,1-13,BOC LT401
161,BEng Materials Science and Engineering,GE1401,11,PHY1201,12371,CA2,F,15:00,17:50,1-13,MMW 3420
161,BEng Materials Science and Engineering,GE1401,11,PHY1201,12375,LA1,M,09:00,11:50,1-13,YEUNG P5701
162,BEng Materials Science and Engineering,GE1401,11,GE1401,10722,T55,T,12:00,14:50,1-13,LI 2405
162,BEng Materials Science and Engineering,GE1401,11,MSE1001,11332,C61,M,18:00,20:50,1-4,YEUNG B5-310
162,BEng Materials Science and Engineering,GE1401,11,PHY1201,11377,T01,T,10:00,10:50,1-13,BOC LT401
162,BEng Materials Science and Engineering,GE1401,11,CHEM1300,11748,C02,F,09:00,10:50,1-13,MMW 2450
162,BEng Materials Science and Engineering,GE1401,11,CHEM1300,11750,L05,W,09:00,12:50,4-4,YEUNG P4813
162,BEng Materials Science and Engineering,GE1401,11,CHEM1300,11750,L05,W,09:00,12:50,6-7,YEUNG P4813
162,BEng Materials Science and Engineering,GE1401,11,CHEM1300,11750,L05,W,09:00,12:50,10-11,YEUNG P4813
162,BEng Materials Science and Engineering,GE1401,11,CHEM1300,11756,T05,W,10:00,11:50,3-3,YEUNG LT-11
162,BEng Materials Science and Engineering,GE1401,11,CHEM1300,11756,T05,W,10:00,11:50,5-5,YEUNG LT-11
162,BEng Materials Science and Engineering,GE1401,11,CHEM1300,11756,T05,W,10:00,11:50,9-9,YEUNG LT-11
162,BEng Materials Science and Engineering,GE1401,11,CHEM1300,11756,T05,W,10:00,11:50,13-13,YEUNG LT-11
162,BEng Materials Science and Engineering,GE1401,11,MA1200,11788,CC1,F,12:00,13:50,1-13,YEUNG LT-6
162,BEng Materials Science and Engineering,GE1401,11,MA1200,11788,CC1,W,17:00,18:50,1-13,YEUNG LT-6
162,BEng Materials Science and Engineering,GE1401,11,MA1200,11795,TC3,T,11:00,11:50,1-13,YEUNG B4302
162,BEng Materials Science and Engineering,GE1401,11,PHY1201,12177,L01,M,09:00,11:50,1-13,YEUNG P5701
162,BEng Materials Science and Engineering,GE1401,11,PHY1201,12368,C01,R,15:00,17:50,1-13,CMC M3017
163,BEng Materials Science and Engineering,LC0200A,7,LC0200A,10875,T06,T,12:00,14:50,1-13,LI 2306
163,BEng Materials Science and Engineering,LC0200A,7,MSE1001,11332,C61,M,18:00,20:50,1-4,YEUNG B5-310
163,BEng Materials Science and Engineering,LC0200A,7,PHY1201,11377,T01,T,10:00,10:50,1-13,BOC LT401
163,BEng Materials Science and Engineering,LC0200A,7,CHEM1300,11747,C01,R,09:00,10:50,1-13,MMW 2450
163,BEng Materials Science and Engineering,LC0200A,7,CHEM1300,11750,L05,W,09:00,12:50,4-4,YEUNG P4813
163,BEng Materials Science and Engineering,LC0200A,7,CHEM1300,11750,L05,W,09:00,12:50,6-7,YEUNG P4813
163,BEng Materials Science and Engineering,LC0200A,7,CHEM1300,11750,L05,W,09:00,12:50,10-11,YEUNG P4813
163,BEng Materials Science and Engineering,LC0200A,7,CHEM1300,11756,T05,W,10:00,11:50,3-3,YEUNG LT-11
163,BEng Materials Science and Engineering,LC0200A,7,CHEM1300,11756,T05,W,10:00,11:50,5-5,YEUNG LT-11
163,BEng Materials Science and Engineering,LC0200A,7,CHEM1300,11756,T05,W,10:00,11:50,9-9,YEUNG LT-11
163,BEng Materials Science and Engineering,LC0200A,7,CHEM1300,11756,T05,W,10:00,11:50,13-13,YEUNG LT-11
163,BEng Materials Science and Engineering,LC0200A,7,MA1200,11787,CA1,F,12:00,13:50,1-13,YEUNG LT-5
163,BEng Materials Science and Engineering,LC0200A,7,MA1200,11787,CA1,W,17:00,18:50,1-13,YEUNG LT-5
163,BEng Materials Science and Engineering,LC0200A,7,MA1200,11792,TA3,T,11:00,11:50,1-13,YEUNG B4702
163,BEng Materials Science and Engineering,LC0200A,7,PHY1201,12178,L02,M,15:00,17:50,1-13,YEUNG P5701
163,BEng Materials Science and Engineering,LC0200A,7,PHY1201,12367,C02,F,15:00,17:50,1-13,MMW 3420
164,BEng Materials Science and Engineering,LC0200A,7,LC0200A,10892,T24,T,12:00,14:50,1-13,LAU 6-211
164,BEng Materials Science and Engineering,LC0200A,7,MSE1001,11332,C61,M,18:00,20:50,1-4,YEUNG B5-310
164,BEng Materials Science and Engineering,LC0200A,7,PHY1201,11377,T01,T,10:00,10:50,1-13,BOC LT401
164,BEng Materials Science and Engineering,LC0200A,7,CHEM1300,11747,C01,R,09:00,10:50,1-13,MMW 2450
164,BEng Materials Science and Engineering,LC0200A,7,CHEM1300,11750,L05,W,09:00,12:50,4-4,YEUNG P4813
164,BEng Materials Science and Engineering,LC0200A,7,CHEM1300,11750,L05,W,09:00,12:50,6-7,YEUNG P4813
164,BEng Materials Science and Engineering,LC0200A,7,CHEM1300,11750,L05,W,09:00,12:50,10-11,YEUNG P4813
164,BEng Materials Science and Engineering,LC0200A,7,CHEM1300,11751,T04,T,15:00,16:50,3-3,LI 2614
164,BEng Materials Science and Engineering,LC0200A,7,CHEM1300,11751,T04,T,15:00,16:50,5-5,LI 2614
164,BEng Materials Science and Engineering,LC0200A,7,CHEM1300,11751,T04,T,15:00,16:50,9-9,LI 2614
164,BEng Materials Science and Engineering,LC0200A,7,CHEM1300,11751,T04,T,15:00,16:50,13-13,LI 2614
164,BEng Materials Science and Engineering,LC0200A,7,MA1200,11788,CC1,F,12:00,13:50,1-13,YEUNG LT-6
164,BEng Materials Science and Engineering,LC0200A,7,MA1200,11788,CC1,W,17:00,18:50,1-13,YEUNG LT-6
164,BEng Materials Science and Engineering,LC0200A,7,MA1200,11795,TC3,T,11:00,11:50,1-13,YEUNG B4302
164,BEng Materials Science and Engineering,LC0200A,7,PHY1201,12178,L02,M,15:00,17:50,1-13,YEUNG P5701
164,BEng Materials Science and Engineering,LC0200A,7,PHY1201,12367,C02,F,15:00,17:50,1-13,MMW 3420
165,BEng Intelligent Manufacturing Engineering,GE1401,12,GE1501,10255,C07,R,12:00,14:50,1-13,YEUNG G4702
165,BEng Intelligent Manufacturing Engineering,GE1401,12,MA1200,11788,CC1,F,12:00,13:50,1-13,YEUNG LT-6
165,BEng Intelligent Manufacturing Engineering,GE1401,12,MA1200,11788,CC1,W,17:00,18:50,1-13,YEUNG LT-6
165,BEng Intelligent Manufacturing Engineering,GE1401,12,MA1200,11794,TC2,T,18:00,18:50,1-13,YEUNG P4701
165,BEng Intelligent Manufacturing Engineering,GE1401,12,PHY1201,12179,L03,T,15:00,17:50,1-13,YEUNG P5701
165,BEng Intelligent Manufacturing Engineering,GE1401,12,SYE2066,12338,C01,M,09:00,11:50,1-13,YEUNG LT-9
165,BEng Intelligent Manufacturing Engineering,GE1401,12,PHY1201,12368,C01,R,15:00,17:50,1-13,CMC M3017
165,BEng Intelligent Manufacturing Engineering,GE1401,12,PHY1201,12369,T02,T,13:00,13:50,1-13,LI 2505
165,BEng Intelligent Manufacturing Engineering,GE1401,12,GE1401,13572,TB1,F,09:00,11:50,1-13,LI 2312
166,BEng Intelligent Manufacturing Engineering,GE1401,11,MA1200,11784,CF1,M,12:00,13:50,1-13,YEUNG LT-17
166,BEng Intelligent Manufacturing Engineering,GE1401,11,MA1200,11784,CF1,F,17:00,18:50,1-13,YEUNG LT-17
166,BEng Intelligent Manufacturing Engineering,GE1401,11,MA1200,11804,TF3,T,12:00,12:50,1-13,YEUNG B4302
166,BEng Intelligent Manufacturing Engineering,GE1401,11,PHY1201,12180,L04,W,12:00,14:50,1-13,YEUNG P5701
166,BEng Intelligent Manufacturing Engineering,GE1401,11,SYE2066,12338,C01,M,09:00,11:50,1-13,YEUNG LT-9
166,BEng Intelligent Manufacturing Engineering,GE1401,11,PHY1201,12368,C01,R,15:00,17:50,1-13,CMC M3017
166,BEng Intelligent Manufacturing Engineering,GE1401,11,PHY1201,12369,T02,T,13:00,13:50,1-13,LI 2505
166,BEng Intelligent Manufacturing Engineering,GE1401,11,GE1501,12622,C16,W,09:00,11:50,1-13,YEUNG P4703
166,BEng Intelligent Manufacturing Engineering,GE1401,11,GE1401,14270,TB7,T,09:00,11:50,1-13,LI 2405
167,BEng Intelligent Manufacturing Engineering,LC0200A,9,GE1501,10249,C02,T,15:00,17:50,1-13,LI 2513
167,BEng Intelligent Manufacturing Engineering,LC0200A,9,MA1200,11787,CA1,F,12:00,13:50,1-13,YEUNG LT-5
167,BEng Intelligent Manufacturing Engineering,LC0200A,9,MA1200,11787,CA1,W,17:00,18:50,1-13,YEUNG LT-5
167,BEng Intelligent Manufacturing Engineering,LC0200A,9,MA1200,11791,TA2,T,18:00,18:50,1-13,YEUNG Y4302
167,BEng Intelligent Manufacturing Engineering,LC0200A,9,PHY1201,12181,L05,F,09:00,11:50,1-13,YEUNG P5701
167,BEng Intelligent Manufacturing Engineering,LC0200A,9,LC0200A,12333,T40,W,19:00,21:50,1-13,LI 1312
167,BEng Intelligent Manufacturing Engineering,LC0200A,9,SYE2066,12338,C01,M,09:00,11:50,1-13,YEUNG LT-9
167,BEng Intelligent Manufacturing Engineering,LC0200A,9,PHY1201,12368,C01,R,15:00,17:50,1-13,CMC M3017
167,BEng Intelligent Manufacturing Engineering,LC0200A,9,PHY1201,12369,T02,T,13:00,13:50,1-13,LI 2505
168,BEng Innovation and Enterprise Engineering,GE1401,8,PHY1201,11377,T01,T,10:00,10:50,1-13,BOC LT401
168,BEng Innovation and Enterprise Engineering,GE1401,8,MA1200,11788,CC1,F,12:00,13:50,1-13,YEUNG LT-6
168,BEng Innovation and Enterprise Engineering,GE1401,8,MA1200,11788,CC1,W,17:00,18:50,1-13,YEUNG LT-6
168,BEng Innovation and Enterprise Engineering,GE1401,8,MA1200,11793,TC1,M,18:00,18:50,1-13,YEUNG P4704
168,BEng Innovation and Enterprise Engineering,GE1401,8,PHY1201,12178,L02,M,15:00,17:50,1-13,YEUNG P5701
168,BEng Innovation and Enterprise Engineering,GE1401,8,PHY1201,12367,C02,F,15:00,17:50,1-13,MMW 3420
168,BEng Innovation and Enterprise Engineering,GE1401,8,GE1501,12616,C11,R,12:00,14:50,1-13,YEUNG G4302
168,BEng Innovation and Enterprise Engineering,GE1401,8,GE2304,12651,C01,F,18:00,20:50,1-13,YEUNG P4703
168,BEng Innovation and Enterprise Engineering,GE1401,8,SYE1001,14066,C01,F,14:00,14:50,1-1,YEUNG G5-216
168,BEng Innovation and Enterprise Engineering,GE1401,8,SYE1001,14066,C01,F,14:00,14:50,3-3,YEUNG G5-216
168,BEng Innovation and Enterprise Engineering,GE1401,8,SYE1001,14066,C01,F,14:00,14:50,5-5,YEUNG G5-216
168,BEng Innovation and Enterprise Engineering,GE1401,8,SYE1001,14066,C01,F,14:00,14:50,7-7,YEUNG G5-216
168,BEng Innovation and Enterprise Engineering,GE1401,8,SYE1001,14066,C01,F,14:00,14:50,9-9,YEUNG G5-216
168,BEng Innovation and Enterprise Engineering,GE1401,8,SYE1001,14066,C01,F,14:00,14:50,11-11,YEUNG G5-216
168,BEng Innovation and Enterprise Engineering,GE1401,8,GE1401,15601,T28,R,09:00,11:50,1-13,LI 2306
169,BEng Innovation and Enterprise Engineering,GE1401,8,GE1401,10682,T05,T,12:00,14:50,1-13,LI 2415
169,BEng Innovation and Enterprise Engineering,GE1401,8,PHY1201,11377,T01,T,10:00,10:50,1-13,BOC LT401
169,BEng Innovation and Enterprise Engineering,GE1401,8,MA1200,11787,CA1,F,12:00,13:50,1-13,YEUNG LT-5
169,BEng Innovation and Enterprise Engineering,GE1401,8,MA1200,11787,CA1,W,17:00,18:50,1-13,YEUNG LT-5
169,BEng Innovation and Enterprise Engineering,GE1401,8,MA1200,11792,TA3,T,11:00,11:50,1-13,YEUNG B4702
169,BEng Innovation and Enterprise Engineering,GE1401,8,PHY1201,12178,L02,M,15:00,17:50,1-13,YEUNG P5701
169,BEng Innovation and Enterprise Engineering,GE1401,8,PHY1201,12367,C02,F,15:00,17:50,1-13,MMW 3420
169,BEng Innovation and Enterprise Engineering,GE1401,8,GE1501,12618,C13,R,09:00,11:50,1-13,YEUNG P4701
169,BEng Innovation and Enterprise Engineering,GE1401,8,GE2304,12651,C01,F,18:00,20:50,1-13,YEUNG P4703
169,BEng Innovation and Enterprise Engineering,GE1401,8,SYE1001,14066,C01,F,14:00,14:50,1-1,YEUNG G5-216
169,BEng Innovation and Enterprise Engineering,GE1401,8,SYE1001,14066,C01,F,14:00,14:50,3-3,YEUNG G5-216
169,BEng Innovation and Enterprise Engineering,GE1401,8,SYE1001,14066,C01,F,14:00,14:50,5-5,YEUNG G5-216
169,BEng Innovation and Enterprise Engineering,GE1401,8,SYE1001,14066,C01,F,14:00,14:50,7-7,YEUNG G5-216
169,BEng Innovation and Enterprise Engineering,GE1401,8,SYE1001,14066,C01,F,14:00,14:50,9-9,YEUNG G5-216
169,BEng Innovation and Enterprise Engineering,GE1401,8,SYE1001,14066,C01,F,14:00,14:50,11-11,YEUNG G5-216
170,BEng Innovation and Enterprise Engineering,LC0200A,7,LC0200A,10882,T13,R,09:00,11:50,1-13,LI 1314
170,BEng Innovation and Enterprise Engineering,LC0200A,7,MA1200,11789,CD1,F,12:00,13:50,1-13,YEUNG LT-17
170,BEng Innovation and Enterprise Engineering,LC0200A,7,MA1200,11789,CD1,W,17:00,18:50,1-13,YEUNG LT-17
170,BEng Innovation and Enterprise Engineering,LC0200A,7,MA1200,11796,TD1,M,18:00,18:50,1-13,YEUNG B4702
170,BEng Innovation and Enterprise Engineering,LC0200A,7,PHY1201,12178,L02,M,15:00,17:50,1-13,YEUNG P5701
170,BEng Innovation and Enterprise Engineering,LC0200A,7,PHY1201,12367,C02,F,15:00,17:50,1-13,MMW 3420
170,BEng Innovation and Enterprise Engineering,LC0200A,7,PHY1201,12369,T02,T,13:00,13:50,1-13,LI 2505
170,BEng Innovation and Enterprise Engineering,LC0200A,7,GE1501,12616,C11,R,12:00,14:50,1-13,YEUNG G4302
170,BEng Innovation and Enterprise Engineering,LC0200A,7,GE2304,12651,C01,F,18:00,20:50,1-13,YEUNG P4703
170,BEng Innovation and Enterprise Engineering,LC0200A,7,SYE1001,14066,C01,F,14:00,14:50,1-1,YEUNG G5-216
170,BEng Innovation and Enterprise Engineering,LC0200A,7,SYE1001,14066,C01,F,14:00,14:50,3-3,YEUNG G5-216
170,BEng Innovation and Enterprise Engineering,LC0200A,7,SYE1001,14066,C01,F,14:00,14:50,5-5,YEUNG G5-216
170,BEng Innovation and Enterprise Engineering,LC0200A,7,SYE1001,14066,C01,F,14:00,14:50,7-7,YEUNG G5-216
170,BEng Innovation and Enterprise Engineering,LC0200A,7,SYE1001,14066,C01,F,14:00,14:50,9-9,YEUNG G5-216
170,BEng Innovation and Enterprise Engineering,LC0200A,7,SYE1001,14066,C01,F,14:00,14:50,11-11,YEUNG G5-216
171,BEng Energy Science and Engineering,GE1401,12,CHEM1200,10346,L01,F,14:00,16:50,7-7,YEUNG P4813
171,BEng Energy Science and Engineering,GE1401,12,GE1401,10727,T60,S,09:00,11:50,1-14,LI 1314
171,BEng Energy Science and Engineering,GE1401,12,CHEM1200,11735,C02,W,09:00,11:50,1-13,YEUNG LT-17
171,BEng Energy Science and Engineering,GE1401,12,CHEM1300,11747,C01,R,09:00,10:50,1-13,MMW 2450
171,BEng Energy Science and Engineering,GE1401,12,CHEM1300,11752,T02,M,15:00,16:50,3-3,YEUNG LT-11
171,BEng Energy Science and Engineering,GE1401,12,CHEM1300,11752,T02,M,15:00,16:50,5-5,YEUNG LT-11
171,BEng Energy Science and Engineering,GE1401,12,CHEM1300,11752,T02,M,15:00,16:50,9-9,YEUNG LT-11
171,BEng Energy Science and Engineering,GE1401,12,CHEM1300,11752,T02,M,15:00,16:50,13-13,YEUNG LT-11
171,BEng Energy Science and Engineering,GE1401,12,MA1200,11785,CG1,M,12:00,13:50,1-13,YEUNG LT-5
171,BEng Energy Science and Engineering,GE1401,12,MA1200,11785,CG1,F,17:00,18:50,1-13,YEUNG LT-5
171,BEng Energy Science and Engineering,GE1401,12,MA1200,11806,TG2,R,11:00,11:50,1-13,YEUNG P4302
171,BEng Energy Science and Engineering,GE1401,12,CHEM1300,12098,L02,M,14:00,17:50,4-4,YEUNG P4813
171,BEng Energy Science and Engineering,GE1401,12,CHEM1300,12098,L02,M,14:00,17:50,6-7,YEUNG P4813
171,BEng Energy Science and Engineering,GE1401,12,CHEM1300,12098,L02,M,14:00,17:50,10-11,YEUNG P4813
171,BEng Energy Science and Engineering,GE1401,12,SEE1003,12365,C01,T,09:00,11:50,1-13,YEUNG LT-15
172,BEng Energy Science and Engineering,GE1401,11,GE1401,10708,T34,M,09:00,11:50,1-13,LI 2312
172,BEng Energy Science and Engineering,GE1401,11,CHEM1200,11294,L03,F,14:00,16:50,9-9,YEUNG P4813
172,BEng Energy Science and Engineering,GE1401,11,CHEM1200,11735,C02,W,09:00,11:50,1-13,YEUNG LT-17
172,BEng Energy Science and Engineering,GE1401,11,CHEM1300,11747,C01,R,09:00,10:50,1-13,MMW 2450
172,BEng Energy Science and Engineering,GE1401,11,CHEM1300,11751,T04,T,15:00,16:50,3-3,LI 2614
172,BEng Energy Science and Engineering,GE1401,11,CHEM1300,11751,T04,T,15:00,16:50,5-5,LI 2614
172,BEng Energy Science and Engineering,GE1401,11,CHEM1300,11751,T04,T,15:00,16:50,9-9,LI 2614
172,BEng Energy Science and Engineering,GE1401,11,CHEM1300,11751,T04,T,15:00,16:50,13-13,LI 2614
172,BEng Energy Science and Engineering,GE1401,11,MA1200,11786,CH1,M,12:00,13:50,1-13,YEUNG LT-18
172,BEng Energy Science and Engineering,GE1401,11,MA1200,11786,CH1,F,17:00,18:50,1-13,YEUNG LT-18
172,BEng Energy Science and Engineering,GE1401,11,MA1200,11809,TH2,R,11:00,11:50,1-13,YEUNG B4302
172,BEng Energy Science and Engineering,GE1401,11,CHEM1300,12269,L04,T,14:00,17:50,4-4,YEUNG P4813
172,BEng Energy Science and Engineering,GE1401,11,CHEM1300,12269,L04,T,14:00,17:50,6-7,YEUNG P4813
172,BEng Energy Science and Engineering,GE1401,11,CHEM1300,12269,L04,T,14:00,17:50,10-11,YEUNG P4813
172,BEng Energy Science and Engineering,GE1401,11,SEE1003,12365,C01,T,09:00,11:50,1-13,YEUNG LT-15
173,BEng Energy Science and Engineering,LC0200A,9,CHEM1200,11295,L04,F,14:00,16:50,10-10,YEUNG P4813
173,BEng Energy Science and Engineering,LC0200A,9,CHEM1200,11735,C02,W,09:00,11:50,1-13,YEUNG LT-17
173,BEng Energy Science and Engineering,LC0200A,9,CHEM1300,11747,C01,R,09:00,10:50,1-13,MMW 2450
173,BEng Energy Science and Engineering,LC0200A,9,CHEM1300,11752,T02,M,15:00,16:50,3-3,YEUNG LT-11
173,BEng Energy Science and Engineering,LC0200A,9,CHEM1300,11752,T02,M,15:00,16:50,5-5,YEUNG LT-11
173,BEng Energy Science and Engineering,LC0200A,9,CHEM1300,11752,T02,M,15:00,16:50,9-9,YEUNG LT-11
173,BEng Energy Science and Engineering,LC0200A,9,CHEM1300,11752,T02,M,15:00,16:50,13-13,YEUNG LT-11
173,BEng Energy Science and Engineering,LC0200A,9,MA1200,11784,CF1,M,12:00,13:50,1-13,YEUNG LT-17
173,BEng Energy Science and Engineering,LC0200A,9,MA1200,11784,CF1,F,17:00,18:50,1-13,YEUNG LT-17
173,BEng Energy Science and Engineering,LC0200A,9,MA1200,11803,TF2,R,11:00,11:50,1-13,YEUNG B4702
173,BEng Energy Science and Engineering,LC0200A,9,CHEM1300,12098,L02,M,14:00,17:50,4-4,YEUNG P4813
173,BEng Energy Science and Engineering,LC0200A,9,CHEM1300,12098,L02,M,14:00,17:50,6-7,YEUNG P4813
173,BEng Energy Science and Engineering,LC0200A,9,CHEM1300,12098,L02,M,14:00,17:50,10-11,YEUNG P4813
173,BEng Energy Science and Engineering,LC0200A,9,SEE1003,12365,C01,T,09:00,11:50,1-13,YEUNG LT-15
173,BEng Energy Science and Engineering,LC0200A,9,LC0200A,14950,T18,S,09:00,11:50,1-14,LI 2415
174,BEng Environmental Science and Engineering,GE1401,12,GE1401,10723,T56,S,09:00,11:50,1-14,LI 1312
174,BEng Environmental Science and Engineering,GE1401,12,CHEM1200,11294,L03,F,14:00,16:50,9-9,YEUNG P4813
174,BEng Environmental Science and Engineering,GE1401,12,CHEM1200,11735,C02,W,09:00,11:50,1-13,YEUNG LT-17
174,BEng Environmental Science and Engineering,GE1401,12,CHEM1300,11747,C01,R,09:00,10:50,1-13,MMW 2450
174,BEng Environmental Science and Engineering,GE1401,12,CHEM1300,11755,T01,W,15:00,16:50,3-3,YEUNG LT-11
174,BEng Environmental Science and Engineering,GE1401,12,CHEM1300,11755,T01,W,15:00,16:50,5-5,YEUNG LT-11
174,BEng Environmental Science and Engineering,GE1401,12,CHEM1300,11755,T01,W,15:00,16:50,9-9,YEUNG LT-11
174,BEng Environmental Science and Engineering,GE1401,12,CHEM1300,11755,T01,W,15:00,16:50,13-13,YEUNG LT-11
174,BEng Environmental Science and Engineering,GE1401,12,MA1200,11785,CG1,M,12:00,13:50,1-13,YEUNG LT-5
174,BEng Environmental Science and Engineering,GE1401,12,MA1200,11785,CG1,F,17:00,18:50,1-13,YEUNG LT-5
174,BEng Environmental Science and Engineering,GE1401,12,MA1200,11806,TG2,R,11:00,11:50,1-13,YEUNG P4302
174,BEng Environmental Science and Engineering,GE1401,12,CHEM1300,12098,L02,M,14:00,17:50,4-4,YEUNG P4813
174,BEng Environmental Science and Engineering,GE1401,12,CHEM1300,12098,L02,M,14:00,17:50,6-7,YEUNG P4813
174,BEng Environmental Science and Engineering,GE1401,12,CHEM1300,12098,L02,M,14:00,17:50,10-11,YEUNG P4813
174,BEng Environmental Science and Engineering,GE1401,12,SEE1003,12365,C01,T,09:00,11:50,1-13,YEUNG LT-15
175,BEng Environmental Science and Engineering,GE1401,11,CHEM1200,11092,L02,F,14:00,16:50,8-8,YEUNG P4813
175,BEng Environmental Science and Engineering,GE1401,11,CHEM1200,11735,C02,W,09:00,11:50,1-13,YEUNG LT-17
175,BEng Environmental Science and Engineering,GE1401,11,CHEM1300,11747,C01,R,09:00,10:50,1-13,MMW 2450
175,BEng Environmental Science and Engineering,GE1401,11,CHEM1300,11752,T02,M,15:00,16:50,3-3,YEUNG LT-11
175,BEng Environmental Science and Engineering,GE1401,11,CHEM1300,11752,T02,M,15:00,16:50,5-5,YEUNG LT-11
175,BEng Environmental Science and Engineering,GE1401,11,CHEM1300,11752,T02,M,15:00,16:50,9-9,YEUNG LT-11
175,BEng Environmental Science and Engineering,GE1401,11,CHEM1300,11752,T02,M,15:00,16:50,13-13,YEUNG LT-11
175,BEng Environmental Science and Engineering,GE1401,11,MA1200,11782,CE1,M,12:00,13:50,1-13,YEUNG LT-6
175,BEng Environmental Science and Engineering,GE1401,11,MA1200,11782,CE1,F,17:00,18:50,1-13,YEUNG LT-6
175,BEng Environmental Science and Engineering,GE1401,11,MA1200,11801,TE3,T,12:00,12:50,1-13,YEUNG B4702
175,BEng Environmental Science and Engineering,GE1401,11,CHEM1300,12098,L02,M,14:00,17:50,4-4,YEUNG P4813
175,BEng Environmental Science and Engineering,GE1401,11,CHEM1300,12098,L02,M,14:00,17:50,6-7,YEUNG P4813
175,BEng Environmental Science and Engineering,GE1401,11,CHEM1300,12098,L02,M,14:00,17:50,10-11,YEUNG P4813
175,BEng Environmental Science and Engineering,GE1401,11,SEE1003,12365,C01,T,09:00,11:50,1-13,YEUNG LT-15
175,BEng Environmental Science and Engineering,GE1401,11,GE1401,15183,TC4,M,09:00,11:50,1-13,LI 2415
176,BEng Environmental Science and Engineering,LC0200A,9,CHEM1200,10346,L01,F,14:00,16:50,7-7,YEUNG P4813
176,BEng Environmental Science and Engineering,LC0200A,9,CHEM1200,10384,C01,R,12:00,14:50,1-13,YEUNG LT-17
176,BEng Environmental Science and Engineering,LC0200A,9,LC0200A,10863,T03,M,15:00,17:50,1-13,LI 1402
176,BEng Environmental Science and Engineering,LC0200A,9,CHEM1300,11748,C02,F,09:00,10:50,1-13,MMW 2450
176,BEng Environmental Science and Engineering,LC0200A,9,CHEM1300,11751,T04,T,15:00,16:50,3-3,LI 2614
176,BEng Environmental Science and Engineering,LC0200A,9,CHEM1300,11751,T04,T,15:00,16:50,5-5,LI 2614
176,BEng Environmental Science and Engineering,LC0200A,9,CHEM1300,11751,T04,T,15:00,16:50,9-9,LI 2614
176,BEng Environmental Science and Engineering,LC0200A,9,CHEM1300,11751,T04,T,15:00,16:50,13-13,LI 2614
176,BEng Environmental Science and Engineering,LC0200A,9,MA1200,11787,CA1,F,12:00,13:50,1-13,YEUNG LT-5
176,BEng Environmental Science and Engineering,LC0200A,9,MA1200,11787,CA1,W,17:00,18:50,1-13,YEUNG LT-5
176,BEng Environmental Science and Engineering,LC0200A,9,MA1200,11790,TA1,M,18:00,18:50,1-13,YEUNG B4302
176,BEng Environmental Science and Engineering,LC0200A,9,CHEM1300,12269,L04,T,14:00,17:50,4-4,YEUNG P4813
176,BEng Environmental Science and Engineering,LC0200A,9,CHEM1300,12269,L04,T,14:00,17:50,6-7,YEUNG P4813
176,BEng Environmental Science and Engineering,LC0200A,9,CHEM1300,12269,L04,T,14:00,17:50,10-11,YEUNG P4813
176,BEng Environmental Science and Engineering,LC0200A,9,SEE1003,12366,CA1,T,09:00,11:50,1-13,YEUNG LT-15
177,BSc Environment and Sustainable Business,GE1401,8,CB2100,10190,C01,T,16:00,17:50,1-13,MMW 2450
177,BSc Environment and Sustainable Business,GE1401,8,CB2100,10245,T02,M,17:00,17:50,1-13,YEUNG B5-309
177,BSc Environment and Sustainable Business,GE1401,8,GE1401,11500,T86,M,18:00,20:50,1-13,LI 3500
177,BSc Environment and Sustainable Business,GE1401,8,MA1200,11788,CC1,F,12:00,13:50,1-13,YEUNG LT-6
177,BSc Environment and Sustainable Business,GE1401,8,MA1200,11788,CC1,W,17:00,18:50,1-13,YEUNG LT-6
177,BSc Environment and Sustainable Business,GE1401,8,MA1200,11794,TC2,T,18:00,18:50,1-13,YEUNG P4701
177,BSc Environment and Sustainable Business,GE1401,8,CHEM1300,12268,CA1,R,09:00,10:50,1-13,MMW 2450
177,BSc Environment and Sustainable Business,GE1401,8,CHEM1300,12270,LA1,T,09:00,12:50,4-4,YEUNG P4813
177,BSc Environment and Sustainable Business,GE1401,8,CHEM1300,12270,LA1,T,09:00,12:50,6-7,YEUNG P4813
177,BSc Environment and Sustainable Business,GE1401,8,CHEM1300,12270,LA1,T,09:00,12:50,10-11,YEUNG P4813
177,BSc Environment and Sustainable Business,GE1401,8,CHEM1300,12271,TA1,T,10:00,11:50,3-3,YEUNG LT-11
177,BSc Environment and Sustainable Business,GE1401,8,CHEM1300,12271,TA1,T,10:00,11:50,5-5,YEUNG LT-11
177,BSc Environment and Sustainable Business,GE1401,8,CHEM1300,12271,TA1,T,10:00,11:50,9-9,YEUNG LT-11
177,BSc Environment and Sustainable Business,GE1401,8,CHEM1300,12271,TA1,T,10:00,11:50,13-13,YEUNG LT-11
177,BSc Environment and Sustainable Business,GE1401,8,SEE1005,13142,C61,W,19:00,21:50,1-13,YEUNG B5-310
178,BSc Environment and Sustainable Business,GE1401,8,CB2100,10551,C02,F,15:00,16:50,1-13,YEUNG LT-1
178,BSc Environment and Sustainable Business,GE1401,8,CB2100,11277,T13,M,14:00,14:50,1-13,YEUNG B5-307
178,BSc Environment and Sustainable Business,GE1401,8,MA1200,11785,CG1,M,12:00,13:50,1-13,YEUNG LT-5
178,BSc Environment and Sustainable Business,GE1401,8,MA1200,11785,CG1,F,17:00,18:50,1-13,YEUNG LT-5
178,BSc Environment and Sustainable Business,GE1401,8,MA1200,11806,TG2,R,11:00,11:50,1-13,YEUNG P4302
178,BSc Environment and Sustainable Business,GE1401,8,GE1401,12124,T49,T,15:00,17:50,1-13,LI 2413
178,BSc Environment and Sustainable Business,GE1401,8,CHEM1300,12268,CA1,R,09:00,10:50,1-13,MMW 2450
178,BSc Environment and Sustainable Business,GE1401,8,CHEM1300,12270,LA1,T,09:00,12:50,4-4,YEUNG P4813
178,BSc Environment and Sustainable Business,GE1401,8,CHEM1300,12270,LA1,T,09:00,12:50,6-7,YEUNG P4813
178,BSc Environment and Sustainable Business,GE1401,8,CHEM1300,12270,LA1,T,09:00,12:50,10-11,YEUNG P4813
178,BSc Environment and Sustainable Business,GE1401,8,CHEM1300,12271,TA1,T,10:00,11:50,3-3,YEUNG LT-11
178,BSc Environment and Sustainable Business,GE1401,8,CHEM1300,12271,TA1,T,10:00,11:50,5-5,YEUNG LT-11
178,BSc Environment and Sustainable Business,GE1401,8,CHEM1300,12271,TA1,T,10:00,11:50,9-9,YEUNG LT-11
178,BSc Environment and Sustainable Business,GE1401,8,CHEM1300,12271,TA1,T,10:00,11:50,13-13,YEUNG LT-11
178,BSc Environment and Sustainable Business,GE1401,8,SEE1005,13142,C61,W,19:00,21:50,1-13,YEUNG B5-310
179,BSc Environment and Sustainable Business,LC0200A,7,CB2100,10190,C01,T,16:00,17:50,1-13,MMW 2450
179,BSc Environment and Sustainable Business,LC0200A,7,CB2100,10192,T05,M,14:00,14:50,1-13,YEUNG B5-309
179,BSc Environment and Sustainable Business,LC0200A,7,LC0200A,10889,T21,M,15:00,17:50,1-13,LI 2413
179,BSc Environment and Sustainable Business,LC0200A,7,CHEM1300,11747,C01,R,09:00,10:50,1-13,MMW 2450
179,BSc Environment and Sustainable Business,LC0200A,7,CHEM1300,11756,T05,W,10:00,11:50,3-3,YEUNG LT-11
179,BSc Environment and Sustainable Business,LC0200A,7,CHEM1300,11756,T05,W,10:00,11:50,5-5,YEUNG LT-11
179,BSc Environment and Sustainable Business,LC0200A,7,CHEM1300,11756,T05,W,10:00,11:50,9-9,YEUNG LT-11
179,BSc Environment and Sustainable Business,LC0200A,7,CHEM1300,11756,T05,W,10:00,11:50,13-13,YEUNG LT-11
179,BSc Environment and Sustainable Business,LC0200A,7,MA1200,11787,CA1,F,12:00,13:50,1-13,YEUNG LT-5
179,BSc Environment and Sustainable Business,LC0200A,7,MA1200,11787,CA1,W,17:00,18:50,1-13,YEUNG LT-5
179,BSc Environment and Sustainable Business,LC0200A,7,MA1200,11791,TA2,T,18:00,18:50,1-13,YEUNG Y4302
179,BSc Environment and Sustainable Business,LC0200A,7,CHEM1300,12099,L03,T,09:00,12:50,4-4,YEUNG P4813
179,BSc Environment and Sustainable Business,LC0200A,7,CHEM1300,12099,L03,T,09:00,12:50,6-7,YEUNG P4813
179,BSc Environment and Sustainable Business,LC0200A,7,CHEM1300,12099,L03,T,09:00,12:50,10-11,YEUNG P4813
179,BSc Environment and Sustainable Business,LC0200A,7,SEE1005,13142,C61,W,19:00,21:50,1-13,YEUNG B5-310
180,BSc Chemistry,GE1401,10,MA1300,10342,CA1,F,12:00,13:50,1-13,YEUNG LT-18
180,BSc Chemistry,GE1401,10,MA1300,10342,CA1,W,17:00,18:50,1-13,BOC R4057
180,BSc Chemistry,GE1401,10,CS1102,11710,C02,M,09:00,11:50,1-13,YEUNG LT-17
180,BSc Chemistry,GE1401,10,CS1102,11713,L04,M,14:00,14:50,1-13,YEUNG B7510
180,BSc Chemistry,GE1401,10,MA1300,11764,TA2,T,18:00,18:50,1-13,YEUNG B5-211
180,BSc Chemistry,GE1401,10,CSCI1001,12056,C01,M,12:00,13:50,2-13,MMW 2450
180,BSc Chemistry,GE1401,10,CHEM1300,12268,CA1,R,09:00,10:50,1-13,MMW 2450
180,BSc Chemistry,GE1401,10,CHEM1300,12270,LA1,T,09:00,12:50,4-4,YEUNG P4813
180,BSc Chemistry,GE1401,10,CHEM1300,12270,LA1,T,09:00,12:50,6-7,YEUNG P4813
180,BSc Chemistry,GE1401,10,CHEM1300,12270,LA1,T,09:00,12:50,10-11,YEUNG P4813
180,BSc Chemistry,GE1401,10,CHEM1300,12271,TA1,T,10:00,11:50,3-3,YEUNG LT-11
180,BSc Chemistry,GE1401,10,CHEM1300,12271,TA1,T,10:00,11:50,5-5,YEUNG LT-11
180,BSc Chemistry,GE1401,10,CHEM1300,12271,TA1,T,10:00,11:50,9-9,YEUNG LT-11
180,BSc Chemistry,GE1401,10,CHEM1300,12271,TA1,T,10:00,11:50,13-13,YEUNG LT-11
180,BSc Chemistry,GE1401,10,GE1401,13570,T98,T,15:00,17:50,1-13,LI 1410
181,BSc Chemistry,GE1401,10,MA1300,10342,CA1,F,12:00,13:50,1-13,YEUNG LT-18
181,BSc Chemistry,GE1401,10,MA1300,10342,CA1,W,17:00,18:50,1-13,BOC R4057
181,BSc Chemistry,GE1401,10,CS1102,10541,CA1,M,09:00,11:50,1-13,YEUNG LT-18
181,BSc Chemistry,GE1401,10,CHEM1300,11747,C01,R,09:00,10:50,1-13,MMW 2450
181,BSc Chemistry,GE1401,10,CHEM1300,11752,T02,M,15:00,16:50,3-3,YEUNG LT-11
181,BSc Chemistry,GE1401,10,CHEM1300,11752,T02,M,15:00,16:50,5-5,YEUNG LT-11
181,BSc Chemistry,GE1401,10,CHEM1300,11752,T02,M,15:00,16:50,9-9,YEUNG LT-11
181,BSc Chemistry,GE1401,10,CHEM1300,11752,T02,M,15:00,16:50,13-13,YEUNG LT-11
181,BSc Chemistry,GE1401,10,MA1300,11957,TA3,T,11:00,11:50,1-13,YEUNG B5-310
181,BSc Chemistry,GE1401,10,CS1102,11969,LA2,T,15:00,15:50,1-13,YEUNG B7510
181,BSc Chemistry,GE1401,10,CSCI1001,12056,C01,M,12:00,13:50,2-13,MMW 2450
181,BSc Chemistry,GE1401,10,CHEM1300,12098,L02,M,14:00,17:50,4-4,YEUNG P4813
181,BSc Chemistry,GE1401,10,CHEM1300,12098,L02,M,14:00,17:50,6-7,YEUNG P4813
181,BSc Chemistry,GE1401,10,CHEM1300,12098,L02,M,14:00,17:50,10-11,YEUNG P4813
181,BSc Chemistry,GE1401,10,GE1401,13561,T95,T,12:00,14:50,1-13,LI 2312
182,BSc Chemistry,GE1401,10,MA1300,10342,CA1,F,12:00,13:50,1-13,YEUNG LT-18
182,BSc Chemistry,GE1401,10,MA1300,10342,CA1,W,17:00,18:50,1-13,BOC R4057
182,BSc Chemistry,GE1401,10,CS1102,10775,LB4,M,14:00,14:50,1-13,YEUNG B7510
182,BSc Chemistry,GE1401,10,CS1102,11712,CB2,M,09:00,11:50,1-13,YEUNG LT-17
182,BSc Chemistry,GE1401,10,CHEM1300,11747,C01,R,09:00,10:50,1-13,MMW 2450
182,BSc Chemistry,GE1401,10,CHEM1300,11750,L05,W,09:00,12:50,4-4,YEUNG P4813
182,BSc Chemistry,GE1401,10,CHEM1300,11750,L05,W,09:00,12:50,6-7,YEUNG P4813
182,BSc Chemistry,GE1401,10,CHEM1300,11750,L05,W,09:00,12:50,10-11,YEUNG P4813
182,BSc Chemistry,GE1401,10,CHEM1300,11752,T02,M,15:00,16:50,3-3,YEUNG LT-11
182,BSc Chemistry,GE1401,10,CHEM1300,11752,T02,M,15:00,16:50,5-5,YEUNG LT-11
182,BSc Chemistry,GE1401,10,CHEM1300,11752,T02,M,15:00,16:50,9-9,YEUNG LT-11
182,BSc Chemistry,GE1401,10,CHEM1300,11752,T02,M,15:00,16:50,13-13,YEUNG LT-11
182,BSc Chemistry,GE1401,10,MA1300,11764,TA2,T,18:00,18:50,1-13,YEUNG B5-211
182,BSc Chemistry,GE1401,10,CSCI1001,12056,C01,M,12:00,13:50,2-13,MMW 2450
182,BSc Chemistry,GE1401,10,GE1401,13570,T98,T,15:00,17:50,1-13,LI 1410
183,BSc Chemistry,GE1401,9,MA1300,10342,CA1,F,12:00,13:50,1-13,YEUNG LT-18
183,BSc Chemistry,GE1401,9,MA1300,10342,CA1,W,17:00,18:50,1-13,BOC R4057
183,BSc Chemistry,GE1401,9,CS1102,10541,CA1,M,09:00,11:50,1-13,YEUNG LT-18
183,BSc Chemistry,GE1401,9,CHEM1300,11747,C01,R,09:00,10:50,1-13,MMW 2450
183,BSc Chemistry,GE1401,9,CHEM1300,11750,L05,W,09:00,12:50,4-4,YEUNG P4813
183,BSc Chemistry,GE1401,9,CHEM1300,11750,L05,W,09:00,12:50,6-7,YEUNG P4813
183,BSc Chemistry,GE1401,9,CHEM1300,11750,L05,W,09:00,12:50,10-11,YEUNG P4813
183,BSc Chemistry,GE1401,9,CHEM1300,11752,T02,M,15:00,16:50,3-3,YEUNG LT-11
183,BSc Chemistry,GE1401,9,CHEM1300,11752,T02,M,15:00,16:50,5-5,YEUNG LT-11
183,BSc Chemistry,GE1401,9,CHEM1300,11752,T02,M,15:00,16:50,9-9,YEUNG LT-11
183,BSc Chemistry,GE1401,9,CHEM1300,11752,T02,M,15:00,16:50,13-13,YEUNG LT-11
183,BSc Chemistry,GE1401,9,MA1300,11957,TA3,T,11:00,11:50,1-13,YEUNG B5-310
183,BSc Chemistry,GE1401,9,CS1102,11969,LA2,T,15:00,15:50,1-13,YEUNG B7510
183,BSc Chemistry,GE1401,9,CSCI1001,12056,C01,M,12:00,13:50,2-13,MMW 2450
183,BSc Chemistry,GE1401,9,GE1401,13561,T95,T,12:00,14:50,1-13,LI 2312
184,BSc Chemistry,LC0200A,9,MA1300,10342,CA1,F,12:00,13:50,1-13,YEUNG LT-18
184,BSc Chemistry,LC0200A,9,MA1300,10342,CA1,W,17:00,18:50,1-13,BOC R4057
184,BSc Chemistry,LC0200A,9,LC0200A,11170,T32,F,09:00,11:50,1-13,LI 2413
184,BSc Chemistry,LC0200A,9,CHEM1300,11747,C01,R,09:00,10:50,1-13,MMW 2450
184,BSc Chemistry,LC0200A,9,CHEM1300,11750,L05,W,09:00,12:50,4-4,YEUNG P4813
184,BSc Chemistry,LC0200A,9,CHEM1300,11750,L05,W,09:00,12:50,6-7,YEUNG P4813
184,BSc Chemistry,LC0200A,9,CHEM1300,11750,L05,W,09:00,12:50,10-11,YEUNG P4813
184,BSc Chemistry,LC0200A,9,CHEM1300,11755,T01,W,15:00,16:50,3-3,YEUNG LT-11
184,BSc Chemistry,LC0200A,9,CHEM1300,11755,T01,W,15:00,16:50,5-5,YEUNG LT-11
184,BSc Chemistry,LC0200A,9,CHEM1300,11755,T01,W,15:00,16:50,9-9,YEUNG LT-11
184,BSc Chemistry,LC0200A,9,CHEM1300,11755,T01,W,15:00,16:50,13-13,YEUNG LT-11
184,BSc Chemistry,LC0200A,9,MA1300,11957,TA3,T,11:00,11:50,1-13,YEUNG B5-310
184,BSc Chemistry,LC0200A,9,CSCI1001,12056,C01,M,12:00,13:50,2-13,MMW 2450
184,BSc Chemistry,LC0200A,9,CS1102,12765,LA3,T,12:00,12:50,1-13,YEUNG B7510
184,BSc Chemistry,LC0200A,9,CS1102,15735,CA2,M,09:00,11:50,1-13,YEUNG LT-17
185,BSc Chemistry,LC0200A,9,MA1300,10342,CA1,F,12:00,13:50,1-13,YEUNG LT-18
185,BSc Chemistry,LC0200A,9,MA1300,10342,CA1,W,17:00,18:50,1-13,BOC R4057
185,BSc Chemistry,LC0200A,9,CS1102,10775,LB4,M,14:00,14:50,1-13,YEUNG B7510
185,BSc Chemistry,LC0200A,9,LC0200A,10893,T25,T,15:00,17:50,1-13,YEUNG B4302
185,BSc Chemistry,LC0200A,9,CS1102,11712,CB2,M,09:00,11:50,1-13,YEUNG LT-17
185,BSc Chemistry,LC0200A,9,MA1300,11764,TA2,T,18:00,18:50,1-13,YEUNG B5-211
185,BSc Chemistry,LC0200A,9,CSCI1001,12056,C01,M,12:00,13:50,2-13,MMW 2450
185,BSc Chemistry,LC0200A,9,CHEM1300,12268,CA1,R,09:00,10:50,1-13,MMW 2450
185,BSc Chemistry,LC0200A,9,CHEM1300,12270,LA1,T,09:00,12:50,4-4,YEUNG P4813
185,BSc Chemistry,LC0200A,9,CHEM1300,12270,LA1,T,09:00,12:50,6-7,YEUNG P4813
185,BSc Chemistry,LC0200A,9,CHEM1300,12270,LA1,T,09:00,12:50,10-11,YEUNG P4813
185,BSc Chemistry,LC0200A,9,CHEM1300,12271,TA1,T,10:00,11:50,3-3,YEUNG LT-11
185,BSc Chemistry,LC0200A,9,CHEM1300,12271,TA1,T,10:00,11:50,5-5,YEUNG LT-11
185,BSc Chemistry,LC0200A,9,CHEM1300,12271,TA1,T,10:00,11:50,9-9,YEUNG LT-11
185,BSc Chemistry,LC0200A,9,CHEM1300,12271,TA1,T,10:00,11:50,13-13,YEUNG LT-11
186,BSc Computing Mathematics,GE1401,10,GE1501,10249,C02,T,15:00,17:50,1-13,LI 2513
186,BSc Computing Mathematics,GE1401,10,CS1302,11860,CB1,F,15:00,17:50,1-13,MMW 2450
186,BSc Computing Mathematics,GE1401,10,CSCI1001,12056,C01,M,12:00,13:50,2-13,MMW 2450
186,BSc Computing Mathematics,GE1401,10,CS1302,12216,LB1,R,11:00,11:50,1-13,LI 4412
186,BSc Computing Mathematics,GE1401,10,MA1502,12609,CB1,W,09:00,11:50,1-13,YEUNG LT-18
186,BSc Computing Mathematics,GE1401,10,MA1400,14938,C01,W,12:00,14:50,1-13,YEUNG B4302
186,BSc Computing Mathematics,GE1401,10,MA1400,14939,T01,R,13:00,13:50,1-13,YEUNG B4302
186,BSc Computing Mathematics,GE1401,10,GE1401,15183,TC4,M,09:00,11:50,1-13,LI 2415
187,BSc Computing Mathematics,GE1401,10,CS1302,11860,CB1,F,15:00,17:50,1-13,MMW 2450
187,BSc Computing Mathematics,GE1401,10,CSCI1001,12056,C01,M,12:00,13:50,2-13,MMW 2450
187,BSc Computing Mathematics,GE1401,10,CS1302,12218,LB3,R,12:00,12:50,1-13,LI 4400 + YEUNG B7701
187,BSc Computing Mathematics,GE1401,10,GE1401,12398,T70,R,09:00,11:50,1-13,LI 2413
187,BSc Computing Mathematics,GE1401,10,MA1502,12609,CB1,W,09:00,11:50,1-13,YEUNG LT-18
187,BSc Computing Mathematics,GE1401,10,GE1501,12619,C14,M,09:00,11:50,1-13,YEUNG Y4702
187,BSc Computing Mathematics,GE1401,10,MA1400,14938,C01,W,12:00,14:50,1-13,YEUNG B4302
187,BSc Computing Mathematics,GE1401,10,MA1400,14939,T01,R,13:00,13:50,1-13,YEUNG B4302
188,BSc Computing Mathematics,GE1401,10,CS1302,11860,CB1,F,15:00,17:50,1-13,MMW 2450
188,BSc Computing Mathematics,GE1401,10,CSCI1001,12056,C01,M,12:00,13:50,2-13,MMW 2450
188,BSc Computing Mathematics,GE1401,10,CS1302,12218,LB3,R,12:00,12:50,1-13,LI 4400 + YEUNG B7701
188,BSc Computing Mathematics,GE1401,10,MA1502,12609,CB1,W,09:00,11:50,1-13,YEUNG LT-18
188,BSc Computing Mathematics,GE1401,10,GE1501,12618,C13,R,09:00,11:50,1-13,YEUNG P4701
188,BSc Computing Mathematics,GE1401,10,MA1400,14938,C01,W,12:00,14:50,1-13,YEUNG B4302
188,BSc Computing Mathematics,GE1401,10,MA1400,14939,T01,R,13:00,13:50,1-13,YEUNG B4302
188,BSc Computing Mathematics,GE1401,10,GE1401,15205,TC5,M,09:00,11:50,1-13,LI 2308
189,BSc Computing Mathematics,GE1401,9,GE1401,10701,T25,M,09:00,11:50,1-13,LI 2310
189,BSc Computing Mathematics,GE1401,9,CS1302,11860,CB1,F,15:00,17:50,1-13,MMW 2450
189,BSc Computing Mathematics,GE1401,9,CSCI1001,12056,C01,M,12:00,13:50,2-13,MMW 2450
189,BSc Computing Mathematics,GE1401,9,CS1302,12218,LB3,R,12:00,12:50,1-13,LI 4400 + YEUNG B7701
189,BSc Computing Mathematics,GE1401,9,MA1502,12609,CB1,W,09:00,11:50,1-13,YEUNG LT-18
189,BSc Computing Mathematics,GE1401,9,GE1501,12618,C13,R,09:00,11:50,1-13,YEUNG P4701
189,BSc Computing Mathematics,GE1401,9,MA1400,14938,C01,W,12:00,14:50,1-13,YEUNG B4302
189,BSc Computing Mathematics,GE1401,9,MA1400,14939,T01,R,13:00,13:50,1-13,YEUNG B4302
190,BSc Computing Mathematics,LC0200A,9,LC0200A,10887,T19,M,09:00,11:50,1-13,LI 1314
190,BSc Computing Mathematics,LC0200A,9,CS1302,11860,CB1,F,15:00,17:50,1-13,MMW 2450
190,BSc Computing Mathematics,LC0200A,9,CSCI1001,12056,C01,M,12:00,13:50,2-13,MMW 2450
190,BSc Computing Mathematics,LC0200A,9,CS1302,12218,LB3,R,12:00,12:50,1-13,LI 4400 + YEUNG B7701
190,BSc Computing Mathematics,LC0200A,9,MA1502,12609,CB1,W,09:00,11:50,1-13,YEUNG LT-18
190,BSc Computing Mathematics,LC0200A,9,GE1501,12618,C13,R,09:00,11:50,1-13,YEUNG P4701
190,BSc Computing Mathematics,LC0200A,9,MA1400,14938,C01,W,12:00,14:50,1-13,YEUNG B4302
190,BSc Computing Mathematics,LC0200A,9,MA1400,14939,T01,R,13:00,13:50,1-13,YEUNG B4302
191,BSc Computing Mathematics,LC0200A,9,LC0200A,10887,T19,M,09:00,11:50,1-13,LI 1314
191,BSc Computing Mathematics,LC0200A,9,CS1302,11860,CB1,F,15:00,17:50,1-13,MMW 2450
191,BSc Computing Mathematics,LC0200A,9,CSCI1001,12056,C01,M,12:00,13:50,2-13,MMW 2450
191,BSc Computing Mathematics,LC0200A,9,CS1302,12218,LB3,R,12:00,12:50,1-13,LI 4400 + YEUNG B7701
191,BSc Computing Mathematics,LC0200A,9,MA1502,12609,CB1,W,09:00,11:50,1-13,YEUNG LT-18
191,BSc Computing Mathematics,LC0200A,9,GE1501,12618,C13,R,09:00,11:50,1-13,YEUNG P4701
191,BSc Computing Mathematics,LC0200A,9,MA1400,14938,C01,W,12:00,14:50,1-13,YEUNG B4302
191,BSc Computing Mathematics,LC0200A,9,MA1400,14939,T01,R,13:00,13:50,1-13,YEUNG B4302
192,BSc Physics,GE1401,9,MA1300,10342,CA1,F,12:00,13:50,1-13,YEUNG LT-18
192,BSc Physics,GE1401,9,MA1300,10342,CA1,W,17:00,18:50,1-13,BOC R4057
192,BSc Physics,GE1401,9,GE1401,11494,T76,R,09:00,11:50,1-13,LI 2405
192,BSc Physics,GE1401,9,PHY1101,11832,CA1,T,12:00,13:50,1-13,MMW 2450
192,BSc Physics,GE1401,9,PHY1101,11835,TA1,T,14:00,14:50,1-13,MMW 2450
192,BSc Physics,GE1401,9,CS1302,11860,CB1,F,15:00,17:50,1-13,MMW 2450
192,BSc Physics,GE1401,9,MA1300,11957,TA3,T,11:00,11:50,1-13,YEUNG B5-310
192,BSc Physics,GE1401,9,CSCI1001,12056,C01,M,12:00,13:50,2-13,MMW 2450
192,BSc Physics,GE1401,9,CS1302,12218,LB3,R,12:00,12:50,1-13,LI 4400 + YEUNG B7701
193,BSc Physics,GE1401,9,MA1300,10342,CA1,F,12:00,13:50,1-13,YEUNG LT-18
193,BSc Physics,GE1401,9,MA1300,10342,CA1,W,17:00,18:50,1-13,BOC R4057
193,BSc Physics,GE1401,9,PHY1101,11832,CA1,T,12:00,13:50,1-13,MMW 2450
193,BSc Physics,GE1401,9,PHY1101,11835,TA1,T,14:00,14:50,1-13,MMW 2450
193,BSc Physics,GE1401,9,CS1302,11859,CA1,M,09:00,11:50,1-13,MMW 2450
193,BSc Physics,GE1401,9,MA1300,11957,TA3,T,11:00,11:50,1-13,YEUNG B5-310
193,BSc Physics,GE1401,9,CSCI1001,12056,C01,M,12:00,13:50,2-13,MMW 2450
193,BSc Physics,GE1401,9,CS1302,12215,LA4,M,14:00,14:50,1-13,LI 4400
193,BSc Physics,GE1401,9,GE1401,15601,T28,R,09:00,11:50,1-13,LI 2306
194,BSc Physics,GE1401,8,MA1300,10342,CA1,F,12:00,13:50,1-13,YEUNG LT-18
194,BSc Physics,GE1401,8,MA1300,10342,CA1,W,17:00,18:50,1-13,BOC R4057
194,BSc Physics,GE1401,8,MA1300,11764,TA2,T,18:00,18:50,1-13,YEUNG B5-211
194,BSc Physics,GE1401,8,PHY1101,11832,CA1,T,12:00,13:50,1-13,MMW 2450
194,BSc Physics,GE1401,8,PHY1101,11835,TA1,T,14:00,14:50,1-13,MMW 2450
194,BSc Physics,GE1401,8,CS1302,11859,CA1,M,09:00,11:50,1-13,MMW 2450
194,BSc Physics,GE1401,8,CS1302,11982,LA3,M,15:00,15:50,1-13,LI 4208
194,BSc Physics,GE1401,8,CSCI1001,12056,C01,M,12:00,13:50,2-13,MMW 2450
194,BSc Physics,GE1401,8,GE1401,12124,T49,T,15:00,17:50,1-13,LI 2413
195,BSc Physics,LC0200A,12,MA1300,10342,CA1,F,12:00,13:50,1-13,YEUNG LT-18
195,BSc Physics,LC0200A,12,MA1300,10342,CA1,W,17:00,18:50,1-13,BOC R4057
195,BSc Physics,LC0200A,12,LC0200A,10876,T07,T,15:00,17:50,1-13,LI 1400
195,BSc Physics,LC0200A,12,MA1300,11764,TA2,T,18:00,18:50,1-13,YEUNG B5-211
195,BSc Physics,LC0200A,12,PHY1101,11832,CA1,T,12:00,13:50,1-13,MMW 2450
195,BSc Physics,LC0200A,12,PHY1101,11835,TA1,T,14:00,14:50,1-13,MMW 2450
195,BSc Physics,LC0200A,12,CS1302,11859,CA1,M,09:00,11:50,1-13,MMW 2450
195,BSc Physics,LC0200A,12,CS1302,11982,LA3,M,15:00,15:50,1-13,LI 4208
195,BSc Physics,LC0200A,12,CSCI1001,12056,C01,M,12:00,13:50,2-13,MMW 2450
196,BEng Biomedical Engineering,GE1401,9,CHEM1200,10384,C01,R,12:00,14:50,1-13,YEUNG LT-17
196,BEng Biomedical Engineering,GE1401,9,GE1401,10690,T13,W,15:00,17:50,1-13,LI 2306
196,BEng Biomedical Engineering,GE1401,9,BME2105,10791,C01,M,09:00,11:50,1-13,YEUNG LT-11
196,BEng Biomedical Engineering,GE1401,9,CHEM1200,11092,L02,F,14:00,16:50,8-8,YEUNG P4813
196,BEng Biomedical Engineering,GE1401,9,BME2105,11417,T01,R,10:00,10:50,1-13,
196,BEng Biomedical Engineering,GE1401,9,MA1200,11786,CH1,M,12:00,13:50,1-13,YEUNG LT-18
196,BEng Biomedical Engineering,GE1401,9,MA1200,11786,CH1,F,17:00,18:50,1-13,YEUNG LT-18
196,BEng Biomedical Engineering,GE1401,9,MA1200,11809,TH2,R,11:00,11:50,1-13,YEUNG B4302
196,BEng Biomedical Engineering,GE1401,9,PHY1201,12179,L03,T,15:00,17:50,1-13,YEUNG P5701
196,BEng Biomedical Engineering,GE1401,9,PHY1201,12368,C01,R,15:00,17:50,1-13,CMC M3017
196,BEng Biomedical Engineering,GE1401,9,PHY1201,12369,T02,T,13:00,13:50,1-13,LI 2505
197,BEng Biomedical Engineering,GE1401,9,CHEM1200,10346,L01,F,14:00,16:50,7-7,YEUNG P4813
197,BEng Biomedical Engineering,GE1401,9,CHEM1200,10384,C01,R,12:00,14:50,1-13,YEUNG LT-17
197,BEng Biomedical Engineering,GE1401,9,BME2105,10791,C01,M,09:00,11:50,1-13,YEUNG LT-11
197,BEng Biomedical Engineering,GE1401,9,BME2105,11417,T01,R,10:00,10:50,1-13,
197,BEng Biomedical Engineering,GE1401,9,MA1200,11784,CF1,M,12:00,13:50,1-13,YEUNG LT-17
197,BEng Biomedical Engineering,GE1401,9,MA1200,11784,CF1,F,17:00,18:50,1-13,YEUNG LT-17
197,BEng Biomedical Engineering,GE1401,9,MA1200,11803,TF2,R,11:00,11:50,1-13,YEUNG B4702
197,BEng Biomedical Engineering,GE1401,9,PHY1201,12179,L03,T,15:00,17:50,1-13,YEUNG P5701
197,BEng Biomedical Engineering,GE1401,9,PHY1201,12368,C01,R,15:00,17:50,1-13,CMC M3017
197,BEng Biomedical Engineering,GE1401,9,PHY1201,12369,T02,T,13:00,13:50,1-13,LI 2505
197,BEng Biomedical Engineering,GE1401,9,GE1401,15207,TC7,W,12:00,14:50,1-13,LI 2407
198,BEng Biomedical Engineering,GE1401,8,CHEM1200,10384,C01,R,12:00,14:50,1-13,YEUNG LT-17
198,BEng Biomedical Engineering,GE1401,8,GE1401,10690,T13,W,15:00,17:50,1-13,LI 2306
198,BEng Biomedical Engineering,GE1401,8,BME2105,10791,C01,M,09:00,11:50,1-13,YEUNG LT-11
198,BEng Biomedical Engineering,GE1401,8,CHEM1200,11295,L04,F,14:00,16:50,10-10,YEUNG P4813
198,BEng Biomedical Engineering,GE1401,8,BME2105,11417,T01,R,10:00,10:50,1-13,
198,BEng Biomedical Engineering,GE1401,8,MA1200,11782,CE1,M,12:00,13:50,1-13,YEUNG LT-6
198,BEng Biomedical Engineering,GE1401,8,MA1200,11782,CE1,F,17:00,18:50,1-13,YEUNG LT-6
198,BEng Biomedical Engineering,GE1401,8,MA1200,11800,TE2,R,11:00,11:50,1-13,YEUNG P4704
198,BEng Biomedical Engineering,GE1401,8,PHY1201,12179,L03,T,15:00,17:50,1-13,YEUNG P5701
198,BEng Biomedical Engineering,GE1401,8,PHY1201,12368,C01,R,15:00,17:50,1-13,CMC M3017
198,BEng Biomedical Engineering,GE1401,8,PHY1201,12369,T02,T,13:00,13:50,1-13,LI 2505
199,BEng Biomedical Engineering,LC0200A,11,CHEM1200,10346,L01,F,14:00,16:50,7-7,YEUNG P4813
199,BEng Biomedical Engineering,LC0200A,11,CHEM1200,10384,C01,R,12:00,14:50,1-13,YEUNG LT-17
199,BEng Biomedical Engineering,LC0200A,11,BME2105,10791,C01,M,09:00,11:50,1-13,YEUNG LT-11
199,BEng Biomedical Engineering,LC0200A,11,LC0200A,10878,T09,W,09:00,11:50,1-13,LI 2306
199,BEng Biomedical Engineering,LC0200A,11,BME2105,11417,T01,R,10:00,10:50,1-13,
199,BEng Biomedical Engineering,LC0200A,11,MA1200,11784,CF1,M,12:00,13:50,1-13,YEUNG LT-17
199,BEng Biomedical Engineering,LC0200A,11,MA1200,11784,CF1,F,17:00,18:50,1-13,YEUNG LT-17
199,BEng Biomedical Engineering,LC0200A,11,MA1200,11803,TF2,R,11:00,11:50,1-13,YEUNG B4702
199,BEng Biomedical Engineering,LC0200A,11,PHY1201,12180,L04,W,12:00,14:50,1-13,YEUNG P5701
199,BEng Biomedical Engineering,LC0200A,11,PHY1201,12368,C01,R,15:00,17:50,1-13,CMC M3017
199,BEng Biomedical Engineering,LC0200A,11,PHY1201,12369,T02,T,13:00,13:50,1-13,LI 2505
200,BSc Biological Sciences,GE1401,11,GE1501,10249,C02,T,15:00,17:50,1-13,LI 2513
200,BSc Biological Sciences,GE1401,11,GE1401,10704,T29,F,09:00,11:50,1-13,LI 2409
200,BSc Biological Sciences,GE1401,11,CHEM1200,11295,L04,F,14:00,16:50,10-10,YEUNG P4813
200,BSc Biological Sciences,GE1401,11,BMS1901,11330,C01,M,13:00,14:50,1-13,YEUNG LT-11
200,BSc Biological Sciences,GE1401,11,BMS1901,11470,L02,M,15:00,15:50,1-13,LI 4400
200,BSc Biological Sciences,GE1401,11,CHEM1200,11735,C02,W,09:00,11:50,1-13,YEUNG LT-17
200,BSc Biological Sciences,GE1401,11,CHEM1300,12268,CA1,R,09:00,10:50,1-13,MMW 2450
200,BSc Biological Sciences,GE1401,11,CHEM1300,12270,LA1,T,09:00,12:50,4-4,YEUNG P4813
200,BSc Biological Sciences,GE1401,11,CHEM1300,12270,LA1,T,09:00,12:50,6-7,YEUNG P4813
200,BSc Biological Sciences,GE1401,11,CHEM1300,12270,LA1,T,09:00,12:50,10-11,YEUNG P4813
200,BSc Biological Sciences,GE1401,11,CHEM1300,12271,TA1,T,10:00,11:50,3-3,YEUNG LT-11
200,BSc Biological Sciences,GE1401,11,CHEM1300,12271,TA1,T,10:00,11:50,5-5,YEUNG LT-11
200,BSc Biological Sciences,GE1401,11,CHEM1300,12271,TA1,T,10:00,11:50,9-9,YEUNG LT-11
200,BSc Biological Sciences,GE1401,11,CHEM1300,12271,TA1,T,10:00,11:50,13-13,YEUNG LT-11
201,BSc Biological Sciences,GE1401,11,GE1501,10257,CA1,R,15:00,17:50,1-13,YEUNG LT-11
201,BSc Biological Sciences,GE1401,11,GE1401,10689,T12,T,16:00,18:50,1-13,LI 2312
201,BSc Biological Sciences,GE1401,11,CHEM1200,11294,L03,F,14:00,16:50,9-9,YEUNG P4813
201,BSc Biological Sciences,GE1401,11,BMS1901,11330,C01,M,13:00,14:50,1-13,YEUNG LT-11
201,BSc Biological Sciences,GE1401,11,BMS1901,11470,L02,M,15:00,15:50,1-13,LI 4400
201,BSc Biological Sciences,GE1401,11,CHEM1200,11735,C02,W,09:00,11:50,1-13,YEUNG LT-17
201,BSc Biological Sciences,GE1401,11,CHEM1300,11748,C02,F,09:00,10:50,1-13,MMW 2450
201,BSc Biological Sciences,GE1401,11,CHEM1300,11755,T01,W,15:00,16:50,3-3,YEUNG LT-11
201,BSc Biological Sciences,GE1401,11,CHEM1300,11755,T01,W,15:00,16:50,5-5,YEUNG LT-11
201,BSc Biological Sciences,GE1401,11,CHEM1300,11755,T01,W,15:00,16:50,9-9,YEUNG LT-11
201,BSc Biological Sciences,GE1401,11,CHEM1300,11755,T01,W,15:00,16:50,13-13,YEUNG LT-11
201,BSc Biological Sciences,GE1401,11,CHEM1300,12100,L01,W,14:00,17:50,4-4,YEUNG P4813
201,BSc Biological Sciences,GE1401,11,CHEM1300,12100,L01,W,14:00,17:50,6-7,YEUNG P4813
201,BSc Biological Sciences,GE1401,11,CHEM1300,12100,L01,W,14:00,17:50,10-11,YEUNG P4813
202,BSc Biological Sciences,GE1401,11,GE1501,10254,C06,R,16:00,18:50,1-13,YEUNG G4302
202,BSc Biological Sciences,GE1401,11,CHEM1200,11092,L02,F,14:00,16:50,8-8,YEUNG P4813
202,BSc Biological Sciences,GE1401,11,BMS1901,11330,C01,M,13:00,14:50,1-13,YEUNG LT-11
202,BSc Biological Sciences,GE1401,11,BMS1901,11470,L02,M,15:00,15:50,1-13,LI 4400
202,BSc Biological Sciences,GE1401,11,CHEM1200,11735,C02,W,09:00,11:50,1-13,YEUNG LT-17
202,BSc Biological Sciences,GE1401,11,CHEM1300,11748,C02,F,09:00,10:50,1-13,MMW 2450
202,BSc Biological Sciences,GE1401,11,CHEM1300,11751,T04,T,15:00,16:50,3-3,LI 2614
202,BSc Biological Sciences,GE1401,11,CHEM1300,11751,T04,T,15:00,16:50,5-5,LI 2614
202,BSc Biological Sciences,GE1401,11,CHEM1300,11751,T04,T,15:00,16:50,9-9,LI 2614
202,BSc Biological Sciences,GE1401,11,CHEM1300,11751,T04,T,15:00,16:50,13-13,LI 2614
202,BSc Biological Sciences,GE1401,11,CHEM1300,12269,L04,T,14:00,17:50,4-4,YEUNG P4813
202,BSc Biological Sciences,GE1401,11,CHEM1300,12269,L04,T,14:00,17:50,6-7,YEUNG P4813
202,BSc Biological Sciences,GE1401,11,CHEM1300,12269,L04,T,14:00,17:50,10-11,YEUNG P4813
202,BSc Biological Sciences,GE1401,11,GE1401,12396,T46,T,09:00,11:50,1-13,LI 2312
203,BSc Biological Sciences,LC0200A,8,CHEM1200,10346,L01,F,14:00,16:50,7-7,YEUNG P4813
203,BSc Biological Sciences,LC0200A,8,LC0200A,10876,T07,T,15:00,17:50,1-13,LI 1400
203,BSc Biological Sciences,LC0200A,8,BMS1901,11330,C01,M,13:00,14:50,1-13,YEUNG LT-11
203,BSc Biological Sciences,LC0200A,8,BMS1901,11331,L01,M,15:00,15:50,1-13,LAU 7-209
203,BSc Biological Sciences,LC0200A,8,CHEM1200,11735,C02,W,09:00,11:50,1-13,YEUNG LT-17
203,BSc Biological Sciences,LC0200A,8,CHEM1300,11748,C02,F,09:00,10:50,1-13,MMW 2450
203,BSc Biological Sciences,LC0200A,8,CHEM1300,11755,T01,W,15:00,16:50,3-3,YEUNG LT-11
203,BSc Biological Sciences,LC0200A,8,CHEM1300,11755,T01,W,15:00,16:50,5-5,YEUNG LT-11
203,BSc Biological Sciences,LC0200A,8,CHEM1300,11755,T01,W,15:00,16:50,9-9,YEUNG LT-11
203,BSc Biological Sciences,LC0200A,8,CHEM1300,11755,T01,W,15:00,16:50,13-13,YEUNG LT-11
203,BSc Biological Sciences,LC0200A,8,CHEM1300,12100,L01,W,14:00,17:50,4-4,YEUNG P4813
203,BSc Biological Sciences,LC0200A,8,CHEM1300,12100,L01,W,14:00,17:50,6-7,YEUNG P4813
203,BSc Biological Sciences,LC0200A,8,CHEM1300,12100,L01,W,14:00,17:50,10-11,YEUNG P4813
203,BSc Biological Sciences,LC0200A,8,GE1501,12618,C13,R,09:00,11:50,1-13,YEUNG P4701
204,BSc Biological Sciences,LC0200A,7,GE1501,10249,C02,T,15:00,17:50,1-13,LI 2513
204,BSc Biological Sciences,LC0200A,7,CHEM1200,10346,L01,F,14:00,16:50,7-7,YEUNG P4813
204,BSc Biological Sciences,LC0200A,7,LC0200A,10882,T13,R,09:00,11:50,1-13,LI 1314
204,BSc Biological Sciences,LC0200A,7,BMS1901,11330,C01,M,13:00,14:50,1-13,YEUNG LT-11
204,BSc Biological Sciences,LC0200A,7,BMS1901,11470,L02,M,15:00,15:50,1-13,LI 4400
204,BSc Biological Sciences,LC0200A,7,CHEM1200,11735,C02,W,09:00,11:50,1-13,YEUNG LT-17
204,BSc Biological Sciences,LC0200A,7,CHEM1300,11748,C02,F,09:00,10:50,1-13,MMW 2450
204,BSc Biological Sciences,LC0200A,7,CHEM1300,11754,T03,T,10:00,11:50,3-3,YEUNG LT-11
204,BSc Biological Sciences,LC0200A,7,CHEM1300,11754,T03,T,10:00,11:50,5-5,YEUNG LT-11
204,BSc Biological Sciences,LC0200A,7,CHEM1300,11754,T03,T,10:00,11:50,9-9,YEUNG LT-11
204,BSc Biological Sciences,LC0200A,7,CHEM1300,11754,T03,T,10:00,11:50,13-13,YEUNG LT-11
204,BSc Biological Sciences,LC0200A,7,CHEM1300,12100,L01,W,14:00,17:50,4-4,YEUNG P4813
204,BSc Biological Sciences,LC0200A,7,CHEM1300,12100,L01,W,14:00,17:50,6-7,YEUNG P4813
204,BSc Biological Sciences,LC0200A,7,CHEM1300,12100,L01,W,14:00,17:50,10-11,YEUNG P4813
205,BSc Biomedical Sciences,GE1401,11,GE1401,10689,T12,T,16:00,18:50,1-13,LI 2312
205,BSc Biomedical Sciences,GE1401,11,CHEM1200,11295,L04,F,14:00,16:50,10-10,YEUNG P4813
205,BSc Biomedical Sciences,GE1401,11,BMS1901,11330,C01,M,13:00,14:50,1-13,YEUNG LT-11
205,BSc Biomedical Sciences,GE1401,11,BMS1901,11470,L02,M,15:00,15:50,1-13,LI 4400
205,BSc Biomedical Sciences,GE1401,11,CHEM1200,11735,C02,W,09:00,11:50,1-13,YEUNG LT-17
205,BSc Biomedical Sciences,GE1401,11,CHEM1300,11748,C02,F,09:00,10:50,1-13,MMW 2450
205,BSc Biomedical Sciences,GE1401,11,CHEM1300,11754,T03,T,10:00,11:50,3-3,YEUNG LT-11
205,BSc Biomedical Sciences,GE1401,11,CHEM1300,11754,T03,T,10:00,11:50,5-5,YEUNG LT-11
205,BSc Biomedical Sciences,GE1401,11,CHEM1300,11754,T03,T,10:00,11:50,9-9,YEUNG LT-11
205,BSc Biomedical Sciences,GE1401,11,CHEM1300,11754,T03,T,10:00,11:50,13-13,YEUNG LT-11
205,BSc Biomedical Sciences,GE1401,11,CHEM1300,12100,L01,W,14:00,17:50,4-4,YEUNG P4813
205,BSc Biomedical Sciences,GE1401,11,CHEM1300,12100,L01,W,14:00,17:50,6-7,YEUNG P4813
205,BSc Biomedical Sciences,GE1401,11,CHEM1300,12100,L01,W,14:00,17:50,10-11,YEUNG P4813
205,BSc Biomedical Sciences,GE1401,11,GE1501,12618,C13,R,09:00,11:50,1-13,YEUNG P4701
206,BSc Biomedical Sciences,GE1401,11,GE1501,10249,C02,T,15:00,17:50,1-13,LI 2513
206,BSc Biomedical Sciences,GE1401,11,CHEM1200,10384,C01,R,12:00,14:50,1-13,YEUNG LT-17
206,BSc Biomedical Sciences,GE1401,11,CHEM1200,11092,L02,F,14:00,16:50,8-8,YEUNG P4813
206,BSc Biomedical Sciences,GE1401,11,BMS1901,11330,C01,M,13:00,14:50,1-13,YEUNG LT-11
206,BSc Biomedical Sciences,GE1401,11,BMS1901,11331,L01,M,15:00,15:50,1-13,LAU 7-209
206,BSc Biomedical Sciences,GE1401,11,CHEM1300,11748,C02,F,09:00,10:50,1-13,MMW 2450
206,BSc Biomedical Sciences,GE1401,11,CHEM1300,11756,T05,W,10:00,11:50,3-3,YEUNG LT-11
206,BSc Biomedical Sciences,GE1401,11,CHEM1300,11756,T05,W,10:00,11:50,5-5,YEUNG LT-11
206,BSc Biomedical Sciences,GE1401,11,CHEM1300,11756,T05,W,10:00,11:50,9-9,YEUNG LT-11
206,BSc Biomedical Sciences,GE1401,11,CHEM1300,11756,T05,W,10:00,11:50,13-13,YEUNG LT-11
206,BSc Biomedical Sciences,GE1401,11,CHEM1300,12099,L03,T,09:00,12:50,4-4,YEUNG P4813
206,BSc Biomedical Sciences,GE1401,11,CHEM1300,12099,L03,T,09:00,12:50,6-7,YEUNG P4813
206,BSc Biomedical Sciences,GE1401,11,CHEM1300,12099,L03,T,09:00,12:50,10-11,YEUNG P4813
206,BSc Biomedical Sciences,GE1401,11,GE1401,15207,TC7,W,12:00,14:50,1-13,LI 2407
207,BSc Biomedical Sciences,GE1401,11,GE1501,10254,C06,R,16:00,18:50,1-13,YEUNG G4302
207,BSc Biomedical Sciences,GE1401,11,CHEM1200,11295,L04,F,14:00,16:50,10-10,YEUNG P4813
207,BSc Biomedical Sciences,GE1401,11,BMS1901,11330,C01,M,13:00,14:50,1-13,YEUNG LT-11
207,BSc Biomedical Sciences,GE1401,11,BMS1901,11331,L01,M,15:00,15:50,1-13,LAU 7-209
207,BSc Biomedical Sciences,GE1401,11,CHEM1200,11735,C02,W,09:00,11:50,1-13,YEUNG LT-17
207,BSc Biomedical Sciences,GE1401,11,CHEM1300,11748,C02,F,09:00,10:50,1-13,MMW 2450
207,BSc Biomedical Sciences,GE1401,11,CHEM1300,11751,T04,T,15:00,16:50,3-3,LI 2614
207,BSc Biomedical Sciences,GE1401,11,CHEM1300,11751,T04,T,15:00,16:50,5-5,LI 2614
207,BSc Biomedical Sciences,GE1401,11,CHEM1300,11751,T04,T,15:00,16:50,9-9,LI 2614
207,BSc Biomedical Sciences,GE1401,11,CHEM1300,11751,T04,T,15:00,16:50,13-13,LI 2614
207,BSc Biomedical Sciences,GE1401,11,CHEM1300,12269,L04,T,14:00,17:50,4-4,YEUNG P4813
207,BSc Biomedical Sciences,GE1401,11,CHEM1300,12269,L04,T,14:00,17:50,6-7,YEUNG P4813
207,BSc Biomedical Sciences,GE1401,11,CHEM1300,12269,L04,T,14:00,17:50,10-11,YEUNG P4813
207,BSc Biomedical Sciences,GE1401,11,GE1401,14270,TB7,T,09:00,11:50,1-13,LI 2405
208,BSc Biomedical Sciences,LC0200A,8,LC0200A,10865,T05,T,09:00,11:50,1-13,LI 1310
208,BSc Biomedical Sciences,LC0200A,8,CHEM1200,11295,L04,F,14:00,16:50,10-10,YEUNG P4813
208,BSc Biomedical Sciences,LC0200A,8,BMS1901,11330,C01,M,13:00,14:50,1-13,YEUNG LT-11
208,BSc Biomedical Sciences,LC0200A,8,BMS1901,11331,L01,M,15:00,15:50,1-13,LAU 7-209
208,BSc Biomedical Sciences,LC0200A,8,CHEM1200,11735,C02,W,09:00,11:50,1-13,YEUNG LT-17
208,BSc Biomedical Sciences,LC0200A,8,CHEM1300,11747,C01,R,09:00,10:50,1-13,MMW 2450
208,BSc Biomedical Sciences,LC0200A,8,CHEM1300,11755,T01,W,15:00,16:50,3-3,YEUNG LT-11
208,BSc Biomedical Sciences,LC0200A,8,CHEM1300,11755,T01,W,15:00,16:50,5-5,YEUNG LT-11
208,BSc Biomedical Sciences,LC0200A,8,CHEM1300,11755,T01,W,15:00,16:50,9-9,YEUNG LT-11
208,BSc Biomedical Sciences,LC0200A,8,CHEM1300,11755,T01,W,15:00,16:50,13-13,YEUNG LT-11
208,BSc Biomedical Sciences,LC0200A,8,CHEM1300,12269,L04,T,14:00,17:50,4-4,YEUNG P4813
208,BSc Biomedical Sciences,LC0200A,8,CHEM1300,12269,L04,T,14:00,17:50,6-7,YEUNG P4813
208,BSc Biomedical Sciences,LC0200A,8,CHEM1300,12269,L04,T,14:00,17:50,10-11,YEUNG P4813
208,BSc Biomedical Sciences,LC0200A,8,GE1501,12620,C15,F,09:00,11:50,1-13,YEUNG G4702
209,BSc Biomedical Sciences,LC0200A,7,LC0200A,10877,T08,T,16:00,18:50,1-13,LI 1402
209,BSc Biomedical Sciences,LC0200A,7,CHEM1200,11092,L02,F,14:00,16:50,8-8,YEUNG P4813
209,BSc Biomedical Sciences,LC0200A,7,GE1501,11157,CB1,R,15:00,17:50,1-13,YEUNG LT-11
209,BSc Biomedical Sciences,LC0200A,7,BMS1901,11330,C01,M,13:00,14:50,1-13,YEUNG LT-11
209,BSc Biomedical Sciences,LC0200A,7,BMS1901,11470,L02,M,15:00,15:50,1-13,LI 4400
209,BSc Biomedical Sciences,LC0200A,7,CHEM1200,11735,C02,W,09:00,11:50,1-13,YEUNG LT-17
209,BSc Biomedical Sciences,LC0200A,7,CHEM1300,11748,C02,F,09:00,10:50,1-13,MMW 2450
209,BSc Biomedical Sciences,LC0200A,7,CHEM1300,11754,T03,T,10:00,11:50,3-3,YEUNG LT-11
209,BSc Biomedical Sciences,LC0200A,7,CHEM1300,11754,T03,T,10:00,11:50,5-5,YEUNG LT-11
209,BSc Biomedical Sciences,LC0200A,7,CHEM1300,11754,T03,T,10:00,11:50,9-9,YEUNG LT-11
209,BSc Biomedical Sciences,LC0200A,7,CHEM1300,11754,T03,T,10:00,11:50,13-13,YEUNG LT-11
209,BSc Biomedical Sciences,LC0200A,7,CHEM1300,12100,L01,W,14:00,17:50,4-4,YEUNG P4813
209,BSc Biomedical Sciences,LC0200A,7,CHEM1300,12100,L01,W,14:00,17:50,6-7,YEUNG P4813
209,BSc Biomedical Sciences,LC0200A,7,CHEM1300,12100,L01,W,14:00,17:50,10-11,YEUNG P4813
210,Bachelor of Veterinary Medicine,GE1401,12,GE1401,10693,T16,F,09:00,11:50,1-13,LI 2306
210,Bachelor of Veterinary Medicine,GE1401,12,VM2001,11078,C01,M,09:00,10:50,1-13,YEUNG P4704
210,Bachelor of Veterinary Medicine,GE1401,12,VM2001,11080,T01,M,11:00,11:50,1-13,YEUNG P4704
210,Bachelor of Veterinary Medicine,GE1401,12,VM2102,11412,L01,W,09:00,12:50,1-13,YEUNG B5-310
210,Bachelor of Veterinary Medicine,GE1401,12,VM2102,11413,T01,W,13:00,14:50,1-13,YEUNG B5-310
210,Bachelor of Veterinary Medicine,GE1401,12,VM2102,11413,T01,W,15:00,17:50,1-13,YEUNG B5-310
210,Bachelor of Veterinary Medicine,GE1401,12,VM2102,11414,C01,T,13:00,14:50,1-13,YEUNG B5-310
210,Bachelor of Veterinary Medicine,GE1401,12,VM2102,11414,C01,T,15:00,17:50,1-13,YEUNG B5-310
211,Bachelor of Veterinary Medicine,LC0200A,5,VM2001,11078,C01,M,09:00,10:50,1-13,YEUNG P4704
211,Bachelor of Veterinary Medicine,LC0200A,5,VM2001,11080,T01,M,11:00,11:50,1-13,YEUNG P4704
211,Bachelor of Veterinary Medicine,LC0200A,5,LC0200A,11170,T32,F,09:00,11:50,1-13,LI 2413
211,Bachelor of Veterinary Medicine,LC0200A,5,VM2102,11412,L01,W,09:00,12:50,1-13,YEUNG B5-310
211,Bachelor of Veterinary Medicine,LC0200A,5,VM2102,11413,T01,W,13:00,14:50,1-13,YEUNG B5-310
211,Bachelor of Veterinary Medicine,LC0200A,5,VM2102,11413,T01,W,15:00,17:50,1-13,YEUNG B5-310
211,Bachelor of Veterinary Medicine,LC0200A,5,VM2102,11414,C01,T,13:00,14:50,1-13,YEUNG B5-310
211,Bachelor of Veterinary Medicine,LC0200A,5,VM2102,11414,C01,T,15:00,17:50,1-13,YEUNG B5-310
212,BA English,GE1401,9,EN2714,10513,T01,M,09:00,11:50,1-13,CMC M4001
212,BA English,GE1401,9,GE1401,11499,T85,F,12:00,14:50,1-13,LI 2312
213,BA English,GE1401,8,EN2714,10513,T01,M,09:00,11:50,1-13,CMC M4001
213,BA English,GE1401,8,GE1401,10682,T05,T,12:00,14:50,1-13,LI 2415
214,BA English,GE1401,8,EN2714,10513,T01,M,09:00,11:50,1-13,CMC M4001
214,BA English,GE1401,8,GE1401,10716,T47,F,12:00,14:50,1-13,LI 1410
215,BA English,LC0200A,10,EN2714,10513,T01,M,09:00,11:50,1-13,CMC M4001
215,BA English,LC0200A,10,LC0200A,11975,T35,F,16:00,18:50,1-13,LI 1410
216,BA Chinese and History,GE1401,11,GE1401,10684,T07,W,12:00,14:50,1-13,LI 2310
216,BA Chinese and History,GE1401,11,CAH2610,11008,C02,M,12:00,14:50,1-13,LI 2614
216,BA Chinese and History,GE1401,11,CAH2614,11920,CA1,R,12:00,14:50,1-13,YEUNG LT-7
217,BA Chinese and History,GE1401,11,CAH2610,11008,C02,M,12:00,14:50,1-13,LI 2614
217,BA Chinese and History,GE1401,11,GE1401,11499,T85,F,12:00,14:50,1-13,LI 2312
217,BA Chinese and History,GE1401,11,CAH2614,11920,CA1,R,12:00,14:50,1-13,YEUNG LT-7
218,BA Chinese and History,GE1401,11,GE1401,10710,T37,T,09:00,11:50,1-13,LI 2407
218,BA Chinese and History,GE1401,11,CAH2610,11008,C02,M,12:00,14:50,1-13,LI 2614
218,BA Chinese and History,GE1401,11,CAH2614,11920,CA1,R,12:00,14:50,1-13,YEUNG LT-7
219,BA Chinese and History,LC0200A,8,CAH2610,11008,C02,M,12:00,14:50,1-13,LI 2614
219,BA Chinese and History,LC0200A,8,CAH2614,11920,CA1,R,12:00,14:50,1-13,YEUNG LT-7
219,BA Chinese and History,LC0200A,8,LC0200A,11975,T35,F,16:00,18:50,1-13,LI 1410
220,BA Chinese and History,LC0200A,7,LC0200A,10881,T12,W,16:00,18:50,1-13,LI 1312
220,BA Chinese and History,LC0200A,7,CAH2610,11008,C02,M,12:00,14:50,1-13,LI 2614
220,BA Chinese and History,LC0200A,7,CAH2614,11920,CA1,R,12:00,14:50,1-13,YEUNG LT-7
221,BA Linguistics and Language Applications,GE1401,9,LT1101,10838,CA1,F,15:00,17:50,1-13,YEUNG LT-11
221,BA Linguistics and Language Applications,GE1401,9,GE1401,12399,T72,T,09:00,11:50,1-13,LI 2409
221,BA Linguistics and Language Applications,GE1401,9,GE1501,12622,C16,W,09:00,11:50,1-13,YEUNG P4703
222,BA Linguistics and Language Applications,GE1401,9,LT1101,10838,CA1,F,15:00,17:50,1-13,YEUNG LT-11
222,BA Linguistics and Language Applications,GE1401,9,GE1501,11157,CB1,R,15:00,17:50,1-13,YEUNG LT-11
222,BA Linguistics and Language Applications,GE1401,9,GE1401,12733,T62,W,09:00,11:50,1-13,LI 2407
223,BA Linguistics and Language Applications,GE1401,8,GE1501,10249,C02,T,15:00,17:50,1-13,LI 2513
223,BA Linguistics and Language Applications,GE1401,8,LT1101,10838,CA1,F,15:00,17:50,1-13,YEUNG LT-11
223,BA Linguistics and Language Applications,GE1401,8,GE1401,15601,T28,R,09:00,11:50,1-13,LI 2306
224,BA Linguistics and Language Applications,LC0200A,12,GE1501,10254,C06,R,16:00,18:50,1-13,YEUNG G4302
224,BA Linguistics and Language Applications,LC0200A,12,LT1101,10838,CA1,F,15:00,17:50,1-13,YEUNG LT-11
224,BA Linguistics and Language Applications,LC0200A,12,LC0200A,10877,T08,T,16:00,18:50,1-13,LI 1402
225,BA Media and Communication,GE1401,12,GE1401,10680,T03,F,15:00,17:50,1-13,LI 2108
225,BA Media and Communication,GE1401,12,COM2105,11637,CD1,F,12:00,14:50,1-13,CMC M3090
226,BA Media and Communication,GE1401,12,GE1401,10724,T57,T,09:00,11:50,1-13,LI 2308
226,BA Media and Communication,GE1401,12,COM2105,11637,CD1,F,12:00,14:50,1-13,CMC M3090
227,BA Media and Communication,GE1401,11,COM2105,11637,CD1,F,12:00,14:50,1-13,CMC M3090
227,BA Media and Communication,GE1401,11,GE1401,13573,TB2,W,16:00,18:50,1-13,LI 2413
228,BA Media and Communication,GE1401,11,COM2105,11637,CD1,F,12:00,14:50,1-13,CMC M3090
228,BA Media and Communication,GE1401,11,GE1401,15182,TC3,T,09:00,11:50,1-13,LI 2310
229,BA Media and Communication,LC0200A,10,LC0200A,10885,T16,F,15:00,17:50,1-13,LI 1400
229,BA Media and Communication,LC0200A,10,COM2105,11637,CD1,F,12:00,14:50,1-13,CMC M3090
230,BA Media and Communication,LC0200A,10,LC0200A,10883,T14,F,09:00,11:50,1-13,LI 1310
230,BA Media and Communication,LC0200A,10,COM2105,11637,CD1,F,12:00,14:50,1-13,CMC M3090
231,BA Digital Television and Broadcasting,GE1401,10,GE1401,11496,T79,T,16:00,18:50,1-13,LI 2306
231,BA Digital Television and Broadcasting,GE1401,10,COM2105,11637,CD1,F,12:00,14:50,1-13,CMC M3090
232,BA Digital Television and Broadcasting,GE1401,9,GE1401,11497,T81,T,12:00,14:50,1-13,LI 2310
232,BA Digital Television and Broadcasting,GE1401,9,COM2105,11637,CD1,F,12:00,14:50,1-13,CMC M3090
233,BA Digital Television and Broadcasting,LC0200A,8,LC0200A,10895,T27,W,09:00,11:50,1-13,LI 1314
233,BA Digital Television and Broadcasting,LC0200A,8,COM2105,11637,CD1,F,12:00,14:50,1-13,CMC M3090
234,BSocSc International Relations and Global Affairs,GE1401,11,GE1401,10718,T50,F,12:00,14:50,1-13,LI 2413
234,BSocSc International Relations and Global Affairs,GE1401,11,PIA2050,12612,CA1,W,16:00,18:50,1-13,YEUNG LT-13
235,BSocSc International Relations and Global Affairs,GE1401,11,PIA2050,12612,CA1,W,16:00,18:50,1-13,YEUNG LT-13
235,BSocSc International Relations and Global Affairs,GE1401,11,GE1401,14271,TB8,R,09:00,11:50,1-13,LI 2407
236,BSocSc International Relations and Global Affairs,GE1401,11,GE1401,10683,T06,F,09:00,11:50,1-13,LI 2407
236,BSocSc International Relations and Global Affairs,GE1401,11,PIA2050,12612,CA1,W,16:00,18:50,1-13,YEUNG LT-13
237,BSocSc International Relations and Global Affairs,LC0200A,8,LC0200A,10841,T01,M,09:00,11:50,1-13,LI 2306
237,BSocSc International Relations and Global Affairs,LC0200A,8,PIA2050,12614,CB1,W,16:00,18:50,1-13,YEUNG LT-13
238,BSocSc International Relations and Global Affairs,LC0200A,7,LC0200A,11976,T37,R,09:00,11:50,1-13,LI 1402
238,BSocSc International Relations and Global Affairs,LC0200A,7,PIA2050,12614,CB1,W,16:00,18:50,1-13,YEUNG LT-13
239,BSocSc Public Affairs and Management,GE1401,10,PIA2530,10861,CA1,T,09:00,11:50,1-13,LI 5012
239,BSocSc Public Affairs and Management,GE1401,10,PIA2307,11055,CA1,W,09:00,11:50,1-13,LI 1507
239,BSocSc Public Affairs and Management,GE1401,10,GE1401,15603,T73,F,16:00,18:50,1-13,LI 2409
240,BSocSc Public Affairs and Management,GE1401,10,GE1401,10702,T27,F,12:00,14:50,1-13,LI 2415
240,BSocSc Public Affairs and Management,GE1401,10,PIA2530,10861,CA1,T,09:00,11:50,1-13,LI 5012
240,BSocSc Public Affairs and Management,GE1401,10,PIA2307,11055,CA1,W,09:00,11:50,1-13,LI 1507
241,BSocSc Public Affairs and Management,GE1401,10,GE1401,10702,T27,F,12:00,14:50,1-13,LI 2415
241,BSocSc Public Affairs and Management,GE1401,10,PIA2530,10861,CA1,T,09:00,11:50,1-13,LI 5012
241,BSocSc Public Affairs and Management,GE1401,10,PIA2307,11055,CA1,W,09:00,11:50,1-13,LI 1507
242,BSocSc Public Affairs and Management,GE1401,9,PIA2530,10861,CA1,T,09:00,11:50,1-13,LI 5012
242,BSocSc Public Affairs and Management,GE1401,9,PIA2307,11055,CA1,W,09:00,11:50,1-13,LI 1507
242,BSocSc Public Affairs and Management,GE1401,9,GE1401,13263,T92,M,09:00,11:50,1-13,LI 2409
243,BSocSc Public Affairs and Management,LC0200A,9,PIA2530,10861,CA1,T,09:00,11:50,1-13,LI 5012
243,BSocSc Public Affairs and Management,LC0200A,9,LC0200A,10889,T21,M,15:00,17:50,1-13,LI 2413
243,BSocSc Public Affairs and Management,LC0200A,9,PIA2307,11055,CA1,W,09:00,11:50,1-13,LI 1507
244,BSocSc Public Affairs and Management,LC0200A,9,PIA2530,10861,CA1,T,09:00,11:50,1-13,LI 5012
244,BSocSc Public Affairs and Management,LC0200A,9,LC0200A,10886,T17,F,16:00,18:50,1-13,LI 2407
244,BSocSc Public Affairs and Management,LC0200A,9,PIA2307,11055,CA1,W,09:00,11:50,1-13,LI 1507
245,BSocSc Crime Science,GE1401,10,GE1401,10706,T31,R,18:00,20:50,1-13,LI 2306
245,BSocSc Crime Science,GE1401,10,SS1011,10999,C01,F,09:00,11:50,1-10,LI 6606
245,BSocSc Crime Science,GE1401,10,SS1011,11001,T01,F,09:00,11:50,11-13,YEUNG Y5-203
245,BSocSc Crime Science,GE1401,10,SS1101,11006,C01,W,12:00,14:50,1-13,YEUNG LT-10
246,BSocSc Crime Science,GE1401,10,GE1401,10724,T57,T,09:00,11:50,1-13,LI 2308
246,BSocSc Crime Science,GE1401,10,SS1011,10999,C01,F,09:00,11:50,1-10,LI 6606
246,BSocSc Crime Science,GE1401,10,SS1011,11005,T05,F,09:00,11:50,11-13,YEUNG Y5-303
246,BSocSc Crime Science,GE1401,10,SS1101,11172,CM1,W,12:00,14:50,1-13,YEUNG LT-10
247,BSocSc Crime Science,LC0200A,8,LC0200A,10864,T04,M,16:00,18:50,1-13,LI 1410
247,BSocSc Crime Science,LC0200A,8,SS1011,10999,C01,F,09:00,11:50,1-10,LI 6606
247,BSocSc Crime Science,LC0200A,8,SS1011,11002,T02,F,09:00,11:50,11-13,YEUNG Y5-204
247,BSocSc Crime Science,LC0200A,8,SS1101,11006,C01,W,12:00,14:50,1-13,YEUNG LT-10
248,BSocSc Psychology,GE1401,12,GE1401,10681,T04,M,16:00,18:50,1-13,LI 2306
248,BSocSc Psychology,GE1401,12,SS1011,10999,C01,F,09:00,11:50,1-10,LI 6606
248,BSocSc Psychology,GE1401,12,SS1011,11004,T04,F,09:00,11:50,11-13,YEUNG Y5-304
248,BSocSc Psychology,GE1401,12,SS1101,11006,C01,W,12:00,14:50,1-13,YEUNG LT-10
249,BSocSc Psychology,GE1401,12,GE1401,10685,T08,R,09:00,11:50,1-13,LI 2108
249,BSocSc Psychology,GE1401,12,SS1011,10999,C01,F,09:00,11:50,1-10,LI 6606
249,BSocSc Psychology,GE1401,12,SS1011,11002,T02,F,09:00,11:50,11-13,YEUNG Y5-204
249,BSocSc Psychology,GE1401,12,SS1101,11006,C01,W,12:00,14:50,1-13,YEUNG LT-10
250,BSocSc Psychology,GE1401,12,SS1011,10999,C01,F,09:00,11:50,1-10,LI 6606
250,BSocSc Psychology,GE1401,12,SS1011,11003,T03,F,09:00,11:50,11-13,YEUNG Y5-305
250,BSocSc Psychology,GE1401,12,SS1101,11006,C01,W,12:00,14:50,1-13,YEUNG LT-10
250,BSocSc Psychology,GE1401,12,GE1401,15206,TC6,M,15:00,17:50,1-13,LI 2108
251,BSocSc Psychology,LC0200A,8,LC0200A,10894,T26,T,16:00,18:50,1-13,LI 2108
251,BSocSc Psychology,LC0200A,8,SS1011,10999,C01,F,09:00,11:50,1-10,LI 6606
251,BSocSc Psychology,LC0200A,8,SS1011,11001,T01,F,09:00,11:50,11-13,YEUNG Y5-203
251,BSocSc Psychology,LC0200A,8,SS1101,11006,C01,W,12:00,14:50,1-13,YEUNG LT-10
252,BSocSc Psychology,LC0200A,7,LC0200A,10889,T21,M,15:00,17:50,1-13,LI 2413
252,BSocSc Psychology,LC0200A,7,SS1011,10999,C01,F,09:00,11:50,1-10,LI 6606
252,BSocSc Psychology,LC0200A,7,SS1011,11003,T03,F,09:00,11:50,11-13,YEUNG Y5-305
252,BSocSc Psychology,LC0200A,7,SS1101,11006,C01,W,12:00,14:50,1-13,YEUNG LT-10
253,BSocSc Social Work,GE1401,10,GE1401,10710,T37,T,09:00,11:50,1-13,LI 2407
253,BSocSc Social Work,GE1401,10,SS1011,10999,C01,F,09:00,11:50,1-10,LI 6606
253,BSocSc Social Work,GE1401,10,SS1011,11005,T05,F,09:00,11:50,11-13,YEUNG Y5-303
253,BSocSc Social Work,GE1401,10,SS1101,11006,C01,W,12:00,14:50,1-13,YEUNG LT-10
254,BSocSc Social Work,GE1401,10,SS1011,10999,C01,F,09:00,11:50,1-10,LI 6606
254,BSocSc Social Work,GE1401,10,SS1011,11005,T05,F,09:00,11:50,11-13,YEUNG Y5-303
254,BSocSc Social Work,GE1401,10,SS1101,11006,C01,W,12:00,14:50,1-13,YEUNG LT-10
254,BSocSc Social Work,GE1401,10,GE1401,12398,T70,R,09:00,11:50,1-13,LI 2413
255,BSocSc Social Work,GE1401,10,GE1401,10688,T11,T,12:00,14:50,1-13,LI 2409
255,BSocSc Social Work,GE1401,10,SS1011,10999,C01,F,09:00,11:50,1-10,LI 6606
255,BSocSc Social Work,GE1401,10,SS1011,11003,T03,F,09:00,11:50,11-13,YEUNG Y5-305
255,BSocSc Social Work,GE1401,10,SS1101,11007,CJ1,W,12:00,14:50,1-13,YEUNG LT-10
256,BSocSc Social Work,LC0200A,7,LC0200A,10890,T22,M,16:00,18:50,1-13,LI 2312
256,BSocSc Social Work,LC0200A,7,SS1011,10999,C01,F,09:00,11:50,1-10,LI 6606
256,BSocSc Social Work,LC0200A,7,SS1011,11004,T04,F,09:00,11:50,11-13,YEUNG Y5-304
256,BSocSc Social Work,LC0200A,7,SS1101,11006,C01,W,12:00,14:50,1-13,YEUNG LT-10
257,BSocSc Social Work,LC0200A,6,LC0200A,10890,T22,M,16:00,18:50,1-13,LI 2312
257,BSocSc Social Work,LC0200A,6,SS1011,10999,C01,F,09:00,11:50,1-10,LI 6606
257,BSocSc Social Work,LC0200A,6,SS1011,11002,T02,F,09:00,11:50,11-13,YEUNG Y5-204
257,BSocSc Social Work,LC0200A,6,SS1101,11172,CM1,W,12:00,14:50,1-13,YEUNG LT-10
258,BA Creative Media,GE1401,10,SM1701,12135,CA1,F,12:00,14:50,1-13,CMC M9001
258,BA Creative Media,GE1401,10,GE1401,13263,T92,M,09:00,11:50,1-13,LI 2409
258,BA Creative Media,GE1401,10,SM1103A,15048,C04,R,09:00,11:50,1-13,CMC M7024
258,BA Creative Media,GE1401,10,SM1702A,15381,C01,M,12:00,12:50,1-13,CMC M9001
258,BA Creative Media,GE1401,10,SM1702A,15387,L06,T,12:00,14:50,1-13,CMC M6042 + CMC M6052 + CMC M6075
259,BA Creative Media,GE1401,10,SM1103A,11198,C01,W,16:00,18:50,1-13,CMC M7024
259,BA Creative Media,GE1401,10,GE1401,11495,T77,M,09:00,11:50,1-13,LI 2407
259,BA Creative Media,GE1401,10,SM1701,12134,C02,R,15:00,17:50,1-13,CMC M9001
259,BA Creative Media,GE1401,10,SM1702A,15381,C01,M,12:00,12:50,1-13,CMC M9001
259,BA Creative Media,GE1401,10,SM1702A,15385,L04,T,12:00,14:50,1-13,CMC M6042 + CMC M6052 + CMC M6075
260,BA Creative Media,GE1401,10,GE1401,10708,T34,M,09:00,11:50,1-13,LI 2312
260,BA Creative Media,GE1401,10,SM1103A,11198,C01,W,16:00,18:50,1-13,CMC M7024
260,BA Creative Media,GE1401,10,SM1701,12134,C02,R,15:00,17:50,1-13,CMC M9001
260,BA Creative Media,GE1401,10,SM1702A,15381,C01,M,12:00,12:50,1-13,CMC M9001
260,BA Creative Media,GE1401,10,SM1702A,15386,L05,T,12:00,14:50,1-13,CMC M6042 + CMC M6052 + CMC M6075
261,BA Creative Media,GE1401,9,GE1401,10696,T20,M,09:00,11:50,1-13,LI 2405
261,BA Creative Media,GE1401,9,SM1103A,11199,C02,F,09:00,11:50,1-13,CMC M7024
261,BA Creative Media,GE1401,9,SM1701,12134,C02,R,15:00,17:50,1-13,CMC M9001
261,BA Creative Media,GE1401,9,SM1702A,15381,C01,M,12:00,12:50,1-13,CMC M9001
261,BA Creative Media,GE1401,9,SM1702A,15387,L06,T,12:00,14:50,1-13,CMC M6042 + CMC M6052 + CMC M6075
262,BA Creative Media,LC0200A,9,LC0200A,11170,T32,F,09:00,11:50,1-13,LI 2413
262,BA Creative Media,LC0200A,9,SM1103A,11200,C03,W,12:00,14:50,1-13,CMC M7024
262,BA Creative Media,LC0200A,9,SM1701,12134,C02,R,15:00,17:50,1-13,CMC M9001
262,BA Creative Media,LC0200A,9,SM1702A,15381,C01,M,12:00,12:50,1-13,CMC M9001
262,BA Creative Media,LC0200A,9,SM1702A,15382,L01,M,09:00,11:50,1-13,CMC M6042 + CMC M6052 + CMC M6075
263,BA Creative Media,LC0200A,8,LC0200A,10894,T26,T,16:00,18:50,1-13,LI 2108
263,BA Creative Media,LC0200A,8,SM1103A,11199,C02,F,09:00,11:50,1-13,CMC M7024
263,BA Creative Media,LC0200A,8,SM1701,12134,C02,R,15:00,17:50,1-13,CMC M9001
263,BA Creative Media,LC0200A,8,SM1702A,15381,C01,M,12:00,12:50,1-13,CMC M9001
263,BA Creative Media,LC0200A,8,SM1702A,15384,L03,M,09:00,11:50,1-13,CMC M6042 + CMC M6052 + CMC M6075
264,BSc Creative Media,GE1401,9,GE1401,10730,T64,W,12:00,14:50,1-13,LI 2312
264,BSc Creative Media,GE1401,9,SM2714,10986,C02,T,12:00,14:50,1-13,CMC M7024
264,BSc Creative Media,GE1401,9,CS1103B,11249,L01,R,12:00,14:50,1-13,LAU 7-209
264,BSc Creative Media,GE1401,9,SM1701,11745,C01,F,12:00,14:50,1-13,CMC M9001
264,BSc Creative Media,GE1401,9,SM1702A,15381,C01,M,12:00,12:50,1-13,CMC M9001
264,BSc Creative Media,GE1401,9,SM1702A,15384,L03,M,09:00,11:50,1-13,CMC M6042 + CMC M6052 + CMC M6075
265,BSc Creative Media,GE1401,9,SM2714,10986,C02,T,12:00,14:50,1-13,CMC M7024
265,BSc Creative Media,GE1401,9,CS1103B,11249,L01,R,12:00,14:50,1-13,LAU 7-209
265,BSc Creative Media,GE1401,9,SM1701,11745,C01,F,12:00,14:50,1-13,CMC M9001
265,BSc Creative Media,GE1401,9,GE1401,15180,TC1,W,12:00,14:50,1-13,LI 2306
265,BSc Creative Media,GE1401,9,SM1702A,15381,C01,M,12:00,12:50,1-13,CMC M9001
265,BSc Creative Media,GE1401,9,SM1702A,15383,L02,M,09:00,11:50,1-13,CMC M6042 + CMC M6052 + CMC M6075
266,BSc Creative Media,GE1401,8,GE1401,10690,T13,W,15:00,17:50,1-13,LI 2306
266,BSc Creative Media,GE1401,8,SM2714,10986,C02,T,12:00,14:50,1-13,CMC M7024
266,BSc Creative Media,GE1401,8,CS1103B,11249,L01,R,12:00,14:50,1-13,LAU 7-209
266,BSc Creative Media,GE1401,8,SM1701,11745,C01,F,12:00,14:50,1-13,CMC M9001
266,BSc Creative Media,GE1401,8,SM1702A,15381,C01,M,12:00,12:50,1-13,CMC M9001
266,BSc Creative Media,GE1401,8,SM1702A,15384,L03,M,09:00,11:50,1-13,CMC M6042 + CMC M6052 + CMC M6075
267,BSc Creative Media,LC0200A,11,LC0200A,10880,T11,W,15:00,17:50,1-13,LI 1310
267,BSc Creative Media,LC0200A,11,SM2714,10986,C02,T,12:00,14:50,1-13,CMC M7024
267,BSc Creative Media,LC0200A,11,CS1103B,11249,L01,R,12:00,14:50,1-13,LAU 7-209
267,BSc Creative Media,LC0200A,11,SM1701,11745,C01,F,12:00,14:50,1-13,CMC M9001
267,BSc Creative Media,LC0200A,11,SM1702A,15381,C01,M,12:00,12:50,1-13,CMC M9001
267,BSc Creative Media,LC0200A,11,SM1702A,15383,L02,M,09:00,11:50,1-13,CMC M6042 + CMC M6052 + CMC M6075
268,BAS New Media,GE1401,10,SM1103A,11198,C01,W,16:00,18:50,1-13,CMC M7024
268,BAS New Media,GE1401,10,GE1401,11495,T77,M,09:00,11:50,1-13,LI 2407
268,BAS New Media,GE1401,10,SM1701,12134,C02,R,15:00,17:50,1-13,CMC M9001
268,BAS New Media,GE1401,10,SM1702A,15381,C01,M,12:00,12:50,1-13,CMC M9001
268,BAS New Media,GE1401,10,SM1702A,15386,L05,T,12:00,14:50,1-13,CMC M6042 + CMC M6052 + CMC M6075
269,BAS New Media,GE1401,9,GE1401,10696,T20,M,09:00,11:50,1-13,LI 2405
269,BAS New Media,GE1401,9,SM1103A,11199,C02,F,09:00,11:50,1-13,CMC M7024
269,BAS New Media,GE1401,9,SM1701,12134,C02,R,15:00,17:50,1-13,CMC M9001
269,BAS New Media,GE1401,9,SM1702A,15381,C01,M,12:00,12:50,1-13,CMC M9001
269,BAS New Media,GE1401,9,SM1702A,15385,L04,T,12:00,14:50,1-13,CMC M6042 + CMC M6052 + CMC M6075
270,BAS New Media,LC0200A,8,LC0200A,10876,T07,T,15:00,17:50,1-13,LI 1400
270,BAS New Media,LC0200A,8,SM1103A,11199,C02,F,09:00,11:50,1-13,CMC M7024
270,BAS New Media,LC0200A,8,SM1701,12134,C02,R,15:00,17:50,1-13,CMC M9001
270,BAS New Media,LC0200A,8,SM1702A,15381,C01,M,12:00,12:50,1-13,CMC M9001
270,BAS New Media,LC0200A,8,SM1702A,15382,L01,M,09:00,11:50,1-13,CMC M6042 + CMC M6052 + CMC M6075
271,Bachelor of Laws (incl. LLB double degrees),GE1401,12,LW2601,10058,CA1,T,10:00,11:50,1-13,YEUNG LT-1
271,Bachelor of Laws (incl. LLB double degrees),GE1401,12,LW2603A,10107,CA1,R,12:00,13:50,1-13,LAU LT-501
271,Bachelor of Laws (incl. LLB double degrees),GE1401,12,LW2603A,10111,TA2,T,12:00,13:50,1-13,YEUNG B5-309
271,Bachelor of Laws (incl. LLB double degrees),GE1401,12,LW2602A,10379,CA1,F,09:00,10:50,1-13,LAU LT-501
271,Bachelor of Laws (incl. LLB double degrees),GE1401,12,LW2602A,13563,TA4,R,14:00,15:50,1-13,YEUNG B5-309
271,Bachelor of Laws (incl. LLB double degrees),GE1401,12,GE1401,13573,TB2,W,16:00,18:50,1-13,LI 2413
271,Bachelor of Laws (incl. LLB double degrees),GE1401,12,LW2601,13579,TA5,M,10:00,10:50,1-13,YEUNG B5-209
272,Bachelor of Laws (incl. LLB double degrees),GE1401,12,LW2601,10058,CA1,T,10:00,11:50,1-13,YEUNG LT-1
272,Bachelor of Laws (incl. LLB double degrees),GE1401,12,LW2603A,10126,CB1,R,12:00,13:50,1-13,LAU LT-501
272,Bachelor of Laws (incl. LLB double degrees),GE1401,12,LW2602A,10379,CA1,F,09:00,10:50,1-13,LAU LT-501
272,Bachelor of Laws (incl. LLB double degrees),GE1401,12,GE1401,10686,T09,W,09:00,11:50,1-13,LI 2415
272,Bachelor of Laws (incl. LLB double degrees),GE1401,12,LW2602A,12665,TA3,R,14:00,15:50,1-13,LI 1400
272,Bachelor of Laws (incl. LLB double degrees),GE1401,12,LW2601,13578,TA4,M,13:00,13:50,1-13,YEUNG B5-207
272,Bachelor of Laws (incl. LLB double degrees),GE1401,12,LW2603A,13881,TB2,T,12:00,13:50,1-13,YEUNG B5-309
273,Bachelor of Laws (incl. LLB double degrees),GE1401,12,LW2601,10058,CA1,T,10:00,11:50,1-13,YEUNG LT-1
273,Bachelor of Laws (incl. LLB double degrees),GE1401,12,LW2602A,10109,CB1,F,09:00,10:50,1-13,LAU LT-501
273,Bachelor of Laws (incl. LLB double degrees),GE1401,12,GE1401,10681,T04,M,16:00,18:50,1-13,LI 2306
273,Bachelor of Laws (incl. LLB double degrees),GE1401,12,LW2603A,11183,CC1,R,12:00,13:50,1-13,LAU LT-501
273,Bachelor of Laws (incl. LLB double degrees),GE1401,12,LW2603A,11184,TC1,W,16:00,17:50,1-13,YEUNG B5-209
273,Bachelor of Laws (incl. LLB double degrees),GE1401,12,LW2602A,13864,TB2,F,11:00,12:50,1-13,YEUNG B5-309
273,Bachelor of Laws (incl. LLB double degrees),GE1401,12,LW2601,15005,TA7,S,11:00,11:50,1-14,YEUNG B5-207
274,Bachelor of Laws (incl. LLB double degrees),GE1401,12,LW2601,10058,CA1,T,10:00,11:50,1-13,YEUNG LT-1
274,Bachelor of Laws (incl. LLB double degrees),GE1401,12,LW2601,10059,TA1,S,12:00,12:50,1-14,YEUNG B5-207
274,Bachelor of Laws (incl. LLB double degrees),GE1401,12,LW2603A,10107,CA1,R,12:00,13:50,1-13,LAU LT-501
274,Bachelor of Laws (incl. LLB double degrees),GE1401,12,GE1401,10357,T01,S,09:00,11:50,1-14,LI 1404
274,Bachelor of Laws (incl. LLB double degrees),GE1401,12,LW2602A,10379,CA1,F,09:00,10:50,1-13,LAU LT-501
274,Bachelor of Laws (incl. LLB double degrees),GE1401,12,LW2603A,14534,TA5,W,14:00,15:50,1-13,YEUNG B5-307
274,Bachelor of Laws (incl. LLB double degrees),GE1401,12,LW2602A,15010,TA5,M,16:00,17:50,1-13,YEUNG Y5-202
275,Bachelor of Laws (incl. LLB double degrees),GE1401,11,LW2601,10058,CA1,T,10:00,11:50,1-13,YEUNG LT-1
275,Bachelor of Laws (incl. LLB double degrees),GE1401,11,LW2603A,10107,CA1,R,12:00,13:50,1-13,LAU LT-501
275,Bachelor of Laws (incl. LLB double degrees),GE1401,11,LW2602A,10379,CA1,F,09:00,10:50,1-13,LAU LT-501
275,Bachelor of Laws (incl. LLB double degrees),GE1401,11,GE1401,12119,T18,M,16:00,18:50,1-13,LI 2409
275,Bachelor of Laws (incl. LLB double degrees),GE1401,11,LW2602A,13563,TA4,R,14:00,15:50,1-13,YEUNG B5-309
275,Bachelor of Laws (incl. LLB double degrees),GE1401,11,LW2601,14533,TA6,S,10:00,10:50,1-14,YEUNG B5-207
275,Bachelor of Laws (incl. LLB double degrees),GE1401,11,LW2603A,14534,TA5,W,14:00,15:50,1-13,YEUNG B5-307
276,Bachelor of Laws (incl. LLB double degrees),LC0200A,9,LW2601,10058,CA1,T,10:00,11:50,1-13,YEUNG LT-1
276,Bachelor of Laws (incl. LLB double degrees),LC0200A,9,LW2603A,10107,CA1,R,12:00,13:50,1-13,LAU LT-501
276,Bachelor of Laws (incl. LLB double degrees),LC0200A,9,LW2603A,10110,TA1,T,13:00,14:50,1-13,YEUNG Y5-204
276,Bachelor of Laws (incl. LLB double degrees),LC0200A,9,LW2602A,10379,CA1,F,09:00,10:50,1-13,LAU LT-501
276,Bachelor of Laws (incl. LLB double degrees),LC0200A,9,LW2602A,10380,TA2,F,11:00,12:50,1-13,YEUNG B5-309
276,Bachelor of Laws (incl. LLB double degrees),LC0200A,9,LC0200A,10841,T01,M,09:00,11:50,1-13,LI 2306
276,Bachelor of Laws (incl. LLB double degrees),LC0200A,9,LW2601,12155,TA3,M,12:00,12:50,1-13,YEUNG B5-207
277,Bachelor of Laws (incl. LLB double degrees),LC0200A,9,LW2601,10058,CA1,T,10:00,11:50,1-13,YEUNG LT-1
277,Bachelor of Laws (incl. LLB double degrees),LC0200A,9,LW2601,10060,TA2,M,13:00,13:50,1-13,YEUNG B5-307
277,Bachelor of Laws (incl. LLB double degrees),LC0200A,9,LW2603A,10107,CA1,R,12:00,13:50,1-13,LAU LT-501
277,Bachelor of Laws (incl. LLB double degrees),LC0200A,9,LW2602A,10379,CA1,F,09:00,10:50,1-13,LAU LT-501
277,Bachelor of Laws (incl. LLB double degrees),LC0200A,9,LC0200A,10875,T06,T,12:00,14:50,1-13,LI 2306
277,Bachelor of Laws (incl. LLB double degrees),LC0200A,9,LW2602A,12665,TA3,R,14:00,15:50,1-13,LI 1400
277,Bachelor of Laws (incl. LLB double degrees),LC0200A,9,LW2603A,12898,TA4,T,15:00,16:50,1-13,YEUNG B5-309
278,Bachelor of Laws (incl. LLB double degrees),LC0200A,9,LW2601,10058,CA1,T,10:00,11:50,1-13,YEUNG LT-1
278,Bachelor of Laws (incl. LLB double degrees),LC0200A,9,LW2603A,10112,TB1,T,13:00,14:50,1-13,YEUNG Y5-204
278,Bachelor of Laws (incl. LLB double degrees),LC0200A,9,LW2603A,10126,CB1,R,12:00,13:50,1-13,LAU LT-501
278,Bachelor of Laws (incl. LLB double degrees),LC0200A,9,LW2602A,10379,CA1,F,09:00,10:50,1-13,LAU LT-501
278,Bachelor of Laws (incl. LLB double degrees),LC0200A,9,LC0200A,10882,T13,R,09:00,11:50,1-13,LI 1314
278,Bachelor of Laws (incl. LLB double degrees),LC0200A,9,LW2601,14533,TA6,S,10:00,10:50,1-14,YEUNG B5-207
278,Bachelor of Laws (incl. LLB double degrees),LC0200A,9,LW2602A,15010,TA5,M,16:00,17:50,1-13,YEUNG Y5-202
