student,major,english,course,crn,section
0,BBA Accountancy,GE1401,CB2100,10457,CA2
0,BBA Accountancy,GE1401,CB2201,10678,C05
0,BBA Accountancy,GE1401,GE1401,11504,T90
0,BBA Accountancy,GE1401,CB2601,12306,CA4
0,BBA Accountancy,GE1401,CB2300,12535,S04
0,BBA Accountancy,GE1401,CB2100,12576,TA1
1,BBA Accountancy,GE1401,CB2100,10191,T04
1,BBA Accountancy,GE1401,CB2201,10340,C02
1,BBA Accountancy,GE1401,CB2100,10551,C02
1,BBA Accountancy,GE1401,GE1401,10717,T48
1,BBA Accountancy,GE1401,CB2601,12560,C05
1,BBA Accountancy,GE1401,CB2300,13958,SB3
2,BBA Accountancy,GE1401,CB2601,10334,C04
2,BBA Accountancy,GE1401,GE1401,11494,T76
2,BBA Accountancy,GE1401,CB2100,12574,CB1
2,BBA Accountancy,GE1401,CB2100,12575,TB1
2,BBA Accountancy,GE1401,CB2201,14827,C06
2,BBA Accountancy,GE1401,CB2300,14881,SC2
3,BBA Accountancy,GE1401,CB2100,10244,T01
3,BBA Accountancy,GE1401,CB2201,10339,C01
3,BBA Accountancy,GE1401,CB2100,10551,C02
3,BBA Accountancy,GE1401,GE1401,11499,T85
3,BBA Accountancy,GE1401,CB2601,12305,C01
3,BBA Accountancy,GE1401,CB2300,12536,S05
4,BBA Accountancy,GE1401,CB2100,10191,T04
4,BBA Accountancy,GE1401,CB2100,10551,C02
4,BBA Accountancy,GE1401,CB2201,10678,C05
4,BBA Accountancy,GE1401,CB2300,12535,S04
4,BBA Accountancy,GE1401,CB2601,12561,CC5
4,BBA Accountancy,GE1401,GE1401,14271,TB8
5,BBA Accountancy,GE1401,CB2100,10555,TA5
5,BBA Accountancy,GE1401,CB2201,10792,C04
5,BBA Accountancy,GE1401,CB2100,11077,CA1
5,BBA Accountancy,GE1401,GE1401,12126,T67
5,BBA Accountancy,GE1401,CB2601,12561,CC5
5,BBA Accountancy,GE1401,CB2300,14880,SC1
6,BBA Accountancy,GE1401,CB2100,10246,T03
6,BBA Accountancy,GE1401,CB2201,10339,C01
6,BBA Accountancy,GE1401,CB2100,10551,C02
6,BBA Accountancy,GE1401,GE1401,10724,T57
6,BBA Accountancy,GE1401,CB2300,12534,S03
6,BBA Accountancy,GE1401,CB2601,12560,C05
7,BBA Accountancy,GE1401,CB2601,10334,C04
7,BBA Accountancy,GE1401,CB2100,10457,CA2
7,BBA Accountancy,GE1401,CB2100,10459,TA4
7,BBA Accountancy,GE1401,GE1401,11495,T77
7,BBA Accountancy,GE1401,CB2201,13198,CF1
7,BBA Accountancy,GE1401,CB2300,14882,SC3
8,BBA Accountancy,GE1401,CB2100,10190,C01
8,BBA Accountancy,GE1401,CB2601,10335,C02
8,BBA Accountancy,GE1401,CB2100,11278,T14
8,BBA Accountancy,GE1401,CB2300,12535,S04
8,BBA Accountancy,GE1401,CB2201,14828,C07
8,BBA Accountancy,GE1401,GE1401,15182,TC3
9,BBA Accountancy,GE1401,CB2100,10246,T03
9,BBA Accountancy,GE1401,CB2601,10335,C02
9,BBA Accountancy,GE1401,CB2100,10551,C02
9,BBA Accountancy,GE1401,CB2300,12533,S01
9,BBA Accountancy,GE1401,GE1401,14270,TB7
9,BBA Accountancy,GE1401,CB2201,14827,C06
10,BBA Accountancy,GE1401,CB2100,10190,C01
10,BBA Accountancy,GE1401,CB2601,10335,C02
10,BBA Accountancy,GE1401,CB2100,11276,T12
10,BBA Accountancy,GE1401,GE1401,11499,T85
10,BBA Accountancy,GE1401,CB2300,12533,S01
10,BBA Accountancy,GE1401,CB2201,14828,C07
11,BBA Accountancy,GE1401,GE1401,10693,T16
11,BBA Accountancy,GE1401,CB2201,10792,C04
11,BBA Accountancy,GE1401,CB2300,12535,S04
11,BBA Accountancy,GE1401,CB2601,12560,C05
11,BBA Accountancy,GE1401,CB2100,12575,TB1
11,BBA Accountancy,GE1401,CB2100,12890,CB2
12,BBA Accountancy,GE1401,CB2201,10339,C01
12,BBA Accountancy,GE1401,CB2100,10459,TA4
12,BBA Accountancy,GE1401,CB2100,11077,CA1
12,BBA Accountancy,GE1401,CB2300,12533,S01
12,BBA Accountancy,GE1401,CB2601,12560,C05
12,BBA Accountancy,GE1401,GE1401,15180,TC1
13,BBA Accountancy,GE1401,CB2100,10192,T05
13,BBA Accountancy,GE1401,CB2201,10340,C02
13,BBA Accountancy,GE1401,CB2100,10551,C02
13,BBA Accountancy,GE1401,GE1401,11505,T93
13,BBA Accountancy,GE1401,CB2601,12304,CE1
13,BBA Accountancy,GE1401,CB2300,12535,S04
14,BBA Accountancy,GE1401,CB2201,10339,C01
14,BBA Accountancy,GE1401,CB2100,10551,C02
14,BBA Accountancy,GE1401,CB2100,10554,T11
14,BBA Accountancy,GE1401,GE1401,12122,T35
14,BBA Accountancy,GE1401,CB2601,12305,C01
14,BBA Accountancy,GE1401,CB2300,12535,S04
15,BBA Accountancy,GE1401,CB2100,10190,C01
15,BBA Accountancy,GE1401,CB2100,10554,T11
15,BBA Accountancy,GE1401,CB2201,10678,C05
15,BBA Accountancy,GE1401,GE1401,10695,T19
15,BBA Accountancy,GE1401,CB2601,12304,CE1
15,BBA Accountancy,GE1401,CB2300,12533,S01
16,BBA Accountancy,GE1401,CB2100,10190,C01
16,BBA Accountancy,GE1401,CB2100,10443,T08
16,BBA Accountancy,GE1401,GE1401,10702,T27
16,BBA Accountancy,GE1401,CB2601,12304,CE1
16,BBA Accountancy,GE1401,CB2300,12532,S02
16,BBA Accountancy,GE1401,CB2201,14827,C06
17,BBA Accountancy,GE1401,CB2601,10335,C02
17,BBA Accountancy,GE1401,CB2100,10442,T07
17,BBA Accountancy,GE1401,CB2100,10551,C02
17,BBA Accountancy,GE1401,GE1401,12399,T72
17,BBA Accountancy,GE1401,CB2300,12536,S05
17,BBA Accountancy,GE1401,CB2201,14827,C06
18,BBA Accountancy,GE1401,CB2201,10340,C02
18,BBA Accountancy,GE1401,CB2100,10596,TA2
18,BBA Accountancy,GE1401,CB2100,11077,CA1
18,BBA Accountancy,GE1401,CB2601,12560,C05
18,BBA Accountancy,GE1401,CB2300,12588,SA2
18,BBA Accountancy,GE1401,GE1401,13571,T99
19,BBA Accountancy,GE1401,CB2100,10190,C01
19,BBA Accountancy,GE1401,CB2100,10246,T03
19,BBA Accountancy,GE1401,CB2601,10335,C02
19,BBA Accountancy,GE1401,CB2201,10339,C01
19,BBA Accountancy,GE1401,GE1401,11507,T80
19,BBA Accountancy,GE1401,CB2300,12532,S02
20,BBA Accountancy,GE1401,CB2100,10556,TA6
20,BBA Accountancy,GE1401,CB2100,11077,CA1
20,BBA Accountancy,GE1401,CB2601,12267,CC3
20,BBA Accountancy,GE1401,CB2300,12535,S04
20,BBA Accountancy,GE1401,CB2201,14826,CE1
20,BBA Accountancy,GE1401,GE1401,15182,TC3
21,BBA Accountancy,GE1401,CB2100,10190,C01
21,BBA Accountancy,GE1401,CB2601,10334,C04
21,BBA Accountancy,GE1401,CB2100,10554,T11
21,BBA Accountancy,GE1401,CB2201,10678,C05
21,BBA Accountancy,GE1401,GE1401,12398,T70
21,BBA Accountancy,GE1401,CB2300,12587,SA1
22,BBA Accountancy,GE1401,CB2100,10559,TA9
22,BBA Accountancy,GE1401,CB2201,10678,C05
22,BBA Accountancy,GE1401,CB2100,11077,CA1
22,BBA Accountancy,GE1401,GE1401,12396,T46
22,BBA Accountancy,GE1401,CB2601,12560,C05
22,BBA Accountancy,GE1401,CB2300,13959,SB4
23,BBA Accountancy,GE1401,CB2100,10190,C01
23,BBA Accountancy,GE1401,CB2601,10335,C02
23,BBA Accountancy,GE1401,CB2201,10340,C02
23,BBA Accountancy,GE1401,CB2100,11277,T13
23,BBA Accountancy,GE1401,CB2300,12532,S02
23,BBA Accountancy,GE1401,GE1401,15182,TC3
24,BBA Accountancy,GE1401,CB2100,10190,C01
24,BBA Accountancy,GE1401,CB2100,10552,T09
24,BBA Accountancy,GE1401,GE1401,10717,T48
24,BBA Accountancy,GE1401,CB2601,12304,CE1
24,BBA Accountancy,GE1401,CB2300,12535,S04
24,BBA Accountancy,GE1401,CB2201,14827,C06
25,BBA Accountancy,GE1401,CB2100,10457,CA2
25,BBA Accountancy,GE1401,CB2100,10459,TA4
25,BBA Accountancy,GE1401,CB2601,11195,C03
25,BBA Accountancy,GE1401,GE1401,11491,T69
25,BBA Accountancy,GE1401,CB2300,12535,S04
25,BBA Accountancy,GE1401,CB2201,12852,CM1
26,BBA Accountancy,GE1401,CB2100,10557,TA7
26,BBA Accountancy,GE1401,GE1401,10711,T38
26,BBA Accountancy,GE1401,CB2201,10792,C04
26,BBA Accountancy,GE1401,CB2100,11077,CA1
26,BBA Accountancy,GE1401,CB2601,12266,CC2
26,BBA Accountancy,GE1401,CB2300,12536,S05
27,BBA Accountancy,GE1401,CB2601,10334,C04
27,BBA Accountancy,GE1401,CB2201,10339,C01
27,BBA Accountancy,GE1401,GE1401,10682,T05
27,BBA Accountancy,GE1401,CB2300,12533,S01
27,BBA Accountancy,GE1401,CB2100,12574,CB1
27,BBA Accountancy,GE1401,CB2100,12575,TB1
28,BBA Accountancy,GE1401,CB2100,10190,C01
28,BBA Accountancy,GE1401,CB2201,10340,C02
28,BBA Accountancy,GE1401,CB2100,11278,T14
28,BBA Accountancy,GE1401,CB2601,12304,CE1
28,BBA Accountancy,GE1401,GE1401,13571,T99
28,BBA Accountancy,GE1401,CB2300,14900,SC4
29,BBA Accountancy,GE1401,CB2100,10551,C02
29,BBA Accountancy,GE1401,CB2201,10678,C05
29,BBA Accountancy,GE1401,CB2100,11276,T12
29,BBA Accountancy,GE1401,CB2601,12305,C01
29,BBA Accountancy,GE1401,CB2300,12535,S04
29,BBA Accountancy,GE1401,GE1401,13568,T96
30,BBA Accountancy,GE1401,CB2100,10190,C01
30,BBA Accountancy,GE1401,CB2100,10442,T07
30,BBA Accountancy,GE1401,CB2601,12304,CE1
30,BBA Accountancy,GE1401,CB2300,12536,S05
30,BBA Accountancy,GE1401,GE1401,12733,T62
30,BBA Accountancy,GE1401,CB2201,14827,C06
31,BBA Accountancy,GE1401,CB2201,10339,C01
31,BBA Accountancy,GE1401,CB2100,10443,T08
31,BBA Accountancy,GE1401,CB2100,10551,C02
31,BBA Accountancy,GE1401,GE1401,10711,T38
31,BBA Accountancy,GE1401,CB2601,12305,C01
31,BBA Accountancy,GE1401,CB2300,12533,S01
32,BBA Accountancy,GE1401,GE1401,11497,T81
32,BBA Accountancy,GE1401,CB2601,12304,CE1
32,BBA Accountancy,GE1401,CB2100,12574,CB1
32,BBA Accountancy,GE1401,CB2100,12575,TB1
32,BBA Accountancy,GE1401,CB2201,14828,C07
32,BBA Accountancy,GE1401,CB2300,14901,SC5
33,BBA Accountancy,GE1401,CB2100,10190,C01
33,BBA Accountancy,GE1401,CB2100,10552,T09
33,BBA Accountancy,GE1401,CB2201,10792,C04
33,BBA Accountancy,GE1401,CB2601,11195,C03
33,BBA Accountancy,GE1401,GE1401,11504,T90
33,BBA Accountancy,GE1401,CB2300,13959,SB4
34,BBA Accountancy,GE1401,CB2100,10551,C02
34,BBA Accountancy,GE1401,CB2100,10553,T10
34,BBA Accountancy,GE1401,GE1401,10708,T34
34,BBA Accountancy,GE1401,CB2201,10792,C04
34,BBA Accountancy,GE1401,CB2300,12535,S04
34,BBA Accountancy,GE1401,CB2601,12560,C05
35,BBA Accountancy,GE1401,CB2100,10245,T02
35,BBA Accountancy,GE1401,CB2601,10335,C02
35,BBA Accountancy,GE1401,CB2201,10339,C01
35,BBA Accountancy,GE1401,CB2100,10551,C02
35,BBA Accountancy,GE1401,GE1401,10702,T27
35,BBA Accountancy,GE1401,CB2300,13958,SB3
36,BBA Accountancy,GE1401,CB2201,10678,C05
36,BBA Accountancy,GE1401,CB2601,12306,CA4
36,BBA Accountancy,GE1401,CB2300,12532,S02
36,BBA Accountancy,GE1401,CB2100,12574,CB1
36,BBA Accountancy,GE1401,CB2100,12575,TB1
36,BBA Accountancy,GE1401,GE1401,13573,TB2
37,BBA Accountancy,GE1401,CB2100,10190,C01
37,BBA Accountancy,GE1401,CB2100,10245,T02
37,BBA Accountancy,GE1401,CB2201,10678,C05
37,BBA Accountancy,GE1401,GE1401,10688,T11
37,BBA Accountancy,GE1401,CB2601,12304,CE1
37,BBA Accountancy,GE1401,CB2300,12533,S01
38,BBA Accountancy,GE1401,CB2100,10190,C01
38,BBA Accountancy,GE1401,CB2601,10334,C04
38,BBA Accountancy,GE1401,CB2201,10340,C02
38,BBA Accountancy,GE1401,CB2100,10441,T06
38,BBA Accountancy,GE1401,GE1401,10711,T38
38,BBA Accountancy,GE1401,CB2300,12588,SA2
39,BBA Accountancy,GE1401,CB2601,10335,C02
39,BBA Accountancy,GE1401,CB2201,10339,C01
39,BBA Accountancy,GE1401,CB2100,10457,CA2
39,BBA Accountancy,GE1401,CB2100,10555,TA5
39,BBA Accountancy,GE1401,GE1401,12125,T65
39,BBA Accountancy,GE1401,CB2300,12536,S05
40,BBA Accountancy,GE1401,CB2100,10190,C01
40,BBA Accountancy,GE1401,CB2100,10192,T05
40,BBA Accountancy,GE1401,GE1401,10694,T17
40,BBA Accountancy,GE1401,CB2201,10792,C04
40,BBA Accountancy,GE1401,CB2601,12304,CE1
40,BBA Accountancy,GE1401,CB2300,12532,S02
41,BBA Accountancy,GE1401,CB2100,10551,C02
41,BBA Accountancy,GE1401,CB2100,11278,T14
41,BBA Accountancy,GE1401,CB2601,12304,CE1
41,BBA Accountancy,GE1401,CB2300,12536,S05
41,BBA Accountancy,GE1401,GE1401,13576,TB5
41,BBA Accountancy,GE1401,CB2201,14828,C07
42,BBA Accountancy,GE1401,CB2100,10190,C01
42,BBA Accountancy,GE1401,CB2100,10553,T10
42,BBA Accountancy,GE1401,GE1401,10711,T38
42,BBA Accountancy,GE1401,CB2601,11195,C03
42,BBA Accountancy,GE1401,CB2300,12588,SA2
42,BBA Accountancy,GE1401,CB2201,14828,C07
43,BBA Accountancy,GE1401,CB2100,10190,C01
43,BBA Accountancy,GE1401,CB2201,10341,C03
43,BBA Accountancy,GE1401,GE1401,10705,T30
43,BBA Accountancy,GE1401,CB2100,11277,T13
43,BBA Accountancy,GE1401,CB2601,12304,CE1
43,BBA Accountancy,GE1401,CB2300,12532,S02
44,BBA Accountancy,GE1401,CB2201,10339,C01
44,BBA Accountancy,GE1401,CB2100,10442,T07
44,BBA Accountancy,GE1401,CB2100,10551,C02
44,BBA Accountancy,GE1401,CB2601,12305,C01
44,BBA Accountancy,GE1401,CB2300,12536,S05
44,BBA Accountancy,GE1401,GE1401,12734,T71
45,BBA Accountancy,GE1401,CB2100,10190,C01
45,BBA Accountancy,GE1401,CB2201,10339,C01
45,BBA Accountancy,GE1401,CB2100,10442,T07
45,BBA Accountancy,GE1401,GE1401,12126,T67
45,BBA Accountancy,GE1401,CB2601,12306,CA4
45,BBA Accountancy,GE1401,CB2300,12587,SA1
46,BBA Accountancy,GE1401,CB2100,10190,C01
46,BBA Accountancy,GE1401,CB2601,10335,C02
46,BBA Accountancy,GE1401,CB2100,11280,TAD
46,BBA Accountancy,GE1401,CB2201,14827,C06
46,BBA Accountancy,GE1401,CB2300,14881,SC2
46,BBA Accountancy,GE1401,GE1401,15601,T28
47,BBA Accountancy,GE1401,CB2201,10341,C03
47,BBA Accountancy,GE1401,CB2100,10551,C02
47,BBA Accountancy,GE1401,CB2100,10552,T09
47,BBA Accountancy,GE1401,GE1401,11506,T78
47,BBA Accountancy,GE1401,CB2601,12304,CE1
47,BBA Accountancy,GE1401,CB2300,13958,SB3
48,BBA Accountancy,GE1401,CB2601,10334,C04
48,BBA Accountancy,GE1401,CB2201,10340,C02
48,BBA Accountancy,GE1401,GE1401,12398,T70
48,BBA Accountancy,GE1401,CB2300,12535,S04
48,BBA Accountancy,GE1401,CB2100,12575,TB1
48,BBA Accountancy,GE1401,CB2100,12890,CB2
49,BBA Accountancy,GE1401,CB2100,10190,C01
49,BBA Accountancy,GE1401,CB2100,10442,T07
49,BBA Accountancy,GE1401,GE1401,10711,T38
49,BBA Accountancy,GE1401,CB2201,10792,C04
49,BBA Accountancy,GE1401,CB2300,12533,S01
49,BBA Accountancy,GE1401,CB2601,12560,C05
50,BBA Accountancy,GE1401,CB2100,10190,C01
50,BBA Accountancy,GE1401,CB2100,10245,T02
50,BBA Accountancy,GE1401,CB2201,10678,C05
50,BBA Accountancy,GE1401,GE1401,12122,T35
50,BBA Accountancy,GE1401,CB2601,12304,CE1
50,BBA Accountancy,GE1401,CB2300,12536,S05
51,BBA Accountancy,GE1401,CB2601,10335,C02
51,BBA Accountancy,GE1401,GE1401,10679,T02
51,BBA Accountancy,GE1401,CB2100,12574,CB1
51,BBA Accountancy,GE1401,CB2100,12575,TB1
51,BBA Accountancy,GE1401,CB2300,13960,SB5
51,BBA Accountancy,GE1401,CB2201,14826,CE1
52,BBA Accountancy,GE1401,CB2201,10339,C01
52,BBA Accountancy,GE1401,CB2100,10457,CA2
52,BBA Accountancy,GE1401,CB2100,10458,TA3
52,BBA Accountancy,GE1401,GE1401,11491,T69
52,BBA Accountancy,GE1401,CB2300,12536,S05
52,BBA Accountancy,GE1401,CB2601,12560,C05
53,BBA Accountancy,GE1401,CB2201,10339,C01
53,BBA Accountancy,GE1401,CB2601,12305,C01
53,BBA Accountancy,GE1401,CB2300,12536,S05
53,BBA Accountancy,GE1401,CB2100,12575,TB1
53,BBA Accountancy,GE1401,CB2100,12890,CB2
53,BBA Accountancy,GE1401,GE1401,13568,T96
54,BBA Accountancy,GE1401,CB2100,10442,T07
54,BBA Accountancy,GE1401,CB2100,10551,C02
54,BBA Accountancy,GE1401,GE1401,10687,T10
54,BBA Accountancy,GE1401,CB2201,10792,C04
54,BBA Accountancy,GE1401,CB2601,12304,CE1
54,BBA Accountancy,GE1401,CB2300,12534,S03
55,BBA Accountancy,GE1401,CB2201,10339,C01
55,BBA Accountancy,GE1401,CB2100,10551,C02
55,BBA Accountancy,GE1401,CB2100,10553,T10
55,BBA Accountancy,GE1401,GE1401,10702,T27
55,BBA Accountancy,GE1401,CB2601,11195,C03
55,BBA Accountancy,GE1401,CB2300,14882,SC3
56,BBA Accountancy,GE1401,CB2201,10341,C03
56,BBA Accountancy,GE1401,CB2100,10551,C02
56,BBA Accountancy,GE1401,CB2100,11277,T13
56,BBA Accountancy,GE1401,GE1401,12122,T35
56,BBA Accountancy,GE1401,CB2300,12536,S05
56,BBA Accountancy,GE1401,CB2601,12560,C05
57,BBA Accountancy,GE1401,CB2100,10190,C01
57,BBA Accountancy,GE1401,CB2100,10560,TAA
57,BBA Accountancy,GE1401,GE1401,10701,T25
57,BBA Accountancy,GE1401,CB2601,12267,CC3
57,BBA Accountancy,GE1401,CB2201,13198,CF1
57,BBA Accountancy,GE1401,CB2300,14900,SC4
58,BBA Accountancy,GE1401,CB2100,10190,C01
58,BBA Accountancy,GE1401,CB2100,10442,T07
58,BBA Accountancy,GE1401,CB2601,12560,C05
58,BBA Accountancy,GE1401,GE1401,13568,T96
58,BBA Accountancy,GE1401,CB2201,14826,CE1
58,BBA Accountancy,GE1401,CB2300,14880,SC1
59,BBA Accountancy,GE1401,CB2100,10190,C01
59,BBA Accountancy,GE1401,GE1401,10720,T53
59,BBA Accountancy,GE1401,CB2100,11277,T13
59,BBA Accountancy,GE1401,CB2601,12304,CE1
59,BBA Accountancy,GE1401,CB2300,12536,S05
59,BBA Accountancy,GE1401,CB2201,14828,C07
60,BBA Accountancy,GE1401,GE1401,10689,T12
60,BBA Accountancy,GE1401,CB2601,12266,CC2
60,BBA Accountancy,GE1401,CB2300,12533,S01
60,BBA Accountancy,GE1401,CB2100,12575,TB1
60,BBA Accountancy,GE1401,CB2100,12890,CB2
60,BBA Accountancy,GE1401,CB2201,14828,C07
61,BBA Accountancy,GE1401,CB2100,10191,T04
61,BBA Accountancy,GE1401,CB2601,10335,C02
61,BBA Accountancy,GE1401,CB2201,10340,C02
61,BBA Accountancy,GE1401,CB2100,10551,C02
61,BBA Accountancy,GE1401,CB2300,12535,S04
61,BBA Accountancy,GE1401,GE1401,12733,T62
62,BBA Accountancy,GE1401,CB2100,10190,C01
62,BBA Accountancy,GE1401,CB2100,10245,T02
62,BBA Accountancy,GE1401,CB2201,10341,C03
62,BBA Accountancy,GE1401,GE1401,11493,T75
62,BBA Accountancy,GE1401,CB2300,12533,S01
62,BBA Accountancy,GE1401,CB2601,12560,C05
63,BBA Accountancy,GE1401,CB2100,10190,C01
63,BBA Accountancy,GE1401,CB2601,10335,C02
63,BBA Accountancy,GE1401,CB2201,10341,C03
63,BBA Accountancy,GE1401,CB2100,10561,TAB
63,BBA Accountancy,GE1401,CB2300,12533,S01
63,BBA Accountancy,GE1401,GE1401,15180,TC1
64,BBA Accountancy,GE1401,CB2601,10335,C02
64,BBA Accountancy,GE1401,CB2201,10340,C02
64,BBA Accountancy,GE1401,GE1401,10720,T53
64,BBA Accountancy,GE1401,CB2100,12574,CB1
64,BBA Accountancy,GE1401,CB2100,12575,TB1
64,BBA Accountancy,GE1401,CB2300,14881,SC2
65,BBA Accountancy,GE1401,CB2100,10190,C01
65,BBA Accountancy,GE1401,CB2100,10441,T06
65,BBA Accountancy,GE1401,CB2601,12306,CA4
65,BBA Accountancy,GE1401,CB2300,12532,S02
65,BBA Accountancy,GE1401,GE1401,13572,TB1
65,BBA Accountancy,GE1401,CB2201,14827,C06
66,BBA Accountancy,GE1401,CB2100,10190,C01
66,BBA Accountancy,GE1401,CB2201,10341,C03
66,BBA Accountancy,GE1401,CB2100,10561,TAB
66,BBA Accountancy,GE1401,GE1401,10684,T07
66,BBA Accountancy,GE1401,CB2601,12560,C05
66,BBA Accountancy,GE1401,CB2300,12588,SA2
67,BBA Accountancy,GE1401,CB2100,10245,T02
67,BBA Accountancy,GE1401,CB2100,10551,C02
67,BBA Accountancy,GE1401,CB2601,12304,CE1
67,BBA Accountancy,GE1401,CB2300,12533,S01
67,BBA Accountancy,GE1401,CB2201,14827,C06
67,BBA Accountancy,GE1401,GE1401,15183,TC4
68,BBA Accountancy,GE1401,CB2100,10190,C01
68,BBA Accountancy,GE1401,CB2100,10192,T05
68,BBA Accountancy,GE1401,CB2601,10335,C02
68,BBA Accountancy,GE1401,GE1401,12396,T46
68,BBA Accountancy,GE1401,CB2300,12532,S02
68,BBA Accountancy,GE1401,CB2201,14827,C06
69,BBA Accountancy,GE1401,CB2100,10190,C01
69,BBA Accountancy,GE1401,CB2201,10341,C03
69,BBA Accountancy,GE1401,GE1401,10707,T32
69,BBA Accountancy,GE1401,CB2100,11277,T13
69,BBA Accountancy,GE1401,CB2601,12304,CE1
69,BBA Accountancy,GE1401,CB2300,12533,S01
70,BBA Accountancy,GE1401,CB2100,10190,C01
70,BBA Accountancy,GE1401,CB2100,10442,T07
70,BBA Accountancy,GE1401,CB2201,10792,C04
70,BBA Accountancy,GE1401,CB2601,12304,CE1
70,BBA Accountancy,GE1401,CB2300,12533,S01
70,BBA Accountancy,GE1401,GE1401,15600,T14
71,BBA Accountancy,GE1401,CB2601,10334,C04
71,BBA Accountancy,GE1401,CB2100,10457,CA2
71,BBA Accountancy,GE1401,CB2100,10556,TA6
71,BBA Accountancy,GE1401,GE1401,11503,T89
71,BBA Accountancy,GE1401,CB2201,14828,C07
71,BBA Accountancy,GE1401,CB2300,14901,SC5
72,BBA Accountancy,GE1401,CB2100,10190,C01
72,BBA Accountancy,GE1401,CB2201,10341,C03
72,BBA Accountancy,GE1401,CB2100,10552,T09
72,BBA Accountancy,GE1401,GE1401,10698,T22
72,BBA Accountancy,GE1401,CB2300,12533,S01
72,BBA Accountancy,GE1401,CB2601,12560,C05
73,BBA Accountancy,GE1401,CB2100,10191,T04
73,BBA Accountancy,GE1401,CB2201,10341,C03
73,BBA Accountancy,GE1401,CB2100,10551,C02
73,BBA Accountancy,GE1401,GE1401,10681,T04
73,BBA Accountancy,GE1401,CB2601,11195,C03
73,BBA Accountancy,GE1401,CB2300,12535,S04
74,BBA Accountancy,GE1401,CB2201,10341,C03
74,BBA Accountancy,GE1401,CB2100,10551,C02
74,BBA Accountancy,GE1401,CB2100,10553,T10
74,BBA Accountancy,GE1401,GE1401,10693,T16
74,BBA Accountancy,GE1401,CB2300,12533,S01
74,BBA Accountancy,GE1401,CB2601,12560,C05
75,BBA Accountancy,GE1401,CB2100,10191,T04
75,BBA Accountancy,GE1401,CB2100,10551,C02
75,BBA Accountancy,GE1401,GE1401,10689,T12
75,BBA Accountancy,GE1401,CB2201,10792,C04
75,BBA Accountancy,GE1401,CB2601,12306,CA4
75,BBA Accountancy,GE1401,CB2300,12535,S04
76,BBA Accountancy,GE1401,CB2100,10190,C01
76,BBA Accountancy,GE1401,CB2100,10246,T03
76,BBA Accountancy,GE1401,CB2201,10341,C03
76,BBA Accountancy,GE1401,CB2601,12306,CA4
76,BBA Accountancy,GE1401,CB2300,12536,S05
76,BBA Accountancy,GE1401,GE1401,15207,TC7
77,BBA Accountancy,GE1401,CB2201,10340,C02
77,BBA Accountancy,GE1401,CB2100,10551,C02
77,BBA Accountancy,GE1401,GE1401,10684,T07
77,BBA Accountancy,GE1401,CB2100,11278,T14
77,BBA Accountancy,GE1401,CB2300,12534,S03
77,BBA Accountancy,GE1401,CB2601,12560,C05
78,BBA Accountancy,GE1401,CB2100,10190,C01
78,BBA Accountancy,GE1401,CB2601,10335,C02
78,BBA Accountancy,GE1401,CB2201,10339,C01
78,BBA Accountancy,GE1401,CB2100,10553,T10
78,BBA Accountancy,GE1401,GE1401,11451,T68
78,BBA Accountancy,GE1401,CB2300,14881,SC2
79,BBA Accountancy,GE1401,CB2201,10341,C03
79,BBA Accountancy,GE1401,CB2100,10457,CA2
79,BBA Accountancy,GE1401,CB2100,10555,TA5
79,BBA Accountancy,GE1401,CB2601,11195,C03
79,BBA Accountancy,GE1401,CB2300,12534,S03
79,BBA Accountancy,GE1401,GE1401,15206,TC6
80,BBA Accountancy,GE1401,CB2100,10551,C02
80,BBA Accountancy,GE1401,GE1401,10718,T50
80,BBA Accountancy,GE1401,CB2201,10792,C04
80,BBA Accountancy,GE1401,CB2601,11195,C03
80,BBA Accountancy,GE1401,CB2100,11278,T14
80,BBA Accountancy,GE1401,CB2300,12535,S04
81,BBA Accountancy,GE1401,CB2100,10457,CA2
81,BBA Accountancy,GE1401,GE1401,10698,T22
81,BBA Accountancy,GE1401,CB2201,10792,C04
81,BBA Accountancy,GE1401,CB2601,12265,CC1
81,BBA Accountancy,GE1401,CB2100,12576,TA1
81,BBA Accountancy,GE1401,CB2300,12587,SA1
82,BBA Accountancy,GE1401,CB2601,10335,C02
82,BBA Accountancy,GE1401,GE1401,10357,T01
82,BBA Accountancy,GE1401,CB2100,10551,C02
82,BBA Accountancy,GE1401,CB2100,11277,T13
82,BBA Accountancy,GE1401,CB2300,12536,S05
82,BBA Accountancy,GE1401,CB2201,14828,C07
83,BBA Accountancy,GE1401,CB2201,10340,C02
83,BBA Accountancy,GE1401,CB2100,10551,C02
83,BBA Accountancy,GE1401,CB2100,11278,T14
83,BBA Accountancy,GE1401,GE1401,11505,T93
83,BBA Accountancy,GE1401,CB2601,12305,C01
83,BBA Accountancy,GE1401,CB2300,12535,S04
84,BBA Accountancy,GE1401,CB2201,10341,C03
84,BBA Accountancy,GE1401,CB2100,10551,C02
84,BBA Accountancy,GE1401,CB2100,10552,T09
84,BBA Accountancy,GE1401,GE1401,10705,T30
84,BBA Accountancy,GE1401,CB2601,12305,C01
84,BBA Accountancy,GE1401,CB2300,12533,S01
85,BBA Accountancy,GE1401,CB2100,10191,T04
85,BBA Accountancy,GE1401,CB2100,10551,C02
85,BBA Accountancy,GE1401,GE1401,10724,T57
85,BBA Accountancy,GE1401,CB2601,12304,CE1
85,BBA Accountancy,GE1401,CB2300,12533,S01
85,BBA Accountancy,GE1401,CB2201,14827,C06
86,BBA Accountancy,GE1401,CB2100,10190,C01
86,BBA Accountancy,GE1401,CB2601,10335,C02
86,BBA Accountancy,GE1401,CB2100,11276,T12
86,BBA Accountancy,GE1401,CB2300,12532,S02
86,BBA Accountancy,GE1401,CB2201,14827,C06
86,BBA Accountancy,GE1401,GE1401,15182,TC3
87,BBA Accountancy,GE1401,CB2100,10443,T08
87,BBA Accountancy,GE1401,CB2100,10551,C02
87,BBA Accountancy,GE1401,GE1401,10727,T60
87,BBA Accountancy,GE1401,CB2601,12305,C01
87,BBA Accountancy,GE1401,CB2300,12533,S01
87,BBA Accountancy,GE1401,CB2201,14828,C07
88,BBA Accountancy,GE1401,CB2601,10335,C02
88,BBA Accountancy,GE1401,CB2201,10341,C03
88,BBA Accountancy,GE1401,CB2100,10442,T07
88,BBA Accountancy,GE1401,CB2100,10551,C02
88,BBA Accountancy,GE1401,GE1401,12119,T18
88,BBA Accountancy,GE1401,CB2300,12536,S05
89,BBA Accountancy,GE1401,CB2100,10443,T08
89,BBA Accountancy,GE1401,CB2100,10551,C02
89,BBA Accountancy,GE1401,GE1401,10729,T63
89,BBA Accountancy,GE1401,CB2201,10792,C04
89,BBA Accountancy,GE1401,CB2300,12534,S03
89,BBA Accountancy,GE1401,CB2601,12560,C05
90,BBA Accountancy,GE1401,CB2201,10339,C01
90,BBA Accountancy,GE1401,CB2100,10559,TA9
90,BBA Accountancy,GE1401,CB2100,11077,CA1
90,BBA Accountancy,GE1401,CB2601,11195,C03
90,BBA Accountancy,GE1401,GE1401,12126,T67
90,BBA Accountancy,GE1401,CB2300,12532,S02
91,BBA Accountancy,GE1401,CB2100,10551,C02
91,BBA Accountancy,GE1401,CB2100,10553,T10
91,BBA Accountancy,GE1401,GE1401,10705,T30
91,BBA Accountancy,GE1401,CB2601,12304,CE1
91,BBA Accountancy,GE1401,CB2300,12535,S04
91,BBA Accountancy,GE1401,CB2201,14827,C06
92,BBA Accountancy,GE1401,CB2100,10443,T08
92,BBA Accountancy,GE1401,CB2100,10551,C02
92,BBA Accountancy,GE1401,GE1401,12119,T18
92,BBA Accountancy,GE1401,CB2601,12306,CA4
92,BBA Accountancy,GE1401,CB2300,12535,S04
92,BBA Accountancy,GE1401,CB2201,14827,C06
93,BBA Accountancy,GE1401,CB2100,10441,T06
93,BBA Accountancy,GE1401,CB2100,10551,C02
93,BBA Accountancy,GE1401,GE1401,12122,T35
93,BBA Accountancy,GE1401,CB2601,12305,C01
93,BBA Accountancy,GE1401,CB2201,14828,C07
93,BBA Accountancy,GE1401,CB2300,14901,SC5
94,BBA Accountancy,GE1401,CB2100,10190,C01
94,BBA Accountancy,GE1401,CB2100,10552,T09
94,BBA Accountancy,GE1401,CB2201,10678,C05
94,BBA Accountancy,GE1401,CB2300,12535,S04
94,BBA Accountancy,GE1401,CB2601,12560,C05
94,BBA Accountancy,GE1401,GE1401,13576,TB5
95,BBA Accountancy,GE1401,CB2601,10334,C04
95,BBA Accountancy,GE1401,CB2100,10441,T06
95,BBA Accountancy,GE1401,CB2100,10551,C02
95,BBA Accountancy,GE1401,CB2300,12535,S04
95,BBA Accountancy,GE1401,GE1401,13568,T96
95,BBA Accountancy,GE1401,CB2201,14827,C06
96,BBA Accountancy,GE1401,CB2601,10335,C02
96,BBA Accountancy,GE1401,CB2201,10340,C02
96,BBA Accountancy,GE1401,CB2100,10551,C02
96,BBA Accountancy,GE1401,CB2100,10552,T09
96,BBA Accountancy,GE1401,GE1401,11499,T85
96,BBA Accountancy,GE1401,CB2300,12534,S03
97,BBA Accountancy,GE1401,CB2601,10334,C04
97,BBA Accountancy,GE1401,CB2201,10341,C03
97,BBA Accountancy,GE1401,CB2100,10551,C02
97,BBA Accountancy,GE1401,CB2100,10554,T11
97,BBA Accountancy,GE1401,GE1401,12122,T35
97,BBA Accountancy,GE1401,CB2300,13958,SB3
98,BBA Accountancy,GE1401,CB2201,10339,C01
98,BBA Accountancy,GE1401,CB2100,10443,T08
98,BBA Accountancy,GE1401,CB2100,10551,C02
98,BBA Accountancy,GE1401,GE1401,11493,T75
98,BBA Accountancy,GE1401,CB2300,12534,S03
98,BBA Accountancy,GE1401,CB2601,12560,C05
99,BBA Accountancy,GE1401,CB2100,10192,T05
99,BBA Accountancy,GE1401,CB2201,10341,C03
99,BBA Accountancy,GE1401,CB2100,10551,C02
99,BBA Accountancy,GE1401,GE1401,10696,T20
99,BBA Accountancy,GE1401,CB2601,11195,C03
99,BBA Accountancy,GE1401,CB2300,12535,S04
100,BBA Accountancy,GE1401,CB2201,10341,C03
100,BBA Accountancy,GE1401,CB2100,10551,C02
100,BBA Accountancy,GE1401,CB2100,11276,T12
100,BBA Accountancy,GE1401,GE1401,12125,T65
100,BBA Accountancy,GE1401,CB2601,12306,CA4
100,BBA Accountancy,GE1401,CB2300,12536,S05
101,BBA Accountancy,GE1401,CB2100,10244,T01
101,BBA Accountancy,GE1401,CB2201,10340,C02
101,BBA Accountancy,GE1401,CB2100,10551,C02
101,BBA Accountancy,GE1401,CB2300,12534,S03
101,BBA Accountancy,GE1401,CB2601,12560,C05
101,BBA Accountancy,GE1401,GE1401,13572,TB1
102,BBA Accountancy,GE1401,CB2100,10190,C01
102,BBA Accountancy,GE1401,CB2100,10442,T07
102,BBA Accountancy,GE1401,CB2201,10792,C04
102,BBA Accountancy,GE1401,CB2601,11195,C03
102,BBA Accountancy,GE1401,GE1401,12399,T72
102,BBA Accountancy,GE1401,CB2300,12532,S02
103,BBA Accountancy,GE1401,CB2100,10190,C01
103,BBA Accountancy,GE1401,GE1401,10686,T09
103,BBA Accountancy,GE1401,CB2100,11281,TAE
103,BBA Accountancy,GE1401,CB2601,12304,CE1
103,BBA Accountancy,GE1401,CB2300,12536,S05
103,BBA Accountancy,GE1401,CB2201,14827,C06
104,BBA Accountancy,GE1401,CB2100,10190,C01
104,BBA Accountancy,GE1401,CB2100,10246,T03
104,BBA Accountancy,GE1401,CB2601,10335,C02
104,BBA Accountancy,GE1401,GE1401,12399,T72
104,BBA Accountancy,GE1401,CB2300,12533,S01
104,BBA Accountancy,GE1401,CB2201,14827,C06
105,BBA Accountancy,GE1401,CB2601,10334,C04
105,BBA Accountancy,GE1401,CB2100,10551,C02
105,BBA Accountancy,GE1401,CB2100,10552,T09
105,BBA Accountancy,GE1401,GE1401,11499,T85
105,BBA Accountancy,GE1401,CB2201,13718,CM2
105,BBA Accountancy,GE1401,CB2300,13959,SB4
106,BBA Accountancy,GE1401,GE1401,10731,T66
106,BBA Accountancy,GE1401,CB2601,12306,CA4
106,BBA Accountancy,GE1401,CB2300,12533,S01
106,BBA Accountancy,GE1401,CB2100,12575,TB1
106,BBA Accountancy,GE1401,CB2100,12890,CB2
106,BBA Accountancy,GE1401,CB2201,14828,C07
107,BBA Accountancy,GE1401,CB2100,10190,C01
107,BBA Accountancy,GE1401,CB2100,10244,T01
107,BBA Accountancy,GE1401,CB2601,10334,C04
107,BBA Accountancy,GE1401,CB2201,10340,C02
107,BBA Accountancy,GE1401,GE1401,12125,T65
107,BBA Accountancy,GE1401,CB2300,12588,SA2
108,BBA Accountancy,GE1401,CB2201,10340,C02
108,BBA Accountancy,GE1401,CB2100,10551,C02
108,BBA Accountancy,GE1401,CB2100,11278,T14
108,BBA Accountancy,GE1401,GE1401,11507,T80
108,BBA Accountancy,GE1401,CB2601,12305,C01
108,BBA Accountancy,GE1401,CB2300,12535,S04
109,BBA Accountancy,GE1401,CB2100,10245,T02
109,BBA Accountancy,GE1401,CB2100,10551,C02
109,BBA Accountancy,GE1401,CB2201,10678,C05
109,BBA Accountancy,GE1401,CB2300,12536,S05
109,BBA Accountancy,GE1401,CB2601,12560,C05
109,BBA Accountancy,GE1401,GE1401,14271,TB8
110,BBA Accountancy,GE1401,CB2100,10190,C01
110,BBA Accountancy,GE1401,CB2201,10341,C03
110,BBA Accountancy,GE1401,CB2100,10442,T07
110,BBA Accountancy,GE1401,CB2601,11195,C03
110,BBA Accountancy,GE1401,GE1401,12127,T84
110,BBA Accountancy,GE1401,CB2300,12588,SA2
111,BBA Accountancy,GE1401,CB2100,10190,C01
111,BBA Accountancy,GE1401,CB2201,10340,C02
111,BBA Accountancy,GE1401,CB2100,10553,T10
111,BBA Accountancy,GE1401,CB2300,12532,S02
111,BBA Accountancy,GE1401,CB2601,12560,C05
111,BBA Accountancy,GE1401,GE1401,15601,T28
112,BBA Accountancy,GE1401,CB2601,12305,C01
112,BBA Accountancy,GE1401,GE1401,12398,T70
112,BBA Accountancy,GE1401,CB2100,12575,TB1
112,BBA Accountancy,GE1401,CB2100,12890,CB2
112,BBA Accountancy,GE1401,CB2300,13960,SB5
112,BBA Accountancy,GE1401,CB2201,14828,C07
113,BBA Accountancy,GE1401,CB2100,10190,C01
113,BBA Accountancy,GE1401,CB2100,10554,T11
113,BBA Accountancy,GE1401,CB2201,10792,C04
113,BBA Accountancy,GE1401,CB2601,12560,C05
113,BBA Accountancy,GE1401,CB2300,13960,SB5
113,BBA Accountancy,GE1401,GE1401,15205,TC5
114,BBA Accountancy,GE1401,CB2201,10341,C03
114,BBA Accountancy,GE1401,CB2100,10551,C02
114,BBA Accountancy,GE1401,GE1401,10695,T19
114,BBA Accountancy,GE1401,CB2100,11276,T12
114,BBA Accountancy,GE1401,CB2601,12305,C01
114,BBA Accountancy,GE1401,CB2300,12533,S01
115,BBA Accountancy,GE1401,CB2100,10190,C01
115,BBA Accountancy,GE1401,CB2100,10553,T10
115,BBA Accountancy,GE1401,CB2201,10792,C04
115,BBA Accountancy,GE1401,GE1401,12127,T84
115,BBA Accountancy,GE1401,CB2601,12304,CE1
115,BBA Accountancy,GE1401,CB2300,12533,S01
116,BBA Accountancy,GE1401,CB2100,10190,C01
116,BBA Accountancy,GE1401,CB2100,10244,T01
116,BBA Accountancy,GE1401,CB2601,10335,C02
116,BBA Accountancy,GE1401,CB2201,10339,C01
116,BBA Accountancy,GE1401,GE1401,10716,T47
116,BBA Accountancy,GE1401,CB2300,12536,S05
117,BBA Accountancy,GE1401,CB2100,10190,C01
117,BBA Accountancy,GE1401,CB2201,10339,C01
117,BBA Accountancy,GE1401,GE1401,10357,T01
117,BBA Accountancy,GE1401,CB2100,11277,T13
117,BBA Accountancy,GE1401,CB2300,12532,S02
117,BBA Accountancy,GE1401,CB2601,12560,C05
118,BBA Accountancy,GE1401,CB2100,10190,C01
118,BBA Accountancy,GE1401,CB2601,10335,C02
118,BBA Accountancy,GE1401,CB2100,11278,T14
118,BBA Accountancy,GE1401,GE1401,11499,T85
118,BBA Accountancy,GE1401,CB2300,12536,S05
118,BBA Accountancy,GE1401,CB2201,14828,C07
119,BBA Accountancy,GE1401,CB2100,10190,C01
119,BBA Accountancy,GE1401,CB2100,10245,T02
119,BBA Accountancy,GE1401,CB2601,10334,C04
119,BBA Accountancy,GE1401,GE1401,10683,T06
119,BBA Accountancy,GE1401,CB2300,12532,S02
119,BBA Accountancy,GE1401,CB2201,14827,C06
120,BBA Accountancy,GE1401,CB2201,10341,C03
120,BBA Accountancy,GE1401,CB2100,10441,T06
120,BBA Accountancy,GE1401,CB2100,10551,C02
120,BBA Accountancy,GE1401,CB2601,12304,CE1
120,BBA Accountancy,GE1401,CB2300,12534,S03
120,BBA Accountancy,GE1401,GE1401,12734,T71
121,BBA Accountancy,GE1401,CB2100,10192,T05
121,BBA Accountancy,GE1401,CB2100,10551,C02
121,BBA Accountancy,GE1401,CB2201,10678,C05
121,BBA Accountancy,GE1401,GE1401,10721,T54
121,BBA Accountancy,GE1401,CB2601,12304,CE1
121,BBA Accountancy,GE1401,CB2300,12534,S03
122,BBA Accountancy,GE1401,CB2100,10246,T03
122,BBA Accountancy,GE1401,CB2201,10340,C02
122,BBA Accountancy,GE1401,CB2100,10551,C02
122,BBA Accountancy,GE1401,GE1401,10696,T20
122,BBA Accountancy,GE1401,CB2601,12305,C01
122,BBA Accountancy,GE1401,CB2300,12535,S04
123,BBA Accountancy,GE1401,CB2100,10190,C01
123,BBA Accountancy,GE1401,CB2100,10245,T02
123,BBA Accountancy,GE1401,CB2201,10341,C03
123,BBA Accountancy,GE1401,GE1401,10683,T06
123,BBA Accountancy,GE1401,CB2300,12532,S02
123,BBA Accountancy,GE1401,CB2601,12560,C05
124,BBA Accountancy,GE1401,CB2100,10245,T02
124,BBA Accountancy,GE1401,CB2100,10551,C02
124,BBA Accountancy,GE1401,CB2201,10792,C04
124,BBA Accountancy,GE1401,GE1401,12122,T35
124,BBA Accountancy,GE1401,CB2300,12534,S03
124,BBA Accountancy,GE1401,CB2601,12560,C05
125,BBA Accountancy,GE1401,CB2100,10191,T04
125,BBA Accountancy,GE1401,CB2201,10340,C02
125,BBA Accountancy,GE1401,CB2100,10551,C02
125,BBA Accountancy,GE1401,GE1401,10681,T04
125,BBA Accountancy,GE1401,CB2300,12534,S03
125,BBA Accountancy,GE1401,CB2601,12560,C05
126,BBA Accountancy,GE1401,CB2100,10190,C01
126,BBA Accountancy,GE1401,CB2100,10245,T02
126,BBA Accountancy,GE1401,GE1401,10715,T45
126,BBA Accountancy,GE1401,CB2201,10792,C04
126,BBA Accountancy,GE1401,CB2300,12536,S05
126,BBA Accountancy,GE1401,CB2601,12560,C05
127,BBA Accountancy,GE1401,GE1401,10683,T06
127,BBA Accountancy,GE1401,CB2601,12306,CA4
127,BBA Accountancy,GE1401,CB2100,12574,CB1
127,BBA Accountancy,GE1401,CB2100,12575,TB1
127,BBA Accountancy,GE1401,CB2201,13718,CM2
127,BBA Accountancy,GE1401,CB2300,13959,SB4
128,BBA Accountancy,GE1401,CB2100,10442,T07
128,BBA Accountancy,GE1401,CB2100,10551,C02
128,BBA Accountancy,GE1401,CB2201,10678,C05
128,BBA Accountancy,GE1401,GE1401,10689,T12
128,BBA Accountancy,GE1401,CB2601,12560,C05
128,BBA Accountancy,GE1401,CB2300,14880,SC1
129,BBA Accountancy,GE1401,CB2100,10190,C01
129,BBA Accountancy,GE1401,CB2100,10244,T01
129,BBA Accountancy,GE1401,CB2601,10335,C02
129,BBA Accountancy,GE1401,GE1401,10706,T31
129,BBA Accountancy,GE1401,CB2201,10792,C04
129,BBA Accountancy,GE1401,CB2300,12532,S02
130,BBA Accountancy,GE1401,CB2100,10190,C01
130,BBA Accountancy,GE1401,CB2201,10341,C03
130,BBA Accountancy,GE1401,CB2100,10442,T07
130,BBA Accountancy,GE1401,GE1401,10706,T31
130,BBA Accountancy,GE1401,CB2601,12304,CE1
130,BBA Accountancy,GE1401,CB2300,12533,S01
131,BBA Accountancy,GE1401,CB2100,10551,C02
131,BBA Accountancy,GE1401,CB2201,10678,C05
131,BBA Accountancy,GE1401,CB2100,11277,T13
131,BBA Accountancy,GE1401,GE1401,12124,T49
131,BBA Accountancy,GE1401,CB2601,12560,C05
131,BBA Accountancy,GE1401,CB2300,12587,SA1
132,BBA Accountancy,LC0200A,CB2100,10190,C01
132,BBA Accountancy,LC0200A,CB2601,10335,C02
132,BBA Accountancy,LC0200A,CB2201,10341,C03
132,BBA Accountancy,LC0200A,CB2100,10553,T10
132,BBA Accountancy,LC0200A,LC0200A,10863,T03
132,BBA Accountancy,LC0200A,CB2300,12533,S01
133,BBA Accountancy,LC0200A,CB2100,10246,T03
133,BBA Accountancy,LC0200A,CB2201,10339,C01
133,BBA Accountancy,LC0200A,CB2100,10551,C02
133,BBA Accountancy,LC0200A,LC0200A,10897,T29
133,BBA Accountancy,LC0200A,CB2601,12306,CA4
133,BBA Accountancy,LC0200A,CB2300,12534,S03
134,BBA Accountancy,LC0200A,CB2601,10335,C02
134,BBA Accountancy,LC0200A,CB2201,10339,C01
134,BBA Accountancy,LC0200A,CB2100,10457,CA2
134,BBA Accountancy,LC0200A,LC0200A,10895,T27
134,BBA Accountancy,LC0200A,CB2300,12536,S05
134,BBA Accountancy,LC0200A,CB2100,12576,TA1
135,BBA Accountancy,LC0200A,CB2100,10190,C01
135,BBA Accountancy,LC0200A,CB2100,10245,T02
135,BBA Accountancy,LC0200A,CB2201,10341,C03
135,BBA Accountancy,LC0200A,LC0200A,10884,T15
135,BBA Accountancy,LC0200A,CB2300,12533,S01
135,BBA Accountancy,LC0200A,CB2601,12561,CC5
136,BBA Accountancy,LC0200A,CB2100,10245,T02
136,BBA Accountancy,LC0200A,CB2601,10334,C04
136,BBA Accountancy,LC0200A,CB2100,10551,C02
136,BBA Accountancy,LC0200A,LC0200A,10865,T05
136,BBA Accountancy,LC0200A,CB2300,12535,S04
136,BBA Accountancy,LC0200A,CB2201,14827,C06
137,BBA Accountancy,LC0200A,CB2100,10190,C01
137,BBA Accountancy,LC0200A,CB2201,10340,C02
137,BBA Accountancy,LC0200A,CB2100,10441,T06
137,BBA Accountancy,LC0200A,LC0200A,10891,T23
137,BBA Accountancy,LC0200A,CB2601,12304,CE1
137,BBA Accountancy,LC0200A,CB2300,12588,SA2
138,BBA Accountancy,LC0200A,CB2100,10558,TA8
138,BBA Accountancy,LC0200A,CB2100,11077,CA1
138,BBA Accountancy,LC0200A,CB2601,11195,C03
138,BBA Accountancy,LC0200A,LC0200A,11449,T34
138,BBA Accountancy,LC0200A,CB2300,12535,S04
138,BBA Accountancy,LC0200A,CB2201,14826,CE1
139,BBA Accountancy,LC0200A,CB2601,10335,C02
139,BBA Accountancy,LC0200A,CB2100,10551,C02
139,BBA Accountancy,LC0200A,CB2100,10554,T11
139,BBA Accountancy,LC0200A,CB2201,10792,C04
139,BBA Accountancy,LC0200A,LC0200A,10841,T01
139,BBA Accountancy,LC0200A,CB2300,13960,SB5
140,BBA Accountancy,LC0200A,CB2201,10792,C04
140,BBA Accountancy,LC0200A,LC0200A,10862,T02
140,BBA Accountancy,LC0200A,CB2601,12304,CE1
140,BBA Accountancy,LC0200A,CB2300,12533,S01
140,BBA Accountancy,LC0200A,CB2100,12575,TB1
140,BBA Accountancy,LC0200A,CB2100,12890,CB2
141,BBA Accountancy,LC0200A,CB2100,10190,C01
141,BBA Accountancy,LC0200A,CB2201,10341,C03
141,BBA Accountancy,LC0200A,CB2100,11276,T12
141,BBA Accountancy,LC0200A,LC0200A,11449,T34
141,BBA Accountancy,LC0200A,CB2300,12535,S04
141,BBA Accountancy,LC0200A,CB2601,12560,C05
142,BBA Accountancy,LC0200A,CB2601,10334,C04
142,BBA Accountancy,LC0200A,CB2201,10339,C01
142,BBA Accountancy,LC0200A,CB2100,10551,C02
142,BBA Accountancy,LC0200A,CB2100,11278,T14
142,BBA Accountancy,LC0200A,LC0200A,12320,T38
142,BBA Accountancy,LC0200A,CB2300,12535,S04
143,BBA Accountancy,LC0200A,CB2601,10335,C02
143,BBA Accountancy,LC0200A,CB2100,10551,C02
143,BBA Accountancy,LC0200A,LC0200A,10880,T11
143,BBA Accountancy,LC0200A,CB2100,11276,T12
143,BBA Accountancy,LC0200A,CB2300,12534,S03
143,BBA Accountancy,LC0200A,CB2201,14828,C07
144,BBA Accountancy,LC0200A,CB2100,10551,C02
144,BBA Accountancy,LC0200A,CB2201,10792,C04
144,BBA Accountancy,LC0200A,LC0200A,10892,T24
144,BBA Accountancy,LC0200A,CB2100,11278,T14
144,BBA Accountancy,LC0200A,CB2601,12305,C01
144,BBA Accountancy,LC0200A,CB2300,12535,S04
145,BBA Accountancy,LC0200A,CB2201,10340,C02
145,BBA Accountancy,LC0200A,CB2100,10457,CA2
145,BBA Accountancy,LC0200A,CB2100,10557,TA7
145,BBA Accountancy,LC0200A,LC0200A,10895,T27
145,BBA Accountancy,LC0200A,CB2601,12306,CA4
145,BBA Accountancy,LC0200A,CB2300,14900,SC4
146,BBA Accountancy,LC0200A,CB2601,10334,C04
146,BBA Accountancy,LC0200A,CB2100,10559,TA9
146,BBA Accountancy,LC0200A,CB2201,10792,C04
146,BBA Accountancy,LC0200A,LC0200A,10864,T04
146,BBA Accountancy,LC0200A,CB2100,11077,CA1
146,BBA Accountancy,LC0200A,CB2300,12588,SA2
147,BBA Accountancy,LC0200A,CB2100,10190,C01
147,BBA Accountancy,LC0200A,CB2100,10192,T05
147,BBA Accountancy,LC0200A,CB2201,10341,C03
147,BBA Accountancy,LC0200A,LC0200A,10895,T27
147,BBA Accountancy,LC0200A,CB2601,12267,CC3
147,BBA Accountancy,LC0200A,CB2300,12588,SA2
148,BBA Accountancy,LC0200A,CB2100,10244,T01
148,BBA Accountancy,LC0200A,CB2100,10551,C02
148,BBA Accountancy,LC0200A,CB2201,10678,C05
148,BBA Accountancy,LC0200A,LC0200A,10881,T12
148,BBA Accountancy,LC0200A,CB2601,11195,C03
148,BBA Accountancy,LC0200A,CB2300,12534,S03
149,BBA Accountancy,LC0200A,CB2100,10244,T01
149,BBA Accountancy,LC0200A,CB2601,10335,C02
149,BBA Accountancy,LC0200A,CB2100,10551,C02
149,BBA Accountancy,LC0200A,LC0200A,12333,T40
149,BBA Accountancy,LC0200A,CB2300,12533,S01
149,BBA Accountancy,LC0200A,CB2201,14828,C07
150,BBA Accountancy,LC0200A,CB2100,10557,TA7
150,BBA Accountancy,LC0200A,LC0200A,10897,T29
150,BBA Accountancy,LC0200A,CB2100,11077,CA1
150,BBA Accountancy,LC0200A,CB2601,12304,CE1
150,BBA Accountancy,LC0200A,CB2300,12535,S04
150,BBA Accountancy,LC0200A,CB2201,13718,CM2
151,BBA Accountancy,LC0200A,CB2201,10678,C05
151,BBA Accountancy,LC0200A,CB2601,11195,C03
151,BBA Accountancy,LC0200A,LC0200A,12333,T40
151,BBA Accountancy,LC0200A,CB2100,12575,TB1
151,BBA Accountancy,LC0200A,CB2100,12890,CB2
151,BBA Accountancy,LC0200A,CB2300,13958,SB3
152,BBA Accountancy,LC0200A,CB2100,10244,T01
152,BBA Accountancy,LC0200A,CB2100,10551,C02
152,BBA Accountancy,LC0200A,LC0200A,10880,T11
152,BBA Accountancy,LC0200A,CB2601,12560,C05
152,BBA Accountancy,LC0200A,CB2300,12587,SA1
152,BBA Accountancy,LC0200A,CB2201,14828,C07
153,BBA Accountancy,LC0200A,CB2100,10244,T01
153,BBA Accountancy,LC0200A,CB2100,10551,C02
153,BBA Accountancy,LC0200A,CB2201,10678,C05
153,BBA Accountancy,LC0200A,LC0200A,10890,T22
153,BBA Accountancy,LC0200A,CB2601,11195,C03
153,BBA Accountancy,LC0200A,CB2300,12535,S04
154,BBA Accountancy,LC0200A,CB2100,10190,C01
154,BBA Accountancy,LC0200A,CB2100,10443,T08
154,BBA Accountancy,LC0200A,CB2601,11195,C03
154,BBA Accountancy,LC0200A,CB2300,13959,SB4
154,BBA Accountancy,LC0200A,CB2201,14827,C06
154,BBA Accountancy,LC0200A,LC0200A,14950,T18
155,BBA Accountancy,LC0200A,CB2201,10341,C03
155,BBA Accountancy,LC0200A,CB2100,10441,T06
155,BBA Accountancy,LC0200A,CB2100,10551,C02
155,BBA Accountancy,LC0200A,LC0200A,10862,T02
155,BBA Accountancy,LC0200A,CB2601,12305,C01
155,BBA Accountancy,LC0200A,CB2300,12533,S01
156,BBA Accountancy,LC0200A,CB2100,10244,T01
156,BBA Accountancy,LC0200A,CB2601,10335,C02
156,BBA Accountancy,LC0200A,CB2100,10551,C02
156,BBA Accountancy,LC0200A,CB2201,10792,C04
156,BBA Accountancy,LC0200A,LC0200A,11030,T31
156,BBA Accountancy,LC0200A,CB2300,12534,S03
157,BBA Accountancy,LC0200A,CB2201,10340,C02
157,BBA Accountancy,LC0200A,CB2100,10551,C02
157,BBA Accountancy,LC0200A,CB2100,10552,T09
157,BBA Accountancy,LC0200A,LC0200A,10863,T03
157,BBA Accountancy,LC0200A,CB2601,12304,CE1
157,BBA Accountancy,LC0200A,CB2300,13959,SB4
158,BBA Accountancy,LC0200A,CB2100,10190,C01
158,BBA Accountancy,LC0200A,CB2601,10335,C02
158,BBA Accountancy,LC0200A,CB2201,10341,C03
158,BBA Accountancy,LC0200A,CB2100,11276,T12
158,BBA Accountancy,LC0200A,CB2300,12536,S05
158,BBA Accountancy,LC0200A,LC0200A,14952,T36
159,BBA Accountancy,LC0200A,CB2601,10335,C02
159,BBA Accountancy,LC0200A,CB2100,10551,C02
159,BBA Accountancy,LC0200A,CB2100,10554,T11
159,BBA Accountancy,LC0200A,LC0200A,12333,T40
159,BBA Accountancy,LC0200A,CB2300,13958,SB3
159,BBA Accountancy,LC0200A,CB2201,14826,CE1
160,BBA Accountancy,LC0200A,CB2100,10190,C01
160,BBA Accountancy,LC0200A,CB2100,10442,T07
160,BBA Accountancy,LC0200A,CB2201,10678,C05
160,BBA Accountancy,LC0200A,LC0200A,11029,T30
160,BBA Accountancy,LC0200A,CB2601,12304,CE1
160,BBA Accountancy,LC0200A,CB2300,12536,S05
161,BBA Accountancy,LC0200A,CB2100,10190,C01
161,BBA Accountancy,LC0200A,CB2601,10334,C04
161,BBA Accountancy,LC0200A,CB2201,10340,C02
161,BBA Accountancy,LC0200A,CB2100,11278,T14
161,BBA Accountancy,LC0200A,LC0200A,12333,T40
161,BBA Accountancy,LC0200A,CB2300,12532,S02
162,BBA Accountancy,LC0200A,CB2100,10551,C02
162,BBA Accountancy,LC0200A,CB2201,10678,C05
162,BBA Accountancy,LC0200A,LC0200A,10841,T01
162,BBA Accountancy,LC0200A,CB2601,11195,C03
162,BBA Accountancy,LC0200A,CB2100,11276,T12
162,BBA Accountancy,LC0200A,CB2300,12534,S03
163,BBA Accountancy,LC0200A,CB2201,10341,C03
163,BBA Accountancy,LC0200A,CB2100,10551,C02
163,BBA Accountancy,LC0200A,CB2100,10553,T10
163,BBA Accountancy,LC0200A,LC0200A,10883,T14
163,BBA Accountancy,LC0200A,CB2300,12535,S04
163,BBA Accountancy,LC0200A,CB2601,12560,C05
164,BBA Accountancy,LC0200A,CB2100,10190,C01
164,BBA Accountancy,LC0200A,CB2100,10554,T11
164,BBA Accountancy,LC0200A,CB2601,11195,C03
164,BBA Accountancy,LC0200A,CB2300,13959,SB4
164,BBA Accountancy,LC0200A,CB2201,14827,C06
164,BBA Accountancy,LC0200A,LC0200A,14950,T18
165,BBA Accountancy,LC0200A,CB2100,10246,T03
165,BBA Accountancy,LC0200A,CB2100,10551,C02
165,BBA Accountancy,LC0200A,CB2201,10792,C04
165,BBA Accountancy,LC0200A,LC0200A,10891,T23
165,BBA Accountancy,LC0200A,CB2601,12305,C01
165,BBA Accountancy,LC0200A,CB2300,12533,S01
166,BBA Accountancy,LC0200A,CB2100,10190,C01
166,BBA Accountancy,LC0200A,CB2601,10334,C04
166,BBA Accountancy,LC0200A,CB2100,10554,T11
166,BBA Accountancy,LC0200A,CB2201,10678,C05
166,BBA Accountancy,LC0200A,LC0200A,10882,T13
166,BBA Accountancy,LC0200A,CB2300,12536,S05
167,BBA Accountancy,LC0200A,CB2100,10190,C01
167,BBA Accountancy,LC0200A,CB2201,10678,C05
167,BBA Accountancy,LC0200A,CB2100,11281,TAE
167,BBA Accountancy,LC0200A,LC0200A,12333,T40
167,BBA Accountancy,LC0200A,CB2601,12560,C05
167,BBA Accountancy,LC0200A,CB2300,14901,SC5
168,BBA Accountancy,LC0200A,CB2100,10190,C01
168,BBA Accountancy,LC0200A,CB2601,10334,C04
168,BBA Accountancy,LC0200A,LC0200A,10897,T29
168,BBA Accountancy,LC0200A,CB2100,11278,T14
168,BBA Accountancy,LC0200A,CB2300,12535,S04
168,BBA Accountancy,LC0200A,CB2201,14827,C06
169,BBA Accountancy,LC0200A,CB2100,10190,C01
169,BBA Accountancy,LC0200A,CB2100,10246,T03
169,BBA Accountancy,LC0200A,CB2201,10341,C03
169,BBA Accountancy,LC0200A,CB2300,12533,S01
169,BBA Accountancy,LC0200A,CB2601,12560,C05
169,BBA Accountancy,LC0200A,LC0200A,14950,T18
170,BBA Accountancy,LC0200A,CB2201,10340,C02
170,BBA Accountancy,LC0200A,CB2100,10551,C02
170,BBA Accountancy,LC0200A,LC0200A,11170,T32
170,BBA Accountancy,LC0200A,CB2100,11278,T14
170,BBA Accountancy,LC0200A,CB2601,12561,CC5
170,BBA Accountancy,LC0200A,CB2300,14900,SC4
171,BBA Accountancy,LC0200A,CB2201,10792,C04
171,BBA Accountancy,LC0200A,LC0200A,10896,T28
171,BBA Accountancy,LC0200A,CB2601,12305,C01
171,BBA Accountancy,LC0200A,CB2300,12533,S01
171,BBA Accountancy,LC0200A,CB2100,12575,TB1
171,BBA Accountancy,LC0200A,CB2100,12890,CB2
172,BBA Accountancy,LC0200A,CB2601,10335,C02
172,BBA Accountancy,LC0200A,CB2100,10459,TA4
172,BBA Accountancy,LC0200A,CB2201,10792,C04
172,BBA Accountancy,LC0200A,LC0200A,10886,T17
172,BBA Accountancy,LC0200A,CB2100,11077,CA1
172,BBA Accountancy,LC0200A,CB2300,12536,S05
173,BBA Accountancy,LC0200A,CB2201,10792,C04
173,BBA Accountancy,LC0200A,LC0200A,11170,T32
173,BBA Accountancy,LC0200A,CB2601,12560,C05
173,BBA Accountancy,LC0200A,CB2100,12575,TB1
173,BBA Accountancy,LC0200A,CB2100,12890,CB2
173,BBA Accountancy,LC0200A,CB2300,13958,SB3
174,BBA Accountancy,LC0200A,CB2100,10443,T08
174,BBA Accountancy,LC0200A,CB2100,10551,C02
174,BBA Accountancy,LC0200A,CB2201,10792,C04
174,BBA Accountancy,LC0200A,LC0200A,10863,T03
174,BBA Accountancy,LC0200A,CB2601,12304,CE1
174,BBA Accountancy,LC0200A,CB2300,13960,SB5
175,BBA Accountancy,LC0200A,CB2100,10190,C01
175,BBA Accountancy,LC0200A,CB2100,10244,T01
175,BBA Accountancy,LC0200A,CB2601,12304,CE1
175,BBA Accountancy,LC0200A,CB2300,12532,S02
175,BBA Accountancy,LC0200A,CB2201,14827,C06
175,BBA Accountancy,LC0200A,LC0200A,14950,T18
176,BBA Accountancy,LC0200A,CB2100,10457,CA2
176,BBA Accountancy,LC0200A,CB2100,10596,TA2
176,BBA Accountancy,LC0200A,LC0200A,11030,T31
176,BBA Accountancy,LC0200A,CB2601,12560,C05
176,BBA Accountancy,LC0200A,CB2201,13718,CM2
176,BBA Accountancy,LC0200A,CB2300,13958,SB3
177,BBA Accountancy,LC0200A,CB2100,10442,T07
177,BBA Accountancy,LC0200A,CB2100,10551,C02
177,BBA Accountancy,LC0200A,LC0200A,10883,T14
177,BBA Accountancy,LC0200A,CB2601,11195,C03
177,BBA Accountancy,LC0200A,CB2300,12534,S03
177,BBA Accountancy,LC0200A,CB2201,14828,C07
178,BBA Accountancy,LC0200A,CB2100,10190,C01
178,BBA Accountancy,LC0200A,CB2601,10335,C02
178,BBA Accountancy,LC0200A,CB2201,10340,C02
178,BBA Accountancy,LC0200A,CB2100,11277,T13
178,BBA Accountancy,LC0200A,LC0200A,11449,T34
178,BBA Accountancy,LC0200A,CB2300,12535,S04
179,BBA Accountancy,LC0200A,CB2601,10334,C04
179,BBA Accountancy,LC0200A,CB2100,10457,CA2
179,BBA Accountancy,LC0200A,CB2100,10458,TA3
179,BBA Accountancy,LC0200A,LC0200A,11030,T31
179,BBA Accountancy,LC0200A,CB2300,12533,S01
179,BBA Accountancy,LC0200A,CB2201,14827,C06
180,BBA Accountancy,LC0200A,CB2201,10339,C01
180,BBA Accountancy,LC0200A,CB2100,10441,T06
180,BBA Accountancy,LC0200A,CB2100,10551,C02
180,BBA Accountancy,LC0200A,LC0200A,10880,T11
180,BBA Accountancy,LC0200A,CB2601,11195,C03
180,BBA Accountancy,LC0200A,CB2300,12534,S03
181,BBA Accountancy,LC0200A,CB2601,10334,C04
181,BBA Accountancy,LC0200A,CB2201,10340,C02
181,BBA Accountancy,LC0200A,LC0200A,10882,T13
181,BBA Accountancy,LC0200A,CB2300,12535,S04
181,BBA Accountancy,LC0200A,CB2100,12574,CB1
181,BBA Accountancy,LC0200A,CB2100,12575,TB1
182,BBA Accountancy,LC0200A,CB2201,10339,C01
182,BBA Accountancy,LC0200A,CB2100,10443,T08
182,BBA Accountancy,LC0200A,CB2100,10551,C02
182,BBA Accountancy,LC0200A,LC0200A,10880,T11
182,BBA Accountancy,LC0200A,CB2601,12305,C01
182,BBA Accountancy,LC0200A,CB2300,12536,S05
183,BBA Accountancy,LC0200A,CB2100,10190,C01
183,BBA Accountancy,LC0200A,CB2201,10341,C03
183,BBA Accountancy,LC0200A,LC0200A,11170,T32
183,BBA Accountancy,LC0200A,CB2100,11277,T13
183,BBA Accountancy,LC0200A,CB2300,12536,S05
183,BBA Accountancy,LC0200A,CB2601,12560,C05
184,BBA Accountancy,LC0200A,CB2601,10335,C02
184,BBA Accountancy,LC0200A,CB2201,10340,C02
184,BBA Accountancy,LC0200A,CB2100,10551,C02
184,BBA Accountancy,LC0200A,CB2100,10553,T10
184,BBA Accountancy,LC0200A,LC0200A,10892,T24
184,BBA Accountancy,LC0200A,CB2300,12534,S03
185,BBA Accountancy,LC0200A,CB2100,10190,C01
185,BBA Accountancy,LC0200A,CB2100,10442,T07
185,BBA Accountancy,LC0200A,CB2201,10792,C04
185,BBA Accountancy,LC0200A,LC0200A,11030,T31
185,BBA Accountancy,LC0200A,CB2300,12535,S04
185,BBA Accountancy,LC0200A,CB2601,12560,C05
186,BBA Accountancy,LC0200A,CB2100,10192,T05
186,BBA Accountancy,LC0200A,CB2201,10339,C01
186,BBA Accountancy,LC0200A,CB2100,10551,C02
186,BBA Accountancy,LC0200A,LC0200A,10864,T04
186,BBA Accountancy,LC0200A,CB2601,12305,C01
186,BBA Accountancy,LC0200A,CB2300,12536,S05
187,BBA Accountancy,LC0200A,CB2100,10190,C01
187,BBA Accountancy,LC0200A,CB2100,10244,T01
187,BBA Accountancy,LC0200A,CB2201,10792,C04
187,BBA Accountancy,LC0200A,LC0200A,10864,T04
187,BBA Accountancy,LC0200A,CB2601,11195,C03
187,BBA Accountancy,LC0200A,CB2300,12535,S04
188,BBA Accountancy,LC0200A,CB2100,10190,C01
188,BBA Accountancy,LC0200A,CB2601,10334,C04
188,BBA Accountancy,LC0200A,CB2100,10441,T06
188,BBA Accountancy,LC0200A,LC0200A,10865,T05
188,BBA Accountancy,LC0200A,CB2300,12536,S05
188,BBA Accountancy,LC0200A,CB2201,14828,C07
189,BBA Accountancy,LC0200A,CB2201,10678,C05
189,BBA Accountancy,LC0200A,LC0200A,10862,T02
189,BBA Accountancy,LC0200A,CB2601,12560,C05
189,BBA Accountancy,LC0200A,CB2100,12574,CB1
189,BBA Accountancy,LC0200A,CB2100,12575,TB1
189,BBA Accountancy,LC0200A,CB2300,14881,SC2
190,BBA Accountancy,LC0200A,CB2100,10190,C01
190,BBA Accountancy,LC0200A,CB2100,10244,T01
190,BBA Accountancy,LC0200A,LC0200A,10892,T24
190,BBA Accountancy,LC0200A,CB2601,12266,CC2
190,BBA Accountancy,LC0200A,CB2300,12532,S02
190,BBA Accountancy,LC0200A,CB2201,14828,C07
191,BBA Accountancy,LC0200A,CB2100,10442,T07
191,BBA Accountancy,LC0200A,CB2100,10551,C02
191,BBA Accountancy,LC0200A,CB2201,10678,C05
191,BBA Accountancy,LC0200A,LC0200A,10880,T11
191,BBA Accountancy,LC0200A,CB2601,12306,CA4
191,BBA Accountancy,LC0200A,CB2300,13960,SB5
192,BBA Finance,GE1401,CB2100,10190,C01
192,BBA Finance,GE1401,CB2400,10235,C02
192,BBA Finance,GE1401,CB2100,10246,T03
192,BBA Finance,GE1401,GE1401,12126,T67
192,BBA Finance,GE1401,CB2201,14827,C06
193,BBA Finance,GE1401,CB2100,10190,C01
193,BBA Finance,GE1401,CB2100,10192,T05
193,BBA Finance,GE1401,GE1401,10727,T60
193,BBA Finance,GE1401,CB2400,13315,CB3
193,BBA Finance,GE1401,CB2201,14828,C07
194,BBA Finance,GE1401,CB2400,10235,C02
194,BBA Finance,GE1401,CB2100,10441,T06
194,BBA Finance,GE1401,CB2100,10551,C02
194,BBA Finance,GE1401,CB2201,10792,C04
194,BBA Finance,GE1401,GE1401,15601,T28
195,BBA Finance,GE1401,CB2400,12538,C04
195,BBA Finance,GE1401,CB2100,12574,CB1
195,BBA Finance,GE1401,CB2100,12575,TB1
195,BBA Finance,GE1401,CB2201,14828,C07
195,BBA Finance,GE1401,GE1401,15205,TC5
196,BBA Finance,GE1401,CB2201,10341,C03
196,BBA Finance,GE1401,CB2100,10551,C02
196,BBA Finance,GE1401,GE1401,10714,T43
196,BBA Finance,GE1401,CB2100,11278,T14
196,BBA Finance,GE1401,CB2400,13315,CB3
197,BBA Finance,GE1401,CB2100,10443,T08
197,BBA Finance,GE1401,CB2100,10551,C02
197,BBA Finance,GE1401,GE1401,10679,T02
197,BBA Finance,GE1401,CB2400,10839,CB1
197,BBA Finance,GE1401,CB2201,14828,C07
198,BBA Finance,GE1401,CB2100,10551,C02
198,BBA Finance,GE1401,CB2100,10552,T09
198,BBA Finance,GE1401,GE1401,11493,T75
198,BBA Finance,GE1401,CB2400,13315,CB3
198,BBA Finance,GE1401,CB2201,14828,C07
199,BBA Finance,GE1401,CB2201,10340,C02
199,BBA Finance,GE1401,CB2100,10551,C02
199,BBA Finance,GE1401,CB2100,10552,T09
199,BBA Finance,GE1401,GE1401,12119,T18
199,BBA Finance,GE1401,CB2400,12538,C04
200,BBA Finance,GE1401,CB2100,10246,T03
200,BBA Finance,GE1401,GE1401,10357,T01
200,BBA Finance,GE1401,CB2400,10404,CA2
200,BBA Finance,GE1401,CB2100,10551,C02
200,BBA Finance,GE1401,CB2201,12852,CM1
201,BBA Finance,GE1401,CB2100,10190,C01
201,BBA Finance,GE1401,CB2100,10192,T05
201,BBA Finance,GE1401,GE1401,10723,T56
201,BBA Finance,GE1401,CB2400,10840,CB2
201,BBA Finance,GE1401,CB2201,14827,C06
202,BBA Finance,GE1401,CB2100,10244,T01
202,BBA Finance,GE1401,CB2100,10551,C02
202,BBA Finance,GE1401,GE1401,10722,T55
202,BBA Finance,GE1401,CB2201,10792,C04
202,BBA Finance,GE1401,CB2400,12538,C04
203,BBA Finance,GE1401,CB2400,10180,C01
203,BBA Finance,GE1401,CB2100,10190,C01
203,BBA Finance,GE1401,CB2100,10244,T01
203,BBA Finance,GE1401,CB2201,10339,C01
203,BBA Finance,GE1401,GE1401,10730,T64
204,BBA Finance,GE1401,CB2400,10235,C02
204,BBA Finance,GE1401,GE1401,11499,T85
204,BBA Finance,GE1401,CB2100,12575,TB1
204,BBA Finance,GE1401,CB2100,12890,CB2
204,BBA Finance,GE1401,CB2201,14828,C07
205,BBA Finance,GE1401,CB2100,10190,C01
205,BBA Finance,GE1401,CB2100,10554,T11
205,BBA Finance,GE1401,CB2400,10839,CB1
205,BBA Finance,GE1401,GE1401,12398,T70
205,BBA Finance,GE1401,CB2201,14827,C06
206,BBA Finance,GE1401,CB2100,10246,T03
206,BBA Finance,GE1401,CB2201,10339,C01
206,BBA Finance,GE1401,CB2100,10551,C02
206,BBA Finance,GE1401,CB2400,10840,CB2
206,BBA Finance,GE1401,GE1401,11451,T68
207,BBA Finance,GE1401,CB2100,10190,C01
207,BBA Finance,GE1401,CB2400,10235,C02
207,BBA Finance,GE1401,CB2100,10246,T03
207,BBA Finance,GE1401,CB2201,10792,C04
207,BBA Finance,GE1401,GE1401,12396,T46
208,BBA Finance,GE1401,CB2201,10340,C02
208,BBA Finance,GE1401,GE1401,10685,T08
208,BBA Finance,GE1401,CB2400,12538,C04
208,BBA Finance,GE1401,CB2100,12574,CB1
208,BBA Finance,GE1401,CB2100,12575,TB1
209,BBA Finance,GE1401,CB2100,10192,T05
209,BBA Finance,GE1401,CB2400,10236,C03
209,BBA Finance,GE1401,CB2201,10339,C01
209,BBA Finance,GE1401,CB2100,10551,C02
209,BBA Finance,GE1401,GE1401,10708,T34
210,BBA Finance,GE1401,CB2100,10190,C01
210,BBA Finance,GE1401,CB2100,10191,T04
210,BBA Finance,GE1401,CB2201,10339,C01
210,BBA Finance,GE1401,GE1401,10718,T50
210,BBA Finance,GE1401,CB2400,10840,CB2
211,BBA Finance,GE1401,CB2201,10678,C05
211,BBA Finance,GE1401,GE1401,10722,T55
211,BBA Finance,GE1401,CB2400,10839,CB1
211,BBA Finance,GE1401,CB2100,12575,TB1
211,BBA Finance,GE1401,CB2100,12890,CB2
212,BBA Finance,GE1401,CB2400,10180,C01
212,BBA Finance,GE1401,CB2100,10551,C02
212,BBA Finance,GE1401,CB2100,10553,T10
212,BBA Finance,GE1401,GE1401,10685,T08
212,BBA Finance,GE1401,CB2201,14827,C06
213,BBA Finance,GE1401,CB2400,10180,C01
213,BBA Finance,GE1401,CB2201,10340,C02
213,BBA Finance,GE1401,CB2100,10551,C02
213,BBA Finance,GE1401,GE1401,10698,T22
213,BBA Finance,GE1401,CB2100,11276,T12
214,BBA Finance,GE1401,CB2100,10551,C02
214,BBA Finance,GE1401,CB2100,10554,T11
214,BBA Finance,GE1401,CB2400,10839,CB1
214,BBA Finance,GE1401,GE1401,12126,T67
214,BBA Finance,GE1401,CB2201,14827,C06
215,BBA Finance,GE1401,CB2100,10190,C01
215,BBA Finance,GE1401,CB2100,10244,T01
215,BBA Finance,GE1401,CB2201,10678,C05
215,BBA Finance,GE1401,CB2400,10839,CB1
215,BBA Finance,GE1401,GE1401,12814,T91
216,BBA Finance,GE1401,CB2100,10190,C01
216,BBA Finance,GE1401,CB2100,10246,T03
216,BBA Finance,GE1401,CB2201,10339,C01
216,BBA Finance,GE1401,CB2400,10839,CB1
216,BBA Finance,GE1401,GE1401,12397,T51
217,BBA Finance,GE1401,CB2100,10190,C01
217,BBA Finance,GE1401,CB2400,10236,C03
217,BBA Finance,GE1401,CB2100,10554,T11
217,BBA Finance,GE1401,CB2201,10678,C05
217,BBA Finance,GE1401,GE1401,10696,T20
218,BBA Finance,GE1401,CB2100,10190,C01
218,BBA Finance,GE1401,CB2400,10236,C03
218,BBA Finance,GE1401,CB2201,10340,C02
218,BBA Finance,GE1401,GE1401,10357,T01
218,BBA Finance,GE1401,CB2100,11280,TAD
219,BBA Finance,GE1401,CB2100,10190,C01
219,BBA Finance,GE1401,CB2400,10236,C03
219,BBA Finance,GE1401,CB2201,10340,C02
219,BBA Finance,GE1401,GE1401,10728,T61
219,BBA Finance,GE1401,CB2100,11278,T14
220,BBA Finance,GE1401,CB2100,10192,T05
220,BBA Finance,GE1401,GE1401,10357,T01
220,BBA Finance,GE1401,CB2400,10409,CA3
220,BBA Finance,GE1401,CB2100,10551,C02
220,BBA Finance,GE1401,CB2201,10678,C05
221,BBA Finance,GE1401,CB2100,10190,C01
221,BBA Finance,GE1401,CB2201,10341,C03
221,BBA Finance,GE1401,CB2100,10552,T09
221,BBA Finance,GE1401,GE1401,10727,T60
221,BBA Finance,GE1401,CB2400,13315,CB3
222,BBA Finance,GE1401,CB2100,10190,C01
222,BBA Finance,GE1401,CB2400,10840,CB2
222,BBA Finance,GE1401,CB2100,11279,TAC
222,BBA Finance,GE1401,GE1401,12126,T67
222,BBA Finance,GE1401,CB2201,14828,C07
223,BBA Finance,GE1401,CB2400,10235,C02
223,BBA Finance,GE1401,CB2100,12574,CB1
223,BBA Finance,GE1401,CB2100,12575,TB1
223,BBA Finance,GE1401,GE1401,13568,T96
223,BBA Finance,GE1401,CB2201,14827,C06
224,BBA Finance,GE1401,CB2201,10340,C02
224,BBA Finance,GE1401,GE1401,10720,T53
224,BBA Finance,GE1401,CB2100,11077,CA1
224,BBA Finance,GE1401,CB2400,12538,C04
224,BBA Finance,GE1401,CB2100,12576,TA1
225,BBA Finance,GE1401,CB2201,10341,C03
225,BBA Finance,GE1401,CB2100,10551,C02
225,BBA Finance,GE1401,CB2100,10553,T10
225,BBA Finance,GE1401,CB2400,13315,CB3
225,BBA Finance,GE1401,GE1401,13573,TB2
226,BBA Finance,GE1401,CB2400,10180,C01
226,BBA Finance,GE1401,CB2100,10551,C02
226,BBA Finance,GE1401,CB2100,10553,T10
226,BBA Finance,GE1401,CB2201,10678,C05
226,BBA Finance,GE1401,GE1401,10698,T22
227,BBA Finance,GE1401,CB2100,10190,C01
227,BBA Finance,GE1401,CB2201,10341,C03
227,BBA Finance,GE1401,CB2100,10552,T09
227,BBA Finance,GE1401,CB2400,13315,CB3
227,BBA Finance,GE1401,GE1401,15180,TC1
228,BBA Finance,GE1401,CB2400,10404,CA2
228,BBA Finance,GE1401,CB2201,10678,C05
228,BBA Finance,GE1401,CB2100,12575,TB1
228,BBA Finance,GE1401,GE1401,12735,T74
228,BBA Finance,GE1401,CB2100,12890,CB2
229,BBA Finance,GE1401,CB2100,10245,T02
229,BBA Finance,GE1401,CB2100,10551,C02
229,BBA Finance,GE1401,GE1401,10686,T09
229,BBA Finance,GE1401,CB2400,10840,CB2
229,BBA Finance,GE1401,CB2201,14827,C06
230,BBA Finance,GE1401,CB2100,10190,C01
230,BBA Finance,GE1401,CB2400,10235,C02
230,BBA Finance,GE1401,CB2100,10553,T10
230,BBA Finance,GE1401,CB2201,14827,C06
230,BBA Finance,GE1401,GE1401,15206,TC6
231,BBA Finance,GE1401,CB2100,10190,C01
231,BBA Finance,GE1401,CB2400,10409,CA3
231,BBA Finance,GE1401,CB2100,10441,T06
231,BBA Finance,GE1401,CB2201,10678,C05
231,BBA Finance,GE1401,GE1401,11500,T86
232,BBA Finance,GE1401,CB2100,10190,C01
232,BBA Finance,GE1401,CB2100,10246,T03
232,BBA Finance,GE1401,CB2201,10339,C01
232,BBA Finance,GE1401,GE1401,10722,T55
232,BBA Finance,GE1401,CB2400,12538,C04
233,BBA Finance,GE1401,CB2201,10339,C01
233,BBA Finance,GE1401,CB2100,10457,CA2
233,BBA Finance,GE1401,CB2100,10596,TA2
233,BBA Finance,GE1401,GE1401,10731,T66
233,BBA Finance,GE1401,CB2400,10839,CB1
234,BBA Finance,GE1401,CB2400,10236,C03
234,BBA Finance,GE1401,CB2100,10551,C02
234,BBA Finance,GE1401,GE1401,10679,T02
234,BBA Finance,GE1401,CB2100,11276,T12
234,BBA Finance,GE1401,CB2201,13718,CM2
235,BBA Finance,GE1401,CB2100,10190,C01
235,BBA Finance,GE1401,CB2100,10553,T10
235,BBA Finance,GE1401,CB2201,10678,C05
235,BBA Finance,GE1401,GE1401,12814,T91
235,BBA Finance,GE1401,CB2400,13315,CB3
236,BBA Finance,GE1401,CB2100,10190,C01
236,BBA Finance,GE1401,CB2201,10341,C03
236,BBA Finance,GE1401,CB2100,10441,T06
236,BBA Finance,GE1401,GE1401,11500,T86
236,BBA Finance,GE1401,CB2400,13315,CB3
237,BBA Finance,GE1401,CB2100,10190,C01
237,BBA Finance,GE1401,CB2100,10554,T11
237,BBA Finance,GE1401,GE1401,10701,T25
237,BBA Finance,GE1401,CB2400,10840,CB2
237,BBA Finance,GE1401,CB2201,14827,C06
238,BBA Finance,GE1401,CB2400,10180,C01
238,BBA Finance,GE1401,CB2201,10678,C05
238,BBA Finance,GE1401,GE1401,10698,T22
238,BBA Finance,GE1401,CB2100,12575,TB1
238,BBA Finance,GE1401,CB2100,12890,CB2
239,BBA Finance,GE1401,CB2100,10245,T02
239,BBA Finance,GE1401,CB2100,10551,C02
239,BBA Finance,GE1401,CB2201,10792,C04
239,BBA Finance,GE1401,CB2400,12538,C04
239,BBA Finance,GE1401,GE1401,13572,TB1
240,BBA Finance,GE1401,CB2201,10341,C03
240,BBA Finance,GE1401,CB2100,10551,C02
240,BBA Finance,GE1401,CB2100,10552,T09
240,BBA Finance,GE1401,GE1401,11496,T79
240,BBA Finance,GE1401,CB2400,12538,C04
241,BBA Finance,GE1401,CB2100,10190,C01
241,BBA Finance,GE1401,CB2100,10192,T05
241,BBA Finance,GE1401,GE1401,10687,T10
241,BBA Finance,GE1401,CB2400,10840,CB2
241,BBA Finance,GE1401,CB2201,14827,C06
242,BBA Finance,GE1401,CB2100,10190,C01
242,BBA Finance,GE1401,CB2201,10341,C03
242,BBA Finance,GE1401,GE1401,10711,T38
242,BBA Finance,GE1401,CB2400,10839,CB1
242,BBA Finance,GE1401,CB2100,11276,T12
243,BBA Finance,GE1401,GE1401,10702,T27
243,BBA Finance,GE1401,CB2201,10792,C04
243,BBA Finance,GE1401,CB2400,12538,C04
243,BBA Finance,GE1401,CB2100,12574,CB1
243,BBA Finance,GE1401,CB2100,12575,TB1
244,BBA Finance,GE1401,CB2100,10551,C02
244,BBA Finance,GE1401,CB2100,10560,TAA
244,BBA Finance,GE1401,CB2400,13315,CB3
244,BBA Finance,GE1401,CB2201,14828,C07
244,BBA Finance,GE1401,GE1401,15180,TC1
245,BBA Finance,GE1401,CB2100,10190,C01
245,BBA Finance,GE1401,CB2400,10235,C02
245,BBA Finance,GE1401,CB2100,10554,T11
245,BBA Finance,GE1401,CB2201,10678,C05
245,BBA Finance,GE1401,GE1401,11493,T75
246,BBA Finance,GE1401,CB2100,10192,T05
246,BBA Finance,GE1401,CB2400,10236,C03
246,BBA Finance,GE1401,CB2100,10551,C02
246,BBA Finance,GE1401,CB2201,14827,C06
246,BBA Finance,GE1401,GE1401,15207,TC7
247,BBA Finance,GE1401,CB2400,10235,C02
247,BBA Finance,GE1401,GE1401,10730,T64
247,BBA Finance,GE1401,CB2100,12574,CB1
247,BBA Finance,GE1401,CB2100,12575,TB1
247,BBA Finance,GE1401,CB2201,12852,CM1
248,BBA Finance,GE1401,CB2100,10190,C01
248,BBA Finance,GE1401,CB2100,10191,T04
248,BBA Finance,GE1401,CB2400,10235,C02
248,BBA Finance,GE1401,CB2201,10678,C05
248,BBA Finance,GE1401,GE1401,15182,TC3
249,BBA Finance,GE1401,CB2100,10190,C01
249,BBA Finance,GE1401,CB2201,10341,C03
249,BBA Finance,GE1401,GE1401,11070,TA1
249,BBA Finance,GE1401,CB2100,11276,T12
249,BBA Finance,GE1401,CB2400,13315,CB3
250,BBA Finance,GE1401,CB2400,10180,C01
250,BBA Finance,GE1401,CB2100,10458,TA3
250,BBA Finance,GE1401,GE1401,10679,T02
250,BBA Finance,GE1401,CB2100,11077,CA1
250,BBA Finance,GE1401,CB2201,14827,C06
251,BBA Finance,GE1401,CB2100,10559,TA9
251,BBA Finance,GE1401,CB2100,11077,CA1
251,BBA Finance,GE1401,GE1401,11451,T68
251,BBA Finance,GE1401,CB2400,12540,CA4
251,BBA Finance,GE1401,CB2201,13198,CF1
252,BBA Finance,GE1401,CB2400,10403,CA1
252,BBA Finance,GE1401,CB2100,10551,C02
252,BBA Finance,GE1401,GE1401,10702,T27
252,BBA Finance,GE1401,CB2100,11277,T13
252,BBA Finance,GE1401,CB2201,14828,C07
253,BBA Finance,GE1401,CB2201,10339,C01
253,BBA Finance,GE1401,CB2100,10551,C02
253,BBA Finance,GE1401,CB2100,10554,T11
253,BBA Finance,GE1401,GE1401,11499,T85
253,BBA Finance,GE1401,CB2400,13315,CB3
254,BBA Finance,GE1401,CB2201,10340,C02
254,BBA Finance,GE1401,CB2100,10556,TA6
254,BBA Finance,GE1401,CB2100,11077,CA1
254,BBA Finance,GE1401,CB2400,12538,C04
254,BBA Finance,GE1401,GE1401,15601,T28
255,BBA Finance,GE1401,CB2100,10190,C01
255,BBA Finance,GE1401,GE1401,10716,T47
255,BBA Finance,GE1401,CB2201,10792,C04
255,BBA Finance,GE1401,CB2400,10839,CB1
255,BBA Finance,GE1401,CB2100,11278,T14
256,BBA Finance,GE1401,CB2201,10340,C02
256,BBA Finance,GE1401,CB2100,10551,C02
256,BBA Finance,GE1401,CB2100,10561,TAB
256,BBA Finance,GE1401,CB2400,12538,C04
256,BBA Finance,GE1401,GE1401,13576,TB5
257,BBA Finance,GE1401,CB2400,10180,C01
257,BBA Finance,GE1401,CB2100,10190,C01
257,BBA Finance,GE1401,CB2100,10553,T10
257,BBA Finance,GE1401,GE1401,10694,T17
257,BBA Finance,GE1401,CB2201,14827,C06
258,BBA Finance,GE1401,CB2100,10551,C02
258,BBA Finance,GE1401,CB2201,10678,C05
258,BBA Finance,GE1401,CB2400,10839,CB1
258,BBA Finance,GE1401,CB2100,11277,T13
258,BBA Finance,GE1401,GE1401,11494,T76
259,BBA Finance,GE1401,CB2400,10180,C01
259,BBA Finance,GE1401,CB2100,10190,C01
259,BBA Finance,GE1401,CB2100,10246,T03
259,BBA Finance,GE1401,GE1401,14271,TB8
259,BBA Finance,GE1401,CB2201,14827,C06
260,BBA Finance,GE1401,CB2201,10339,C01
260,BBA Finance,GE1401,GE1401,10705,T30
260,BBA Finance,GE1401,CB2400,12538,C04
260,BBA Finance,GE1401,CB2100,12575,TB1
260,BBA Finance,GE1401,CB2100,12890,CB2
261,BBA Finance,GE1401,CB2100,10190,C01
261,BBA Finance,GE1401,CB2100,10442,T07
261,BBA Finance,GE1401,CB2201,10678,C05
261,BBA Finance,GE1401,GE1401,10697,T21
261,BBA Finance,GE1401,CB2400,10839,CB1
262,BBA Finance,GE1401,CB2400,10180,C01
262,BBA Finance,GE1401,CB2100,10190,C01
262,BBA Finance,GE1401,CB2201,10792,C04
262,BBA Finance,GE1401,CB2100,11277,T13
262,BBA Finance,GE1401,GE1401,15600,T14
263,BBA Finance,GE1401,CB2400,10180,C01
263,BBA Finance,GE1401,CB2100,10190,C01
263,BBA Finance,GE1401,CB2100,10245,T02
263,BBA Finance,GE1401,GE1401,10711,T38
263,BBA Finance,GE1401,CB2201,10792,C04
264,BBA Finance,GE1401,CB2201,10340,C02
264,BBA Finance,GE1401,CB2100,10441,T06
264,BBA Finance,GE1401,CB2100,10551,C02
264,BBA Finance,GE1401,GE1401,10698,T22
264,BBA Finance,GE1401,CB2400,13315,CB3
265,BBA Finance,GE1401,CB2100,10190,C01
265,BBA Finance,GE1401,CB2400,10236,C03
265,BBA Finance,GE1401,CB2100,10245,T02
265,BBA Finance,GE1401,CB2201,10678,C05
265,BBA Finance,GE1401,GE1401,11505,T93
266,BBA Finance,GE1401,CB2400,10180,C01
266,BBA Finance,GE1401,CB2100,10190,C01
266,BBA Finance,GE1401,CB2100,10246,T03
266,BBA Finance,GE1401,CB2201,10341,C03
266,BBA Finance,GE1401,GE1401,10685,T08
267,BBA Finance,GE1401,CB2100,10190,C01
267,BBA Finance,GE1401,CB2100,10245,T02
267,BBA Finance,GE1401,CB2201,10339,C01
267,BBA Finance,GE1401,CB2400,10840,CB2
267,BBA Finance,GE1401,GE1401,11495,T77
268,BBA Finance,GE1401,CB2201,10340,C02
268,BBA Finance,GE1401,CB2100,10441,T06
268,BBA Finance,GE1401,CB2100,10551,C02
268,BBA Finance,GE1401,GE1401,10681,T04
268,BBA Finance,GE1401,CB2400,12538,C04
269,BBA Finance,GE1401,CB2100,10190,C01
269,BBA Finance,GE1401,CB2100,10442,T07
269,BBA Finance,GE1401,GE1401,10685,T08
269,BBA Finance,GE1401,CB2400,12538,C04
269,BBA Finance,GE1401,CB2201,14828,C07
270,BBA Finance,GE1401,CB2400,10180,C01
270,BBA Finance,GE1401,CB2100,10190,C01
270,BBA Finance,GE1401,CB2100,10191,T04
270,BBA Finance,GE1401,CB2201,10678,C05
270,BBA Finance,GE1401,GE1401,10706,T31
271,BBA Finance,GE1401,CB2100,10190,C01
271,BBA Finance,GE1401,CB2100,10244,T01
271,BBA Finance,GE1401,GE1401,10723,T56
271,BBA Finance,GE1401,CB2201,10792,C04
271,BBA Finance,GE1401,CB2400,12538,C04
272,BBA Finance,GE1401,CB2400,10180,C01
272,BBA Finance,GE1401,CB2100,10190,C01
272,BBA Finance,GE1401,CB2100,10191,T04
272,BBA Finance,GE1401,GE1401,10357,T01
272,BBA Finance,GE1401,CB2201,10792,C04
273,BBA Finance,GE1401,CB2100,10192,T05
273,BBA Finance,GE1401,CB2100,10551,C02
273,BBA Finance,GE1401,CB2201,10678,C05
273,BBA Finance,GE1401,GE1401,10721,T54
273,BBA Finance,GE1401,CB2400,10840,CB2
274,BBA Finance,GE1401,CB2100,10190,C01
274,BBA Finance,GE1401,CB2400,10235,C02
274,BBA Finance,GE1401,CB2201,10339,C01
274,BBA Finance,GE1401,CB2100,10443,T08
274,BBA Finance,GE1401,GE1401,10728,T61
275,BBA Finance,GE1401,CB2100,10551,C02
275,BBA Finance,GE1401,CB2100,11278,T14
275,BBA Finance,GE1401,CB2400,13315,CB3
275,BBA Finance,GE1401,CB2201,14828,C07
275,BBA Finance,GE1401,GE1401,15182,TC3
276,BBA Finance,GE1401,CB2100,10190,C01
276,BBA Finance,GE1401,CB2400,10236,C03
276,BBA Finance,GE1401,CB2201,10792,C04
276,BBA Finance,GE1401,CB2100,11278,T14
276,BBA Finance,GE1401,GE1401,11491,T69
277,BBA Finance,GE1401,CB2100,10551,C02
277,BBA Finance,GE1401,CB2100,11278,T14
277,BBA Finance,GE1401,CB2400,13315,CB3
277,BBA Finance,GE1401,GE1401,13572,TB1
277,BBA Finance,GE1401,CB2201,14828,C07
278,BBA Finance,GE1401,CB2100,10190,C01
278,BBA Finance,GE1401,CB2100,10553,T10
278,BBA Finance,GE1401,GE1401,10679,T02
278,BBA Finance,GE1401,CB2201,10792,C04
278,BBA Finance,GE1401,CB2400,10839,CB1
279,BBA Finance,GE1401,CB2201,10340,C02
279,BBA Finance,GE1401,CB2100,10441,T06
279,BBA Finance,GE1401,CB2100,10551,C02
279,BBA Finance,GE1401,GE1401,10695,T19
279,BBA Finance,GE1401,CB2400,12538,C04
280,BBA Finance,GE1401,CB2100,10190,C01
280,BBA Finance,GE1401,CB2201,10340,C02
280,BBA Finance,GE1401,GE1401,10722,T55
280,BBA Finance,GE1401,CB2400,10840,CB2
280,BBA Finance,GE1401,CB2100,11278,T14
281,BBA Finance,GE1401,CB2100,10190,C01
281,BBA Finance,GE1401,GE1401,10357,T01
281,BBA Finance,GE1401,CB2100,11279,TAC
281,BBA Finance,GE1401,CB2400,12538,C04
281,BBA Finance,GE1401,CB2201,14828,C07
282,BBA Finance,GE1401,CB2100,10190,C01
282,BBA Finance,GE1401,CB2201,10340,C02
282,BBA Finance,GE1401,CB2400,10403,CA1
282,BBA Finance,GE1401,GE1401,10690,T13
282,BBA Finance,GE1401,CB2100,11276,T12
283,BBA Finance,GE1401,CB2100,10190,C01
283,BBA Finance,GE1401,CB2400,10235,C02
283,BBA Finance,GE1401,CB2201,10792,C04
283,BBA Finance,GE1401,CB2100,11279,TAC
283,BBA Finance,GE1401,GE1401,11499,T85
284,BBA Finance,GE1401,CB2400,10180,C01
284,BBA Finance,GE1401,CB2100,10244,T01
284,BBA Finance,GE1401,CB2201,10340,C02
284,BBA Finance,GE1401,CB2100,10551,C02
284,BBA Finance,GE1401,GE1401,13568,T96
285,BBA Finance,GE1401,CB2100,10190,C01
285,BBA Finance,GE1401,CB2201,10341,C03
285,BBA Finance,GE1401,CB2100,10554,T11
285,BBA Finance,GE1401,CB2400,10839,CB1
285,BBA Finance,GE1401,GE1401,11500,T86
286,BBA Finance,GE1401,CB2100,10190,C01
286,BBA Finance,GE1401,CB2400,10235,C02
286,BBA Finance,GE1401,CB2201,10339,C01
286,BBA Finance,GE1401,CB2100,10552,T09
286,BBA Finance,GE1401,GE1401,12396,T46
287,BBA Finance,GE1401,CB2400,10180,C01
287,BBA Finance,GE1401,CB2100,10191,T04
287,BBA Finance,GE1401,CB2100,10551,C02
287,BBA Finance,GE1401,GE1401,10729,T63
287,BBA Finance,GE1401,CB2201,10792,C04
288,BBA Finance,GE1401,CB2100,10190,C01
288,BBA Finance,GE1401,CB2400,10236,C03
288,BBA Finance,GE1401,CB2201,10792,C04
288,BBA Finance,GE1401,CB2100,11278,T14
288,BBA Finance,GE1401,GE1401,11494,T76
289,BBA Finance,GE1401,CB2201,10339,C01
289,BBA Finance,GE1401,CB2100,10551,C02
289,BBA Finance,GE1401,CB2100,10554,T11
289,BBA Finance,GE1401,GE1401,10719,T52
289,BBA Finance,GE1401,CB2400,10840,CB2
290,BBA Finance,GE1401,CB2100,10190,C01
290,BBA Finance,GE1401,CB2400,10235,C02
290,BBA Finance,GE1401,CB2201,10341,C03
290,BBA Finance,GE1401,GE1401,10697,T21
290,BBA Finance,GE1401,CB2100,11276,T12
291,BBA Finance,GE1401,CB2400,10404,CA2
291,BBA Finance,GE1401,CB2100,10443,T08
291,BBA Finance,GE1401,CB2100,10551,C02
291,BBA Finance,GE1401,GE1401,11503,T89
291,BBA Finance,GE1401,CB2201,14827,C06
292,BBA Finance,GE1401,CB2100,10190,C01
292,BBA Finance,GE1401,CB2201,10792,C04
292,BBA Finance,GE1401,CB2100,11276,T12
292,BBA Finance,GE1401,CB2400,12538,C04
292,BBA Finance,GE1401,GE1401,15205,TC5
293,BBA Finance,GE1401,CB2100,10190,C01
293,BBA Finance,GE1401,CB2400,10236,C03
293,BBA Finance,GE1401,CB2100,10552,T09
293,BBA Finance,GE1401,GE1401,11493,T75
293,BBA Finance,GE1401,CB2201,14828,C07
294,BBA Finance,GE1401,CB2100,10190,C01
294,BBA Finance,GE1401,CB2400,10235,C02
294,BBA Finance,GE1401,CB2100,10244,T01
294,BBA Finance,GE1401,GE1401,10679,T02
294,BBA Finance,GE1401,CB2201,14828,C07
295,BBA Finance,GE1401,CB2100,10245,T02
295,BBA Finance,GE1401,CB2201,10341,C03
295,BBA Finance,GE1401,CB2100,10551,C02
295,BBA Finance,GE1401,CB2400,10839,CB1
295,BBA Finance,GE1401,GE1401,13263,T92
296,BBA Finance,GE1401,CB2201,10340,C02
296,BBA Finance,GE1401,CB2100,10551,C02
296,BBA Finance,GE1401,CB2100,10554,T11
296,BBA Finance,GE1401,GE1401,10728,T61
296,BBA Finance,GE1401,CB2400,10840,CB2
297,BBA Finance,LC0200A,CB2100,10443,T08
297,BBA Finance,LC0200A,CB2100,10551,C02
297,BBA Finance,LC0200A,CB2400,10839,CB1
297,BBA Finance,LC0200A,LC0200A,12333,T40
297,BBA Finance,LC0200A,CB2201,14827,C06
298,BBA Finance,LC0200A,CB2100,10442,T07
298,BBA Finance,LC0200A,CB2100,10551,C02
298,BBA Finance,LC0200A,CB2400,10839,CB1
298,BBA Finance,LC0200A,LC0200A,10879,T10
298,BBA Finance,LC0200A,CB2201,14827,C06
299,BBA Finance,LC0200A,CB2400,10180,C01
299,BBA Finance,LC0200A,CB2100,10190,C01
299,BBA Finance,LC0200A,CB2100,10191,T04
299,BBA Finance,LC0200A,LC0200A,10882,T13
299,BBA Finance,LC0200A,CB2201,14827,C06
300,BBA Finance,LC0200A,CB2100,10190,C01
300,BBA Finance,LC0200A,CB2100,10191,T04
300,BBA Finance,LC0200A,CB2201,10678,C05
300,BBA Finance,LC0200A,CB2400,10840,CB2
300,BBA Finance,LC0200A,LC0200A,10890,T22
301,BBA Finance,LC0200A,CB2100,10190,C01
301,BBA Finance,LC0200A,CB2100,10191,T04
301,BBA Finance,LC0200A,CB2201,10341,C03
301,BBA Finance,LC0200A,CB2400,13315,CB3
301,BBA Finance,LC0200A,LC0200A,14950,T18
302,BBA Finance,LC0200A,CB2400,10235,C02
302,BBA Finance,LC0200A,CB2100,10457,CA2
302,BBA Finance,LC0200A,CB2100,10555,TA5
302,BBA Finance,LC0200A,CB2201,10678,C05
302,BBA Finance,LC0200A,LC0200A,10889,T21
303,BBA Finance,LC0200A,CB2201,10339,C01
303,BBA Finance,LC0200A,CB2100,10441,T06
303,BBA Finance,LC0200A,CB2100,10551,C02
303,BBA Finance,LC0200A,CB2400,10840,CB2
303,BBA Finance,LC0200A,LC0200A,10863,T03
304,BBA Finance,LC0200A,CB2400,10180,C01
304,BBA Finance,LC0200A,CB2100,10190,C01
304,BBA Finance,LC0200A,CB2100,10244,T01
304,BBA Finance,LC0200A,CB2201,10792,C04
304,BBA Finance,LC0200A,LC0200A,10864,T04
305,BBA Finance,LC0200A,CB2100,10443,T08
305,BBA Finance,LC0200A,CB2100,10551,C02
305,BBA Finance,LC0200A,CB2400,10839,CB1
305,BBA Finance,LC0200A,LC0200A,10884,T15
305,BBA Finance,LC0200A,CB2201,14827,C06
306,BBA Finance,LC0200A,CB2201,10339,C01
306,BBA Finance,LC0200A,CB2100,10551,C02
306,BBA Finance,LC0200A,CB2100,10553,T10
306,BBA Finance,LC0200A,CB2400,10839,CB1
306,BBA Finance,LC0200A,LC0200A,10891,T23
307,BBA Finance,LC0200A,CB2100,10190,C01
307,BBA Finance,LC0200A,CB2100,10244,T01
307,BBA Finance,LC0200A,CB2201,10678,C05
307,BBA Finance,LC0200A,LC0200A,10889,T21
307,BBA Finance,LC0200A,CB2400,12538,C04
308,BBA Finance,LC0200A,CB2100,10190,C01
308,BBA Finance,LC0200A,CB2201,10340,C02
308,BBA Finance,LC0200A,CB2100,11278,T14
308,BBA Finance,LC0200A,CB2400,13315,CB3
308,BBA Finance,LC0200A,LC0200A,14952,T36
309,BBA Finance,LC0200A,CB2100,10190,C01
309,BBA Finance,LC0200A,CB2400,10235,C02
309,BBA Finance,LC0200A,CB2100,10244,T01
309,BBA Finance,LC0200A,LC0200A,11030,T31
309,BBA Finance,LC0200A,CB2201,14828,C07
310,BBA Finance,LC0200A,CB2201,10339,C01
310,BBA Finance,LC0200A,CB2100,10551,C02
310,BBA Finance,LC0200A,CB2100,10554,T11
310,BBA Finance,LC0200A,CB2400,10839,CB1
310,BBA Finance,LC0200A,LC0200A,10884,T15
311,BBA Finance,LC0200A,CB2100,10192,T05
311,BBA Finance,LC0200A,CB2400,10235,C02
311,BBA Finance,LC0200A,CB2100,10551,C02
311,BBA Finance,LC0200A,CB2201,10678,C05
311,BBA Finance,LC0200A,LC0200A,10896,T28
312,BBA Finance,LC0200A,CB2201,10341,C03
312,BBA Finance,LC0200A,CB2100,10457,CA2
312,BBA Finance,LC0200A,CB2100,10459,TA4
312,BBA Finance,LC0200A,LC0200A,11976,T37
312,BBA Finance,LC0200A,CB2400,12538,C04
313,BBA Finance,LC0200A,CB2100,10190,C01
313,BBA Finance,LC0200A,CB2400,10235,C02
313,BBA Finance,LC0200A,CB2201,10792,C04
313,BBA Finance,LC0200A,LC0200A,10896,T28
313,BBA Finance,LC0200A,CB2100,11277,T13
314,BBA Finance,LC0200A,CB2400,10180,C01
314,BBA Finance,LC0200A,CB2201,10792,C04
314,BBA Finance,LC0200A,LC0200A,11449,T34
314,BBA Finance,LC0200A,CB2100,12574,CB1
314,BBA Finance,LC0200A,CB2100,12575,TB1
315,BBA Finance,LC0200A,CB2400,10235,C02
315,BBA Finance,LC0200A,CB2201,10341,C03
315,BBA Finance,LC0200A,CB2100,10441,T06
315,BBA Finance,LC0200A,CB2100,10551,C02
315,BBA Finance,LC0200A,LC0200A,12333,T40
316,BBA Finance,LC0200A,CB2100,10192,T05
316,BBA Finance,LC0200A,CB2400,10236,C03
316,BBA Finance,LC0200A,CB2201,10339,C01
316,BBA Finance,LC0200A,CB2100,10551,C02
316,BBA Finance,LC0200A,LC0200A,10877,T08
317,BBA Finance,LC0200A,CB2400,10180,C01
317,BBA Finance,LC0200A,CB2201,10678,C05
317,BBA Finance,LC0200A,LC0200A,10862,T02
317,BBA Finance,LC0200A,CB2100,12574,CB1
317,BBA Finance,LC0200A,CB2100,12575,TB1
318,BBA Finance,LC0200A,CB2100,10191,T04
318,BBA Finance,LC0200A,CB2100,10551,C02
318,BBA Finance,LC0200A,LC0200A,10841,T01
318,BBA Finance,LC0200A,CB2400,13315,CB3
318,BBA Finance,LC0200A,CB2201,14827,C06
319,BBA Finance,LC0200A,CB2100,10190,C01
319,BBA Finance,LC0200A,CB2100,10191,T04
319,BBA Finance,LC0200A,CB2201,10678,C05
319,BBA Finance,LC0200A,CB2400,10840,CB2
319,BBA Finance,LC0200A,LC0200A,11029,T30
320,BBA Finance,LC0200A,CB2400,10404,CA2
320,BBA Finance,LC0200A,CB2100,10558,TA8
320,BBA Finance,LC0200A,CB2100,11077,CA1
320,BBA Finance,LC0200A,LC0200A,11173,T33
320,BBA Finance,LC0200A,CB2201,14827,C06
321,BBA Finance,LC0200A,CB2100,10190,C01
321,BBA Finance,LC0200A,CB2400,10235,C02
321,BBA Finance,LC0200A,CB2100,10245,T02
321,BBA Finance,LC0200A,LC0200A,10888,T20
321,BBA Finance,LC0200A,CB2201,14827,C06
322,BBA Finance,LC0200A,CB2400,10235,C02
322,BBA Finance,LC0200A,CB2201,10339,C01
322,BBA Finance,LC0200A,CB2100,10442,T07
322,BBA Finance,LC0200A,CB2100,10551,C02
322,BBA Finance,LC0200A,LC0200A,10862,T02
323,BBA Finance,LC0200A,CB2400,10236,C03
323,BBA Finance,LC0200A,CB2100,10245,T02
323,BBA Finance,LC0200A,CB2100,10551,C02
323,BBA Finance,LC0200A,CB2201,10792,C04
323,BBA Finance,LC0200A,LC0200A,12333,T40
324,BBA Finance,LC0200A,CB2100,10190,C01
324,BBA Finance,LC0200A,CB2400,10236,C03
324,BBA Finance,LC0200A,CB2201,10340,C02
324,BBA Finance,LC0200A,LC0200A,10887,T19
324,BBA Finance,LC0200A,CB2100,11277,T13
325,BBA Finance,LC0200A,CB2100,10551,C02
325,BBA Finance,LC0200A,CB2201,10792,C04
325,BBA Finance,LC0200A,CB2400,10840,CB2
325,BBA Finance,LC0200A,LC0200A,10897,T29
325,BBA Finance,LC0200A,CB2100,11277,T13
326,BBA Finance,LC0200A,CB2100,10190,C01
326,BBA Finance,LC0200A,LC0200A,10897,T29
326,BBA Finance,LC0200A,CB2100,11280,TAD
326,BBA Finance,LC0200A,CB2201,12852,CM1
326,BBA Finance,LC0200A,CB2400,13315,CB3
327,BBA Finance,LC0200A,CB2100,10190,C01
327,BBA Finance,LC0200A,CB2201,10792,C04
327,BBA Finance,LC0200A,CB2400,10840,CB2
327,BBA Finance,LC0200A,LC0200A,10883,T14
327,BBA Finance,LC0200A,CB2100,11277,T13
328,BBA Finance,LC0200A,CB2400,10235,C02
328,BBA Finance,LC0200A,LC0200A,10892,T24
328,BBA Finance,LC0200A,CB2100,12575,TB1
328,BBA Finance,LC0200A,CB2100,12890,CB2
328,BBA Finance,LC0200A,CB2201,14828,C07
329,BBA Finance,LC0200A,CB2100,10190,C01
329,BBA Finance,LC0200A,CB2201,10340,C02
329,BBA Finance,LC0200A,CB2100,10442,T07
329,BBA Finance,LC0200A,LC0200A,10881,T12
329,BBA Finance,LC0200A,CB2400,13315,CB3
330,BBA Finance,LC0200A,CB2100,10457,CA2
330,BBA Finance,LC0200A,CB2100,10558,TA8
330,BBA Finance,LC0200A,CB2201,10678,C05
330,BBA Finance,LC0200A,LC0200A,10880,T11
330,BBA Finance,LC0200A,CB2400,13315,CB3
331,BBA Finance,LC0200A,CB2100,10190,C01
331,BBA Finance,LC0200A,CB2100,10244,T01
331,BBA Finance,LC0200A,LC0200A,12320,T38
331,BBA Finance,LC0200A,CB2400,12538,C04
331,BBA Finance,LC0200A,CB2201,12852,CM1
332,BBA Finance,LC0200A,CB2400,10236,C03
332,BBA Finance,LC0200A,CB2201,10339,C01
332,BBA Finance,LC0200A,CB2100,10442,T07
332,BBA Finance,LC0200A,CB2100,10551,C02
332,BBA Finance,LC0200A,LC0200A,14950,T18
333,BBA Finance,LC0200A,CB2400,10180,C01
333,BBA Finance,LC0200A,CB2100,10190,C01
333,BBA Finance,LC0200A,CB2100,10192,T05
333,BBA Finance,LC0200A,CB2201,10339,C01
333,BBA Finance,LC0200A,LC0200A,10863,T03
334,BBA Finance,LC0200A,CB2100,10190,C01
334,BBA Finance,LC0200A,CB2201,10340,C02
334,BBA Finance,LC0200A,LC0200A,10865,T05
334,BBA Finance,LC0200A,CB2100,11278,T14
334,BBA Finance,LC0200A,CB2400,12538,C04
335,BBA Finance,LC0200A,CB2100,10245,T02
335,BBA Finance,LC0200A,CB2201,10341,C03
335,BBA Finance,LC0200A,CB2100,10551,C02
335,BBA Finance,LC0200A,LC0200A,11029,T30
335,BBA Finance,LC0200A,CB2400,12538,C04
336,BBA Finance,LC0200A,CB2400,10235,C02
336,BBA Finance,LC0200A,CB2201,10341,C03
336,BBA Finance,LC0200A,CB2100,10551,C02
336,BBA Finance,LC0200A,CB2100,10560,TAA
336,BBA Finance,LC0200A,LC0200A,10893,T25
337,BBA Finance,LC0200A,CB2201,10340,C02
337,BBA Finance,LC0200A,CB2400,10403,CA1
337,BBA Finance,LC0200A,CB2100,10457,CA2
337,BBA Finance,LC0200A,CB2100,10558,TA8
337,BBA Finance,LC0200A,LC0200A,10862,T02
338,BBA Finance,LC0200A,CB2100,10556,TA6
338,BBA Finance,LC0200A,CB2400,10840,CB2
338,BBA Finance,LC0200A,LC0200A,10884,T15
338,BBA Finance,LC0200A,CB2100,11077,CA1
338,BBA Finance,LC0200A,CB2201,14828,C07
339,BBA Finance,LC0200A,CB2400,10180,C01
339,BBA Finance,LC0200A,CB2201,10339,C01
339,BBA Finance,LC0200A,LC0200A,11975,T35
339,BBA Finance,LC0200A,CB2100,12574,CB1
339,BBA Finance,LC0200A,CB2100,12575,TB1
340,BBA Finance,LC0200A,CB2400,10180,C01
340,BBA Finance,LC0200A,CB2100,10191,T04
340,BBA Finance,LC0200A,CB2100,10551,C02
340,BBA Finance,LC0200A,CB2201,10678,C05
340,BBA Finance,LC0200A,LC0200A,10893,T25
341,BBA Finance,LC0200A,CB2400,10235,C02
341,BBA Finance,LC0200A,CB2100,12575,TB1
341,BBA Finance,LC0200A,CB2100,12890,CB2
341,BBA Finance,LC0200A,CB2201,14827,C06
341,BBA Finance,LC0200A,LC0200A,14950,T18
342,BBA Finance,LC0200A,CB2100,10190,C01
342,BBA Finance,LC0200A,CB2100,10192,T05
342,BBA Finance,LC0200A,CB2400,10235,C02
342,BBA Finance,LC0200A,CB2201,10341,C03
342,BBA Finance,LC0200A,LC0200A,10878,T09
343,BBA Finance,LC0200A,CB2400,10235,C02
343,BBA Finance,LC0200A,CB2100,10551,C02
343,BBA Finance,LC0200A,CB2100,10554,T11
343,BBA Finance,LC0200A,LC0200A,11976,T37
343,BBA Finance,LC0200A,CB2201,14827,C06
344,BBA Finance,LC0200A,CB2100,10246,T03
344,BBA Finance,LC0200A,CB2100,10551,C02
344,BBA Finance,LC0200A,CB2201,10792,C04
344,BBA Finance,LC0200A,CB2400,10840,CB2
344,BBA Finance,LC0200A,LC0200A,10875,T06
345,BBA Business Economics,GE1401,CB2400,10235,C02
345,BBA Business Economics,GE1401,CB2201,10339,C01
345,BBA Business Economics,GE1401,CB2500,10625,C02
345,BBA Business Economics,GE1401,GE1401,12399,T72
345,BBA Business Economics,GE1401,CB2500,15286,T05
346,BBA Business Economics,GE1401,CB2400,10180,C01
346,BBA Business Economics,GE1401,CB2500,10625,C02
346,BBA Business Economics,GE1401,CB2201,10678,C05
346,BBA Business Economics,GE1401,GE1401,13561,T95
346,BBA Business Economics,GE1401,CB2500,15283,T02
347,BBA Business Economics,GE1401,CB2400,10404,CA2
347,BBA Business Economics,GE1401,CB2500,10625,C02
347,BBA Business Economics,GE1401,CB2201,14828,C07
347,BBA Business Economics,GE1401,GE1401,15182,TC3
347,BBA Business Economics,GE1401,CB2500,15598,T08
348,BBA Business Economics,GE1401,CB2400,10235,C02
348,BBA Business Economics,GE1401,CB2500,10625,C02
348,BBA Business Economics,GE1401,GE1401,10707,T32
348,BBA Business Economics,GE1401,CB2201,10792,C04
348,BBA Business Economics,GE1401,CB2500,15286,T05
349,BBA Business Economics,GE1401,CB2201,10340,C02
349,BBA Business Economics,GE1401,CB2500,10624,C01
349,BBA Business Economics,GE1401,GE1401,10679,T02
349,BBA Business Economics,GE1401,CB2400,10840,CB2
349,BBA Business Economics,GE1401,CB2500,15284,T03
350,BBA Business Economics,GE1401,CB2400,10236,C03
350,BBA Business Economics,GE1401,CB2201,10339,C01
350,BBA Business Economics,GE1401,CB2500,10625,C02
350,BBA Business Economics,GE1401,GE1401,10696,T20
350,BBA Business Economics,GE1401,CB2500,15598,T08
351,BBA Business Economics,GE1401,CB2500,10624,C01
351,BBA Business Economics,GE1401,CB2400,13315,CB3
351,BBA Business Economics,GE1401,GE1401,13574,TB3
351,BBA Business Economics,GE1401,CB2201,14827,C06
351,BBA Business Economics,GE1401,CB2500,15285,T04
352,BBA Business Economics,GE1401,CB2500,10625,C02
352,BBA Business Economics,GE1401,CB2201,10678,C05
352,BBA Business Economics,GE1401,GE1401,12396,T46
352,BBA Business Economics,GE1401,CB2400,12538,C04
352,BBA Business Economics,GE1401,CB2500,15598,T08
353,BBA Business Economics,GE1401,CB2400,10409,CA3
353,BBA Business Economics,GE1401,CB2500,10624,C01
353,BBA Business Economics,GE1401,GE1401,10682,T05
353,BBA Business Economics,GE1401,CB2201,10792,C04
353,BBA Business Economics,GE1401,CB2500,15287,T06
354,BBA Business Economics,GE1401,CB2500,10625,C02
354,BBA Business Economics,GE1401,CB2201,10678,C05
354,BBA Business Economics,GE1401,CB2400,13315,CB3
354,BBA Business Economics,GE1401,GE1401,13571,T99
354,BBA Business Economics,GE1401,CB2500,15598,T08
355,BBA Business Economics,GE1401,CB2201,10340,C02
355,BBA Business Economics,GE1401,CB2500,10624,C01
355,BBA Business Economics,GE1401,GE1401,10731,T66
355,BBA Business Economics,GE1401,CB2400,13315,CB3
355,BBA Business Economics,GE1401,CB2500,15288,T07
356,BBA Business Economics,GE1401,CB2400,10235,C02
356,BBA Business Economics,GE1401,CB2201,10341,C03
356,BBA Business Economics,GE1401,CB2500,13323,CA1
356,BBA Business Economics,GE1401,GE1401,13576,TB5
356,BBA Business Economics,GE1401,CB2500,15289,TA1
357,BBA Business Economics,GE1401,CB2500,10625,C02
357,BBA Business Economics,GE1401,CB2201,10678,C05
357,BBA Business Economics,GE1401,CB2400,12538,C04
357,BBA Business Economics,GE1401,GE1401,15182,TC3
357,BBA Business Economics,GE1401,CB2500,15288,T07
358,BBA Business Economics,GE1401,CB2400,10235,C02
358,BBA Business Economics,GE1401,CB2201,10341,C03
358,BBA Business Economics,GE1401,CB2500,10625,C02
358,BBA Business Economics,GE1401,GE1401,10711,T38
358,BBA Business Economics,GE1401,CB2500,15283,T02
359,BBA Business Economics,GE1401,CB2500,10624,C01
359,BBA Business Economics,GE1401,CB2201,10792,C04
359,BBA Business Economics,GE1401,CB2400,10840,CB2
359,BBA Business Economics,GE1401,GE1401,11505,T93
359,BBA Business Economics,GE1401,CB2500,15288,T07
360,BBA Business Economics,GE1401,CB2201,10340,C02
360,BBA Business Economics,GE1401,CB2400,13315,CB3
360,BBA Business Economics,GE1401,CB2500,13323,CA1
360,BBA Business Economics,GE1401,GE1401,15205,TC5
360,BBA Business Economics,GE1401,CB2500,15289,TA1
361,BBA Business Economics,GE1401,CB2400,10403,CA1
361,BBA Business Economics,GE1401,CB2500,10624,C01
361,BBA Business Economics,GE1401,CB2201,14828,C07
361,BBA Business Economics,GE1401,GE1401,15180,TC1
361,BBA Business Economics,GE1401,CB2500,15286,T05
362,BBA Business Economics,GE1401,CB2201,10340,C02
362,BBA Business Economics,GE1401,CB2400,10403,CA1
362,BBA Business Economics,GE1401,CB2500,10625,C02
362,BBA Business Economics,GE1401,GE1401,15182,TC3
362,BBA Business Economics,GE1401,CB2500,15284,T03
363,BBA Business Economics,GE1401,CB2400,10180,C01
363,BBA Business Economics,GE1401,CB2201,10339,C01
363,BBA Business Economics,GE1401,CB2500,10625,C02
363,BBA Business Economics,GE1401,GE1401,10705,T30
363,BBA Business Economics,GE1401,CB2500,15286,T05
364,BBA Business Economics,GE1401,CB2201,10341,C03
364,BBA Business Economics,GE1401,GE1401,10718,T50
364,BBA Business Economics,GE1401,CB2400,12538,C04
364,BBA Business Economics,GE1401,CB2500,13323,CA1
364,BBA Business Economics,GE1401,CB2500,15289,TA1
365,BBA Business Economics,GE1401,CB2500,10625,C02
365,BBA Business Economics,GE1401,GE1401,10720,T53
365,BBA Business Economics,GE1401,CB2400,10839,CB1
365,BBA Business Economics,GE1401,CB2201,14827,C06
365,BBA Business Economics,GE1401,CB2500,15286,T05
366,BBA Business Economics,GE1401,CB2500,10624,C01
366,BBA Business Economics,GE1401,CB2400,10840,CB2
366,BBA Business Economics,GE1401,CB2201,14827,C06
366,BBA Business Economics,GE1401,GE1401,15180,TC1
366,BBA Business Economics,GE1401,CB2500,15284,T03
367,BBA Business Economics,GE1401,CB2500,10625,C02
367,BBA Business Economics,GE1401,GE1401,11507,T80
367,BBA Business Economics,GE1401,CB2400,12538,C04
367,BBA Business Economics,GE1401,CB2201,14827,C06
367,BBA Business Economics,GE1401,CB2500,15283,T02
368,BBA Business Economics,GE1401,CB2500,10624,C01
368,BBA Business Economics,GE1401,GE1401,10698,T22
368,BBA Business Economics,GE1401,CB2400,10839,CB1
368,BBA Business Economics,GE1401,CB2201,14827,C06
368,BBA Business Economics,GE1401,CB2500,15287,T06
369,BBA Business Economics,GE1401,CB2500,10624,C01
369,BBA Business Economics,GE1401,CB2201,10792,C04
369,BBA Business Economics,GE1401,CB2400,10839,CB1
369,BBA Business Economics,GE1401,GE1401,13197,TA2
369,BBA Business Economics,GE1401,CB2500,15288,T07
370,BBA Business Economics,GE1401,CB2400,10236,C03
370,BBA Business Economics,GE1401,CB2201,10339,C01
370,BBA Business Economics,GE1401,GE1401,12124,T49
370,BBA Business Economics,GE1401,CB2500,13323,CA1
370,BBA Business Economics,GE1401,CB2500,15289,TA1
371,BBA Business Economics,GE1401,CB2201,10341,C03
371,BBA Business Economics,GE1401,GE1401,10720,T53
371,BBA Business Economics,GE1401,CB2400,12538,C04
371,BBA Business Economics,GE1401,CB2500,13323,CA1
371,BBA Business Economics,GE1401,CB2500,15289,TA1
372,BBA Business Economics,GE1401,CB2500,10625,C02
372,BBA Business Economics,GE1401,CB2201,10792,C04
372,BBA Business Economics,GE1401,CB2400,10840,CB2
372,BBA Business Economics,GE1401,GE1401,13263,T92
372,BBA Business Economics,GE1401,CB2500,15282,T01
373,BBA Business Economics,GE1401,CB2400,10404,CA2
373,BBA Business Economics,GE1401,CB2500,10624,C01
373,BBA Business Economics,GE1401,GE1401,10711,T38
373,BBA Business Economics,GE1401,CB2201,14827,C06
373,BBA Business Economics,GE1401,CB2500,15285,T04
374,BBA Business Economics,GE1401,CB2500,10625,C02
374,BBA Business Economics,GE1401,GE1401,10696,T20
374,BBA Business Economics,GE1401,CB2400,10840,CB2
374,BBA Business Economics,GE1401,CB2201,14828,C07
374,BBA Business Economics,GE1401,CB2500,15284,T03
375,BBA Business Economics,GE1401,GE1401,10690,T13
375,BBA Business Economics,GE1401,CB2201,10792,C04
375,BBA Business Economics,GE1401,CB2400,10840,CB2
375,BBA Business Economics,GE1401,CB2500,13323,CA1
375,BBA Business Economics,GE1401,CB2500,15289,TA1
376,BBA Business Economics,GE1401,CB2400,10403,CA1
376,BBA Business Economics,GE1401,CB2500,10624,C01
376,BBA Business Economics,GE1401,CB2201,10792,C04
376,BBA Business Economics,GE1401,CB2500,15287,T06
376,BBA Business Economics,GE1401,GE1401,15601,T28
377,BBA Business Economics,GE1401,CB2201,10339,C01
377,BBA Business Economics,GE1401,CB2500,10625,C02
377,BBA Business Economics,GE1401,CB2400,13315,CB3
377,BBA Business Economics,GE1401,GE1401,14270,TB7
377,BBA Business Economics,GE1401,CB2500,15285,T04
378,BBA Business Economics,GE1401,CB2201,10339,C01
378,BBA Business Economics,GE1401,CB2500,10625,C02
378,BBA Business Economics,GE1401,GE1401,10706,T31
378,BBA Business Economics,GE1401,CB2400,12538,C04
378,BBA Business Economics,GE1401,CB2500,15288,T07
379,BBA Business Economics,GE1401,CB2400,10403,CA1
379,BBA Business Economics,GE1401,CB2500,10624,C01
379,BBA Business Economics,GE1401,CB2201,10792,C04
379,BBA Business Economics,GE1401,GE1401,11070,TA1
379,BBA Business Economics,GE1401,CB2500,15287,T06
380,BBA Business Economics,GE1401,CB2400,10403,CA1
380,BBA Business Economics,GE1401,CB2500,10625,C02
380,BBA Business Economics,GE1401,CB2201,10678,C05
380,BBA Business Economics,GE1401,GE1401,12735,T74
380,BBA Business Economics,GE1401,CB2500,15598,T08
381,BBA Business Economics,GE1401,CB2400,10236,C03
381,BBA Business Economics,GE1401,CB2500,10625,C02
381,BBA Business Economics,GE1401,CB2201,10678,C05
381,BBA Business Economics,GE1401,GE1401,11503,T89
381,BBA Business Economics,GE1401,CB2500,15286,T05
382,BBA Business Economics,GE1401,CB2400,10180,C01
382,BBA Business Economics,GE1401,CB2500,10624,C01
382,BBA Business Economics,GE1401,GE1401,11491,T69
382,BBA Business Economics,GE1401,CB2201,14828,C07
382,BBA Business Economics,GE1401,CB2500,15598,T08
383,BBA Business Economics,GE1401,CB2201,10341,C03
383,BBA Business Economics,GE1401,CB2500,10625,C02
383,BBA Business Economics,GE1401,GE1401,10698,T22
383,BBA Business Economics,GE1401,CB2400,10839,CB1
383,BBA Business Economics,GE1401,CB2500,15287,T06
384,BBA Business Economics,GE1401,CB2500,10624,C01
384,BBA Business Economics,GE1401,GE1401,13263,T92
384,BBA Business Economics,GE1401,CB2400,13315,CB3
384,BBA Business Economics,GE1401,CB2201,14827,C06
384,BBA Business Economics,GE1401,CB2500,15283,T02
385,BBA Business Economics,GE1401,CB2400,10180,C01
385,BBA Business Economics,GE1401,GE1401,11505,T93
385,BBA Business Economics,GE1401,CB2500,13323,CA1
385,BBA Business Economics,GE1401,CB2201,14826,CE1
385,BBA Business Economics,GE1401,CB2500,15289,TA1
386,BBA Business Economics,GE1401,CB2500,10624,C01
386,BBA Business Economics,GE1401,CB2201,10678,C05
386,BBA Business Economics,GE1401,GE1401,11497,T81
386,BBA Business Economics,GE1401,CB2400,12538,C04
386,BBA Business Economics,GE1401,CB2500,15284,T03
387,BBA Business Economics,GE1401,CB2400,10236,C03
387,BBA Business Economics,GE1401,CB2201,10340,C02
387,BBA Business Economics,GE1401,CB2500,10624,C01
387,BBA Business Economics,GE1401,GE1401,10704,T29
387,BBA Business Economics,GE1401,CB2500,15283,T02
388,BBA Business Economics,GE1401,CB2400,10180,C01
388,BBA Business Economics,GE1401,CB2201,10339,C01
388,BBA Business Economics,GE1401,CB2500,10625,C02
388,BBA Business Economics,GE1401,GE1401,12119,T18
388,BBA Business Economics,GE1401,CB2500,15282,T01
389,BBA Business Economics,GE1401,CB2400,10236,C03
389,BBA Business Economics,GE1401,CB2201,10340,C02
389,BBA Business Economics,GE1401,CB2500,10625,C02
389,BBA Business Economics,GE1401,GE1401,11506,T78
389,BBA Business Economics,GE1401,CB2500,15285,T04
390,BBA Business Economics,GE1401,CB2201,10340,C02
390,BBA Business Economics,GE1401,CB2500,10624,C01
390,BBA Business Economics,GE1401,CB2400,13315,CB3
390,BBA Business Economics,GE1401,GE1401,13561,T95
390,BBA Business Economics,GE1401,CB2500,15287,T06
391,BBA Business Economics,LC0200A,CB2400,10236,C03
391,BBA Business Economics,LC0200A,CB2201,10340,C02
391,BBA Business Economics,LC0200A,CB2500,10625,C02
391,BBA Business Economics,LC0200A,LC0200A,14950,T18
391,BBA Business Economics,LC0200A,CB2500,15282,T01
392,BBA Business Economics,LC0200A,CB2400,10409,CA3
392,BBA Business Economics,LC0200A,CB2500,10625,C02
392,BBA Business Economics,LC0200A,LC0200A,11976,T37
392,BBA Business Economics,LC0200A,CB2201,14827,C06
392,BBA Business Economics,LC0200A,CB2500,15288,T07
393,BBA Business Economics,LC0200A,CB2400,10180,C01
393,BBA Business Economics,LC0200A,CB2201,10340,C02
393,BBA Business Economics,LC0200A,CB2500,10625,C02
393,BBA Business Economics,LC0200A,LC0200A,11170,T32
393,BBA Business Economics,LC0200A,CB2500,15598,T08
394,BBA Business Economics,LC0200A,CB2201,10340,C02
394,BBA Business Economics,LC0200A,CB2500,10625,C02
394,BBA Business Economics,LC0200A,LC0200A,10893,T25
394,BBA Business Economics,LC0200A,CB2400,13315,CB3
394,BBA Business Economics,LC0200A,CB2500,15284,T03
395,BBA Business Economics,LC0200A,CB2400,10236,C03
395,BBA Business Economics,LC0200A,CB2500,10625,C02
395,BBA Business Economics,LC0200A,CB2201,10678,C05
395,BBA Business Economics,LC0200A,LC0200A,10894,T26
395,BBA Business Economics,LC0200A,CB2500,15285,T04
396,BBA Business Economics,LC0200A,CB2400,10235,C02
396,BBA Business Economics,LC0200A,CB2201,10339,C01
396,BBA Business Economics,LC0200A,CB2500,10625,C02
396,BBA Business Economics,LC0200A,LC0200A,10888,T20
396,BBA Business Economics,LC0200A,CB2500,15285,T04
397,BBA Business Economics,LC0200A,CB2400,10180,C01
397,BBA Business Economics,LC0200A,LC0200A,10882,T13
397,BBA Business Economics,LC0200A,CB2500,13323,CA1
397,BBA Business Economics,LC0200A,CB2201,14827,C06
397,BBA Business Economics,LC0200A,CB2500,15289,TA1
398,BBA Business Economics,LC0200A,CB2400,10409,CA3
398,BBA Business Economics,LC0200A,CB2500,10624,C01
398,BBA Business Economics,LC0200A,LC0200A,10893,T25
398,BBA Business Economics,LC0200A,CB2201,14828,C07
398,BBA Business Economics,LC0200A,CB2500,15598,T08
399,BBA Business Economics,LC0200A,CB2500,10625,C02
399,BBA Business Economics,LC0200A,CB2201,10792,C04
399,BBA Business Economics,LC0200A,CB2400,10839,CB1
399,BBA Business Economics,LC0200A,LC0200A,11030,T31
399,BBA Business Economics,LC0200A,CB2500,15287,T06
400,BBA Business Economics,LC0200A,CB2500,10624,C01
400,BBA Business Economics,LC0200A,LC0200A,11976,T37
400,BBA Business Economics,LC0200A,CB2400,13315,CB3
400,BBA Business Economics,LC0200A,CB2201,14828,C07
400,BBA Business Economics,LC0200A,CB2500,15282,T01
401,BBA Business Economics,LC0200A,CB2400,10180,C01
401,BBA Business Economics,LC0200A,CB2500,10624,C01
401,BBA Business Economics,LC0200A,LC0200A,10863,T03
401,BBA Business Economics,LC0200A,CB2201,14827,C06
401,BBA Business Economics,LC0200A,CB2500,15283,T02
402,BBA Business Economics,LC0200A,CB2201,10340,C02
402,BBA Business Economics,LC0200A,CB2500,10624,C01
402,BBA Business Economics,LC0200A,LC0200A,10877,T08
402,BBA Business Economics,LC0200A,CB2400,12538,C04
402,BBA Business Economics,LC0200A,CB2500,15285,T04
403,BBA Business Economics,LC0200A,CB2500,10625,C02
403,BBA Business Economics,LC0200A,LC0200A,10896,T28
403,BBA Business Economics,LC0200A,CB2400,13315,CB3
403,BBA Business Economics,LC0200A,CB2201,14828,C07
403,BBA Business Economics,LC0200A,CB2500,15286,T05
404,BBA Business Economics,LC0200A,CB2400,10840,CB2
404,BBA Business Economics,LC0200A,LC0200A,10862,T02
404,BBA Business Economics,LC0200A,CB2500,13323,CA1
404,BBA Business Economics,LC0200A,CB2201,14828,C07
404,BBA Business Economics,LC0200A,CB2500,15289,TA1
405,BBA Business Economics,LC0200A,CB2400,10180,C01
405,BBA Business Economics,LC0200A,CB2201,10340,C02
405,BBA Business Economics,LC0200A,LC0200A,10876,T07
405,BBA Business Economics,LC0200A,CB2500,13323,CA1
405,BBA Business Economics,LC0200A,CB2500,15289,TA1
406,BBA Business Economics,LC0200A,CB2400,10180,C01
406,BBA Business Economics,LC0200A,CB2201,10341,C03
406,BBA Business Economics,LC0200A,CB2500,10625,C02
406,BBA Business Economics,LC0200A,LC0200A,10879,T10
406,BBA Business Economics,LC0200A,CB2500,15287,T06
407,BBA Business Economics,LC0200A,CB2400,10404,CA2
407,BBA Business Economics,LC0200A,CB2500,10624,C01
407,BBA Business Economics,LC0200A,LC0200A,10862,T02
407,BBA Business Economics,LC0200A,CB2201,13718,CM2
407,BBA Business Economics,LC0200A,CB2500,15287,T06
408,BBA Business Economics,LC0200A,CB2400,10180,C01
408,BBA Business Economics,LC0200A,CB2500,10624,C01
408,BBA Business Economics,LC0200A,CB2201,10792,C04
408,BBA Business Economics,LC0200A,LC0200A,10885,T16
408,BBA Business Economics,LC0200A,CB2500,15287,T06
409,BBA Business Economics,LC0200A,CB2500,10625,C02
409,BBA Business Economics,LC0200A,LC0200A,10895,T27
409,BBA Business Economics,LC0200A,CB2400,12538,C04
409,BBA Business Economics,LC0200A,CB2201,14828,C07
409,BBA Business Economics,LC0200A,CB2500,15283,T02
410,BBA Business Economics,LC0200A,CB2201,10341,C03
410,BBA Business Economics,LC0200A,CB2500,10625,C02
410,BBA Business Economics,LC0200A,LC0200A,11170,T32
410,BBA Business Economics,LC0200A,CB2400,12538,C04
410,BBA Business Economics,LC0200A,CB2500,15287,T06
411,BBA Business Economics,LC0200A,CB2500,10625,C02
411,BBA Business Economics,LC0200A,CB2201,10678,C05
411,BBA Business Economics,LC0200A,CB2400,10840,CB2
411,BBA Business Economics,LC0200A,LC0200A,14950,T18
411,BBA Business Economics,LC0200A,CB2500,15285,T04
412,BBA Marketing,GE1401,CB2601,10334,C04
412,BBA Marketing,GE1401,GE1401,10684,T07
412,BBA Marketing,GE1401,CB2400,10839,CB1
412,BBA Marketing,GE1401,CB2201,14827,C06
413,BBA Marketing,GE1401,CB2400,10236,C03
413,BBA Marketing,GE1401,CB2601,10334,C04
413,BBA Marketing,GE1401,GE1401,10695,T19
413,BBA Marketing,GE1401,CB2201,14827,C06
414,BBA Marketing,GE1401,CB2201,10678,C05
414,BBA Marketing,GE1401,GE1401,10711,T38
414,BBA Marketing,GE1401,CB2400,10840,CB2
414,BBA Marketing,GE1401,CB2601,12304,CE1
415,BBA Marketing,GE1401,GE1401,10705,T30
415,BBA Marketing,GE1401,CB2400,10840,CB2
415,BBA Marketing,GE1401,CB2601,12560,C05
415,BBA Marketing,GE1401,CB2201,13718,CM2
416,BBA Marketing,GE1401,CB2400,10235,C02
416,BBA Marketing,GE1401,CB2201,10339,C01
416,BBA Marketing,GE1401,GE1401,10695,T19
416,BBA Marketing,GE1401,CB2601,12305,C01
417,BBA Marketing,GE1401,GE1401,10696,T20
417,BBA Marketing,GE1401,CB2201,10792,C04
417,BBA Marketing,GE1401,CB2400,10839,CB1
417,BBA Marketing,GE1401,CB2601,12305,C01
418,BBA Marketing,GE1401,CB2400,10180,C01
418,BBA Marketing,GE1401,GE1401,10694,T17
418,BBA Marketing,GE1401,CB2601,12305,C01
418,BBA Marketing,GE1401,CB2201,14827,C06
419,BBA Marketing,GE1401,CB2400,10235,C02
419,BBA Marketing,GE1401,CB2601,10334,C04
419,BBA Marketing,GE1401,CB2201,14827,C06
419,BBA Marketing,GE1401,GE1401,15603,T73
420,BBA Marketing,GE1401,GE1401,10720,T53
420,BBA Marketing,GE1401,CB2400,10840,CB2
420,BBA Marketing,GE1401,CB2601,12304,CE1
420,BBA Marketing,GE1401,CB2201,14828,C07
421,BBA Marketing,GE1401,CB2400,10180,C01
421,BBA Marketing,GE1401,CB2201,10792,C04
421,BBA Marketing,GE1401,CB2601,12560,C05
421,BBA Marketing,GE1401,GE1401,15207,TC7
422,BBA Marketing,GE1401,CB2201,10340,C02
422,BBA Marketing,GE1401,CB2601,12304,CE1
422,BBA Marketing,GE1401,CB2400,13315,CB3
422,BBA Marketing,GE1401,GE1401,15600,T14
423,BBA Marketing,GE1401,CB2400,10403,CA1
423,BBA Marketing,GE1401,CB2201,10678,C05
423,BBA Marketing,GE1401,GE1401,10697,T21
423,BBA Marketing,GE1401,CB2601,11195,C03
424,BBA Marketing,GE1401,CB2201,10340,C02
424,BBA Marketing,GE1401,CB2400,10404,CA2
424,BBA Marketing,GE1401,GE1401,10719,T52
424,BBA Marketing,GE1401,CB2601,12306,CA4
425,BBA Marketing,GE1401,CB2201,10792,C04
425,BBA Marketing,GE1401,CB2400,10840,CB2
425,BBA Marketing,GE1401,CB2601,12305,C01
425,BBA Marketing,GE1401,GE1401,15601,T28
426,BBA Marketing,GE1401,CB2201,10341,C03
426,BBA Marketing,GE1401,CB2400,10403,CA1
426,BBA Marketing,GE1401,GE1401,10689,T12
426,BBA Marketing,GE1401,CB2601,11195,C03
427,BBA Marketing,GE1401,CB2201,10340,C02
427,BBA Marketing,GE1401,GE1401,10715,T45
427,BBA Marketing,GE1401,CB2601,12305,C01
427,BBA Marketing,GE1401,CB2400,12538,C04
428,BBA Marketing,GE1401,CB2400,10235,C02
428,BBA Marketing,GE1401,CB2201,10339,C01
428,BBA Marketing,GE1401,CB2601,12306,CA4
428,BBA Marketing,GE1401,GE1401,12814,T91
429,BBA Marketing,GE1401,CB2400,10403,CA1
429,BBA Marketing,GE1401,CB2601,12265,CC1
429,BBA Marketing,GE1401,GE1401,13576,TB5
429,BBA Marketing,GE1401,CB2201,13718,CM2
430,BBA Marketing,GE1401,CB2400,10404,CA2
430,BBA Marketing,GE1401,GE1401,10689,T12
430,BBA Marketing,GE1401,CB2201,10792,C04
430,BBA Marketing,GE1401,CB2601,12306,CA4
431,BBA Marketing,GE1401,CB2601,10335,C02
431,BBA Marketing,GE1401,GE1401,10697,T21
431,BBA Marketing,GE1401,CB2201,10792,C04
431,BBA Marketing,GE1401,CB2400,10840,CB2
432,BBA Marketing,GE1401,CB2201,10792,C04
432,BBA Marketing,GE1401,CB2400,10840,CB2
432,BBA Marketing,GE1401,CB2601,12305,C01
432,BBA Marketing,GE1401,GE1401,12397,T51
433,BBA Marketing,GE1401,CB2601,10335,C02
433,BBA Marketing,GE1401,CB2201,10339,C01
433,BBA Marketing,GE1401,GE1401,11500,T86
433,BBA Marketing,GE1401,CB2400,12538,C04
434,BBA Marketing,GE1401,CB2400,10180,C01
434,BBA Marketing,GE1401,CB2201,10339,C01
434,BBA Marketing,GE1401,GE1401,10686,T09
434,BBA Marketing,GE1401,CB2601,12305,C01
435,BBA Marketing,GE1401,CB2400,10235,C02
435,BBA Marketing,GE1401,CB2201,10678,C05
435,BBA Marketing,GE1401,GE1401,11495,T77
435,BBA Marketing,GE1401,CB2601,12304,CE1
436,BBA Marketing,GE1401,CB2400,10180,C01
436,BBA Marketing,GE1401,GE1401,10690,T13
436,BBA Marketing,GE1401,CB2601,12304,CE1
436,BBA Marketing,GE1401,CB2201,14827,C06
437,BBA Marketing,GE1401,CB2400,10236,C03
437,BBA Marketing,GE1401,CB2201,10340,C02
437,BBA Marketing,GE1401,GE1401,10708,T34
437,BBA Marketing,GE1401,CB2601,12305,C01
438,BBA Marketing,GE1401,CB2201,10339,C01
438,BBA Marketing,GE1401,GE1401,10723,T56
438,BBA Marketing,GE1401,CB2601,12305,C01
438,BBA Marketing,GE1401,CB2400,12538,C04
439,BBA Marketing,GE1401,GE1401,10687,T10
439,BBA Marketing,GE1401,CB2201,10792,C04
439,BBA Marketing,GE1401,CB2400,10839,CB1
439,BBA Marketing,GE1401,CB2601,11195,C03
440,BBA Marketing,GE1401,GE1401,10716,T47
440,BBA Marketing,GE1401,CB2601,12560,C05
440,BBA Marketing,GE1401,CB2400,13315,CB3
440,BBA Marketing,GE1401,CB2201,14828,C07
441,BBA Marketing,GE1401,CB2400,10236,C03
441,BBA Marketing,GE1401,CB2201,10340,C02
441,BBA Marketing,GE1401,GE1401,11070,TA1
441,BBA Marketing,GE1401,CB2601,12560,C05
442,BBA Marketing,GE1401,CB2201,10678,C05
442,BBA Marketing,GE1401,GE1401,10679,T02
442,BBA Marketing,GE1401,CB2601,12304,CE1
442,BBA Marketing,GE1401,CB2400,12538,C04
443,BBA Marketing,GE1401,CB2400,10409,CA3
443,BBA Marketing,GE1401,GE1401,10723,T56
443,BBA Marketing,GE1401,CB2601,12560,C05
443,BBA Marketing,GE1401,CB2201,14828,C07
444,BBA Marketing,GE1401,CB2400,10235,C02
444,BBA Marketing,GE1401,CB2201,10340,C02
444,BBA Marketing,GE1401,GE1401,11070,TA1
444,BBA Marketing,GE1401,CB2601,12306,CA4
445,BBA Marketing,GE1401,GE1401,10683,T06
445,BBA Marketing,GE1401,CB2201,10792,C04
445,BBA Marketing,GE1401,CB2400,10840,CB2
445,BBA Marketing,GE1401,CB2601,12560,C05
446,BBA Marketing,GE1401,CB2601,10335,C02
446,BBA Marketing,GE1401,GE1401,10689,T12
446,BBA Marketing,GE1401,CB2400,12538,C04
446,BBA Marketing,GE1401,CB2201,14827,C06
447,BBA Marketing,GE1401,CB2400,10236,C03
447,BBA Marketing,GE1401,CB2201,10678,C05
447,BBA Marketing,GE1401,GE1401,10696,T20
447,BBA Marketing,GE1401,CB2601,11195,C03
448,BBA Marketing,GE1401,CB2201,10340,C02
448,BBA Marketing,GE1401,GE1401,10718,T50
448,BBA Marketing,GE1401,CB2601,12560,C05
448,BBA Marketing,GE1401,CB2400,13315,CB3
449,BBA Marketing,GE1401,CB2201,10339,C01
449,BBA Marketing,GE1401,GE1401,11451,T68
449,BBA Marketing,GE1401,CB2601,12305,C01
449,BBA Marketing,GE1401,CB2400,12538,C04
450,BBA Marketing,GE1401,CB2400,10236,C03
450,BBA Marketing,GE1401,CB2601,11195,C03
450,BBA Marketing,GE1401,GE1401,12127,T84
450,BBA Marketing,GE1401,CB2201,14827,C06
451,BBA Marketing,GE1401,GE1401,10721,T54
451,BBA Marketing,GE1401,CB2400,10840,CB2
451,BBA Marketing,GE1401,CB2601,12305,C01
451,BBA Marketing,GE1401,CB2201,14827,C06
452,BBA Marketing,GE1401,CB2201,10340,C02
452,BBA Marketing,GE1401,GE1401,10687,T10
452,BBA Marketing,GE1401,CB2400,10839,CB1
452,BBA Marketing,GE1401,CB2601,12560,C05
453,BBA Marketing,GE1401,CB2201,10340,C02
453,BBA Marketing,GE1401,CB2400,10404,CA2
453,BBA Marketing,GE1401,GE1401,10686,T09
453,BBA Marketing,GE1401,CB2601,12560,C05
454,BBA Marketing,GE1401,CB2400,10235,C02
454,BBA Marketing,GE1401,CB2201,10340,C02
454,BBA Marketing,GE1401,GE1401,10718,T50
454,BBA Marketing,GE1401,CB2601,12305,C01
455,BBA Marketing,GE1401,CB2400,10180,C01
455,BBA Marketing,GE1401,CB2201,10341,C03
455,BBA Marketing,GE1401,CB2601,12306,CA4
455,BBA Marketing,GE1401,GE1401,13573,TB2
456,BBA Marketing,GE1401,CB2201,10339,C01
456,BBA Marketing,GE1401,CB2601,11195,C03
456,BBA Marketing,GE1401,GE1401,11495,T77
456,BBA Marketing,GE1401,CB2400,12538,C04
457,BBA Marketing,GE1401,CB2601,10334,C04
457,BBA Marketing,GE1401,CB2201,10678,C05
457,BBA Marketing,GE1401,GE1401,10687,T10
457,BBA Marketing,GE1401,CB2400,12538,C04
458,BBA Marketing,GE1401,CB2201,10792,C04
458,BBA Marketing,GE1401,CB2400,10840,CB2
458,BBA Marketing,GE1401,GE1401,11507,T80
458,BBA Marketing,GE1401,CB2601,12267,CC3
459,BBA Marketing,GE1401,CB2201,10792,C04
459,BBA Marketing,GE1401,CB2400,12538,C04
459,BBA Marketing,GE1401,CB2601,12560,C05
459,BBA Marketing,GE1401,GE1401,14941,TA3
460,BBA Marketing,GE1401,CB2201,10792,C04
460,BBA Marketing,GE1401,CB2400,10839,CB1
460,BBA Marketing,GE1401,GE1401,11496,T79
460,BBA Marketing,GE1401,CB2601,12560,C05
461,BBA Marketing,GE1401,CB2400,10180,C01
461,BBA Marketing,GE1401,CB2201,10341,C03
461,BBA Marketing,GE1401,GE1401,10722,T55
461,BBA Marketing,GE1401,CB2601,12304,CE1
462,BBA Marketing,GE1401,CB2400,10235,C02
462,BBA Marketing,GE1401,GE1401,10706,T31
462,BBA Marketing,GE1401,CB2201,10792,C04
462,BBA Marketing,GE1401,CB2601,12304,CE1
463,BBA Marketing,GE1401,CB2400,10235,C02
463,BBA Marketing,GE1401,CB2201,10341,C03
463,BBA Marketing,GE1401,CB2601,12304,CE1
463,BBA Marketing,GE1401,GE1401,15181,TC2
464,BBA Marketing,GE1401,CB2400,10235,C02
464,BBA Marketing,GE1401,CB2601,10334,C04
464,BBA Marketing,GE1401,GE1401,10689,T12
464,BBA Marketing,GE1401,CB2201,14828,C07
465,BBA Marketing,GE1401,GE1401,10680,T03
465,BBA Marketing,GE1401,CB2601,12266,CC2
465,BBA Marketing,GE1401,CB2400,12538,C04
465,BBA Marketing,GE1401,CB2201,12852,CM1
466,BBA Marketing,GE1401,CB2400,10236,C03
466,BBA Marketing,GE1401,GE1401,10690,T13
466,BBA Marketing,GE1401,CB2201,10792,C04
466,BBA Marketing,GE1401,CB2601,12305,C01
467,BBA Marketing,GE1401,CB2400,10236,C03
467,BBA Marketing,GE1401,CB2601,10335,C02
467,BBA Marketing,GE1401,CB2201,10792,C04
467,BBA Marketing,GE1401,GE1401,15600,T14
468,BBA Marketing,GE1401,CB2400,10180,C01
468,BBA Marketing,GE1401,CB2201,10339,C01
468,BBA Marketing,GE1401,GE1401,12127,T84
468,BBA Marketing,GE1401,CB2601,12560,C05
469,BBA Marketing,GE1401,CB2201,10339,C01
469,BBA Marketing,GE1401,CB2400,10840,CB2
469,BBA Marketing,GE1401,CB2601,12305,C01
469,BBA Marketing,GE1401,GE1401,12397,T51
470,BBA Marketing,GE1401,CB2601,10334,C04
470,BBA Marketing,GE1401,CB2201,10792,C04
470,BBA Marketing,GE1401,CB2400,10839,CB1
470,BBA Marketing,GE1401,GE1401,12734,T71
471,BBA Marketing,GE1401,GE1401,10728,T61
471,BBA Marketing,GE1401,CB2601,12304,CE1
471,BBA Marketing,GE1401,CB2400,13315,CB3
471,BBA Marketing,GE1401,CB2201,14828,C07
472,BBA Marketing,GE1401,CB2400,10235,C02
472,BBA Marketing,GE1401,CB2201,10341,C03
472,BBA Marketing,GE1401,GE1401,10688,T11
472,BBA Marketing,GE1401,CB2601,12305,C01
473,BBA Marketing,GE1401,CB2400,10236,C03
473,BBA Marketing,GE1401,GE1401,10685,T08
473,BBA Marketing,GE1401,CB2601,11195,C03
473,BBA Marketing,GE1401,CB2201,14827,C06
474,BBA Marketing,GE1401,CB2601,10335,C02
474,BBA Marketing,GE1401,CB2201,10341,C03
474,BBA Marketing,GE1401,CB2400,12538,C04
474,BBA Marketing,GE1401,GE1401,15603,T73
475,BBA Marketing,GE1401,CB2400,10404,CA2
475,BBA Marketing,GE1401,GE1401,10718,T50
475,BBA Marketing,GE1401,CB2601,12304,CE1
475,BBA Marketing,GE1401,CB2201,14827,C06
476,BBA Marketing,GE1401,CB2601,10334,C04
476,BBA Marketing,GE1401,GE1401,10694,T17
476,BBA Marketing,GE1401,CB2400,10840,CB2
476,BBA Marketing,GE1401,CB2201,13198,CF1
477,BBA Marketing,GE1401,CB2601,10334,C04
477,BBA Marketing,GE1401,GE1401,11451,T68
477,BBA Marketing,GE1401,CB2400,12540,CA4
477,BBA Marketing,GE1401,CB2201,14828,C07
478,BBA Marketing,GE1401,CB2201,10341,C03
478,BBA Marketing,GE1401,CB2400,10404,CA2
478,BBA Marketing,GE1401,GE1401,10682,T05
478,BBA Marketing,GE1401,CB2601,12266,CC2
479,BBA Marketing,GE1401,CB2601,10334,C04
479,BBA Marketing,GE1401,CB2201,10341,C03
479,BBA Marketing,GE1401,CB2400,10404,CA2
479,BBA Marketing,GE1401,GE1401,10702,T27
480,BBA Marketing,GE1401,CB2400,10235,C02
480,BBA Marketing,GE1401,CB2601,10334,C04
480,BBA Marketing,GE1401,CB2201,10792,C04
480,BBA Marketing,GE1401,GE1401,13572,TB1
481,BBA Marketing,GE1401,CB2201,10678,C05
481,BBA Marketing,GE1401,CB2601,11195,C03
481,BBA Marketing,GE1401,GE1401,11494,T76
481,BBA Marketing,GE1401,CB2400,13315,CB3
482,BBA Marketing,GE1401,CB2400,10180,C01
482,BBA Marketing,GE1401,GE1401,10728,T61
482,BBA Marketing,GE1401,CB2201,10792,C04
482,BBA Marketing,GE1401,CB2601,12560,C05
483,BBA Marketing,GE1401,CB2400,10235,C02
483,BBA Marketing,GE1401,GE1401,10722,T55
483,BBA Marketing,GE1401,CB2201,10792,C04
483,BBA Marketing,GE1401,CB2601,11195,C03
484,BBA Marketing,LC0200A,CB2201,10678,C05
484,BBA Marketing,LC0200A,CB2400,10840,CB2
484,BBA Marketing,LC0200A,LC0200A,11030,T31
484,BBA Marketing,LC0200A,CB2601,12305,C01
485,BBA Marketing,LC0200A,CB2201,10341,C03
485,BBA Marketing,LC0200A,CB2400,10839,CB1
485,BBA Marketing,LC0200A,LC0200A,10864,T04
485,BBA Marketing,LC0200A,CB2601,12560,C05
486,BBA Marketing,LC0200A,CB2400,10409,CA3
486,BBA Marketing,LC0200A,LC0200A,11975,T35
486,BBA Marketing,LC0200A,CB2601,12265,CC1
486,BBA Marketing,LC0200A,CB2201,14828,C07
487,BBA Marketing,LC0200A,CB2400,10235,C02
487,BBA Marketing,LC0200A,CB2601,10334,C04
487,BBA Marketing,LC0200A,CB2201,10339,C01
487,BBA Marketing,LC0200A,LC0200A,11975,T35
488,BBA Marketing,LC0200A,CB2601,10334,C04
488,BBA Marketing,LC0200A,CB2201,10792,C04
488,BBA Marketing,LC0200A,CB2400,10840,CB2
488,BBA Marketing,LC0200A,LC0200A,11173,T33
489,BBA Marketing,LC0200A,CB2400,10180,C01
489,BBA Marketing,LC0200A,LC0200A,10891,T23
489,BBA Marketing,LC0200A,CB2601,11195,C03
489,BBA Marketing,LC0200A,CB2201,14828,C07
490,BBA Marketing,LC0200A,CB2400,10180,C01
490,BBA Marketing,LC0200A,CB2201,10339,C01
490,BBA Marketing,LC0200A,CB2601,12265,CC1
490,BBA Marketing,LC0200A,LC0200A,14950,T18
491,BBA Marketing,LC0200A,CB2400,10180,C01
491,BBA Marketing,LC0200A,CB2201,10341,C03
491,BBA Marketing,LC0200A,LC0200A,10880,T11
491,BBA Marketing,LC0200A,CB2601,12304,CE1
492,BBA Marketing,LC0200A,CB2601,10334,C04
492,BBA Marketing,LC0200A,CB2201,10339,C01
492,BBA Marketing,LC0200A,CB2400,10839,CB1
492,BBA Marketing,LC0200A,LC0200A,10878,T09
493,BBA Marketing,LC0200A,CB2400,10236,C03
493,BBA Marketing,LC0200A,CB2201,10339,C01
493,BBA Marketing,LC0200A,LC0200A,11170,T32
493,BBA Marketing,LC0200A,CB2601,11195,C03
494,BBA Marketing,LC0200A,CB2601,10335,C02
494,BBA Marketing,LC0200A,CB2201,10340,C02
494,BBA Marketing,LC0200A,LC0200A,10894,T26
494,BBA Marketing,LC0200A,CB2400,13315,CB3
495,BBA Marketing,LC0200A,CB2201,10678,C05
495,BBA Marketing,LC0200A,CB2400,10840,CB2
495,BBA Marketing,LC0200A,CB2601,11195,C03
495,BBA Marketing,LC0200A,LC0200A,11449,T34
496,BBA Marketing,LC0200A,CB2201,10678,C05
496,BBA Marketing,LC0200A,CB2400,10840,CB2
496,BBA Marketing,LC0200A,LC0200A,11975,T35
496,BBA Marketing,LC0200A,CB2601,12306,CA4
497,BBA Marketing,LC0200A,CB2400,10235,C02
497,BBA Marketing,LC0200A,LC0200A,10894,T26
497,BBA Marketing,LC0200A,CB2601,12560,C05
497,BBA Marketing,LC0200A,CB2201,14828,C07
498,BBA Marketing,LC0200A,CB2400,10180,C01
498,BBA Marketing,LC0200A,CB2601,10334,C04
498,BBA Marketing,LC0200A,LC0200A,10882,T13
498,BBA Marketing,LC0200A,CB2201,14827,C06
499,BBA Marketing,LC0200A,CB2601,10334,C04
499,BBA Marketing,LC0200A,CB2201,10792,C04
499,BBA Marketing,LC0200A,CB2400,12538,C04
499,BBA Marketing,LC0200A,LC0200A,14950,T18
500,BBA Marketing,LC0200A,CB2400,10236,C03
500,BBA Marketing,LC0200A,CB2201,10339,C01
500,BBA Marketing,LC0200A,LC0200A,10895,T27
500,BBA Marketing,LC0200A,CB2601,12305,C01
501,BBA Marketing,LC0200A,CB2400,10839,CB1
501,BBA Marketing,LC0200A,LC0200A,10876,T07
501,BBA Marketing,LC0200A,CB2601,12304,CE1
501,BBA Marketing,LC0200A,CB2201,14828,C07
502,BBA Marketing,LC0200A,CB2400,10235,C02
502,BBA Marketing,LC0200A,CB2201,10339,C01
502,BBA Marketing,LC0200A,LC0200A,10886,T17
502,BBA Marketing,LC0200A,CB2601,12560,C05
503,BBA Marketing,LC0200A,CB2201,10792,C04
503,BBA Marketing,LC0200A,CB2400,10840,CB2
503,BBA Marketing,LC0200A,LC0200A,11173,T33
503,BBA Marketing,LC0200A,CB2601,12305,C01
504,BBA Marketing,LC0200A,CB2400,10180,C01
504,BBA Marketing,LC0200A,CB2201,10678,C05
504,BBA Marketing,LC0200A,LC0200A,11449,T34
504,BBA Marketing,LC0200A,CB2601,12305,C01
505,BBA Marketing,LC0200A,CB2201,10678,C05
505,BBA Marketing,LC0200A,CB2400,10840,CB2
505,BBA Marketing,LC0200A,LC0200A,10890,T22
505,BBA Marketing,LC0200A,CB2601,12305,C01
506,BBA Marketing,LC0200A,CB2400,10180,C01
506,BBA Marketing,LC0200A,CB2201,10340,C02
506,BBA Marketing,LC0200A,LC0200A,10864,T04
506,BBA Marketing,LC0200A,CB2601,12305,C01
507,BBA Marketing,LC0200A,CB2201,10792,C04
507,BBA Marketing,LC0200A,CB2400,10839,CB1
507,BBA Marketing,LC0200A,LC0200A,10877,T08
507,BBA Marketing,LC0200A,CB2601,12304,CE1
508,BBA Marketing,LC0200A,CB2201,10792,C04
508,BBA Marketing,LC0200A,CB2400,10840,CB2
508,BBA Marketing,LC0200A,LC0200A,10882,T13
508,BBA Marketing,LC0200A,CB2601,11195,C03
509,BBA Marketing,LC0200A,CB2601,10334,C04
509,BBA Marketing,LC0200A,CB2400,10839,CB1
509,BBA Marketing,LC0200A,LC0200A,10886,T17
509,BBA Marketing,LC0200A,CB2201,14827,C06
510,BBA Marketing,LC0200A,CB2400,10236,C03
510,BBA Marketing,LC0200A,CB2201,10339,C01
510,BBA Marketing,LC0200A,LC0200A,11173,T33
510,BBA Marketing,LC0200A,CB2601,12560,C05
511,BBA Marketing,LC0200A,CB2201,10678,C05
511,BBA Marketing,LC0200A,CB2400,10840,CB2
511,BBA Marketing,LC0200A,LC0200A,10885,T16
511,BBA Marketing,LC0200A,CB2601,12560,C05
512,BBA Marketing,LC0200A,CB2400,10840,CB2
512,BBA Marketing,LC0200A,LC0200A,10894,T26
512,BBA Marketing,LC0200A,CB2601,12304,CE1
512,BBA Marketing,LC0200A,CB2201,14827,C06
513,BBA Marketing,LC0200A,CB2400,10236,C03
513,BBA Marketing,LC0200A,LC0200A,10885,T16
513,BBA Marketing,LC0200A,CB2601,12305,C01
513,BBA Marketing,LC0200A,CB2201,14828,C07
514,BBA Marketing,LC0200A,CB2201,10340,C02
514,BBA Marketing,LC0200A,CB2400,10839,CB1
514,BBA Marketing,LC0200A,LC0200A,10882,T13
514,BBA Marketing,LC0200A,CB2601,12560,C05
515,BBA Marketing,LC0200A,CB2400,10235,C02
515,BBA Marketing,LC0200A,CB2201,10340,C02
515,BBA Marketing,LC0200A,LC0200A,10889,T21
515,BBA Marketing,LC0200A,CB2601,12304,CE1
516,BBA Marketing,LC0200A,CB2400,10180,C01
516,BBA Marketing,LC0200A,CB2201,10339,C01
516,BBA Marketing,LC0200A,LC0200A,10865,T05
516,BBA Marketing,LC0200A,CB2601,12305,C01
517,BBA Management,GE1401,CB2601,10334,C04
517,BBA Management,GE1401,CB2201,10340,C02
517,BBA Management,GE1401,GE1401,10682,T05
517,BBA Management,GE1401,CB2400,10840,CB2
518,BBA Management,GE1401,CB2201,10339,C01
518,BBA Management,GE1401,CB2601,11195,C03
518,BBA Management,GE1401,GE1401,12121,T33
518,BBA Management,GE1401,CB2400,12538,C04
519,BBA Management,GE1401,CB2201,10341,C03
519,BBA Management,GE1401,CB2400,12538,C04
519,BBA Management,GE1401,CB2601,12560,C05
519,BBA Management,GE1401,GE1401,15183,TC4
520,BBA Management,GE1401,CB2400,10180,C01
520,BBA Management,GE1401,CB2201,10339,C01
520,BBA Management,GE1401,GE1401,11070,TA1
520,BBA Management,GE1401,CB2601,11195,C03
521,BBA Management,GE1401,CB2201,10341,C03
521,BBA Management,GE1401,GE1401,10708,T34
521,BBA Management,GE1401,CB2601,12304,CE1
521,BBA Management,GE1401,CB2400,13315,CB3
522,BBA Management,GE1401,CB2601,10335,C02
522,BBA Management,GE1401,CB2201,10792,C04
522,BBA Management,GE1401,CB2400,10840,CB2
522,BBA Management,GE1401,GE1401,15602,T58
523,BBA Management,GE1401,CB2601,10335,C02
523,BBA Management,GE1401,CB2400,10404,CA2
523,BBA Management,GE1401,GE1401,10696,T20
523,BBA Management,GE1401,CB2201,14827,C06
524,BBA Management,GE1401,CB2400,10236,C03
524,BBA Management,GE1401,CB2201,10340,C02
524,BBA Management,GE1401,GE1401,10705,T30
524,BBA Management,GE1401,CB2601,12305,C01
525,BBA Management,GE1401,CB2201,10678,C05
525,BBA Management,GE1401,GE1401,10722,T55
525,BBA Management,GE1401,CB2601,12305,C01
525,BBA Management,GE1401,CB2400,12538,C04
526,BBA Management,GE1401,CB2400,10404,CA2
526,BBA Management,GE1401,CB2201,10792,C04
526,BBA Management,GE1401,CB2601,12304,CE1
526,BBA Management,GE1401,GE1401,12399,T72
527,BBA Management,GE1401,GE1401,10715,T45
527,BBA Management,GE1401,CB2201,10792,C04
527,BBA Management,GE1401,CB2400,10840,CB2
527,BBA Management,GE1401,CB2601,12560,C05
528,BBA Management,GE1401,CB2400,10236,C03
528,BBA Management,GE1401,CB2201,10678,C05
528,BBA Management,GE1401,GE1401,12121,T33
528,BBA Management,GE1401,CB2601,12560,C05
529,BBA Management,GE1401,CB2400,10180,C01
529,BBA Management,GE1401,CB2601,10335,C02
529,BBA Management,GE1401,CB2201,10341,C03
529,BBA Management,GE1401,GE1401,12119,T18
530,BBA Management,GE1401,CB2201,10678,C05
530,BBA Management,GE1401,GE1401,10715,T45
530,BBA Management,GE1401,CB2601,12305,C01
530,BBA Management,GE1401,CB2400,13315,CB3
531,BBA Management,GE1401,CB2400,10235,C02
531,BBA Management,GE1401,CB2201,10341,C03
531,BBA Management,GE1401,GE1401,11496,T79
531,BBA Management,GE1401,CB2601,12304,CE1
532,BBA Management,GE1401,CB2400,10236,C03
532,BBA Management,GE1401,GE1401,11505,T93
532,BBA Management,GE1401,CB2601,12304,CE1
532,BBA Management,GE1401,CB2201,14828,C07
533,BBA Management,GE1401,CB2201,10678,C05
533,BBA Management,GE1401,CB2400,10839,CB1
533,BBA Management,GE1401,CB2601,11195,C03
533,BBA Management,GE1401,GE1401,12814,T91
534,BBA Management,GE1401,CB2201,10678,C05
534,BBA Management,GE1401,GE1401,10684,T07
534,BBA Management,GE1401,CB2400,10840,CB2
534,BBA Management,GE1401,CB2601,11195,C03
535,BBA Management,GE1401,CB2400,10235,C02
535,BBA Management,GE1401,CB2201,10678,C05
535,BBA Management,GE1401,GE1401,10687,T10
535,BBA Management,GE1401,CB2601,12304,CE1
536,BBA Management,GE1401,CB2400,10235,C02
536,BBA Management,GE1401,GE1401,12125,T65
536,BBA Management,GE1401,CB2601,12305,C01
536,BBA Management,GE1401,CB2201,14828,C07
537,BBA Management,GE1401,CB2400,10235,C02
537,BBA Management,GE1401,CB2601,10335,C02
537,BBA Management,GE1401,GE1401,10679,T02
537,BBA Management,GE1401,CB2201,14827,C06
538,BBA Management,GE1401,CB2400,10180,C01
538,BBA Management,GE1401,CB2201,10678,C05
538,BBA Management,GE1401,GE1401,10726,T59
538,BBA Management,GE1401,CB2601,12305,C01
539,BBA Management,GE1401,CB2201,10339,C01
539,BBA Management,GE1401,GE1401,10731,T66
539,BBA Management,GE1401,CB2601,12306,CA4
539,BBA Management,GE1401,CB2400,12538,C04
540,BBA Management,GE1401,CB2400,10235,C02
540,BBA Management,GE1401,CB2201,10340,C02
540,BBA Management,GE1401,GE1401,10731,T66
540,BBA Management,GE1401,CB2601,12560,C05
541,BBA Management,GE1401,GE1401,10711,T38
541,BBA Management,GE1401,CB2601,12306,CA4
541,BBA Management,GE1401,CB2201,12852,CM1
541,BBA Management,GE1401,CB2400,13315,CB3
542,BBA Management,GE1401,GE1401,10716,T47
542,BBA Management,GE1401,CB2601,12305,C01
542,BBA Management,GE1401,CB2400,12538,C04
542,BBA Management,GE1401,CB2201,14828,C07
543,BBA Management,GE1401,CB2601,10334,C04
543,BBA Management,GE1401,CB2201,10792,C04
543,BBA Management,GE1401,GE1401,11493,T75
543,BBA Management,GE1401,CB2400,12538,C04
544,BBA Management,GE1401,CB2400,10235,C02
544,BBA Management,GE1401,CB2201,10341,C03
544,BBA Management,GE1401,GE1401,11498,T83
544,BBA Management,GE1401,CB2601,12304,CE1
545,BBA Management,GE1401,CB2201,10340,C02
545,BBA Management,GE1401,GE1401,10722,T55
545,BBA Management,GE1401,CB2400,10840,CB2
545,BBA Management,GE1401,CB2601,12306,CA4
546,BBA Management,GE1401,GE1401,10696,T20
546,BBA Management,GE1401,CB2201,10792,C04
546,BBA Management,GE1401,CB2400,12538,C04
546,BBA Management,GE1401,CB2601,12560,C05
547,BBA Management,GE1401,CB2201,10792,C04
547,BBA Management,GE1401,GE1401,11505,T93
547,BBA Management,GE1401,CB2400,12538,C04
547,BBA Management,GE1401,CB2601,12560,C05
548,BBA Management,GE1401,CB2400,10180,C01
548,BBA Management,GE1401,CB2601,10335,C02
548,BBA Management,GE1401,CB2201,10340,C02
548,BBA Management,GE1401,GE1401,12814,T91
549,BBA Management,GE1401,CB2201,10341,C03
549,BBA Management,GE1401,CB2601,12306,CA4
549,BBA Management,GE1401,CB2400,13315,CB3
549,BBA Management,GE1401,GE1401,13573,TB2
550,BBA Management,GE1401,CB2201,10340,C02
550,BBA Management,GE1401,GE1401,10710,T37
550,BBA Management,GE1401,CB2400,12538,C04
550,BBA Management,GE1401,CB2601,12560,C05
551,BBA Management,GE1401,CB2400,10235,C02
551,BBA Management,GE1401,CB2201,10340,C02
551,BBA Management,GE1401,GE1401,10727,T60
551,BBA Management,GE1401,CB2601,12304,CE1
552,BBA Management,GE1401,CB2601,10335,C02
552,BBA Management,GE1401,CB2201,10792,C04
552,BBA Management,GE1401,GE1401,11491,T69
552,BBA Management,GE1401,CB2400,12538,C04
553,BBA Management,GE1401,CB2201,10678,C05
553,BBA Management,GE1401,CB2601,11195,C03
553,BBA Management,GE1401,GE1401,12121,T33
553,BBA Management,GE1401,CB2400,12538,C04
554,BBA Management,GE1401,CB2201,10341,C03
554,BBA Management,GE1401,GE1401,11494,T76
554,BBA Management,GE1401,CB2601,12560,C05
554,BBA Management,GE1401,CB2400,13315,CB3
555,BBA Management,GE1401,CB2201,10678,C05
555,BBA Management,GE1401,GE1401,10689,T12
555,BBA Management,GE1401,CB2601,12304,CE1
555,BBA Management,GE1401,CB2400,12538,C04
556,BBA Management,GE1401,CB2400,10180,C01
556,BBA Management,GE1401,GE1401,11505,T93
556,BBA Management,GE1401,CB2601,12304,CE1
556,BBA Management,GE1401,CB2201,14827,C06
557,BBA Management,GE1401,CB2601,10334,C04
557,BBA Management,GE1401,CB2201,10340,C02
557,BBA Management,GE1401,CB2400,10839,CB1
557,BBA Management,GE1401,GE1401,12399,T72
558,BBA Management,GE1401,CB2400,10180,C01
558,BBA Management,GE1401,CB2201,10340,C02
558,BBA Management,GE1401,GE1401,10729,T63
558,BBA Management,GE1401,CB2601,12304,CE1
559,BBA Management,GE1401,CB2201,10678,C05
559,BBA Management,GE1401,GE1401,10716,T47
559,BBA Management,GE1401,CB2601,12305,C01
559,BBA Management,GE1401,CB2400,12538,C04
560,BBA Management,GE1401,CB2400,10236,C03
560,BBA Management,GE1401,CB2601,10335,C02
560,BBA Management,GE1401,GE1401,10690,T13
560,BBA Management,GE1401,CB2201,14828,C07
561,BBA Management,GE1401,CB2601,10335,C02
561,BBA Management,GE1401,CB2201,10792,C04
561,BBA Management,GE1401,CB2400,10839,CB1
561,BBA Management,GE1401,GE1401,15182,TC3
562,BBA Management,GE1401,CB2400,10235,C02
562,BBA Management,GE1401,CB2201,10339,C01
562,BBA Management,GE1401,GE1401,11506,T78
562,BBA Management,GE1401,CB2601,12305,C01
563,BBA Management,GE1401,CB2400,10180,C01
563,BBA Management,GE1401,CB2201,10678,C05
563,BBA Management,GE1401,GE1401,12398,T70
563,BBA Management,GE1401,CB2601,12560,C05
564,BBA Management,GE1401,CB2400,10236,C03
564,BBA Management,GE1401,CB2201,10339,C01
564,BBA Management,GE1401,GE1401,10715,T45
564,BBA Management,GE1401,CB2601,12305,C01
565,BBA Management,GE1401,CB2400,10236,C03
565,BBA Management,GE1401,CB2201,10678,C05
565,BBA Management,GE1401,GE1401,12126,T67
565,BBA Management,GE1401,CB2601,12560,C05
566,BBA Management,GE1401,CB2400,10236,C03
566,BBA Management,GE1401,CB2201,10339,C01
566,BBA Management,GE1401,GE1401,10730,T64
566,BBA Management,GE1401,CB2601,12560,C05
567,BBA Management,GE1401,CB2601,10334,C04
567,BBA Management,GE1401,CB2201,10339,C01
567,BBA Management,GE1401,GE1401,10717,T48
567,BBA Management,GE1401,CB2400,12538,C04
568,BBA Management,GE1401,CB2400,10236,C03
568,BBA Management,GE1401,GE1401,10693,T16
568,BBA Management,GE1401,CB2601,12306,CA4
568,BBA Management,GE1401,CB2201,14826,CE1
569,BBA Management,GE1401,CB2601,10335,C02
569,BBA Management,GE1401,CB2201,10339,C01
569,BBA Management,GE1401,CB2400,12538,C04
569,BBA Management,GE1401,GE1401,15600,T14
570,BBA Management,GE1401,CB2400,10180,C01
570,BBA Management,GE1401,CB2601,10335,C02
570,BBA Management,GE1401,CB2201,10341,C03
570,BBA Management,GE1401,GE1401,10707,T32
571,BBA Management,GE1401,CB2201,10339,C01
571,BBA Management,GE1401,GE1401,10697,T21
571,BBA Management,GE1401,CB2400,10839,CB1
571,BBA Management,GE1401,CB2601,12305,C01
572,BBA Management,GE1401,CB2601,10334,C04
572,BBA Management,GE1401,GE1401,12125,T65
572,BBA Management,GE1401,CB2400,13315,CB3
572,BBA Management,GE1401,CB2201,14828,C07
573,BBA Management,GE1401,GE1401,10719,T52
573,BBA Management,GE1401,CB2601,11195,C03
573,BBA Management,GE1401,CB2400,13315,CB3
573,BBA Management,GE1401,CB2201,14827,C06
574,BBA Management,GE1401,GE1401,10707,T32
574,BBA Management,GE1401,CB2601,12561,CC5
574,BBA Management,GE1401,CB2400,13315,CB3
574,BBA Management,GE1401,CB2201,14828,C07
575,BBA Management,GE1401,GE1401,11504,T90
575,BBA Management,GE1401,CB2601,12265,CC1
575,BBA Management,GE1401,CB2400,13315,CB3
575,BBA Management,GE1401,CB2201,13718,CM2
576,BBA Management,LC0200A,CB2201,10340,C02
576,BBA Management,LC0200A,LC0200A,11030,T31
576,BBA Management,LC0200A,CB2400,12538,C04
576,BBA Management,LC0200A,CB2601,12560,C05
577,BBA Management,LC0200A,CB2400,10235,C02
577,BBA Management,LC0200A,CB2201,10678,C05
577,BBA Management,LC0200A,LC0200A,10886,T17
577,BBA Management,LC0200A,CB2601,11195,C03
578,BBA Management,LC0200A,CB2400,10236,C03
578,BBA Management,LC0200A,CB2201,10792,C04
578,BBA Management,LC0200A,LC0200A,10876,T07
578,BBA Management,LC0200A,CB2601,12304,CE1
579,BBA Management,LC0200A,CB2400,10840,CB2
579,BBA Management,LC0200A,LC0200A,11029,T30
579,BBA Management,LC0200A,CB2601,11195,C03
579,BBA Management,LC0200A,CB2201,14827,C06
580,BBA Management,LC0200A,CB2400,10840,CB2
580,BBA Management,LC0200A,LC0200A,11170,T32
580,BBA Management,LC0200A,CB2601,12304,CE1
580,BBA Management,LC0200A,CB2201,14827,C06
581,BBA Management,LC0200A,CB2400,10236,C03
581,BBA Management,LC0200A,CB2601,10335,C02
581,BBA Management,LC0200A,LC0200A,11029,T30
581,BBA Management,LC0200A,CB2201,14828,C07
582,BBA Management,LC0200A,LC0200A,10883,T14
582,BBA Management,LC0200A,CB2601,12267,CC3
582,BBA Management,LC0200A,CB2400,12538,C04
582,BBA Management,LC0200A,CB2201,14826,CE1
583,BBA Management,LC0200A,CB2400,10180,C01
583,BBA Management,LC0200A,CB2201,10678,C05
583,BBA Management,LC0200A,LC0200A,10891,T23
583,BBA Management,LC0200A,CB2601,12560,C05
584,BBA Management,LC0200A,CB2400,10180,C01
584,BBA Management,LC0200A,LC0200A,11449,T34
584,BBA Management,LC0200A,CB2601,12560,C05
584,BBA Management,LC0200A,CB2201,14826,CE1
585,BBA Management,LC0200A,CB2400,10180,C01
585,BBA Management,LC0200A,CB2201,10339,C01
585,BBA Management,LC0200A,CB2601,11195,C03
585,BBA Management,LC0200A,LC0200A,12333,T40
586,BBA Management,LC0200A,CB2400,10180,C01
586,BBA Management,LC0200A,CB2201,10339,C01
586,BBA Management,LC0200A,LC0200A,10875,T06
586,BBA Management,LC0200A,CB2601,12305,C01
587,BBA Management,LC0200A,LC0200A,10891,T23
587,BBA Management,LC0200A,CB2601,12560,C05
587,BBA Management,LC0200A,CB2400,13315,CB3
587,BBA Management,LC0200A,CB2201,14828,C07
588,BBA Management,LC0200A,CB2601,10334,C04
588,BBA Management,LC0200A,CB2201,10340,C02
588,BBA Management,LC0200A,LC0200A,10841,T01
588,BBA Management,LC0200A,CB2400,12538,C04
589,BBA Management,LC0200A,CB2201,10792,C04
589,BBA Management,LC0200A,CB2400,10840,CB2
589,BBA Management,LC0200A,CB2601,11195,C03
589,BBA Management,LC0200A,LC0200A,12320,T38
590,BBA Management,LC0200A,CB2400,10840,CB2
590,BBA Management,LC0200A,LC0200A,10897,T29
590,BBA Management,LC0200A,CB2601,12305,C01
590,BBA Management,LC0200A,CB2201,14827,C06
591,BBA Management,LC0200A,CB2400,10180,C01
591,BBA Management,LC0200A,CB2601,10335,C02
591,BBA Management,LC0200A,CB2201,10792,C04
591,BBA Management,LC0200A,LC0200A,10881,T12
592,BBA Management,LC0200A,CB2201,10340,C02
592,BBA Management,LC0200A,LC0200A,10889,T21
592,BBA Management,LC0200A,CB2400,12538,C04
592,BBA Management,LC0200A,CB2601,12560,C05
593,BBA Management,LC0200A,CB2601,10335,C02
593,BBA Management,LC0200A,LC0200A,10876,T07
593,BBA Management,LC0200A,CB2400,13315,CB3
593,BBA Management,LC0200A,CB2201,14828,C07
594,BBA Management,LC0200A,CB2201,10339,C01
594,BBA Management,LC0200A,LC0200A,11170,T32
594,BBA Management,LC0200A,CB2400,12538,C04
594,BBA Management,LC0200A,CB2601,12560,C05
595,BBA Management,LC0200A,CB2400,10840,CB2
595,BBA Management,LC0200A,LC0200A,11170,T32
595,BBA Management,LC0200A,CB2601,12306,CA4
595,BBA Management,LC0200A,CB2201,14827,C06
596,BBA Management,LC0200A,CB2201,10340,C02
596,BBA Management,LC0200A,CB2400,10840,CB2
596,BBA Management,LC0200A,LC0200A,10897,T29
596,BBA Management,LC0200A,CB2601,12304,CE1
597,BBA Management,LC0200A,CB2400,10235,C02
597,BBA Management,LC0200A,CB2201,10339,C01
597,BBA Management,LC0200A,LC0200A,10879,T10
597,BBA Management,LC0200A,CB2601,12306,CA4
598,BBA Management,LC0200A,CB2601,10334,C04
598,BBA Management,LC0200A,CB2201,10341,C03
598,BBA Management,LC0200A,LC0200A,11173,T33
598,BBA Management,LC0200A,CB2400,12538,C04
599,BBA Management,LC0200A,CB2601,10335,C02
599,BBA Management,LC0200A,CB2201,10792,C04
599,BBA Management,LC0200A,CB2400,10840,CB2
599,BBA Management,LC0200A,LC0200A,10875,T06
600,BBA Management,LC0200A,CB2201,10339,C01
600,BBA Management,LC0200A,LC0200A,10897,T29
600,BBA Management,LC0200A,CB2601,11195,C03
600,BBA Management,LC0200A,CB2400,12538,C04
601,BBA Management,LC0200A,CB2400,10235,C02
601,BBA Management,LC0200A,LC0200A,11030,T31
601,BBA Management,LC0200A,CB2601,12560,C05
601,BBA Management,LC0200A,CB2201,14828,C07
602,BBA Management,LC0200A,CB2400,10236,C03
602,BBA Management,LC0200A,LC0200A,11170,T32
602,BBA Management,LC0200A,CB2601,12305,C01
602,BBA Management,LC0200A,CB2201,14827,C06
603,BBA Global Business,GE1401,CB2100,10190,C01
603,BBA Global Business,GE1401,CB2601,10334,C04
603,BBA Global Business,GE1401,CB2100,10442,T07
603,BBA Global Business,GE1401,GE1401,10684,T07
604,BBA Global Business,GE1401,CB2100,10190,C01
604,BBA Global Business,GE1401,CB2100,10552,T09
604,BBA Global Business,GE1401,GE1401,10687,T10
604,BBA Global Business,GE1401,CB2601,12304,CE1
605,BBA Global Business,GE1401,CB2100,10457,CA2
605,BBA Global Business,GE1401,CB2100,10596,TA2
605,BBA Global Business,GE1401,CB2601,12306,CA4
605,BBA Global Business,GE1401,GE1401,12399,T72
606,BBA Global Business,GE1401,CB2100,10190,C01
606,BBA Global Business,GE1401,CB2100,10245,T02
606,BBA Global Business,GE1401,GE1401,10705,T30
606,BBA Global Business,GE1401,CB2601,12560,C05
607,BBA Global Business,GE1401,CB2100,10551,C02
607,BBA Global Business,GE1401,CB2100,10554,T11
607,BBA Global Business,GE1401,GE1401,12126,T67
607,BBA Global Business,GE1401,CB2601,12305,C01
608,BBA Global Business,GE1401,CB2601,10335,C02
608,BBA Global Business,GE1401,CB2100,10551,C02
608,BBA Global Business,GE1401,CB2100,10553,T10
608,BBA Global Business,GE1401,GE1401,15182,TC3
609,BBA Global Business,GE1401,CB2601,10334,C04
609,BBA Global Business,GE1401,GE1401,11493,T75
609,BBA Global Business,GE1401,CB2100,12575,TB1
609,BBA Global Business,GE1401,CB2100,12890,CB2
610,BBA Global Business,GE1401,CB2100,10190,C01
610,BBA Global Business,GE1401,CB2100,10246,T03
610,BBA Global Business,GE1401,CB2601,10335,C02
610,BBA Global Business,GE1401,GE1401,15205,TC5
611,BBA Global Business,GE1401,CB2100,10551,C02
611,BBA Global Business,GE1401,CB2100,11280,TAD
611,BBA Global Business,GE1401,GE1401,11493,T75
611,BBA Global Business,GE1401,CB2601,12304,CE1
612,BBA Global Business,GE1401,CB2100,10246,T03
612,BBA Global Business,GE1401,CB2100,10551,C02
612,BBA Global Business,GE1401,GE1401,10710,T37
612,BBA Global Business,GE1401,CB2601,11195,C03
613,BBA Global Business,GE1401,CB2601,10335,C02
613,BBA Global Business,GE1401,CB2100,10551,C02
613,BBA Global Business,GE1401,CB2100,10552,T09
613,BBA Global Business,GE1401,GE1401,10711,T38
614,BBA Global Business,GE1401,CB2100,10191,T04
614,BBA Global Business,GE1401,CB2100,10551,C02
614,BBA Global Business,GE1401,CB2601,11195,C03
614,BBA Global Business,GE1401,GE1401,11499,T85
615,BBA Global Business,GE1401,CB2100,10245,T02
615,BBA Global Business,GE1401,CB2100,10551,C02
615,BBA Global Business,GE1401,CB2601,12560,C05
615,BBA Global Business,GE1401,GE1401,15205,TC5
616,BBA Global Business,GE1401,CB2100,10191,T04
616,BBA Global Business,GE1401,CB2100,10551,C02
616,BBA Global Business,GE1401,GE1401,11495,T77
616,BBA Global Business,GE1401,CB2601,12305,C01
617,BBA Global Business,GE1401,CB2100,10190,C01
617,BBA Global Business,GE1401,CB2601,10334,C04
617,BBA Global Business,GE1401,CB2100,10560,TAA
617,BBA Global Business,GE1401,GE1401,15600,T14
618,BBA Global Business,GE1401,CB2100,10190,C01
618,BBA Global Business,GE1401,CB2601,10335,C02
618,BBA Global Business,GE1401,CB2100,10443,T08
618,BBA Global Business,GE1401,GE1401,11497,T81
619,BBA Global Business,GE1401,CB2100,10190,C01
619,BBA Global Business,GE1401,CB2100,10244,T01
619,BBA Global Business,GE1401,GE1401,10695,T19
619,BBA Global Business,GE1401,CB2601,12304,CE1
620,BBA Global Business,GE1401,CB2100,10457,CA2
620,BBA Global Business,GE1401,CB2100,10458,TA3
620,BBA Global Business,GE1401,GE1401,10704,T29
620,BBA Global Business,GE1401,CB2601,11195,C03
621,BBA Global Business,GE1401,CB2100,10190,C01
621,BBA Global Business,GE1401,CB2601,10335,C02
621,BBA Global Business,GE1401,CB2100,10554,T11
621,BBA Global Business,GE1401,GE1401,13197,TA2
622,BBA Global Business,GE1401,CB2100,10551,C02
622,BBA Global Business,GE1401,CB2100,10552,T09
622,BBA Global Business,GE1401,CB2601,11195,C03
622,BBA Global Business,GE1401,GE1401,12814,T91
623,BBA Global Business,GE1401,CB2100,10551,C02
623,BBA Global Business,GE1401,CB2100,11279,TAC
623,BBA Global Business,GE1401,CB2601,12305,C01
623,BBA Global Business,GE1401,GE1401,15180,TC1
624,BBA Global Business,GE1401,CB2100,10551,C02
624,BBA Global Business,GE1401,GE1401,10722,T55
624,BBA Global Business,GE1401,CB2100,11277,T13
624,BBA Global Business,GE1401,CB2601,12305,C01
625,BBA Global Business,GE1401,CB2100,10551,C02
625,BBA Global Business,GE1401,CB2100,10554,T11
625,BBA Global Business,GE1401,CB2601,11195,C03
625,BBA Global Business,GE1401,GE1401,11494,T76
626,BBA Global Business,GE1401,CB2601,10334,C04
626,BBA Global Business,GE1401,CB2100,10551,C02
626,BBA Global Business,GE1401,CB2100,11276,T12
626,BBA Global Business,GE1401,GE1401,15180,TC1
627,BBA Global Business,GE1401,CB2601,10334,C04
627,BBA Global Business,GE1401,CB2100,11077,CA1
627,BBA Global Business,GE1401,CB2100,12576,TA1
627,BBA Global Business,GE1401,GE1401,15181,TC2
628,BBA Global Business,GE1401,CB2100,10551,C02
628,BBA Global Business,GE1401,CB2100,10554,T11
628,BBA Global Business,GE1401,GE1401,10711,T38
628,BBA Global Business,GE1401,CB2601,12306,CA4
629,BBA Global Business,GE1401,GE1401,10731,T66
629,BBA Global Business,GE1401,CB2601,12560,C05
629,BBA Global Business,GE1401,CB2100,12575,TB1
629,BBA Global Business,GE1401,CB2100,12890,CB2
630,BBA Global Business,GE1401,CB2100,10192,T05
630,BBA Global Business,GE1401,CB2100,10551,C02
630,BBA Global Business,GE1401,GE1401,10690,T13
630,BBA Global Business,GE1401,CB2601,12560,C05
631,BBA Global Business,GE1401,CB2100,10190,C01
631,BBA Global Business,GE1401,CB2601,10335,C02
631,BBA Global Business,GE1401,CB2100,10443,T08
631,BBA Global Business,GE1401,GE1401,10694,T17
632,BBA Global Business,GE1401,CB2100,10190,C01
632,BBA Global Business,GE1401,CB2601,10335,C02
632,BBA Global Business,GE1401,CB2100,10441,T06
632,BBA Global Business,GE1401,GE1401,12122,T35
633,BBA Global Business,GE1401,CB2100,10190,C01
633,BBA Global Business,GE1401,CB2100,10442,T07
633,BBA Global Business,GE1401,GE1401,10687,T10
633,BBA Global Business,GE1401,CB2601,12306,CA4
634,BBA Global Business,GE1401,CB2100,10190,C01
634,BBA Global Business,GE1401,CB2601,11195,C03
634,BBA Global Business,GE1401,CB2100,11281,TAE
634,BBA Global Business,GE1401,GE1401,12122,T35
635,BBA Global Business,GE1401,CB2100,10244,T01
635,BBA Global Business,GE1401,CB2100,10551,C02
635,BBA Global Business,GE1401,GE1401,10701,T25
635,BBA Global Business,GE1401,CB2601,12304,CE1
636,BBA Global Business,GE1401,CB2100,10190,C01
636,BBA Global Business,GE1401,CB2100,10192,T05
636,BBA Global Business,GE1401,GE1401,10720,T53
636,BBA Global Business,GE1401,CB2601,11195,C03
637,BBA Global Business,GE1401,GE1401,10698,T22
637,BBA Global Business,GE1401,CB2601,12304,CE1
637,BBA Global Business,GE1401,CB2100,12574,CB1
637,BBA Global Business,GE1401,CB2100,12575,TB1
638,BBA Global Business,GE1401,CB2100,10551,C02
638,BBA Global Business,GE1401,CB2100,10553,T10
638,BBA Global Business,GE1401,CB2601,12304,CE1
638,BBA Global Business,GE1401,GE1401,13572,TB1
639,BBA Global Business,GE1401,CB2601,10335,C02
639,BBA Global Business,GE1401,CB2100,10443,T08
639,BBA Global Business,GE1401,CB2100,10551,C02
639,BBA Global Business,GE1401,GE1401,10711,T38
640,BBA Global Business,GE1401,CB2100,10551,C02
640,BBA Global Business,GE1401,CB2100,10552,T09
640,BBA Global Business,GE1401,GE1401,11503,T89
640,BBA Global Business,GE1401,CB2601,12304,CE1
641,BBA Global Business,GE1401,CB2100,10190,C01
641,BBA Global Business,GE1401,CB2100,11277,T13
641,BBA Global Business,GE1401,CB2601,12304,CE1
641,BBA Global Business,GE1401,GE1401,13571,T99
642,BBA Global Business,LC0200A,CB2100,10246,T03
642,BBA Global Business,LC0200A,CB2601,10335,C02
642,BBA Global Business,LC0200A,CB2100,10551,C02
642,BBA Global Business,LC0200A,LC0200A,11173,T33
643,BBA Global Business,LC0200A,CB2100,10190,C01
643,BBA Global Business,LC0200A,CB2601,10335,C02
643,BBA Global Business,LC0200A,CB2100,10442,T07
643,BBA Global Business,LC0200A,LC0200A,14950,T18
644,BBA Global Business,LC0200A,CB2601,10335,C02
644,BBA Global Business,LC0200A,LC0200A,10897,T29
644,BBA Global Business,LC0200A,CB2100,12574,CB1
644,BBA Global Business,LC0200A,CB2100,12575,TB1
645,BBA Global Business,LC0200A,CB2100,10190,C01
645,BBA Global Business,LC0200A,CB2100,10245,T02
645,BBA Global Business,LC0200A,LC0200A,10865,T05
645,BBA Global Business,LC0200A,CB2601,12304,CE1
646,BBA Global Business,LC0200A,CB2100,10190,C01
646,BBA Global Business,LC0200A,LC0200A,10883,T14
646,BBA Global Business,LC0200A,CB2601,11195,C03
646,BBA Global Business,LC0200A,CB2100,11277,T13
647,BBA Global Business,LC0200A,CB2100,10457,CA2
647,BBA Global Business,LC0200A,CB2100,10458,TA3
647,BBA Global Business,LC0200A,CB2601,12560,C05
647,BBA Global Business,LC0200A,LC0200A,14952,T36
648,BBA Global Business,LC0200A,CB2100,10244,T01
648,BBA Global Business,LC0200A,CB2100,10551,C02
648,BBA Global Business,LC0200A,LC0200A,11029,T30
648,BBA Global Business,LC0200A,CB2601,11195,C03
649,BBA Global Business,LC0200A,CB2100,10551,C02
649,BBA Global Business,LC0200A,CB2100,10554,T11
649,BBA Global Business,LC0200A,LC0200A,10888,T20
649,BBA Global Business,LC0200A,CB2601,12305,C01
650,BBA Global Business,LC0200A,CB2100,10245,T02
650,BBA Global Business,LC0200A,CB2100,10551,C02
650,BBA Global Business,LC0200A,LC0200A,10895,T27
650,BBA Global Business,LC0200A,CB2601,11195,C03
651,BBA Global Business,LC0200A,CB2100,10190,C01
651,BBA Global Business,LC0200A,CB2100,10442,T07
651,BBA Global Business,LC0200A,LC0200A,10879,T10
651,BBA Global Business,LC0200A,CB2601,12560,C05
652,BBA Global Business,LC0200A,CB2100,10190,C01
652,BBA Global Business,LC0200A,CB2100,10443,T08
652,BBA Global Business,LC0200A,LC0200A,10880,T11
652,BBA Global Business,LC0200A,CB2601,12304,CE1
653,BBA Global Business,LC0200A,CB2100,10551,C02
653,BBA Global Business,LC0200A,CB2100,10553,T10
653,BBA Global Business,LC0200A,LC0200A,10896,T28
653,BBA Global Business,LC0200A,CB2601,12304,CE1
654,BBA Global Business,LC0200A,CB2100,10192,T05
654,BBA Global Business,LC0200A,CB2100,10551,C02
654,BBA Global Business,LC0200A,LC0200A,11029,T30
654,BBA Global Business,LC0200A,CB2601,12305,C01
655,BBA Global Business,LC0200A,CB2100,10190,C01
655,BBA Global Business,LC0200A,CB2601,10335,C02
655,BBA Global Business,LC0200A,CB2100,10443,T08
655,BBA Global Business,LC0200A,LC0200A,10880,T11
656,BBA Global Business,LC0200A,CB2100,10551,C02
656,BBA Global Business,LC0200A,CB2100,10552,T09
656,BBA Global Business,LC0200A,LC0200A,10894,T26
656,BBA Global Business,LC0200A,CB2601,12304,CE1
657,BBA Global Business,LC0200A,CB2100,10192,T05
657,BBA Global Business,LC0200A,CB2100,10551,C02
657,BBA Global Business,LC0200A,LC0200A,10891,T23
657,BBA Global Business,LC0200A,CB2601,12304,CE1
658,BBA Global Business,LC0200A,CB2100,10457,CA2
658,BBA Global Business,LC0200A,CB2100,10596,TA2
658,BBA Global Business,LC0200A,LC0200A,10896,T28
658,BBA Global Business,LC0200A,CB2601,12306,CA4
659,BBA Global Business,LC0200A,CB2100,10190,C01
659,BBA Global Business,LC0200A,CB2601,10334,C04
659,BBA Global Business,LC0200A,LC0200A,11029,T30
659,BBA Global Business,LC0200A,CB2100,11276,T12
660,BBA Global Business Systems Management,GE1401,CB2201,10339,C01
660,BBA Global Business Systems Management,GE1401,CB2500,10625,C02
660,BBA Global Business Systems Management,GE1401,CB2300,12535,S04
660,BBA Global Business Systems Management,GE1401,GE1401,12735,T74
660,BBA Global Business Systems Management,GE1401,CB2500,15288,T07
661,BBA Global Business Systems Management,GE1401,CB2500,10625,C02
661,BBA Global Business Systems Management,GE1401,CB2201,10678,C05
661,BBA Global Business Systems Management,GE1401,CB2300,12587,SA1
661,BBA Global Business Systems Management,GE1401,GE1401,13570,T98
661,BBA Global Business Systems Management,GE1401,CB2500,15284,T03
662,BBA Global Business Systems Management,GE1401,CB2500,10624,C01
662,BBA Global Business Systems Management,GE1401,GE1401,10706,T31
662,BBA Global Business Systems Management,GE1401,CB2201,10792,C04
662,BBA Global Business Systems Management,GE1401,CB2300,12534,S03
662,BBA Global Business Systems Management,GE1401,CB2500,15288,T07
663,BBA Global Business Systems Management,GE1401,CB2201,10341,C03
663,BBA Global Business Systems Management,GE1401,CB2300,12533,S01
663,BBA Global Business Systems Management,GE1401,GE1401,12733,T62
663,BBA Global Business Systems Management,GE1401,CB2500,13323,CA1
663,BBA Global Business Systems Management,GE1401,CB2500,15289,TA1
664,BBA Global Business Systems Management,GE1401,CB2500,10625,C02
664,BBA Global Business Systems Management,GE1401,CB2300,12534,S03
664,BBA Global Business Systems Management,GE1401,GE1401,13571,T99
664,BBA Global Business Systems Management,GE1401,CB2201,14828,C07
664,BBA Global Business Systems Management,GE1401,CB2500,15288,T07
665,BBA Global Business Systems Management,GE1401,CB2201,10341,C03
665,BBA Global Business Systems Management,GE1401,CB2500,10625,C02
665,BBA Global Business Systems Management,GE1401,GE1401,12397,T51
665,BBA Global Business Systems Management,GE1401,CB2300,12534,S03
665,BBA Global Business Systems Management,GE1401,CB2500,15285,T04
666,BBA Global Business Systems Management,GE1401,CB2500,10625,C02
666,BBA Global Business Systems Management,GE1401,CB2300,12534,S03
666,BBA Global Business Systems Management,GE1401,CB2201,14828,C07
666,BBA Global Business Systems Management,GE1401,GE1401,15180,TC1
666,BBA Global Business Systems Management,GE1401,CB2500,15286,T05
667,BBA Global Business Systems Management,GE1401,CB2201,10340,C02
667,BBA Global Business Systems Management,GE1401,CB2500,10624,C01
667,BBA Global Business Systems Management,GE1401,GE1401,12122,T35
667,BBA Global Business Systems Management,GE1401,CB2300,12534,S03
667,BBA Global Business Systems Management,GE1401,CB2500,15287,T06
668,BBA Global Business Systems Management,GE1401,CB2500,10625,C02
668,BBA Global Business Systems Management,GE1401,GE1401,10719,T52
668,BBA Global Business Systems Management,GE1401,CB2300,12532,S02
668,BBA Global Business Systems Management,GE1401,CB2201,14827,C06
668,BBA Global Business Systems Management,GE1401,CB2500,15283,T02
669,BBA Global Business Systems Management,GE1401,CB2201,10339,C01
669,BBA Global Business Systems Management,GE1401,CB2500,10625,C02
669,BBA Global Business Systems Management,GE1401,GE1401,10705,T30
669,BBA Global Business Systems Management,GE1401,CB2300,14880,SC1
669,BBA Global Business Systems Management,GE1401,CB2500,15284,T03
670,BBA Global Business Systems Management,GE1401,CB2500,10624,C01
670,BBA Global Business Systems Management,GE1401,CB2201,10678,C05
670,BBA Global Business Systems Management,GE1401,GE1401,12399,T72
670,BBA Global Business Systems Management,GE1401,CB2300,12534,S03
670,BBA Global Business Systems Management,GE1401,CB2500,15598,T08
671,BBA Global Business Systems Management,GE1401,CB2500,10624,C01
671,BBA Global Business Systems Management,GE1401,GE1401,10723,T56
671,BBA Global Business Systems Management,GE1401,CB2300,12536,S05
671,BBA Global Business Systems Management,GE1401,CB2201,14827,C06
671,BBA Global Business Systems Management,GE1401,CB2500,15284,T03
672,BBA Global Business Systems Management,GE1401,CB2500,10625,C02
672,BBA Global Business Systems Management,GE1401,GE1401,11507,T80
672,BBA Global Business Systems Management,GE1401,CB2300,12534,S03
672,BBA Global Business Systems Management,GE1401,CB2201,14828,C07
672,BBA Global Business Systems Management,GE1401,CB2500,15283,T02
673,BBA Global Business Systems Management,GE1401,CB2500,10624,C01
673,BBA Global Business Systems Management,GE1401,CB2201,10678,C05
673,BBA Global Business Systems Management,GE1401,GE1401,12396,T46
673,BBA Global Business Systems Management,GE1401,CB2300,12532,S02
673,BBA Global Business Systems Management,GE1401,CB2500,15283,T02
674,BBA Global Business Systems Management,GE1401,CB2201,10340,C02
674,BBA Global Business Systems Management,GE1401,CB2500,10625,C02
674,BBA Global Business Systems Management,GE1401,GE1401,10717,T48
674,BBA Global Business Systems Management,GE1401,CB2300,12532,S02
674,BBA Global Business Systems Management,GE1401,CB2500,15285,T04
675,BBA Global Business Systems Management,GE1401,CB2500,10624,C01
675,BBA Global Business Systems Management,GE1401,GE1401,10689,T12
675,BBA Global Business Systems Management,GE1401,CB2300,12532,S02
675,BBA Global Business Systems Management,GE1401,CB2201,14827,C06
675,BBA Global Business Systems Management,GE1401,CB2500,15283,T02
676,BBA Global Business Systems Management,GE1401,CB2300,12535,S04
676,BBA Global Business Systems Management,GE1401,CB2500,13323,CA1
676,BBA Global Business Systems Management,GE1401,CB2201,14827,C06
676,BBA Global Business Systems Management,GE1401,GE1401,15206,TC6
676,BBA Global Business Systems Management,GE1401,CB2500,15289,TA1
677,BBA Global Business Systems Management,GE1401,CB2500,10624,C01
677,BBA Global Business Systems Management,GE1401,CB2201,10678,C05
677,BBA Global Business Systems Management,GE1401,CB2300,12535,S04
677,BBA Global Business Systems Management,GE1401,GE1401,15206,TC6
677,BBA Global Business Systems Management,GE1401,CB2500,15288,T07
678,BBA Global Business Systems Management,GE1401,CB2201,10341,C03
678,BBA Global Business Systems Management,GE1401,CB2500,10624,C01
678,BBA Global Business Systems Management,GE1401,CB2300,12536,S05
678,BBA Global Business Systems Management,GE1401,GE1401,12733,T62
678,BBA Global Business Systems Management,GE1401,CB2500,15288,T07
679,BBA Global Business Systems Management,GE1401,CB2500,10625,C02
679,BBA Global Business Systems Management,GE1401,CB2201,10792,C04
679,BBA Global Business Systems Management,GE1401,GE1401,12127,T84
679,BBA Global Business Systems Management,GE1401,CB2300,12536,S05
679,BBA Global Business Systems Management,GE1401,CB2500,15287,T06
680,BBA Global Business Systems Management,GE1401,CB2500,10624,C01
680,BBA Global Business Systems Management,GE1401,GE1401,10704,T29
680,BBA Global Business Systems Management,GE1401,CB2300,12535,S04
680,BBA Global Business Systems Management,GE1401,CB2201,14827,C06
680,BBA Global Business Systems Management,GE1401,CB2500,15286,T05
681,BBA Global Business Systems Management,GE1401,CB2201,10341,C03
681,BBA Global Business Systems Management,GE1401,CB2500,10624,C01
681,BBA Global Business Systems Management,GE1401,GE1401,10723,T56
681,BBA Global Business Systems Management,GE1401,CB2300,12587,SA1
681,BBA Global Business Systems Management,GE1401,CB2500,15283,T02
682,BBA Global Business Systems Management,GE1401,CB2201,10339,C01
682,BBA Global Business Systems Management,GE1401,CB2500,10625,C02
682,BBA Global Business Systems Management,GE1401,GE1401,10704,T29
682,BBA Global Business Systems Management,GE1401,CB2300,12532,S02
682,BBA Global Business Systems Management,GE1401,CB2500,15285,T04
683,BBA Global Business Systems Management,GE1401,CB2500,10624,C01
683,BBA Global Business Systems Management,GE1401,CB2201,12852,CM1
683,BBA Global Business Systems Management,GE1401,CB2300,13959,SB4
683,BBA Global Business Systems Management,GE1401,GE1401,15181,TC2
683,BBA Global Business Systems Management,GE1401,CB2500,15287,T06
684,BBA Global Business Systems Management,GE1401,CB2500,10625,C02
684,BBA Global Business Systems Management,GE1401,CB2201,10678,C05
684,BBA Global Business Systems Management,GE1401,GE1401,10697,T21
684,BBA Global Business Systems Management,GE1401,CB2300,13959,SB4
684,BBA Global Business Systems Management,GE1401,CB2500,15598,T08
685,BBA Global Business Systems Management,GE1401,CB2500,10625,C02
685,BBA Global Business Systems Management,GE1401,CB2201,10678,C05
685,BBA Global Business Systems Management,GE1401,GE1401,10685,T08
685,BBA Global Business Systems Management,GE1401,CB2300,12535,S04
685,BBA Global Business Systems Management,GE1401,CB2500,15284,T03
686,BBA Global Business Systems Management,GE1401,CB2500,10624,C01
686,BBA Global Business Systems Management,GE1401,CB2201,10792,C04
686,BBA Global Business Systems Management,GE1401,GE1401,11493,T75
686,BBA Global Business Systems Management,GE1401,CB2300,13960,SB5
686,BBA Global Business Systems Management,GE1401,CB2500,15282,T01
687,BBA Global Business Systems Management,GE1401,CB2201,10341,C03
687,BBA Global Business Systems Management,GE1401,CB2500,10624,C01
687,BBA Global Business Systems Management,GE1401,GE1401,12397,T51
687,BBA Global Business Systems Management,GE1401,CB2300,12532,S02
687,BBA Global Business Systems Management,GE1401,CB2500,15285,T04
688,BBA Global Business Systems Management,GE1401,CB2201,10341,C03
688,BBA Global Business Systems Management,GE1401,CB2500,10625,C02
688,BBA Global Business Systems Management,GE1401,CB2300,12532,S02
688,BBA Global Business Systems Management,GE1401,GE1401,13577,TB6
688,BBA Global Business Systems Management,GE1401,CB2500,15286,T05
689,BBA Global Business Systems Management,GE1401,CB2201,10341,C03
689,BBA Global Business Systems Management,GE1401,CB2300,12532,S02
689,BBA Global Business Systems Management,GE1401,CB2500,13323,CA1
689,BBA Global Business Systems Management,GE1401,GE1401,13572,TB1
689,BBA Global Business Systems Management,GE1401,CB2500,15289,TA1
690,BBA Global Business Systems Management,GE1401,CB2300,12535,S04
690,BBA Global Business Systems Management,GE1401,CB2500,13323,CA1
690,BBA Global Business Systems Management,GE1401,CB2201,14828,C07
690,BBA Global Business Systems Management,GE1401,GE1401,15181,TC2
690,BBA Global Business Systems Management,GE1401,CB2500,15289,TA1
691,BBA Global Business Systems Management,GE1401,CB2500,10625,C02
691,BBA Global Business Systems Management,GE1401,GE1401,10723,T56
691,BBA Global Business Systems Management,GE1401,CB2300,13958,SB3
691,BBA Global Business Systems Management,GE1401,CB2201,14826,CE1
691,BBA Global Business Systems Management,GE1401,CB2500,15285,T04
692,BBA Global Business Systems Management,GE1401,CB2500,10624,C01
692,BBA Global Business Systems Management,GE1401,CB2201,10678,C05
692,BBA Global Business Systems Management,GE1401,GE1401,10696,T20
692,BBA Global Business Systems Management,GE1401,CB2300,13960,SB5
692,BBA Global Business Systems Management,GE1401,CB2500,15284,T03
693,BBA Global Business Systems Management,GE1401,CB2500,10625,C02
693,BBA Global Business Systems Management,GE1401,GE1401,10727,T60
693,BBA Global Business Systems Management,GE1401,CB2300,12534,S03
693,BBA Global Business Systems Management,GE1401,CB2201,14828,C07
693,BBA Global Business Systems Management,GE1401,CB2500,15288,T07
694,BBA Global Business Systems Management,GE1401,CB2201,10341,C03
694,BBA Global Business Systems Management,GE1401,CB2500,10625,C02
694,BBA Global Business Systems Management,GE1401,GE1401,10714,T43
694,BBA Global Business Systems Management,GE1401,CB2300,12534,S03
694,BBA Global Business Systems Management,GE1401,CB2500,15283,T02
695,BBA Global Business Systems Management,GE1401,CB2201,10341,C03
695,BBA Global Business Systems Management,GE1401,GE1401,10694,T17
695,BBA Global Business Systems Management,GE1401,CB2300,12534,S03
695,BBA Global Business Systems Management,GE1401,CB2500,13323,CA1
695,BBA Global Business Systems Management,GE1401,CB2500,15289,TA1
696,BBA Global Business Systems Management,GE1401,CB2500,10624,C01
696,BBA Global Business Systems Management,GE1401,GE1401,10721,T54
696,BBA Global Business Systems Management,GE1401,CB2300,12533,S01
696,BBA Global Business Systems Management,GE1401,CB2201,14828,C07
696,BBA Global Business Systems Management,GE1401,CB2500,15283,T02
697,BBA Global Business Systems Management,GE1401,CB2500,10625,C02
697,BBA Global Business Systems Management,GE1401,GE1401,10697,T21
697,BBA Global Business Systems Management,GE1401,CB2300,12536,S05
697,BBA Global Business Systems Management,GE1401,CB2201,14827,C06
697,BBA Global Business Systems Management,GE1401,CB2500,15282,T01
698,BBA Global Business Systems Management,GE1401,CB2201,10340,C02
698,BBA Global Business Systems Management,GE1401,CB2500,10624,C01
698,BBA Global Business Systems Management,GE1401,GE1401,10695,T19
698,BBA Global Business Systems Management,GE1401,CB2300,12532,S02
698,BBA Global Business Systems Management,GE1401,CB2500,15285,T04
699,BBA Global Business Systems Management,GE1401,CB2500,10624,C01
699,BBA Global Business Systems Management,GE1401,GE1401,11491,T69
699,BBA Global Business Systems Management,GE1401,CB2300,12535,S04
699,BBA Global Business Systems Management,GE1401,CB2201,14827,C06
699,BBA Global Business Systems Management,GE1401,CB2500,15284,T03
700,BBA Global Business Systems Management,GE1401,CB2500,10624,C01
700,BBA Global Business Systems Management,GE1401,CB2300,12536,S05
700,BBA Global Business Systems Management,GE1401,CB2201,14827,C06
700,BBA Global Business Systems Management,GE1401,GE1401,15181,TC2
700,BBA Global Business Systems Management,GE1401,CB2500,15287,T06
701,BBA Global Business Systems Management,GE1401,CB2500,10624,C01
701,BBA Global Business Systems Management,GE1401,GE1401,10679,T02
701,BBA Global Business Systems Management,GE1401,CB2300,12533,S01
701,BBA Global Business Systems Management,GE1401,CB2201,14827,C06
701,BBA Global Business Systems Management,GE1401,CB2500,15288,T07
702,BBA Global Business Systems Management,GE1401,CB2201,10339,C01
702,BBA Global Business Systems Management,GE1401,CB2500,10624,C01
702,BBA Global Business Systems Management,GE1401,GE1401,12125,T65
702,BBA Global Business Systems Management,GE1401,CB2300,12532,S02
702,BBA Global Business Systems Management,GE1401,CB2500,15286,T05
703,BBA Global Business Systems Management,GE1401,GE1401,10710,T37
703,BBA Global Business Systems Management,GE1401,CB2500,13323,CA1
703,BBA Global Business Systems Management,GE1401,CB2201,14828,C07
703,BBA Global Business Systems Management,GE1401,CB2300,14882,SC3
703,BBA Global Business Systems Management,GE1401,CB2500,15289,TA1
704,BBA Global Business Systems Management,GE1401,CB2201,10339,C01
704,BBA Global Business Systems Management,GE1401,CB2500,10625,C02
704,BBA Global Business Systems Management,GE1401,GE1401,11451,T68
704,BBA Global Business Systems Management,GE1401,CB2300,12533,S01
704,BBA Global Business Systems Management,GE1401,CB2500,15284,T03
705,BBA Global Business Systems Management,GE1401,CB2201,10339,C01
705,BBA Global Business Systems Management,GE1401,CB2500,10625,C02
705,BBA Global Business Systems Management,GE1401,GE1401,12126,T67
705,BBA Global Business Systems Management,GE1401,CB2300,12533,S01
705,BBA Global Business Systems Management,GE1401,CB2500,15282,T01
706,BBA Global Business Systems Management,GE1401,CB2500,10624,C01
706,BBA Global Business Systems Management,GE1401,GE1401,11506,T78
706,BBA Global Business Systems Management,GE1401,CB2201,14828,C07
706,BBA Global Business Systems Management,GE1401,CB2300,14882,SC3
706,BBA Global Business Systems Management,GE1401,CB2500,15287,T06
707,BBA Global Business Systems Management,GE1401,CB2500,10625,C02
707,BBA Global Business Systems Management,GE1401,CB2300,12533,S01
707,BBA Global Business Systems Management,GE1401,GE1401,13574,TB3
707,BBA Global Business Systems Management,GE1401,CB2201,14827,C06
707,BBA Global Business Systems Management,GE1401,CB2500,15285,T04
708,BBA Global Business Systems Management,GE1401,CB2500,10624,C01
708,BBA Global Business Systems Management,GE1401,GE1401,10702,T27
708,BBA Global Business Systems Management,GE1401,CB2300,12533,S01
708,BBA Global Business Systems Management,GE1401,CB2201,14827,C06
708,BBA Global Business Systems Management,GE1401,CB2500,15282,T01
709,BBA Global Business Systems Management,GE1401,CB2500,10624,C01
709,BBA Global Business Systems Management,GE1401,CB2201,10678,C05
709,BBA Global Business Systems Management,GE1401,GE1401,10686,T09
709,BBA Global Business Systems Management,GE1401,CB2300,12533,S01
709,BBA Global Business Systems Management,GE1401,CB2500,15283,T02
710,BBA Global Business Systems Management,GE1401,CB2500,10624,C01
710,BBA Global Business Systems Management,GE1401,CB2201,10678,C05
710,BBA Global Business Systems Management,GE1401,CB2300,12536,S05
710,BBA Global Business Systems Management,GE1401,GE1401,13574,TB3
710,BBA Global Business Systems Management,GE1401,CB2500,15283,T02
711,BBA Global Business Systems Management,GE1401,CB2201,10341,C03
711,BBA Global Business Systems Management,GE1401,CB2500,10624,C01
711,BBA Global Business Systems Management,GE1401,GE1401,10716,T47
711,BBA Global Business Systems Management,GE1401,CB2300,14900,SC4
711,BBA Global Business Systems Management,GE1401,CB2500,15284,T03
712,BBA Global Business Systems Management,GE1401,CB2500,10624,C01
712,BBA Global Business Systems Management,GE1401,CB2201,10792,C04
712,BBA Global Business Systems Management,GE1401,CB2300,12532,S02
712,BBA Global Business Systems Management,GE1401,GE1401,13577,TB6
712,BBA Global Business Systems Management,GE1401,CB2500,15284,T03
713,BBA Global Business Systems Management,GE1401,CB2500,10625,C02
713,BBA Global Business Systems Management,GE1401,CB2201,14827,C06
713,BBA Global Business Systems Management,GE1401,CB2300,14880,SC1
713,BBA Global Business Systems Management,GE1401,GE1401,15182,TC3
713,BBA Global Business Systems Management,GE1401,CB2500,15283,T02
714,BBA Global Business Systems Management,GE1401,CB2500,10624,C01
714,BBA Global Business Systems Management,GE1401,GE1401,10729,T63
714,BBA Global Business Systems Management,GE1401,CB2300,12535,S04
714,BBA Global Business Systems Management,GE1401,CB2201,14827,C06
714,BBA Global Business Systems Management,GE1401,CB2500,15286,T05
715,BBA Global Business Systems Management,GE1401,CB2500,10625,C02
715,BBA Global Business Systems Management,GE1401,CB2201,10678,C05
715,BBA Global Business Systems Management,GE1401,GE1401,10688,T11
715,BBA Global Business Systems Management,GE1401,CB2300,12536,S05
715,BBA Global Business Systems Management,GE1401,CB2500,15287,T06
716,BBA Global Business Systems Management,GE1401,CB2201,10678,C05
716,BBA Global Business Systems Management,GE1401,GE1401,10719,T52
716,BBA Global Business Systems Management,GE1401,CB2300,12532,S02
716,BBA Global Business Systems Management,GE1401,CB2500,13323,CA1
716,BBA Global Business Systems Management,GE1401,CB2500,15289,TA1
717,BBA Global Business Systems Management,GE1401,CB2201,10341,C03
717,BBA Global Business Systems Management,GE1401,CB2500,10625,C02
717,BBA Global Business Systems Management,GE1401,CB2300,12536,S05
717,BBA Global Business Systems Management,GE1401,GE1401,13570,T98
717,BBA Global Business Systems Management,GE1401,CB2500,15282,T01
718,BBA Global Business Systems Management,GE1401,CB2500,10624,C01
718,BBA Global Business Systems Management,GE1401,GE1401,10715,T45
718,BBA Global Business Systems Management,GE1401,CB2300,13960,SB5
718,BBA Global Business Systems Management,GE1401,CB2201,14827,C06
718,BBA Global Business Systems Management,GE1401,CB2500,15285,T04
719,BBA Global Business Systems Management,LC0200A,CB2500,10625,C02
719,BBA Global Business Systems Management,LC0200A,CB2201,10678,C05
719,BBA Global Business Systems Management,LC0200A,LC0200A,10879,T10
719,BBA Global Business Systems Management,LC0200A,CB2300,14882,SC3
719,BBA Global Business Systems Management,LC0200A,CB2500,15598,T08
720,BBA Global Business Systems Management,LC0200A,CB2500,10624,C01
720,BBA Global Business Systems Management,LC0200A,CB2201,10792,C04
720,BBA Global Business Systems Management,LC0200A,LC0200A,10882,T13
720,BBA Global Business Systems Management,LC0200A,CB2300,12536,S05
720,BBA Global Business Systems Management,LC0200A,CB2500,15284,T03
721,BBA Global Business Systems Management,LC0200A,CB2500,10625,C02
721,BBA Global Business Systems Management,LC0200A,CB2201,10792,C04
721,BBA Global Business Systems Management,LC0200A,LC0200A,10862,T02
721,BBA Global Business Systems Management,LC0200A,CB2300,12533,S01
721,BBA Global Business Systems Management,LC0200A,CB2500,15285,T04
722,BBA Global Business Systems Management,LC0200A,CB2500,10624,C01
722,BBA Global Business Systems Management,LC0200A,CB2201,10678,C05
722,BBA Global Business Systems Management,LC0200A,LC0200A,10880,T11
722,BBA Global Business Systems Management,LC0200A,CB2300,12535,S04
722,BBA Global Business Systems Management,LC0200A,CB2500,15286,T05
723,BBA Global Business Systems Management,LC0200A,LC0200A,12333,T40
723,BBA Global Business Systems Management,LC0200A,CB2300,12536,S05
723,BBA Global Business Systems Management,LC0200A,CB2500,13323,CA1
723,BBA Global Business Systems Management,LC0200A,CB2201,14827,C06
723,BBA Global Business Systems Management,LC0200A,CB2500,15289,TA1
724,BBA Global Business Systems Management,LC0200A,CB2201,10792,C04
724,BBA Global Business Systems Management,LC0200A,LC0200A,10894,T26
724,BBA Global Business Systems Management,LC0200A,CB2300,12532,S02
724,BBA Global Business Systems Management,LC0200A,CB2500,13323,CA1
724,BBA Global Business Systems Management,LC0200A,CB2500,15289,TA1
725,BBA Global Business Systems Management,LC0200A,LC0200A,10841,T01
725,BBA Global Business Systems Management,LC0200A,CB2300,12533,S01
725,BBA Global Business Systems Management,LC0200A,CB2500,13323,CA1
725,BBA Global Business Systems Management,LC0200A,CB2201,14828,C07
725,BBA Global Business Systems Management,LC0200A,CB2500,15289,TA1
726,BBA Global Business Systems Management,LC0200A,CB2500,10624,C01
726,BBA Global Business Systems Management,LC0200A,LC0200A,10895,T27
726,BBA Global Business Systems Management,LC0200A,CB2300,12535,S04
726,BBA Global Business Systems Management,LC0200A,CB2201,14827,C06
726,BBA Global Business Systems Management,LC0200A,CB2500,15598,T08
727,BBA Global Business Systems Management,LC0200A,CB2500,10625,C02
727,BBA Global Business Systems Management,LC0200A,LC0200A,12333,T40
727,BBA Global Business Systems Management,LC0200A,CB2300,12536,S05
727,BBA Global Business Systems Management,LC0200A,CB2201,14827,C06
727,BBA Global Business Systems Management,LC0200A,CB2500,15287,T06
728,BBA Global Business Systems Management,LC0200A,CB2201,10339,C01
728,BBA Global Business Systems Management,LC0200A,CB2500,10624,C01
728,BBA Global Business Systems Management,LC0200A,LC0200A,10862,T02
728,BBA Global Business Systems Management,LC0200A,CB2300,14901,SC5
728,BBA Global Business Systems Management,LC0200A,CB2500,15288,T07
729,BBA Global Business Systems Management,LC0200A,CB2500,10625,C02
729,BBA Global Business Systems Management,LC0200A,CB2201,10678,C05
729,BBA Global Business Systems Management,LC0200A,LC0200A,10841,T01
729,BBA Global Business Systems Management,LC0200A,CB2300,12532,S02
729,BBA Global Business Systems Management,LC0200A,CB2500,15282,T01
730,BBA Global Business Systems Management,LC0200A,CB2201,10339,C01
730,BBA Global Business Systems Management,LC0200A,CB2500,10624,C01
730,BBA Global Business Systems Management,LC0200A,LC0200A,10889,T21
730,BBA Global Business Systems Management,LC0200A,CB2300,12587,SA1
730,BBA Global Business Systems Management,LC0200A,CB2500,15287,T06
731,BBA Global Business Systems Management,LC0200A,CB2500,10624,C01
731,BBA Global Business Systems Management,LC0200A,CB2300,12535,S04
731,BBA Global Business Systems Management,LC0200A,CB2201,14827,C06
731,BBA Global Business Systems Management,LC0200A,LC0200A,14950,T18
731,BBA Global Business Systems Management,LC0200A,CB2500,15286,T05
732,BBA Global Business Systems Management,LC0200A,CB2500,10625,C02
732,BBA Global Business Systems Management,LC0200A,CB2201,10678,C05
732,BBA Global Business Systems Management,LC0200A,LC0200A,10890,T22
732,BBA Global Business Systems Management,LC0200A,CB2300,12588,SA2
732,BBA Global Business Systems Management,LC0200A,CB2500,15285,T04
733,BBA Global Business Systems Management,LC0200A,LC0200A,10865,T05
733,BBA Global Business Systems Management,LC0200A,CB2300,12534,S03
733,BBA Global Business Systems Management,LC0200A,CB2500,13323,CA1
733,BBA Global Business Systems Management,LC0200A,CB2201,14828,C07
733,BBA Global Business Systems Management,LC0200A,CB2500,15289,TA1
734,BBA Global Business Systems Management,LC0200A,CB2500,10625,C02
734,BBA Global Business Systems Management,LC0200A,CB2201,10792,C04
734,BBA Global Business Systems Management,LC0200A,LC0200A,12320,T38
734,BBA Global Business Systems Management,LC0200A,CB2300,12535,S04
734,BBA Global Business Systems Management,LC0200A,CB2500,15286,T05
735,BBA Global Business Systems Management,LC0200A,CB2500,10625,C02
735,BBA Global Business Systems Management,LC0200A,CB2201,10792,C04
735,BBA Global Business Systems Management,LC0200A,LC0200A,10864,T04
735,BBA Global Business Systems Management,LC0200A,CB2300,12536,S05
735,BBA Global Business Systems Management,LC0200A,CB2500,15285,T04
736,BBA Global Business Systems Management,LC0200A,CB2201,10341,C03
736,BBA Global Business Systems Management,LC0200A,CB2500,10624,C01
736,BBA Global Business Systems Management,LC0200A,LC0200A,10864,T04
736,BBA Global Business Systems Management,LC0200A,CB2300,12535,S04
736,BBA Global Business Systems Management,LC0200A,CB2500,15284,T03
737,BBA Global Business Systems Management,LC0200A,LC0200A,11976,T37
737,BBA Global Business Systems Management,LC0200A,CB2500,13323,CA1
737,BBA Global Business Systems Management,LC0200A,CB2300,13958,SB3
737,BBA Global Business Systems Management,LC0200A,CB2201,14828,C07
737,BBA Global Business Systems Management,LC0200A,CB2500,15289,TA1
738,BBA Global Business Systems Management,LC0200A,CB2201,10339,C01
738,BBA Global Business Systems Management,LC0200A,CB2500,10625,C02
738,BBA Global Business Systems Management,LC0200A,LC0200A,10889,T21
738,BBA Global Business Systems Management,LC0200A,CB2300,12587,SA1
738,BBA Global Business Systems Management,LC0200A,CB2500,15288,T07
739,BBA Global Business Systems Management,LC0200A,CB2201,10339,C01
739,BBA Global Business Systems Management,LC0200A,CB2500,10625,C02
739,BBA Global Business Systems Management,LC0200A,LC0200A,10896,T28
739,BBA Global Business Systems Management,LC0200A,CB2300,13960,SB5
739,BBA Global Business Systems Management,LC0200A,CB2500,15288,T07
740,BBA Global Business Systems Management,LC0200A,CB2500,10625,C02
740,BBA Global Business Systems Management,LC0200A,CB2201,10678,C05
740,BBA Global Business Systems Management,LC0200A,LC0200A,10893,T25
740,BBA Global Business Systems Management,LC0200A,CB2300,12533,S01
740,BBA Global Business Systems Management,LC0200A,CB2500,15282,T01
741,BBA Global Business Systems Management,LC0200A,CB2500,10624,C01
741,BBA Global Business Systems Management,LC0200A,LC0200A,10886,T17
741,BBA Global Business Systems Management,LC0200A,CB2300,12587,SA1
741,BBA Global Business Systems Management,LC0200A,CB2201,14827,C06
741,BBA Global Business Systems Management,LC0200A,CB2500,15598,T08
742,BBA Global Business Systems Management,LC0200A,LC0200A,10895,T27
742,BBA Global Business Systems Management,LC0200A,CB2300,12535,S04
742,BBA Global Business Systems Management,LC0200A,CB2500,13323,CA1
742,BBA Global Business Systems Management,LC0200A,CB2201,14828,C07
742,BBA Global Business Systems Management,LC0200A,CB2500,15289,TA1
743,BBA Global Business Systems Management,LC0200A,CB2201,10340,C02
743,BBA Global Business Systems Management,LC0200A,CB2500,10624,C01
743,BBA Global Business Systems Management,LC0200A,LC0200A,10878,T09
743,BBA Global Business Systems Management,LC0200A,CB2300,12534,S03
743,BBA Global Business Systems Management,LC0200A,CB2500,15285,T04
744,BBA Global Business Systems Management,LC0200A,CB2500,10624,C01
744,BBA Global Business Systems Management,LC0200A,LC0200A,10894,T26
744,BBA Global Business Systems Management,LC0200A,CB2201,13718,CM2
744,BBA Global Business Systems Management,LC0200A,CB2300,13959,SB4
744,BBA Global Business Systems Management,LC0200A,CB2500,15288,T07
745,BBA Global Business Systems Management,LC0200A,CB2201,10341,C03
745,BBA Global Business Systems Management,LC0200A,CB2500,10625,C02
745,BBA Global Business Systems Management,LC0200A,LC0200A,10883,T14
745,BBA Global Business Systems Management,LC0200A,CB2300,12533,S01
745,BBA Global Business Systems Management,LC0200A,CB2500,15288,T07
746,BBA Artificial Intelligence in Business,GE1401,CB2201,10340,C02
746,BBA Artificial Intelligence in Business,GE1401,GE1401,10357,T01
746,BBA Artificial Intelligence in Business,GE1401,CB2500,10625,C02
746,BBA Artificial Intelligence in Business,GE1401,CB2400,12540,CA4
746,BBA Artificial Intelligence in Business,GE1401,CB2500,15285,T04
747,BBA Artificial Intelligence in Business,GE1401,CB2400,10236,C03
747,BBA Artificial Intelligence in Business,GE1401,CB2500,10624,C01
747,BBA Artificial Intelligence in Business,GE1401,GE1401,10683,T06
747,BBA Artificial Intelligence in Business,GE1401,CB2201,10792,C04
747,BBA Artificial Intelligence in Business,GE1401,CB2500,15287,T06
748,BBA Artificial Intelligence in Business,GE1401,CB2400,10235,C02
748,BBA Artificial Intelligence in Business,GE1401,CB2500,10625,C02
748,BBA Artificial Intelligence in Business,GE1401,GE1401,10722,T55
748,BBA Artificial Intelligence in Business,GE1401,CB2201,14828,C07
748,BBA Artificial Intelligence in Business,GE1401,CB2500,15283,T02
749,BBA Artificial Intelligence in Business,GE1401,CB2400,10236,C03
749,BBA Artificial Intelligence in Business,GE1401,CB2500,10625,C02
749,BBA Artificial Intelligence in Business,GE1401,CB2201,10678,C05
749,BBA Artificial Intelligence in Business,GE1401,GE1401,10708,T34
749,BBA Artificial Intelligence in Business,GE1401,CB2500,15284,T03
750,BBA Artificial Intelligence in Business,GE1401,CB2400,10180,C01
750,BBA Artificial Intelligence in Business,GE1401,CB2500,10625,C02
750,BBA Artificial Intelligence in Business,GE1401,CB2201,10792,C04
750,BBA Artificial Intelligence in Business,GE1401,GE1401,15180,TC1
750,BBA Artificial Intelligence in Business,GE1401,CB2500,15285,T04
751,BBA Artificial Intelligence in Business,GE1401,CB2500,10625,C02
751,BBA Artificial Intelligence in Business,GE1401,CB2201,10792,C04
751,BBA Artificial Intelligence in Business,GE1401,GE1401,12124,T49
751,BBA Artificial Intelligence in Business,GE1401,CB2400,12538,C04
751,BBA Artificial Intelligence in Business,GE1401,CB2500,15285,T04
752,BBA Artificial Intelligence in Business,GE1401,CB2400,10236,C03
752,BBA Artificial Intelligence in Business,GE1401,CB2500,10624,C01
752,BBA Artificial Intelligence in Business,GE1401,CB2201,10678,C05
752,BBA Artificial Intelligence in Business,GE1401,GE1401,10694,T17
752,BBA Artificial Intelligence in Business,GE1401,CB2500,15282,T01
753,BBA Artificial Intelligence in Business,GE1401,CB2500,10625,C02
753,BBA Artificial Intelligence in Business,GE1401,CB2201,10678,C05
753,BBA Artificial Intelligence in Business,GE1401,CB2400,13315,CB3
753,BBA Artificial Intelligence in Business,GE1401,GE1401,13571,T99
753,BBA Artificial Intelligence in Business,GE1401,CB2500,15287,T06
754,BBA Artificial Intelligence in Business,GE1401,CB2500,10625,C02
754,BBA Artificial Intelligence in Business,GE1401,CB2201,10678,C05
754,BBA Artificial Intelligence in Business,GE1401,GE1401,11507,T80
754,BBA Artificial Intelligence in Business,GE1401,CB2400,13315,CB3
754,BBA Artificial Intelligence in Business,GE1401,CB2500,15286,T05
755,BBA Artificial Intelligence in Business,GE1401,CB2400,10403,CA1
755,BBA Artificial Intelligence in Business,GE1401,CB2500,10624,C01
755,BBA Artificial Intelligence in Business,GE1401,GE1401,10723,T56
755,BBA Artificial Intelligence in Business,GE1401,CB2201,14827,C06
755,BBA Artificial Intelligence in Business,GE1401,CB2500,15286,T05
756,BBA Artificial Intelligence in Business,GE1401,CB2400,10180,C01
756,BBA Artificial Intelligence in Business,GE1401,CB2201,10340,C02
756,BBA Artificial Intelligence in Business,GE1401,CB2500,13323,CA1
756,BBA Artificial Intelligence in Business,GE1401,CB2500,15289,TA1
756,BBA Artificial Intelligence in Business,GE1401,GE1401,15600,T14
757,BBA Artificial Intelligence in Business,GE1401,CB2201,10340,C02
757,BBA Artificial Intelligence in Business,GE1401,CB2500,10624,C01
757,BBA Artificial Intelligence in Business,GE1401,GE1401,10680,T03
757,BBA Artificial Intelligence in Business,GE1401,CB2400,12540,CA4
757,BBA Artificial Intelligence in Business,GE1401,CB2500,15285,T04
758,BBA Artificial Intelligence in Business,GE1401,CB2201,10340,C02
758,BBA Artificial Intelligence in Business,GE1401,CB2500,10624,C01
758,BBA Artificial Intelligence in Business,GE1401,GE1401,10706,T31
758,BBA Artificial Intelligence in Business,GE1401,CB2400,12538,C04
758,BBA Artificial Intelligence in Business,GE1401,CB2500,15287,T06
759,BBA Artificial Intelligence in Business,GE1401,GE1401,10681,T04
759,BBA Artificial Intelligence in Business,GE1401,CB2400,12538,C04
759,BBA Artificial Intelligence in Business,GE1401,CB2500,13323,CA1
759,BBA Artificial Intelligence in Business,GE1401,CB2201,14827,C06
759,BBA Artificial Intelligence in Business,GE1401,CB2500,15289,TA1
760,BBA Artificial Intelligence in Business,GE1401,CB2500,10625,C02
760,BBA Artificial Intelligence in Business,GE1401,CB2400,10839,CB1
760,BBA Artificial Intelligence in Business,GE1401,GE1401,11496,T79
760,BBA Artificial Intelligence in Business,GE1401,CB2201,14827,C06
760,BBA Artificial Intelligence in Business,GE1401,CB2500,15287,T06
761,BBA Artificial Intelligence in Business,GE1401,CB2500,10625,C02
761,BBA Artificial Intelligence in Business,GE1401,GE1401,10682,T05
761,BBA Artificial Intelligence in Business,GE1401,CB2400,13315,CB3
761,BBA Artificial Intelligence in Business,GE1401,CB2201,14828,C07
761,BBA Artificial Intelligence in Business,GE1401,CB2500,15282,T01
762,BBA Artificial Intelligence in Business,GE1401,CB2400,10180,C01
762,BBA Artificial Intelligence in Business,GE1401,CB2500,10624,C01
762,BBA Artificial Intelligence in Business,GE1401,CB2201,10792,C04
762,BBA Artificial Intelligence in Business,GE1401,GE1401,15181,TC2
762,BBA Artificial Intelligence in Business,GE1401,CB2500,15282,T01
763,BBA Artificial Intelligence in Business,GE1401,CB2400,10235,C02
763,BBA Artificial Intelligence in Business,GE1401,CB2500,10624,C01
763,BBA Artificial Intelligence in Business,GE1401,CB2201,10678,C05
763,BBA Artificial Intelligence in Business,GE1401,GE1401,10680,T03
763,BBA Artificial Intelligence in Business,GE1401,CB2500,15288,T07
764,BBA Artificial Intelligence in Business,GE1401,CB2400,10236,C03
764,BBA Artificial Intelligence in Business,GE1401,CB2500,10625,C02
764,BBA Artificial Intelligence in Business,GE1401,GE1401,10685,T08
764,BBA Artificial Intelligence in Business,GE1401,CB2201,14828,C07
764,BBA Artificial Intelligence in Business,GE1401,CB2500,15288,T07
765,BBA Artificial Intelligence in Business,GE1401,CB2400,10180,C01
765,BBA Artificial Intelligence in Business,GE1401,GE1401,10697,T21
765,BBA Artificial Intelligence in Business,GE1401,CB2500,13323,CA1
765,BBA Artificial Intelligence in Business,GE1401,CB2201,14827,C06
765,BBA Artificial Intelligence in Business,GE1401,CB2500,15289,TA1
766,BBA Artificial Intelligence in Business,GE1401,CB2500,10624,C01
766,BBA Artificial Intelligence in Business,GE1401,CB2400,10840,CB2
766,BBA Artificial Intelligence in Business,GE1401,GE1401,14271,TB8
766,BBA Artificial Intelligence in Business,GE1401,CB2201,14827,C06
766,BBA Artificial Intelligence in Business,GE1401,CB2500,15286,T05
767,BBA Artificial Intelligence in Business,GE1401,CB2201,10340,C02
767,BBA Artificial Intelligence in Business,GE1401,CB2400,10409,CA3
767,BBA Artificial Intelligence in Business,GE1401,CB2500,10624,C01
767,BBA Artificial Intelligence in Business,GE1401,GE1401,10687,T10
767,BBA Artificial Intelligence in Business,GE1401,CB2500,15283,T02
768,BBA Artificial Intelligence in Business,GE1401,CB2400,10403,CA1
768,BBA Artificial Intelligence in Business,GE1401,CB2500,10624,C01
768,BBA Artificial Intelligence in Business,GE1401,CB2201,10678,C05
768,BBA Artificial Intelligence in Business,GE1401,GE1401,11498,T83
768,BBA Artificial Intelligence in Business,GE1401,CB2500,15286,T05
769,BBA Artificial Intelligence in Business,GE1401,CB2201,10339,C01
769,BBA Artificial Intelligence in Business,GE1401,CB2500,10624,C01
769,BBA Artificial Intelligence in Business,GE1401,GE1401,10716,T47
769,BBA Artificial Intelligence in Business,GE1401,CB2400,12538,C04
769,BBA Artificial Intelligence in Business,GE1401,CB2500,15286,T05
770,BBA Artificial Intelligence in Business,GE1401,CB2400,10236,C03
770,BBA Artificial Intelligence in Business,GE1401,CB2201,10339,C01
770,BBA Artificial Intelligence in Business,GE1401,CB2500,13323,CA1
770,BBA Artificial Intelligence in Business,GE1401,GE1401,15205,TC5
770,BBA Artificial Intelligence in Business,GE1401,CB2500,15289,TA1
771,BBA Artificial Intelligence in Business,GE1401,CB2400,10235,C02
771,BBA Artificial Intelligence in Business,GE1401,CB2500,10625,C02
771,BBA Artificial Intelligence in Business,GE1401,GE1401,10695,T19
771,BBA Artificial Intelligence in Business,GE1401,CB2201,14828,C07
771,BBA Artificial Intelligence in Business,GE1401,CB2500,15287,T06
772,BBA Artificial Intelligence in Business,GE1401,CB2400,10180,C01
772,BBA Artificial Intelligence in Business,GE1401,CB2500,10624,C01
772,BBA Artificial Intelligence in Business,GE1401,GE1401,11506,T78
772,BBA Artificial Intelligence in Business,GE1401,CB2201,14827,C06
772,BBA Artificial Intelligence in Business,GE1401,CB2500,15285,T04
773,BBA Artificial Intelligence in Business,GE1401,CB2400,10180,C01
773,BBA Artificial Intelligence in Business,GE1401,GE1401,10357,T01
773,BBA Artificial Intelligence in Business,GE1401,CB2500,10625,C02
773,BBA Artificial Intelligence in Business,GE1401,CB2201,10678,C05
773,BBA Artificial Intelligence in Business,GE1401,CB2500,15598,T08
774,BBA Artificial Intelligence in Business,GE1401,CB2400,10235,C02
774,BBA Artificial Intelligence in Business,GE1401,CB2201,10339,C01
774,BBA Artificial Intelligence in Business,GE1401,CB2500,10624,C01
774,BBA Artificial Intelligence in Business,GE1401,GE1401,10706,T31
774,BBA Artificial Intelligence in Business,GE1401,CB2500,15282,T01
775,BBA Artificial Intelligence in Business,GE1401,CB2201,10339,C01
775,BBA Artificial Intelligence in Business,GE1401,CB2500,10624,C01
775,BBA Artificial Intelligence in Business,GE1401,GE1401,10723,T56
775,BBA Artificial Intelligence in Business,GE1401,CB2400,10840,CB2
775,BBA Artificial Intelligence in Business,GE1401,CB2500,15288,T07
776,BBA Artificial Intelligence in Business,GE1401,CB2201,10341,C03
776,BBA Artificial Intelligence in Business,GE1401,CB2500,10624,C01
776,BBA Artificial Intelligence in Business,GE1401,GE1401,10719,T52
776,BBA Artificial Intelligence in Business,GE1401,CB2400,10839,CB1
776,BBA Artificial Intelligence in Business,GE1401,CB2500,15288,T07
777,BBA Artificial Intelligence in Business,GE1401,CB2400,10235,C02
777,BBA Artificial Intelligence in Business,GE1401,CB2500,10625,C02
777,BBA Artificial Intelligence in Business,GE1401,GE1401,10719,T52
777,BBA Artificial Intelligence in Business,GE1401,CB2201,10792,C04
777,BBA Artificial Intelligence in Business,GE1401,CB2500,15283,T02
778,BBA Artificial Intelligence in Business,GE1401,CB2500,10624,C01
778,BBA Artificial Intelligence in Business,GE1401,GE1401,12125,T65
778,BBA Artificial Intelligence in Business,GE1401,CB2400,12538,C04
778,BBA Artificial Intelligence in Business,GE1401,CB2201,14827,C06
778,BBA Artificial Intelligence in Business,GE1401,CB2500,15288,T07
779,BBA Artificial Intelligence in Business,LC0200A,CB2201,10340,C02
779,BBA Artificial Intelligence in Business,LC0200A,CB2500,10625,C02
779,BBA Artificial Intelligence in Business,LC0200A,LC0200A,10877,T08
779,BBA Artificial Intelligence in Business,LC0200A,CB2400,13315,CB3
779,BBA Artificial Intelligence in Business,LC0200A,CB2500,15288,T07
780,BBA Artificial Intelligence in Business,LC0200A,CB2500,10624,C01
780,BBA Artificial Intelligence in Business,LC0200A,CB2201,10678,C05
780,BBA Artificial Intelligence in Business,LC0200A,CB2400,12538,C04
780,BBA Artificial Intelligence in Business,LC0200A,LC0200A,14952,T36
780,BBA Artificial Intelligence in Business,LC0200A,CB2500,15598,T08
781,BBA Artificial Intelligence in Business,LC0200A,CB2400,10235,C02
781,BBA Artificial Intelligence in Business,LC0200A,CB2201,10341,C03
781,BBA Artificial Intelligence in Business,LC0200A,CB2500,10624,C01
781,BBA Artificial Intelligence in Business,LC0200A,LC0200A,10896,T28
781,BBA Artificial Intelligence in Business,LC0200A,CB2500,15286,T05
782,BBA Artificial Intelligence in Business,LC0200A,CB2400,10235,C02
782,BBA Artificial Intelligence in Business,LC0200A,CB2500,10624,C01
782,BBA Artificial Intelligence in Business,LC0200A,CB2201,10792,C04
782,BBA Artificial Intelligence in Business,LC0200A,LC0200A,10888,T20
782,BBA Artificial Intelligence in Business,LC0200A,CB2500,15283,T02
783,BBA Artificial Intelligence in Business,LC0200A,CB2400,10236,C03
783,BBA Artificial Intelligence in Business,LC0200A,CB2500,10624,C01
783,BBA Artificial Intelligence in Business,LC0200A,CB2201,10678,C05
783,BBA Artificial Intelligence in Business,LC0200A,LC0200A,14950,T18
783,BBA Artificial Intelligence in Business,LC0200A,CB2500,15598,T08
784,BBA Artificial Intelligence in Business,LC0200A,CB2400,10236,C03
784,BBA Artificial Intelligence in Business,LC0200A,CB2500,10625,C02
784,BBA Artificial Intelligence in Business,LC0200A,CB2201,10678,C05
784,BBA Artificial Intelligence in Business,LC0200A,LC0200A,10875,T06
784,BBA Artificial Intelligence in Business,LC0200A,CB2500,15282,T01
785,BBA Artificial Intelligence in Business,LC0200A,CB2400,10180,C01
785,BBA Artificial Intelligence in Business,LC0200A,CB2500,10625,C02
785,BBA Artificial Intelligence in Business,LC0200A,LC0200A,10895,T27
785,BBA Artificial Intelligence in Business,LC0200A,CB2201,14828,C07
785,BBA Artificial Intelligence in Business,LC0200A,CB2500,15283,T02
786,BBA Artificial Intelligence in Business,LC0200A,CB2500,10625,C02
786,BBA Artificial Intelligence in Business,LC0200A,CB2201,10678,C05
786,BBA Artificial Intelligence in Business,LC0200A,CB2400,10840,CB2
786,BBA Artificial Intelligence in Business,LC0200A,LC0200A,11030,T31
786,BBA Artificial Intelligence in Business,LC0200A,CB2500,15282,T01
787,BBA Artificial Intelligence in Business,LC0200A,CB2500,10624,C01
787,BBA Artificial Intelligence in Business,LC0200A,CB2400,10840,CB2
787,BBA Artificial Intelligence in Business,LC0200A,LC0200A,10897,T29
787,BBA Artificial Intelligence in Business,LC0200A,CB2201,14827,C06
787,BBA Artificial Intelligence in Business,LC0200A,CB2500,15287,T06
788,BBA Artificial Intelligence in Business,LC0200A,CB2201,10339,C01
788,BBA Artificial Intelligence in Business,LC0200A,LC0200A,10865,T05
788,BBA Artificial Intelligence in Business,LC0200A,CB2400,13315,CB3
788,BBA Artificial Intelligence in Business,LC0200A,CB2500,13323,CA1
788,BBA Artificial Intelligence in Business,LC0200A,CB2500,15289,TA1
789,BBA Artificial Intelligence in Business,LC0200A,CB2201,10792,C04
789,BBA Artificial Intelligence in Business,LC0200A,CB2400,10839,CB1
789,BBA Artificial Intelligence in Business,LC0200A,LC0200A,10884,T15
789,BBA Artificial Intelligence in Business,LC0200A,CB2500,13323,CA1
789,BBA Artificial Intelligence in Business,LC0200A,CB2500,15289,TA1
790,BBA Artificial Intelligence in Business,LC0200A,CB2500,10624,C01
790,BBA Artificial Intelligence in Business,LC0200A,CB2201,10792,C04
790,BBA Artificial Intelligence in Business,LC0200A,CB2400,10839,CB1
790,BBA Artificial Intelligence in Business,LC0200A,LC0200A,10888,T20
790,BBA Artificial Intelligence in Business,LC0200A,CB2500,15285,T04
791,BBA Artificial Intelligence in Business,LC0200A,CB2500,10624,C01
791,BBA Artificial Intelligence in Business,LC0200A,CB2201,10678,C05
791,BBA Artificial Intelligence in Business,LC0200A,LC0200A,10885,T16
791,BBA Artificial Intelligence in Business,LC0200A,CB2400,13315,CB3
791,BBA Artificial Intelligence in Business,LC0200A,CB2500,15598,T08
792,BBA Artificial Intelligence in Business,LC0200A,CB2400,10235,C02
792,BBA Artificial Intelligence in Business,LC0200A,CB2500,10624,C01
792,BBA Artificial Intelligence in Business,LC0200A,LC0200A,10895,T27
792,BBA Artificial Intelligence in Business,LC0200A,CB2201,14827,C06
792,BBA Artificial Intelligence in Business,LC0200A,CB2500,15282,T01
793,BBA Artificial Intelligence in Business,LC0200A,CB2400,10235,C02
793,BBA Artificial Intelligence in Business,LC0200A,CB2201,10340,C02
793,BBA Artificial Intelligence in Business,LC0200A,CB2500,10625,C02
793,BBA Artificial Intelligence in Business,LC0200A,LC0200A,10894,T26
793,BBA Artificial Intelligence in Business,LC0200A,CB2500,15283,T02
794,BBA Business Decision Analytics,GE1401,CB2400,10236,C03
794,BBA Business Decision Analytics,GE1401,CB2201,10339,C01
794,BBA Business Decision Analytics,GE1401,CB2500,10625,C02
794,BBA Business Decision Analytics,GE1401,GE1401,10686,T09
794,BBA Business Decision Analytics,GE1401,CB2500,15598,T08
795,BBA Business Decision Analytics,GE1401,CB2400,10180,C01
795,BBA Business Decision Analytics,GE1401,CB2201,10341,C03
795,BBA Business Decision Analytics,GE1401,GE1401,12122,T35
795,BBA Business Decision Analytics,GE1401,CB2500,13323,CA1
795,BBA Business Decision Analytics,GE1401,CB2500,15289,TA1
796,BBA Business Decision Analytics,GE1401,CB2500,10625,C02
796,BBA Business Decision Analytics,GE1401,CB2400,10839,CB1
796,BBA Business Decision Analytics,GE1401,GE1401,11491,T69
796,BBA Business Decision Analytics,GE1401,CB2201,14827,C06
796,BBA Business Decision Analytics,GE1401,CB2500,15285,T04
797,BBA Business Decision Analytics,GE1401,CB2201,10339,C01
797,BBA Business Decision Analytics,GE1401,GE1401,10728,T61
797,BBA Business Decision Analytics,GE1401,CB2400,13315,CB3
797,BBA Business Decision Analytics,GE1401,CB2500,13323,CA1
797,BBA Business Decision Analytics,GE1401,CB2500,15289,TA1
798,BBA Business Decision Analytics,GE1401,CB2201,10341,C03
798,BBA Business Decision Analytics,GE1401,CB2500,10624,C01
798,BBA Business Decision Analytics,GE1401,GE1401,11506,T78
798,BBA Business Decision Analytics,GE1401,CB2400,13315,CB3
798,BBA Business Decision Analytics,GE1401,CB2500,15284,T03
799,BBA Business Decision Analytics,GE1401,CB2500,10625,C02
799,BBA Business Decision Analytics,GE1401,CB2201,10678,C05
799,BBA Business Decision Analytics,GE1401,GE1401,10708,T34
799,BBA Business Decision Analytics,GE1401,CB2400,13315,CB3
799,BBA Business Decision Analytics,GE1401,CB2500,15284,T03
800,BBA Business Decision Analytics,GE1401,GE1401,10706,T31
800,BBA Business Decision Analytics,GE1401,CB2400,13315,CB3
800,BBA Business Decision Analytics,GE1401,CB2500,13323,CA1
800,BBA Business Decision Analytics,GE1401,CB2201,14828,C07
800,BBA Business Decision Analytics,GE1401,CB2500,15289,TA1
801,BBA Business Decision Analytics,GE1401,CB2500,10624,C01
801,BBA Business Decision Analytics,GE1401,CB2400,10839,CB1
801,BBA Business Decision Analytics,GE1401,GE1401,11506,T78
801,BBA Business Decision Analytics,GE1401,CB2201,14827,C06
801,BBA Business Decision Analytics,GE1401,CB2500,15287,T06
802,BBA Business Decision Analytics,GE1401,CB2400,10235,C02
802,BBA Business Decision Analytics,GE1401,CB2201,10792,C04
802,BBA Business Decision Analytics,GE1401,CB2500,13323,CA1
802,BBA Business Decision Analytics,GE1401,GE1401,15181,TC2
802,BBA Business Decision Analytics,GE1401,CB2500,15289,TA1
803,BBA Business Decision Analytics,GE1401,CB2500,10624,C01
803,BBA Business Decision Analytics,GE1401,GE1401,10680,T03
803,BBA Business Decision Analytics,GE1401,CB2400,12538,C04
803,BBA Business Decision Analytics,GE1401,CB2201,14826,CE1
803,BBA Business Decision Analytics,GE1401,CB2500,15598,T08
804,BBA Business Decision Analytics,GE1401,CB2400,10839,CB1
804,BBA Business Decision Analytics,GE1401,CB2500,13323,CA1
804,BBA Business Decision Analytics,GE1401,GE1401,14271,TB8
804,BBA Business Decision Analytics,GE1401,CB2201,14828,C07
804,BBA Business Decision Analytics,GE1401,CB2500,15289,TA1
805,BBA Business Decision Analytics,GE1401,CB2400,10236,C03
805,BBA Business Decision Analytics,GE1401,CB2201,10340,C02
805,BBA Business Decision Analytics,GE1401,GE1401,10357,T01
805,BBA Business Decision Analytics,GE1401,CB2500,10625,C02
805,BBA Business Decision Analytics,GE1401,CB2500,15598,T08
806,BBA Business Decision Analytics,GE1401,CB2500,10625,C02
806,BBA Business Decision Analytics,GE1401,GE1401,10686,T09
806,BBA Business Decision Analytics,GE1401,CB2400,10840,CB2
806,BBA Business Decision Analytics,GE1401,CB2201,14827,C06
806,BBA Business Decision Analytics,GE1401,CB2500,15284,T03
807,BBA Business Decision Analytics,GE1401,CB2201,10340,C02
807,BBA Business Decision Analytics,GE1401,CB2500,10624,C01
807,BBA Business Decision Analytics,GE1401,GE1401,10718,T50
807,BBA Business Decision Analytics,GE1401,CB2400,10840,CB2
807,BBA Business Decision Analytics,GE1401,CB2500,15282,T01
808,BBA Business Decision Analytics,GE1401,CB2201,10341,C03
808,BBA Business Decision Analytics,GE1401,CB2500,10625,C02
808,BBA Business Decision Analytics,GE1401,GE1401,10719,T52
808,BBA Business Decision Analytics,GE1401,CB2400,10839,CB1
808,BBA Business Decision Analytics,GE1401,CB2500,15283,T02
809,BBA Business Decision Analytics,GE1401,CB2400,10180,C01
809,BBA Business Decision Analytics,GE1401,CB2500,10625,C02
809,BBA Business Decision Analytics,GE1401,GE1401,10680,T03
809,BBA Business Decision Analytics,GE1401,CB2201,14827,C06
809,BBA Business Decision Analytics,GE1401,CB2500,15283,T02
810,BBA Business Decision Analytics,GE1401,CB2400,10409,CA3
810,BBA Business Decision Analytics,GE1401,CB2500,10624,C01
810,BBA Business Decision Analytics,GE1401,GE1401,12734,T71
810,BBA Business Decision Analytics,GE1401,CB2201,12852,CM1
810,BBA Business Decision Analytics,GE1401,CB2500,15285,T04
811,BBA Business Decision Analytics,GE1401,CB2400,10235,C02
811,BBA Business Decision Analytics,GE1401,CB2201,10341,C03
811,BBA Business Decision Analytics,GE1401,GE1401,10681,T04
811,BBA Business Decision Analytics,GE1401,CB2500,13323,CA1
811,BBA Business Decision Analytics,GE1401,CB2500,15289,TA1
812,BBA Business Decision Analytics,GE1401,CB2400,10235,C02
812,BBA Business Decision Analytics,GE1401,CB2201,10340,C02
812,BBA Business Decision Analytics,GE1401,GE1401,12814,T91
812,BBA Business Decision Analytics,GE1401,CB2500,13323,CA1
812,BBA Business Decision Analytics,GE1401,CB2500,15289,TA1
813,BBA Business Decision Analytics,GE1401,CB2201,10792,C04
813,BBA Business Decision Analytics,GE1401,CB2400,10840,CB2
813,BBA Business Decision Analytics,GE1401,CB2500,13323,CA1
813,BBA Business Decision Analytics,GE1401,GE1401,15207,TC7
813,BBA Business Decision Analytics,GE1401,CB2500,15289,TA1
814,BBA Business Decision Analytics,GE1401,CB2201,10339,C01
814,BBA Business Decision Analytics,GE1401,CB2500,10625,C02
814,BBA Business Decision Analytics,GE1401,GE1401,10719,T52
814,BBA Business Decision Analytics,GE1401,CB2400,10839,CB1
814,BBA Business Decision Analytics,GE1401,CB2500,15286,T05
815,BBA Business Decision Analytics,GE1401,CB2400,10235,C02
815,BBA Business Decision Analytics,GE1401,CB2201,10340,C02
815,BBA Business Decision Analytics,GE1401,CB2500,10625,C02
815,BBA Business Decision Analytics,GE1401,GE1401,10728,T61
815,BBA Business Decision Analytics,GE1401,CB2500,15285,T04
816,BBA Business Decision Analytics,GE1401,CB2400,10180,C01
816,BBA Business Decision Analytics,GE1401,GE1401,10698,T22
816,BBA Business Decision Analytics,GE1401,CB2500,13323,CA1
816,BBA Business Decision Analytics,GE1401,CB2201,14828,C07
816,BBA Business Decision Analytics,GE1401,CB2500,15289,TA1
817,BBA Business Decision Analytics,GE1401,CB2201,10340,C02
817,BBA Business Decision Analytics,GE1401,CB2500,10625,C02
817,BBA Business Decision Analytics,GE1401,GE1401,10685,T08
817,BBA Business Decision Analytics,GE1401,CB2400,13315,CB3
817,BBA Business Decision Analytics,GE1401,CB2500,15598,T08
818,BBA Business Decision Analytics,GE1401,CB2500,10624,C01
818,BBA Business Decision Analytics,GE1401,CB2201,10678,C05
818,BBA Business Decision Analytics,GE1401,GE1401,11491,T69
818,BBA Business Decision Analytics,GE1401,CB2400,13315,CB3
818,BBA Business Decision Analytics,GE1401,CB2500,15283,T02
819,BBA Business Decision Analytics,GE1401,CB2500,10625,C02
819,BBA Business Decision Analytics,GE1401,GE1401,10685,T08
819,BBA Business Decision Analytics,GE1401,CB2400,13315,CB3
819,BBA Business Decision Analytics,GE1401,CB2201,14828,C07
819,BBA Business Decision Analytics,GE1401,CB2500,15598,T08
820,BBA Business Decision Analytics,GE1401,CB2500,10625,C02
820,BBA Business Decision Analytics,GE1401,CB2400,10839,CB1
820,BBA Business Decision Analytics,GE1401,GE1401,12397,T51
820,BBA Business Decision Analytics,GE1401,CB2201,14828,C07
820,BBA Business Decision Analytics,GE1401,CB2500,15288,T07
821,BBA Business Decision Analytics,GE1401,CB2201,10341,C03
821,BBA Business Decision Analytics,GE1401,CB2500,10624,C01
821,BBA Business Decision Analytics,GE1401,CB2400,13315,CB3
821,BBA Business Decision Analytics,GE1401,GE1401,15180,TC1
821,BBA Business Decision Analytics,GE1401,CB2500,15286,T05
822,BBA Business Decision Analytics,GE1401,CB2201,10339,C01
822,BBA Business Decision Analytics,GE1401,CB2500,10624,C01
822,BBA Business Decision Analytics,GE1401,CB2400,10839,CB1
822,BBA Business Decision Analytics,GE1401,GE1401,13561,T95
822,BBA Business Decision Analytics,GE1401,CB2500,15282,T01
823,BBA Business Decision Analytics,GE1401,CB2201,10341,C03
823,BBA Business Decision Analytics,GE1401,CB2500,10624,C01
823,BBA Business Decision Analytics,GE1401,GE1401,10687,T10
823,BBA Business Decision Analytics,GE1401,CB2400,10839,CB1
823,BBA Business Decision Analytics,GE1401,CB2500,15598,T08
824,BBA Business Decision Analytics,GE1401,CB2400,10180,C01
824,BBA Business Decision Analytics,GE1401,CB2500,10624,C01
824,BBA Business Decision Analytics,GE1401,CB2201,10678,C05
824,BBA Business Decision Analytics,GE1401,GE1401,10714,T43
824,BBA Business Decision Analytics,GE1401,CB2500,15287,T06
825,BBA Business Decision Analytics,GE1401,CB2400,10236,C03
825,BBA Business Decision Analytics,GE1401,CB2500,10625,C02
825,BBA Business Decision Analytics,GE1401,CB2201,14827,C06
825,BBA Business Decision Analytics,GE1401,GE1401,15183,TC4
825,BBA Business Decision Analytics,GE1401,CB2500,15288,T07
826,BBA Business Decision Analytics,GE1401,CB2400,10235,C02
826,BBA Business Decision Analytics,GE1401,CB2201,10341,C03
826,BBA Business Decision Analytics,GE1401,CB2500,10624,C01
826,BBA Business Decision Analytics,GE1401,GE1401,10720,T53
826,BBA Business Decision Analytics,GE1401,CB2500,15285,T04
827,BBA Business Decision Analytics,GE1401,CB2400,10236,C03
827,BBA Business Decision Analytics,GE1401,CB2201,10340,C02
827,BBA Business Decision Analytics,GE1401,CB2500,10625,C02
827,BBA Business Decision Analytics,GE1401,GE1401,10720,T53
827,BBA Business Decision Analytics,GE1401,CB2500,15282,T01
828,BBA Business Decision Analytics,GE1401,CB2400,10180,C01
828,BBA Business Decision Analytics,GE1401,CB2500,10625,C02
828,BBA Business Decision Analytics,GE1401,CB2201,14827,C06
828,BBA Business Decision Analytics,GE1401,GE1401,15182,TC3
828,BBA Business Decision Analytics,GE1401,CB2500,15285,T04
829,BBA Business Decision Analytics,GE1401,CB2500,10625,C02
829,BBA Business Decision Analytics,GE1401,GE1401,10685,T08
829,BBA Business Decision Analytics,GE1401,CB2201,10792,C04
829,BBA Business Decision Analytics,GE1401,CB2400,12538,C04
829,BBA Business Decision Analytics,GE1401,CB2500,15284,T03
830,BBA Business Decision Analytics,GE1401,CB2500,10625,C02
830,BBA Business Decision Analytics,GE1401,CB2400,10840,CB2
830,BBA Business Decision Analytics,GE1401,GE1401,11491,T69
830,BBA Business Decision Analytics,GE1401,CB2201,14827,C06
830,BBA Business Decision Analytics,GE1401,CB2500,15286,T05
831,BBA Business Decision Analytics,GE1401,CB2400,10236,C03
831,BBA Business Decision Analytics,GE1401,CB2500,10625,C02
831,BBA Business Decision Analytics,GE1401,CB2201,14827,C06
831,BBA Business Decision Analytics,GE1401,CB2500,15283,T02
831,BBA Business Decision Analytics,GE1401,GE1401,15600,T14
832,BBA Business Decision Analytics,GE1401,CB2400,10404,CA2
832,BBA Business Decision Analytics,GE1401,GE1401,12396,T46
832,BBA Business Decision Analytics,GE1401,CB2500,13323,CA1
832,BBA Business Decision Analytics,GE1401,CB2201,14827,C06
832,BBA Business Decision Analytics,GE1401,CB2500,15289,TA1
833,BBA Business Decision Analytics,LC0200A,CB2201,10339,C01
833,BBA Business Decision Analytics,LC0200A,CB2500,10625,C02
833,BBA Business Decision Analytics,LC0200A,CB2400,10840,CB2
833,BBA Business Decision Analytics,LC0200A,LC0200A,10883,T14
833,BBA Business Decision Analytics,LC0200A,CB2500,15598,T08
834,BBA Business Decision Analytics,LC0200A,CB2500,10624,C01
834,BBA Business Decision Analytics,LC0200A,CB2201,10678,C05
834,BBA Business Decision Analytics,LC0200A,CB2400,10840,CB2
834,BBA Business Decision Analytics,LC0200A,LC0200A,10862,T02
834,BBA Business Decision Analytics,LC0200A,CB2500,15287,T06
835,BBA Business Decision Analytics,LC0200A,CB2500,10625,C02
835,BBA Business Decision Analytics,LC0200A,CB2201,10678,C05
835,BBA Business Decision Analytics,LC0200A,CB2400,10839,CB1
835,BBA Business Decision Analytics,LC0200A,LC0200A,10891,T23
835,BBA Business Decision Analytics,LC0200A,CB2500,15282,T01
836,BBA Business Decision Analytics,LC0200A,CB2201,10340,C02
836,BBA Business Decision Analytics,LC0200A,CB2500,10625,C02
836,BBA Business Decision Analytics,LC0200A,LC0200A,10841,T01
836,BBA Business Decision Analytics,LC0200A,CB2400,12538,C04
836,BBA Business Decision Analytics,LC0200A,CB2500,15285,T04
837,BBA Business Decision Analytics,LC0200A,CB2201,10341,C03
837,BBA Business Decision Analytics,LC0200A,CB2500,10624,C01
837,BBA Business Decision Analytics,LC0200A,LC0200A,10884,T15
837,BBA Business Decision Analytics,LC0200A,CB2400,13315,CB3
837,BBA Business Decision Analytics,LC0200A,CB2500,15285,T04
838,BBA Business Decision Analytics,LC0200A,CB2201,10341,C03
838,BBA Business Decision Analytics,LC0200A,CB2500,10625,C02
838,BBA Business Decision Analytics,LC0200A,LC0200A,10887,T19
838,BBA Business Decision Analytics,LC0200A,CB2400,12538,C04
838,BBA Business Decision Analytics,LC0200A,CB2500,15284,T03
839,BBA Business Decision Analytics,LC0200A,CB2500,10625,C02
839,BBA Business Decision Analytics,LC0200A,CB2201,10792,C04
839,BBA Business Decision Analytics,LC0200A,CB2400,10839,CB1
839,BBA Business Decision Analytics,LC0200A,LC0200A,10862,T02
839,BBA Business Decision Analytics,LC0200A,CB2500,15285,T04
840,BBA Business Decision Analytics,LC0200A,CB2400,10235,C02
840,BBA Business Decision Analytics,LC0200A,CB2201,10339,C01
840,BBA Business Decision Analytics,LC0200A,CB2500,10624,C01
840,BBA Business Decision Analytics,LC0200A,LC0200A,10892,T24
840,BBA Business Decision Analytics,LC0200A,CB2500,15285,T04
841,BBA Business Decision Analytics,LC0200A,CB2201,10341,C03
841,BBA Business Decision Analytics,LC0200A,CB2500,10624,C01
841,BBA Business Decision Analytics,LC0200A,CB2400,10839,CB1
841,BBA Business Decision Analytics,LC0200A,LC0200A,10885,T16
841,BBA Business Decision Analytics,LC0200A,CB2500,15286,T05
842,BBA Business Decision Analytics,LC0200A,CB2201,10339,C01
842,BBA Business Decision Analytics,LC0200A,CB2500,10624,C01
842,BBA Business Decision Analytics,LC0200A,LC0200A,10893,T25
842,BBA Business Decision Analytics,LC0200A,CB2400,12538,C04
842,BBA Business Decision Analytics,LC0200A,CB2500,15288,T07
843,BBA Business Decision Analytics,LC0200A,CB2500,10625,C02
843,BBA Business Decision Analytics,LC0200A,LC0200A,10878,T09
843,BBA Business Decision Analytics,LC0200A,CB2400,12538,C04
843,BBA Business Decision Analytics,LC0200A,CB2201,14828,C07
843,BBA Business Decision Analytics,LC0200A,CB2500,15283,T02
844,BBA Business Decision Analytics,LC0200A,CB2400,10236,C03
844,BBA Business Decision Analytics,LC0200A,CB2500,10624,C01
844,BBA Business Decision Analytics,LC0200A,CB2201,10678,C05
844,BBA Business Decision Analytics,LC0200A,LC0200A,10885,T16
844,BBA Business Decision Analytics,LC0200A,CB2500,15286,T05
845,BBA Business Decision Analytics,LC0200A,CB2400,10236,C03
845,BBA Business Decision Analytics,LC0200A,CB2500,10625,C02
845,BBA Business Decision Analytics,LC0200A,LC0200A,10894,T26
845,BBA Business Decision Analytics,LC0200A,CB2201,14827,C06
845,BBA Business Decision Analytics,LC0200A,CB2500,15287,T06
846,BBA Business Decision Analytics,LC0200A,CB2400,10180,C01
846,BBA Business Decision Analytics,LC0200A,CB2500,10624,C01
846,BBA Business Decision Analytics,LC0200A,LC0200A,10895,T27
846,BBA Business Decision Analytics,LC0200A,CB2201,14828,C07
846,BBA Business Decision Analytics,LC0200A,CB2500,15286,T05
847,BBA Business Decision Analytics,LC0200A,CB2500,10624,C01
847,BBA Business Decision Analytics,LC0200A,CB2201,10792,C04
847,BBA Business Decision Analytics,LC0200A,LC0200A,11449,T34
847,BBA Business Decision Analytics,LC0200A,CB2400,12538,C04
847,BBA Business Decision Analytics,LC0200A,CB2500,15288,T07
848,BBA Business Decision Analytics,LC0200A,CB2400,10235,C02
848,BBA Business Decision Analytics,LC0200A,CB2500,10624,C01
848,BBA Business Decision Analytics,LC0200A,LC0200A,10889,T21
848,BBA Business Decision Analytics,LC0200A,CB2201,14827,C06
848,BBA Business Decision Analytics,LC0200A,CB2500,15282,T01
849,BBA Business Decision Analytics,LC0200A,CB2400,10235,C02
849,BBA Business Decision Analytics,LC0200A,CB2201,10339,C01
849,BBA Business Decision Analytics,LC0200A,CB2500,10624,C01
849,BBA Business Decision Analytics,LC0200A,LC0200A,10884,T15
849,BBA Business Decision Analytics,LC0200A,CB2500,15282,T01
850,BBA Business Decision Analytics,LC0200A,CB2201,10340,C02
850,BBA Business Decision Analytics,LC0200A,CB2500,10624,C01
850,BBA Business Decision Analytics,LC0200A,CB2400,10840,CB2
850,BBA Business Decision Analytics,LC0200A,LC0200A,10893,T25
850,BBA Business Decision Analytics,LC0200A,CB2500,15287,T06
851,BBA Global Operations Management,GE1401,CB2201,10339,C01
851,BBA Global Operations Management,GE1401,CB2500,10624,C01
851,BBA Global Operations Management,GE1401,GE1401,10688,T11
851,BBA Global Operations Management,GE1401,CB2400,10839,CB1
851,BBA Global Operations Management,GE1401,CB2500,15282,T01
852,BBA Global Operations Management,GE1401,CB2201,10339,C01
852,BBA Global Operations Management,GE1401,CB2400,10839,CB1
852,BBA Global Operations Management,GE1401,CB2500,13323,CA1
852,BBA Global Operations Management,GE1401,CB2500,15289,TA1
852,BBA Global Operations Management,GE1401,GE1401,15602,T58
853,BBA Global Operations Management,GE1401,CB2400,10235,C02
853,BBA Global Operations Management,GE1401,CB2201,10341,C03
853,BBA Global Operations Management,GE1401,CB2500,10625,C02
853,BBA Global Operations Management,GE1401,GE1401,12124,T49
853,BBA Global Operations Management,GE1401,CB2500,15287,T06
854,BBA Global Operations Management,GE1401,CB2400,10235,C02
854,BBA Global Operations Management,GE1401,CB2500,10624,C01
854,BBA Global Operations Management,GE1401,CB2201,10678,C05
854,BBA Global Operations Management,GE1401,GE1401,10711,T38
854,BBA Global Operations Management,GE1401,CB2500,15598,T08
855,BBA Global Operations Management,GE1401,CB2500,10624,C01
855,BBA Global Operations Management,GE1401,GE1401,10720,T53
855,BBA Global Operations Management,GE1401,CB2400,10840,CB2
855,BBA Global Operations Management,GE1401,CB2201,14828,C07
855,BBA Global Operations Management,GE1401,CB2500,15282,T01
856,BBA Global Operations Management,GE1401,CB2400,10236,C03
856,BBA Global Operations Management,GE1401,CB2500,10625,C02
856,BBA Global Operations Management,GE1401,CB2201,10678,C05
856,BBA Global Operations Management,GE1401,GE1401,12127,T84
856,BBA Global Operations Management,GE1401,CB2500,15598,T08
857,BBA Global Operations Management,GE1401,CB2201,10341,C03
857,BBA Global Operations Management,GE1401,CB2500,10624,C01
857,BBA Global Operations Management,GE1401,CB2400,12538,C04
857,BBA Global Operations Management,GE1401,GE1401,15205,TC5
857,BBA Global Operations Management,GE1401,CB2500,15286,T05
858,BBA Global Operations Management,GE1401,CB2400,10180,C01
858,BBA Global Operations Management,GE1401,CB2201,10341,C03
858,BBA Global Operations Management,GE1401,CB2500,10625,C02
858,BBA Global Operations Management,GE1401,GE1401,10680,T03
858,BBA Global Operations Management,GE1401,CB2500,15283,T02
859,BBA Global Operations Management,GE1401,CB2500,10624,C01
859,BBA Global Operations Management,GE1401,GE1401,10680,T03
859,BBA Global Operations Management,GE1401,CB2400,13315,CB3
859,BBA Global Operations Management,GE1401,CB2201,14827,C06
859,BBA Global Operations Management,GE1401,CB2500,15598,T08
860,BBA Global Operations Management,GE1401,CB2400,10236,C03
860,BBA Global Operations Management,GE1401,CB2500,10625,C02
860,BBA Global Operations Management,GE1401,GE1401,12814,T91
860,BBA Global Operations Management,GE1401,CB2201,14826,CE1
860,BBA Global Operations Management,GE1401,CB2500,15282,T01
861,BBA Global Operations Management,GE1401,CB2201,10341,C03
861,BBA Global Operations Management,GE1401,GE1401,10687,T10
861,BBA Global Operations Management,GE1401,CB2400,13315,CB3
861,BBA Global Operations Management,GE1401,CB2500,13323,CA1
861,BBA Global Operations Management,GE1401,CB2500,15289,TA1
862,BBA Global Operations Management,GE1401,CB2201,10341,C03
862,BBA Global Operations Management,GE1401,CB2500,10624,C01
862,BBA Global Operations Management,GE1401,GE1401,13197,TA2
862,BBA Global Operations Management,GE1401,CB2400,13315,CB3
862,BBA Global Operations Management,GE1401,CB2500,15284,T03
863,BBA Global Operations Management,GE1401,CB2400,10404,CA2
863,BBA Global Operations Management,GE1401,CB2500,10624,C01
863,BBA Global Operations Management,GE1401,CB2201,10678,C05
863,BBA Global Operations Management,GE1401,GE1401,10680,T03
863,BBA Global Operations Management,GE1401,CB2500,15282,T01
864,BBA Global Operations Management,GE1401,CB2500,10625,C02
864,BBA Global Operations Management,GE1401,CB2201,10678,C05
864,BBA Global Operations Management,GE1401,GE1401,11498,T83
864,BBA Global Operations Management,GE1401,CB2400,12538,C04
864,BBA Global Operations Management,GE1401,CB2500,15284,T03
865,BBA Global Operations Management,GE1401,CB2201,10340,C02
865,BBA Global Operations Management,GE1401,CB2500,10624,C01
865,BBA Global Operations Management,GE1401,GE1401,10696,T20
865,BBA Global Operations Management,GE1401,CB2400,10840,CB2
865,BBA Global Operations Management,GE1401,CB2500,15288,T07
866,BBA Global Operations Management,GE1401,CB2400,10235,C02
866,BBA Global Operations Management,GE1401,CB2201,10339,C01
866,BBA Global Operations Management,GE1401,CB2500,10624,C01
866,BBA Global Operations Management,GE1401,GE1401,11070,TA1
866,BBA Global Operations Management,GE1401,CB2500,15286,T05
867,BBA Global Operations Management,GE1401,CB2400,10403,CA1
867,BBA Global Operations Management,GE1401,GE1401,11451,T68
867,BBA Global Operations Management,GE1401,CB2500,13323,CA1
867,BBA Global Operations Management,GE1401,CB2201,14827,C06
867,BBA Global Operations Management,GE1401,CB2500,15289,TA1
868,BBA Global Operations Management,GE1401,CB2400,10235,C02
868,BBA Global Operations Management,GE1401,CB2201,10341,C03
868,BBA Global Operations Management,GE1401,CB2500,10624,C01
868,BBA Global Operations Management,GE1401,GE1401,12734,T71
868,BBA Global Operations Management,GE1401,CB2500,15283,T02
869,BBA Global Operations Management,GE1401,CB2400,10236,C03
869,BBA Global Operations Management,GE1401,CB2201,10340,C02
869,BBA Global Operations Management,GE1401,CB2500,10624,C01
869,BBA Global Operations Management,GE1401,GE1401,12734,T71
869,BBA Global Operations Management,GE1401,CB2500,15598,T08
870,BBA Global Operations Management,GE1401,CB2400,10235,C02
870,BBA Global Operations Management,GE1401,CB2201,10340,C02
870,BBA Global Operations Management,GE1401,CB2500,10625,C02
870,BBA Global Operations Management,GE1401,GE1401,14271,TB8
870,BBA Global Operations Management,GE1401,CB2500,15287,T06
871,BBA Global Operations Management,GE1401,CB2201,10340,C02
871,BBA Global Operations Management,GE1401,CB2500,10625,C02
871,BBA Global Operations Management,GE1401,CB2400,10839,CB1
871,BBA Global Operations Management,GE1401,GE1401,11451,T68
871,BBA Global Operations Management,GE1401,CB2500,15282,T01
872,BBA Global Operations Management,GE1401,CB2400,10180,C01
872,BBA Global Operations Management,GE1401,CB2500,10625,C02
872,BBA Global Operations Management,GE1401,GE1401,10683,T06
872,BBA Global Operations Management,GE1401,CB2201,14828,C07
872,BBA Global Operations Management,GE1401,CB2500,15284,T03
873,BBA Global Operations Management,GE1401,CB2201,10341,C03
873,BBA Global Operations Management,GE1401,CB2500,10625,C02
873,BBA Global Operations Management,GE1401,CB2400,10839,CB1
873,BBA Global Operations Management,GE1401,GE1401,15180,TC1
873,BBA Global Operations Management,GE1401,CB2500,15287,T06
874,BBA Global Operations Management,GE1401,CB2201,10341,C03
874,BBA Global Operations Management,GE1401,CB2500,10624,C01
874,BBA Global Operations Management,GE1401,CB2400,12538,C04
874,BBA Global Operations Management,GE1401,GE1401,13577,TB6
874,BBA Global Operations Management,GE1401,CB2500,15598,T08
875,BBA Global Operations Management,GE1401,CB2500,10624,C01
875,BBA Global Operations Management,GE1401,CB2400,10840,CB2
875,BBA Global Operations Management,GE1401,CB2201,14828,C07
875,BBA Global Operations Management,GE1401,GE1401,15207,TC7
875,BBA Global Operations Management,GE1401,CB2500,15283,T02
876,BBA Global Operations Management,GE1401,CB2500,10624,C01
876,BBA Global Operations Management,GE1401,GE1401,10715,T45
876,BBA Global Operations Management,GE1401,CB2400,13315,CB3
876,BBA Global Operations Management,GE1401,CB2201,14827,C06
876,BBA Global Operations Management,GE1401,CB2500,15598,T08
877,BBA Global Operations Management,GE1401,CB2400,10235,C02
877,BBA Global Operations Management,GE1401,CB2201,10339,C01
877,BBA Global Operations Management,GE1401,CB2500,10625,C02
877,BBA Global Operations Management,GE1401,GE1401,13568,T96
877,BBA Global Operations Management,GE1401,CB2500,15287,T06
878,BBA Global Operations Management,GE1401,CB2400,10235,C02
878,BBA Global Operations Management,GE1401,CB2201,10341,C03
878,BBA Global Operations Management,GE1401,CB2500,10625,C02
878,BBA Global Operations Management,GE1401,GE1401,11498,T83
878,BBA Global Operations Management,GE1401,CB2500,15286,T05
879,BBA Global Operations Management,GE1401,CB2201,10341,C03
879,BBA Global Operations Management,GE1401,CB2500,10625,C02
879,BBA Global Operations Management,GE1401,GE1401,10694,T17
879,BBA Global Operations Management,GE1401,CB2400,13315,CB3
879,BBA Global Operations Management,GE1401,CB2500,15286,T05
880,BBA Global Operations Management,GE1401,CB2201,10341,C03
880,BBA Global Operations Management,GE1401,CB2400,10403,CA1
880,BBA Global Operations Management,GE1401,GE1401,11504,T90
880,BBA Global Operations Management,GE1401,CB2500,13323,CA1
880,BBA Global Operations Management,GE1401,CB2500,15289,TA1
881,BBA Global Operations Management,GE1401,CB2201,10340,C02
881,BBA Global Operations Management,GE1401,CB2500,10624,C01
881,BBA Global Operations Management,GE1401,CB2400,10839,CB1
881,BBA Global Operations Management,GE1401,GE1401,13576,TB5
881,BBA Global Operations Management,GE1401,CB2500,15285,T04
882,BBA Global Operations Management,GE1401,CB2500,10624,C01
882,BBA Global Operations Management,GE1401,GE1401,10698,T22
882,BBA Global Operations Management,GE1401,CB2400,10840,CB2
882,BBA Global Operations Management,GE1401,CB2201,13198,CF1
882,BBA Global Operations Management,GE1401,CB2500,15284,T03
883,BBA Global Operations Management,GE1401,CB2500,10624,C01
883,BBA Global Operations Management,GE1401,GE1401,10695,T19
883,BBA Global Operations Management,GE1401,CB2400,12538,C04
883,BBA Global Operations Management,GE1401,CB2201,14827,C06
883,BBA Global Operations Management,GE1401,CB2500,15283,T02
884,BBA Global Operations Management,LC0200A,CB2400,10180,C01
884,BBA Global Operations Management,LC0200A,CB2201,10341,C03
884,BBA Global Operations Management,LC0200A,CB2500,10624,C01
884,BBA Global Operations Management,LC0200A,LC0200A,10894,T26
884,BBA Global Operations Management,LC0200A,CB2500,15282,T01
885,BBA Global Operations Management,LC0200A,CB2500,10625,C02
885,BBA Global Operations Management,LC0200A,LC0200A,10894,T26
885,BBA Global Operations Management,LC0200A,CB2400,13315,CB3
885,BBA Global Operations Management,LC0200A,CB2201,14828,C07
885,BBA Global Operations Management,LC0200A,CB2500,15284,T03
886,BBA Global Operations Management,LC0200A,CB2400,10235,C02
886,BBA Global Operations Management,LC0200A,CB2500,10625,C02
886,BBA Global Operations Management,LC0200A,CB2201,10792,C04
886,BBA Global Operations Management,LC0200A,LC0200A,10888,T20
886,BBA Global Operations Management,LC0200A,CB2500,15288,T07
887,BBA Global Operations Management,LC0200A,CB2500,10625,C02
887,BBA Global Operations Management,LC0200A,CB2400,10840,CB2
887,BBA Global Operations Management,LC0200A,LC0200A,10862,T02
887,BBA Global Operations Management,LC0200A,CB2201,14828,C07
887,BBA Global Operations Management,LC0200A,CB2500,15288,T07
888,BBA Global Operations Management,LC0200A,CB2400,10404,CA2
888,BBA Global Operations Management,LC0200A,LC0200A,10864,T04
888,BBA Global Operations Management,LC0200A,CB2500,13323,CA1
888,BBA Global Operations Management,LC0200A,CB2201,14826,CE1
888,BBA Global Operations Management,LC0200A,CB2500,15289,TA1
889,BBA Global Operations Management,LC0200A,CB2500,10624,C01
889,BBA Global Operations Management,LC0200A,CB2201,10792,C04
889,BBA Global Operations Management,LC0200A,CB2400,10840,CB2
889,BBA Global Operations Management,LC0200A,LC0200A,10887,T19
889,BBA Global Operations Management,LC0200A,CB2500,15282,T01
890,BBA Global Operations Management,LC0200A,CB2201,10340,C02
890,BBA Global Operations Management,LC0200A,CB2500,10624,C01
890,BBA Global Operations Management,LC0200A,CB2400,10839,CB1
890,BBA Global Operations Management,LC0200A,LC0200A,10883,T14
890,BBA Global Operations Management,LC0200A,CB2500,15598,T08
891,BBA Global Operations Management,LC0200A,CB2201,10340,C02
891,BBA Global Operations Management,LC0200A,CB2500,10624,C01
891,BBA Global Operations Management,LC0200A,LC0200A,10896,T28
891,BBA Global Operations Management,LC0200A,CB2400,13315,CB3
891,BBA Global Operations Management,LC0200A,CB2500,15288,T07
892,BBA Global Operations Management,LC0200A,CB2400,10404,CA2
892,BBA Global Operations Management,LC0200A,CB2500,10624,C01
892,BBA Global Operations Management,LC0200A,CB2201,10792,C04
892,BBA Global Operations Management,LC0200A,LC0200A,10889,T21
892,BBA Global Operations Management,LC0200A,CB2500,15284,T03
893,BBA Global Operations Management,LC0200A,CB2201,10792,C04
893,BBA Global Operations Management,LC0200A,LC0200A,10887,T19
893,BBA Global Operations Management,LC0200A,CB2400,12538,C04
893,BBA Global Operations Management,LC0200A,CB2500,13323,CA1
893,BBA Global Operations Management,LC0200A,CB2500,15289,TA1
894,BBA Global Operations Management,LC0200A,CB2500,10625,C02
894,BBA Global Operations Management,LC0200A,CB2201,10678,C05
894,BBA Global Operations Management,LC0200A,LC0200A,10841,T01
894,BBA Global Operations Management,LC0200A,CB2400,13315,CB3
894,BBA Global Operations Management,LC0200A,CB2500,15287,T06
895,BBA Global Operations Management,LC0200A,CB2500,10624,C01
895,BBA Global Operations Management,LC0200A,CB2201,10792,C04
895,BBA Global Operations Management,LC0200A,CB2400,10839,CB1
895,BBA Global Operations Management,LC0200A,LC0200A,10864,T04
895,BBA Global Operations Management,LC0200A,CB2500,15282,T01
896,BBA Global Operations Management,LC0200A,CB2201,10339,C01
896,BBA Global Operations Management,LC0200A,CB2500,10624,C01
896,BBA Global Operations Management,LC0200A,CB2400,10840,CB2
896,BBA Global Operations Management,LC0200A,LC0200A,12333,T40
896,BBA Global Operations Management,LC0200A,CB2500,15598,T08
897,BBA Global Operations Management,LC0200A,CB2500,10624,C01
897,BBA Global Operations Management,LC0200A,CB2400,10840,CB2
897,BBA Global Operations Management,LC0200A,CB2201,12852,CM1
897,BBA Global Operations Management,LC0200A,LC0200A,14952,T36
897,BBA Global Operations Management,LC0200A,CB2500,15284,T03
898,BBA Global Operations Management,LC0200A,CB2400,10236,C03
898,BBA Global Operations Management,LC0200A,CB2201,10339,C01
898,BBA Global Operations Management,LC0200A,CB2500,10625,C02
898,BBA Global Operations Management,LC0200A,LC0200A,11975,T35
898,BBA Global Operations Management,LC0200A,CB2500,15288,T07
899,BSc Computational Finance and Financial Technology,GE1401,GE1401,10714,T43
899,BSc Computational Finance and Financial Technology,GE1401,CB2400,10840,CB2
899,BSc Computational Finance and Financial Technology,GE1401,CS1102,11712,CB2
899,BSc Computational Finance and Financial Technology,GE1401,MA1300,11762,CB1
899,BSc Computational Finance and Financial Technology,GE1401,MA1300,11765,TB1
899,BSc Computational Finance and Financial Technology,GE1401,CS1102,12394,LB3
900,BSc Computational Finance and Financial Technology,GE1401,CS1102,10283,C01
900,BSc Computational Finance and Financial Technology,GE1401,MA1300,10342,CA1
900,BSc Computational Finance and Financial Technology,GE1401,GE1401,10730,T64
900,BSc Computational Finance and Financial Technology,GE1401,CB2400,10840,CB2
900,BSc Computational Finance and Financial Technology,GE1401,MA1300,11764,TA2
900,BSc Computational Finance and Financial Technology,GE1401,CS1102,12393,L09
901,BSc Computational Finance and Financial Technology,GE1401,CB2400,10236,C03
901,BSc Computational Finance and Financial Technology,GE1401,CS1102,11710,C02
901,BSc Computational Finance and Financial Technology,GE1401,MA1300,11762,CB1
901,BSc Computational Finance and Financial Technology,GE1401,MA1300,11766,TB2
901,BSc Computational Finance and Financial Technology,GE1401,GE1401,12127,T84
901,BSc Computational Finance and Financial Technology,GE1401,CS1102,12392,L03
902,BSc Computational Finance and Financial Technology,GE1401,CS1102,10283,C01
902,BSc Computational Finance and Financial Technology,GE1401,MA1300,10342,CA1
902,BSc Computational Finance and Financial Technology,GE1401,CB2400,10840,CB2
902,BSc Computational Finance and Financial Technology,GE1401,GE1401,11506,T78
902,BSc Computational Finance and Financial Technology,GE1401,MA1300,11763,TA1
902,BSc Computational Finance and Financial Technology,GE1401,CS1102,12392,L03
903,BSc Computational Finance and Financial Technology,GE1401,MA1300,10342,CA1
903,BSc Computational Finance and Financial Technology,GE1401,CS1102,10603,LA1
903,BSc Computational Finance and Financial Technology,GE1401,CB2400,10840,CB2
903,BSc Computational Finance and Financial Technology,GE1401,MA1300,11764,TA2
903,BSc Computational Finance and Financial Technology,GE1401,GE1401,12397,T51
903,BSc Computational Finance and Financial Technology,GE1401,CS1102,15735,CA2
904,BSc Computational Finance and Financial Technology,GE1401,CS1102,11711,CB1
904,BSc Computational Finance and Financial Technology,GE1401,MA1300,11762,CB1
904,BSc Computational Finance and Financial Technology,GE1401,MA1300,11766,TB2
904,BSc Computational Finance and Financial Technology,GE1401,CS1102,12395,LB9
904,BSc Computational Finance and Financial Technology,GE1401,CB2400,12538,C04
904,BSc Computational Finance and Financial Technology,GE1401,GE1401,13572,TB1
905,BSc Computational Finance and Financial Technology,GE1401,MA1300,10342,CA1
905,BSc Computational Finance and Financial Technology,GE1401,CS1102,10541,CA1
905,BSc Computational Finance and Financial Technology,GE1401,MA1300,11763,TA1
905,BSc Computational Finance and Financial Technology,GE1401,CB2400,12538,C04
905,BSc Computational Finance and Financial Technology,GE1401,CS1102,12765,LA3
905,BSc Computational Finance and Financial Technology,GE1401,GE1401,13577,TB6
906,BSc Computational Finance and Financial Technology,GE1401,CB2400,10235,C02
906,BSc Computational Finance and Financial Technology,GE1401,GE1401,11493,T75
906,BSc Computational Finance and Financial Technology,GE1401,CS1102,11512,CC1
906,BSc Computational Finance and Financial Technology,GE1401,CS1102,11521,LC6
906,BSc Computational Finance and Financial Technology,GE1401,MA1300,11762,CB1
906,BSc Computational Finance and Financial Technology,GE1401,MA1300,11765,TB1
907,BSc Computational Finance and Financial Technology,GE1401,CB2400,10236,C03
907,BSc Computational Finance and Financial Technology,GE1401,MA1300,10342,CA1
907,BSc Computational Finance and Financial Technology,GE1401,GE1401,11507,T80
907,BSc Computational Finance and Financial Technology,GE1401,CS1102,11711,CB1
907,BSc Computational Finance and Financial Technology,GE1401,MA1300,11763,TA1
907,BSc Computational Finance and Financial Technology,GE1401,CS1102,12394,LB3
908,BSc Computational Finance and Financial Technology,GE1401,CS1102,10283,C01
908,BSc Computational Finance and Financial Technology,GE1401,CB2400,10839,CB1
908,BSc Computational Finance and Financial Technology,GE1401,CS1102,11716,L07
908,BSc Computational Finance and Financial Technology,GE1401,MA1300,11762,CB1
908,BSc Computational Finance and Financial Technology,GE1401,MA1300,11766,TB2
908,BSc Computational Finance and Financial Technology,GE1401,GE1401,13561,T95
909,BSc Computational Finance and Financial Technology,GE1401,CB2400,10235,C02
909,BSc Computational Finance and Financial Technology,GE1401,GE1401,10727,T60
909,BSc Computational Finance and Financial Technology,GE1401,CS1102,11711,CB1
909,BSc Computational Finance and Financial Technology,GE1401,MA1300,11762,CB1
909,BSc Computational Finance and Financial Technology,GE1401,MA1300,11765,TB1
909,BSc Computational Finance and Financial Technology,GE1401,CS1102,12395,LB9
910,BSc Computational Finance and Financial Technology,GE1401,CS1102,10778,LB7
910,BSc Computational Finance and Financial Technology,GE1401,CS1102,11711,CB1
910,BSc Computational Finance and Financial Technology,GE1401,MA1300,11762,CB1
910,BSc Computational Finance and Financial Technology,GE1401,MA1300,11765,TB1
910,BSc Computational Finance and Financial Technology,GE1401,CB2400,12538,C04
910,BSc Computational Finance and Financial Technology,GE1401,GE1401,15181,TC2
911,BSc Computational Finance and Financial Technology,GE1401,CS1102,10283,C01
911,BSc Computational Finance and Financial Technology,GE1401,CB2400,10840,CB2
911,BSc Computational Finance and Financial Technology,GE1401,CS1102,11715,L06
911,BSc Computational Finance and Financial Technology,GE1401,MA1300,11762,CB1
911,BSc Computational Finance and Financial Technology,GE1401,MA1300,11767,TB3
911,BSc Computational Finance and Financial Technology,GE1401,GE1401,12125,T65
912,BSc Computational Finance and Financial Technology,GE1401,MA1300,10342,CA1
912,BSc Computational Finance and Financial Technology,GE1401,GE1401,11494,T76
912,BSc Computational Finance and Financial Technology,GE1401,CS1102,11710,C02
912,BSc Computational Finance and Financial Technology,GE1401,CS1102,11715,L06
912,BSc Computational Finance and Financial Technology,GE1401,MA1300,11764,TA2
912,BSc Computational Finance and Financial Technology,GE1401,CB2400,13315,CB3
913,BSc Computational Finance and Financial Technology,GE1401,MA1300,10342,CA1
913,BSc Computational Finance and Financial Technology,GE1401,MA1300,11764,TA2
913,BSc Computational Finance and Financial Technology,GE1401,CB2400,12538,C04
913,BSc Computational Finance and Financial Technology,GE1401,CS1102,12765,LA3
913,BSc Computational Finance and Financial Technology,GE1401,GE1401,15601,T28
913,BSc Computational Finance and Financial Technology,GE1401,CS1102,15735,CA2
914,BSc Computational Finance and Financial Technology,GE1401,CS1102,10283,C01
914,BSc Computational Finance and Financial Technology,GE1401,MA1300,10342,CA1
914,BSc Computational Finance and Financial Technology,GE1401,GE1401,10697,T21
914,BSc Computational Finance and Financial Technology,GE1401,MA1300,11763,TA1
914,BSc Computational Finance and Financial Technology,GE1401,CS1102,12393,L09
914,BSc Computational Finance and Financial Technology,GE1401,CB2400,13315,CB3
915,BSc Computational Finance and Financial Technology,GE1401,CB2400,10235,C02
915,BSc Computational Finance and Financial Technology,GE1401,GE1401,10686,T09
915,BSc Computational Finance and Financial Technology,GE1401,CS1102,11711,CB1
915,BSc Computational Finance and Financial Technology,GE1401,MA1300,11762,CB1
915,BSc Computational Finance and Financial Technology,GE1401,MA1300,11765,TB1
915,BSc Computational Finance and Financial Technology,GE1401,CS1102,12395,LB9
916,BSc Computational Finance and Financial Technology,GE1401,CS1102,10541,CA1
916,BSc Computational Finance and Financial Technology,GE1401,CS1102,10603,LA1
916,BSc Computational Finance and Financial Technology,GE1401,CB2400,10839,CB1
916,BSc Computational Finance and Financial Technology,GE1401,MA1300,11762,CB1
916,BSc Computational Finance and Financial Technology,GE1401,MA1300,11765,TB1
916,BSc Computational Finance and Financial Technology,GE1401,GE1401,12119,T18
917,BSc Computational Finance and Financial Technology,GE1401,CB2400,10404,CA2
917,BSc Computational Finance and Financial Technology,GE1401,CS1102,11520,LC5
917,BSc Computational Finance and Financial Technology,GE1401,MA1300,11762,CB1
917,BSc Computational Finance and Financial Technology,GE1401,MA1300,11766,TB2
917,BSc Computational Finance and Financial Technology,GE1401,GE1401,12814,T91
917,BSc Computational Finance and Financial Technology,GE1401,CS1102,13144,CC2
918,BSc Computational Finance and Financial Technology,GE1401,CB2400,10839,CB1
918,BSc Computational Finance and Financial Technology,GE1401,CS1102,11521,LC6
918,BSc Computational Finance and Financial Technology,GE1401,MA1300,11762,CB1
918,BSc Computational Finance and Financial Technology,GE1401,MA1300,11766,TB2
918,BSc Computational Finance and Financial Technology,GE1401,CS1102,13144,CC2
918,BSc Computational Finance and Financial Technology,GE1401,GE1401,14941,TA3
919,BSc Computational Finance and Financial Technology,GE1401,MA1300,10342,CA1
919,BSc Computational Finance and Financial Technology,GE1401,CB2400,10409,CA3
919,BSc Computational Finance and Financial Technology,GE1401,GE1401,10698,T22
919,BSc Computational Finance and Financial Technology,GE1401,CS1102,11712,CB2
919,BSc Computational Finance and Financial Technology,GE1401,MA1300,11764,TA2
919,BSc Computational Finance and Financial Technology,GE1401,CS1102,12395,LB9
920,BSc Computational Finance and Financial Technology,GE1401,MA1300,10342,CA1
920,BSc Computational Finance and Financial Technology,GE1401,GE1401,10689,T12
920,BSc Computational Finance and Financial Technology,GE1401,CS1102,10778,LB7
920,BSc Computational Finance and Financial Technology,GE1401,CS1102,11711,CB1
920,BSc Computational Finance and Financial Technology,GE1401,MA1300,11763,TA1
920,BSc Computational Finance and Financial Technology,GE1401,CB2400,13315,CB3
921,BSc Computational Finance and Financial Technology,GE1401,CB2400,10235,C02
921,BSc Computational Finance and Financial Technology,GE1401,CS1102,11710,C02
921,BSc Computational Finance and Financial Technology,GE1401,CS1102,11717,L08
921,BSc Computational Finance and Financial Technology,GE1401,MA1300,11762,CB1
921,BSc Computational Finance and Financial Technology,GE1401,MA1300,11765,TB1
921,BSc Computational Finance and Financial Technology,GE1401,GE1401,12127,T84
922,BSc Computational Finance and Financial Technology,GE1401,CB2400,10236,C03
922,BSc Computational Finance and Financial Technology,GE1401,CS1102,10283,C01
922,BSc Computational Finance and Financial Technology,GE1401,MA1300,10342,CA1
922,BSc Computational Finance and Financial Technology,GE1401,GE1401,10722,T55
922,BSc Computational Finance and Financial Technology,GE1401,MA1300,11763,TA1
922,BSc Computational Finance and Financial Technology,GE1401,CS1102,12393,L09
923,BSc Computational Finance and Financial Technology,GE1401,CB2400,10235,C02
923,BSc Computational Finance and Financial Technology,GE1401,GE1401,10722,T55
923,BSc Computational Finance and Financial Technology,GE1401,CS1102,10779,LB8
923,BSc Computational Finance and Financial Technology,GE1401,CS1102,11711,CB1
923,BSc Computational Finance and Financial Technology,GE1401,MA1300,11762,CB1
923,BSc Computational Finance and Financial Technology,GE1401,MA1300,11765,TB1
924,BSc Computational Finance and Financial Technology,GE1401,CB2400,10236,C03
924,BSc Computational Finance and Financial Technology,GE1401,GE1401,11499,T85
924,BSc Computational Finance and Financial Technology,GE1401,CS1102,11712,CB2
924,BSc Computational Finance and Financial Technology,GE1401,MA1300,11762,CB1
924,BSc Computational Finance and Financial Technology,GE1401,MA1300,11766,TB2
924,BSc Computational Finance and Financial Technology,GE1401,CS1102,12395,LB9
925,BSc Computational Finance and Financial Technology,GE1401,GE1401,10683,T06
925,BSc Computational Finance and Financial Technology,GE1401,CS1102,11710,C02
925,BSc Computational Finance and Financial Technology,GE1401,CS1102,11717,L08
925,BSc Computational Finance and Financial Technology,GE1401,MA1300,11762,CB1
925,BSc Computational Finance and Financial Technology,GE1401,MA1300,11767,TB3
925,BSc Computational Finance and Financial Technology,GE1401,CB2400,12538,C04
926,BSc Computational Finance and Financial Technology,GE1401,CS1102,11710,C02
926,BSc Computational Finance and Financial Technology,GE1401,CS1102,11717,L08
926,BSc Computational Finance and Financial Technology,GE1401,MA1300,11762,CB1
926,BSc Computational Finance and Financial Technology,GE1401,MA1300,11767,TB3
926,BSc Computational Finance and Financial Technology,GE1401,CB2400,12538,C04
926,BSc Computational Finance and Financial Technology,GE1401,GE1401,14270,TB7
927,BSc Computational Finance and Financial Technology,GE1401,MA1300,10342,CA1
927,BSc Computational Finance and Financial Technology,GE1401,MA1300,11957,TA3
927,BSc Computational Finance and Financial Technology,GE1401,GE1401,12124,T49
927,BSc Computational Finance and Financial Technology,GE1401,CS1102,13144,CC2
927,BSc Computational Finance and Financial Technology,GE1401,CS1102,13146,LC9
927,BSc Computational Finance and Financial Technology,GE1401,CB2400,13315,CB3
928,BSc Computational Finance and Financial Technology,GE1401,CS1102,10283,C01
928,BSc Computational Finance and Financial Technology,GE1401,CB2400,10840,CB2
928,BSc Computational Finance and Financial Technology,GE1401,CS1102,11715,L06
928,BSc Computational Finance and Financial Technology,GE1401,MA1300,11762,CB1
928,BSc Computational Finance and Financial Technology,GE1401,MA1300,11767,TB3
928,BSc Computational Finance and Financial Technology,GE1401,GE1401,13197,TA2
929,BSc Computational Finance and Financial Technology,GE1401,GE1401,10724,T57
929,BSc Computational Finance and Financial Technology,GE1401,CS1102,10777,LB6
929,BSc Computational Finance and Financial Technology,GE1401,CB2400,10839,CB1
929,BSc Computational Finance and Financial Technology,GE1401,CS1102,11711,CB1
929,BSc Computational Finance and Financial Technology,GE1401,MA1300,11762,CB1
929,BSc Computational Finance and Financial Technology,GE1401,MA1300,11767,TB3
930,BSc Computational Finance and Financial Technology,GE1401,CS1102,11512,CC1
930,BSc Computational Finance and Financial Technology,GE1401,CS1102,11521,LC6
930,BSc Computational Finance and Financial Technology,GE1401,MA1300,11762,CB1
930,BSc Computational Finance and Financial Technology,GE1401,MA1300,11766,TB2
930,BSc Computational Finance and Financial Technology,GE1401,CB2400,13315,CB3
930,BSc Computational Finance and Financial Technology,GE1401,GE1401,14941,TA3
931,BSc Computational Finance and Financial Technology,GE1401,MA1300,10342,CA1
931,BSc Computational Finance and Financial Technology,GE1401,GE1401,11494,T76
931,BSc Computational Finance and Financial Technology,GE1401,CS1102,11710,C02
931,BSc Computational Finance and Financial Technology,GE1401,CS1102,11717,L08
931,BSc Computational Finance and Financial Technology,GE1401,MA1300,11957,TA3
931,BSc Computational Finance and Financial Technology,GE1401,CB2400,13315,CB3
932,BSc Computational Finance and Financial Technology,GE1401,CB2400,10236,C03
932,BSc Computational Finance and Financial Technology,GE1401,MA1300,10342,CA1
932,BSc Computational Finance and Financial Technology,GE1401,CS1102,10777,LB6
932,BSc Computational Finance and Financial Technology,GE1401,GE1401,11506,T78
932,BSc Computational Finance and Financial Technology,GE1401,CS1102,11712,CB2
932,BSc Computational Finance and Financial Technology,GE1401,MA1300,11764,TA2
933,BSc Computational Finance and Financial Technology,GE1401,CB2400,10236,C03
933,BSc Computational Finance and Financial Technology,GE1401,MA1300,10342,CA1
933,BSc Computational Finance and Financial Technology,GE1401,CS1102,11710,C02
933,BSc Computational Finance and Financial Technology,GE1401,MA1300,11763,TA1
933,BSc Computational Finance and Financial Technology,GE1401,CS1102,12392,L03
933,BSc Computational Finance and Financial Technology,GE1401,GE1401,12397,T51
934,BSc Computational Finance and Financial Technology,GE1401,GE1401,10718,T50
934,BSc Computational Finance and Financial Technology,GE1401,CS1102,11710,C02
934,BSc Computational Finance and Financial Technology,GE1401,CS1102,11714,L05
934,BSc Computational Finance and Financial Technology,GE1401,MA1300,11762,CB1
934,BSc Computational Finance and Financial Technology,GE1401,MA1300,11766,TB2
934,BSc Computational Finance and Financial Technology,GE1401,CB2400,13315,CB3
935,BSc Computational Finance and Financial Technology,GE1401,MA1300,10342,CA1
935,BSc Computational Finance and Financial Technology,GE1401,GE1401,10687,T10
935,BSc Computational Finance and Financial Technology,GE1401,CS1102,10779,LB8
935,BSc Computational Finance and Financial Technology,GE1401,CS1102,11712,CB2
935,BSc Computational Finance and Financial Technology,GE1401,MA1300,11957,TA3
935,BSc Computational Finance and Financial Technology,GE1401,CB2400,13315,CB3
936,BSc Computational Finance and Financial Technology,GE1401,CS1102,11512,CC1
936,BSc Computational Finance and Financial Technology,GE1401,CS1102,11519,LC4
936,BSc Computational Finance and Financial Technology,GE1401,MA1300,11762,CB1
936,BSc Computational Finance and Financial Technology,GE1401,MA1300,11767,TB3
936,BSc Computational Finance and Financial Technology,GE1401,GE1401,12396,T46
936,BSc Computational Finance and Financial Technology,GE1401,CB2400,12540,CA4
937,BSc Computational Finance and Financial Technology,GE1401,MA1300,11762,CB1
937,BSc Computational Finance and Financial Technology,GE1401,MA1300,11767,TB3
937,BSc Computational Finance and Financial Technology,GE1401,CB2400,12538,C04
937,BSc Computational Finance and Financial Technology,GE1401,GE1401,15602,T58
937,BSc Computational Finance and Financial Technology,GE1401,CS1102,15734,LA4
937,BSc Computational Finance and Financial Technology,GE1401,CS1102,15735,CA2
938,BSc Computational Finance and Financial Technology,LC0200A,CS1102,11712,CB2
938,BSc Computational Finance and Financial Technology,LC0200A,MA1300,11762,CB1
938,BSc Computational Finance and Financial Technology,LC0200A,MA1300,11766,TB2
938,BSc Computational Finance and Financial Technology,LC0200A,LC0200A,12333,T40
938,BSc Computational Finance and Financial Technology,LC0200A,CS1102,12394,LB3
938,BSc Computational Finance and Financial Technology,LC0200A,CB2400,12538,C04
939,BSc Computational Finance and Financial Technology,LC0200A,CB2400,10235,C02
939,BSc Computational Finance and Financial Technology,LC0200A,CS1102,11710,C02
939,BSc Computational Finance and Financial Technology,LC0200A,MA1300,11762,CB1
939,BSc Computational Finance and Financial Technology,LC0200A,MA1300,11766,TB2
939,BSc Computational Finance and Financial Technology,LC0200A,CS1102,12392,L03
939,BSc Computational Finance and Financial Technology,LC0200A,LC0200A,14950,T18
940,BSc Computational Finance and Financial Technology,LC0200A,LC0200A,10892,T24
940,BSc Computational Finance and Financial Technology,LC0200A,CS1102,11710,C02
940,BSc Computational Finance and Financial Technology,LC0200A,CS1102,11716,L07
940,BSc Computational Finance and Financial Technology,LC0200A,MA1300,11762,CB1
940,BSc Computational Finance and Financial Technology,LC0200A,MA1300,11765,TB1
940,BSc Computational Finance and Financial Technology,LC0200A,CB2400,13315,CB3
941,BSc Computational Finance and Financial Technology,LC0200A,MA1300,10342,CA1
941,BSc Computational Finance and Financial Technology,LC0200A,CB2400,10840,CB2
941,BSc Computational Finance and Financial Technology,LC0200A,LC0200A,10886,T17
941,BSc Computational Finance and Financial Technology,LC0200A,MA1300,11764,TA2
941,BSc Computational Finance and Financial Technology,LC0200A,CS1102,15734,LA4
941,BSc Computational Finance and Financial Technology,LC0200A,CS1102,15735,CA2
942,BSc Computational Finance and Financial Technology,LC0200A,CB2400,10840,CB2
942,BSc Computational Finance and Financial Technology,LC0200A,LC0200A,10892,T24
942,BSc Computational Finance and Financial Technology,LC0200A,CS1102,11710,C02
942,BSc Computational Finance and Financial Technology,LC0200A,MA1300,12244,C01
942,BSc Computational Finance and Financial Technology,LC0200A,MA1300,12246,T02
942,BSc Computational Finance and Financial Technology,LC0200A,CS1102,12393,L09
943,BSc Computational Finance and Financial Technology,LC0200A,MA1300,10342,CA1
943,BSc Computational Finance and Financial Technology,LC0200A,CB2400,10840,CB2
943,BSc Computational Finance and Financial Technology,LC0200A,LC0200A,10876,T07
943,BSc Computational Finance and Financial Technology,LC0200A,CS1102,11710,C02
943,BSc Computational Finance and Financial Technology,LC0200A,CS1102,11713,L04
943,BSc Computational Finance and Financial Technology,LC0200A,MA1300,11763,TA1
944,BSc Computational Finance and Financial Technology,LC0200A,CB2400,10236,C03
944,BSc Computational Finance and Financial Technology,LC0200A,LC0200A,10895,T27
944,BSc Computational Finance and Financial Technology,LC0200A,CS1102,11512,CC1
944,BSc Computational Finance and Financial Technology,LC0200A,MA1300,11762,CB1
944,BSc Computational Finance and Financial Technology,LC0200A,MA1300,11767,TB3
944,BSc Computational Finance and Financial Technology,LC0200A,CS1102,13146,LC9
945,BSc Computational Finance and Financial Technology,LC0200A,CS1102,10283,C01
945,BSc Computational Finance and Financial Technology,LC0200A,MA1300,10342,CA1
945,BSc Computational Finance and Financial Technology,LC0200A,CB2400,10840,CB2
945,BSc Computational Finance and Financial Technology,LC0200A,LC0200A,10882,T13
945,BSc Computational Finance and Financial Technology,LC0200A,MA1300,11764,TA2
945,BSc Computational Finance and Financial Technology,LC0200A,CS1102,12764,L01
946,BSc Computational Finance and Financial Technology,LC0200A,MA1300,10342,CA1
946,BSc Computational Finance and Financial Technology,LC0200A,CS1102,10776,LB5
946,BSc Computational Finance and Financial Technology,LC0200A,CS1102,11711,CB1
946,BSc Computational Finance and Financial Technology,LC0200A,MA1300,11957,TA3
946,BSc Computational Finance and Financial Technology,LC0200A,LC0200A,11975,T35
946,BSc Computational Finance and Financial Technology,LC0200A,CB2400,13315,CB3
947,BSc Computational Finance and Financial Technology,LC0200A,CB2400,10236,C03
947,BSc Computational Finance and Financial Technology,LC0200A,CS1102,10283,C01
947,BSc Computational Finance and Financial Technology,LC0200A,MA1300,10342,CA1
947,BSc Computational Finance and Financial Technology,LC0200A,LC0200A,11449,T34
947,BSc Computational Finance and Financial Technology,LC0200A,CS1102,11717,L08
947,BSc Computational Finance and Financial Technology,LC0200A,MA1300,11764,TA2
948,BSc Computational Finance and Financial Technology,LC0200A,MA1300,10342,CA1
948,BSc Computational Finance and Financial Technology,LC0200A,LC0200A,10885,T16
948,BSc Computational Finance and Financial Technology,LC0200A,MA1300,11763,TA1
948,BSc Computational Finance and Financial Technology,LC0200A,CB2400,12538,C04
948,BSc Computational Finance and Financial Technology,LC0200A,CS1102,13144,CC2
948,BSc Computational Finance and Financial Technology,LC0200A,CS1102,13728,LC7
949,BSc Computational Finance and Financial Technology,LC0200A,MA1300,10342,CA1
949,BSc Computational Finance and Financial Technology,LC0200A,CS1102,10541,CA1
949,BSc Computational Finance and Financial Technology,LC0200A,LC0200A,10889,T21
949,BSc Computational Finance and Financial Technology,LC0200A,MA1300,11763,TA1
949,BSc Computational Finance and Financial Technology,LC0200A,CB2400,12538,C04
949,BSc Computational Finance and Financial Technology,LC0200A,CS1102,12765,LA3
950,BSc Computational Finance and Financial Technology,LC0200A,CB2400,10235,C02
950,BSc Computational Finance and Financial Technology,LC0200A,CS1102,10776,LB5
950,BSc Computational Finance and Financial Technology,LC0200A,LC0200A,10877,T08
950,BSc Computational Finance and Financial Technology,LC0200A,CS1102,11711,CB1
950,BSc Computational Finance and Financial Technology,LC0200A,MA1300,11762,CB1
950,BSc Computational Finance and Financial Technology,LC0200A,MA1300,11766,TB2
951,BSc Computational Finance and Financial Technology,LC0200A,CS1102,10283,C01
951,BSc Computational Finance and Financial Technology,LC0200A,MA1300,10342,CA1
951,BSc Computational Finance and Financial Technology,LC0200A,LC0200A,10889,T21
951,BSc Computational Finance and Financial Technology,LC0200A,CS1102,11714,L05
951,BSc Computational Finance and Financial Technology,LC0200A,MA1300,11763,TA1
951,BSc Computational Finance and Financial Technology,LC0200A,CB2400,13315,CB3
952,BSc Computational Finance and Financial Technology,LC0200A,CS1102,10775,LB4
952,BSc Computational Finance and Financial Technology,LC0200A,CB2400,10840,CB2
952,BSc Computational Finance and Financial Technology,LC0200A,LC0200A,10892,T24
952,BSc Computational Finance and Financial Technology,LC0200A,CS1102,11711,CB1
952,BSc Computational Finance and Financial Technology,LC0200A,MA1300,11762,CB1
952,BSc Computational Finance and Financial Technology,LC0200A,MA1300,11765,TB1
953,BSc Computational Finance and Financial Technology,LC0200A,CB2400,10236,C03
953,BSc Computational Finance and Financial Technology,LC0200A,LC0200A,11173,T33
953,BSc Computational Finance and Financial Technology,LC0200A,CS1102,11710,C02
953,BSc Computational Finance and Financial Technology,LC0200A,MA1300,11762,CB1
953,BSc Computational Finance and Financial Technology,LC0200A,MA1300,11766,TB2
953,BSc Computational Finance and Financial Technology,LC0200A,CS1102,12392,L03
954,BSc Computational Finance and Financial Technology,LC0200A,CS1102,10777,LB6
954,BSc Computational Finance and Financial Technology,LC0200A,CB2400,10840,CB2
954,BSc Computational Finance and Financial Technology,LC0200A,LC0200A,10894,T26
954,BSc Computational Finance and Financial Technology,LC0200A,CS1102,11711,CB1
954,BSc Computational Finance and Financial Technology,LC0200A,MA1300,11762,CB1
954,BSc Computational Finance and Financial Technology,LC0200A,MA1300,11766,TB2
955,BSc Computational Finance and Financial Technology,LC0200A,CS1102,11710,C02
955,BSc Computational Finance and Financial Technology,LC0200A,CS1102,11714,L05
955,BSc Computational Finance and Financial Technology,LC0200A,MA1300,11762,CB1
955,BSc Computational Finance and Financial Technology,LC0200A,MA1300,11766,TB2
955,BSc Computational Finance and Financial Technology,LC0200A,LC0200A,12333,T40
955,BSc Computational Finance and Financial Technology,LC0200A,CB2400,13315,CB3
956,BSc Computer Science,GE1401,CS2115,10405,C01
956,BSc Computer Science,GE1401,CS2115,10406,T01
956,BSc Computer Science,GE1401,GE1401,11493,T75
956,BSc Computer Science,GE1401,MA1508,13680,CB1
956,BSc Computer Science,GE1401,MA1508,13681,TB1
956,BSc Computer Science,GE1401,CS1302A,15568,C01
956,BSc Computer Science,GE1401,CS1302A,15575,T03
957,BSc Computer Science,GE1401,CS2115,10405,C01
957,BSc Computer Science,GE1401,GE1401,10719,T52
957,BSc Computer Science,GE1401,MA1508,13680,CB1
957,BSc Computer Science,GE1401,MA1508,13681,TB1
957,BSc Computer Science,GE1401,CS2115,15055,T04
957,BSc Computer Science,GE1401,CS1302A,15568,C01
957,BSc Computer Science,GE1401,CS1302A,15573,T02
958,BSc Computer Science,GE1401,GE1401,10707,T32
958,BSc Computer Science,GE1401,CS2115,11251,CB1
958,BSc Computer Science,GE1401,CS2115,11252,TB2
958,BSc Computer Science,GE1401,MA1508,13680,CB1
958,BSc Computer Science,GE1401,MA1508,13681,TB1
958,BSc Computer Science,GE1401,CS1302A,15569,CA1
958,BSc Computer Science,GE1401,CS1302A,15572,TA1
959,BSc Computer Science,GE1401,CS2115,10405,C01
959,BSc Computer Science,GE1401,CS2115,10406,T01
959,BSc Computer Science,GE1401,GE1401,10721,T54
959,BSc Computer Science,GE1401,MA1508,13680,CB1
959,BSc Computer Science,GE1401,MA1508,13681,TB1
959,BSc Computer Science,GE1401,CS1302A,15568,C01
959,BSc Computer Science,GE1401,CS1302A,15570,T01
960,BSc Computer Science,GE1401,CS2115,10405,C01
960,BSc Computer Science,GE1401,CS2115,10408,T03
960,BSc Computer Science,GE1401,GE1401,12122,T35
960,BSc Computer Science,GE1401,MA1508,13680,CB1
960,BSc Computer Science,GE1401,MA1508,13681,TB1
960,BSc Computer Science,GE1401,CS1302A,15568,C01
960,BSc Computer Science,GE1401,CS1302A,15575,T03
961,BSc Computer Science,GE1401,CS2115,10405,C01
961,BSc Computer Science,GE1401,MA1508,11511,CA1
961,BSc Computer Science,GE1401,MA1508,11709,TA1
961,BSc Computer Science,GE1401,GE1401,12121,T33
961,BSc Computer Science,GE1401,CS2115,15055,T04
961,BSc Computer Science,GE1401,CS1302A,15568,C01
961,BSc Computer Science,GE1401,CS1302A,15575,T03
962,BSc Computer Science,GE1401,CS2115,10405,C01
962,BSc Computer Science,GE1401,GE1401,10726,T59
962,BSc Computer Science,GE1401,MA1508,11511,CA1
962,BSc Computer Science,GE1401,MA1508,11709,TA1
962,BSc Computer Science,GE1401,CS2115,15055,T04
962,BSc Computer Science,GE1401,CS1302A,15568,C01
962,BSc Computer Science,GE1401,CS1302A,15575,T03
963,BSc Computer Science,GE1401,CS2115,10405,C01
963,BSc Computer Science,GE1401,MA1508,13680,CB1
963,BSc Computer Science,GE1401,MA1508,13681,TB1
963,BSc Computer Science,GE1401,CS2115,15055,T04
963,BSc Computer Science,GE1401,CS1302A,15568,C01
963,BSc Computer Science,GE1401,CS1302A,15573,T02
963,BSc Computer Science,GE1401,GE1401,15601,T28
964,BSc Computer Science,GE1401,CS2115,10405,C01
964,BSc Computer Science,GE1401,CS2115,10408,T03
964,BSc Computer Science,GE1401,GE1401,10711,T38
964,BSc Computer Science,GE1401,MA1508,13680,CB1
964,BSc Computer Science,GE1401,MA1508,13681,TB1
964,BSc Computer Science,GE1401,CS1302A,15568,C01
964,BSc Computer Science,GE1401,CS1302A,15575,T03
965,BSc Computer Science,GE1401,CS2115,11251,CB1
965,BSc Computer Science,GE1401,CS2115,11253,TB3
965,BSc Computer Science,GE1401,GE1401,13577,TB6
965,BSc Computer Science,GE1401,MA1508,13680,CB1
965,BSc Computer Science,GE1401,MA1508,13681,TB1
965,BSc Computer Science,GE1401,CS1302A,15568,C01
965,BSc Computer Science,GE1401,CS1302A,15573,T02
966,BSc Computer Science,GE1401,GE1401,10719,T52
966,BSc Computer Science,GE1401,CS2115,11251,CB1
966,BSc Computer Science,GE1401,MA1508,13680,CB1
966,BSc Computer Science,GE1401,MA1508,13681,TB1
966,BSc Computer Science,GE1401,CS2115,15275,TB4
966,BSc Computer Science,GE1401,CS1302A,15568,C01
966,BSc Computer Science,GE1401,CS1302A,15575,T03
967,BSc Computer Science,GE1401,CS2115,11251,CB1
967,BSc Computer Science,GE1401,CS2115,11254,TB1
967,BSc Computer Science,GE1401,MA1508,13680,CB1
967,BSc Computer Science,GE1401,MA1508,13681,TB1
967,BSc Computer Science,GE1401,GE1401,15183,TC4
967,BSc Computer Science,GE1401,CS1302A,15569,CA1
967,BSc Computer Science,GE1401,CS1302A,15572,TA1
968,BSc Computer Science,GE1401,GE1401,10721,T54
968,BSc Computer Science,GE1401,CS2115,11251,CB1
968,BSc Computer Science,GE1401,MA1508,13680,CB1
968,BSc Computer Science,GE1401,MA1508,13681,TB1
968,BSc Computer Science,GE1401,CS2115,15275,TB4
968,BSc Computer Science,GE1401,CS1302A,15568,C01
968,BSc Computer Science,GE1401,CS1302A,15573,T02
969,BSc Computer Science,GE1401,CS2115,10405,C01
969,BSc Computer Science,GE1401,GE1401,12126,T67
969,BSc Computer Science,GE1401,MA1508,13680,CB1
969,BSc Computer Science,GE1401,MA1508,13681,TB1
969,BSc Computer Science,GE1401,CS2115,15055,T04
969,BSc Computer Science,GE1401,CS1302A,15568,C01
969,BSc Computer Science,GE1401,CS1302A,15570,T01
970,BSc Computer Science,GE1401,CS2115,10405,C01
970,BSc Computer Science,GE1401,CS2115,10406,T01
970,BSc Computer Science,GE1401,GE1401,12119,T18
970,BSc Computer Science,GE1401,MA1508,13680,CB1
970,BSc Computer Science,GE1401,MA1508,13681,TB1
970,BSc Computer Science,GE1401,CS1302A,15568,C01
970,BSc Computer Science,GE1401,CS1302A,15570,T01
971,BSc Computer Science,GE1401,CS2115,10405,C01
971,BSc Computer Science,GE1401,GE1401,10689,T12
971,BSc Computer Science,GE1401,MA1508,13680,CB1
971,BSc Computer Science,GE1401,MA1508,13681,TB1
971,BSc Computer Science,GE1401,CS2115,15274,T05
971,BSc Computer Science,GE1401,CS1302A,15568,C01
971,BSc Computer Science,GE1401,CS1302A,15573,T02
972,BSc Computer Science,GE1401,GE1401,12119,T18
972,BSc Computer Science,GE1401,CS2115,12767,CA1
972,BSc Computer Science,GE1401,CS2115,12768,TA1
972,BSc Computer Science,GE1401,MA1508,13680,CB1
972,BSc Computer Science,GE1401,MA1508,13681,TB1
972,BSc Computer Science,GE1401,CS1302A,15568,C01
972,BSc Computer Science,GE1401,CS1302A,15573,T02
973,BSc Computer Science,GE1401,CS2115,10405,C01
973,BSc Computer Science,GE1401,CS2115,10406,T01
973,BSc Computer Science,GE1401,GE1401,10690,T13
973,BSc Computer Science,GE1401,MA1508,13680,CB1
973,BSc Computer Science,GE1401,MA1508,13681,TB1
973,BSc Computer Science,GE1401,CS1302A,15568,C01
973,BSc Computer Science,GE1401,CS1302A,15575,T03
974,BSc Computer Science,GE1401,CS2115,10405,C01
974,BSc Computer Science,GE1401,CS2115,10406,T01
974,BSc Computer Science,GE1401,GE1401,10697,T21
974,BSc Computer Science,GE1401,MA1508,13680,CB1
974,BSc Computer Science,GE1401,MA1508,13681,TB1
974,BSc Computer Science,GE1401,CS1302A,15569,CA1
974,BSc Computer Science,GE1401,CS1302A,15572,TA1
975,BSc Computer Science,GE1401,CS2115,10405,C01
975,BSc Computer Science,GE1401,MA1508,13680,CB1
975,BSc Computer Science,GE1401,MA1508,13681,TB1
975,BSc Computer Science,GE1401,GE1401,14941,TA3
975,BSc Computer Science,GE1401,CS2115,15274,T05
975,BSc Computer Science,GE1401,CS1302A,15569,CA1
975,BSc Computer Science,GE1401,CS1302A,15572,TA1
976,BSc Computer Science,GE1401,CS2115,10405,C01
976,BSc Computer Science,GE1401,CS2115,10407,T02
976,BSc Computer Science,GE1401,GE1401,11498,T83
976,BSc Computer Science,GE1401,MA1508,13680,CB1
976,BSc Computer Science,GE1401,MA1508,13681,TB1
976,BSc Computer Science,GE1401,CS1302A,15568,C01
976,BSc Computer Science,GE1401,CS1302A,15575,T03
977,BSc Computer Science,GE1401,CS2115,10405,C01
977,BSc Computer Science,GE1401,GE1401,11505,T93
977,BSc Computer Science,GE1401,MA1508,11511,CA1
977,BSc Computer Science,GE1401,MA1508,11709,TA1
977,BSc Computer Science,GE1401,CS2115,15055,T04
977,BSc Computer Science,GE1401,CS1302A,15568,C01
977,BSc Computer Science,GE1401,CS1302A,15575,T03
978,BSc Computer Science,GE1401,CS2115,11251,CB1
978,BSc Computer Science,GE1401,CS2115,11253,TB3
978,BSc Computer Science,GE1401,GE1401,12735,T74
978,BSc Computer Science,GE1401,MA1508,13680,CB1
978,BSc Computer Science,GE1401,MA1508,13681,TB1
978,BSc Computer Science,GE1401,CS1302A,15568,C01
978,BSc Computer Science,GE1401,CS1302A,15575,T03
979,BSc Computer Science,GE1401,GE1401,11503,T89
979,BSc Computer Science,GE1401,CS2115,12767,CA1
979,BSc Computer Science,GE1401,CS2115,12768,TA1
979,BSc Computer Science,GE1401,MA1508,13680,CB1
979,BSc Computer Science,GE1401,MA1508,13681,TB1
979,BSc Computer Science,GE1401,CS1302A,15568,C01
979,BSc Computer Science,GE1401,CS1302A,15570,T01
980,BSc Computer Science,GE1401,CS2115,10405,C01
980,BSc Computer Science,GE1401,GE1401,10685,T08
980,BSc Computer Science,GE1401,MA1508,11511,CA1
980,BSc Computer Science,GE1401,MA1508,11709,TA1
980,BSc Computer Science,GE1401,CS2115,15055,T04
980,BSc Computer Science,GE1401,CS1302A,15568,C01
980,BSc Computer Science,GE1401,CS1302A,15575,T03
981,BSc Computer Science,GE1401,CS2115,10405,C01
981,BSc Computer Science,GE1401,CS2115,10406,T01
981,BSc Computer Science,GE1401,GE1401,10697,T21
981,BSc Computer Science,GE1401,MA1508,13680,CB1
981,BSc Computer Science,GE1401,MA1508,13681,TB1
981,BSc Computer Science,GE1401,CS1302A,15568,C01
981,BSc Computer Science,GE1401,CS1302A,15575,T03
982,BSc Computer Science,GE1401,CS2115,10405,C01
982,BSc Computer Science,GE1401,CS2115,10407,T02
982,BSc Computer Science,GE1401,GE1401,11495,T77
982,BSc Computer Science,GE1401,MA1508,13680,CB1
982,BSc Computer Science,GE1401,MA1508,13681,TB1
982,BSc Computer Science,GE1401,CS1302A,15568,C01
982,BSc Computer Science,GE1401,CS1302A,15570,T01
983,BSc Computer Science,GE1401,CS2115,10405,C01
983,BSc Computer Science,GE1401,CS2115,10408,T03
983,BSc Computer Science,GE1401,GE1401,11499,T85
983,BSc Computer Science,GE1401,MA1508,13680,CB1
983,BSc Computer Science,GE1401,MA1508,13681,TB1
983,BSc Computer Science,GE1401,CS1302A,15568,C01
983,BSc Computer Science,GE1401,CS1302A,15573,T02
984,BSc Computer Science,GE1401,CS2115,10405,C01
984,BSc Computer Science,GE1401,MA1508,11511,CA1
984,BSc Computer Science,GE1401,MA1508,11709,TA1
984,BSc Computer Science,GE1401,GE1401,13570,T98
984,BSc Computer Science,GE1401,CS2115,15055,T04
984,BSc Computer Science,GE1401,CS1302A,15568,C01
984,BSc Computer Science,GE1401,CS1302A,15575,T03
985,BSc Computer Science,GE1401,CS2115,10405,C01
985,BSc Computer Science,GE1401,GE1401,11506,T78
985,BSc Computer Science,GE1401,MA1508,13680,CB1
985,BSc Computer Science,GE1401,MA1508,13681,TB1
985,BSc Computer Science,GE1401,CS2115,15274,T05
985,BSc Computer Science,GE1401,CS1302A,15568,C01
985,BSc Computer Science,GE1401,CS1302A,15570,T01
986,BSc Computer Science,GE1401,CS2115,10405,C01
986,BSc Computer Science,GE1401,CS2115,10406,T01
986,BSc Computer Science,GE1401,GE1401,12122,T35
986,BSc Computer Science,GE1401,MA1508,13680,CB1
986,BSc Computer Science,GE1401,MA1508,13681,TB1
986,BSc Computer Science,GE1401,CS1302A,15568,C01
986,BSc Computer Science,GE1401,CS1302A,15575,T03
987,BSc Computer Science,GE1401,CS2115,10405,C01
987,BSc Computer Science,GE1401,CS2115,10406,T01
987,BSc Computer Science,GE1401,GE1401,11505,T93
987,BSc Computer Science,GE1401,MA1508,13680,CB1
987,BSc Computer Science,GE1401,MA1508,13681,TB1
987,BSc Computer Science,GE1401,CS1302A,15568,C01
987,BSc Computer Science,GE1401,CS1302A,15573,T02
988,BSc Computer Science,GE1401,CS2115,10405,C01
988,BSc Computer Science,GE1401,CS2115,10406,T01
988,BSc Computer Science,GE1401,GE1401,10693,T16
988,BSc Computer Science,GE1401,MA1508,13680,CB1
988,BSc Computer Science,GE1401,MA1508,13681,TB1
988,BSc Computer Science,GE1401,CS1302A,15568,C01
988,BSc Computer Science,GE1401,CS1302A,15570,T01
989,BSc Computer Science,GE1401,CS2115,11251,CB1
989,BSc Computer Science,GE1401,MA1508,13680,CB1
989,BSc Computer Science,GE1401,MA1508,13681,TB1
989,BSc Computer Science,GE1401,CS2115,15276,TB5
989,BSc Computer Science,GE1401,CS1302A,15568,C01
989,BSc Computer Science,GE1401,CS1302A,15573,T02
989,BSc Computer Science,GE1401,GE1401,15603,T73
990,BSc Computer Science,GE1401,CS2115,10405,C01
990,BSc Computer Science,GE1401,CS2115,10408,T03
990,BSc Computer Science,GE1401,GE1401,10683,T06
990,BSc Computer Science,GE1401,MA1508,13680,CB1
990,BSc Computer Science,GE1401,MA1508,13681,TB1
990,BSc Computer Science,GE1401,CS1302A,15568,C01
990,BSc Computer Science,GE1401,CS1302A,15573,T02
991,BSc Computer Science,GE1401,CS2115,10405,C01
991,BSc Computer Science,GE1401,MA1508,13680,CB1
991,BSc Computer Science,GE1401,MA1508,13681,TB1
991,BSc Computer Science,GE1401,GE1401,15206,TC6
991,BSc Computer Science,GE1401,CS2115,15274,T05
991,BSc Computer Science,GE1401,CS1302A,15568,C01
991,BSc Computer Science,GE1401,CS1302A,15573,T02
992,BSc Computer Science,GE1401,CS2115,10405,C01
992,BSc Computer Science,GE1401,GE1401,10721,T54
992,BSc Computer Science,GE1401,MA1508,13680,CB1
992,BSc Computer Science,GE1401,MA1508,13681,TB1
992,BSc Computer Science,GE1401,CS2115,15274,T05
992,BSc Computer Science,GE1401,CS1302A,15568,C01
992,BSc Computer Science,GE1401,CS1302A,15570,T01
993,BSc Computer Science,GE1401,CS2115,10405,C01
993,BSc Computer Science,GE1401,CS2115,10408,T03
993,BSc Computer Science,GE1401,GE1401,11495,T77
993,BSc Computer Science,GE1401,MA1508,13680,CB1
993,BSc Computer Science,GE1401,MA1508,13681,TB1
993,BSc Computer Science,GE1401,CS1302A,15568,C01
993,BSc Computer Science,GE1401,CS1302A,15573,T02
994,BSc Computer Science,GE1401,CS2115,10405,C01
994,BSc Computer Science,GE1401,MA1508,11511,CA1
994,BSc Computer Science,GE1401,MA1508,11709,TA1
994,BSc Computer Science,GE1401,CS2115,15274,T05
994,BSc Computer Science,GE1401,CS1302A,15568,C01
994,BSc Computer Science,GE1401,CS1302A,15573,T02
994,BSc Computer Science,GE1401,GE1401,15603,T73
995,BSc Computer Science,GE1401,CS2115,10405,C01
995,BSc Computer Science,GE1401,CS2115,10408,T03
995,BSc Computer Science,GE1401,GE1401,10698,T22
995,BSc Computer Science,GE1401,MA1508,13680,CB1
995,BSc Computer Science,GE1401,MA1508,13681,TB1
995,BSc Computer Science,GE1401,CS1302A,15568,C01
995,BSc Computer Science,GE1401,CS1302A,15573,T02
996,BSc Computer Science,GE1401,CS2115,10405,C01
996,BSc Computer Science,GE1401,GE1401,10711,T38
996,BSc Computer Science,GE1401,MA1508,11511,CA1
996,BSc Computer Science,GE1401,MA1508,11709,TA1
996,BSc Computer Science,GE1401,CS2115,15055,T04
996,BSc Computer Science,GE1401,CS1302A,15568,C01
996,BSc Computer Science,GE1401,CS1302A,15575,T03
997,BSc Computer Science,GE1401,CS2115,10405,C01
997,BSc Computer Science,GE1401,GE1401,12398,T70
997,BSc Computer Science,GE1401,MA1508,13680,CB1
997,BSc Computer Science,GE1401,MA1508,13681,TB1
997,BSc Computer Science,GE1401,CS2115,15274,T05
997,BSc Computer Science,GE1401,CS1302A,15568,C01
997,BSc Computer Science,GE1401,CS1302A,15570,T01
998,BSc Computer Science,GE1401,CS2115,10405,C01
998,BSc Computer Science,GE1401,CS2115,10408,T03
998,BSc Computer Science,GE1401,MA1508,13680,CB1
998,BSc Computer Science,GE1401,MA1508,13681,TB1
998,BSc Computer Science,GE1401,CS1302A,15568,C01
998,BSc Computer Science,GE1401,CS1302A,15575,T03
998,BSc Computer Science,GE1401,GE1401,15602,T58
999,BSc Computer Science,GE1401,CS2115,10405,C01
999,BSc Computer Science,GE1401,CS2115,10406,T01
999,BSc Computer Science,GE1401,GE1401,10729,T63
999,BSc Computer Science,GE1401,MA1508,13680,CB1
999,BSc Computer Science,GE1401,MA1508,13681,TB1
999,BSc Computer Science,GE1401,CS1302A,15568,C01
999,BSc Computer Science,GE1401,CS1302A,15573,T02
1000,BSc Computer Science,GE1401,CS2115,10405,C01
1000,BSc Computer Science,GE1401,GE1401,13572,TB1
1000,BSc Computer Science,GE1401,MA1508,13680,CB1
1000,BSc Computer Science,GE1401,MA1508,13681,TB1
1000,BSc Computer Science,GE1401,CS2115,15274,T05
1000,BSc Computer Science,GE1401,CS1302A,15568,C01
1000,BSc Computer Science,GE1401,CS1302A,15570,T01
1001,BSc Computer Science,GE1401,CS2115,10405,C01
1001,BSc Computer Science,GE1401,CS2115,10407,T02
1001,BSc Computer Science,GE1401,GE1401,11503,T89
1001,BSc Computer Science,GE1401,MA1508,13680,CB1
1001,BSc Computer Science,GE1401,MA1508,13681,TB1
1001,BSc Computer Science,GE1401,CS1302A,15568,C01
1001,BSc Computer Science,GE1401,CS1302A,15570,T01
1002,BSc Computer Science,GE1401,CS2115,12767,CA1
1002,BSc Computer Science,GE1401,CS2115,12768,TA1
1002,BSc Computer Science,GE1401,GE1401,13573,TB2
1002,BSc Computer Science,GE1401,MA1508,13680,CB1
1002,BSc Computer Science,GE1401,MA1508,13681,TB1
1002,BSc Computer Science,GE1401,CS1302A,15568,C01
1002,BSc Computer Science,GE1401,CS1302A,15573,T02
1003,BSc Computer Science,GE1401,CS2115,10405,C01
1003,BSc Computer Science,GE1401,CS2115,10406,T01
1003,BSc Computer Science,GE1401,GE1401,13573,TB2
1003,BSc Computer Science,GE1401,MA1508,13680,CB1
1003,BSc Computer Science,GE1401,MA1508,13681,TB1
1003,BSc Computer Science,GE1401,CS1302A,15568,C01
1003,BSc Computer Science,GE1401,CS1302A,15573,T02
1004,BSc Computer Science,GE1401,GE1401,10718,T50
1004,BSc Computer Science,GE1401,CS2115,12767,CA1
1004,BSc Computer Science,GE1401,CS2115,12768,TA1
1004,BSc Computer Science,GE1401,MA1508,13680,CB1
1004,BSc Computer Science,GE1401,MA1508,13681,TB1
1004,BSc Computer Science,GE1401,CS1302A,15568,C01
1004,BSc Computer Science,GE1401,CS1302A,15573,T02
1005,BSc Computer Science,GE1401,GE1401,10702,T27
1005,BSc Computer Science,GE1401,CS2115,12767,CA1
1005,BSc Computer Science,GE1401,CS2115,12768,TA1
1005,BSc Computer Science,GE1401,MA1508,13680,CB1
1005,BSc Computer Science,GE1401,MA1508,13681,TB1
1005,BSc Computer Science,GE1401,CS1302A,15569,CA1
1005,BSc Computer Science,GE1401,CS1302A,15572,TA1
1006,BSc Computer Science,GE1401,CS2115,10405,C01
1006,BSc Computer Science,GE1401,CS2115,10408,T03
1006,BSc Computer Science,GE1401,GE1401,10718,T50
1006,BSc Computer Science,GE1401,MA1508,13680,CB1
1006,BSc Computer Science,GE1401,MA1508,13681,TB1
1006,BSc Computer Science,GE1401,CS1302A,15568,C01
1006,BSc Computer Science,GE1401,CS1302A,15575,T03
1007,BSc Computer Science,GE1401,CS2115,10405,C01
1007,BSc Computer Science,GE1401,MA1508,11511,CA1
1007,BSc Computer Science,GE1401,MA1508,11709,TA1
1007,BSc Computer Science,GE1401,GE1401,12124,T49
1007,BSc Computer Science,GE1401,CS2115,15055,T04
1007,BSc Computer Science,GE1401,CS1302A,15568,C01
1007,BSc Computer Science,GE1401,CS1302A,15575,T03
1008,BSc Computer Science,GE1401,CS2115,10405,C01
1008,BSc Computer Science,GE1401,GE1401,13570,T98
1008,BSc Computer Science,GE1401,MA1508,13680,CB1
1008,BSc Computer Science,GE1401,MA1508,13681,TB1
1008,BSc Computer Science,GE1401,CS2115,15274,T05
1008,BSc Computer Science,GE1401,CS1302A,15568,C01
1008,BSc Computer Science,GE1401,CS1302A,15570,T01
1009,BSc Computer Science,GE1401,CS2115,10405,C01
1009,BSc Computer Science,GE1401,CS2115,10408,T03
1009,BSc Computer Science,GE1401,MA1508,13680,CB1
1009,BSc Computer Science,GE1401,MA1508,13681,TB1
1009,BSc Computer Science,GE1401,CS1302A,15568,C01
1009,BSc Computer Science,GE1401,CS1302A,15575,T03
1009,BSc Computer Science,GE1401,GE1401,15602,T58
1010,BSc Computer Science,GE1401,CS2115,10405,C01
1010,BSc Computer Science,GE1401,CS2115,10408,T03
1010,BSc Computer Science,GE1401,GE1401,10694,T17
1010,BSc Computer Science,GE1401,MA1508,13680,CB1
1010,BSc Computer Science,GE1401,MA1508,13681,TB1
1010,BSc Computer Science,GE1401,CS1302A,15568,C01
1010,BSc Computer Science,GE1401,CS1302A,15573,T02
1011,BSc Computer Science,GE1401,CS2115,10405,C01
1011,BSc Computer Science,GE1401,CS2115,10408,T03
1011,BSc Computer Science,GE1401,GE1401,12735,T74
1011,BSc Computer Science,GE1401,MA1508,13680,CB1
1011,BSc Computer Science,GE1401,MA1508,13681,TB1
1011,BSc Computer Science,GE1401,CS1302A,15568,C01
1011,BSc Computer Science,GE1401,CS1302A,15573,T02
1012,BSc Computer Science,GE1401,CS2115,10405,C01
1012,BSc Computer Science,GE1401,CS2115,10406,T01
1012,BSc Computer Science,GE1401,GE1401,10704,T29
1012,BSc Computer Science,GE1401,MA1508,13680,CB1
1012,BSc Computer Science,GE1401,MA1508,13681,TB1
1012,BSc Computer Science,GE1401,CS1302A,15568,C01
1012,BSc Computer Science,GE1401,CS1302A,15575,T03
1013,BSc Computer Science,GE1401,GE1401,10683,T06
1013,BSc Computer Science,GE1401,CS2115,12767,CA1
1013,BSc Computer Science,GE1401,CS2115,12768,TA1
1013,BSc Computer Science,GE1401,MA1508,13680,CB1
1013,BSc Computer Science,GE1401,MA1508,13681,TB1
1013,BSc Computer Science,GE1401,CS1302A,15568,C01
1013,BSc Computer Science,GE1401,CS1302A,15570,T01
1014,BSc Computer Science,GE1401,CS2115,10405,C01
1014,BSc Computer Science,GE1401,GE1401,10694,T17
1014,BSc Computer Science,GE1401,MA1508,11511,CA1
1014,BSc Computer Science,GE1401,MA1508,11709,TA1
1014,BSc Computer Science,GE1401,CS2115,15055,T04
1014,BSc Computer Science,GE1401,CS1302A,15568,C01
1014,BSc Computer Science,GE1401,CS1302A,15575,T03
1015,BSc Computer Science,GE1401,CS2115,10405,C01
1015,BSc Computer Science,GE1401,CS2115,10408,T03
1015,BSc Computer Science,GE1401,GE1401,12122,T35
1015,BSc Computer Science,GE1401,MA1508,13680,CB1
1015,BSc Computer Science,GE1401,MA1508,13681,TB1
1015,BSc Computer Science,GE1401,CS1302A,15568,C01
1015,BSc Computer Science,GE1401,CS1302A,15573,T02
1016,BSc Computer Science,GE1401,CS2115,10405,C01
1016,BSc Computer Science,GE1401,MA1508,13680,CB1
1016,BSc Computer Science,GE1401,MA1508,13681,TB1
1016,BSc Computer Science,GE1401,CS2115,15274,T05
1016,BSc Computer Science,GE1401,CS1302A,15568,C01
1016,BSc Computer Science,GE1401,CS1302A,15573,T02
1016,BSc Computer Science,GE1401,GE1401,15603,T73
1017,BSc Computer Science,GE1401,CS2115,10405,C01
1017,BSc Computer Science,GE1401,CS2115,10408,T03
1017,BSc Computer Science,GE1401,GE1401,10688,T11
1017,BSc Computer Science,GE1401,MA1508,13680,CB1
1017,BSc Computer Science,GE1401,MA1508,13681,TB1
1017,BSc Computer Science,GE1401,CS1302A,15568,C01
1017,BSc Computer Science,GE1401,CS1302A,15575,T03
1018,BSc Computer Science,GE1401,GE1401,11070,TA1
1018,BSc Computer Science,GE1401,CS2115,11251,CB1
1018,BSc Computer Science,GE1401,CS2115,11253,TB3
1018,BSc Computer Science,GE1401,MA1508,13680,CB1
1018,BSc Computer Science,GE1401,MA1508,13681,TB1
1018,BSc Computer Science,GE1401,CS1302A,15568,C01
1018,BSc Computer Science,GE1401,CS1302A,15575,T03
1019,BSc Computer Science,GE1401,CS2115,10405,C01
1019,BSc Computer Science,GE1401,CS2115,10407,T02
1019,BSc Computer Science,GE1401,GE1401,10690,T13
1019,BSc Computer Science,GE1401,MA1508,13680,CB1
1019,BSc Computer Science,GE1401,MA1508,13681,TB1
1019,BSc Computer Science,GE1401,CS1302A,15568,C01
1019,BSc Computer Science,GE1401,CS1302A,15570,T01
1020,BSc Computer Science,GE1401,CS2115,11251,CB1
1020,BSc Computer Science,GE1401,CS2115,11254,TB1
1020,BSc Computer Science,GE1401,GE1401,12735,T74
1020,BSc Computer Science,GE1401,MA1508,13680,CB1
1020,BSc Computer Science,GE1401,MA1508,13681,TB1
1020,BSc Computer Science,GE1401,CS1302A,15568,C01
1020,BSc Computer Science,GE1401,CS1302A,15573,T02
1021,BSc Computer Science,GE1401,CS2115,10405,C01
1021,BSc Computer Science,GE1401,CS2115,10406,T01
1021,BSc Computer Science,GE1401,GE1401,13573,TB2
1021,BSc Computer Science,GE1401,MA1508,13680,CB1
1021,BSc Computer Science,GE1401,MA1508,13681,TB1
1021,BSc Computer Science,GE1401,CS1302A,15568,C01
1021,BSc Computer Science,GE1401,CS1302A,15575,T03
1022,BSc Computer Science,GE1401,CS2115,10405,C01
1022,BSc Computer Science,GE1401,GE1401,10683,T06
1022,BSc Computer Science,GE1401,MA1508,11511,CA1
1022,BSc Computer Science,GE1401,MA1508,11709,TA1
1022,BSc Computer Science,GE1401,CS2115,15055,T04
1022,BSc Computer Science,GE1401,CS1302A,15568,C01
1022,BSc Computer Science,GE1401,CS1302A,15573,T02
1023,BSc Computer Science,GE1401,CS2115,10405,C01
1023,BSc Computer Science,GE1401,MA1508,13680,CB1
1023,BSc Computer Science,GE1401,MA1508,13681,TB1
1023,BSc Computer Science,GE1401,GE1401,14941,TA3
1023,BSc Computer Science,GE1401,CS2115,15055,T04
1023,BSc Computer Science,GE1401,CS1302A,15568,C01
1023,BSc Computer Science,GE1401,CS1302A,15570,T01
1024,BSc Computer Science,GE1401,CS2115,10405,C01
1024,BSc Computer Science,GE1401,CS2115,10407,T02
1024,BSc Computer Science,GE1401,GE1401,10721,T54
1024,BSc Computer Science,GE1401,MA1508,13680,CB1
1024,BSc Computer Science,GE1401,MA1508,13681,TB1
1024,BSc Computer Science,GE1401,CS1302A,15568,C01
1024,BSc Computer Science,GE1401,CS1302A,15570,T01
1025,BSc Computer Science,GE1401,CS2115,11251,CB1
1025,BSc Computer Science,GE1401,CS2115,11252,TB2
1025,BSc Computer Science,GE1401,GE1401,12122,T35
1025,BSc Computer Science,GE1401,MA1508,13680,CB1
1025,BSc Computer Science,GE1401,MA1508,13681,TB1
1025,BSc Computer Science,GE1401,CS1302A,15568,C01
1025,BSc Computer Science,GE1401,CS1302A,15575,T03
1026,BSc Computer Science,GE1401,CS2115,10405,C01
1026,BSc Computer Science,GE1401,GE1401,10718,T50
1026,BSc Computer Science,GE1401,MA1508,11511,CA1
1026,BSc Computer Science,GE1401,MA1508,11709,TA1
1026,BSc Computer Science,GE1401,CS2115,15055,T04
1026,BSc Computer Science,GE1401,CS1302A,15568,C01
1026,BSc Computer Science,GE1401,CS1302A,15575,T03
1027,BSc Computer Science,GE1401,CS2115,10405,C01
1027,BSc Computer Science,GE1401,GE1401,11493,T75
1027,BSc Computer Science,GE1401,MA1508,13680,CB1
1027,BSc Computer Science,GE1401,MA1508,13681,TB1
1027,BSc Computer Science,GE1401,CS2115,15055,T04
1027,BSc Computer Science,GE1401,CS1302A,15568,C01
1027,BSc Computer Science,GE1401,CS1302A,15570,T01
1028,BSc Computer Science,GE1401,CS2115,10405,C01
1028,BSc Computer Science,GE1401,GE1401,13572,TB1
1028,BSc Computer Science,GE1401,MA1508,13680,CB1
1028,BSc Computer Science,GE1401,MA1508,13681,TB1
1028,BSc Computer Science,GE1401,CS2115,15274,T05
1028,BSc Computer Science,GE1401,CS1302A,15568,C01
1028,BSc Computer Science,GE1401,CS1302A,15570,T01
1029,BSc Computer Science,GE1401,CS2115,10405,C01
1029,BSc Computer Science,GE1401,CS2115,10407,T02
1029,BSc Computer Science,GE1401,GE1401,12122,T35
1029,BSc Computer Science,GE1401,MA1508,13680,CB1
1029,BSc Computer Science,GE1401,MA1508,13681,TB1
1029,BSc Computer Science,GE1401,CS1302A,15568,C01
1029,BSc Computer Science,GE1401,CS1302A,15575,T03
1030,BSc Computer Science,GE1401,CS2115,10405,C01
1030,BSc Computer Science,GE1401,CS2115,10407,T02
1030,BSc Computer Science,GE1401,GE1401,10726,T59
1030,BSc Computer Science,GE1401,MA1508,13680,CB1
1030,BSc Computer Science,GE1401,MA1508,13681,TB1
1030,BSc Computer Science,GE1401,CS1302A,15568,C01
1030,BSc Computer Science,GE1401,CS1302A,15570,T01
1031,BSc Computer Science,GE1401,GE1401,10693,T16
1031,BSc Computer Science,GE1401,CS2115,11251,CB1
1031,BSc Computer Science,GE1401,CS2115,11252,TB2
1031,BSc Computer Science,GE1401,MA1508,13680,CB1
1031,BSc Computer Science,GE1401,MA1508,13681,TB1
1031,BSc Computer Science,GE1401,CS1302A,15568,C01
1031,BSc Computer Science,GE1401,CS1302A,15575,T03
1032,BSc Computer Science,GE1401,CS2115,10405,C01
1032,BSc Computer Science,GE1401,MA1508,13680,CB1
1032,BSc Computer Science,GE1401,MA1508,13681,TB1
1032,BSc Computer Science,GE1401,CS2115,15055,T04
1032,BSc Computer Science,GE1401,GE1401,15181,TC2
1032,BSc Computer Science,GE1401,CS1302A,15568,C01
1032,BSc Computer Science,GE1401,CS1302A,15570,T01
1033,BSc Computer Science,GE1401,CS2115,10405,C01
1033,BSc Computer Science,GE1401,MA1508,13680,CB1
1033,BSc Computer Science,GE1401,MA1508,13681,TB1
1033,BSc Computer Science,GE1401,GE1401,15181,TC2
1033,BSc Computer Science,GE1401,CS2115,15274,T05
1033,BSc Computer Science,GE1401,CS1302A,15568,C01
1033,BSc Computer Science,GE1401,CS1302A,15573,T02
1034,BSc Computer Science,GE1401,CS2115,10405,C01
1034,BSc Computer Science,GE1401,MA1508,11511,CA1
1034,BSc Computer Science,GE1401,MA1508,11709,TA1
1034,BSc Computer Science,GE1401,CS2115,15055,T04
1034,BSc Computer Science,GE1401,CS1302A,15568,C01
1034,BSc Computer Science,GE1401,CS1302A,15575,T03
1034,BSc Computer Science,GE1401,GE1401,15600,T14
1035,BSc Computer Science,GE1401,CS2115,10405,C01
1035,BSc Computer Science,GE1401,GE1401,10704,T29
1035,BSc Computer Science,GE1401,MA1508,13680,CB1
1035,BSc Computer Science,GE1401,MA1508,13681,TB1
1035,BSc Computer Science,GE1401,CS2115,15055,T04
1035,BSc Computer Science,GE1401,CS1302A,15568,C01
1035,BSc Computer Science,GE1401,CS1302A,15575,T03
1036,BSc Computer Science,GE1401,CS2115,10405,C01
1036,BSc Computer Science,GE1401,GE1401,11496,T79
1036,BSc Computer Science,GE1401,MA1508,11511,CA1
1036,BSc Computer Science,GE1401,MA1508,11709,TA1
1036,BSc Computer Science,GE1401,CS2115,15055,T04
1036,BSc Computer Science,GE1401,CS1302A,15568,C01
1036,BSc Computer Science,GE1401,CS1302A,15575,T03
1037,BSc Computer Science,GE1401,CS2115,10405,C01
1037,BSc Computer Science,GE1401,CS2115,10406,T01
1037,BSc Computer Science,GE1401,GE1401,10683,T06
1037,BSc Computer Science,GE1401,MA1508,13680,CB1
1037,BSc Computer Science,GE1401,MA1508,13681,TB1
1037,BSc Computer Science,GE1401,CS1302A,15568,C01
1037,BSc Computer Science,GE1401,CS1302A,15570,T01
1038,BSc Computer Science,GE1401,CS2115,10405,C01
1038,BSc Computer Science,GE1401,CS2115,10406,T01
1038,BSc Computer Science,GE1401,GE1401,13572,TB1
1038,BSc Computer Science,GE1401,MA1508,13680,CB1
1038,BSc Computer Science,GE1401,MA1508,13681,TB1
1038,BSc Computer Science,GE1401,CS1302A,15568,C01
1038,BSc Computer Science,GE1401,CS1302A,15573,T02
1039,BSc Computer Science,GE1401,CS2115,10405,C01
1039,BSc Computer Science,GE1401,MA1508,11511,CA1
1039,BSc Computer Science,GE1401,MA1508,11709,TA1
1039,BSc Computer Science,GE1401,CS2115,15055,T04
1039,BSc Computer Science,GE1401,CS1302A,15568,C01
1039,BSc Computer Science,GE1401,CS1302A,15575,T03
1039,BSc Computer Science,GE1401,GE1401,15600,T14
1040,BSc Computer Science,GE1401,CS2115,10405,C01
1040,BSc Computer Science,GE1401,GE1401,10694,T17
1040,BSc Computer Science,GE1401,MA1508,13680,CB1
1040,BSc Computer Science,GE1401,MA1508,13681,TB1
1040,BSc Computer Science,GE1401,CS2115,15055,T04
1040,BSc Computer Science,GE1401,CS1302A,15568,C01
1040,BSc Computer Science,GE1401,CS1302A,15573,T02
1041,BSc Computer Science,GE1401,CS2115,10405,C01
1041,BSc Computer Science,GE1401,CS2115,10407,T02
1041,BSc Computer Science,GE1401,MA1508,13680,CB1
1041,BSc Computer Science,GE1401,MA1508,13681,TB1
1041,BSc Computer Science,GE1401,CS1302A,15568,C01
1041,BSc Computer Science,GE1401,CS1302A,15570,T01
1041,BSc Computer Science,GE1401,GE1401,15601,T28
1042,BSc Computer Science,GE1401,GE1401,10357,T01
1042,BSc Computer Science,GE1401,CS2115,10405,C01
1042,BSc Computer Science,GE1401,MA1508,13680,CB1
1042,BSc Computer Science,GE1401,MA1508,13681,TB1
1042,BSc Computer Science,GE1401,CS2115,15055,T04
1042,BSc Computer Science,GE1401,CS1302A,15568,C01
1042,BSc Computer Science,GE1401,CS1302A,15570,T01
1043,BSc Computer Science,GE1401,CS2115,10405,C01
1043,BSc Computer Science,GE1401,CS2115,10408,T03
1043,BSc Computer Science,GE1401,GE1401,11498,T83
1043,BSc Computer Science,GE1401,MA1508,13680,CB1
1043,BSc Computer Science,GE1401,MA1508,13681,TB1
1043,BSc Computer Science,GE1401,CS1302A,15568,C01
1043,BSc Computer Science,GE1401,CS1302A,15575,T03
1044,BSc Computer Science,GE1401,CS2115,10405,C01
1044,BSc Computer Science,GE1401,MA1508,11511,CA1
1044,BSc Computer Science,GE1401,MA1508,11709,TA1
1044,BSc Computer Science,GE1401,GE1401,13573,TB2
1044,BSc Computer Science,GE1401,CS2115,15274,T05
1044,BSc Computer Science,GE1401,CS1302A,15568,C01
1044,BSc Computer Science,GE1401,CS1302A,15573,T02
1045,BSc Computer Science,GE1401,CS2115,10405,C01
1045,BSc Computer Science,GE1401,MA1508,11511,CA1
1045,BSc Computer Science,GE1401,MA1508,11709,TA1
1045,BSc Computer Science,GE1401,GE1401,12124,T49
1045,BSc Computer Science,GE1401,CS2115,15055,T04
1045,BSc Computer Science,GE1401,CS1302A,15568,C01
1045,BSc Computer Science,GE1401,CS1302A,15570,T01
1046,BSc Computer Science,GE1401,CS2115,10405,C01
1046,BSc Computer Science,GE1401,CS2115,10407,T02
1046,BSc Computer Science,GE1401,GE1401,10694,T17
1046,BSc Computer Science,GE1401,MA1508,13680,CB1
1046,BSc Computer Science,GE1401,MA1508,13681,TB1
1046,BSc Computer Science,GE1401,CS1302A,15568,C01
1046,BSc Computer Science,GE1401,CS1302A,15570,T01
1047,BSc Computer Science,GE1401,CS2115,10405,C01
1047,BSc Computer Science,GE1401,GE1401,10696,T20
1047,BSc Computer Science,GE1401,MA1508,13680,CB1
1047,BSc Computer Science,GE1401,MA1508,13681,TB1
1047,BSc Computer Science,GE1401,CS2115,15055,T04
1047,BSc Computer Science,GE1401,CS1302A,15568,C01
1047,BSc Computer Science,GE1401,CS1302A,15570,T01
1048,BSc Computer Science,GE1401,CS2115,10405,C01
1048,BSc Computer Science,GE1401,CS2115,10406,T01
1048,BSc Computer Science,GE1401,GE1401,11504,T90
1048,BSc Computer Science,GE1401,MA1508,13680,CB1
1048,BSc Computer Science,GE1401,MA1508,13681,TB1
1048,BSc Computer Science,GE1401,CS1302A,15569,CA1
1048,BSc Computer Science,GE1401,CS1302A,15572,TA1
1049,BSc Computer Science,GE1401,CS2115,10405,C01
1049,BSc Computer Science,GE1401,CS2115,10406,T01
1049,BSc Computer Science,GE1401,MA1508,13680,CB1
1049,BSc Computer Science,GE1401,MA1508,13681,TB1
1049,BSc Computer Science,GE1401,GE1401,14271,TB8
1049,BSc Computer Science,GE1401,CS1302A,15568,C01
1049,BSc Computer Science,GE1401,CS1302A,15570,T01
1050,BSc Computer Science,GE1401,CS2115,10405,C01
1050,BSc Computer Science,GE1401,CS2115,10406,T01
1050,BSc Computer Science,GE1401,GE1401,12398,T70
1050,BSc Computer Science,GE1401,MA1508,13680,CB1
1050,BSc Computer Science,GE1401,MA1508,13681,TB1
1050,BSc Computer Science,GE1401,CS1302A,15568,C01
1050,BSc Computer Science,GE1401,CS1302A,15573,T02
1051,BSc Computer Science,GE1401,GE1401,10696,T20
1051,BSc Computer Science,GE1401,CS2115,11251,CB1
1051,BSc Computer Science,GE1401,CS2115,11254,TB1
1051,BSc Computer Science,GE1401,MA1508,13680,CB1
1051,BSc Computer Science,GE1401,MA1508,13681,TB1
1051,BSc Computer Science,GE1401,CS1302A,15568,C01
1051,BSc Computer Science,GE1401,CS1302A,15573,T02
1052,BSc Computer Science,GE1401,CS2115,10405,C01
1052,BSc Computer Science,GE1401,CS2115,10407,T02
1052,BSc Computer Science,GE1401,GE1401,10717,T48
1052,BSc Computer Science,GE1401,MA1508,13680,CB1
1052,BSc Computer Science,GE1401,MA1508,13681,TB1
1052,BSc Computer Science,GE1401,CS1302A,15568,C01
1052,BSc Computer Science,GE1401,CS1302A,15570,T01
1053,BSc Computer Science,GE1401,CS2115,10405,C01
1053,BSc Computer Science,GE1401,GE1401,10693,T16
1053,BSc Computer Science,GE1401,MA1508,13680,CB1
1053,BSc Computer Science,GE1401,MA1508,13681,TB1
1053,BSc Computer Science,GE1401,CS2115,15274,T05
1053,BSc Computer Science,GE1401,CS1302A,15568,C01
1053,BSc Computer Science,GE1401,CS1302A,15573,T02
1054,BSc Computer Science,GE1401,CS2115,10405,C01
1054,BSc Computer Science,GE1401,MA1508,11511,CA1
1054,BSc Computer Science,GE1401,MA1508,11709,TA1
1054,BSc Computer Science,GE1401,GE1401,12126,T67
1054,BSc Computer Science,GE1401,CS2115,15055,T04
1054,BSc Computer Science,GE1401,CS1302A,15568,C01
1054,BSc Computer Science,GE1401,CS1302A,15575,T03
1055,BSc Computer Science,GE1401,CS2115,10405,C01
1055,BSc Computer Science,GE1401,CS2115,10407,T02
1055,BSc Computer Science,GE1401,GE1401,10701,T25
1055,BSc Computer Science,GE1401,MA1508,13680,CB1
1055,BSc Computer Science,GE1401,MA1508,13681,TB1
1055,BSc Computer Science,GE1401,CS1302A,15568,C01
1055,BSc Computer Science,GE1401,CS1302A,15570,T01
1056,BSc Computer Science,GE1401,CS2115,10405,C01
1056,BSc Computer Science,GE1401,GE1401,10690,T13
1056,BSc Computer Science,GE1401,MA1508,13680,CB1
1056,BSc Computer Science,GE1401,MA1508,13681,TB1
1056,BSc Computer Science,GE1401,CS2115,15055,T04
1056,BSc Computer Science,GE1401,CS1302A,15568,C01
1056,BSc Computer Science,GE1401,CS1302A,15575,T03
1057,BSc Computer Science,GE1401,CS2115,10405,C01
1057,BSc Computer Science,GE1401,CS2115,10407,T02
1057,BSc Computer Science,GE1401,GE1401,10685,T08
1057,BSc Computer Science,GE1401,MA1508,13680,CB1
1057,BSc Computer Science,GE1401,MA1508,13681,TB1
1057,BSc Computer Science,GE1401,CS1302A,15568,C01
1057,BSc Computer Science,GE1401,CS1302A,15570,T01
1058,BSc Computer Science,GE1401,CS2115,10405,C01
1058,BSc Computer Science,GE1401,GE1401,13573,TB2
1058,BSc Computer Science,GE1401,MA1508,13680,CB1
1058,BSc Computer Science,GE1401,MA1508,13681,TB1
1058,BSc Computer Science,GE1401,CS2115,15055,T04
1058,BSc Computer Science,GE1401,CS1302A,15568,C01
1058,BSc Computer Science,GE1401,CS1302A,15575,T03
1059,BSc Computer Science,GE1401,CS2115,10405,C01
1059,BSc Computer Science,GE1401,GE1401,11499,T85
1059,BSc Computer Science,GE1401,MA1508,11511,CA1
1059,BSc Computer Science,GE1401,MA1508,11709,TA1
1059,BSc Computer Science,GE1401,CS2115,15055,T04
1059,BSc Computer Science,GE1401,CS1302A,15568,C01
1059,BSc Computer Science,GE1401,CS1302A,15575,T03
1060,BSc Computer Science,GE1401,CS2115,10405,C01
1060,BSc Computer Science,GE1401,CS2115,10407,T02
1060,BSc Computer Science,GE1401,GE1401,10698,T22
1060,BSc Computer Science,GE1401,MA1508,13680,CB1
1060,BSc Computer Science,GE1401,MA1508,13681,TB1
1060,BSc Computer Science,GE1401,CS1302A,15568,C01
1060,BSc Computer Science,GE1401,CS1302A,15570,T01
1061,BSc Computer Science,GE1401,CS2115,10405,C01
1061,BSc Computer Science,GE1401,GE1401,10716,T47
1061,BSc Computer Science,GE1401,MA1508,13680,CB1
1061,BSc Computer Science,GE1401,MA1508,13681,TB1
1061,BSc Computer Science,GE1401,CS2115,15055,T04
1061,BSc Computer Science,GE1401,CS1302A,15568,C01
1061,BSc Computer Science,GE1401,CS1302A,15575,T03
1062,BSc Computer Science,GE1401,CS2115,10405,C01
1062,BSc Computer Science,GE1401,CS2115,10407,T02
1062,BSc Computer Science,GE1401,GE1401,12126,T67
1062,BSc Computer Science,GE1401,MA1508,13680,CB1
1062,BSc Computer Science,GE1401,MA1508,13681,TB1
1062,BSc Computer Science,GE1401,CS1302A,15568,C01
1062,BSc Computer Science,GE1401,CS1302A,15575,T03
1063,BSc Computer Science,GE1401,CS2115,10405,C01
1063,BSc Computer Science,GE1401,CS2115,10407,T02
1063,BSc Computer Science,GE1401,GE1401,13197,TA2
1063,BSc Computer Science,GE1401,MA1508,13680,CB1
1063,BSc Computer Science,GE1401,MA1508,13681,TB1
1063,BSc Computer Science,GE1401,CS1302A,15568,C01
1063,BSc Computer Science,GE1401,CS1302A,15570,T01
1064,BSc Computer Science,GE1401,GE1401,10726,T59
1064,BSc Computer Science,GE1401,CS2115,12767,CA1
1064,BSc Computer Science,GE1401,CS2115,12768,TA1
1064,BSc Computer Science,GE1401,MA1508,13680,CB1
1064,BSc Computer Science,GE1401,MA1508,13681,TB1
1064,BSc Computer Science,GE1401,CS1302A,15568,C01
1064,BSc Computer Science,GE1401,CS1302A,15575,T03
1065,BSc Computer Science,GE1401,CS2115,10405,C01
1065,BSc Computer Science,GE1401,MA1508,11511,CA1
1065,BSc Computer Science,GE1401,MA1508,11709,TA1
1065,BSc Computer Science,GE1401,GE1401,14941,TA3
1065,BSc Computer Science,GE1401,CS2115,15055,T04
1065,BSc Computer Science,GE1401,CS1302A,15568,C01
1065,BSc Computer Science,GE1401,CS1302A,15575,T03
1066,BSc Computer Science,GE1401,CS2115,10405,C01
1066,BSc Computer Science,GE1401,MA1508,13680,CB1
1066,BSc Computer Science,GE1401,MA1508,13681,TB1
1066,BSc Computer Science,GE1401,CS2115,15055,T04
1066,BSc Computer Science,GE1401,CS1302A,15568,C01
1066,BSc Computer Science,GE1401,CS1302A,15575,T03
1066,BSc Computer Science,GE1401,GE1401,15600,T14
1067,BSc Computer Science,GE1401,CS2115,10405,C01
1067,BSc Computer Science,GE1401,CS2115,10408,T03
1067,BSc Computer Science,GE1401,MA1508,13680,CB1
1067,BSc Computer Science,GE1401,MA1508,13681,TB1
1067,BSc Computer Science,GE1401,GE1401,15181,TC2
1067,BSc Computer Science,GE1401,CS1302A,15568,C01
1067,BSc Computer Science,GE1401,CS1302A,15575,T03
1068,BSc Computer Science,GE1401,CS2115,12767,CA1
1068,BSc Computer Science,GE1401,CS2115,12768,TA1
1068,BSc Computer Science,GE1401,MA1508,13680,CB1
1068,BSc Computer Science,GE1401,MA1508,13681,TB1
1068,BSc Computer Science,GE1401,GE1401,15206,TC6
1068,BSc Computer Science,GE1401,CS1302A,15568,C01
1068,BSc Computer Science,GE1401,CS1302A,15575,T03
1069,BSc Computer Science,GE1401,CS2115,10405,C01
1069,BSc Computer Science,GE1401,MA1508,11511,CA1
1069,BSc Computer Science,GE1401,MA1508,11709,TA1
1069,BSc Computer Science,GE1401,CS2115,15055,T04
1069,BSc Computer Science,GE1401,CS1302A,15568,C01
1069,BSc Computer Science,GE1401,CS1302A,15575,T03
1069,BSc Computer Science,GE1401,GE1401,15600,T14
1070,BSc Computer Science,GE1401,CS2115,10405,C01
1070,BSc Computer Science,GE1401,GE1401,11500,T86
1070,BSc Computer Science,GE1401,MA1508,13680,CB1
1070,BSc Computer Science,GE1401,MA1508,13681,TB1
1070,BSc Computer Science,GE1401,CS2115,15274,T05
1070,BSc Computer Science,GE1401,CS1302A,15568,C01
1070,BSc Computer Science,GE1401,CS1302A,15573,T02
1071,BSc Computer Science,GE1401,GE1401,10718,T50
1071,BSc Computer Science,GE1401,CS2115,11251,CB1
1071,BSc Computer Science,GE1401,MA1508,13680,CB1
1071,BSc Computer Science,GE1401,MA1508,13681,TB1
1071,BSc Computer Science,GE1401,CS2115,15276,TB5
1071,BSc Computer Science,GE1401,CS1302A,15568,C01
1071,BSc Computer Science,GE1401,CS1302A,15570,T01
1072,BSc Computer Science,GE1401,CS2115,10405,C01
1072,BSc Computer Science,GE1401,GE1401,10727,T60
1072,BSc Computer Science,GE1401,MA1508,11511,CA1
1072,BSc Computer Science,GE1401,MA1508,11709,TA1
1072,BSc Computer Science,GE1401,CS2115,15055,T04
1072,BSc Computer Science,GE1401,CS1302A,15568,C01
1072,BSc Computer Science,GE1401,CS1302A,15575,T03
1073,BSc Computer Science,GE1401,CS2115,10405,C01
1073,BSc Computer Science,GE1401,GE1401,10683,T06
1073,BSc Computer Science,GE1401,MA1508,13680,CB1
1073,BSc Computer Science,GE1401,MA1508,13681,TB1
1073,BSc Computer Science,GE1401,CS2115,15055,T04
1073,BSc Computer Science,GE1401,CS1302A,15568,C01
1073,BSc Computer Science,GE1401,CS1302A,15573,T02
1074,BSc Computer Science,GE1401,CS2115,10405,C01
1074,BSc Computer Science,GE1401,CS2115,10406,T01
1074,BSc Computer Science,GE1401,GE1401,10721,T54
1074,BSc Computer Science,GE1401,MA1508,13680,CB1
1074,BSc Computer Science,GE1401,MA1508,13681,TB1
1074,BSc Computer Science,GE1401,CS1302A,15568,C01
1074,BSc Computer Science,GE1401,CS1302A,15570,T01
1075,BSc Computer Science,GE1401,CS2115,10405,C01
1075,BSc Computer Science,GE1401,CS2115,10406,T01
1075,BSc Computer Science,GE1401,GE1401,13573,TB2
1075,BSc Computer Science,GE1401,MA1508,13680,CB1
1075,BSc Computer Science,GE1401,MA1508,13681,TB1
1075,BSc Computer Science,GE1401,CS1302A,15568,C01
1075,BSc Computer Science,GE1401,CS1302A,15573,T02
1076,BSc Computer Science,GE1401,CS2115,10405,C01
1076,BSc Computer Science,GE1401,CS2115,10406,T01
1076,BSc Computer Science,GE1401,MA1508,13680,CB1
1076,BSc Computer Science,GE1401,MA1508,13681,TB1
1076,BSc Computer Science,GE1401,CS1302A,15568,C01
1076,BSc Computer Science,GE1401,CS1302A,15573,T02
1076,BSc Computer Science,GE1401,GE1401,15602,T58
1077,BSc Computer Science,GE1401,CS2115,10405,C01
1077,BSc Computer Science,GE1401,GE1401,11493,T75
1077,BSc Computer Science,GE1401,MA1508,13680,CB1
1077,BSc Computer Science,GE1401,MA1508,13681,TB1
1077,BSc Computer Science,GE1401,CS2115,15274,T05
1077,BSc Computer Science,GE1401,CS1302A,15568,C01
1077,BSc Computer Science,GE1401,CS1302A,15573,T02
1078,BSc Computer Science,LC0200A,CS2115,10405,C01
1078,BSc Computer Science,LC0200A,LC0200A,10885,T16
1078,BSc Computer Science,LC0200A,MA1508,13680,CB1
1078,BSc Computer Science,LC0200A,MA1508,13681,TB1
1078,BSc Computer Science,LC0200A,CS2115,15055,T04
1078,BSc Computer Science,LC0200A,CS1302A,15568,C01
1078,BSc Computer Science,LC0200A,CS1302A,15570,T01
1079,BSc Computer Science,LC0200A,LC0200A,10884,T15
1079,BSc Computer Science,LC0200A,CS2115,11251,CB1
1079,BSc Computer Science,LC0200A,MA1508,11511,CA1
1079,BSc Computer Science,LC0200A,MA1508,11709,TA1
1079,BSc Computer Science,LC0200A,CS2115,15275,TB4
1079,BSc Computer Science,LC0200A,CS1302A,15568,C01
1079,BSc Computer Science,LC0200A,CS1302A,15575,T03
1080,BSc Computer Science,LC0200A,CS2115,10405,C01
1080,BSc Computer Science,LC0200A,LC0200A,10893,T25
1080,BSc Computer Science,LC0200A,MA1508,13680,CB1
1080,BSc Computer Science,LC0200A,MA1508,13681,TB1
1080,BSc Computer Science,LC0200A,CS2115,15055,T04
1080,BSc Computer Science,LC0200A,CS1302A,15568,C01
1080,BSc Computer Science,LC0200A,CS1302A,15573,T02
1081,BSc Computer Science,LC0200A,CS2115,10405,C01
1081,BSc Computer Science,LC0200A,CS2115,10408,T03
1081,BSc Computer Science,LC0200A,LC0200A,10875,T06
1081,BSc Computer Science,LC0200A,MA1508,13680,CB1
1081,BSc Computer Science,LC0200A,MA1508,13681,TB1
1081,BSc Computer Science,LC0200A,CS1302A,15568,C01
1081,BSc Computer Science,LC0200A,CS1302A,15575,T03
1082,BSc Computer Science,LC0200A,CS2115,10405,C01
1082,BSc Computer Science,LC0200A,CS2115,10407,T02
1082,BSc Computer Science,LC0200A,LC0200A,11449,T34
1082,BSc Computer Science,LC0200A,MA1508,13680,CB1
1082,BSc Computer Science,LC0200A,MA1508,13681,TB1
1082,BSc Computer Science,LC0200A,CS1302A,15568,C01
1082,BSc Computer Science,LC0200A,CS1302A,15570,T01
1083,BSc Computer Science,LC0200A,CS2115,10405,C01
1083,BSc Computer Science,LC0200A,CS2115,10406,T01
1083,BSc Computer Science,LC0200A,LC0200A,10885,T16
1083,BSc Computer Science,LC0200A,MA1508,13680,CB1
1083,BSc Computer Science,LC0200A,MA1508,13681,TB1
1083,BSc Computer Science,LC0200A,CS1302A,15568,C01
1083,BSc Computer Science,LC0200A,CS1302A,15575,T03
1084,BSc Computer Science,LC0200A,CS2115,10405,C01
1084,BSc Computer Science,LC0200A,LC0200A,10875,T06
1084,BSc Computer Science,LC0200A,MA1508,13680,CB1
1084,BSc Computer Science,LC0200A,MA1508,13681,TB1
1084,BSc Computer Science,LC0200A,CS2115,15274,T05
1084,BSc Computer Science,LC0200A,CS1302A,15568,C01
1084,BSc Computer Science,LC0200A,CS1302A,15570,T01
1085,BSc Computer Science,LC0200A,CS2115,10405,C01
1085,BSc Computer Science,LC0200A,CS2115,10406,T01
1085,BSc Computer Science,LC0200A,LC0200A,10889,T21
1085,BSc Computer Science,LC0200A,MA1508,13680,CB1
1085,BSc Computer Science,LC0200A,MA1508,13681,TB1
1085,BSc Computer Science,LC0200A,CS1302A,15568,C01
1085,BSc Computer Science,LC0200A,CS1302A,15573,T02
1086,BSc Computer Science,LC0200A,CS2115,10405,C01
1086,BSc Computer Science,LC0200A,CS2115,10408,T03
1086,BSc Computer Science,LC0200A,LC0200A,10877,T08
1086,BSc Computer Science,LC0200A,MA1508,13680,CB1
1086,BSc Computer Science,LC0200A,MA1508,13681,TB1
1086,BSc Computer Science,LC0200A,CS1302A,15568,C01
1086,BSc Computer Science,LC0200A,CS1302A,15575,T03
1087,BSc Computer Science,LC0200A,CS2115,10405,C01
1087,BSc Computer Science,LC0200A,CS2115,10406,T01
1087,BSc Computer Science,LC0200A,LC0200A,10890,T22
1087,BSc Computer Science,LC0200A,MA1508,13680,CB1
1087,BSc Computer Science,LC0200A,MA1508,13681,TB1
1087,BSc Computer Science,LC0200A,CS1302A,15568,C01
1087,BSc Computer Science,LC0200A,CS1302A,15575,T03
1088,BSc Computer Science,LC0200A,CS2115,10405,C01
1088,BSc Computer Science,LC0200A,MA1508,11511,CA1
1088,BSc Computer Science,LC0200A,MA1508,11709,TA1
1088,BSc Computer Science,LC0200A,LC0200A,14950,T18
1088,BSc Computer Science,LC0200A,CS2115,15055,T04
1088,BSc Computer Science,LC0200A,CS1302A,15568,C01
1088,BSc Computer Science,LC0200A,CS1302A,15575,T03
1089,BSc Computer Science,LC0200A,CS2115,10405,C01
1089,BSc Computer Science,LC0200A,LC0200A,10880,T11
1089,BSc Computer Science,LC0200A,MA1508,13680,CB1
1089,BSc Computer Science,LC0200A,MA1508,13681,TB1
1089,BSc Computer Science,LC0200A,CS2115,15274,T05
1089,BSc Computer Science,LC0200A,CS1302A,15568,C01
1089,BSc Computer Science,LC0200A,CS1302A,15570,T01
1090,BSc Computer Science,LC0200A,CS2115,10405,C01
1090,BSc Computer Science,LC0200A,LC0200A,10877,T08
1090,BSc Computer Science,LC0200A,MA1508,11511,CA1
1090,BSc Computer Science,LC0200A,MA1508,11709,TA1
1090,BSc Computer Science,LC0200A,CS2115,15274,T05
1090,BSc Computer Science,LC0200A,CS1302A,15568,C01
1090,BSc Computer Science,LC0200A,CS1302A,15570,T01
1091,BSc Computer Science,LC0200A,CS2115,10405,C01
1091,BSc Computer Science,LC0200A,LC0200A,10886,T17
1091,BSc Computer Science,LC0200A,MA1508,13680,CB1
1091,BSc Computer Science,LC0200A,MA1508,13681,TB1
1091,BSc Computer Science,LC0200A,CS2115,15055,T04
1091,BSc Computer Science,LC0200A,CS1302A,15568,C01
1091,BSc Computer Science,LC0200A,CS1302A,15573,T02
1092,BSc Computer Science,LC0200A,CS2115,10405,C01
1092,BSc Computer Science,LC0200A,LC0200A,10897,T29
1092,BSc Computer Science,LC0200A,MA1508,13680,CB1
1092,BSc Computer Science,LC0200A,MA1508,13681,TB1
1092,BSc Computer Science,LC0200A,CS2115,15055,T04
1092,BSc Computer Science,LC0200A,CS1302A,15568,C01
1092,BSc Computer Science,LC0200A,CS1302A,15573,T02
1093,BSc Computer Science,LC0200A,LC0200A,11030,T31
1093,BSc Computer Science,LC0200A,CS2115,11251,CB1
1093,BSc Computer Science,LC0200A,CS2115,11253,TB3
1093,BSc Computer Science,LC0200A,MA1508,13680,CB1
1093,BSc Computer Science,LC0200A,MA1508,13681,TB1
1093,BSc Computer Science,LC0200A,CS1302A,15568,C01
1093,BSc Computer Science,LC0200A,CS1302A,15575,T03
1094,BSc Computer Science,LC0200A,CS2115,10405,C01
1094,BSc Computer Science,LC0200A,CS2115,10407,T02
1094,BSc Computer Science,LC0200A,LC0200A,10884,T15
1094,BSc Computer Science,LC0200A,MA1508,13680,CB1
1094,BSc Computer Science,LC0200A,MA1508,13681,TB1
1094,BSc Computer Science,LC0200A,CS1302A,15568,C01
1094,BSc Computer Science,LC0200A,CS1302A,15575,T03
1095,BSc Computer Science,LC0200A,CS2115,10405,C01
1095,BSc Computer Science,LC0200A,CS2115,10408,T03
1095,BSc Computer Science,LC0200A,LC0200A,10885,T16
1095,BSc Computer Science,LC0200A,MA1508,13680,CB1
1095,BSc Computer Science,LC0200A,MA1508,13681,TB1
1095,BSc Computer Science,LC0200A,CS1302A,15568,C01
1095,BSc Computer Science,LC0200A,CS1302A,15573,T02
1096,BSc Computer Science,LC0200A,CS2115,10405,C01
1096,BSc Computer Science,LC0200A,CS2115,10408,T03
1096,BSc Computer Science,LC0200A,LC0200A,10880,T11
1096,BSc Computer Science,LC0200A,MA1508,13680,CB1
1096,BSc Computer Science,LC0200A,MA1508,13681,TB1
1096,BSc Computer Science,LC0200A,CS1302A,15568,C01
1096,BSc Computer Science,LC0200A,CS1302A,15575,T03
1097,BSc Computer Science,LC0200A,CS2115,10405,C01
1097,BSc Computer Science,LC0200A,CS2115,10406,T01
1097,BSc Computer Science,LC0200A,LC0200A,10884,T15
1097,BSc Computer Science,LC0200A,MA1508,13680,CB1
1097,BSc Computer Science,LC0200A,MA1508,13681,TB1
1097,BSc Computer Science,LC0200A,CS1302A,15568,C01
1097,BSc Computer Science,LC0200A,CS1302A,15573,T02
1098,BSc Computer Science,LC0200A,CS2115,10405,C01
1098,BSc Computer Science,LC0200A,LC0200A,10894,T26
1098,BSc Computer Science,LC0200A,MA1508,13680,CB1
1098,BSc Computer Science,LC0200A,MA1508,13681,TB1
1098,BSc Computer Science,LC0200A,CS2115,15055,T04
1098,BSc Computer Science,LC0200A,CS1302A,15568,C01
1098,BSc Computer Science,LC0200A,CS1302A,15573,T02
1099,BSc Computer Science,LC0200A,CS2115,10405,C01
1099,BSc Computer Science,LC0200A,LC0200A,11976,T37
1099,BSc Computer Science,LC0200A,MA1508,13680,CB1
1099,BSc Computer Science,LC0200A,MA1508,13681,TB1
1099,BSc Computer Science,LC0200A,CS2115,15274,T05
1099,BSc Computer Science,LC0200A,CS1302A,15568,C01
1099,BSc Computer Science,LC0200A,CS1302A,15573,T02
1100,BSc Computer Science,LC0200A,CS2115,10405,C01
1100,BSc Computer Science,LC0200A,LC0200A,10865,T05
1100,BSc Computer Science,LC0200A,MA1508,11511,CA1
1100,BSc Computer Science,LC0200A,MA1508,11709,TA1
1100,BSc Computer Science,LC0200A,CS2115,15274,T05
1100,BSc Computer Science,LC0200A,CS1302A,15568,C01
1100,BSc Computer Science,LC0200A,CS1302A,15570,T01
1101,BSc Computer Science,LC0200A,CS2115,10405,C01
1101,BSc Computer Science,LC0200A,CS2115,10407,T02
1101,BSc Computer Science,LC0200A,LC0200A,10880,T11
1101,BSc Computer Science,LC0200A,MA1508,13680,CB1
1101,BSc Computer Science,LC0200A,MA1508,13681,TB1
1101,BSc Computer Science,LC0200A,CS1302A,15568,C01
1101,BSc Computer Science,LC0200A,CS1302A,15575,T03
1102,BSc Computer Science,LC0200A,CS2115,10405,C01
1102,BSc Computer Science,LC0200A,MA1508,11511,CA1
1102,BSc Computer Science,LC0200A,MA1508,11709,TA1
1102,BSc Computer Science,LC0200A,LC0200A,11975,T35
1102,BSc Computer Science,LC0200A,CS2115,15274,T05
1102,BSc Computer Science,LC0200A,CS1302A,15568,C01
1102,BSc Computer Science,LC0200A,CS1302A,15573,T02
1103,BSc Computer Science,LC0200A,CS2115,10405,C01
1103,BSc Computer Science,LC0200A,LC0200A,10880,T11
1103,BSc Computer Science,LC0200A,MA1508,11511,CA1
1103,BSc Computer Science,LC0200A,MA1508,11709,TA1
1103,BSc Computer Science,LC0200A,CS2115,15055,T04
1103,BSc Computer Science,LC0200A,CS1302A,15568,C01
1103,BSc Computer Science,LC0200A,CS1302A,15575,T03
1104,BSc Computer Science,LC0200A,CS2115,10405,C01
1104,BSc Computer Science,LC0200A,CS2115,10406,T01
1104,BSc Computer Science,LC0200A,LC0200A,10876,T07
1104,BSc Computer Science,LC0200A,MA1508,13680,CB1
1104,BSc Computer Science,LC0200A,MA1508,13681,TB1
1104,BSc Computer Science,LC0200A,CS1302A,15568,C01
1104,BSc Computer Science,LC0200A,CS1302A,15575,T03
1105,BSc Computer Science,LC0200A,CS2115,10405,C01
1105,BSc Computer Science,LC0200A,LC0200A,10882,T13
1105,BSc Computer Science,LC0200A,MA1508,13680,CB1
1105,BSc Computer Science,LC0200A,MA1508,13681,TB1
1105,BSc Computer Science,LC0200A,CS2115,15055,T04
1105,BSc Computer Science,LC0200A,CS1302A,15568,C01
1105,BSc Computer Science,LC0200A,CS1302A,15575,T03
1106,BSc Computer Science,LC0200A,CS2115,10405,C01
1106,BSc Computer Science,LC0200A,LC0200A,10894,T26
1106,BSc Computer Science,LC0200A,MA1508,11511,CA1
1106,BSc Computer Science,LC0200A,MA1508,11709,TA1
1106,BSc Computer Science,LC0200A,CS2115,15055,T04
1106,BSc Computer Science,LC0200A,CS1302A,15568,C01
1106,BSc Computer Science,LC0200A,CS1302A,15575,T03
1107,BSc Computer Science,LC0200A,CS2115,10405,C01
1107,BSc Computer Science,LC0200A,CS2115,10408,T03
1107,BSc Computer Science,LC0200A,LC0200A,10890,T22
1107,BSc Computer Science,LC0200A,MA1508,13680,CB1
1107,BSc Computer Science,LC0200A,MA1508,13681,TB1
1107,BSc Computer Science,LC0200A,CS1302A,15568,C01
1107,BSc Computer Science,LC0200A,CS1302A,15573,T02
1108,BSc Computer Science,LC0200A,LC0200A,10880,T11
1108,BSc Computer Science,LC0200A,CS2115,11251,CB1
1108,BSc Computer Science,LC0200A,CS2115,11254,TB1
1108,BSc Computer Science,LC0200A,MA1508,13680,CB1
1108,BSc Computer Science,LC0200A,MA1508,13681,TB1
1108,BSc Computer Science,LC0200A,CS1302A,15569,CA1
1108,BSc Computer Science,LC0200A,CS1302A,15572,TA1
1109,BSc Computer Science,LC0200A,CS2115,10405,C01
1109,BSc Computer Science,LC0200A,LC0200A,10886,T17
1109,BSc Computer Science,LC0200A,MA1508,11511,CA1
1109,BSc Computer Science,LC0200A,MA1508,11709,TA1
1109,BSc Computer Science,LC0200A,CS2115,15055,T04
1109,BSc Computer Science,LC0200A,CS1302A,15568,C01
1109,BSc Computer Science,LC0200A,CS1302A,15575,T03
1110,BSc Computer Science,LC0200A,CS2115,10405,C01
1110,BSc Computer Science,LC0200A,CS2115,10407,T02
1110,BSc Computer Science,LC0200A,LC0200A,11173,T33
1110,BSc Computer Science,LC0200A,MA1508,13680,CB1
1110,BSc Computer Science,LC0200A,MA1508,13681,TB1
1110,BSc Computer Science,LC0200A,CS1302A,15568,C01
1110,BSc Computer Science,LC0200A,CS1302A,15575,T03
1111,BSc Computer Science,LC0200A,CS2115,10405,C01
1111,BSc Computer Science,LC0200A,CS2115,10408,T03
1111,BSc Computer Science,LC0200A,LC0200A,10877,T08
1111,BSc Computer Science,LC0200A,MA1508,13680,CB1
1111,BSc Computer Science,LC0200A,MA1508,13681,TB1
1111,BSc Computer Science,LC0200A,CS1302A,15568,C01
1111,BSc Computer Science,LC0200A,CS1302A,15575,T03
1112,BSc Computer Science,LC0200A,CS2115,10405,C01
1112,BSc Computer Science,LC0200A,LC0200A,11449,T34
1112,BSc Computer Science,LC0200A,MA1508,13680,CB1
1112,BSc Computer Science,LC0200A,MA1508,13681,TB1
1112,BSc Computer Science,LC0200A,CS2115,15055,T04
1112,BSc Computer Science,LC0200A,CS1302A,15568,C01
1112,BSc Computer Science,LC0200A,CS1302A,15575,T03
1113,BSc Computer Science,LC0200A,LC0200A,10876,T07
1113,BSc Computer Science,LC0200A,CS2115,11251,CB1
1113,BSc Computer Science,LC0200A,MA1508,13680,CB1
1113,BSc Computer Science,LC0200A,MA1508,13681,TB1
1113,BSc Computer Science,LC0200A,CS2115,15276,TB5
1113,BSc Computer Science,LC0200A,CS1302A,15568,C01
1113,BSc Computer Science,LC0200A,CS1302A,15573,T02
1114,BSc Computer Science,LC0200A,CS2115,10405,C01
1114,BSc Computer Science,LC0200A,CS2115,10407,T02
1114,BSc Computer Science,LC0200A,LC0200A,11170,T32
1114,BSc Computer Science,LC0200A,MA1508,13680,CB1
1114,BSc Computer Science,LC0200A,MA1508,13681,TB1
1114,BSc Computer Science,LC0200A,CS1302A,15568,C01
1114,BSc Computer Science,LC0200A,CS1302A,15575,T03
1115,BSc Computer Science,LC0200A,CS2115,10405,C01
1115,BSc Computer Science,LC0200A,LC0200A,10894,T26
1115,BSc Computer Science,LC0200A,MA1508,11511,CA1
1115,BSc Computer Science,LC0200A,MA1508,11709,TA1
1115,BSc Computer Science,LC0200A,CS2115,15055,T04
1115,BSc Computer Science,LC0200A,CS1302A,15568,C01
1115,BSc Computer Science,LC0200A,CS1302A,15575,T03
1116,BSc Computer Science,LC0200A,CS2115,10405,C01
1116,BSc Computer Science,LC0200A,CS2115,10407,T02
1116,BSc Computer Science,LC0200A,LC0200A,11976,T37
1116,BSc Computer Science,LC0200A,MA1508,13680,CB1
1116,BSc Computer Science,LC0200A,MA1508,13681,TB1
1116,BSc Computer Science,LC0200A,CS1302A,15569,CA1
1116,BSc Computer Science,LC0200A,CS1302A,15572,TA1
1117,BSc Computer Science,LC0200A,CS2115,10405,C01
1117,BSc Computer Science,LC0200A,LC0200A,10891,T23
1117,BSc Computer Science,LC0200A,MA1508,11511,CA1
1117,BSc Computer Science,LC0200A,MA1508,11709,TA1
1117,BSc Computer Science,LC0200A,CS2115,15055,T04
1117,BSc Computer Science,LC0200A,CS1302A,15568,C01
1117,BSc Computer Science,LC0200A,CS1302A,15570,T01
1118,BSc Computer Science,LC0200A,CS2115,10405,C01
1118,BSc Computer Science,LC0200A,MA1508,11511,CA1
1118,BSc Computer Science,LC0200A,MA1508,11709,TA1
1118,BSc Computer Science,LC0200A,LC0200A,14952,T36
1118,BSc Computer Science,LC0200A,CS2115,15055,T04
1118,BSc Computer Science,LC0200A,CS1302A,15568,C01
1118,BSc Computer Science,LC0200A,CS1302A,15575,T03
1119,BSc Computer Science,LC0200A,CS2115,10405,C01
1119,BSc Computer Science,LC0200A,CS2115,10406,T01
1119,BSc Computer Science,LC0200A,LC0200A,10882,T13
1119,BSc Computer Science,LC0200A,MA1508,13680,CB1
1119,BSc Computer Science,LC0200A,MA1508,13681,TB1
1119,BSc Computer Science,LC0200A,CS1302A,15568,C01
1119,BSc Computer Science,LC0200A,CS1302A,15575,T03
1120,BSc Computer Science,LC0200A,CS2115,10405,C01
1120,BSc Computer Science,LC0200A,LC0200A,11976,T37
1120,BSc Computer Science,LC0200A,MA1508,13680,CB1
1120,BSc Computer Science,LC0200A,MA1508,13681,TB1
1120,BSc Computer Science,LC0200A,CS2115,15274,T05
1120,BSc Computer Science,LC0200A,CS1302A,15568,C01
1120,BSc Computer Science,LC0200A,CS1302A,15573,T02
1121,BSc Computer Science,LC0200A,CS2115,10405,C01
1121,BSc Computer Science,LC0200A,MA1508,11511,CA1
1121,BSc Computer Science,LC0200A,MA1508,11709,TA1
1121,BSc Computer Science,LC0200A,LC0200A,11976,T37
1121,BSc Computer Science,LC0200A,CS2115,15055,T04
1121,BSc Computer Science,LC0200A,CS1302A,15568,C01
1121,BSc Computer Science,LC0200A,CS1302A,15575,T03
1122,BSc Computer Science,LC0200A,LC0200A,10865,T05
1122,BSc Computer Science,LC0200A,CS2115,11251,CB1
1122,BSc Computer Science,LC0200A,MA1508,11511,CA1
1122,BSc Computer Science,LC0200A,MA1508,11709,TA1
1122,BSc Computer Science,LC0200A,CS2115,15275,TB4
1122,BSc Computer Science,LC0200A,CS1302A,15568,C01
1122,BSc Computer Science,LC0200A,CS1302A,15575,T03
1123,BSc Computer Science,LC0200A,CS2115,10405,C01
1123,BSc Computer Science,LC0200A,LC0200A,10882,T13
1123,BSc Computer Science,LC0200A,MA1508,11511,CA1
1123,BSc Computer Science,LC0200A,MA1508,11709,TA1
1123,BSc Computer Science,LC0200A,CS2115,15055,T04
1123,BSc Computer Science,LC0200A,CS1302A,15568,C01
1123,BSc Computer Science,LC0200A,CS1302A,15575,T03
1124,BSc Computer Science,LC0200A,CS2115,10405,C01
1124,BSc Computer Science,LC0200A,LC0200A,10884,T15
1124,BSc Computer Science,LC0200A,MA1508,13680,CB1
1124,BSc Computer Science,LC0200A,MA1508,13681,TB1
1124,BSc Computer Science,LC0200A,CS2115,15055,T04
1124,BSc Computer Science,LC0200A,CS1302A,15568,C01
1124,BSc Computer Science,LC0200A,CS1302A,15575,T03
1125,BSc Computer Science,LC0200A,CS2115,10405,C01
1125,BSc Computer Science,LC0200A,CS2115,10406,T01
1125,BSc Computer Science,LC0200A,LC0200A,11170,T32
1125,BSc Computer Science,LC0200A,MA1508,13680,CB1
1125,BSc Computer Science,LC0200A,MA1508,13681,TB1
1125,BSc Computer Science,LC0200A,CS1302A,15568,C01
1125,BSc Computer Science,LC0200A,CS1302A,15575,T03
1126,BSc Computer Science,LC0200A,CS2115,10405,C01
1126,BSc Computer Science,LC0200A,CS2115,10406,T01
1126,BSc Computer Science,LC0200A,LC0200A,10886,T17
1126,BSc Computer Science,LC0200A,MA1508,13680,CB1
1126,BSc Computer Science,LC0200A,MA1508,13681,TB1
1126,BSc Computer Science,LC0200A,CS1302A,15568,C01
1126,BSc Computer Science,LC0200A,CS1302A,15573,T02
1127,BSc Computer Science,LC0200A,CS2115,10405,C01
1127,BSc Computer Science,LC0200A,CS2115,10407,T02
1127,BSc Computer Science,LC0200A,LC0200A,10885,T16
1127,BSc Computer Science,LC0200A,MA1508,13680,CB1
1127,BSc Computer Science,LC0200A,MA1508,13681,TB1
1127,BSc Computer Science,LC0200A,CS1302A,15568,C01
1127,BSc Computer Science,LC0200A,CS1302A,15575,T03
1128,BSc Computer Science,LC0200A,CS2115,10405,C01
1128,BSc Computer Science,LC0200A,CS2115,10406,T01
1128,BSc Computer Science,LC0200A,LC0200A,11173,T33
1128,BSc Computer Science,LC0200A,MA1508,13680,CB1
1128,BSc Computer Science,LC0200A,MA1508,13681,TB1
1128,BSc Computer Science,LC0200A,CS1302A,15568,C01
1128,BSc Computer Science,LC0200A,CS1302A,15575,T03
1129,BSc Computer Science,LC0200A,CS2115,10405,C01
1129,BSc Computer Science,LC0200A,CS2115,10407,T02
1129,BSc Computer Science,LC0200A,MA1508,13680,CB1
1129,BSc Computer Science,LC0200A,MA1508,13681,TB1
1129,BSc Computer Science,LC0200A,LC0200A,14950,T18
1129,BSc Computer Science,LC0200A,CS1302A,15568,C01
1129,BSc Computer Science,LC0200A,CS1302A,15570,T01
1130,BSc Data Science,GE1401,GE1401,10686,T09
1130,BSc Data Science,GE1401,DSC1001,12087,C01
1130,BSc Data Science,GE1401,CS1315,13025,CA1
1130,BSc Data Science,GE1401,MA1508,13680,CB1
1130,BSc Data Science,GE1401,MA1508,13681,TB1
1130,BSc Data Science,GE1401,CS1315,13730,LA5
1131,BSc Data Science,GE1401,MA1508,11511,CA1
1131,BSc Data Science,GE1401,MA1508,11709,TA1
1131,BSc Data Science,GE1401,DSC1001,12087,C01
1131,BSc Data Science,GE1401,CS1315,13025,CA1
1131,BSc Data Science,GE1401,CS1315,13033,LA1
1131,BSc Data Science,GE1401,GE1401,15180,TC1
1132,BSc Data Science,GE1401,GE1401,10723,T56
1132,BSc Data Science,GE1401,MA1508,11511,CA1
1132,BSc Data Science,GE1401,MA1508,11709,TA1
1132,BSc Data Science,GE1401,DSC1001,12087,C01
1132,BSc Data Science,GE1401,CS1315,13018,C01
1132,BSc Data Science,GE1401,CS1315,13024,L05
1133,BSc Data Science,GE1401,GE1401,10681,T04
1133,BSc Data Science,GE1401,DSC1001,12087,C01
1133,BSc Data Science,GE1401,CS1315,13018,C01
1133,BSc Data Science,GE1401,CS1315,13020,L01
1133,BSc Data Science,GE1401,MA1508,13680,CB1
1133,BSc Data Science,GE1401,MA1508,13681,TB1
1134,BSc Data Science,GE1401,GE1401,10686,T09
1134,BSc Data Science,GE1401,DSC1001,12087,C01
1134,BSc Data Science,GE1401,CS1315,13018,C01
1134,BSc Data Science,GE1401,CS1315,13021,L02
1134,BSc Data Science,GE1401,MA1508,13680,CB1
1134,BSc Data Science,GE1401,MA1508,13681,TB1
1135,BSc Data Science,GE1401,DSC1001,12087,C01
1135,BSc Data Science,GE1401,CS1315,13018,C01
1135,BSc Data Science,GE1401,CS1315,13021,L02
1135,BSc Data Science,GE1401,GE1401,13263,T92
1135,BSc Data Science,GE1401,MA1508,13680,CB1
1135,BSc Data Science,GE1401,MA1508,13681,TB1
1136,BSc Data Science,GE1401,DSC1001,12087,C01
1136,BSc Data Science,GE1401,CS1315,13018,C01
1136,BSc Data Science,GE1401,CS1315,13021,L02
1136,BSc Data Science,GE1401,MA1508,13680,CB1
1136,BSc Data Science,GE1401,MA1508,13681,TB1
1136,BSc Data Science,GE1401,GE1401,15603,T73
1137,BSc Data Science,GE1401,GE1401,10680,T03
1137,BSc Data Science,GE1401,DSC1001,12087,C01
1137,BSc Data Science,GE1401,CS1315,13018,C01
1137,BSc Data Science,GE1401,CS1315,13023,L04
1137,BSc Data Science,GE1401,MA1508,13680,CB1
1137,BSc Data Science,GE1401,MA1508,13681,TB1
1138,BSc Data Science,GE1401,GE1401,10683,T06
1138,BSc Data Science,GE1401,DSC1001,12087,C01
1138,BSc Data Science,GE1401,CS1315,13018,C01
1138,BSc Data Science,GE1401,CS1315,13023,L04
1138,BSc Data Science,GE1401,MA1508,13680,CB1
1138,BSc Data Science,GE1401,MA1508,13681,TB1
1139,BSc Data Science,GE1401,GE1401,10706,T31
1139,BSc Data Science,GE1401,DSC1001,12087,C01
1139,BSc Data Science,GE1401,CS1315,13025,CA1
1139,BSc Data Science,GE1401,MA1508,13680,CB1
1139,BSc Data Science,GE1401,MA1508,13681,TB1
1139,BSc Data Science,GE1401,CS1315,13729,LA4
1140,BSc Data Science,GE1401,GE1401,10697,T21
1140,BSc Data Science,GE1401,DSC1001,12087,C01
1140,BSc Data Science,GE1401,CS1315,13018,C01
1140,BSc Data Science,GE1401,CS1315,13023,L04
1140,BSc Data Science,GE1401,MA1508,13680,CB1
1140,BSc Data Science,GE1401,MA1508,13681,TB1
1141,BSc Data Science,GE1401,DSC1001,12087,C01
1141,BSc Data Science,GE1401,CS1315,13018,C01
1141,BSc Data Science,GE1401,CS1315,13021,L02
1141,BSc Data Science,GE1401,GE1401,13263,T92
1141,BSc Data Science,GE1401,MA1508,13680,CB1
1141,BSc Data Science,GE1401,MA1508,13681,TB1
1142,BSc Data Science,GE1401,GE1401,10704,T29
1142,BSc Data Science,GE1401,MA1508,11511,CA1
1142,BSc Data Science,GE1401,MA1508,11709,TA1
1142,BSc Data Science,GE1401,DSC1001,12087,C01
1142,BSc Data Science,GE1401,CS1315,13018,C01
1142,BSc Data Science,GE1401,CS1315,13022,L03
1143,BSc Data Science,GE1401,GE1401,10723,T56
1143,BSc Data Science,GE1401,DSC1001,12087,C01
1143,BSc Data Science,GE1401,CS1315,13018,C01
1143,BSc Data Science,GE1401,CS1315,13023,L04
1143,BSc Data Science,GE1401,MA1508,13680,CB1
1143,BSc Data Science,GE1401,MA1508,13681,TB1
1144,BSc Data Science,GE1401,GE1401,10680,T03
1144,BSc Data Science,GE1401,DSC1001,12087,C01
1144,BSc Data Science,GE1401,CS1315,13018,C01
1144,BSc Data Science,GE1401,CS1315,13022,L03
1144,BSc Data Science,GE1401,MA1508,13680,CB1
1144,BSc Data Science,GE1401,MA1508,13681,TB1
1145,BSc Data Science,GE1401,DSC1001,12087,C01
1145,BSc Data Science,GE1401,GE1401,12119,T18
1145,BSc Data Science,GE1401,CS1315,13018,C01
1145,BSc Data Science,GE1401,CS1315,13020,L01
1145,BSc Data Science,GE1401,MA1508,13680,CB1
1145,BSc Data Science,GE1401,MA1508,13681,TB1
1146,BSc Data Science,GE1401,MA1508,11511,CA1
1146,BSc Data Science,GE1401,MA1508,11709,TA1
1146,BSc Data Science,GE1401,DSC1001,12087,C01
1146,BSc Data Science,GE1401,CS1315,13025,CA1
1146,BSc Data Science,GE1401,CS1315,13033,LA1
1146,BSc Data Science,GE1401,GE1401,13570,T98
1147,BSc Data Science,GE1401,GE1401,10686,T09
1147,BSc Data Science,GE1401,DSC1001,12087,C01
1147,BSc Data Science,GE1401,CS1315,13018,C01
1147,BSc Data Science,GE1401,CS1315,13020,L01
1147,BSc Data Science,GE1401,MA1508,13680,CB1
1147,BSc Data Science,GE1401,MA1508,13681,TB1
1148,BSc Data Science,GE1401,GE1401,10695,T19
1148,BSc Data Science,GE1401,MA1508,11511,CA1
1148,BSc Data Science,GE1401,MA1508,11709,TA1
1148,BSc Data Science,GE1401,DSC1001,12087,C01
1148,BSc Data Science,GE1401,CS1315,13018,C01
1148,BSc Data Science,GE1401,CS1315,13023,L04
1149,BSc Data Science,GE1401,DSC1001,12087,C01
1149,BSc Data Science,GE1401,CS1315,13018,C01
1149,BSc Data Science,GE1401,CS1315,13020,L01
1149,BSc Data Science,GE1401,GE1401,13568,T96
1149,BSc Data Science,GE1401,MA1508,13680,CB1
1149,BSc Data Science,GE1401,MA1508,13681,TB1
1150,BSc Data Science,GE1401,GE1401,10711,T38
1150,BSc Data Science,GE1401,MA1508,11511,CA1
1150,BSc Data Science,GE1401,MA1508,11709,TA1
1150,BSc Data Science,GE1401,DSC1001,12087,C01
1150,BSc Data Science,GE1401,CS1315,13018,C01
1150,BSc Data Science,GE1401,CS1315,13021,L02
1151,BSc Data Science,GE1401,MA1508,11511,CA1
1151,BSc Data Science,GE1401,MA1508,11709,TA1
1151,BSc Data Science,GE1401,DSC1001,12087,C01
1151,BSc Data Science,GE1401,CS1315,13018,C01
1151,BSc Data Science,GE1401,CS1315,13023,L04
1151,BSc Data Science,GE1401,GE1401,13573,TB2
1152,BSc Data Science,GE1401,DSC1001,12087,C01
1152,BSc Data Science,GE1401,CS1315,13018,C01
1152,BSc Data Science,GE1401,CS1315,13023,L04
1152,BSc Data Science,GE1401,GE1401,13570,T98
1152,BSc Data Science,GE1401,MA1508,13680,CB1
1152,BSc Data Science,GE1401,MA1508,13681,TB1
1153,BSc Data Science,GE1401,GE1401,10683,T06
1153,BSc Data Science,GE1401,MA1508,11511,CA1
1153,BSc Data Science,GE1401,MA1508,11709,TA1
1153,BSc Data Science,GE1401,DSC1001,12087,C01
1153,BSc Data Science,GE1401,CS1315,13018,C01
1153,BSc Data Science,GE1401,CS1315,13024,L05
1154,BSc Data Science,GE1401,DSC1001,12087,C01
1154,BSc Data Science,GE1401,GE1401,12814,T91
1154,BSc Data Science,GE1401,CS1315,13018,C01
1154,BSc Data Science,GE1401,CS1315,13022,L03
1154,BSc Data Science,GE1401,MA1508,13680,CB1
1154,BSc Data Science,GE1401,MA1508,13681,TB1
1155,BSc Data Science,GE1401,DSC1001,12087,C01
1155,BSc Data Science,GE1401,CS1315,13018,C01
1155,BSc Data Science,GE1401,CS1315,13022,L03
1155,BSc Data Science,GE1401,MA1508,13680,CB1
1155,BSc Data Science,GE1401,MA1508,13681,TB1
1155,BSc Data Science,GE1401,GE1401,15600,T14
1156,BSc Data Science,GE1401,DSC1001,12087,C01
1156,BSc Data Science,GE1401,CS1315,13018,C01
1156,BSc Data Science,GE1401,CS1315,13020,L01
1156,BSc Data Science,GE1401,GE1401,13577,TB6
1156,BSc Data Science,GE1401,MA1508,13680,CB1
1156,BSc Data Science,GE1401,MA1508,13681,TB1
1157,BSc Data Science,GE1401,GE1401,10685,T08
1157,BSc Data Science,GE1401,MA1508,11511,CA1
1157,BSc Data Science,GE1401,MA1508,11709,TA1
1157,BSc Data Science,GE1401,DSC1001,12087,C01
1157,BSc Data Science,GE1401,CS1315,13018,C01
1157,BSc Data Science,GE1401,CS1315,13020,L01
1158,BSc Data Science,GE1401,GE1401,10686,T09
1158,BSc Data Science,GE1401,DSC1001,12087,C01
1158,BSc Data Science,GE1401,CS1315,13018,C01
1158,BSc Data Science,GE1401,CS1315,13020,L01
1158,BSc Data Science,GE1401,MA1508,13680,CB1
1158,BSc Data Science,GE1401,MA1508,13681,TB1
1159,BSc Data Science,GE1401,GE1401,10729,T63
1159,BSc Data Science,GE1401,DSC1001,12087,C01
1159,BSc Data Science,GE1401,CS1315,13018,C01
1159,BSc Data Science,GE1401,CS1315,13024,L05
1159,BSc Data Science,GE1401,MA1508,13680,CB1
1159,BSc Data Science,GE1401,MA1508,13681,TB1
1160,BSc Data Science,GE1401,GE1401,10694,T17
1160,BSc Data Science,GE1401,DSC1001,12087,C01
1160,BSc Data Science,GE1401,CS1315,13025,CA1
1160,BSc Data Science,GE1401,CS1315,13035,LA3
1160,BSc Data Science,GE1401,MA1508,13680,CB1
1160,BSc Data Science,GE1401,MA1508,13681,TB1
1161,BSc Data Science,GE1401,GE1401,10719,T52
1161,BSc Data Science,GE1401,MA1508,11511,CA1
1161,BSc Data Science,GE1401,MA1508,11709,TA1
1161,BSc Data Science,GE1401,DSC1001,12087,C01
1161,BSc Data Science,GE1401,CS1315,13018,C01
1161,BSc Data Science,GE1401,CS1315,13021,L02
1162,BSc Data Science,GE1401,GE1401,10706,T31
1162,BSc Data Science,GE1401,DSC1001,12087,C01
1162,BSc Data Science,GE1401,CS1315,13018,C01
1162,BSc Data Science,GE1401,CS1315,13021,L02
1162,BSc Data Science,GE1401,MA1508,13680,CB1
1162,BSc Data Science,GE1401,MA1508,13681,TB1
1163,BSc Data Science,GE1401,MA1508,11511,CA1
1163,BSc Data Science,GE1401,MA1508,11709,TA1
1163,BSc Data Science,GE1401,DSC1001,12087,C01
1163,BSc Data Science,GE1401,CS1315,13018,C01
1163,BSc Data Science,GE1401,CS1315,13020,L01
1163,BSc Data Science,GE1401,GE1401,13568,T96
1164,BSc Data Science,GE1401,MA1508,11511,CA1
1164,BSc Data Science,GE1401,MA1508,11709,TA1
1164,BSc Data Science,GE1401,DSC1001,12087,C01
1164,BSc Data Science,GE1401,GE1401,12126,T67
1164,BSc Data Science,GE1401,CS1315,13018,C01
1164,BSc Data Science,GE1401,CS1315,13024,L05
1165,BSc Data Science,GE1401,GE1401,10729,T63
1165,BSc Data Science,GE1401,MA1508,11511,CA1
1165,BSc Data Science,GE1401,MA1508,11709,TA1
1165,BSc Data Science,GE1401,DSC1001,12087,C01
1165,BSc Data Science,GE1401,CS1315,13018,C01
1165,BSc Data Science,GE1401,CS1315,13022,L03
1166,BSc Data Science,GE1401,GE1401,11500,T86
1166,BSc Data Science,GE1401,DSC1001,12087,C01
1166,BSc Data Science,GE1401,CS1315,13018,C01
1166,BSc Data Science,GE1401,CS1315,13021,L02
1166,BSc Data Science,GE1401,MA1508,13680,CB1
1166,BSc Data Science,GE1401,MA1508,13681,TB1
1167,BSc Data Science,GE1401,GE1401,10701,T25
1167,BSc Data Science,GE1401,DSC1001,12087,C01
1167,BSc Data Science,GE1401,CS1315,13018,C01
1167,BSc Data Science,GE1401,CS1315,13023,L04
1167,BSc Data Science,GE1401,MA1508,13680,CB1
1167,BSc Data Science,GE1401,MA1508,13681,TB1
1168,BSc Data Science,GE1401,GE1401,11498,T83
1168,BSc Data Science,GE1401,MA1508,11511,CA1
1168,BSc Data Science,GE1401,MA1508,11709,TA1
1168,BSc Data Science,GE1401,DSC1001,12087,C01
1168,BSc Data Science,GE1401,CS1315,13018,C01
1168,BSc Data Science,GE1401,CS1315,13024,L05
1169,BSc Data Science,GE1401,GE1401,10694,T17
1169,BSc Data Science,GE1401,DSC1001,12087,C01
1169,BSc Data Science,GE1401,CS1315,13018,C01
1169,BSc Data Science,GE1401,CS1315,13021,L02
1169,BSc Data Science,GE1401,MA1508,13680,CB1
1169,BSc Data Science,GE1401,MA1508,13681,TB1
1170,BSc Data Science,GE1401,GE1401,10681,T04
1170,BSc Data Science,GE1401,DSC1001,12087,C01
1170,BSc Data Science,GE1401,CS1315,13018,C01
1170,BSc Data Science,GE1401,CS1315,13020,L01
1170,BSc Data Science,GE1401,MA1508,13680,CB1
1170,BSc Data Science,GE1401,MA1508,13681,TB1
1171,BSc Data Science,GE1401,GE1401,10729,T63
1171,BSc Data Science,GE1401,DSC1001,12087,C01
1171,BSc Data Science,GE1401,CS1315,13018,C01
1171,BSc Data Science,GE1401,CS1315,13023,L04
1171,BSc Data Science,GE1401,MA1508,13680,CB1
1171,BSc Data Science,GE1401,MA1508,13681,TB1
1172,BSc Data Science,GE1401,GE1401,10705,T30
1172,BSc Data Science,GE1401,DSC1001,12087,C01
1172,BSc Data Science,GE1401,CS1315,13025,CA1
1172,BSc Data Science,GE1401,MA1508,13680,CB1
1172,BSc Data Science,GE1401,MA1508,13681,TB1
1172,BSc Data Science,GE1401,CS1315,13729,LA4
1173,BSc Data Science,GE1401,GE1401,10707,T32
1173,BSc Data Science,GE1401,MA1508,11511,CA1
1173,BSc Data Science,GE1401,MA1508,11709,TA1
1173,BSc Data Science,GE1401,DSC1001,12087,C01
1173,BSc Data Science,GE1401,CS1315,13018,C01
1173,BSc Data Science,GE1401,CS1315,13021,L02
1174,BSc Data Science,GE1401,DSC1001,12087,C01
1174,BSc Data Science,GE1401,GE1401,12814,T91
1174,BSc Data Science,GE1401,CS1315,13018,C01
1174,BSc Data Science,GE1401,CS1315,13023,L04
1174,BSc Data Science,GE1401,MA1508,13680,CB1
1174,BSc Data Science,GE1401,MA1508,13681,TB1
1175,BSc Data Science,GE1401,GE1401,10705,T30
1175,BSc Data Science,GE1401,DSC1001,12087,C01
1175,BSc Data Science,GE1401,CS1315,13018,C01
1175,BSc Data Science,GE1401,CS1315,13023,L04
1175,BSc Data Science,GE1401,MA1508,13680,CB1
1175,BSc Data Science,GE1401,MA1508,13681,TB1
1176,BSc Data Science,GE1401,DSC1001,12087,C01
1176,BSc Data Science,GE1401,GE1401,12121,T33
1176,BSc Data Science,GE1401,CS1315,13025,CA1
1176,BSc Data Science,GE1401,MA1508,13680,CB1
1176,BSc Data Science,GE1401,MA1508,13681,TB1
1176,BSc Data Science,GE1401,CS1315,13730,LA5
1177,BSc Data Science,GE1401,MA1508,11511,CA1
1177,BSc Data Science,GE1401,MA1508,11709,TA1
1177,BSc Data Science,GE1401,DSC1001,12087,C01
1177,BSc Data Science,GE1401,CS1315,13018,C01
1177,BSc Data Science,GE1401,CS1315,13024,L05
1177,BSc Data Science,GE1401,GE1401,15603,T73
1178,BSc Data Science,GE1401,GE1401,11506,T78
1178,BSc Data Science,GE1401,DSC1001,12087,C01
1178,BSc Data Science,GE1401,CS1315,13018,C01
1178,BSc Data Science,GE1401,CS1315,13022,L03
1178,BSc Data Science,GE1401,MA1508,13680,CB1
1178,BSc Data Science,GE1401,MA1508,13681,TB1
1179,BSc Data Science,GE1401,GE1401,11451,T68
1179,BSc Data Science,GE1401,MA1508,11511,CA1
1179,BSc Data Science,GE1401,MA1508,11709,TA1
1179,BSc Data Science,GE1401,DSC1001,12087,C01
1179,BSc Data Science,GE1401,CS1315,13018,C01
1179,BSc Data Science,GE1401,CS1315,13023,L04
1180,BSc Data Science,GE1401,DSC1001,12087,C01
1180,BSc Data Science,GE1401,CS1315,13018,C01
1180,BSc Data Science,GE1401,CS1315,13023,L04
1180,BSc Data Science,GE1401,GE1401,13561,T95
1180,BSc Data Science,GE1401,MA1508,13680,CB1
1180,BSc Data Science,GE1401,MA1508,13681,TB1
1181,BSc Data Science,GE1401,GE1401,10726,T59
1181,BSc Data Science,GE1401,DSC1001,12087,C01
1181,BSc Data Science,GE1401,CS1315,13018,C01
1181,BSc Data Science,GE1401,CS1315,13020,L01
1181,BSc Data Science,GE1401,MA1508,13680,CB1
1181,BSc Data Science,GE1401,MA1508,13681,TB1
1182,BSc Data Science,GE1401,GE1401,11504,T90
1182,BSc Data Science,GE1401,DSC1001,12087,C01
1182,BSc Data Science,GE1401,CS1315,13018,C01
1182,BSc Data Science,GE1401,CS1315,13020,L01
1182,BSc Data Science,GE1401,MA1508,13680,CB1
1182,BSc Data Science,GE1401,MA1508,13681,TB1
1183,BSc Data Science,GE1401,GE1401,11495,T77
1183,BSc Data Science,GE1401,MA1508,11511,CA1
1183,BSc Data Science,GE1401,MA1508,11709,TA1
1183,BSc Data Science,GE1401,DSC1001,12087,C01
1183,BSc Data Science,GE1401,CS1315,13018,C01
1183,BSc Data Science,GE1401,CS1315,13024,L05
1184,BSc Data Science,LC0200A,LC0200A,11029,T30
1184,BSc Data Science,LC0200A,DSC1001,12087,C01
1184,BSc Data Science,LC0200A,CS1315,13018,C01
1184,BSc Data Science,LC0200A,CS1315,13023,L04
1184,BSc Data Science,LC0200A,MA1508,13680,CB1
1184,BSc Data Science,LC0200A,MA1508,13681,TB1
1185,BSc Data Science,LC0200A,LC0200A,11975,T35
1185,BSc Data Science,LC0200A,DSC1001,12087,C01
1185,BSc Data Science,LC0200A,CS1315,13018,C01
1185,BSc Data Science,LC0200A,CS1315,13024,L05
1185,BSc Data Science,LC0200A,MA1508,13680,CB1
1185,BSc Data Science,LC0200A,MA1508,13681,TB1
1186,BSc Data Science,LC0200A,LC0200A,10880,T11
1186,BSc Data Science,LC0200A,MA1508,11511,CA1
1186,BSc Data Science,LC0200A,MA1508,11709,TA1
1186,BSc Data Science,LC0200A,DSC1001,12087,C01
1186,BSc Data Science,LC0200A,CS1315,13018,C01
1186,BSc Data Science,LC0200A,CS1315,13022,L03
1187,BSc Data Science,LC0200A,LC0200A,10863,T03
1187,BSc Data Science,LC0200A,DSC1001,12087,C01
1187,BSc Data Science,LC0200A,CS1315,13018,C01
1187,BSc Data Science,LC0200A,CS1315,13020,L01
1187,BSc Data Science,LC0200A,MA1508,13680,CB1
1187,BSc Data Science,LC0200A,MA1508,13681,TB1
1188,BSc Data Science,LC0200A,LC0200A,10877,T08
1188,BSc Data Science,LC0200A,MA1508,11511,CA1
1188,BSc Data Science,LC0200A,MA1508,11709,TA1
1188,BSc Data Science,LC0200A,DSC1001,12087,C01
1188,BSc Data Science,LC0200A,CS1315,13018,C01
1188,BSc Data Science,LC0200A,CS1315,13021,L02
1189,BSc Data Science,LC0200A,LC0200A,10864,T04
1189,BSc Data Science,LC0200A,MA1508,11511,CA1
1189,BSc Data Science,LC0200A,MA1508,11709,TA1
1189,BSc Data Science,LC0200A,DSC1001,12087,C01
1189,BSc Data Science,LC0200A,CS1315,13018,C01
1189,BSc Data Science,LC0200A,CS1315,13021,L02
1190,BSc Data Science,LC0200A,LC0200A,10880,T11
1190,BSc Data Science,LC0200A,MA1508,11511,CA1
1190,BSc Data Science,LC0200A,MA1508,11709,TA1
1190,BSc Data Science,LC0200A,DSC1001,12087,C01
1190,BSc Data Science,LC0200A,CS1315,13018,C01
1190,BSc Data Science,LC0200A,CS1315,13020,L01
1191,BSc Data Science,LC0200A,MA1508,11511,CA1
1191,BSc Data Science,LC0200A,MA1508,11709,TA1
1191,BSc Data Science,LC0200A,LC0200A,11976,T37
1191,BSc Data Science,LC0200A,DSC1001,12087,C01
1191,BSc Data Science,LC0200A,CS1315,13018,C01
1191,BSc Data Science,LC0200A,CS1315,13020,L01
1192,BSc Data Science,LC0200A,LC0200A,10886,T17
1192,BSc Data Science,LC0200A,MA1508,11511,CA1
1192,BSc Data Science,LC0200A,MA1508,11709,TA1
1192,BSc Data Science,LC0200A,DSC1001,12087,C01
1192,BSc Data Science,LC0200A,CS1315,13018,C01
1192,BSc Data Science,LC0200A,CS1315,13021,L02
1193,BSc Data Science,LC0200A,LC0200A,10865,T05
1193,BSc Data Science,LC0200A,MA1508,11511,CA1
1193,BSc Data Science,LC0200A,MA1508,11709,TA1
1193,BSc Data Science,LC0200A,DSC1001,12087,C01
1193,BSc Data Science,LC0200A,CS1315,13018,C01
1193,BSc Data Science,LC0200A,CS1315,13023,L04
1194,BSc Data Science,LC0200A,LC0200A,10880,T11
1194,BSc Data Science,LC0200A,DSC1001,12087,C01
1194,BSc Data Science,LC0200A,CS1315,13018,C01
1194,BSc Data Science,LC0200A,CS1315,13022,L03
1194,BSc Data Science,LC0200A,MA1508,13680,CB1
1194,BSc Data Science,LC0200A,MA1508,13681,TB1
1195,BSc Data Science,LC0200A,LC0200A,11449,T34
1195,BSc Data Science,LC0200A,DSC1001,12087,C01
1195,BSc Data Science,LC0200A,CS1315,13018,C01
1195,BSc Data Science,LC0200A,CS1315,13024,L05
1195,BSc Data Science,LC0200A,MA1508,13680,CB1
1195,BSc Data Science,LC0200A,MA1508,13681,TB1
1196,BSc Data Science,LC0200A,LC0200A,10892,T24
1196,BSc Data Science,LC0200A,DSC1001,12087,C01
1196,BSc Data Science,LC0200A,CS1315,13018,C01
1196,BSc Data Science,LC0200A,CS1315,13021,L02
1196,BSc Data Science,LC0200A,MA1508,13680,CB1
1196,BSc Data Science,LC0200A,MA1508,13681,TB1
1197,BSc Data Science,LC0200A,LC0200A,10894,T26
1197,BSc Data Science,LC0200A,MA1508,11511,CA1
1197,BSc Data Science,LC0200A,MA1508,11709,TA1
1197,BSc Data Science,LC0200A,DSC1001,12087,C01
1197,BSc Data Science,LC0200A,CS1315,13018,C01
1197,BSc Data Science,LC0200A,CS1315,13020,L01
1198,BSc Data Science,LC0200A,MA1508,11511,CA1
1198,BSc Data Science,LC0200A,MA1508,11709,TA1
1198,BSc Data Science,LC0200A,LC0200A,11976,T37
1198,BSc Data Science,LC0200A,DSC1001,12087,C01
1198,BSc Data Science,LC0200A,CS1315,13025,CA1
1198,BSc Data Science,LC0200A,CS1315,13034,LA2
1199,BSc Data Science,LC0200A,LC0200A,11170,T32
1199,BSc Data Science,LC0200A,DSC1001,12087,C01
1199,BSc Data Science,LC0200A,CS1315,13018,C01
1199,BSc Data Science,LC0200A,CS1315,13020,L01
1199,BSc Data Science,LC0200A,MA1508,13680,CB1
1199,BSc Data Science,LC0200A,MA1508,13681,TB1
1200,BSc Data Science,LC0200A,LC0200A,10890,T22
1200,BSc Data Science,LC0200A,DSC1001,12087,C01
1200,BSc Data Science,LC0200A,CS1315,13018,C01
1200,BSc Data Science,LC0200A,CS1315,13020,L01
1200,BSc Data Science,LC0200A,MA1508,13680,CB1
1200,BSc Data Science,LC0200A,MA1508,13681,TB1
1201,BSc Data Science,LC0200A,LC0200A,10893,T25
1201,BSc Data Science,LC0200A,MA1508,11511,CA1
1201,BSc Data Science,LC0200A,MA1508,11709,TA1
1201,BSc Data Science,LC0200A,DSC1001,12087,C01
1201,BSc Data Science,LC0200A,CS1315,13018,C01
1201,BSc Data Science,LC0200A,CS1315,13024,L05
1202,BSc Data Science,LC0200A,LC0200A,10841,T01
1202,BSc Data Science,LC0200A,DSC1001,12087,C01
1202,BSc Data Science,LC0200A,CS1315,13018,C01
1202,BSc Data Science,LC0200A,CS1315,13024,L05
1202,BSc Data Science,LC0200A,MA1508,13680,CB1
1202,BSc Data Science,LC0200A,MA1508,13681,TB1
1203,BSc Data Science,LC0200A,LC0200A,10895,T27
1203,BSc Data Science,LC0200A,DSC1001,12087,C01
1203,BSc Data Science,LC0200A,CS1315,13025,CA1
1203,BSc Data Science,LC0200A,CS1315,13035,LA3
1203,BSc Data Science,LC0200A,MA1508,13680,CB1
1203,BSc Data Science,LC0200A,MA1508,13681,TB1
1204,BSc Data Science,LC0200A,MA1508,11511,CA1
1204,BSc Data Science,LC0200A,MA1508,11709,TA1
1204,BSc Data Science,LC0200A,DSC1001,12087,C01
1204,BSc Data Science,LC0200A,LC0200A,12333,T40
1204,BSc Data Science,LC0200A,CS1315,13018,C01
1204,BSc Data Science,LC0200A,CS1315,13022,L03
1205,BSc Data Science,LC0200A,LC0200A,10877,T08
1205,BSc Data Science,LC0200A,DSC1001,12087,C01
1205,BSc Data Science,LC0200A,CS1315,13018,C01
1205,BSc Data Science,LC0200A,CS1315,13020,L01
1205,BSc Data Science,LC0200A,MA1508,13680,CB1
1205,BSc Data Science,LC0200A,MA1508,13681,TB1
1206,BSc Data Science,LC0200A,LC0200A,10890,T22
1206,BSc Data Science,LC0200A,MA1508,11511,CA1
1206,BSc Data Science,LC0200A,MA1508,11709,TA1
1206,BSc Data Science,LC0200A,DSC1001,12087,C01
1206,BSc Data Science,LC0200A,CS1315,13018,C01
1206,BSc Data Science,LC0200A,CS1315,13020,L01
1207,BSc Data and Systems Engineering,GE1401,GE1401,10695,T19
1207,BSc Data and Systems Engineering,GE1401,DSC1001,12087,C01
1207,BSc Data and Systems Engineering,GE1401,CS1315,13018,C01
1207,BSc Data and Systems Engineering,GE1401,CS1315,13024,L05
1207,BSc Data and Systems Engineering,GE1401,MA1508,13680,CB1
1207,BSc Data and Systems Engineering,GE1401,MA1508,13681,TB1
1208,BSc Data and Systems Engineering,GE1401,DSC1001,12087,C01
1208,BSc Data and Systems Engineering,GE1401,GE1401,12735,T74
1208,BSc Data and Systems Engineering,GE1401,CS1315,13018,C01
1208,BSc Data and Systems Engineering,GE1401,CS1315,13023,L04
1208,BSc Data and Systems Engineering,GE1401,MA1508,13680,CB1
1208,BSc Data and Systems Engineering,GE1401,MA1508,13681,TB1
1209,BSc Data and Systems Engineering,GE1401,GE1401,10727,T60
1209,BSc Data and Systems Engineering,GE1401,DSC1001,12087,C01
1209,BSc Data and Systems Engineering,GE1401,CS1315,13018,C01
1209,BSc Data and Systems Engineering,GE1401,CS1315,13024,L05
1209,BSc Data and Systems Engineering,GE1401,MA1508,13680,CB1
1209,BSc Data and Systems Engineering,GE1401,MA1508,13681,TB1
1210,BSc Data and Systems Engineering,GE1401,DSC1001,12087,C01
1210,BSc Data and Systems Engineering,GE1401,GE1401,12124,T49
1210,BSc Data and Systems Engineering,GE1401,CS1315,13018,C01
1210,BSc Data and Systems Engineering,GE1401,CS1315,13020,L01
1210,BSc Data and Systems Engineering,GE1401,MA1508,13680,CB1
1210,BSc Data and Systems Engineering,GE1401,MA1508,13681,TB1
1211,BSc Data and Systems Engineering,GE1401,MA1508,11511,CA1
1211,BSc Data and Systems Engineering,GE1401,MA1508,11709,TA1
1211,BSc Data and Systems Engineering,GE1401,DSC1001,12087,C01
1211,BSc Data and Systems Engineering,GE1401,CS1315,13018,C01
1211,BSc Data and Systems Engineering,GE1401,CS1315,13024,L05
1211,BSc Data and Systems Engineering,GE1401,GE1401,15600,T14
1212,BSc Data and Systems Engineering,GE1401,GE1401,10714,T43
1212,BSc Data and Systems Engineering,GE1401,DSC1001,12087,C01
1212,BSc Data and Systems Engineering,GE1401,CS1315,13018,C01
1212,BSc Data and Systems Engineering,GE1401,CS1315,13022,L03
1212,BSc Data and Systems Engineering,GE1401,MA1508,13680,CB1
1212,BSc Data and Systems Engineering,GE1401,MA1508,13681,TB1
1213,BSc Data and Systems Engineering,GE1401,GE1401,10708,T34
1213,BSc Data and Systems Engineering,GE1401,DSC1001,12087,C01
1213,BSc Data and Systems Engineering,GE1401,CS1315,13018,C01
1213,BSc Data and Systems Engineering,GE1401,CS1315,13021,L02
1213,BSc Data and Systems Engineering,GE1401,MA1508,13680,CB1
1213,BSc Data and Systems Engineering,GE1401,MA1508,13681,TB1
1214,BSc Data and Systems Engineering,GE1401,MA1508,11511,CA1
1214,BSc Data and Systems Engineering,GE1401,MA1508,11709,TA1
1214,BSc Data and Systems Engineering,GE1401,DSC1001,12087,C01
1214,BSc Data and Systems Engineering,GE1401,GE1401,12121,T33
1214,BSc Data and Systems Engineering,GE1401,CS1315,13018,C01
1214,BSc Data and Systems Engineering,GE1401,CS1315,13023,L04
1215,BSc Data and Systems Engineering,GE1401,GE1401,10695,T19
1215,BSc Data and Systems Engineering,GE1401,MA1508,11511,CA1
1215,BSc Data and Systems Engineering,GE1401,MA1508,11709,TA1
1215,BSc Data and Systems Engineering,GE1401,DSC1001,12087,C01
1215,BSc Data and Systems Engineering,GE1401,CS1315,13018,C01
1215,BSc Data and Systems Engineering,GE1401,CS1315,13022,L03
1216,BSc Data and Systems Engineering,GE1401,GE1401,11496,T79
1216,BSc Data and Systems Engineering,GE1401,DSC1001,12087,C01
1216,BSc Data and Systems Engineering,GE1401,CS1315,13018,C01
1216,BSc Data and Systems Engineering,GE1401,CS1315,13020,L01
1216,BSc Data and Systems Engineering,GE1401,MA1508,13680,CB1
1216,BSc Data and Systems Engineering,GE1401,MA1508,13681,TB1
1217,BSc Data and Systems Engineering,GE1401,DSC1001,12087,C01
1217,BSc Data and Systems Engineering,GE1401,CS1315,13018,C01
1217,BSc Data and Systems Engineering,GE1401,CS1315,13023,L04
1217,BSc Data and Systems Engineering,GE1401,GE1401,13263,T92
1217,BSc Data and Systems Engineering,GE1401,MA1508,13680,CB1
1217,BSc Data and Systems Engineering,GE1401,MA1508,13681,TB1
1218,BSc Data and Systems Engineering,GE1401,GE1401,10694,T17
1218,BSc Data and Systems Engineering,GE1401,MA1508,11511,CA1
1218,BSc Data and Systems Engineering,GE1401,MA1508,11709,TA1
1218,BSc Data and Systems Engineering,GE1401,DSC1001,12087,C01
1218,BSc Data and Systems Engineering,GE1401,CS1315,13018,C01
1218,BSc Data and Systems Engineering,GE1401,CS1315,13020,L01
1219,BSc Data and Systems Engineering,GE1401,DSC1001,12087,C01
1219,BSc Data and Systems Engineering,GE1401,GE1401,12122,T35
1219,BSc Data and Systems Engineering,GE1401,CS1315,13018,C01
1219,BSc Data and Systems Engineering,GE1401,CS1315,13024,L05
1219,BSc Data and Systems Engineering,GE1401,MA1508,13680,CB1
1219,BSc Data and Systems Engineering,GE1401,MA1508,13681,TB1
1220,BSc Data and Systems Engineering,GE1401,MA1508,11511,CA1
1220,BSc Data and Systems Engineering,GE1401,MA1508,11709,TA1
1220,BSc Data and Systems Engineering,GE1401,DSC1001,12087,C01
1220,BSc Data and Systems Engineering,GE1401,CS1315,13018,C01
1220,BSc Data and Systems Engineering,GE1401,CS1315,13023,L04
1220,BSc Data and Systems Engineering,GE1401,GE1401,15183,TC4
1221,BSc Data and Systems Engineering,GE1401,DSC1001,12087,C01
1221,BSc Data and Systems Engineering,GE1401,CS1315,13018,C01
1221,BSc Data and Systems Engineering,GE1401,CS1315,13021,L02
1221,BSc Data and Systems Engineering,GE1401,GE1401,13263,T92
1221,BSc Data and Systems Engineering,GE1401,MA1508,13680,CB1
1221,BSc Data and Systems Engineering,GE1401,MA1508,13681,TB1
1222,BSc Data and Systems Engineering,GE1401,MA1508,11511,CA1
1222,BSc Data and Systems Engineering,GE1401,MA1508,11709,TA1
1222,BSc Data and Systems Engineering,GE1401,DSC1001,12087,C01
1222,BSc Data and Systems Engineering,GE1401,CS1315,13018,C01
1222,BSc Data and Systems Engineering,GE1401,CS1315,13023,L04
1222,BSc Data and Systems Engineering,GE1401,GE1401,13570,T98
1223,BSc Data and Systems Engineering,GE1401,GE1401,10695,T19
1223,BSc Data and Systems Engineering,GE1401,DSC1001,12087,C01
1223,BSc Data and Systems Engineering,GE1401,CS1315,13018,C01
1223,BSc Data and Systems Engineering,GE1401,CS1315,13021,L02
1223,BSc Data and Systems Engineering,GE1401,MA1508,13680,CB1
1223,BSc Data and Systems Engineering,GE1401,MA1508,13681,TB1
1224,BSc Data and Systems Engineering,GE1401,GE1401,11494,T76
1224,BSc Data and Systems Engineering,GE1401,DSC1001,12087,C01
1224,BSc Data and Systems Engineering,GE1401,CS1315,13018,C01
1224,BSc Data and Systems Engineering,GE1401,CS1315,13024,L05
1224,BSc Data and Systems Engineering,GE1401,MA1508,13680,CB1
1224,BSc Data and Systems Engineering,GE1401,MA1508,13681,TB1
1225,BSc Data and Systems Engineering,GE1401,MA1508,11511,CA1
1225,BSc Data and Systems Engineering,GE1401,MA1508,11709,TA1
1225,BSc Data and Systems Engineering,GE1401,DSC1001,12087,C01
1225,BSc Data and Systems Engineering,GE1401,GE1401,12734,T71
1225,BSc Data and Systems Engineering,GE1401,CS1315,13018,C01
1225,BSc Data and Systems Engineering,GE1401,CS1315,13020,L01
1226,BSc Data and Systems Engineering,GE1401,GE1401,11495,T77
1226,BSc Data and Systems Engineering,GE1401,DSC1001,12087,C01
1226,BSc Data and Systems Engineering,GE1401,CS1315,13018,C01
1226,BSc Data and Systems Engineering,GE1401,CS1315,13024,L05
1226,BSc Data and Systems Engineering,GE1401,MA1508,13680,CB1
1226,BSc Data and Systems Engineering,GE1401,MA1508,13681,TB1
1227,BSc Data and Systems Engineering,GE1401,GE1401,10698,T22
1227,BSc Data and Systems Engineering,GE1401,MA1508,11511,CA1
1227,BSc Data and Systems Engineering,GE1401,MA1508,11709,TA1
1227,BSc Data and Systems Engineering,GE1401,DSC1001,12087,C01
1227,BSc Data and Systems Engineering,GE1401,CS1315,13018,C01
1227,BSc Data and Systems Engineering,GE1401,CS1315,13021,L02
1228,BSc Data and Systems Engineering,GE1401,MA1508,11511,CA1
1228,BSc Data and Systems Engineering,GE1401,MA1508,11709,TA1
1228,BSc Data and Systems Engineering,GE1401,DSC1001,12087,C01
1228,BSc Data and Systems Engineering,GE1401,CS1315,13018,C01
1228,BSc Data and Systems Engineering,GE1401,CS1315,13021,L02
1228,BSc Data and Systems Engineering,GE1401,GE1401,14271,TB8
1229,BSc Data and Systems Engineering,GE1401,GE1401,10722,T55
1229,BSc Data and Systems Engineering,GE1401,DSC1001,12087,C01
1229,BSc Data and Systems Engineering,GE1401,CS1315,13018,C01
1229,BSc Data and Systems Engineering,GE1401,CS1315,13021,L02
1229,BSc Data and Systems Engineering,GE1401,MA1508,13680,CB1
1229,BSc Data and Systems Engineering,GE1401,MA1508,13681,TB1
1230,BSc Data and Systems Engineering,GE1401,MA1508,11511,CA1
1230,BSc Data and Systems Engineering,GE1401,MA1508,11709,TA1
1230,BSc Data and Systems Engineering,GE1401,DSC1001,12087,C01
1230,BSc Data and Systems Engineering,GE1401,CS1315,13018,C01
1230,BSc Data and Systems Engineering,GE1401,CS1315,13023,L04
1230,BSc Data and Systems Engineering,GE1401,GE1401,13574,TB3
1231,BSc Data and Systems Engineering,GE1401,GE1401,11497,T81
1231,BSc Data and Systems Engineering,GE1401,DSC1001,12087,C01
1231,BSc Data and Systems Engineering,GE1401,CS1315,13018,C01
1231,BSc Data and Systems Engineering,GE1401,CS1315,13024,L05
1231,BSc Data and Systems Engineering,GE1401,MA1508,13680,CB1
1231,BSc Data and Systems Engineering,GE1401,MA1508,13681,TB1
1232,BSc Data and Systems Engineering,GE1401,GE1401,10705,T30
1232,BSc Data and Systems Engineering,GE1401,MA1508,11511,CA1
1232,BSc Data and Systems Engineering,GE1401,MA1508,11709,TA1
1232,BSc Data and Systems Engineering,GE1401,DSC1001,12087,C01
1232,BSc Data and Systems Engineering,GE1401,CS1315,13018,C01
1232,BSc Data and Systems Engineering,GE1401,CS1315,13024,L05
1233,BSc Data and Systems Engineering,GE1401,MA1508,11511,CA1
1233,BSc Data and Systems Engineering,GE1401,MA1508,11709,TA1
1233,BSc Data and Systems Engineering,GE1401,DSC1001,12087,C01
1233,BSc Data and Systems Engineering,GE1401,CS1315,13018,C01
1233,BSc Data and Systems Engineering,GE1401,CS1315,13024,L05
1233,BSc Data and Systems Engineering,GE1401,GE1401,13572,TB1
1234,BSc Data and Systems Engineering,GE1401,GE1401,10693,T16
1234,BSc Data and Systems Engineering,GE1401,DSC1001,12087,C01
1234,BSc Data and Systems Engineering,GE1401,CS1315,13018,C01
1234,BSc Data and Systems Engineering,GE1401,CS1315,13020,L01
1234,BSc Data and Systems Engineering,GE1401,MA1508,13680,CB1
1234,BSc Data and Systems Engineering,GE1401,MA1508,13681,TB1
1235,BSc Data and Systems Engineering,GE1401,GE1401,10719,T52
1235,BSc Data and Systems Engineering,GE1401,DSC1001,12087,C01
1235,BSc Data and Systems Engineering,GE1401,CS1315,13018,C01
1235,BSc Data and Systems Engineering,GE1401,CS1315,13021,L02
1235,BSc Data and Systems Engineering,GE1401,MA1508,13680,CB1
1235,BSc Data and Systems Engineering,GE1401,MA1508,13681,TB1
1236,BSc Data and Systems Engineering,GE1401,GE1401,10723,T56
1236,BSc Data and Systems Engineering,GE1401,DSC1001,12087,C01
1236,BSc Data and Systems Engineering,GE1401,CS1315,13018,C01
1236,BSc Data and Systems Engineering,GE1401,CS1315,13022,L03
1236,BSc Data and Systems Engineering,GE1401,MA1508,13680,CB1
1236,BSc Data and Systems Engineering,GE1401,MA1508,13681,TB1
1237,BSc Data and Systems Engineering,GE1401,DSC1001,12087,C01
1237,BSc Data and Systems Engineering,GE1401,GE1401,12735,T74
1237,BSc Data and Systems Engineering,GE1401,CS1315,13018,C01
1237,BSc Data and Systems Engineering,GE1401,CS1315,13021,L02
1237,BSc Data and Systems Engineering,GE1401,MA1508,13680,CB1
1237,BSc Data and Systems Engineering,GE1401,MA1508,13681,TB1
1238,BSc Data and Systems Engineering,GE1401,GE1401,11494,T76
1238,BSc Data and Systems Engineering,GE1401,MA1508,11511,CA1
1238,BSc Data and Systems Engineering,GE1401,MA1508,11709,TA1
1238,BSc Data and Systems Engineering,GE1401,DSC1001,12087,C01
1238,BSc Data and Systems Engineering,GE1401,CS1315,13018,C01
1238,BSc Data and Systems Engineering,GE1401,CS1315,13022,L03
1239,BSc Data and Systems Engineering,GE1401,DSC1001,12087,C01
1239,BSc Data and Systems Engineering,GE1401,GE1401,12398,T70
1239,BSc Data and Systems Engineering,GE1401,CS1315,13018,C01
1239,BSc Data and Systems Engineering,GE1401,CS1315,13024,L05
1239,BSc Data and Systems Engineering,GE1401,MA1508,13680,CB1
1239,BSc Data and Systems Engineering,GE1401,MA1508,13681,TB1
1240,BSc Data and Systems Engineering,GE1401,GE1401,10695,T19
1240,BSc Data and Systems Engineering,GE1401,DSC1001,12087,C01
1240,BSc Data and Systems Engineering,GE1401,CS1315,13018,C01
1240,BSc Data and Systems Engineering,GE1401,CS1315,13020,L01
1240,BSc Data and Systems Engineering,GE1401,MA1508,13680,CB1
1240,BSc Data and Systems Engineering,GE1401,MA1508,13681,TB1
1241,BSc Data and Systems Engineering,GE1401,DSC1001,12087,C01
1241,BSc Data and Systems Engineering,GE1401,CS1315,13018,C01
1241,BSc Data and Systems Engineering,GE1401,CS1315,13022,L03
1241,BSc Data and Systems Engineering,GE1401,MA1508,13680,CB1
1241,BSc Data and Systems Engineering,GE1401,MA1508,13681,TB1
1241,BSc Data and Systems Engineering,GE1401,GE1401,15183,TC4
1242,BSc Data and Systems Engineering,GE1401,GE1401,11496,T79
1242,BSc Data and Systems Engineering,GE1401,MA1508,11511,CA1
1242,BSc Data and Systems Engineering,GE1401,MA1508,11709,TA1
1242,BSc Data and Systems Engineering,GE1401,DSC1001,12087,C01
1242,BSc Data and Systems Engineering,GE1401,CS1315,13018,C01
1242,BSc Data and Systems Engineering,GE1401,CS1315,13020,L01
1243,BSc Data and Systems Engineering,LC0200A,LC0200A,10880,T11
1243,BSc Data and Systems Engineering,LC0200A,MA1508,11511,CA1
1243,BSc Data and Systems Engineering,LC0200A,MA1508,11709,TA1
1243,BSc Data and Systems Engineering,LC0200A,DSC1001,12087,C01
1243,BSc Data and Systems Engineering,LC0200A,CS1315,13018,C01
1243,BSc Data and Systems Engineering,LC0200A,CS1315,13022,L03
1244,BSc Data and Systems Engineering,LC0200A,LC0200A,11975,T35
1244,BSc Data and Systems Engineering,LC0200A,DSC1001,12087,C01
1244,BSc Data and Systems Engineering,LC0200A,CS1315,13018,C01
1244,BSc Data and Systems Engineering,LC0200A,CS1315,13023,L04
1244,BSc Data and Systems Engineering,LC0200A,MA1508,13680,CB1
1244,BSc Data and Systems Engineering,LC0200A,MA1508,13681,TB1
1245,BSc Data and Systems Engineering,LC0200A,LC0200A,10876,T07
1245,BSc Data and Systems Engineering,LC0200A,DSC1001,12087,C01
1245,BSc Data and Systems Engineering,LC0200A,CS1315,13018,C01
1245,BSc Data and Systems Engineering,LC0200A,CS1315,13024,L05
1245,BSc Data and Systems Engineering,LC0200A,MA1508,13680,CB1
1245,BSc Data and Systems Engineering,LC0200A,MA1508,13681,TB1
1246,BSc Data and Systems Engineering,LC0200A,LC0200A,10880,T11
1246,BSc Data and Systems Engineering,LC0200A,MA1508,11511,CA1
1246,BSc Data and Systems Engineering,LC0200A,MA1508,11709,TA1
1246,BSc Data and Systems Engineering,LC0200A,DSC1001,12087,C01
1246,BSc Data and Systems Engineering,LC0200A,CS1315,13018,C01
1246,BSc Data and Systems Engineering,LC0200A,CS1315,13022,L03
1247,BSc Data and Systems Engineering,LC0200A,LC0200A,10877,T08
1247,BSc Data and Systems Engineering,LC0200A,DSC1001,12087,C01
1247,BSc Data and Systems Engineering,LC0200A,CS1315,13018,C01
1247,BSc Data and Systems Engineering,LC0200A,CS1315,13020,L01
1247,BSc Data and Systems Engineering,LC0200A,MA1508,13680,CB1
1247,BSc Data and Systems Engineering,LC0200A,MA1508,13681,TB1
1248,BSc Data and Systems Engineering,LC0200A,MA1508,11511,CA1
1248,BSc Data and Systems Engineering,LC0200A,MA1508,11709,TA1
1248,BSc Data and Systems Engineering,LC0200A,LC0200A,11975,T35
1248,BSc Data and Systems Engineering,LC0200A,DSC1001,12087,C01
1248,BSc Data and Systems Engineering,LC0200A,CS1315,13018,C01
1248,BSc Data and Systems Engineering,LC0200A,CS1315,13020,L01
1249,BSc Data and Systems Engineering,LC0200A,LC0200A,10877,T08
1249,BSc Data and Systems Engineering,LC0200A,DSC1001,12087,C01
1249,BSc Data and Systems Engineering,LC0200A,CS1315,13018,C01
1249,BSc Data and Systems Engineering,LC0200A,CS1315,13020,L01
1249,BSc Data and Systems Engineering,LC0200A,MA1508,13680,CB1
1249,BSc Data and Systems Engineering,LC0200A,MA1508,13681,TB1
1250,BSc Data and Systems Engineering,LC0200A,LC0200A,10875,T06
1250,BSc Data and Systems Engineering,LC0200A,DSC1001,12087,C01
1250,BSc Data and Systems Engineering,LC0200A,CS1315,13018,C01
1250,BSc Data and Systems Engineering,LC0200A,CS1315,13022,L03
1250,BSc Data and Systems Engineering,LC0200A,MA1508,13680,CB1
1250,BSc Data and Systems Engineering,LC0200A,MA1508,13681,TB1
1251,BSc Data and Systems Engineering,LC0200A,LC0200A,10882,T13
1251,BSc Data and Systems Engineering,LC0200A,MA1508,11511,CA1
1251,BSc Data and Systems Engineering,LC0200A,MA1508,11709,TA1
1251,BSc Data and Systems Engineering,LC0200A,DSC1001,12087,C01
1251,BSc Data and Systems Engineering,LC0200A,CS1315,13018,C01
1251,BSc Data and Systems Engineering,LC0200A,CS1315,13022,L03
1252,BSc Data and Systems Engineering,LC0200A,LC0200A,10896,T28
1252,BSc Data and Systems Engineering,LC0200A,MA1508,11511,CA1
1252,BSc Data and Systems Engineering,LC0200A,MA1508,11709,TA1
1252,BSc Data and Systems Engineering,LC0200A,DSC1001,12087,C01
1252,BSc Data and Systems Engineering,LC0200A,CS1315,13018,C01
1252,BSc Data and Systems Engineering,LC0200A,CS1315,13022,L03
1253,BSc Data and Systems Engineering,LC0200A,LC0200A,10880,T11
1253,BSc Data and Systems Engineering,LC0200A,DSC1001,12087,C01
1253,BSc Data and Systems Engineering,LC0200A,CS1315,13018,C01
1253,BSc Data and Systems Engineering,LC0200A,CS1315,13024,L05
1253,BSc Data and Systems Engineering,LC0200A,MA1508,13680,CB1
1253,BSc Data and Systems Engineering,LC0200A,MA1508,13681,TB1
1254,BSc Data and Systems Engineering,LC0200A,LC0200A,10876,T07
1254,BSc Data and Systems Engineering,LC0200A,DSC1001,12087,C01
1254,BSc Data and Systems Engineering,LC0200A,CS1315,13018,C01
1254,BSc Data and Systems Engineering,LC0200A,CS1315,13023,L04
1254,BSc Data and Systems Engineering,LC0200A,MA1508,13680,CB1
1254,BSc Data and Systems Engineering,LC0200A,MA1508,13681,TB1
1255,BSc Data and Systems Engineering,LC0200A,LC0200A,10891,T23
1255,BSc Data and Systems Engineering,LC0200A,MA1508,11511,CA1
1255,BSc Data and Systems Engineering,LC0200A,MA1508,11709,TA1
1255,BSc Data and Systems Engineering,LC0200A,DSC1001,12087,C01
1255,BSc Data and Systems Engineering,LC0200A,CS1315,13025,CA1
1255,BSc Data and Systems Engineering,LC0200A,CS1315,13034,LA2
1256,BSc Data and Systems Engineering,LC0200A,LC0200A,10883,T14
1256,BSc Data and Systems Engineering,LC0200A,MA1508,11511,CA1
1256,BSc Data and Systems Engineering,LC0200A,MA1508,11709,TA1
1256,BSc Data and Systems Engineering,LC0200A,DSC1001,12087,C01
1256,BSc Data and Systems Engineering,LC0200A,CS1315,13018,C01
1256,BSc Data and Systems Engineering,LC0200A,CS1315,13022,L03
1257,BSc Data and Systems Engineering,LC0200A,LC0200A,10896,T28
1257,BSc Data and Systems Engineering,LC0200A,MA1508,11511,CA1
1257,BSc Data and Systems Engineering,LC0200A,MA1508,11709,TA1
1257,BSc Data and Systems Engineering,LC0200A,DSC1001,12087,C01
1257,BSc Data and Systems Engineering,LC0200A,CS1315,13018,C01
1257,BSc Data and Systems Engineering,LC0200A,CS1315,13021,L02
1258,BSc Cybersecurity,GE1401,CS2115,10405,C01
1258,BSc Cybersecurity,GE1401,CS2115,10407,T02
1258,BSc Cybersecurity,GE1401,GE1401,10702,T27
1258,BSc Cybersecurity,GE1401,MA1508,13680,CB1
1258,BSc Cybersecurity,GE1401,MA1508,13681,TB1
1258,BSc Cybersecurity,GE1401,CS2117,13735,C01
1258,BSc Cybersecurity,GE1401,CS2117,13736,T01
1258,BSc Cybersecurity,GE1401,CS1302A,15568,C01
1258,BSc Cybersecurity,GE1401,CS1302A,15570,T01
1259,BSc Cybersecurity,GE1401,CS2115,10405,C01
1259,BSc Cybersecurity,GE1401,CS2115,10406,T01
1259,BSc Cybersecurity,GE1401,GE1401,10694,T17
1259,BSc Cybersecurity,GE1401,MA1508,13680,CB1
1259,BSc Cybersecurity,GE1401,MA1508,13681,TB1
1259,BSc Cybersecurity,GE1401,CS2117,13735,C01
1259,BSc Cybersecurity,GE1401,CS2117,13736,T01
1259,BSc Cybersecurity,GE1401,CS1302A,15568,C01
1259,BSc Cybersecurity,GE1401,CS1302A,15573,T02
1260,BSc Cybersecurity,GE1401,CS2115,10405,C01
1260,BSc Cybersecurity,GE1401,CS2115,10406,T01
1260,BSc Cybersecurity,GE1401,GE1401,13572,TB1
1260,BSc Cybersecurity,GE1401,MA1508,13680,CB1
1260,BSc Cybersecurity,GE1401,MA1508,13681,TB1
1260,BSc Cybersecurity,GE1401,CS2117,13735,C01
1260,BSc Cybersecurity,GE1401,CS2117,13736,T01
1260,BSc Cybersecurity,GE1401,CS1302A,15568,C01
1260,BSc Cybersecurity,GE1401,CS1302A,15570,T01
1261,BSc Cybersecurity,GE1401,CS2115,10405,C01
1261,BSc Cybersecurity,GE1401,CS2115,10408,T03
1261,BSc Cybersecurity,GE1401,GE1401,10729,T63
1261,BSc Cybersecurity,GE1401,MA1508,13680,CB1
1261,BSc Cybersecurity,GE1401,MA1508,13681,TB1
1261,BSc Cybersecurity,GE1401,CS2117,13735,C01
1261,BSc Cybersecurity,GE1401,CS2117,13736,T01
1261,BSc Cybersecurity,GE1401,CS1302A,15568,C01
1261,BSc Cybersecurity,GE1401,CS1302A,15573,T02
1262,BSc Cybersecurity,GE1401,CS2115,10405,C01
1262,BSc Cybersecurity,GE1401,CS2115,10408,T03
1262,BSc Cybersecurity,GE1401,GE1401,10706,T31
1262,BSc Cybersecurity,GE1401,MA1508,13680,CB1
1262,BSc Cybersecurity,GE1401,MA1508,13681,TB1
1262,BSc Cybersecurity,GE1401,CS2117,13735,C01
1262,BSc Cybersecurity,GE1401,CS2117,13736,T01
1262,BSc Cybersecurity,GE1401,CS1302A,15568,C01
1262,BSc Cybersecurity,GE1401,CS1302A,15573,T02
1263,BSc Cybersecurity,GE1401,CS2115,10405,C01
1263,BSc Cybersecurity,GE1401,CS2115,10407,T02
1263,BSc Cybersecurity,GE1401,GE1401,11070,TA1
1263,BSc Cybersecurity,GE1401,MA1508,11511,CA1
1263,BSc Cybersecurity,GE1401,MA1508,11709,TA1
1263,BSc Cybersecurity,GE1401,CS2117,13735,C01
1263,BSc Cybersecurity,GE1401,CS2117,13736,T01
1263,BSc Cybersecurity,GE1401,CS1302A,15568,C01
1263,BSc Cybersecurity,GE1401,CS1302A,15573,T02
1264,BSc Cybersecurity,GE1401,CS2115,10405,C01
1264,BSc Cybersecurity,GE1401,CS2115,10406,T01
1264,BSc Cybersecurity,GE1401,GE1401,12122,T35
1264,BSc Cybersecurity,GE1401,MA1508,13680,CB1
1264,BSc Cybersecurity,GE1401,MA1508,13681,TB1
1264,BSc Cybersecurity,GE1401,CS2117,13735,C01
1264,BSc Cybersecurity,GE1401,CS2117,13736,T01
1264,BSc Cybersecurity,GE1401,CS1302A,15568,C01
1264,BSc Cybersecurity,GE1401,CS1302A,15570,T01
1265,BSc Cybersecurity,GE1401,CS2115,10405,C01
1265,BSc Cybersecurity,GE1401,GE1401,10719,T52
1265,BSc Cybersecurity,GE1401,MA1508,13680,CB1
1265,BSc Cybersecurity,GE1401,MA1508,13681,TB1
1265,BSc Cybersecurity,GE1401,CS2117,13735,C01
1265,BSc Cybersecurity,GE1401,CS2117,13736,T01
1265,BSc Cybersecurity,GE1401,CS2115,15055,T04
1265,BSc Cybersecurity,GE1401,CS1302A,15568,C01
1265,BSc Cybersecurity,GE1401,CS1302A,15573,T02
1266,BSc Cybersecurity,GE1401,CS2115,12767,CA1
1266,BSc Cybersecurity,GE1401,CS2115,12768,TA1
1266,BSc Cybersecurity,GE1401,MA1508,13680,CB1
1266,BSc Cybersecurity,GE1401,MA1508,13681,TB1
1266,BSc Cybersecurity,GE1401,CS2117,13735,C01
1266,BSc Cybersecurity,GE1401,CS2117,13736,T01
1266,BSc Cybersecurity,GE1401,GE1401,14941,TA3
1266,BSc Cybersecurity,GE1401,CS1302A,15568,C01
1266,BSc Cybersecurity,GE1401,CS1302A,15573,T02
1267,BSc Cybersecurity,GE1401,CS2115,10405,C01
1267,BSc Cybersecurity,GE1401,CS2115,10406,T01
1267,BSc Cybersecurity,GE1401,GE1401,11070,TA1
1267,BSc Cybersecurity,GE1401,MA1508,13680,CB1
1267,BSc Cybersecurity,GE1401,MA1508,13681,TB1
1267,BSc Cybersecurity,GE1401,CS2117,13735,C01
1267,BSc Cybersecurity,GE1401,CS2117,13736,T01
1267,BSc Cybersecurity,GE1401,CS1302A,15568,C01
1267,BSc Cybersecurity,GE1401,CS1302A,15573,T02
1268,BSc Cybersecurity,GE1401,CS2115,10405,C01
1268,BSc Cybersecurity,GE1401,CS2115,10406,T01
1268,BSc Cybersecurity,GE1401,GE1401,11494,T76
1268,BSc Cybersecurity,GE1401,MA1508,13680,CB1
1268,BSc Cybersecurity,GE1401,MA1508,13681,TB1
1268,BSc Cybersecurity,GE1401,CS2117,13735,C01
1268,BSc Cybersecurity,GE1401,CS2117,13736,T01
1268,BSc Cybersecurity,GE1401,CS1302A,15568,C01
1268,BSc Cybersecurity,GE1401,CS1302A,15570,T01
1269,BSc Cybersecurity,GE1401,CS2115,10405,C01
1269,BSc Cybersecurity,GE1401,CS2115,10408,T03
1269,BSc Cybersecurity,GE1401,GE1401,11505,T93
1269,BSc Cybersecurity,GE1401,MA1508,13680,CB1
1269,BSc Cybersecurity,GE1401,MA1508,13681,TB1
1269,BSc Cybersecurity,GE1401,CS2117,13735,C01
1269,BSc Cybersecurity,GE1401,CS2117,13736,T01
1269,BSc Cybersecurity,GE1401,CS1302A,15568,C01
1269,BSc Cybersecurity,GE1401,CS1302A,15573,T02
1270,BSc Cybersecurity,GE1401,GE1401,10689,T12
1270,BSc Cybersecurity,GE1401,CS2115,11251,CB1
1270,BSc Cybersecurity,GE1401,CS2115,11252,TB2
1270,BSc Cybersecurity,GE1401,MA1508,13680,CB1
1270,BSc Cybersecurity,GE1401,MA1508,13681,TB1
1270,BSc Cybersecurity,GE1401,CS2117,13735,C01
1270,BSc Cybersecurity,GE1401,CS2117,13736,T01
1270,BSc Cybersecurity,GE1401,CS1302A,15568,C01
1270,BSc Cybersecurity,GE1401,CS1302A,15570,T01
1271,BSc Cybersecurity,GE1401,CS2115,10405,C01
1271,BSc Cybersecurity,GE1401,CS2115,10406,T01
1271,BSc Cybersecurity,GE1401,GE1401,10719,T52
1271,BSc Cybersecurity,GE1401,MA1508,13680,CB1
1271,BSc Cybersecurity,GE1401,MA1508,13681,TB1
1271,BSc Cybersecurity,GE1401,CS2117,13735,C01
1271,BSc Cybersecurity,GE1401,CS2117,13736,T01
1271,BSc Cybersecurity,GE1401,CS1302A,15568,C01
1271,BSc Cybersecurity,GE1401,CS1302A,15570,T01
1272,BSc Cybersecurity,GE1401,CS2115,10405,C01
1272,BSc Cybersecurity,GE1401,GE1401,10727,T60
1272,BSc Cybersecurity,GE1401,MA1508,13680,CB1
1272,BSc Cybersecurity,GE1401,MA1508,13681,TB1
1272,BSc Cybersecurity,GE1401,CS2117,13735,C01
1272,BSc Cybersecurity,GE1401,CS2117,13736,T01
1272,BSc Cybersecurity,GE1401,CS2115,15055,T04
1272,BSc Cybersecurity,GE1401,CS1302A,15569,CA1
1272,BSc Cybersecurity,GE1401,CS1302A,15572,TA1
1273,BSc Cybersecurity,GE1401,CS2115,10405,C01
1273,BSc Cybersecurity,GE1401,CS2115,10406,T01
1273,BSc Cybersecurity,GE1401,GE1401,12121,T33
1273,BSc Cybersecurity,GE1401,MA1508,13680,CB1
1273,BSc Cybersecurity,GE1401,MA1508,13681,TB1
1273,BSc Cybersecurity,GE1401,CS2117,13735,C01
1273,BSc Cybersecurity,GE1401,CS2117,13736,T01
1273,BSc Cybersecurity,GE1401,CS1302A,15568,C01
1273,BSc Cybersecurity,GE1401,CS1302A,15573,T02
1274,BSc Cybersecurity,GE1401,CS2115,10405,C01
1274,BSc Cybersecurity,GE1401,CS2115,10407,T02
1274,BSc Cybersecurity,GE1401,MA1508,13680,CB1
1274,BSc Cybersecurity,GE1401,MA1508,13681,TB1
1274,BSc Cybersecurity,GE1401,CS2117,13735,C01
1274,BSc Cybersecurity,GE1401,CS2117,13736,T01
1274,BSc Cybersecurity,GE1401,GE1401,14941,TA3
1274,BSc Cybersecurity,GE1401,CS1302A,15568,C01
1274,BSc Cybersecurity,GE1401,CS1302A,15570,T01
1275,BSc Cybersecurity,GE1401,CS2115,10405,C01
1275,BSc Cybersecurity,GE1401,GE1401,12125,T65
1275,BSc Cybersecurity,GE1401,MA1508,13680,CB1
1275,BSc Cybersecurity,GE1401,MA1508,13681,TB1
1275,BSc Cybersecurity,GE1401,CS2117,13735,C01
1275,BSc Cybersecurity,GE1401,CS2117,13736,T01
1275,BSc Cybersecurity,GE1401,CS2115,15055,T04
1275,BSc Cybersecurity,GE1401,CS1302A,15568,C01
1275,BSc Cybersecurity,GE1401,CS1302A,15570,T01
1276,BSc Cybersecurity,GE1401,CS2115,10405,C01
1276,BSc Cybersecurity,GE1401,GE1401,11505,T93
1276,BSc Cybersecurity,GE1401,MA1508,13680,CB1
1276,BSc Cybersecurity,GE1401,MA1508,13681,TB1
1276,BSc Cybersecurity,GE1401,CS2117,13735,C01
1276,BSc Cybersecurity,GE1401,CS2117,13736,T01
1276,BSc Cybersecurity,GE1401,CS2115,15055,T04
1276,BSc Cybersecurity,GE1401,CS1302A,15569,CA1
1276,BSc Cybersecurity,GE1401,CS1302A,15572,TA1
1277,BSc Cybersecurity,LC0200A,CS2115,10405,C01
1277,BSc Cybersecurity,LC0200A,MA1508,11511,CA1
1277,BSc Cybersecurity,LC0200A,MA1508,11709,TA1
1277,BSc Cybersecurity,LC0200A,LC0200A,12320,T38
1277,BSc Cybersecurity,LC0200A,CS2117,13735,C01
1277,BSc Cybersecurity,LC0200A,CS2117,13736,T01
1277,BSc Cybersecurity,LC0200A,CS2115,15055,T04
1277,BSc Cybersecurity,LC0200A,CS1302A,15568,C01
1277,BSc Cybersecurity,LC0200A,CS1302A,15573,T02
1278,BSc Cybersecurity,LC0200A,CS2115,10405,C01
1278,BSc Cybersecurity,LC0200A,CS2115,10407,T02
1278,BSc Cybersecurity,LC0200A,LC0200A,11170,T32
1278,BSc Cybersecurity,LC0200A,MA1508,13680,CB1
1278,BSc Cybersecurity,LC0200A,MA1508,13681,TB1
1278,BSc Cybersecurity,LC0200A,CS2117,13735,C01
1278,BSc Cybersecurity,LC0200A,CS2117,13736,T01
1278,BSc Cybersecurity,LC0200A,CS1302A,15568,C01
1278,BSc Cybersecurity,LC0200A,CS1302A,15570,T01
1279,BSc Cybersecurity,LC0200A,CS2115,10405,C01
1279,BSc Cybersecurity,LC0200A,CS2115,10406,T01
1279,BSc Cybersecurity,LC0200A,LC0200A,10864,T04
1279,BSc Cybersecurity,LC0200A,MA1508,13680,CB1
1279,BSc Cybersecurity,LC0200A,MA1508,13681,TB1
1279,BSc Cybersecurity,LC0200A,CS2117,13735,C01
1279,BSc Cybersecurity,LC0200A,CS2117,13736,T01
1279,BSc Cybersecurity,LC0200A,CS1302A,15568,C01
1279,BSc Cybersecurity,LC0200A,CS1302A,15570,T01
1280,BSc Cybersecurity,LC0200A,CS2115,10405,C01
1280,BSc Cybersecurity,LC0200A,CS2115,10406,T01
1280,BSc Cybersecurity,LC0200A,LC0200A,10886,T17
1280,BSc Cybersecurity,LC0200A,MA1508,13680,CB1
1280,BSc Cybersecurity,LC0200A,MA1508,13681,TB1
1280,BSc Cybersecurity,LC0200A,CS2117,13735,C01
1280,BSc Cybersecurity,LC0200A,CS2117,13736,T01
1280,BSc Cybersecurity,LC0200A,CS1302A,15568,C01
1280,BSc Cybersecurity,LC0200A,CS1302A,15573,T02
1281,BSc Cybersecurity,LC0200A,CS2115,10405,C01
1281,BSc Cybersecurity,LC0200A,CS2115,10406,T01
1281,BSc Cybersecurity,LC0200A,LC0200A,10880,T11
1281,BSc Cybersecurity,LC0200A,MA1508,13680,CB1
1281,BSc Cybersecurity,LC0200A,MA1508,13681,TB1
1281,BSc Cybersecurity,LC0200A,CS2117,13735,C01
1281,BSc Cybersecurity,LC0200A,CS2117,13736,T01
1281,BSc Cybersecurity,LC0200A,CS1302A,15568,C01
1281,BSc Cybersecurity,LC0200A,CS1302A,15573,T02
1282,BSc Cybersecurity,LC0200A,CS2115,10405,C01
1282,BSc Cybersecurity,LC0200A,CS2115,10408,T03
1282,BSc Cybersecurity,LC0200A,LC0200A,10880,T11
1282,BSc Cybersecurity,LC0200A,MA1508,13680,CB1
1282,BSc Cybersecurity,LC0200A,MA1508,13681,TB1
1282,BSc Cybersecurity,LC0200A,CS2117,13735,C01
1282,BSc Cybersecurity,LC0200A,CS2117,13736,T01
1282,BSc Cybersecurity,LC0200A,CS1302A,15568,C01
1282,BSc Cybersecurity,LC0200A,CS1302A,15573,T02
1283,BSc Cybersecurity,LC0200A,CS2115,10405,C01
1283,BSc Cybersecurity,LC0200A,CS2115,10407,T02
1283,BSc Cybersecurity,LC0200A,LC0200A,10881,T12
1283,BSc Cybersecurity,LC0200A,MA1508,13680,CB1
1283,BSc Cybersecurity,LC0200A,MA1508,13681,TB1
1283,BSc Cybersecurity,LC0200A,CS2117,13735,C01
1283,BSc Cybersecurity,LC0200A,CS2117,13736,T01
1283,BSc Cybersecurity,LC0200A,CS1302A,15568,C01
1283,BSc Cybersecurity,LC0200A,CS1302A,15570,T01
1284,BSc Cybersecurity,LC0200A,LC0200A,10863,T03
1284,BSc Cybersecurity,LC0200A,CS2115,12767,CA1
1284,BSc Cybersecurity,LC0200A,CS2115,12768,TA1
1284,BSc Cybersecurity,LC0200A,MA1508,13680,CB1
1284,BSc Cybersecurity,LC0200A,MA1508,13681,TB1
1284,BSc Cybersecurity,LC0200A,CS2117,13735,C01
1284,BSc Cybersecurity,LC0200A,CS2117,13736,T01
1284,BSc Cybersecurity,LC0200A,CS1302A,15568,C01
1284,BSc Cybersecurity,LC0200A,CS1302A,15573,T02
1285,BEng Civil Engineering,GE1401,PHY1201,11377,T01
1285,BEng Civil Engineering,GE1401,MA1200,11788,CC1
1285,BEng Civil Engineering,GE1401,MA1200,11795,TC3
1285,BEng Civil Engineering,GE1401,CS1302,11859,CA1
1285,BEng Civil Engineering,GE1401,PHY1201,12179,L03
1285,BEng Civil Engineering,GE1401,CS1302,12215,LA4
1285,BEng Civil Engineering,GE1401,PHY1201,12367,C02
1285,BEng Civil Engineering,GE1401,GE1401,12733,T62
1286,BEng Civil Engineering,GE1401,PHY1201,11386,CA1
1286,BEng Civil Engineering,GE1401,MA1200,11786,CH1
1286,BEng Civil Engineering,GE1401,MA1200,11809,TH2
1286,BEng Civil Engineering,GE1401,CS1302,11859,CA1
1286,BEng Civil Engineering,GE1401,CS1302,11864,LA2
1286,BEng Civil Engineering,GE1401,PHY1201,12372,TA2
1286,BEng Civil Engineering,GE1401,PHY1201,12377,LA3
1286,BEng Civil Engineering,GE1401,GE1401,15207,TC7
1287,BEng Civil Engineering,GE1401,PHY1201,11377,T01
1287,BEng Civil Engineering,GE1401,GE1401,11451,T68
1287,BEng Civil Engineering,GE1401,MA1200,11788,CC1
1287,BEng Civil Engineering,GE1401,MA1200,11795,TC3
1287,BEng Civil Engineering,GE1401,CS1302,11860,CB1
1287,BEng Civil Engineering,GE1401,PHY1201,12177,L01
1287,BEng Civil Engineering,GE1401,CS1302,12218,LB3
1287,BEng Civil Engineering,GE1401,PHY1201,12368,C01
1288,BEng Civil Engineering,GE1401,PHY1201,11377,T01
1288,BEng Civil Engineering,GE1401,MA1200,11782,CE1
1288,BEng Civil Engineering,GE1401,MA1200,11799,TE1
1288,BEng Civil Engineering,GE1401,CS1302,11859,CA1
1288,BEng Civil Engineering,GE1401,CS1302,11982,LA3
1288,BEng Civil Engineering,GE1401,PHY1201,12181,L05
1288,BEng Civil Engineering,GE1401,PHY1201,12368,C01
1288,BEng Civil Engineering,GE1401,GE1401,13197,TA2
1289,BEng Civil Engineering,GE1401,MA1200,11787,CA1
1289,BEng Civil Engineering,GE1401,MA1200,11790,TA1
1289,BEng Civil Engineering,GE1401,CS1302,11860,CB1
1289,BEng Civil Engineering,GE1401,PHY1201,12179,L03
1289,BEng Civil Engineering,GE1401,CS1302,12217,LB2
1289,BEng Civil Engineering,GE1401,PHY1201,12368,C01
1289,BEng Civil Engineering,GE1401,PHY1201,12369,T02
1289,BEng Civil Engineering,GE1401,GE1401,12396,T46
1290,BEng Civil Engineering,GE1401,PHY1201,11377,T01
1290,BEng Civil Engineering,GE1401,GE1401,11497,T81
1290,BEng Civil Engineering,GE1401,MA1200,11787,CA1
1290,BEng Civil Engineering,GE1401,MA1200,11792,TA3
1290,BEng Civil Engineering,GE1401,CS1302,11859,CA1
1290,BEng Civil Engineering,GE1401,CS1302,11863,LA1
1290,BEng Civil Engineering,GE1401,PHY1201,12178,L02
1290,BEng Civil Engineering,GE1401,PHY1201,12367,C02
1291,BEng Civil Engineering,GE1401,GE1401,10722,T55
1291,BEng Civil Engineering,GE1401,PHY1201,11386,CA1
1291,BEng Civil Engineering,GE1401,MA1200,11785,CG1
1291,BEng Civil Engineering,GE1401,MA1200,11805,TG1
1291,BEng Civil Engineering,GE1401,CS1302,11859,CA1
1291,BEng Civil Engineering,GE1401,CS1302,11863,LA1
1291,BEng Civil Engineering,GE1401,PHY1201,12188,TA1
1291,BEng Civil Engineering,GE1401,PHY1201,12376,LA2
1292,BEng Civil Engineering,GE1401,PHY1201,11377,T01
1292,BEng Civil Engineering,GE1401,MA1200,11787,CA1
1292,BEng Civil Engineering,GE1401,MA1200,11790,TA1
1292,BEng Civil Engineering,GE1401,CS1302,11859,CA1
1292,BEng Civil Engineering,GE1401,CS1302,11864,LA2
1292,BEng Civil Engineering,GE1401,GE1401,12124,T49
1292,BEng Civil Engineering,GE1401,PHY1201,12181,L05
1292,BEng Civil Engineering,GE1401,PHY1201,12367,C02
1293,BEng Civil Engineering,GE1401,PHY1201,11377,T01
1293,BEng Civil Engineering,GE1401,MA1200,11785,CG1
1293,BEng Civil Engineering,GE1401,MA1200,11807,TG3
1293,BEng Civil Engineering,GE1401,CS1302,11859,CA1
1293,BEng Civil Engineering,GE1401,CS1302,11863,LA1
1293,BEng Civil Engineering,GE1401,PHY1201,12178,L02
1293,BEng Civil Engineering,GE1401,PHY1201,12368,C01
1293,BEng Civil Engineering,GE1401,GE1401,13573,TB2
1294,BEng Civil Engineering,GE1401,PHY1201,11377,T01
1294,BEng Civil Engineering,GE1401,MA1200,11787,CA1
1294,BEng Civil Engineering,GE1401,MA1200,11791,TA2
1294,BEng Civil Engineering,GE1401,CS1302,11860,CB1
1294,BEng Civil Engineering,GE1401,PHY1201,12179,L03
1294,BEng Civil Engineering,GE1401,CS1302,12216,LB1
1294,BEng Civil Engineering,GE1401,PHY1201,12368,C01
1294,BEng Civil Engineering,GE1401,GE1401,12397,T51
1295,BEng Civil Engineering,GE1401,MA1200,11789,CD1
1295,BEng Civil Engineering,GE1401,MA1200,11798,TD3
1295,BEng Civil Engineering,GE1401,CS1302,11859,CA1
1295,BEng Civil Engineering,GE1401,CS1302,11863,LA1
1295,BEng Civil Engineering,GE1401,PHY1201,12188,TA1
1295,BEng Civil Engineering,GE1401,PHY1201,12371,CA2
1295,BEng Civil Engineering,GE1401,PHY1201,12376,LA2
1295,BEng Civil Engineering,GE1401,GE1401,13570,T98
1296,BEng Civil Engineering,GE1401,MA1200,11788,CC1
1296,BEng Civil Engineering,GE1401,MA1200,11793,TC1
1296,BEng Civil Engineering,GE1401,CS1302,11859,CA1
1296,BEng Civil Engineering,GE1401,CS1302,11863,LA1
1296,BEng Civil Engineering,GE1401,PHY1201,12181,L05
1296,BEng Civil Engineering,GE1401,PHY1201,12368,C01
1296,BEng Civil Engineering,GE1401,PHY1201,12369,T02
1296,BEng Civil Engineering,GE1401,GE1401,14270,TB7
1297,BEng Civil Engineering,GE1401,MA1200,11787,CA1
1297,BEng Civil Engineering,GE1401,MA1200,11792,TA3
1297,BEng Civil Engineering,GE1401,CS1302,11859,CA1
1297,BEng Civil Engineering,GE1401,PHY1201,12178,L02
1297,BEng Civil Engineering,GE1401,CS1302,12215,LA4
1297,BEng Civil Engineering,GE1401,PHY1201,12367,C02
1297,BEng Civil Engineering,GE1401,PHY1201,12369,T02
1297,BEng Civil Engineering,GE1401,GE1401,15207,TC7
1298,BEng Civil Engineering,GE1401,GE1401,10696,T20
1298,BEng Civil Engineering,GE1401,MA1200,11788,CC1
1298,BEng Civil Engineering,GE1401,MA1200,11795,TC3
1298,BEng Civil Engineering,GE1401,CS1302,11860,CB1
1298,BEng Civil Engineering,GE1401,PHY1201,12179,L03
1298,BEng Civil Engineering,GE1401,CS1302,12217,LB2
1298,BEng Civil Engineering,GE1401,PHY1201,12368,C01
1298,BEng Civil Engineering,GE1401,PHY1201,12369,T02
1299,BEng Civil Engineering,GE1401,GE1401,10711,T38
1299,BEng Civil Engineering,GE1401,PHY1201,11377,T01
1299,BEng Civil Engineering,GE1401,MA1200,11788,CC1
1299,BEng Civil Engineering,GE1401,MA1200,11795,TC3
1299,BEng Civil Engineering,GE1401,CS1302,11859,CA1
1299,BEng Civil Engineering,GE1401,PHY1201,12180,L04
1299,BEng Civil Engineering,GE1401,CS1302,12215,LA4
1299,BEng Civil Engineering,GE1401,PHY1201,12367,C02
1300,BEng Civil Engineering,GE1401,GE1401,10685,T08
1300,BEng Civil Engineering,GE1401,MA1200,11787,CA1
1300,BEng Civil Engineering,GE1401,MA1200,11790,TA1
1300,BEng Civil Engineering,GE1401,CS1302,11860,CB1
1300,BEng Civil Engineering,GE1401,PHY1201,12179,L03
1300,BEng Civil Engineering,GE1401,CS1302,12217,LB2
1300,BEng Civil Engineering,GE1401,PHY1201,12368,C01
1300,BEng Civil Engineering,GE1401,PHY1201,12369,T02
1301,BEng Civil Engineering,GE1401,GE1401,10696,T20
1301,BEng Civil Engineering,GE1401,PHY1201,11377,T01
1301,BEng Civil Engineering,GE1401,MA1200,11789,CD1
1301,BEng Civil Engineering,GE1401,MA1200,11797,TD2
1301,BEng Civil Engineering,GE1401,CS1302,11860,CB1
1301,BEng Civil Engineering,GE1401,PHY1201,12178,L02
1301,BEng Civil Engineering,GE1401,CS1302,12218,LB3
1301,BEng Civil Engineering,GE1401,PHY1201,12368,C01
1302,BEng Civil Engineering,GE1401,GE1401,10731,T66
1302,BEng Civil Engineering,GE1401,MA1200,11787,CA1
1302,BEng Civil Engineering,GE1401,MA1200,11791,TA2
1302,BEng Civil Engineering,GE1401,CS1302,11859,CA1
1302,BEng Civil Engineering,GE1401,CS1302,11982,LA3
1302,BEng Civil Engineering,GE1401,PHY1201,12181,L05
1302,BEng Civil Engineering,GE1401,PHY1201,12367,C02
1302,BEng Civil Engineering,GE1401,PHY1201,12369,T02
1303,BEng Civil Engineering,GE1401,PHY1201,11377,T01
1303,BEng Civil Engineering,GE1401,MA1200,11788,CC1
1303,BEng Civil Engineering,GE1401,MA1200,11795,TC3
1303,BEng Civil Engineering,GE1401,CS1302,11859,CA1
1303,BEng Civil Engineering,GE1401,PHY1201,12179,L03
1303,BEng Civil Engineering,GE1401,CS1302,12215,LA4
1303,BEng Civil Engineering,GE1401,PHY1201,12368,C01
1303,BEng Civil Engineering,GE1401,GE1401,15603,T73
1304,BEng Civil Engineering,GE1401,PHY1201,11377,T01
1304,BEng Civil Engineering,GE1401,MA1200,11789,CD1
1304,BEng Civil Engineering,GE1401,MA1200,11796,TD1
1304,BEng Civil Engineering,GE1401,CS1302,11859,CA1
1304,BEng Civil Engineering,GE1401,CS1302,11864,LA2
1304,BEng Civil Engineering,GE1401,PHY1201,12180,L04
1304,BEng Civil Engineering,GE1401,PHY1201,12368,C01
1304,BEng Civil Engineering,GE1401,GE1401,14271,TB8
1305,BEng Civil Engineering,GE1401,PHY1201,11377,T01
1305,BEng Civil Engineering,GE1401,GE1401,11491,T69
1305,BEng Civil Engineering,GE1401,MA1200,11789,CD1
1305,BEng Civil Engineering,GE1401,MA1200,11798,TD3
1305,BEng Civil Engineering,GE1401,CS1302,11860,CB1
1305,BEng Civil Engineering,GE1401,PHY1201,12178,L02
1305,BEng Civil Engineering,GE1401,CS1302,12216,LB1
1305,BEng Civil Engineering,GE1401,PHY1201,12368,C01
1306,BEng Civil Engineering,GE1401,GE1401,11494,T76
1306,BEng Civil Engineering,GE1401,MA1200,11789,CD1
1306,BEng Civil Engineering,GE1401,MA1200,11797,TD2
1306,BEng Civil Engineering,GE1401,CS1302,11859,CA1
1306,BEng Civil Engineering,GE1401,CS1302,12215,LA4
1306,BEng Civil Engineering,GE1401,PHY1201,12371,CA2
1306,BEng Civil Engineering,GE1401,PHY1201,12372,TA2
1306,BEng Civil Engineering,GE1401,PHY1201,12377,LA3
1307,BEng Civil Engineering,GE1401,PHY1201,11377,T01
1307,BEng Civil Engineering,GE1401,MA1200,11787,CA1
1307,BEng Civil Engineering,GE1401,MA1200,11790,TA1
1307,BEng Civil Engineering,GE1401,CS1302,11859,CA1
1307,BEng Civil Engineering,GE1401,GE1401,12127,T84
1307,BEng Civil Engineering,GE1401,PHY1201,12178,L02
1307,BEng Civil Engineering,GE1401,CS1302,12215,LA4
1307,BEng Civil Engineering,GE1401,PHY1201,12367,C02
1308,BEng Civil Engineering,GE1401,MA1200,11789,CD1
1308,BEng Civil Engineering,GE1401,MA1200,11796,TD1
1308,BEng Civil Engineering,GE1401,CS1302,11860,CB1
1308,BEng Civil Engineering,GE1401,PHY1201,12177,L01
1308,BEng Civil Engineering,GE1401,PHY1201,12368,C01
1308,BEng Civil Engineering,GE1401,PHY1201,12369,T02
1308,BEng Civil Engineering,GE1401,GE1401,15182,TC3
1308,BEng Civil Engineering,GE1401,CS1302,15811,LB4
1309,BEng Civil Engineering,GE1401,PHY1201,11377,T01
1309,BEng Civil Engineering,GE1401,GE1401,11496,T79
1309,BEng Civil Engineering,GE1401,MA1200,11785,CG1
1309,BEng Civil Engineering,GE1401,MA1200,11806,TG2
1309,BEng Civil Engineering,GE1401,CS1302,11859,CA1
1309,BEng Civil Engineering,GE1401,CS1302,11982,LA3
1309,BEng Civil Engineering,GE1401,PHY1201,12181,L05
1309,BEng Civil Engineering,GE1401,PHY1201,12368,C01
1310,BEng Civil Engineering,GE1401,GE1401,10730,T64
1310,BEng Civil Engineering,GE1401,MA1200,11786,CH1
1310,BEng Civil Engineering,GE1401,MA1200,11810,TH3
1310,BEng Civil Engineering,GE1401,CS1302,11859,CA1
1310,BEng Civil Engineering,GE1401,CS1302,11982,LA3
1310,BEng Civil Engineering,GE1401,PHY1201,12179,L03
1310,BEng Civil Engineering,GE1401,PHY1201,12368,C01
1310,BEng Civil Engineering,GE1401,PHY1201,12369,T02
1311,BEng Civil Engineering,GE1401,GE1401,10716,T47
1311,BEng Civil Engineering,GE1401,PHY1201,11377,T01
1311,BEng Civil Engineering,GE1401,MA1200,11786,CH1
1311,BEng Civil Engineering,GE1401,MA1200,11810,TH3
1311,BEng Civil Engineering,GE1401,CS1302,11859,CA1
1311,BEng Civil Engineering,GE1401,CS1302,11864,LA2
1311,BEng Civil Engineering,GE1401,PHY1201,12179,L03
1311,BEng Civil Engineering,GE1401,PHY1201,12368,C01
1312,BEng Civil Engineering,GE1401,MA1200,11784,CF1
1312,BEng Civil Engineering,GE1401,MA1200,11804,TF3
1312,BEng Civil Engineering,GE1401,CS1302,11859,CA1
1312,BEng Civil Engineering,GE1401,CS1302,11864,LA2
1312,BEng Civil Engineering,GE1401,GE1401,12125,T65
1312,BEng Civil Engineering,GE1401,PHY1201,12180,L04
1312,BEng Civil Engineering,GE1401,PHY1201,12368,C01
1312,BEng Civil Engineering,GE1401,PHY1201,12369,T02
1313,BEng Civil Engineering,GE1401,PHY1201,11377,T01
1313,BEng Civil Engineering,GE1401,MA1200,11788,CC1
1313,BEng Civil Engineering,GE1401,MA1200,11794,TC2
1313,BEng Civil Engineering,GE1401,CS1302,11860,CB1
1313,BEng Civil Engineering,GE1401,GE1401,12127,T84
1313,BEng Civil Engineering,GE1401,PHY1201,12177,L01
1313,BEng Civil Engineering,GE1401,CS1302,12216,LB1
1313,BEng Civil Engineering,GE1401,PHY1201,12368,C01
1314,BEng Civil Engineering,GE1401,PHY1201,11377,T01
1314,BEng Civil Engineering,GE1401,GE1401,11504,T90
1314,BEng Civil Engineering,GE1401,MA1200,11786,CH1
1314,BEng Civil Engineering,GE1401,MA1200,11808,TH1
1314,BEng Civil Engineering,GE1401,CS1302,11859,CA1
1314,BEng Civil Engineering,GE1401,PHY1201,12178,L02
1314,BEng Civil Engineering,GE1401,CS1302,12215,LA4
1314,BEng Civil Engineering,GE1401,PHY1201,12368,C01
1315,BEng Civil Engineering,GE1401,GE1401,10722,T55
1315,BEng Civil Engineering,GE1401,PHY1201,11377,T01
1315,BEng Civil Engineering,GE1401,MA1200,11785,CG1
1315,BEng Civil Engineering,GE1401,MA1200,11806,TG2
1315,BEng Civil Engineering,GE1401,CS1302,11859,CA1
1315,BEng Civil Engineering,GE1401,PHY1201,12180,L04
1315,BEng Civil Engineering,GE1401,CS1302,12215,LA4
1315,BEng Civil Engineering,GE1401,PHY1201,12368,C01
1316,BEng Civil Engineering,GE1401,GE1401,10705,T30
1316,BEng Civil Engineering,GE1401,PHY1201,11377,T01
1316,BEng Civil Engineering,GE1401,MA1200,11784,CF1
1316,BEng Civil Engineering,GE1401,MA1200,11802,TF1
1316,BEng Civil Engineering,GE1401,CS1302,11859,CA1
1316,BEng Civil Engineering,GE1401,CS1302,11982,LA3
1316,BEng Civil Engineering,GE1401,PHY1201,12179,L03
1316,BEng Civil Engineering,GE1401,PHY1201,12368,C01
1317,BEng Civil Engineering,GE1401,GE1401,10721,T54
1317,BEng Civil Engineering,GE1401,MA1200,11785,CG1
1317,BEng Civil Engineering,GE1401,MA1200,11806,TG2
1317,BEng Civil Engineering,GE1401,CS1302,11859,CA1
1317,BEng Civil Engineering,GE1401,CS1302,11864,LA2
1317,BEng Civil Engineering,GE1401,PHY1201,12179,L03
1317,BEng Civil Engineering,GE1401,PHY1201,12368,C01
1317,BEng Civil Engineering,GE1401,PHY1201,12369,T02
1318,BEng Civil Engineering,GE1401,MA1200,11787,CA1
1318,BEng Civil Engineering,GE1401,MA1200,11790,TA1
1318,BEng Civil Engineering,GE1401,CS1302,11860,CB1
1318,BEng Civil Engineering,GE1401,PHY1201,12181,L05
1318,BEng Civil Engineering,GE1401,CS1302,12216,LB1
1318,BEng Civil Engineering,GE1401,PHY1201,12368,C01
1318,BEng Civil Engineering,GE1401,PHY1201,12369,T02
1318,BEng Civil Engineering,GE1401,GE1401,15206,TC6
1319,BEng Civil Engineering,GE1401,GE1401,10698,T22
1319,BEng Civil Engineering,GE1401,MA1200,11789,CD1
1319,BEng Civil Engineering,GE1401,MA1200,11797,TD2
1319,BEng Civil Engineering,GE1401,CS1302,11859,CA1
1319,BEng Civil Engineering,GE1401,CS1302,11863,LA1
1319,BEng Civil Engineering,GE1401,PHY1201,12178,L02
1319,BEng Civil Engineering,GE1401,PHY1201,12368,C01
1319,BEng Civil Engineering,GE1401,PHY1201,12369,T02
1320,BEng Civil Engineering,GE1401,PHY1201,11377,T01
1320,BEng Civil Engineering,GE1401,MA1200,11782,CE1
1320,BEng Civil Engineering,GE1401,MA1200,11799,TE1
1320,BEng Civil Engineering,GE1401,CS1302,11859,CA1
1320,BEng Civil Engineering,GE1401,PHY1201,12181,L05
1320,BEng Civil Engineering,GE1401,CS1302,12215,LA4
1320,BEng Civil Engineering,GE1401,PHY1201,12368,C01
1320,BEng Civil Engineering,GE1401,GE1401,12735,T74
1321,BEng Civil Engineering,GE1401,GE1401,10685,T08
1321,BEng Civil Engineering,GE1401,PHY1201,11377,T01
1321,BEng Civil Engineering,GE1401,MA1200,11788,CC1
1321,BEng Civil Engineering,GE1401,MA1200,11793,TC1
1321,BEng Civil Engineering,GE1401,CS1302,11859,CA1
1321,BEng Civil Engineering,GE1401,CS1302,11863,LA1
1321,BEng Civil Engineering,GE1401,PHY1201,12181,L05
1321,BEng Civil Engineering,GE1401,PHY1201,12367,C02
1322,BEng Civil Engineering,GE1401,GE1401,11494,T76
1322,BEng Civil Engineering,GE1401,MA1200,11787,CA1
1322,BEng Civil Engineering,GE1401,MA1200,11790,TA1
1322,BEng Civil Engineering,GE1401,CS1302,11859,CA1
1322,BEng Civil Engineering,GE1401,CS1302,11864,LA2
1322,BEng Civil Engineering,GE1401,PHY1201,12181,L05
1322,BEng Civil Engineering,GE1401,PHY1201,12367,C02
1322,BEng Civil Engineering,GE1401,PHY1201,12369,T02
1323,BEng Civil Engineering,GE1401,PHY1201,11377,T01
1323,BEng Civil Engineering,GE1401,MA1200,11787,CA1
1323,BEng Civil Engineering,GE1401,MA1200,11792,TA3
1323,BEng Civil Engineering,GE1401,CS1302,11859,CA1
1323,BEng Civil Engineering,GE1401,CS1302,11864,LA2
1323,BEng Civil Engineering,GE1401,PHY1201,12179,L03
1323,BEng Civil Engineering,GE1401,PHY1201,12368,C01
1323,BEng Civil Engineering,GE1401,GE1401,12397,T51
1324,BEng Civil Engineering,LC0200A,PHY1201,11386,CA1
1324,BEng Civil Engineering,LC0200A,MA1200,11782,CE1
1324,BEng Civil Engineering,LC0200A,MA1200,11799,TE1
1324,BEng Civil Engineering,LC0200A,CS1302,11859,CA1
1324,BEng Civil Engineering,LC0200A,LC0200A,11976,T37
1324,BEng Civil Engineering,LC0200A,CS1302,11982,LA3
1324,BEng Civil Engineering,LC0200A,PHY1201,12372,TA2
1324,BEng Civil Engineering,LC0200A,PHY1201,12379,LA5
1325,BEng Civil Engineering,LC0200A,MA1200,11785,CG1
1325,BEng Civil Engineering,LC0200A,MA1200,11805,TG1
1325,BEng Civil Engineering,LC0200A,CS1302,11859,CA1
1325,BEng Civil Engineering,LC0200A,CS1302,11982,LA3
1325,BEng Civil Engineering,LC0200A,PHY1201,12179,L03
1325,BEng Civil Engineering,LC0200A,LC0200A,12320,T38
1325,BEng Civil Engineering,LC0200A,PHY1201,12368,C01
1325,BEng Civil Engineering,LC0200A,PHY1201,12369,T02
1326,BEng Civil Engineering,LC0200A,LC0200A,10890,T22
1326,BEng Civil Engineering,LC0200A,PHY1201,11386,CA1
1326,BEng Civil Engineering,LC0200A,MA1200,11786,CH1
1326,BEng Civil Engineering,LC0200A,MA1200,11809,TH2
1326,BEng Civil Engineering,LC0200A,CS1302,11859,CA1
1326,BEng Civil Engineering,LC0200A,CS1302,11982,LA3
1326,BEng Civil Engineering,LC0200A,PHY1201,12188,TA1
1326,BEng Civil Engineering,LC0200A,PHY1201,12378,LA4
1327,BEng Civil Engineering,LC0200A,LC0200A,10894,T26
1327,BEng Civil Engineering,LC0200A,PHY1201,11386,CA1
1327,BEng Civil Engineering,LC0200A,MA1200,11787,CA1
1327,BEng Civil Engineering,LC0200A,MA1200,11790,TA1
1327,BEng Civil Engineering,LC0200A,CS1302,11861,CC1
1327,BEng Civil Engineering,LC0200A,CS1302,11869,LC1
1327,BEng Civil Engineering,LC0200A,PHY1201,12372,TA2
1327,BEng Civil Engineering,LC0200A,PHY1201,12379,LA5
1328,BEng Civil Engineering,LC0200A,LC0200A,10878,T09
1328,BEng Civil Engineering,LC0200A,MA1200,11788,CC1
1328,BEng Civil Engineering,LC0200A,MA1200,11793,TC1
1328,BEng Civil Engineering,LC0200A,CS1302,11859,CA1
1328,BEng Civil Engineering,LC0200A,CS1302,11863,LA1
1328,BEng Civil Engineering,LC0200A,PHY1201,12179,L03
1328,BEng Civil Engineering,LC0200A,PHY1201,12367,C02
1328,BEng Civil Engineering,LC0200A,PHY1201,12369,T02
1329,BEng Civil Engineering,LC0200A,LC0200A,10878,T09
1329,BEng Civil Engineering,LC0200A,MA1200,11784,CF1
1329,BEng Civil Engineering,LC0200A,MA1200,11803,TF2
1329,BEng Civil Engineering,LC0200A,CS1302,11859,CA1
1329,BEng Civil Engineering,LC0200A,PHY1201,12181,L05
1329,BEng Civil Engineering,LC0200A,CS1302,12215,LA4
1329,BEng Civil Engineering,LC0200A,PHY1201,12368,C01
1329,BEng Civil Engineering,LC0200A,PHY1201,12369,T02
1330,BEng Civil Engineering,LC0200A,MA1200,11787,CA1
1330,BEng Civil Engineering,LC0200A,MA1200,11790,TA1
1330,BEng Civil Engineering,LC0200A,CS1302,11859,CA1
1330,BEng Civil Engineering,LC0200A,CS1302,11864,LA2
1330,BEng Civil Engineering,LC0200A,PHY1201,12180,L04
1330,BEng Civil Engineering,LC0200A,LC0200A,12320,T38
1330,BEng Civil Engineering,LC0200A,PHY1201,12367,C02
1330,BEng Civil Engineering,LC0200A,PHY1201,12369,T02
1331,BEng Civil Engineering,LC0200A,LC0200A,10881,T12
1331,BEng Civil Engineering,LC0200A,MA1200,11784,CF1
1331,BEng Civil Engineering,LC0200A,MA1200,11802,TF1
1331,BEng Civil Engineering,LC0200A,CS1302,11859,CA1
1331,BEng Civil Engineering,LC0200A,CS1302,11982,LA3
1331,BEng Civil Engineering,LC0200A,PHY1201,12181,L05
1331,BEng Civil Engineering,LC0200A,PHY1201,12368,C01
1331,BEng Civil Engineering,LC0200A,PHY1201,12369,T02
1332,BEng Civil Engineering,LC0200A,LC0200A,10883,T14
1332,BEng Civil Engineering,LC0200A,MA1200,11785,CG1
1332,BEng Civil Engineering,LC0200A,MA1200,11806,TG2
1332,BEng Civil Engineering,LC0200A,CS1302,11859,CA1
1332,BEng Civil Engineering,LC0200A,PHY1201,12179,L03
1332,BEng Civil Engineering,LC0200A,CS1302,12215,LA4
1332,BEng Civil Engineering,LC0200A,PHY1201,12368,C01
1332,BEng Civil Engineering,LC0200A,PHY1201,12369,T02
1333,BEng Civil Engineering,LC0200A,LC0200A,10878,T09
1333,BEng Civil Engineering,LC0200A,PHY1201,11377,T01
1333,BEng Civil Engineering,LC0200A,MA1200,11787,CA1
1333,BEng Civil Engineering,LC0200A,MA1200,11790,TA1
1333,BEng Civil Engineering,LC0200A,CS1302,11860,CB1
1333,BEng Civil Engineering,LC0200A,PHY1201,12181,L05
1333,BEng Civil Engineering,LC0200A,CS1302,12216,LB1
1333,BEng Civil Engineering,LC0200A,PHY1201,12368,C01
1334,BEng Civil Engineering,LC0200A,LC0200A,10883,T14
1334,BEng Civil Engineering,LC0200A,PHY1201,11377,T01
1334,BEng Civil Engineering,LC0200A,MA1200,11788,CC1
1334,BEng Civil Engineering,LC0200A,MA1200,11794,TC2
1334,BEng Civil Engineering,LC0200A,CS1302,11859,CA1
1334,BEng Civil Engineering,LC0200A,CS1302,11864,LA2
1334,BEng Civil Engineering,LC0200A,PHY1201,12179,L03
1334,BEng Civil Engineering,LC0200A,PHY1201,12368,C01
1335,BEng Civil Engineering,LC0200A,LC0200A,10882,T13
1335,BEng Civil Engineering,LC0200A,MA1200,11788,CC1
1335,BEng Civil Engineering,LC0200A,MA1200,11794,TC2
1335,BEng Civil Engineering,LC0200A,CS1302,11860,CB1
1335,BEng Civil Engineering,LC0200A,PHY1201,12180,L04
1335,BEng Civil Engineering,LC0200A,CS1302,12218,LB3
1335,BEng Civil Engineering,LC0200A,PHY1201,12368,C01
1335,BEng Civil Engineering,LC0200A,PHY1201,12369,T02
1336,BEng Civil Engineering,LC0200A,LC0200A,10883,T14
1336,BEng Civil Engineering,LC0200A,MA1200,11788,CC1
1336,BEng Civil Engineering,LC0200A,MA1200,11794,TC2
1336,BEng Civil Engineering,LC0200A,CS1302,11860,CB1
1336,BEng Civil Engineering,LC0200A,PHY1201,12178,L02
1336,BEng Civil Engineering,LC0200A,CS1302,12217,LB2
1336,BEng Civil Engineering,LC0200A,PHY1201,12368,C01
1336,BEng Civil Engineering,LC0200A,PHY1201,12369,T02
1337,BEng Civil Engineering,LC0200A,MA1200,11789,CD1
1337,BEng Civil Engineering,LC0200A,MA1200,11798,TD3
1337,BEng Civil Engineering,LC0200A,CS1302,11859,CA1
1337,BEng Civil Engineering,LC0200A,CS1302,11864,LA2
1337,BEng Civil Engineering,LC0200A,PHY1201,12179,L03
1337,BEng Civil Engineering,LC0200A,LC0200A,12333,T40
1337,BEng Civil Engineering,LC0200A,PHY1201,12367,C02
1337,BEng Civil Engineering,LC0200A,PHY1201,12369,T02
1338,BEng Civil Engineering,LC0200A,LC0200A,10879,T10
1338,BEng Civil Engineering,LC0200A,MA1200,11789,CD1
1338,BEng Civil Engineering,LC0200A,MA1200,11796,TD1
1338,BEng Civil Engineering,LC0200A,CS1302,11861,CC1
1338,BEng Civil Engineering,LC0200A,CS1302,11869,LC1
1338,BEng Civil Engineering,LC0200A,PHY1201,12179,L03
1338,BEng Civil Engineering,LC0200A,PHY1201,12368,C01
1338,BEng Civil Engineering,LC0200A,PHY1201,12369,T02
1339,BEng Civil Engineering,LC0200A,LC0200A,10876,T07
1339,BEng Civil Engineering,LC0200A,MA1200,11787,CA1
1339,BEng Civil Engineering,LC0200A,MA1200,11792,TA3
1339,BEng Civil Engineering,LC0200A,CS1302,11859,CA1
1339,BEng Civil Engineering,LC0200A,PHY1201,12178,L02
1339,BEng Civil Engineering,LC0200A,CS1302,12215,LA4
1339,BEng Civil Engineering,LC0200A,PHY1201,12368,C01
1339,BEng Civil Engineering,LC0200A,PHY1201,12369,T02
1340,BEng Civil Engineering,LC0200A,LC0200A,10878,T09
1340,BEng Civil Engineering,LC0200A,PHY1201,11377,T01
1340,BEng Civil Engineering,LC0200A,MA1200,11786,CH1
1340,BEng Civil Engineering,LC0200A,MA1200,11808,TH1
1340,BEng Civil Engineering,LC0200A,CS1302,11859,CA1
1340,BEng Civil Engineering,LC0200A,PHY1201,12181,L05
1340,BEng Civil Engineering,LC0200A,CS1302,12215,LA4
1340,BEng Civil Engineering,LC0200A,PHY1201,12368,C01
1341,BEng Building Services Engineering,GE1401,PHY1201,11386,CA1
1341,BEng Building Services Engineering,GE1401,MA1200,11786,CH1
1341,BEng Building Services Engineering,GE1401,MA1200,11809,TH2
1341,BEng Building Services Engineering,GE1401,CS1302,11859,CA1
1341,BEng Building Services Engineering,GE1401,CS1302,11863,LA1
1341,BEng Building Services Engineering,GE1401,PHY1201,12188,TA1
1341,BEng Building Services Engineering,GE1401,PHY1201,12379,LA5
1341,BEng Building Services Engineering,GE1401,GE1401,13573,TB2
1342,BEng Building Services Engineering,GE1401,MA1200,11782,CE1
1342,BEng Building Services Engineering,GE1401,MA1200,11801,TE3
1342,BEng Building Services Engineering,GE1401,CS1302,11859,CA1
1342,BEng Building Services Engineering,GE1401,CS1302,11863,LA1
1342,BEng Building Services Engineering,GE1401,GE1401,12125,T65
1342,BEng Building Services Engineering,GE1401,PHY1201,12179,L03
1342,BEng Building Services Engineering,GE1401,PHY1201,12368,C01
1342,BEng Building Services Engineering,GE1401,PHY1201,12369,T02
1343,BEng Building Services Engineering,GE1401,GE1401,10694,T17
1343,BEng Building Services Engineering,GE1401,MA1200,11786,CH1
1343,BEng Building Services Engineering,GE1401,MA1200,11808,TH1
1343,BEng Building Services Engineering,GE1401,CS1302,11859,CA1
1343,BEng Building Services Engineering,GE1401,PHY1201,12178,L02
1343,BEng Building Services Engineering,GE1401,CS1302,12215,LA4
1343,BEng Building Services Engineering,GE1401,PHY1201,12368,C01
1343,BEng Building Services Engineering,GE1401,PHY1201,12369,T02
1344,BEng Building Services Engineering,GE1401,PHY1201,11386,CA1
1344,BEng Building Services Engineering,GE1401,MA1200,11785,CG1
1344,BEng Building Services Engineering,GE1401,MA1200,11806,TG2
1344,BEng Building Services Engineering,GE1401,CS1302,11859,CA1
1344,BEng Building Services Engineering,GE1401,CS1302,11982,LA3
1344,BEng Building Services Engineering,GE1401,PHY1201,12188,TA1
1344,BEng Building Services Engineering,GE1401,PHY1201,12377,LA3
1344,BEng Building Services Engineering,GE1401,GE1401,12733,T62
1345,BEng Building Services Engineering,GE1401,PHY1201,11386,CA1
1345,BEng Building Services Engineering,GE1401,GE1401,11497,T81
1345,BEng Building Services Engineering,GE1401,MA1200,11784,CF1
1345,BEng Building Services Engineering,GE1401,MA1200,11803,TF2
1345,BEng Building Services Engineering,GE1401,CS1302,11859,CA1
1345,BEng Building Services Engineering,GE1401,CS1302,11863,LA1
1345,BEng Building Services Engineering,GE1401,PHY1201,12188,TA1
1345,BEng Building Services Engineering,GE1401,PHY1201,12379,LA5
1346,BEng Building Services Engineering,GE1401,MA1200,11782,CE1
1346,BEng Building Services Engineering,GE1401,MA1200,11799,TE1
1346,BEng Building Services Engineering,GE1401,CS1302,11859,CA1
1346,BEng Building Services Engineering,GE1401,PHY1201,12178,L02
1346,BEng Building Services Engineering,GE1401,CS1302,12215,LA4
1346,BEng Building Services Engineering,GE1401,PHY1201,12368,C01
1346,BEng Building Services Engineering,GE1401,PHY1201,12369,T02
1346,BEng Building Services Engineering,GE1401,GE1401,12396,T46
1347,BEng Building Services Engineering,GE1401,PHY1201,11377,T01
1347,BEng Building Services Engineering,GE1401,MA1200,11787,CA1
1347,BEng Building Services Engineering,GE1401,MA1200,11792,TA3
1347,BEng Building Services Engineering,GE1401,CS1302,11859,CA1
1347,BEng Building Services Engineering,GE1401,PHY1201,12181,L05
1347,BEng Building Services Engineering,GE1401,CS1302,12215,LA4
1347,BEng Building Services Engineering,GE1401,PHY1201,12368,C01
1347,BEng Building Services Engineering,GE1401,GE1401,13561,T95
1348,BEng Building Services Engineering,GE1401,GE1401,10729,T63
1348,BEng Building Services Engineering,GE1401,PHY1201,11377,T01
1348,BEng Building Services Engineering,GE1401,MA1200,11787,CA1
1348,BEng Building Services Engineering,GE1401,MA1200,11790,TA1
1348,BEng Building Services Engineering,GE1401,CS1302,11859,CA1
1348,BEng Building Services Engineering,GE1401,CS1302,11982,LA3
1348,BEng Building Services Engineering,GE1401,PHY1201,12179,L03
1348,BEng Building Services Engineering,GE1401,PHY1201,12367,C02
1349,BEng Building Services Engineering,GE1401,GE1401,10705,T30
1349,BEng Building Services Engineering,GE1401,MA1200,11788,CC1
1349,BEng Building Services Engineering,GE1401,MA1200,11794,TC2
1349,BEng Building Services Engineering,GE1401,CS1302,11859,CA1
1349,BEng Building Services Engineering,GE1401,CS1302,11863,LA1
1349,BEng Building Services Engineering,GE1401,PHY1201,12178,L02
1349,BEng Building Services Engineering,GE1401,PHY1201,12367,C02
1349,BEng Building Services Engineering,GE1401,PHY1201,12369,T02
1350,BEng Building Services Engineering,GE1401,GE1401,11507,T80
1350,BEng Building Services Engineering,GE1401,MA1200,11787,CA1
1350,BEng Building Services Engineering,GE1401,MA1200,11792,TA3
1350,BEng Building Services Engineering,GE1401,CS1302,11860,CB1
1350,BEng Building Services Engineering,GE1401,PHY1201,12177,L01
1350,BEng Building Services Engineering,GE1401,CS1302,12216,LB1
1350,BEng Building Services Engineering,GE1401,PHY1201,12368,C01
1350,BEng Building Services Engineering,GE1401,PHY1201,12369,T02
1351,BEng Building Services Engineering,GE1401,MA1200,11787,CA1
1351,BEng Building Services Engineering,GE1401,MA1200,11791,TA2
1351,BEng Building Services Engineering,GE1401,CS1302,11859,CA1
1351,BEng Building Services Engineering,GE1401,CS1302,11982,LA3
1351,BEng Building Services Engineering,GE1401,PHY1201,12371,CA2
1351,BEng Building Services Engineering,GE1401,PHY1201,12372,TA2
1351,BEng Building Services Engineering,GE1401,PHY1201,12378,LA4
1351,BEng Building Services Engineering,GE1401,GE1401,14271,TB8
1352,BEng Building Services Engineering,GE1401,MA1200,11789,CD1
1352,BEng Building Services Engineering,GE1401,MA1200,11796,TD1
1352,BEng Building Services Engineering,GE1401,CS1302,11859,CA1
1352,BEng Building Services Engineering,GE1401,CS1302,11864,LA2
1352,BEng Building Services Engineering,GE1401,PHY1201,12180,L04
1352,BEng Building Services Engineering,GE1401,PHY1201,12367,C02
1352,BEng Building Services Engineering,GE1401,PHY1201,12369,T02
1352,BEng Building Services Engineering,GE1401,GE1401,15601,T28
1353,BEng Building Services Engineering,GE1401,GE1401,10708,T34
1353,BEng Building Services Engineering,GE1401,PHY1201,11377,T01
1353,BEng Building Services Engineering,GE1401,MA1200,11787,CA1
1353,BEng Building Services Engineering,GE1401,MA1200,11790,TA1
1353,BEng Building Services Engineering,GE1401,CS1302,11861,CC1
1353,BEng Building Services Engineering,GE1401,CS1302,11870,LC2
1353,BEng Building Services Engineering,GE1401,PHY1201,12178,L02
1353,BEng Building Services Engineering,GE1401,PHY1201,12368,C01
1354,BEng Building Services Engineering,GE1401,MA1200,11789,CD1
1354,BEng Building Services Engineering,GE1401,MA1200,11797,TD2
1354,BEng Building Services Engineering,GE1401,CS1302,11859,CA1
1354,BEng Building Services Engineering,GE1401,GE1401,12124,T49
1354,BEng Building Services Engineering,GE1401,PHY1201,12188,TA1
1354,BEng Building Services Engineering,GE1401,CS1302,12215,LA4
1354,BEng Building Services Engineering,GE1401,PHY1201,12371,CA2
1354,BEng Building Services Engineering,GE1401,PHY1201,12376,LA2
1355,BEng Building Services Engineering,GE1401,MA1200,11787,CA1
1355,BEng Building Services Engineering,GE1401,MA1200,11792,TA3
1355,BEng Building Services Engineering,GE1401,CS1302,11859,CA1
1355,BEng Building Services Engineering,GE1401,PHY1201,12188,TA1
1355,BEng Building Services Engineering,GE1401,CS1302,12215,LA4
1355,BEng Building Services Engineering,GE1401,PHY1201,12371,CA2
1355,BEng Building Services Engineering,GE1401,PHY1201,12377,LA3
1355,BEng Building Services Engineering,GE1401,GE1401,15207,TC7
1356,BEng Building Services Engineering,GE1401,MA1200,11787,CA1
1356,BEng Building Services Engineering,GE1401,MA1200,11792,TA3
1356,BEng Building Services Engineering,GE1401,CS1302,11859,CA1
1356,BEng Building Services Engineering,GE1401,PHY1201,12180,L04
1356,BEng Building Services Engineering,GE1401,CS1302,12215,LA4
1356,BEng Building Services Engineering,GE1401,PHY1201,12367,C02
1356,BEng Building Services Engineering,GE1401,PHY1201,12369,T02
1356,BEng Building Services Engineering,GE1401,GE1401,13572,TB1
1357,BEng Building Services Engineering,GE1401,MA1200,11782,CE1
1357,BEng Building Services Engineering,GE1401,MA1200,11801,TE3
1357,BEng Building Services Engineering,GE1401,CS1302,11859,CA1
1357,BEng Building Services Engineering,GE1401,CS1302,11982,LA3
1357,BEng Building Services Engineering,GE1401,PHY1201,12179,L03
1357,BEng Building Services Engineering,GE1401,PHY1201,12368,C01
1357,BEng Building Services Engineering,GE1401,PHY1201,12369,T02
1357,BEng Building Services Engineering,GE1401,GE1401,12396,T46
1358,BEng Building Services Engineering,GE1401,GE1401,10708,T34
1358,BEng Building Services Engineering,GE1401,MA1200,11787,CA1
1358,BEng Building Services Engineering,GE1401,MA1200,11791,TA2
1358,BEng Building Services Engineering,GE1401,CS1302,11860,CB1
1358,BEng Building Services Engineering,GE1401,PHY1201,12181,L05
1358,BEng Building Services Engineering,GE1401,CS1302,12217,LB2
1358,BEng Building Services Engineering,GE1401,PHY1201,12368,C01
1358,BEng Building Services Engineering,GE1401,PHY1201,12369,T02
1359,BEng Building Services Engineering,GE1401,MA1200,11787,CA1
1359,BEng Building Services Engineering,GE1401,MA1200,11792,TA3
1359,BEng Building Services Engineering,GE1401,CS1302,11861,CC1
1359,BEng Building Services Engineering,GE1401,PHY1201,12181,L05
1359,BEng Building Services Engineering,GE1401,PHY1201,12368,C01
1359,BEng Building Services Engineering,GE1401,PHY1201,12369,T02
1359,BEng Building Services Engineering,GE1401,CS1302,13150,LC3
1359,BEng Building Services Engineering,GE1401,GE1401,13263,T92
1360,BEng Building Services Engineering,GE1401,GE1401,10701,T25
1360,BEng Building Services Engineering,GE1401,PHY1201,11377,T01
1360,BEng Building Services Engineering,GE1401,MA1200,11787,CA1
1360,BEng Building Services Engineering,GE1401,MA1200,11792,TA3
1360,BEng Building Services Engineering,GE1401,CS1302,11860,CB1
1360,BEng Building Services Engineering,GE1401,PHY1201,12179,L03
1360,BEng Building Services Engineering,GE1401,PHY1201,12368,C01
1360,BEng Building Services Engineering,GE1401,CS1302,15811,LB4
1361,BEng Building Services Engineering,GE1401,GE1401,11506,T78
1361,BEng Building Services Engineering,GE1401,MA1200,11787,CA1
1361,BEng Building Services Engineering,GE1401,MA1200,11790,TA1
1361,BEng Building Services Engineering,GE1401,CS1302,11860,CB1
1361,BEng Building Services Engineering,GE1401,PHY1201,12179,L03
1361,BEng Building Services Engineering,GE1401,CS1302,12216,LB1
1361,BEng Building Services Engineering,GE1401,PHY1201,12368,C01
1361,BEng Building Services Engineering,GE1401,PHY1201,12369,T02
1362,BEng Building Services Engineering,GE1401,GE1401,10715,T45
1362,BEng Building Services Engineering,GE1401,MA1200,11787,CA1
1362,BEng Building Services Engineering,GE1401,MA1200,11791,TA2
1362,BEng Building Services Engineering,GE1401,CS1302,11860,CB1
1362,BEng Building Services Engineering,GE1401,PHY1201,12181,L05
1362,BEng Building Services Engineering,GE1401,CS1302,12216,LB1
1362,BEng Building Services Engineering,GE1401,PHY1201,12368,C01
1362,BEng Building Services Engineering,GE1401,PHY1201,12369,T02
1363,BEng Building Services Engineering,GE1401,MA1200,11786,CH1
1363,BEng Building Services Engineering,GE1401,MA1200,11809,TH2
1363,BEng Building Services Engineering,GE1401,CS1302,11859,CA1
1363,BEng Building Services Engineering,GE1401,CS1302,11863,LA1
1363,BEng Building Services Engineering,GE1401,PHY1201,12179,L03
1363,BEng Building Services Engineering,GE1401,PHY1201,12368,C01
1363,BEng Building Services Engineering,GE1401,PHY1201,12369,T02
1363,BEng Building Services Engineering,GE1401,GE1401,15206,TC6
1364,BEng Building Services Engineering,GE1401,PHY1201,11377,T01
1364,BEng Building Services Engineering,GE1401,GE1401,11504,T90
1364,BEng Building Services Engineering,GE1401,MA1200,11789,CD1
1364,BEng Building Services Engineering,GE1401,MA1200,11797,TD2
1364,BEng Building Services Engineering,GE1401,CS1302,11859,CA1
1364,BEng Building Services Engineering,GE1401,CS1302,11864,LA2
1364,BEng Building Services Engineering,GE1401,PHY1201,12180,L04
1364,BEng Building Services Engineering,GE1401,PHY1201,12367,C02
1365,BEng Building Services Engineering,GE1401,PHY1201,11377,T01
1365,BEng Building Services Engineering,GE1401,MA1200,11788,CC1
1365,BEng Building Services Engineering,GE1401,MA1200,11795,TC3
1365,BEng Building Services Engineering,GE1401,CS1302,11860,CB1
1365,BEng Building Services Engineering,GE1401,PHY1201,12180,L04
1365,BEng Building Services Engineering,GE1401,PHY1201,12368,C01
1365,BEng Building Services Engineering,GE1401,GE1401,14271,TB8
1365,BEng Building Services Engineering,GE1401,CS1302,15811,LB4
1366,BEng Building Services Engineering,GE1401,MA1200,11787,CA1
1366,BEng Building Services Engineering,GE1401,MA1200,11790,TA1
1366,BEng Building Services Engineering,GE1401,CS1302,11860,CB1
1366,BEng Building Services Engineering,GE1401,PHY1201,12179,L03
1366,BEng Building Services Engineering,GE1401,PHY1201,12368,C01
1366,BEng Building Services Engineering,GE1401,PHY1201,12369,T02
1366,BEng Building Services Engineering,GE1401,GE1401,15601,T28
1366,BEng Building Services Engineering,GE1401,CS1302,15811,LB4
1367,BEng Building Services Engineering,LC0200A,LC0200A,10875,T06
1367,BEng Building Services Engineering,LC0200A,PHY1201,11377,T01
1367,BEng Building Services Engineering,LC0200A,MA1200,11787,CA1
1367,BEng Building Services Engineering,LC0200A,MA1200,11792,TA3
1367,BEng Building Services Engineering,LC0200A,CS1302,11859,CA1
1367,BEng Building Services Engineering,LC0200A,CS1302,11863,LA1
1367,BEng Building Services Engineering,LC0200A,PHY1201,12181,L05
1367,BEng Building Services Engineering,LC0200A,PHY1201,12367,C02
1368,BEng Building Services Engineering,LC0200A,MA1200,11789,CD1
1368,BEng Building Services Engineering,LC0200A,MA1200,11796,TD1
1368,BEng Building Services Engineering,LC0200A,CS1302,11860,CB1
1368,BEng Building Services Engineering,LC0200A,PHY1201,12181,L05
1368,BEng Building Services Engineering,LC0200A,LC0200A,12333,T40
1368,BEng Building Services Engineering,LC0200A,PHY1201,12368,C01
1368,BEng Building Services Engineering,LC0200A,PHY1201,12369,T02
1368,BEng Building Services Engineering,LC0200A,CS1302,15811,LB4
1369,BEng Building Services Engineering,LC0200A,LC0200A,10879,T10
1369,BEng Building Services Engineering,LC0200A,PHY1201,11377,T01
1369,BEng Building Services Engineering,LC0200A,MA1200,11788,CC1
1369,BEng Building Services Engineering,LC0200A,MA1200,11793,TC1
1369,BEng Building Services Engineering,LC0200A,CS1302,11860,CB1
1369,BEng Building Services Engineering,LC0200A,PHY1201,12178,L02
1369,BEng Building Services Engineering,LC0200A,CS1302,12218,LB3
1369,BEng Building Services Engineering,LC0200A,PHY1201,12368,C01
1370,BEng Building Services Engineering,LC0200A,LC0200A,10865,T05
1370,BEng Building Services Engineering,LC0200A,MA1200,11782,CE1
1370,BEng Building Services Engineering,LC0200A,MA1200,11801,TE3
1370,BEng Building Services Engineering,LC0200A,CS1302,11859,CA1
1370,BEng Building Services Engineering,LC0200A,PHY1201,12181,L05
1370,BEng Building Services Engineering,LC0200A,CS1302,12215,LA4
1370,BEng Building Services Engineering,LC0200A,PHY1201,12368,C01
1370,BEng Building Services Engineering,LC0200A,PHY1201,12369,T02
1371,BEng Building Services Engineering,LC0200A,PHY1201,11377,T01
1371,BEng Building Services Engineering,LC0200A,MA1200,11789,CD1
1371,BEng Building Services Engineering,LC0200A,MA1200,11796,TD1
1371,BEng Building Services Engineering,LC0200A,CS1302,11860,CB1
1371,BEng Building Services Engineering,LC0200A,PHY1201,12177,L01
1371,BEng Building Services Engineering,LC0200A,CS1302,12218,LB3
1371,BEng Building Services Engineering,LC0200A,LC0200A,12320,T38
1371,BEng Building Services Engineering,LC0200A,PHY1201,12368,C01
1372,BEng Building Services Engineering,LC0200A,LC0200A,11170,T32
1372,BEng Building Services Engineering,LC0200A,MA1200,11788,CC1
1372,BEng Building Services Engineering,LC0200A,MA1200,11794,TC2
1372,BEng Building Services Engineering,LC0200A,CS1302,11860,CB1
1372,BEng Building Services Engineering,LC0200A,PHY1201,12179,L03
1372,BEng Building Services Engineering,LC0200A,CS1302,12217,LB2
1372,BEng Building Services Engineering,LC0200A,PHY1201,12368,C01
1372,BEng Building Services Engineering,LC0200A,PHY1201,12369,T02
1373,BEng Building Services Engineering,LC0200A,MA1200,11789,CD1
1373,BEng Building Services Engineering,LC0200A,MA1200,11796,TD1
1373,BEng Building Services Engineering,LC0200A,CS1302,11860,CB1
1373,BEng Building Services Engineering,LC0200A,PHY1201,12177,L01
1373,BEng Building Services Engineering,LC0200A,CS1302,12218,LB3
1373,BEng Building Services Engineering,LC0200A,LC0200A,12333,T40
1373,BEng Building Services Engineering,LC0200A,PHY1201,12368,C01
1373,BEng Building Services Engineering,LC0200A,PHY1201,12369,T02
1374,BEng Building Services Engineering,LC0200A,LC0200A,10875,T06
1374,BEng Building Services Engineering,LC0200A,PHY1201,11377,T01
1374,BEng Building Services Engineering,LC0200A,MA1200,11788,CC1
1374,BEng Building Services Engineering,LC0200A,MA1200,11793,TC1
1374,BEng Building Services Engineering,LC0200A,CS1302,11860,CB1
1374,BEng Building Services Engineering,LC0200A,PHY1201,12180,L04
1374,BEng Building Services Engineering,LC0200A,CS1302,12216,LB1
1374,BEng Building Services Engineering,LC0200A,PHY1201,12368,C01
1375,BEng Building Services Engineering,LC0200A,LC0200A,10893,T25
1375,BEng Building Services Engineering,LC0200A,MA1200,11789,CD1
1375,BEng Building Services Engineering,LC0200A,MA1200,11798,TD3
1375,BEng Building Services Engineering,LC0200A,CS1302,11860,CB1
1375,BEng Building Services Engineering,LC0200A,PHY1201,12180,L04
1375,BEng Building Services Engineering,LC0200A,CS1302,12216,LB1
1375,BEng Building Services Engineering,LC0200A,PHY1201,12368,C01
1375,BEng Building Services Engineering,LC0200A,PHY1201,12369,T02
1376,BEng Building Services Engineering,LC0200A,LC0200A,10876,T07
1376,BEng Building Services Engineering,LC0200A,PHY1201,11377,T01
1376,BEng Building Services Engineering,LC0200A,MA1200,11788,CC1
1376,BEng Building Services Engineering,LC0200A,MA1200,11794,TC2
1376,BEng Building Services Engineering,LC0200A,CS1302,11859,CA1
1376,BEng Building Services Engineering,LC0200A,CS1302,11863,LA1
1376,BEng Building Services Engineering,LC0200A,PHY1201,12178,L02
1376,BEng Building Services Engineering,LC0200A,PHY1201,12368,C01
1377,BEng Building Services Engineering,LC0200A,LC0200A,10841,T01
1377,BEng Building Services Engineering,LC0200A,PHY1201,11386,CA1
1377,BEng Building Services Engineering,LC0200A,MA1200,11787,CA1
1377,BEng Building Services Engineering,LC0200A,MA1200,11790,TA1
1377,BEng Building Services Engineering,LC0200A,CS1302,11860,CB1
1377,BEng Building Services Engineering,LC0200A,PHY1201,12188,TA1
1377,BEng Building Services Engineering,LC0200A,CS1302,12216,LB1
1377,BEng Building Services Engineering,LC0200A,PHY1201,12379,LA5
1378,BSc Architecture and Surveying,GE1401,GE1401,10686,T09
1378,BSc Architecture and Surveying,GE1401,MA1200,11788,CC1
1378,BSc Architecture and Surveying,GE1401,MA1200,11795,TC3
1378,BSc Architecture and Surveying,GE1401,CS1302,11859,CA1
1378,BSc Architecture and Surveying,GE1401,CS1302,11864,LA2
1378,BSc Architecture and Surveying,GE1401,PHY1201,12180,L04
1378,BSc Architecture and Surveying,GE1401,PHY1201,12367,C02
1378,BSc Architecture and Surveying,GE1401,PHY1201,12369,T02
1379,BSc Architecture and Surveying,GE1401,MA1200,11785,CG1
1379,BSc Architecture and Surveying,GE1401,MA1200,11807,TG3
1379,BSc Architecture and Surveying,GE1401,CS1302,11859,CA1
1379,BSc Architecture and Surveying,GE1401,PHY1201,12180,L04
1379,BSc Architecture and Surveying,GE1401,CS1302,12215,LA4
1379,BSc Architecture and Surveying,GE1401,PHY1201,12368,C01
1379,BSc Architecture and Surveying,GE1401,PHY1201,12369,T02
1379,BSc Architecture and Surveying,GE1401,GE1401,12734,T71
1380,BSc Architecture and Surveying,GE1401,GE1401,10693,T16
1380,BSc Architecture and Surveying,GE1401,MA1200,11784,CF1
1380,BSc Architecture and Surveying,GE1401,MA1200,11802,TF1
1380,BSc Architecture and Surveying,GE1401,CS1302,11859,CA1
1380,BSc Architecture and Surveying,GE1401,PHY1201,12180,L04
1380,BSc Architecture and Surveying,GE1401,CS1302,12215,LA4
1380,BSc Architecture and Surveying,GE1401,PHY1201,12368,C01
1380,BSc Architecture and Surveying,GE1401,PHY1201,12369,T02
1381,BSc Architecture and Surveying,GE1401,GE1401,10727,T60
1381,BSc Architecture and Surveying,GE1401,MA1200,11789,CD1
1381,BSc Architecture and Surveying,GE1401,MA1200,11797,TD2
1381,BSc Architecture and Surveying,GE1401,CS1302,11859,CA1
1381,BSc Architecture and Surveying,GE1401,CS1302,12215,LA4
1381,BSc Architecture and Surveying,GE1401,PHY1201,12371,CA2
1381,BSc Architecture and Surveying,GE1401,PHY1201,12372,TA2
1381,BSc Architecture and Surveying,GE1401,PHY1201,12376,LA2
1382,BSc Architecture and Surveying,GE1401,MA1200,11789,CD1
1382,BSc Architecture and Surveying,GE1401,MA1200,11797,TD2
1382,BSc Architecture and Surveying,GE1401,CS1302,11860,CB1
1382,BSc Architecture and Surveying,GE1401,PHY1201,12177,L01
1382,BSc Architecture and Surveying,GE1401,CS1302,12216,LB1
1382,BSc Architecture and Surveying,GE1401,PHY1201,12368,C01
1382,BSc Architecture and Surveying,GE1401,PHY1201,12369,T02
1382,BSc Architecture and Surveying,GE1401,GE1401,12734,T71
1383,BSc Architecture and Surveying,GE1401,GE1401,10683,T06
1383,BSc Architecture and Surveying,GE1401,PHY1201,11377,T01
1383,BSc Architecture and Surveying,GE1401,MA1200,11786,CH1
1383,BSc Architecture and Surveying,GE1401,MA1200,11810,TH3
1383,BSc Architecture and Surveying,GE1401,CS1302,11859,CA1
1383,BSc Architecture and Surveying,GE1401,CS1302,11863,LA1
1383,BSc Architecture and Surveying,GE1401,PHY1201,12179,L03
1383,BSc Architecture and Surveying,GE1401,PHY1201,12368,C01
1384,BSc Architecture and Surveying,GE1401,PHY1201,11386,CA1
1384,BSc Architecture and Surveying,GE1401,MA1200,11789,CD1
1384,BSc Architecture and Surveying,GE1401,MA1200,11798,TD3
1384,BSc Architecture and Surveying,GE1401,CS1302,11861,CC1
1384,BSc Architecture and Surveying,GE1401,PHY1201,12372,TA2
1384,BSc Architecture and Surveying,GE1401,PHY1201,12377,LA3
1384,BSc Architecture and Surveying,GE1401,CS1302,13150,LC3
1384,BSc Architecture and Surveying,GE1401,GE1401,15207,TC7
1385,BSc Architecture and Surveying,GE1401,GE1401,11500,T86
1385,BSc Architecture and Surveying,GE1401,MA1200,11788,CC1
1385,BSc Architecture and Surveying,GE1401,MA1200,11794,TC2
1385,BSc Architecture and Surveying,GE1401,CS1302,11860,CB1
1385,BSc Architecture and Surveying,GE1401,PHY1201,12178,L02
1385,BSc Architecture and Surveying,GE1401,CS1302,12216,LB1
1385,BSc Architecture and Surveying,GE1401,PHY1201,12368,C01
1385,BSc Architecture and Surveying,GE1401,PHY1201,12369,T02
1386,BSc Architecture and Surveying,GE1401,GE1401,10727,T60
1386,BSc Architecture and Surveying,GE1401,MA1200,11789,CD1
1386,BSc Architecture and Surveying,GE1401,MA1200,11796,TD1
1386,BSc Architecture and Surveying,GE1401,CS1302,11859,CA1
1386,BSc Architecture and Surveying,GE1401,CS1302,11863,LA1
1386,BSc Architecture and Surveying,GE1401,PHY1201,12371,CA2
1386,BSc Architecture and Surveying,GE1401,PHY1201,12372,TA2
1386,BSc Architecture and Surveying,GE1401,PHY1201,12376,LA2
1387,BSc Architecture and Surveying,GE1401,PHY1201,11377,T01
1387,BSc Architecture and Surveying,GE1401,MA1200,11788,CC1
1387,BSc Architecture and Surveying,GE1401,MA1200,11795,TC3
1387,BSc Architecture and Surveying,GE1401,CS1302,11859,CA1
1387,BSc Architecture and Surveying,GE1401,PHY1201,12178,L02
1387,BSc Architecture and Surveying,GE1401,CS1302,12215,LA4
1387,BSc Architecture and Surveying,GE1401,PHY1201,12368,C01
1387,BSc Architecture and Surveying,GE1401,GE1401,13568,T96
1388,BSc Architecture and Surveying,GE1401,MA1200,11789,CD1
1388,BSc Architecture and Surveying,GE1401,MA1200,11798,TD3
1388,BSc Architecture and Surveying,GE1401,CS1302,11860,CB1
1388,BSc Architecture and Surveying,GE1401,GE1401,12127,T84
1388,BSc Architecture and Surveying,GE1401,PHY1201,12181,L05
1388,BSc Architecture and Surveying,GE1401,PHY1201,12368,C01
1388,BSc Architecture and Surveying,GE1401,PHY1201,12369,T02
1388,BSc Architecture and Surveying,GE1401,CS1302,15811,LB4
1389,BSc Architecture and Surveying,GE1401,GE1401,10731,T66
1389,BSc Architecture and Surveying,GE1401,MA1200,11789,CD1
1389,BSc Architecture and Surveying,GE1401,MA1200,11796,TD1
1389,BSc Architecture and Surveying,GE1401,CS1302,11859,CA1
1389,BSc Architecture and Surveying,GE1401,CS1302,12215,LA4
1389,BSc Architecture and Surveying,GE1401,PHY1201,12371,CA2
1389,BSc Architecture and Surveying,GE1401,PHY1201,12372,TA2
1389,BSc Architecture and Surveying,GE1401,PHY1201,12376,LA2
1390,BSc Architecture and Surveying,GE1401,PHY1201,11377,T01
1390,BSc Architecture and Surveying,GE1401,GE1401,11500,T86
1390,BSc Architecture and Surveying,GE1401,MA1200,11786,CH1
1390,BSc Architecture and Surveying,GE1401,MA1200,11809,TH2
1390,BSc Architecture and Surveying,GE1401,CS1302,11859,CA1
1390,BSc Architecture and Surveying,GE1401,PHY1201,12178,L02
1390,BSc Architecture and Surveying,GE1401,CS1302,12215,LA4
1390,BSc Architecture and Surveying,GE1401,PHY1201,12368,C01
1391,BSc Architecture and Surveying,GE1401,MA1200,11788,CC1
1391,BSc Architecture and Surveying,GE1401,MA1200,11793,TC1
1391,BSc Architecture and Surveying,GE1401,CS1302,11859,CA1
1391,BSc Architecture and Surveying,GE1401,CS1302,11864,LA2
1391,BSc Architecture and Surveying,GE1401,GE1401,12124,T49
1391,BSc Architecture and Surveying,GE1401,PHY1201,12181,L05
1391,BSc Architecture and Surveying,GE1401,PHY1201,12367,C02
1391,BSc Architecture and Surveying,GE1401,PHY1201,12369,T02
1392,BSc Architecture and Surveying,GE1401,GE1401,10714,T43
1392,BSc Architecture and Surveying,GE1401,PHY1201,11386,CA1
1392,BSc Architecture and Surveying,GE1401,MA1200,11788,CC1
1392,BSc Architecture and Surveying,GE1401,MA1200,11795,TC3
1392,BSc Architecture and Surveying,GE1401,CS1302,11859,CA1
1392,BSc Architecture and Surveying,GE1401,CS1302,11863,LA1
1392,BSc Architecture and Surveying,GE1401,PHY1201,12372,TA2
1392,BSc Architecture and Surveying,GE1401,PHY1201,12377,LA3
1393,BSc Architecture and Surveying,GE1401,GE1401,10683,T06
1393,BSc Architecture and Surveying,GE1401,PHY1201,11377,T01
1393,BSc Architecture and Surveying,GE1401,MA1200,11782,CE1
1393,BSc Architecture and Surveying,GE1401,MA1200,11799,TE1
1393,BSc Architecture and Surveying,GE1401,CS1302,11859,CA1
1393,BSc Architecture and Surveying,GE1401,CS1302,11864,LA2
1393,BSc Architecture and Surveying,GE1401,PHY1201,12179,L03
1393,BSc Architecture and Surveying,GE1401,PHY1201,12368,C01
1394,BSc Architecture and Surveying,GE1401,GE1401,10706,T31
1394,BSc Architecture and Surveying,GE1401,MA1200,11784,CF1
1394,BSc Architecture and Surveying,GE1401,MA1200,11803,TF2
1394,BSc Architecture and Surveying,GE1401,CS1302,11859,CA1
1394,BSc Architecture and Surveying,GE1401,CS1302,11864,LA2
1394,BSc Architecture and Surveying,GE1401,PHY1201,12179,L03
1394,BSc Architecture and Surveying,GE1401,PHY1201,12368,C01
1394,BSc Architecture and Surveying,GE1401,PHY1201,12369,T02
1395,BSc Architecture and Surveying,GE1401,GE1401,10679,T02
1395,BSc Architecture and Surveying,GE1401,PHY1201,11377,T01
1395,BSc Architecture and Surveying,GE1401,MA1200,11789,CD1
1395,BSc Architecture and Surveying,GE1401,MA1200,11796,TD1
1395,BSc Architecture and Surveying,GE1401,CS1302,11859,CA1
1395,BSc Architecture and Surveying,GE1401,CS1302,11864,LA2
1395,BSc Architecture and Surveying,GE1401,PHY1201,12181,L05
1395,BSc Architecture and Surveying,GE1401,PHY1201,12367,C02
1396,BSc Architecture and Surveying,GE1401,MA1200,11787,CA1
1396,BSc Architecture and Surveying,GE1401,MA1200,11790,TA1
1396,BSc Architecture and Surveying,GE1401,CS1302,11859,CA1
1396,BSc Architecture and Surveying,GE1401,GE1401,12121,T33
1396,BSc Architecture and Surveying,GE1401,PHY1201,12180,L04
1396,BSc Architecture and Surveying,GE1401,CS1302,12215,LA4
1396,BSc Architecture and Surveying,GE1401,PHY1201,12367,C02
1396,BSc Architecture and Surveying,GE1401,PHY1201,12369,T02
1397,BSc Architecture and Surveying,GE1401,GE1401,10679,T02
1397,BSc Architecture and Surveying,GE1401,MA1200,11788,CC1
1397,BSc Architecture and Surveying,GE1401,MA1200,11795,TC3
1397,BSc Architecture and Surveying,GE1401,CS1302,11860,CB1
1397,BSc Architecture and Surveying,GE1401,PHY1201,12179,L03
1397,BSc Architecture and Surveying,GE1401,CS1302,12217,LB2
1397,BSc Architecture and Surveying,GE1401,PHY1201,12368,C01
1397,BSc Architecture and Surveying,GE1401,PHY1201,12369,T02
1398,BSc Architecture and Surveying,GE1401,PHY1201,11377,T01
1398,BSc Architecture and Surveying,GE1401,GE1401,11500,T86
1398,BSc Architecture and Surveying,GE1401,MA1200,11785,CG1
1398,BSc Architecture and Surveying,GE1401,MA1200,11807,TG3
1398,BSc Architecture and Surveying,GE1401,CS1302,11859,CA1
1398,BSc Architecture and Surveying,GE1401,PHY1201,12181,L05
1398,BSc Architecture and Surveying,GE1401,CS1302,12215,LA4
1398,BSc Architecture and Surveying,GE1401,PHY1201,12368,C01
1399,BSc Architecture and Surveying,GE1401,GE1401,10698,T22
1399,BSc Architecture and Surveying,GE1401,MA1200,11789,CD1
1399,BSc Architecture and Surveying,GE1401,MA1200,11797,TD2
1399,BSc Architecture and Surveying,GE1401,CS1302,11860,CB1
1399,BSc Architecture and Surveying,GE1401,PHY1201,12181,L05
1399,BSc Architecture and Surveying,GE1401,CS1302,12218,LB3
1399,BSc Architecture and Surveying,GE1401,PHY1201,12368,C01
1399,BSc Architecture and Surveying,GE1401,PHY1201,12369,T02
1400,BSc Architecture and Surveying,GE1401,GE1401,10715,T45
1400,BSc Architecture and Surveying,GE1401,PHY1201,11386,CA1
1400,BSc Architecture and Surveying,GE1401,MA1200,11789,CD1
1400,BSc Architecture and Surveying,GE1401,MA1200,11797,TD2
1400,BSc Architecture and Surveying,GE1401,CS1302,11860,CB1
1400,BSc Architecture and Surveying,GE1401,CS1302,12218,LB3
1400,BSc Architecture and Surveying,GE1401,PHY1201,12372,TA2
1400,BSc Architecture and Surveying,GE1401,PHY1201,12379,LA5
1401,BSc Architecture and Surveying,GE1401,PHY1201,11377,T01
1401,BSc Architecture and Surveying,GE1401,GE1401,11494,T76
1401,BSc Architecture and Surveying,GE1401,MA1200,11787,CA1
1401,BSc Architecture and Surveying,GE1401,MA1200,11791,TA2
1401,BSc Architecture and Surveying,GE1401,CS1302,11859,CA1
1401,BSc Architecture and Surveying,GE1401,CS1302,11864,LA2
1401,BSc Architecture and Surveying,GE1401,PHY1201,12181,L05
1401,BSc Architecture and Surveying,GE1401,PHY1201,12367,C02
1402,BSc Architecture and Surveying,GE1401,PHY1201,11377,T01
1402,BSc Architecture and Surveying,GE1401,MA1200,11784,CF1
1402,BSc Architecture and Surveying,GE1401,MA1200,11804,TF3
1402,BSc Architecture and Surveying,GE1401,CS1302,11859,CA1
1402,BSc Architecture and Surveying,GE1401,CS1302,11863,LA1
1402,BSc Architecture and Surveying,GE1401,PHY1201,12181,L05
1402,BSc Architecture and Surveying,GE1401,PHY1201,12368,C01
1402,BSc Architecture and Surveying,GE1401,GE1401,12398,T70
1403,BSc Architecture and Surveying,GE1401,GE1401,10698,T22
1403,BSc Architecture and Surveying,GE1401,PHY1201,11377,T01
1403,BSc Architecture and Surveying,GE1401,MA1200,11787,CA1
1403,BSc Architecture and Surveying,GE1401,MA1200,11791,TA2
1403,BSc Architecture and Surveying,GE1401,CS1302,11859,CA1
1403,BSc Architecture and Surveying,GE1401,PHY1201,12180,L04
1403,BSc Architecture and Surveying,GE1401,CS1302,12215,LA4
1403,BSc Architecture and Surveying,GE1401,PHY1201,12367,C02
1404,BSc Architecture and Surveying,GE1401,GE1401,10698,T22
1404,BSc Architecture and Surveying,GE1401,MA1200,11789,CD1
1404,BSc Architecture and Surveying,GE1401,MA1200,11798,TD3
1404,BSc Architecture and Surveying,GE1401,CS1302,11859,CA1
1404,BSc Architecture and Surveying,GE1401,CS1302,11864,LA2
1404,BSc Architecture and Surveying,GE1401,PHY1201,12188,TA1
1404,BSc Architecture and Surveying,GE1401,PHY1201,12371,CA2
1404,BSc Architecture and Surveying,GE1401,PHY1201,12378,LA4
1405,BSc Architecture and Surveying,GE1401,PHY1201,11386,CA1
1405,BSc Architecture and Surveying,GE1401,GE1401,11505,T93
1405,BSc Architecture and Surveying,GE1401,MA1200,11786,CH1
1405,BSc Architecture and Surveying,GE1401,MA1200,11808,TH1
1405,BSc Architecture and Surveying,GE1401,CS1302,11859,CA1
1405,BSc Architecture and Surveying,GE1401,CS1302,11982,LA3
1405,BSc Architecture and Surveying,GE1401,PHY1201,12372,TA2
1405,BSc Architecture and Surveying,GE1401,PHY1201,12378,LA4
1406,BSc Architecture and Surveying,GE1401,PHY1201,11377,T01
1406,BSc Architecture and Surveying,GE1401,MA1200,11789,CD1
1406,BSc Architecture and Surveying,GE1401,MA1200,11798,TD3
1406,BSc Architecture and Surveying,GE1401,CS1302,11860,CB1
1406,BSc Architecture and Surveying,GE1401,PHY1201,12177,L01
1406,BSc Architecture and Surveying,GE1401,CS1302,12216,LB1
1406,BSc Architecture and Surveying,GE1401,PHY1201,12368,C01
1406,BSc Architecture and Surveying,GE1401,GE1401,13568,T96
1407,BSc Architecture and Surveying,GE1401,GE1401,10679,T02
1407,BSc Architecture and Surveying,GE1401,PHY1201,11377,T01
1407,BSc Architecture and Surveying,GE1401,MA1200,11789,CD1
1407,BSc Architecture and Surveying,GE1401,MA1200,11796,TD1
1407,BSc Architecture and Surveying,GE1401,CS1302,11860,CB1
1407,BSc Architecture and Surveying,GE1401,PHY1201,12178,L02
1407,BSc Architecture and Surveying,GE1401,CS1302,12217,LB2
1407,BSc Architecture and Surveying,GE1401,PHY1201,12368,C01
1408,BSc Architecture and Surveying,GE1401,PHY1201,11377,T01
1408,BSc Architecture and Surveying,GE1401,GE1401,11497,T81
1408,BSc Architecture and Surveying,GE1401,MA1200,11784,CF1
1408,BSc Architecture and Surveying,GE1401,MA1200,11803,TF2
1408,BSc Architecture and Surveying,GE1401,CS1302,11859,CA1
1408,BSc Architecture and Surveying,GE1401,PHY1201,12180,L04
1408,BSc Architecture and Surveying,GE1401,CS1302,12215,LA4
1408,BSc Architecture and Surveying,GE1401,PHY1201,12368,C01
1409,BSc Architecture and Surveying,GE1401,PHY1201,11377,T01
1409,BSc Architecture and Surveying,GE1401,GE1401,11507,T80
1409,BSc Architecture and Surveying,GE1401,MA1200,11787,CA1
1409,BSc Architecture and Surveying,GE1401,MA1200,11790,TA1
1409,BSc Architecture and Surveying,GE1401,CS1302,11859,CA1
1409,BSc Architecture and Surveying,GE1401,CS1302,11982,LA3
1409,BSc Architecture and Surveying,GE1401,PHY1201,12181,L05
1409,BSc Architecture and Surveying,GE1401,PHY1201,12368,C01
1410,BSc Architecture and Surveying,GE1401,GE1401,10684,T07
1410,BSc Architecture and Surveying,GE1401,MA1200,11787,CA1
1410,BSc Architecture and Surveying,GE1401,MA1200,11791,TA2
1410,BSc Architecture and Surveying,GE1401,CS1302,11860,CB1
1410,BSc Architecture and Surveying,GE1401,PHY1201,12178,L02
1410,BSc Architecture and Surveying,GE1401,PHY1201,12368,C01
1410,BSc Architecture and Surveying,GE1401,PHY1201,12369,T02
1410,BSc Architecture and Surveying,GE1401,CS1302,15811,LB4
1411,BSc Architecture and Surveying,LC0200A,MA1200,11787,CA1
1411,BSc Architecture and Surveying,LC0200A,MA1200,11791,TA2
1411,BSc Architecture and Surveying,LC0200A,CS1302,11859,CA1
1411,BSc Architecture and Surveying,LC0200A,CS1302,11982,LA3
1411,BSc Architecture and Surveying,LC0200A,PHY1201,12188,TA1
1411,BSc Architecture and Surveying,LC0200A,PHY1201,12371,CA2
1411,BSc Architecture and Surveying,LC0200A,PHY1201,12379,LA5
1411,BSc Architecture and Surveying,LC0200A,LC0200A,14952,T36
1412,BSc Architecture and Surveying,LC0200A,LC0200A,10876,T07
1412,BSc Architecture and Surveying,LC0200A,PHY1201,11386,CA1
1412,BSc Architecture and Surveying,LC0200A,MA1200,11786,CH1
1412,BSc Architecture and Surveying,LC0200A,MA1200,11810,TH3
1412,BSc Architecture and Surveying,LC0200A,CS1302,11859,CA1
1412,BSc Architecture and Surveying,LC0200A,CS1302,11982,LA3
1412,BSc Architecture and Surveying,LC0200A,PHY1201,12372,TA2
1412,BSc Architecture and Surveying,LC0200A,PHY1201,12378,LA4
1413,BSc Architecture and Surveying,LC0200A,MA1200,11788,CC1
1413,BSc Architecture and Surveying,LC0200A,MA1200,11794,TC2
1413,BSc Architecture and Surveying,LC0200A,CS1302,11860,CB1
1413,BSc Architecture and Surveying,LC0200A,PHY1201,12178,L02
1413,BSc Architecture and Surveying,LC0200A,PHY1201,12368,C01
1413,BSc Architecture and Surveying,LC0200A,PHY1201,12369,T02
1413,BSc Architecture and Surveying,LC0200A,LC0200A,14950,T18
1413,BSc Architecture and Surveying,LC0200A,CS1302,15811,LB4
1414,BSc Architecture and Surveying,LC0200A,LC0200A,11170,T32
1414,BSc Architecture and Surveying,LC0200A,MA1200,11789,CD1
1414,BSc Architecture and Surveying,LC0200A,MA1200,11796,TD1
1414,BSc Architecture and Surveying,LC0200A,CS1302,11859,CA1
1414,BSc Architecture and Surveying,LC0200A,PHY1201,12188,TA1
1414,BSc Architecture and Surveying,LC0200A,CS1302,12215,LA4
1414,BSc Architecture and Surveying,LC0200A,PHY1201,12371,CA2
1414,BSc Architecture and Surveying,LC0200A,PHY1201,12376,LA2
1415,BSc Architecture and Surveying,LC0200A,LC0200A,10875,T06
1415,BSc Architecture and Surveying,LC0200A,PHY1201,11377,T01
1415,BSc Architecture and Surveying,LC0200A,MA1200,11787,CA1
1415,BSc Architecture and Surveying,LC0200A,MA1200,11792,TA3
1415,BSc Architecture and Surveying,LC0200A,CS1302,11859,CA1
1415,BSc Architecture and Surveying,LC0200A,CS1302,11863,LA1
1415,BSc Architecture and Surveying,LC0200A,PHY1201,12179,L03
1415,BSc Architecture and Surveying,LC0200A,PHY1201,12367,C02
1416,BSc Architecture and Surveying,LC0200A,LC0200A,10894,T26
1416,BSc Architecture and Surveying,LC0200A,PHY1201,11386,CA1
1416,BSc Architecture and Surveying,LC0200A,MA1200,11787,CA1
1416,BSc Architecture and Surveying,LC0200A,MA1200,11790,TA1
1416,BSc Architecture and Surveying,LC0200A,CS1302,11860,CB1
1416,BSc Architecture and Surveying,LC0200A,PHY1201,12188,TA1
1416,BSc Architecture and Surveying,LC0200A,CS1302,12216,LB1
1416,BSc Architecture and Surveying,LC0200A,PHY1201,12379,LA5
1417,BSc Architecture and Surveying,LC0200A,MA1200,11787,CA1
1417,BSc Architecture and Surveying,LC0200A,MA1200,11790,TA1
1417,BSc Architecture and Surveying,LC0200A,CS1302,11860,CB1
1417,BSc Architecture and Surveying,LC0200A,PHY1201,12177,L01
1417,BSc Architecture and Surveying,LC0200A,CS1302,12218,LB3
1417,BSc Architecture and Surveying,LC0200A,PHY1201,12368,C01
1417,BSc Architecture and Surveying,LC0200A,PHY1201,12369,T02
1417,BSc Architecture and Surveying,LC0200A,LC0200A,14950,T18
1418,BSc Architecture and Surveying,LC0200A,PHY1201,11377,T01
1418,BSc Architecture and Surveying,LC0200A,MA1200,11786,CH1
1418,BSc Architecture and Surveying,LC0200A,MA1200,11808,TH1
1418,BSc Architecture and Surveying,LC0200A,CS1302,11859,CA1
1418,BSc Architecture and Surveying,LC0200A,CS1302,11982,LA3
1418,BSc Architecture and Surveying,LC0200A,PHY1201,12181,L05
1418,BSc Architecture and Surveying,LC0200A,PHY1201,12368,C01
1418,BSc Architecture and Surveying,LC0200A,LC0200A,14952,T36
1419,BSc Architecture and Surveying,LC0200A,LC0200A,10862,T02
1419,BSc Architecture and Surveying,LC0200A,MA1200,11787,CA1
1419,BSc Architecture and Surveying,LC0200A,MA1200,11791,TA2
1419,BSc Architecture and Surveying,LC0200A,CS1302,11860,CB1
1419,BSc Architecture and Surveying,LC0200A,PHY1201,12180,L04
1419,BSc Architecture and Surveying,LC0200A,CS1302,12216,LB1
1419,BSc Architecture and Surveying,LC0200A,PHY1201,12368,C01
1419,BSc Architecture and Surveying,LC0200A,PHY1201,12369,T02
1420,BSc Architecture and Surveying,LC0200A,LC0200A,10882,T13
1420,BSc Architecture and Surveying,LC0200A,PHY1201,11377,T01
1420,BSc Architecture and Surveying,LC0200A,MA1200,11788,CC1
1420,BSc Architecture and Surveying,LC0200A,MA1200,11793,TC1
1420,BSc Architecture and Surveying,LC0200A,CS1302,11860,CB1
1420,BSc Architecture and Surveying,LC0200A,PHY1201,12179,L03
1420,BSc Architecture and Surveying,LC0200A,CS1302,12217,LB2
1420,BSc Architecture and Surveying,LC0200A,PHY1201,12368,C01
1421,BSc Architecture and Surveying,LC0200A,LC0200A,10894,T26
1421,BSc Architecture and Surveying,LC0200A,PHY1201,11377,T01
1421,BSc Architecture and Surveying,LC0200A,MA1200,11785,CG1
1421,BSc Architecture and Surveying,LC0200A,MA1200,11807,TG3
1421,BSc Architecture and Surveying,LC0200A,CS1302,11859,CA1
1421,BSc Architecture and Surveying,LC0200A,CS1302,11863,LA1
1421,BSc Architecture and Surveying,LC0200A,PHY1201,12178,L02
1421,BSc Architecture and Surveying,LC0200A,PHY1201,12368,C01
1422,BSc Architecture and Surveying,LC0200A,PHY1201,11386,CA1
1422,BSc Architecture and Surveying,LC0200A,MA1200,11784,CF1
1422,BSc Architecture and Surveying,LC0200A,MA1200,11803,TF2
1422,BSc Architecture and Surveying,LC0200A,CS1302,11859,CA1
1422,BSc Architecture and Surveying,LC0200A,CS1302,11863,LA1
1422,BSc Architecture and Surveying,LC0200A,PHY1201,12188,TA1
1422,BSc Architecture and Surveying,LC0200A,LC0200A,12333,T40
1422,BSc Architecture and Surveying,LC0200A,PHY1201,12377,LA3
1423,BSc Architecture and Surveying,LC0200A,LC0200A,10890,T22
1423,BSc Architecture and Surveying,LC0200A,MA1200,11789,CD1
1423,BSc Architecture and Surveying,LC0200A,MA1200,11797,TD2
1423,BSc Architecture and Surveying,LC0200A,CS1302,11859,CA1
1423,BSc Architecture and Surveying,LC0200A,CS1302,11982,LA3
1423,BSc Architecture and Surveying,LC0200A,PHY1201,12188,TA1
1423,BSc Architecture and Surveying,LC0200A,PHY1201,12371,CA2
1423,BSc Architecture and Surveying,LC0200A,PHY1201,12378,LA4
1424,BSc Architecture and Surveying,LC0200A,LC0200A,10876,T07
1424,BSc Architecture and Surveying,LC0200A,MA1200,11788,CC1
1424,BSc Architecture and Surveying,LC0200A,MA1200,11793,TC1
1424,BSc Architecture and Surveying,LC0200A,CS1302,11860,CB1
1424,BSc Architecture and Surveying,LC0200A,PHY1201,12177,L01
1424,BSc Architecture and Surveying,LC0200A,CS1302,12217,LB2
1424,BSc Architecture and Surveying,LC0200A,PHY1201,12368,C01
1424,BSc Architecture and Surveying,LC0200A,PHY1201,12369,T02
1425,BEng Computer and Data Engineering,GE1401,EE1001,10617,C01
1425,BEng Computer and Data Engineering,GE1401,GE1401,10679,T02
1425,BEng Computer and Data Engineering,GE1401,EE1001,11161,L02
1425,BEng Computer and Data Engineering,GE1401,GE1354,11441,C01
1425,BEng Computer and Data Engineering,GE1401,GE1354,11444,L03
1425,BEng Computer and Data Engineering,GE1401,MA1200,11787,CA1
1425,BEng Computer and Data Engineering,GE1401,MA1200,11790,TA1
1425,BEng Computer and Data Engineering,GE1401,CS1302,11860,CB1
1425,BEng Computer and Data Engineering,GE1401,CS1302,12217,LB2
1426,BEng Computer and Data Engineering,GE1401,EE1001,10617,C01
1426,BEng Computer and Data Engineering,GE1401,GE1401,10706,T31
1426,BEng Computer and Data Engineering,GE1401,EE1001,11161,L02
1426,BEng Computer and Data Engineering,GE1401,GE1354,11445,CA1
1426,BEng Computer and Data Engineering,GE1401,GE1354,11447,LA2
1426,BEng Computer and Data Engineering,GE1401,MA1200,11787,CA1
1426,BEng Computer and Data Engineering,GE1401,MA1200,11791,TA2
1426,BEng Computer and Data Engineering,GE1401,CS1302,11860,CB1
1426,BEng Computer and Data Engineering,GE1401,CS1302,12217,LB2
1427,BEng Computer and Data Engineering,GE1401,EE1001,10617,C01
1427,BEng Computer and Data Engineering,GE1401,GE1401,10705,T30
1427,BEng Computer and Data Engineering,GE1401,EE1001,11159,L01
1427,BEng Computer and Data Engineering,GE1401,GE1354,11455,CB1
1427,BEng Computer and Data Engineering,GE1401,GE1354,11456,LB1
1427,BEng Computer and Data Engineering,GE1401,MA1200,11785,CG1
1427,BEng Computer and Data Engineering,GE1401,MA1200,11805,TG1
1427,BEng Computer and Data Engineering,GE1401,CS1302,11859,CA1
1427,BEng Computer and Data Engineering,GE1401,CS1302,11863,LA1
1428,BEng Computer and Data Engineering,GE1401,EE1001,10617,C01
1428,BEng Computer and Data Engineering,GE1401,GE1401,10704,T29
1428,BEng Computer and Data Engineering,GE1401,EE1001,11161,L02
1428,BEng Computer and Data Engineering,GE1401,GE1354,11445,CA1
1428,BEng Computer and Data Engineering,GE1401,GE1354,11448,LA3
1428,BEng Computer and Data Engineering,GE1401,MA1200,11782,CE1
1428,BEng Computer and Data Engineering,GE1401,MA1200,11800,TE2
1428,BEng Computer and Data Engineering,GE1401,CS1302,11859,CA1
1428,BEng Computer and Data Engineering,GE1401,CS1302,12215,LA4
1429,BEng Computer and Data Engineering,GE1401,EE1001,10617,C01
1429,BEng Computer and Data Engineering,GE1401,EE1001,11161,L02
1429,BEng Computer and Data Engineering,GE1401,GE1354,11441,C01
1429,BEng Computer and Data Engineering,GE1401,GE1354,11443,L02
1429,BEng Computer and Data Engineering,GE1401,GE1401,11504,T90
1429,BEng Computer and Data Engineering,GE1401,MA1200,11786,CH1
1429,BEng Computer and Data Engineering,GE1401,MA1200,11808,TH1
1429,BEng Computer and Data Engineering,GE1401,CS1302,11859,CA1
1429,BEng Computer and Data Engineering,GE1401,CS1302,11982,LA3
1430,BEng Computer and Data Engineering,GE1401,EE1001,10617,C01
1430,BEng Computer and Data Engineering,GE1401,EE1001,11161,L02
1430,BEng Computer and Data Engineering,GE1401,GE1354,11441,C01
1430,BEng Computer and Data Engineering,GE1401,GE1354,11442,L01
1430,BEng Computer and Data Engineering,GE1401,GE1401,11495,T77
1430,BEng Computer and Data Engineering,GE1401,MA1200,11787,CA1
1430,BEng Computer and Data Engineering,GE1401,MA1200,11791,TA2
1430,BEng Computer and Data Engineering,GE1401,CS1302,11861,CC1
1430,BEng Computer and Data Engineering,GE1401,CS1302,11870,LC2
1431,BEng Computer and Data Engineering,GE1401,EE1001,10617,C01
1431,BEng Computer and Data Engineering,GE1401,GE1401,10720,T53
1431,BEng Computer and Data Engineering,GE1401,EE1001,11159,L01
1431,BEng Computer and Data Engineering,GE1401,GE1354,11441,C01
1431,BEng Computer and Data Engineering,GE1401,GE1354,11444,L03
1431,BEng Computer and Data Engineering,GE1401,MA1200,11785,CG1
1431,BEng Computer and Data Engineering,GE1401,MA1200,11807,TG3
1431,BEng Computer and Data Engineering,GE1401,CS1302,11859,CA1
1431,BEng Computer and Data Engineering,GE1401,CS1302,11982,LA3
1432,BEng Computer and Data Engineering,GE1401,EE1001,10617,C01
1432,BEng Computer and Data Engineering,GE1401,GE1401,10686,T09
1432,BEng Computer and Data Engineering,GE1401,EE1001,11161,L02
1432,BEng Computer and Data Engineering,GE1401,GE1354,11455,CB1
1432,BEng Computer and Data Engineering,GE1401,GE1354,11456,LB1
1432,BEng Computer and Data Engineering,GE1401,MA1200,11785,CG1
1432,BEng Computer and Data Engineering,GE1401,MA1200,11807,TG3
1432,BEng Computer and Data Engineering,GE1401,CS1302,11859,CA1
1432,BEng Computer and Data Engineering,GE1401,CS1302,11863,LA1
1433,BEng Computer and Data Engineering,GE1401,EE1001,10617,C01
1433,BEng Computer and Data Engineering,GE1401,EE1001,11161,L02
1433,BEng Computer and Data Engineering,GE1401,GE1354,11441,C01
1433,BEng Computer and Data Engineering,GE1401,GE1354,11442,L01
1433,BEng Computer and Data Engineering,GE1401,MA1200,11788,CC1
1433,BEng Computer and Data Engineering,GE1401,MA1200,11793,TC1
1433,BEng Computer and Data Engineering,GE1401,CS1302,11859,CA1
1433,BEng Computer and Data Engineering,GE1401,CS1302,12215,LA4
1433,BEng Computer and Data Engineering,GE1401,GE1401,12733,T62
1434,BEng Computer and Data Engineering,GE1401,EE1001,10617,C01
1434,BEng Computer and Data Engineering,GE1401,EE1001,11159,L01
1434,BEng Computer and Data Engineering,GE1401,GE1354,11441,C01
1434,BEng Computer and Data Engineering,GE1401,GE1354,11442,L01
1434,BEng Computer and Data Engineering,GE1401,MA1200,11782,CE1
1434,BEng Computer and Data Engineering,GE1401,MA1200,11801,TE3
1434,BEng Computer and Data Engineering,GE1401,CS1302,11859,CA1
1434,BEng Computer and Data Engineering,GE1401,CS1302,11982,LA3
1434,BEng Computer and Data Engineering,GE1401,GE1401,12122,T35
1435,BEng Computer and Data Engineering,GE1401,EE1001,10617,C01
1435,BEng Computer and Data Engineering,GE1401,GE1401,10687,T10
1435,BEng Computer and Data Engineering,GE1401,EE1001,11161,L02
1435,BEng Computer and Data Engineering,GE1401,GE1354,11455,CB1
1435,BEng Computer and Data Engineering,GE1401,GE1354,11583,LB2
1435,BEng Computer and Data Engineering,GE1401,MA1200,11788,CC1
1435,BEng Computer and Data Engineering,GE1401,MA1200,11794,TC2
1435,BEng Computer and Data Engineering,GE1401,CS1302,11861,CC1
1435,BEng Computer and Data Engineering,GE1401,CS1302,11869,LC1
1436,BEng Computer and Data Engineering,GE1401,EE1001,10617,C01
1436,BEng Computer and Data Engineering,GE1401,GE1401,10727,T60
1436,BEng Computer and Data Engineering,GE1401,EE1001,11159,L01
1436,BEng Computer and Data Engineering,GE1401,GE1354,11441,C01
1436,BEng Computer and Data Engineering,GE1401,GE1354,11442,L01
1436,BEng Computer and Data Engineering,GE1401,MA1200,11785,CG1
1436,BEng Computer and Data Engineering,GE1401,MA1200,11805,TG1
1436,BEng Computer and Data Engineering,GE1401,CS1302,11859,CA1
1436,BEng Computer and Data Engineering,GE1401,CS1302,11982,LA3
1437,BEng Computer and Data Engineering,GE1401,EE1001,10617,C01
1437,BEng Computer and Data Engineering,GE1401,GE1401,10687,T10
1437,BEng Computer and Data Engineering,GE1401,EE1001,11159,L01
1437,BEng Computer and Data Engineering,GE1401,GE1354,11455,CB1
1437,BEng Computer and Data Engineering,GE1401,GE1354,11584,LB3
1437,BEng Computer and Data Engineering,GE1401,MA1200,11786,CH1
1437,BEng Computer and Data Engineering,GE1401,MA1200,11809,TH2
1437,BEng Computer and Data Engineering,GE1401,CS1302,11859,CA1
1437,BEng Computer and Data Engineering,GE1401,CS1302,12215,LA4
1438,BEng Computer and Data Engineering,GE1401,EE1001,10617,C01
1438,BEng Computer and Data Engineering,GE1401,EE1001,11159,L01
1438,BEng Computer and Data Engineering,GE1401,GE1354,11441,C01
1438,BEng Computer and Data Engineering,GE1401,GE1354,11444,L03
1438,BEng Computer and Data Engineering,GE1401,MA1200,11789,CD1
1438,BEng Computer and Data Engineering,GE1401,MA1200,11796,TD1
1438,BEng Computer and Data Engineering,GE1401,CS1302,11860,CB1
1438,BEng Computer and Data Engineering,GE1401,CS1302,12217,LB2
1438,BEng Computer and Data Engineering,GE1401,GE1401,12733,T62
1439,BEng Computer and Data Engineering,GE1401,EE1001,10617,C01
1439,BEng Computer and Data Engineering,GE1401,EE1001,11161,L02
1439,BEng Computer and Data Engineering,GE1401,GE1354,11441,C01
1439,BEng Computer and Data Engineering,GE1401,GE1354,11443,L02
1439,BEng Computer and Data Engineering,GE1401,MA1200,11782,CE1
1439,BEng Computer and Data Engineering,GE1401,MA1200,11801,TE3
1439,BEng Computer and Data Engineering,GE1401,CS1302,11859,CA1
1439,BEng Computer and Data Engineering,GE1401,CS1302,11982,LA3
1439,BEng Computer and Data Engineering,GE1401,GE1401,12733,T62
1440,BEng Computer and Data Engineering,GE1401,EE1001,10900,CA1
1440,BEng Computer and Data Engineering,GE1401,EE1001,11160,LA1
1440,BEng Computer and Data Engineering,GE1401,GE1354,11441,C01
1440,BEng Computer and Data Engineering,GE1401,GE1354,11444,L03
1440,BEng Computer and Data Engineering,GE1401,MA1200,11787,CA1
1440,BEng Computer and Data Engineering,GE1401,MA1200,11791,TA2
1440,BEng Computer and Data Engineering,GE1401,CS1302,11860,CB1
1440,BEng Computer and Data Engineering,GE1401,GE1401,15602,T58
1440,BEng Computer and Data Engineering,GE1401,CS1302,15811,LB4
1441,BEng Computer and Data Engineering,GE1401,EE1001,10617,C01
1441,BEng Computer and Data Engineering,GE1401,GE1401,10682,T05
1441,BEng Computer and Data Engineering,GE1401,EE1001,11159,L01
1441,BEng Computer and Data Engineering,GE1401,GE1354,11455,CB1
1441,BEng Computer and Data Engineering,GE1401,GE1354,11456,LB1
1441,BEng Computer and Data Engineering,GE1401,MA1200,11782,CE1
1441,BEng Computer and Data Engineering,GE1401,MA1200,11799,TE1
1441,BEng Computer and Data Engineering,GE1401,CS1302,11859,CA1
1441,BEng Computer and Data Engineering,GE1401,CS1302,11864,LA2
1442,BEng Computer and Data Engineering,GE1401,EE1001,10617,C01
1442,BEng Computer and Data Engineering,GE1401,GE1401,10701,T25
1442,BEng Computer and Data Engineering,GE1401,EE1001,11159,L01
1442,BEng Computer and Data Engineering,GE1401,GE1354,11441,C01
1442,BEng Computer and Data Engineering,GE1401,GE1354,11442,L01
1442,BEng Computer and Data Engineering,GE1401,MA1200,11788,CC1
1442,BEng Computer and Data Engineering,GE1401,MA1200,11794,TC2
1442,BEng Computer and Data Engineering,GE1401,CS1302,11860,CB1
1442,BEng Computer and Data Engineering,GE1401,CS1302,12216,LB1
1443,BEng Computer and Data Engineering,GE1401,EE1001,10900,CA1
1443,BEng Computer and Data Engineering,GE1401,EE1001,11160,LA1
1443,BEng Computer and Data Engineering,GE1401,GE1354,11445,CA1
1443,BEng Computer and Data Engineering,GE1401,GE1354,11447,LA2
1443,BEng Computer and Data Engineering,GE1401,MA1200,11789,CD1
1443,BEng Computer and Data Engineering,GE1401,MA1200,11797,TD2
1443,BEng Computer and Data Engineering,GE1401,CS1302,11860,CB1
1443,BEng Computer and Data Engineering,GE1401,CS1302,12217,LB2
1443,BEng Computer and Data Engineering,GE1401,GE1401,13561,T95
1444,BEng Computer and Data Engineering,GE1401,EE1001,10617,C01
1444,BEng Computer and Data Engineering,GE1401,GE1401,10717,T48
1444,BEng Computer and Data Engineering,GE1401,EE1001,11161,L02
1444,BEng Computer and Data Engineering,GE1401,GE1354,11455,CB1
1444,BEng Computer and Data Engineering,GE1401,GE1354,11583,LB2
1444,BEng Computer and Data Engineering,GE1401,MA1200,11784,CF1
1444,BEng Computer and Data Engineering,GE1401,MA1200,11803,TF2
1444,BEng Computer and Data Engineering,GE1401,CS1302,11859,CA1
1444,BEng Computer and Data Engineering,GE1401,CS1302,11863,LA1
1445,BEng Computer and Data Engineering,GE1401,EE1001,10617,C01
1445,BEng Computer and Data Engineering,GE1401,EE1001,11161,L02
1445,BEng Computer and Data Engineering,GE1401,GE1354,11445,CA1
1445,BEng Computer and Data Engineering,GE1401,GE1354,11448,LA3
1445,BEng Computer and Data Engineering,GE1401,MA1200,11782,CE1
1445,BEng Computer and Data Engineering,GE1401,MA1200,11801,TE3
1445,BEng Computer and Data Engineering,GE1401,CS1302,11859,CA1
1445,BEng Computer and Data Engineering,GE1401,CS1302,12215,LA4
1445,BEng Computer and Data Engineering,GE1401,GE1401,15181,TC2
1446,BEng Computer and Data Engineering,GE1401,EE1001,10617,C01
1446,BEng Computer and Data Engineering,GE1401,EE1001,11159,L01
1446,BEng Computer and Data Engineering,GE1401,GE1354,11441,C01
1446,BEng Computer and Data Engineering,GE1401,GE1354,11444,L03
1446,BEng Computer and Data Engineering,GE1401,MA1200,11786,CH1
1446,BEng Computer and Data Engineering,GE1401,MA1200,11810,TH3
1446,BEng Computer and Data Engineering,GE1401,CS1302,11859,CA1
1446,BEng Computer and Data Engineering,GE1401,CS1302,11864,LA2
1446,BEng Computer and Data Engineering,GE1401,GE1401,12125,T65
1447,BEng Computer and Data Engineering,GE1401,EE1001,10617,C01
1447,BEng Computer and Data Engineering,GE1401,GE1401,10683,T06
1447,BEng Computer and Data Engineering,GE1401,EE1001,11159,L01
1447,BEng Computer and Data Engineering,GE1401,GE1354,11441,C01
1447,BEng Computer and Data Engineering,GE1401,GE1354,11443,L02
1447,BEng Computer and Data Engineering,GE1401,MA1200,11784,CF1
1447,BEng Computer and Data Engineering,GE1401,MA1200,11802,TF1
1447,BEng Computer and Data Engineering,GE1401,CS1302,11859,CA1
1447,BEng Computer and Data Engineering,GE1401,CS1302,11982,LA3
1448,BEng Computer and Data Engineering,GE1401,EE1001,10617,C01
1448,BEng Computer and Data Engineering,GE1401,GE1401,10731,T66
1448,BEng Computer and Data Engineering,GE1401,EE1001,11161,L02
1448,BEng Computer and Data Engineering,GE1401,GE1354,11455,CB1
1448,BEng Computer and Data Engineering,GE1401,GE1354,11584,LB3
1448,BEng Computer and Data Engineering,GE1401,MA1200,11789,CD1
1448,BEng Computer and Data Engineering,GE1401,MA1200,11797,TD2
1448,BEng Computer and Data Engineering,GE1401,CS1302,11860,CB1
1448,BEng Computer and Data Engineering,GE1401,CS1302,12216,LB1
1449,BEng Computer and Data Engineering,GE1401,EE1001,10617,C01
1449,BEng Computer and Data Engineering,GE1401,EE1001,11161,L02
1449,BEng Computer and Data Engineering,GE1401,GE1354,11441,C01
1449,BEng Computer and Data Engineering,GE1401,GE1354,11442,L01
1449,BEng Computer and Data Engineering,GE1401,GE1401,11505,T93
1449,BEng Computer and Data Engineering,GE1401,MA1200,11784,CF1
1449,BEng Computer and Data Engineering,GE1401,MA1200,11803,TF2
1449,BEng Computer and Data Engineering,GE1401,CS1302,11859,CA1
1449,BEng Computer and Data Engineering,GE1401,CS1302,11863,LA1
1450,BEng Computer and Data Engineering,LC0200A,EE1001,10617,C01
1450,BEng Computer and Data Engineering,LC0200A,EE1001,11161,L02
1450,BEng Computer and Data Engineering,LC0200A,GE1354,11441,C01
1450,BEng Computer and Data Engineering,LC0200A,GE1354,11442,L01
1450,BEng Computer and Data Engineering,LC0200A,MA1200,11789,CD1
1450,BEng Computer and Data Engineering,LC0200A,MA1200,11796,TD1
1450,BEng Computer and Data Engineering,LC0200A,CS1302,11859,CA1
1450,BEng Computer and Data Engineering,LC0200A,CS1302,11864,LA2
1450,BEng Computer and Data Engineering,LC0200A,LC0200A,14952,T36
1451,BEng Computer and Data Engineering,LC0200A,EE1001,10617,C01
1451,BEng Computer and Data Engineering,LC0200A,LC0200A,10886,T17
1451,BEng Computer and Data Engineering,LC0200A,EE1001,11159,L01
1451,BEng Computer and Data Engineering,LC0200A,GE1354,11441,C01
1451,BEng Computer and Data Engineering,LC0200A,GE1354,11442,L01
1451,BEng Computer and Data Engineering,LC0200A,MA1200,11788,CC1
1451,BEng Computer and Data Engineering,LC0200A,MA1200,11793,TC1
1451,BEng Computer and Data Engineering,LC0200A,CS1302,11859,CA1
1451,BEng Computer and Data Engineering,LC0200A,CS1302,11863,LA1
1452,BEng Computer and Data Engineering,LC0200A,EE1001,10617,C01
1452,BEng Computer and Data Engineering,LC0200A,LC0200A,10890,T22
1452,BEng Computer and Data Engineering,LC0200A,EE1001,11161,L02
1452,BEng Computer and Data Engineering,LC0200A,GE1354,11455,CB1
1452,BEng Computer and Data Engineering,LC0200A,GE1354,11583,LB2
1452,BEng Computer and Data Engineering,LC0200A,MA1200,11784,CF1
1452,BEng Computer and Data Engineering,LC0200A,MA1200,11802,TF1
1452,BEng Computer and Data Engineering,LC0200A,CS1302,11859,CA1
1452,BEng Computer and Data Engineering,LC0200A,CS1302,11863,LA1
1453,BEng Computer and Data Engineering,LC0200A,EE1001,10617,C01
1453,BEng Computer and Data Engineering,LC0200A,LC0200A,11030,T31
1453,BEng Computer and Data Engineering,LC0200A,EE1001,11161,L02
1453,BEng Computer and Data Engineering,LC0200A,GE1354,11441,C01
1453,BEng Computer and Data Engineering,LC0200A,GE1354,11443,L02
1453,BEng Computer and Data Engineering,LC0200A,MA1200,11787,CA1
1453,BEng Computer and Data Engineering,LC0200A,MA1200,11790,TA1
1453,BEng Computer and Data Engineering,LC0200A,CS1302,11860,CB1
1453,BEng Computer and Data Engineering,LC0200A,CS1302,15811,LB4
1454,BEng Computer and Data Engineering,LC0200A,EE1001,10617,C01
1454,BEng Computer and Data Engineering,LC0200A,EE1001,11161,L02
1454,BEng Computer and Data Engineering,LC0200A,LC0200A,11170,T32
1454,BEng Computer and Data Engineering,LC0200A,GE1354,11441,C01
1454,BEng Computer and Data Engineering,LC0200A,GE1354,11444,L03
1454,BEng Computer and Data Engineering,LC0200A,MA1200,11782,CE1
1454,BEng Computer and Data Engineering,LC0200A,MA1200,11799,TE1
1454,BEng Computer and Data Engineering,LC0200A,CS1302,11859,CA1
1454,BEng Computer and Data Engineering,LC0200A,CS1302,11982,LA3
1455,BEng Computer and Data Engineering,LC0200A,EE1001,10617,C01
1455,BEng Computer and Data Engineering,LC0200A,LC0200A,10864,T04
1455,BEng Computer and Data Engineering,LC0200A,EE1001,11161,L02
1455,BEng Computer and Data Engineering,LC0200A,GE1354,11445,CA1
1455,BEng Computer and Data Engineering,LC0200A,GE1354,11448,LA3
1455,BEng Computer and Data Engineering,LC0200A,MA1200,11789,CD1
1455,BEng Computer and Data Engineering,LC0200A,MA1200,11797,TD2
1455,BEng Computer and Data Engineering,LC0200A,CS1302,11860,CB1
1455,BEng Computer and Data Engineering,LC0200A,CS1302,12217,LB2
1456,BEng Computer and Data Engineering,LC0200A,EE1001,10617,C01
1456,BEng Computer and Data Engineering,LC0200A,LC0200A,11029,T30
1456,BEng Computer and Data Engineering,LC0200A,EE1001,11161,L02
1456,BEng Computer and Data Engineering,LC0200A,GE1354,11441,C01
1456,BEng Computer and Data Engineering,LC0200A,GE1354,11443,L02
1456,BEng Computer and Data Engineering,LC0200A,MA1200,11784,CF1
1456,BEng Computer and Data Engineering,LC0200A,MA1200,11804,TF3
1456,BEng Computer and Data Engineering,LC0200A,CS1302,11859,CA1
1456,BEng Computer and Data Engineering,LC0200A,CS1302,12215,LA4
1457,BEng Computer and Data Engineering,LC0200A,EE1001,10617,C01
1457,BEng Computer and Data Engineering,LC0200A,LC0200A,10883,T14
1457,BEng Computer and Data Engineering,LC0200A,EE1001,11159,L01
1457,BEng Computer and Data Engineering,LC0200A,GE1354,11441,C01
1457,BEng Computer and Data Engineering,LC0200A,GE1354,11444,L03
1457,BEng Computer and Data Engineering,LC0200A,MA1200,11785,CG1
1457,BEng Computer and Data Engineering,LC0200A,MA1200,11807,TG3
1457,BEng Computer and Data Engineering,LC0200A,CS1302,11859,CA1
1457,BEng Computer and Data Engineering,LC0200A,CS1302,11982,LA3
1458,BEng Computer and Data Engineering,LC0200A,EE1001,10617,C01
1458,BEng Computer and Data Engineering,LC0200A,LC0200A,10895,T27
1458,BEng Computer and Data Engineering,LC0200A,EE1001,11159,L01
1458,BEng Computer and Data Engineering,LC0200A,GE1354,11445,CA1
1458,BEng Computer and Data Engineering,LC0200A,GE1354,11447,LA2
1458,BEng Computer and Data Engineering,LC0200A,MA1200,11789,CD1
1458,BEng Computer and Data Engineering,LC0200A,MA1200,11797,TD2
1458,BEng Computer and Data Engineering,LC0200A,CS1302,11860,CB1
1458,BEng Computer and Data Engineering,LC0200A,CS1302,12216,LB1
1459,BEng Computer and Data Engineering,LC0200A,EE1001,10617,C01
1459,BEng Computer and Data Engineering,LC0200A,EE1001,11159,L01
1459,BEng Computer and Data Engineering,LC0200A,GE1354,11455,CB1
1459,BEng Computer and Data Engineering,LC0200A,GE1354,11584,LB3
1459,BEng Computer and Data Engineering,LC0200A,MA1200,11788,CC1
1459,BEng Computer and Data Engineering,LC0200A,MA1200,11793,TC1
1459,BEng Computer and Data Engineering,LC0200A,CS1302,11860,CB1
1459,BEng Computer and Data Engineering,LC0200A,CS1302,12217,LB2
1459,BEng Computer and Data Engineering,LC0200A,LC0200A,12320,T38
1460,BEng Electronic and Electrical Engineering,GE1401,EE1001,10617,C01
1460,BEng Electronic and Electrical Engineering,GE1401,EE1001,11159,L01
1460,BEng Electronic and Electrical Engineering,GE1401,GE1354,11441,C01
1460,BEng Electronic and Electrical Engineering,GE1401,GE1354,11442,L01
1460,BEng Electronic and Electrical Engineering,GE1401,GE1401,11499,T85
1460,BEng Electronic and Electrical Engineering,GE1401,MA1200,11782,CE1
1460,BEng Electronic and Electrical Engineering,GE1401,MA1200,11800,TE2
1460,BEng Electronic and Electrical Engineering,GE1401,CS1302,11859,CA1
1460,BEng Electronic and Electrical Engineering,GE1401,CS1302,11982,LA3
1461,BEng Electronic and Electrical Engineering,GE1401,EE1001,10617,C01
1461,BEng Electronic and Electrical Engineering,GE1401,GE1401,10704,T29
1461,BEng Electronic and Electrical Engineering,GE1401,EE1001,11159,L01
1461,BEng Electronic and Electrical Engineering,GE1401,GE1354,11441,C01
1461,BEng Electronic and Electrical Engineering,GE1401,GE1354,11444,L03
1461,BEng Electronic and Electrical Engineering,GE1401,MA1200,11786,CH1
1461,BEng Electronic and Electrical Engineering,GE1401,MA1200,11808,TH1
1461,BEng Electronic and Electrical Engineering,GE1401,CS1302,11859,CA1
1461,BEng Electronic and Electrical Engineering,GE1401,CS1302,11864,LA2
1462,BEng Electronic and Electrical Engineering,GE1401,EE1001,10617,C01
1462,BEng Electronic and Electrical Engineering,GE1401,GE1401,10722,T55
1462,BEng Electronic and Electrical Engineering,GE1401,EE1001,11161,L02
1462,BEng Electronic and Electrical Engineering,GE1401,GE1354,11441,C01
1462,BEng Electronic and Electrical Engineering,GE1401,GE1354,11442,L01
1462,BEng Electronic and Electrical Engineering,GE1401,MA1200,11787,CA1
1462,BEng Electronic and Electrical Engineering,GE1401,MA1200,11790,TA1
1462,BEng Electronic and Electrical Engineering,GE1401,CS1302,11860,CB1
1462,BEng Electronic and Electrical Engineering,GE1401,CS1302,12216,LB1
1463,BEng Electronic and Electrical Engineering,GE1401,EE1001,10617,C01
1463,BEng Electronic and Electrical Engineering,GE1401,GE1401,10679,T02
1463,BEng Electronic and Electrical Engineering,GE1401,EE1001,11161,L02
1463,BEng Electronic and Electrical Engineering,GE1401,GE1354,11445,CA1
1463,BEng Electronic and Electrical Engineering,GE1401,GE1354,11446,LA1
1463,BEng Electronic and Electrical Engineering,GE1401,MA1200,11789,CD1
1463,BEng Electronic and Electrical Engineering,GE1401,MA1200,11796,TD1
1463,BEng Electronic and Electrical Engineering,GE1401,CS1302,11859,CA1
1463,BEng Electronic and Electrical Engineering,GE1401,CS1302,11863,LA1
1464,BEng Electronic and Electrical Engineering,GE1401,EE1001,10617,C01
1464,BEng Electronic and Electrical Engineering,GE1401,GE1401,10720,T53
1464,BEng Electronic and Electrical Engineering,GE1401,EE1001,11161,L02
1464,BEng Electronic and Electrical Engineering,GE1401,GE1354,11441,C01
1464,BEng Electronic and Electrical Engineering,GE1401,GE1354,11444,L03
1464,BEng Electronic and Electrical Engineering,GE1401,MA1200,11785,CG1
1464,BEng Electronic and Electrical Engineering,GE1401,MA1200,11805,TG1
1464,BEng Electronic and Electrical Engineering,GE1401,CS1302,11859,CA1
1464,BEng Electronic and Electrical Engineering,GE1401,CS1302,11864,LA2
1465,BEng Electronic and Electrical Engineering,GE1401,EE1001,10617,C01
1465,BEng Electronic and Electrical Engineering,GE1401,EE1001,11161,L02
1465,BEng Electronic and Electrical Engineering,GE1401,GE1354,11441,C01
1465,BEng Electronic and Electrical Engineering,GE1401,GE1354,11444,L03
1465,BEng Electronic and Electrical Engineering,GE1401,MA1200,11788,CC1
1465,BEng Electronic and Electrical Engineering,GE1401,MA1200,11794,TC2
1465,BEng Electronic and Electrical Engineering,GE1401,CS1302,11860,CB1
1465,BEng Electronic and Electrical Engineering,GE1401,CS1302,12217,LB2
1465,BEng Electronic and Electrical Engineering,GE1401,GE1401,12814,T91
1466,BEng Electronic and Electrical Engineering,GE1401,EE1001,10617,C01
1466,BEng Electronic and Electrical Engineering,GE1401,GE1401,10685,T08
1466,BEng Electronic and Electrical Engineering,GE1401,EE1001,11159,L01
1466,BEng Electronic and Electrical Engineering,GE1401,GE1354,11445,CA1
1466,BEng Electronic and Electrical Engineering,GE1401,GE1354,11446,LA1
1466,BEng Electronic and Electrical Engineering,GE1401,MA1200,11784,CF1
1466,BEng Electronic and Electrical Engineering,GE1401,MA1200,11802,TF1
1466,BEng Electronic and Electrical Engineering,GE1401,CS1302,11859,CA1
1466,BEng Electronic and Electrical Engineering,GE1401,CS1302,11982,LA3
1467,BEng Electronic and Electrical Engineering,GE1401,EE1001,10617,C01
1467,BEng Electronic and Electrical Engineering,GE1401,EE1001,11159,L01
1467,BEng Electronic and Electrical Engineering,GE1401,GE1354,11441,C01
1467,BEng Electronic and Electrical Engineering,GE1401,GE1354,11444,L03
1467,BEng Electronic and Electrical Engineering,GE1401,GE1401,11506,T78
1467,BEng Electronic and Electrical Engineering,GE1401,MA1200,11788,CC1
1467,BEng Electronic and Electrical Engineering,GE1401,MA1200,11793,TC1
1467,BEng Electronic and Electrical Engineering,GE1401,CS1302,11859,CA1
1467,BEng Electronic and Electrical Engineering,GE1401,CS1302,11864,LA2
1468,BEng Electronic and Electrical Engineering,GE1401,EE1001,10617,C01
1468,BEng Electronic and Electrical Engineering,GE1401,EE1001,11161,L02
1468,BEng Electronic and Electrical Engineering,GE1401,GE1354,11441,C01
1468,BEng Electronic and Electrical Engineering,GE1401,GE1354,11442,L01
1468,BEng Electronic and Electrical Engineering,GE1401,GE1401,11506,T78
1468,BEng Electronic and Electrical Engineering,GE1401,MA1200,11788,CC1
1468,BEng Electronic and Electrical Engineering,GE1401,MA1200,11793,TC1
1468,BEng Electronic and Electrical Engineering,GE1401,CS1302,11859,CA1
1468,BEng Electronic and Electrical Engineering,GE1401,CS1302,11864,LA2
1469,BEng Electronic and Electrical Engineering,GE1401,EE1001,10617,C01
1469,BEng Electronic and Electrical Engineering,GE1401,EE1001,11161,L02
1469,BEng Electronic and Electrical Engineering,GE1401,GE1354,11455,CB1
1469,BEng Electronic and Electrical Engineering,GE1401,GE1401,11506,T78
1469,BEng Electronic and Electrical Engineering,GE1401,GE1354,11584,LB3
1469,BEng Electronic and Electrical Engineering,GE1401,MA1200,11782,CE1
1469,BEng Electronic and Electrical Engineering,GE1401,MA1200,11801,TE3
1469,BEng Electronic and Electrical Engineering,GE1401,CS1302,11859,CA1
1469,BEng Electronic and Electrical Engineering,GE1401,CS1302,11982,LA3
1470,BEng Electronic and Electrical Engineering,GE1401,EE1001,10617,C01
1470,BEng Electronic and Electrical Engineering,GE1401,EE1001,11161,L02
1470,BEng Electronic and Electrical Engineering,GE1401,GE1354,11455,CB1
1470,BEng Electronic and Electrical Engineering,GE1401,GE1354,11456,LB1
1470,BEng Electronic and Electrical Engineering,GE1401,MA1200,11785,CG1
1470,BEng Electronic and Electrical Engineering,GE1401,MA1200,11807,TG3
1470,BEng Electronic and Electrical Engineering,GE1401,CS1302,11859,CA1
1470,BEng Electronic and Electrical Engineering,GE1401,CS1302,11863,LA1
1470,BEng Electronic and Electrical Engineering,GE1401,GE1401,12398,T70
1471,BEng Electronic and Electrical Engineering,GE1401,EE1001,10617,C01
1471,BEng Electronic and Electrical Engineering,GE1401,EE1001,11159,L01
1471,BEng Electronic and Electrical Engineering,GE1401,GE1354,11441,C01
1471,BEng Electronic and Electrical Engineering,GE1401,GE1354,11444,L03
1471,BEng Electronic and Electrical Engineering,GE1401,GE1401,11503,T89
1471,BEng Electronic and Electrical Engineering,GE1401,MA1200,11785,CG1
1471,BEng Electronic and Electrical Engineering,GE1401,MA1200,11806,TG2
1471,BEng Electronic and Electrical Engineering,GE1401,CS1302,11859,CA1
1471,BEng Electronic and Electrical Engineering,GE1401,CS1302,11864,LA2
1472,BEng Electronic and Electrical Engineering,GE1401,EE1001,10617,C01
1472,BEng Electronic and Electrical Engineering,GE1401,GE1401,10694,T17
1472,BEng Electronic and Electrical Engineering,GE1401,EE1001,11159,L01
1472,BEng Electronic and Electrical Engineering,GE1401,GE1354,11441,C01
1472,BEng Electronic and Electrical Engineering,GE1401,GE1354,11443,L02
1472,BEng Electronic and Electrical Engineering,GE1401,MA1200,11785,CG1
1472,BEng Electronic and Electrical Engineering,GE1401,MA1200,11806,TG2
1472,BEng Electronic and Electrical Engineering,GE1401,CS1302,11859,CA1
1472,BEng Electronic and Electrical Engineering,GE1401,CS1302,11864,LA2
1473,BEng Electronic and Electrical Engineering,GE1401,EE1001,10617,C01
1473,BEng Electronic and Electrical Engineering,GE1401,GE1401,10714,T43
1473,BEng Electronic and Electrical Engineering,GE1401,EE1001,11161,L02
1473,BEng Electronic and Electrical Engineering,GE1401,GE1354,11441,C01
1473,BEng Electronic and Electrical Engineering,GE1401,GE1354,11443,L02
1473,BEng Electronic and Electrical Engineering,GE1401,MA1200,11788,CC1
1473,BEng Electronic and Electrical Engineering,GE1401,MA1200,11794,TC2
1473,BEng Electronic and Electrical Engineering,GE1401,CS1302,11859,CA1
1473,BEng Electronic and Electrical Engineering,GE1401,CS1302,11982,LA3
1474,BEng Electronic and Electrical Engineering,GE1401,EE1001,10617,C01
1474,BEng Electronic and Electrical Engineering,GE1401,EE1001,11161,L02
1474,BEng Electronic and Electrical Engineering,GE1401,GE1354,11445,CA1
1474,BEng Electronic and Electrical Engineering,GE1401,GE1354,11447,LA2
1474,BEng Electronic and Electrical Engineering,GE1401,MA1200,11782,CE1
1474,BEng Electronic and Electrical Engineering,GE1401,MA1200,11801,TE3
1474,BEng Electronic and Electrical Engineering,GE1401,CS1302,11859,CA1
1474,BEng Electronic and Electrical Engineering,GE1401,CS1302,12215,LA4
1474,BEng Electronic and Electrical Engineering,GE1401,GE1401,15206,TC6
1475,BEng Electronic and Electrical Engineering,GE1401,EE1001,10617,C01
1475,BEng Electronic and Electrical Engineering,GE1401,GE1401,10720,T53
1475,BEng Electronic and Electrical Engineering,GE1401,EE1001,11161,L02
1475,BEng Electronic and Electrical Engineering,GE1401,GE1354,11445,CA1
1475,BEng Electronic and Electrical Engineering,GE1401,GE1354,11446,LA1
1475,BEng Electronic and Electrical Engineering,GE1401,MA1200,11789,CD1
1475,BEng Electronic and Electrical Engineering,GE1401,MA1200,11797,TD2
1475,BEng Electronic and Electrical Engineering,GE1401,CS1302,11859,CA1
1475,BEng Electronic and Electrical Engineering,GE1401,CS1302,11982,LA3
1476,BEng Electronic and Electrical Engineering,GE1401,EE1001,10617,C01
1476,BEng Electronic and Electrical Engineering,GE1401,GE1401,11070,TA1
1476,BEng Electronic and Electrical Engineering,GE1401,EE1001,11161,L02
1476,BEng Electronic and Electrical Engineering,GE1401,GE1354,11441,C01
1476,BEng Electronic and Electrical Engineering,GE1401,GE1354,11442,L01
1476,BEng Electronic and Electrical Engineering,GE1401,MA1200,11785,CG1
1476,BEng Electronic and Electrical Engineering,GE1401,MA1200,11805,TG1
1476,BEng Electronic and Electrical Engineering,GE1401,CS1302,11859,CA1
1476,BEng Electronic and Electrical Engineering,GE1401,CS1302,12215,LA4
1477,BEng Electronic and Electrical Engineering,GE1401,EE1001,10617,C01
1477,BEng Electronic and Electrical Engineering,GE1401,GE1401,10679,T02
1477,BEng Electronic and Electrical Engineering,GE1401,EE1001,11161,L02
1477,BEng Electronic and Electrical Engineering,GE1401,GE1354,11455,CB1
1477,BEng Electronic and Electrical Engineering,GE1401,GE1354,11583,LB2
1477,BEng Electronic and Electrical Engineering,GE1401,MA1200,11787,CA1
1477,BEng Electronic and Electrical Engineering,GE1401,MA1200,11790,TA1
1477,BEng Electronic and Electrical Engineering,GE1401,CS1302,11859,CA1
1477,BEng Electronic and Electrical Engineering,GE1401,CS1302,11982,LA3
1478,BEng Electronic and Electrical Engineering,GE1401,EE1001,10617,C01
1478,BEng Electronic and Electrical Engineering,GE1401,EE1001,11159,L01
1478,BEng Electronic and Electrical Engineering,GE1401,GE1354,11445,CA1
1478,BEng Electronic and Electrical Engineering,GE1401,GE1354,11447,LA2
1478,BEng Electronic and Electrical Engineering,GE1401,MA1200,11789,CD1
1478,BEng Electronic and Electrical Engineering,GE1401,MA1200,11796,TD1
1478,BEng Electronic and Electrical Engineering,GE1401,CS1302,11860,CB1
1478,BEng Electronic and Electrical Engineering,GE1401,CS1302,12217,LB2
1478,BEng Electronic and Electrical Engineering,GE1401,GE1401,15205,TC5
1479,BEng Electronic and Electrical Engineering,GE1401,EE1001,10617,C01
1479,BEng Electronic and Electrical Engineering,GE1401,EE1001,11161,L02
1479,BEng Electronic and Electrical Engineering,GE1401,GE1354,11441,C01
1479,BEng Electronic and Electrical Engineering,GE1401,GE1354,11443,L02
1479,BEng Electronic and Electrical Engineering,GE1401,GE1401,11505,T93
1479,BEng Electronic and Electrical Engineering,GE1401,MA1200,11784,CF1
1479,BEng Electronic and Electrical Engineering,GE1401,MA1200,11802,TF1
1479,BEng Electronic and Electrical Engineering,GE1401,CS1302,11859,CA1
1479,BEng Electronic and Electrical Engineering,GE1401,CS1302,12215,LA4
1480,BEng Electronic and Electrical Engineering,GE1401,EE1001,10617,C01
1480,BEng Electronic and Electrical Engineering,GE1401,GE1401,10723,T56
1480,BEng Electronic and Electrical Engineering,GE1401,EE1001,11161,L02
1480,BEng Electronic and Electrical Engineering,GE1401,GE1354,11441,C01
1480,BEng Electronic and Electrical Engineering,GE1401,GE1354,11442,L01
1480,BEng Electronic and Electrical Engineering,GE1401,MA1200,11786,CH1
1480,BEng Electronic and Electrical Engineering,GE1401,MA1200,11808,TH1
1480,BEng Electronic and Electrical Engineering,GE1401,CS1302,11859,CA1
1480,BEng Electronic and Electrical Engineering,GE1401,CS1302,12215,LA4
1481,BEng Electronic and Electrical Engineering,GE1401,EE1001,10617,C01
1481,BEng Electronic and Electrical Engineering,GE1401,GE1401,10686,T09
1481,BEng Electronic and Electrical Engineering,GE1401,EE1001,11159,L01
1481,BEng Electronic and Electrical Engineering,GE1401,GE1354,11441,C01
1481,BEng Electronic and Electrical Engineering,GE1401,GE1354,11442,L01
1481,BEng Electronic and Electrical Engineering,GE1401,MA1200,11786,CH1
1481,BEng Electronic and Electrical Engineering,GE1401,MA1200,11809,TH2
1481,BEng Electronic and Electrical Engineering,GE1401,CS1302,11859,CA1
1481,BEng Electronic and Electrical Engineering,GE1401,CS1302,11863,LA1
1482,BEng Electronic and Electrical Engineering,GE1401,GE1401,10357,T01
1482,BEng Electronic and Electrical Engineering,GE1401,EE1001,10900,CA1
1482,BEng Electronic and Electrical Engineering,GE1401,EE1001,11160,LA1
1482,BEng Electronic and Electrical Engineering,GE1401,GE1354,11445,CA1
1482,BEng Electronic and Electrical Engineering,GE1401,GE1354,11448,LA3
1482,BEng Electronic and Electrical Engineering,GE1401,MA1200,11789,CD1
1482,BEng Electronic and Electrical Engineering,GE1401,MA1200,11796,TD1
1482,BEng Electronic and Electrical Engineering,GE1401,CS1302,11860,CB1
1482,BEng Electronic and Electrical Engineering,GE1401,CS1302,15811,LB4
1483,BEng Electronic and Electrical Engineering,GE1401,EE1001,10617,C01
1483,BEng Electronic and Electrical Engineering,GE1401,EE1001,11161,L02
1483,BEng Electronic and Electrical Engineering,GE1401,GE1354,11445,CA1
1483,BEng Electronic and Electrical Engineering,GE1401,GE1354,11448,LA3
1483,BEng Electronic and Electrical Engineering,GE1401,MA1200,11787,CA1
1483,BEng Electronic and Electrical Engineering,GE1401,MA1200,11791,TA2
1483,BEng Electronic and Electrical Engineering,GE1401,CS1302,11859,CA1
1483,BEng Electronic and Electrical Engineering,GE1401,CS1302,12215,LA4
1483,BEng Electronic and Electrical Engineering,GE1401,GE1401,13574,TB3
1484,BEng Electronic and Electrical Engineering,GE1401,EE1001,10617,C01
1484,BEng Electronic and Electrical Engineering,GE1401,EE1001,11159,L01
1484,BEng Electronic and Electrical Engineering,GE1401,GE1354,11445,CA1
1484,BEng Electronic and Electrical Engineering,GE1401,GE1354,11447,LA2
1484,BEng Electronic and Electrical Engineering,GE1401,MA1200,11787,CA1
1484,BEng Electronic and Electrical Engineering,GE1401,MA1200,11790,TA1
1484,BEng Electronic and Electrical Engineering,GE1401,CS1302,11860,CB1
1484,BEng Electronic and Electrical Engineering,GE1401,GE1401,12398,T70
1484,BEng Electronic and Electrical Engineering,GE1401,CS1302,15811,LB4
1485,BEng Electronic and Electrical Engineering,LC0200A,EE1001,10617,C01
1485,BEng Electronic and Electrical Engineering,LC0200A,EE1001,11161,L02
1485,BEng Electronic and Electrical Engineering,LC0200A,GE1354,11445,CA1
1485,BEng Electronic and Electrical Engineering,LC0200A,GE1354,11446,LA1
1485,BEng Electronic and Electrical Engineering,LC0200A,MA1200,11789,CD1
1485,BEng Electronic and Electrical Engineering,LC0200A,MA1200,11797,TD2
1485,BEng Electronic and Electrical Engineering,LC0200A,CS1302,11860,CB1
1485,BEng Electronic and Electrical Engineering,LC0200A,LC0200A,11976,T37
1485,BEng Electronic and Electrical Engineering,LC0200A,CS1302,12217,LB2
1486,BEng Electronic and Electrical Engineering,LC0200A,EE1001,10617,C01
1486,BEng Electronic and Electrical Engineering,LC0200A,LC0200A,10882,T13
1486,BEng Electronic and Electrical Engineering,LC0200A,EE1001,11161,L02
1486,BEng Electronic and Electrical Engineering,LC0200A,GE1354,11441,C01
1486,BEng Electronic and Electrical Engineering,LC0200A,GE1354,11442,L01
1486,BEng Electronic and Electrical Engineering,LC0200A,MA1200,11787,CA1
1486,BEng Electronic and Electrical Engineering,LC0200A,MA1200,11791,TA2
1486,BEng Electronic and Electrical Engineering,LC0200A,CS1302,11859,CA1
1486,BEng Electronic and Electrical Engineering,LC0200A,CS1302,11863,LA1
1487,BEng Electronic and Electrical Engineering,LC0200A,EE1001,10617,C01
1487,BEng Electronic and Electrical Engineering,LC0200A,LC0200A,10864,T04
1487,BEng Electronic and Electrical Engineering,LC0200A,EE1001,11161,L02
1487,BEng Electronic and Electrical Engineering,LC0200A,GE1354,11445,CA1
1487,BEng Electronic and Electrical Engineering,LC0200A,GE1354,11448,LA3
1487,BEng Electronic and Electrical Engineering,LC0200A,MA1200,11788,CC1
1487,BEng Electronic and Electrical Engineering,LC0200A,MA1200,11794,TC2
1487,BEng Electronic and Electrical Engineering,LC0200A,CS1302,11860,CB1
1487,BEng Electronic and Electrical Engineering,LC0200A,CS1302,15811,LB4
1488,BEng Electronic and Electrical Engineering,LC0200A,EE1001,10617,C01
1488,BEng Electronic and Electrical Engineering,LC0200A,LC0200A,10878,T09
1488,BEng Electronic and Electrical Engineering,LC0200A,EE1001,11161,L02
1488,BEng Electronic and Electrical Engineering,LC0200A,GE1354,11441,C01
1488,BEng Electronic and Electrical Engineering,LC0200A,GE1354,11444,L03
1488,BEng Electronic and Electrical Engineering,LC0200A,MA1200,11789,CD1
1488,BEng Electronic and Electrical Engineering,LC0200A,MA1200,11797,TD2
1488,BEng Electronic and Electrical Engineering,LC0200A,CS1302,11859,CA1
1488,BEng Electronic and Electrical Engineering,LC0200A,CS1302,12215,LA4
1489,BEng Electronic and Electrical Engineering,LC0200A,EE1001,10617,C01
1489,BEng Electronic and Electrical Engineering,LC0200A,LC0200A,10881,T12
1489,BEng Electronic and Electrical Engineering,LC0200A,EE1001,11159,L01
1489,BEng Electronic and Electrical Engineering,LC0200A,GE1354,11455,CB1
1489,BEng Electronic and Electrical Engineering,LC0200A,GE1354,11456,LB1
1489,BEng Electronic and Electrical Engineering,LC0200A,MA1200,11782,CE1
1489,BEng Electronic and Electrical Engineering,LC0200A,MA1200,11801,TE3
1489,BEng Electronic and Electrical Engineering,LC0200A,CS1302,11859,CA1
1489,BEng Electronic and Electrical Engineering,LC0200A,CS1302,11982,LA3
1490,BEng Electronic and Electrical Engineering,LC0200A,EE1001,10617,C01
1490,BEng Electronic and Electrical Engineering,LC0200A,LC0200A,10875,T06
1490,BEng Electronic and Electrical Engineering,LC0200A,EE1001,11159,L01
1490,BEng Electronic and Electrical Engineering,LC0200A,GE1354,11441,C01
1490,BEng Electronic and Electrical Engineering,LC0200A,GE1354,11442,L01
1490,BEng Electronic and Electrical Engineering,LC0200A,MA1200,11788,CC1
1490,BEng Electronic and Electrical Engineering,LC0200A,MA1200,11794,TC2
1490,BEng Electronic and Electrical Engineering,LC0200A,CS1302,11860,CB1
1490,BEng Electronic and Electrical Engineering,LC0200A,CS1302,12217,LB2
1491,BEng Electronic and Electrical Engineering,LC0200A,EE1001,10617,C01
1491,BEng Electronic and Electrical Engineering,LC0200A,LC0200A,10863,T03
1491,BEng Electronic and Electrical Engineering,LC0200A,EE1001,11161,L02
1491,BEng Electronic and Electrical Engineering,LC0200A,GE1354,11445,CA1
1491,BEng Electronic and Electrical Engineering,LC0200A,GE1354,11447,LA2
1491,BEng Electronic and Electrical Engineering,LC0200A,MA1200,11784,CF1
1491,BEng Electronic and Electrical Engineering,LC0200A,MA1200,11804,TF3
1491,BEng Electronic and Electrical Engineering,LC0200A,CS1302,11859,CA1
1491,BEng Electronic and Electrical Engineering,LC0200A,CS1302,12215,LA4
1492,BEng Electronic and Electrical Engineering,LC0200A,EE1001,10900,CA1
1492,BEng Electronic and Electrical Engineering,LC0200A,EE1001,11160,LA1
1492,BEng Electronic and Electrical Engineering,LC0200A,GE1354,11441,C01
1492,BEng Electronic and Electrical Engineering,LC0200A,GE1354,11443,L02
1492,BEng Electronic and Electrical Engineering,LC0200A,MA1200,11784,CF1
1492,BEng Electronic and Electrical Engineering,LC0200A,MA1200,11802,TF1
1492,BEng Electronic and Electrical Engineering,LC0200A,CS1302,11859,CA1
1492,BEng Electronic and Electrical Engineering,LC0200A,CS1302,12215,LA4
1492,BEng Electronic and Electrical Engineering,LC0200A,LC0200A,14952,T36
1493,BEng Electronic and Electrical Engineering,LC0200A,EE1001,10617,C01
1493,BEng Electronic and Electrical Engineering,LC0200A,LC0200A,10890,T22
1493,BEng Electronic and Electrical Engineering,LC0200A,EE1001,11161,L02
1493,BEng Electronic and Electrical Engineering,LC0200A,GE1354,11441,C01
1493,BEng Electronic and Electrical Engineering,LC0200A,GE1354,11443,L02
1493,BEng Electronic and Electrical Engineering,LC0200A,MA1200,11785,CG1
1493,BEng Electronic and Electrical Engineering,LC0200A,MA1200,11807,TG3
1493,BEng Electronic and Electrical Engineering,LC0200A,CS1302,11859,CA1
1493,BEng Electronic and Electrical Engineering,LC0200A,CS1302,11982,LA3
1494,BEng Electronic and Electrical Engineering,LC0200A,EE1001,10617,C01
1494,BEng Electronic and Electrical Engineering,LC0200A,LC0200A,11030,T31
1494,BEng Electronic and Electrical Engineering,LC0200A,EE1001,11159,L01
1494,BEng Electronic and Electrical Engineering,LC0200A,GE1354,11441,C01
1494,BEng Electronic and Electrical Engineering,LC0200A,GE1354,11443,L02
1494,BEng Electronic and Electrical Engineering,LC0200A,MA1200,11787,CA1
1494,BEng Electronic and Electrical Engineering,LC0200A,MA1200,11791,TA2
1494,BEng Electronic and Electrical Engineering,LC0200A,CS1302,11860,CB1
1494,BEng Electronic and Electrical Engineering,LC0200A,CS1302,12217,LB2
1495,BEng Information Engineering,GE1401,EE1001,10617,C01
1495,BEng Information Engineering,GE1401,GE1401,10686,T09
1495,BEng Information Engineering,GE1401,EE1001,11159,L01
1495,BEng Information Engineering,GE1401,GE1354,11441,C01
1495,BEng Information Engineering,GE1401,GE1354,11443,L02
1495,BEng Information Engineering,GE1401,MA1200,11782,CE1
1495,BEng Information Engineering,GE1401,MA1200,11799,TE1
1495,BEng Information Engineering,GE1401,CS1302,11859,CA1
1495,BEng Information Engineering,GE1401,CS1302,11864,LA2
1496,BEng Information Engineering,GE1401,GE1401,10357,T01
1496,BEng Information Engineering,GE1401,EE1001,10617,C01
1496,BEng Information Engineering,GE1401,EE1001,11159,L01
1496,BEng Information Engineering,GE1401,GE1354,11441,C01
1496,BEng Information Engineering,GE1401,GE1354,11444,L03
1496,BEng Information Engineering,GE1401,MA1200,11784,CF1
1496,BEng Information Engineering,GE1401,MA1200,11802,TF1
1496,BEng Information Engineering,GE1401,CS1302,11859,CA1
1496,BEng Information Engineering,GE1401,CS1302,11863,LA1
1497,BEng Information Engineering,GE1401,EE1001,10617,C01
1497,BEng Information Engineering,GE1401,EE1001,11161,L02
1497,BEng Information Engineering,GE1401,GE1354,11445,CA1
1497,BEng Information Engineering,GE1401,GE1354,11448,LA3
1497,BEng Information Engineering,GE1401,MA1200,11785,CG1
1497,BEng Information Engineering,GE1401,MA1200,11805,TG1
1497,BEng Information Engineering,GE1401,CS1302,11859,CA1
1497,BEng Information Engineering,GE1401,CS1302,11864,LA2
1497,BEng Information Engineering,GE1401,GE1401,12126,T67
1498,BEng Information Engineering,GE1401,EE1001,10900,CA1
1498,BEng Information Engineering,GE1401,EE1001,11160,LA1
1498,BEng Information Engineering,GE1401,GE1354,11455,CB1
1498,BEng Information Engineering,GE1401,GE1354,11456,LB1
1498,BEng Information Engineering,GE1401,GE1401,11500,T86
1498,BEng Information Engineering,GE1401,MA1200,11784,CF1
1498,BEng Information Engineering,GE1401,MA1200,11802,TF1
1498,BEng Information Engineering,GE1401,CS1302,11859,CA1
1498,BEng Information Engineering,GE1401,CS1302,12215,LA4
1499,BEng Information Engineering,GE1401,EE1001,10617,C01
1499,BEng Information Engineering,GE1401,GE1401,10723,T56
1499,BEng Information Engineering,GE1401,EE1001,11159,L01
1499,BEng Information Engineering,GE1401,GE1354,11445,CA1
1499,BEng Information Engineering,GE1401,GE1354,11446,LA1
1499,BEng Information Engineering,GE1401,MA1200,11782,CE1
1499,BEng Information Engineering,GE1401,MA1200,11800,TE2
1499,BEng Information Engineering,GE1401,CS1302,11859,CA1
1499,BEng Information Engineering,GE1401,CS1302,11982,LA3
1500,BEng Information Engineering,GE1401,EE1001,10617,C01
1500,BEng Information Engineering,GE1401,EE1001,11159,L01
1500,BEng Information Engineering,GE1401,GE1354,11441,C01
1500,BEng Information Engineering,GE1401,GE1354,11443,L02
1500,BEng Information Engineering,GE1401,MA1200,11786,CH1
1500,BEng Information Engineering,GE1401,MA1200,11808,TH1
1500,BEng Information Engineering,GE1401,CS1302,11859,CA1
1500,BEng Information Engineering,GE1401,CS1302,11982,LA3
1500,BEng Information Engineering,GE1401,GE1401,14941,TA3
1501,BEng Information Engineering,GE1401,EE1001,10617,C01
1501,BEng Information Engineering,GE1401,EE1001,11159,L01
1501,BEng Information Engineering,GE1401,GE1354,11441,C01
1501,BEng Information Engineering,GE1401,GE1354,11444,L03
1501,BEng Information Engineering,GE1401,MA1200,11785,CG1
1501,BEng Information Engineering,GE1401,MA1200,11807,TG3
1501,BEng Information Engineering,GE1401,CS1302,11859,CA1
1501,BEng Information Engineering,GE1401,CS1302,11864,LA2
1501,BEng Information Engineering,GE1401,GE1401,14271,TB8
1502,BEng Information Engineering,GE1401,EE1001,10617,C01
1502,BEng Information Engineering,GE1401,GE1401,10708,T34
1502,BEng Information Engineering,GE1401,EE1001,11159,L01
1502,BEng Information Engineering,GE1401,GE1354,11445,CA1
1502,BEng Information Engineering,GE1401,GE1354,11446,LA1
1502,BEng Information Engineering,GE1401,MA1200,11787,CA1
1502,BEng Information Engineering,GE1401,MA1200,11790,TA1
1502,BEng Information Engineering,GE1401,CS1302,11860,CB1
1502,BEng Information Engineering,GE1401,CS1302,12216,LB1
1503,BEng Information Engineering,GE1401,EE1001,10617,C01
1503,BEng Information Engineering,GE1401,EE1001,11159,L01
1503,BEng Information Engineering,GE1401,GE1354,11441,C01
1503,BEng Information Engineering,GE1401,GE1354,11444,L03
1503,BEng Information Engineering,GE1401,MA1200,11788,CC1
1503,BEng Information Engineering,GE1401,MA1200,11793,TC1
1503,BEng Information Engineering,GE1401,CS1302,11860,CB1
1503,BEng Information Engineering,GE1401,CS1302,12217,LB2
1503,BEng Information Engineering,GE1401,GE1401,15601,T28
1504,BEng Information Engineering,GE1401,EE1001,10617,C01
1504,BEng Information Engineering,GE1401,EE1001,11161,L02
1504,BEng Information Engineering,GE1401,GE1354,11441,C01
1504,BEng Information Engineering,GE1401,GE1354,11442,L01
1504,BEng Information Engineering,GE1401,MA1200,11784,CF1
1504,BEng Information Engineering,GE1401,MA1200,11803,TF2
1504,BEng Information Engineering,GE1401,CS1302,11859,CA1
1504,BEng Information Engineering,GE1401,CS1302,11863,LA1
1504,BEng Information Engineering,GE1401,GE1401,14941,TA3
1505,BEng Information Engineering,GE1401,EE1001,10617,C01
1505,BEng Information Engineering,GE1401,GE1401,10690,T13
1505,BEng Information Engineering,GE1401,EE1001,11159,L01
1505,BEng Information Engineering,GE1401,GE1354,11441,C01
1505,BEng Information Engineering,GE1401,GE1354,11442,L01
1505,BEng Information Engineering,GE1401,MA1200,11784,CF1
1505,BEng Information Engineering,GE1401,MA1200,11802,TF1
1505,BEng Information Engineering,GE1401,CS1302,11859,CA1
1505,BEng Information Engineering,GE1401,CS1302,11864,LA2
1506,BEng Information Engineering,GE1401,EE1001,10617,C01
1506,BEng Information Engineering,GE1401,EE1001,11159,L01
1506,BEng Information Engineering,GE1401,GE1354,11441,C01
1506,BEng Information Engineering,GE1401,GE1354,11442,L01
1506,BEng Information Engineering,GE1401,GE1401,11507,T80
1506,BEng Information Engineering,GE1401,MA1200,11789,CD1
1506,BEng Information Engineering,GE1401,MA1200,11797,TD2
1506,BEng Information Engineering,GE1401,CS1302,11859,CA1
1506,BEng Information Engineering,GE1401,CS1302,11864,LA2
1507,BEng Information Engineering,GE1401,EE1001,10617,C01
1507,BEng Information Engineering,GE1401,EE1001,11161,L02
1507,BEng Information Engineering,GE1401,GE1354,11441,C01
1507,BEng Information Engineering,GE1401,GE1354,11444,L03
1507,BEng Information Engineering,GE1401,MA1200,11782,CE1
1507,BEng Information Engineering,GE1401,MA1200,11801,TE3
1507,BEng Information Engineering,GE1401,CS1302,11859,CA1
1507,BEng Information Engineering,GE1401,CS1302,11982,LA3
1507,BEng Information Engineering,GE1401,GE1401,12734,T71
1508,BEng Information Engineering,GE1401,EE1001,10617,C01
1508,BEng Information Engineering,GE1401,GE1401,10706,T31
1508,BEng Information Engineering,GE1401,EE1001,11161,L02
1508,BEng Information Engineering,GE1401,GE1354,11441,C01
1508,BEng Information Engineering,GE1401,GE1354,11444,L03
1508,BEng Information Engineering,GE1401,MA1200,11785,CG1
1508,BEng Information Engineering,GE1401,MA1200,11805,TG1
1508,BEng Information Engineering,GE1401,CS1302,11859,CA1
1508,BEng Information Engineering,GE1401,CS1302,12215,LA4
1509,BEng Information Engineering,GE1401,EE1001,10617,C01
1509,BEng Information Engineering,GE1401,EE1001,11159,L01
1509,BEng Information Engineering,GE1401,GE1354,11455,CB1
1509,BEng Information Engineering,GE1401,GE1354,11583,LB2
1509,BEng Information Engineering,GE1401,MA1200,11786,CH1
1509,BEng Information Engineering,GE1401,MA1200,11810,TH3
1509,BEng Information Engineering,GE1401,CS1302,11859,CA1
1509,BEng Information Engineering,GE1401,CS1302,11863,LA1
1509,BEng Information Engineering,GE1401,GE1401,12398,T70
1510,BEng Information Engineering,GE1401,EE1001,10617,C01
1510,BEng Information Engineering,GE1401,GE1401,10701,T25
1510,BEng Information Engineering,GE1401,EE1001,11161,L02
1510,BEng Information Engineering,GE1401,GE1354,11441,C01
1510,BEng Information Engineering,GE1401,GE1354,11442,L01
1510,BEng Information Engineering,GE1401,MA1200,11788,CC1
1510,BEng Information Engineering,GE1401,MA1200,11793,TC1
1510,BEng Information Engineering,GE1401,CS1302,11860,CB1
1510,BEng Information Engineering,GE1401,CS1302,15811,LB4
1511,BEng Information Engineering,GE1401,GE1401,10727,T60
1511,BEng Information Engineering,GE1401,EE1001,10900,CA1
1511,BEng Information Engineering,GE1401,EE1001,11160,LA1
1511,BEng Information Engineering,GE1401,GE1354,11441,C01
1511,BEng Information Engineering,GE1401,GE1354,11444,L03
1511,BEng Information Engineering,GE1401,MA1200,11782,CE1
1511,BEng Information Engineering,GE1401,MA1200,11800,TE2
1511,BEng Information Engineering,GE1401,CS1302,11859,CA1
1511,BEng Information Engineering,GE1401,CS1302,12215,LA4
1512,BEng Information Engineering,GE1401,EE1001,10900,CA1
1512,BEng Information Engineering,GE1401,EE1001,11160,LA1
1512,BEng Information Engineering,GE1401,GE1354,11445,CA1
1512,BEng Information Engineering,GE1401,GE1354,11448,LA3
1512,BEng Information Engineering,GE1401,GE1401,11451,T68
1512,BEng Information Engineering,GE1401,MA1200,11788,CC1
1512,BEng Information Engineering,GE1401,MA1200,11794,TC2
1512,BEng Information Engineering,GE1401,CS1302,11861,CC1
1512,BEng Information Engineering,GE1401,CS1302,11869,LC1
1513,BEng Information Engineering,GE1401,EE1001,10617,C01
1513,BEng Information Engineering,GE1401,GE1401,10683,T06
1513,BEng Information Engineering,GE1401,EE1001,11161,L02
1513,BEng Information Engineering,GE1401,GE1354,11441,C01
1513,BEng Information Engineering,GE1401,GE1354,11442,L01
1513,BEng Information Engineering,GE1401,MA1200,11789,CD1
1513,BEng Information Engineering,GE1401,MA1200,11797,TD2
1513,BEng Information Engineering,GE1401,CS1302,11861,CC1
1513,BEng Information Engineering,GE1401,CS1302,11870,LC2
1514,BEng Information Engineering,GE1401,EE1001,10617,C01
1514,BEng Information Engineering,GE1401,EE1001,11159,L01
1514,BEng Information Engineering,GE1401,GE1354,11441,C01
1514,BEng Information Engineering,GE1401,GE1354,11443,L02
1514,BEng Information Engineering,GE1401,GE1401,11497,T81
1514,BEng Information Engineering,GE1401,MA1200,11789,CD1
1514,BEng Information Engineering,GE1401,MA1200,11797,TD2
1514,BEng Information Engineering,GE1401,CS1302,11859,CA1
1514,BEng Information Engineering,GE1401,CS1302,11982,LA3
1515,BEng Information Engineering,GE1401,EE1001,10900,CA1
1515,BEng Information Engineering,GE1401,EE1001,11160,LA1
1515,BEng Information Engineering,GE1401,GE1354,11441,C01
1515,BEng Information Engineering,GE1401,GE1354,11442,L01
1515,BEng Information Engineering,GE1401,MA1200,11786,CH1
1515,BEng Information Engineering,GE1401,MA1200,11808,TH1
1515,BEng Information Engineering,GE1401,CS1302,11859,CA1
1515,BEng Information Engineering,GE1401,CS1302,11863,LA1
1515,BEng Information Engineering,GE1401,GE1401,15181,TC2
1516,BEng Information Engineering,LC0200A,EE1001,10617,C01
1516,BEng Information Engineering,LC0200A,EE1001,11161,L02
1516,BEng Information Engineering,LC0200A,LC0200A,11173,T33
1516,BEng Information Engineering,LC0200A,GE1354,11455,CB1
1516,BEng Information Engineering,LC0200A,GE1354,11583,LB2
1516,BEng Information Engineering,LC0200A,MA1200,11785,CG1
1516,BEng Information Engineering,LC0200A,MA1200,11807,TG3
1516,BEng Information Engineering,LC0200A,CS1302,11859,CA1
1516,BEng Information Engineering,LC0200A,CS1302,11864,LA2
1517,BEng Information Engineering,LC0200A,EE1001,10617,C01
1517,BEng Information Engineering,LC0200A,LC0200A,10883,T14
1517,BEng Information Engineering,LC0200A,EE1001,11161,L02
1517,BEng Information Engineering,LC0200A,GE1354,11441,C01
1517,BEng Information Engineering,LC0200A,GE1354,11442,L01
1517,BEng Information Engineering,LC0200A,MA1200,11787,CA1
1517,BEng Information Engineering,LC0200A,MA1200,11790,TA1
1517,BEng Information Engineering,LC0200A,CS1302,11860,CB1
1517,BEng Information Engineering,LC0200A,CS1302,12217,LB2
1518,BEng Information Engineering,LC0200A,EE1001,10617,C01
1518,BEng Information Engineering,LC0200A,LC0200A,10889,T21
1518,BEng Information Engineering,LC0200A,EE1001,11159,L01
1518,BEng Information Engineering,LC0200A,GE1354,11441,C01
1518,BEng Information Engineering,LC0200A,GE1354,11443,L02
1518,BEng Information Engineering,LC0200A,MA1200,11789,CD1
1518,BEng Information Engineering,LC0200A,MA1200,11796,TD1
1518,BEng Information Engineering,LC0200A,CS1302,11860,CB1
1518,BEng Information Engineering,LC0200A,CS1302,12217,LB2
1519,BEng Information Engineering,LC0200A,LC0200A,10887,T19
1519,BEng Information Engineering,LC0200A,EE1001,10900,CA1
1519,BEng Information Engineering,LC0200A,EE1001,11160,LA1
1519,BEng Information Engineering,LC0200A,GE1354,11455,CB1
1519,BEng Information Engineering,LC0200A,GE1354,11456,LB1
1519,BEng Information Engineering,LC0200A,MA1200,11788,CC1
1519,BEng Information Engineering,LC0200A,MA1200,11793,TC1
1519,BEng Information Engineering,LC0200A,CS1302,11860,CB1
1519,BEng Information Engineering,LC0200A,CS1302,15811,LB4
1520,BEng Information Engineering,LC0200A,EE1001,10617,C01
1520,BEng Information Engineering,LC0200A,EE1001,11161,L02
1520,BEng Information Engineering,LC0200A,LC0200A,11173,T33
1520,BEng Information Engineering,LC0200A,GE1354,11441,C01
1520,BEng Information Engineering,LC0200A,GE1354,11442,L01
1520,BEng Information Engineering,LC0200A,MA1200,11785,CG1
1520,BEng Information Engineering,LC0200A,MA1200,11806,TG2
1520,BEng Information Engineering,LC0200A,CS1302,11859,CA1
1520,BEng Information Engineering,LC0200A,CS1302,12215,LA4
1521,BEng Information Engineering,LC0200A,EE1001,10617,C01
1521,BEng Information Engineering,LC0200A,EE1001,11161,L02
1521,BEng Information Engineering,LC0200A,GE1354,11445,CA1
1521,BEng Information Engineering,LC0200A,GE1354,11446,LA1
1521,BEng Information Engineering,LC0200A,MA1200,11782,CE1
1521,BEng Information Engineering,LC0200A,MA1200,11800,TE2
1521,BEng Information Engineering,LC0200A,CS1302,11859,CA1
1521,BEng Information Engineering,LC0200A,CS1302,11982,LA3
1521,BEng Information Engineering,LC0200A,LC0200A,12320,T38
1522,BEng Information Engineering,LC0200A,EE1001,10617,C01
1522,BEng Information Engineering,LC0200A,LC0200A,10897,T29
1522,BEng Information Engineering,LC0200A,EE1001,11161,L02
1522,BEng Information Engineering,LC0200A,GE1354,11441,C01
1522,BEng Information Engineering,LC0200A,GE1354,11443,L02
1522,BEng Information Engineering,LC0200A,MA1200,11784,CF1
1522,BEng Information Engineering,LC0200A,MA1200,11804,TF3
1522,BEng Information Engineering,LC0200A,CS1302,11859,CA1
1522,BEng Information Engineering,LC0200A,CS1302,11863,LA1
1523,BEng Information Engineering,LC0200A,EE1001,10617,C01
1523,BEng Information Engineering,LC0200A,EE1001,11159,L01
1523,BEng Information Engineering,LC0200A,GE1354,11441,C01
1523,BEng Information Engineering,LC0200A,GE1354,11444,L03
1523,BEng Information Engineering,LC0200A,MA1200,11785,CG1
1523,BEng Information Engineering,LC0200A,MA1200,11807,TG3
1523,BEng Information Engineering,LC0200A,CS1302,11859,CA1
1523,BEng Information Engineering,LC0200A,LC0200A,11976,T37
1523,BEng Information Engineering,LC0200A,CS1302,12215,LA4
1524,BEng Information Engineering,LC0200A,EE1001,10617,C01
1524,BEng Information Engineering,LC0200A,LC0200A,10878,T09
1524,BEng Information Engineering,LC0200A,EE1001,11159,L01
1524,BEng Information Engineering,LC0200A,GE1354,11441,C01
1524,BEng Information Engineering,LC0200A,GE1354,11443,L02
1524,BEng Information Engineering,LC0200A,MA1200,11782,CE1
1524,BEng Information Engineering,LC0200A,MA1200,11801,TE3
1524,BEng Information Engineering,LC0200A,CS1302,11859,CA1
1524,BEng Information Engineering,LC0200A,CS1302,12215,LA4
1525,BEng Microelectronics Engineering,GE1401,EE1001,10900,CA1
1525,BEng Microelectronics Engineering,GE1401,EE1001,11160,LA1
1525,BEng Microelectronics Engineering,GE1401,GE1354,11441,C01
1525,BEng Microelectronics Engineering,GE1401,GE1354,11443,L02
1525,BEng Microelectronics Engineering,GE1401,GE1401,11507,T80
1525,BEng Microelectronics Engineering,GE1401,MA1200,11787,CA1
1525,BEng Microelectronics Engineering,GE1401,MA1200,11791,TA2
1525,BEng Microelectronics Engineering,GE1401,CS1302,11860,CB1
1525,BEng Microelectronics Engineering,GE1401,CS1302,12216,LB1
1526,BEng Microelectronics Engineering,GE1401,EE1001,10617,C01
1526,BEng Microelectronics Engineering,GE1401,GE1401,10731,T66
1526,BEng Microelectronics Engineering,GE1401,EE1001,11159,L01
1526,BEng Microelectronics Engineering,GE1401,GE1354,11455,CB1
1526,BEng Microelectronics Engineering,GE1401,GE1354,11584,LB3
1526,BEng Microelectronics Engineering,GE1401,MA1200,11788,CC1
1526,BEng Microelectronics Engineering,GE1401,MA1200,11794,TC2
1526,BEng Microelectronics Engineering,GE1401,CS1302,11861,CC1
1526,BEng Microelectronics Engineering,GE1401,CS1302,11870,LC2
1527,BEng Microelectronics Engineering,GE1401,EE1001,10617,C01
1527,BEng Microelectronics Engineering,GE1401,GE1401,10687,T10
1527,BEng Microelectronics Engineering,GE1401,EE1001,11161,L02
1527,BEng Microelectronics Engineering,GE1401,GE1354,11455,CB1
1527,BEng Microelectronics Engineering,GE1401,GE1354,11583,LB2
1527,BEng Microelectronics Engineering,GE1401,MA1200,11782,CE1
1527,BEng Microelectronics Engineering,GE1401,MA1200,11799,TE1
1527,BEng Microelectronics Engineering,GE1401,CS1302,11859,CA1
1527,BEng Microelectronics Engineering,GE1401,CS1302,11863,LA1
1528,BEng Microelectronics Engineering,GE1401,EE1001,10617,C01
1528,BEng Microelectronics Engineering,GE1401,EE1001,11159,L01
1528,BEng Microelectronics Engineering,GE1401,GE1354,11441,C01
1528,BEng Microelectronics Engineering,GE1401,GE1354,11443,L02
1528,BEng Microelectronics Engineering,GE1401,MA1200,11787,CA1
1528,BEng Microelectronics Engineering,GE1401,MA1200,11790,TA1
1528,BEng Microelectronics Engineering,GE1401,CS1302,11860,CB1
1528,BEng Microelectronics Engineering,GE1401,GE1401,12398,T70
1528,BEng Microelectronics Engineering,GE1401,CS1302,15811,LB4
1529,BEng Microelectronics Engineering,GE1401,EE1001,10617,C01
1529,BEng Microelectronics Engineering,GE1401,EE1001,11159,L01
1529,BEng Microelectronics Engineering,GE1401,GE1354,11441,C01
1529,BEng Microelectronics Engineering,GE1401,GE1354,11444,L03
1529,BEng Microelectronics Engineering,GE1401,MA1200,11788,CC1
1529,BEng Microelectronics Engineering,GE1401,MA1200,11793,TC1
1529,BEng Microelectronics Engineering,GE1401,CS1302,11860,CB1
1529,BEng Microelectronics Engineering,GE1401,CS1302,12216,LB1
1529,BEng Microelectronics Engineering,GE1401,GE1401,12735,T74
1530,BEng Microelectronics Engineering,GE1401,EE1001,10617,C01
1530,BEng Microelectronics Engineering,GE1401,GE1401,10717,T48
1530,BEng Microelectronics Engineering,GE1401,EE1001,11159,L01
1530,BEng Microelectronics Engineering,GE1401,GE1354,11441,C01
1530,BEng Microelectronics Engineering,GE1401,GE1354,11443,L02
1530,BEng Microelectronics Engineering,GE1401,MA1200,11782,CE1
1530,BEng Microelectronics Engineering,GE1401,MA1200,11800,TE2
1530,BEng Microelectronics Engineering,GE1401,CS1302,11859,CA1
1530,BEng Microelectronics Engineering,GE1401,CS1302,11982,LA3
1531,BEng Microelectronics Engineering,GE1401,EE1001,10617,C01
1531,BEng Microelectronics Engineering,GE1401,GE1401,10707,T32
1531,BEng Microelectronics Engineering,GE1401,EE1001,11159,L01
1531,BEng Microelectronics Engineering,GE1401,GE1354,11445,CA1
1531,BEng Microelectronics Engineering,GE1401,GE1354,11447,LA2
1531,BEng Microelectronics Engineering,GE1401,MA1200,11788,CC1
1531,BEng Microelectronics Engineering,GE1401,MA1200,11793,TC1
1531,BEng Microelectronics Engineering,GE1401,CS1302,11859,CA1
1531,BEng Microelectronics Engineering,GE1401,CS1302,12215,LA4
1532,BEng Microelectronics Engineering,GE1401,EE1001,10617,C01
1532,BEng Microelectronics Engineering,GE1401,EE1001,11159,L01
1532,BEng Microelectronics Engineering,GE1401,GE1354,11441,C01
1532,BEng Microelectronics Engineering,GE1401,GE1354,11442,L01
1532,BEng Microelectronics Engineering,GE1401,MA1200,11789,CD1
1532,BEng Microelectronics Engineering,GE1401,MA1200,11797,TD2
1532,BEng Microelectronics Engineering,GE1401,CS1302,11859,CA1
1532,BEng Microelectronics Engineering,GE1401,CS1302,11863,LA1
1532,BEng Microelectronics Engineering,GE1401,GE1401,12398,T70
1533,BEng Microelectronics Engineering,GE1401,EE1001,10617,C01
1533,BEng Microelectronics Engineering,GE1401,GE1401,10729,T63
1533,BEng Microelectronics Engineering,GE1401,EE1001,11159,L01
1533,BEng Microelectronics Engineering,GE1401,GE1354,11441,C01
1533,BEng Microelectronics Engineering,GE1401,GE1354,11442,L01
1533,BEng Microelectronics Engineering,GE1401,MA1200,11782,CE1
1533,BEng Microelectronics Engineering,GE1401,MA1200,11801,TE3
1533,BEng Microelectronics Engineering,GE1401,CS1302,11859,CA1
1533,BEng Microelectronics Engineering,GE1401,CS1302,11982,LA3
1534,BEng Microelectronics Engineering,GE1401,EE1001,10617,C01
1534,BEng Microelectronics Engineering,GE1401,GE1401,10728,T61
1534,BEng Microelectronics Engineering,GE1401,EE1001,11161,L02
1534,BEng Microelectronics Engineering,GE1401,GE1354,11441,C01
1534,BEng Microelectronics Engineering,GE1401,GE1354,11442,L01
1534,BEng Microelectronics Engineering,GE1401,MA1200,11787,CA1
1534,BEng Microelectronics Engineering,GE1401,MA1200,11791,TA2
1534,BEng Microelectronics Engineering,GE1401,CS1302,11859,CA1
1534,BEng Microelectronics Engineering,GE1401,CS1302,11982,LA3
1535,BEng Microelectronics Engineering,GE1401,EE1001,10617,C01
1535,BEng Microelectronics Engineering,GE1401,GE1401,10717,T48
1535,BEng Microelectronics Engineering,GE1401,EE1001,11161,L02
1535,BEng Microelectronics Engineering,GE1401,GE1354,11445,CA1
1535,BEng Microelectronics Engineering,GE1401,GE1354,11446,LA1
1535,BEng Microelectronics Engineering,GE1401,MA1200,11784,CF1
1535,BEng Microelectronics Engineering,GE1401,MA1200,11802,TF1
1535,BEng Microelectronics Engineering,GE1401,CS1302,11859,CA1
1535,BEng Microelectronics Engineering,GE1401,CS1302,11982,LA3
1536,BEng Microelectronics Engineering,GE1401,EE1001,10617,C01
1536,BEng Microelectronics Engineering,GE1401,EE1001,11159,L01
1536,BEng Microelectronics Engineering,GE1401,GE1354,11455,CB1
1536,BEng Microelectronics Engineering,GE1401,GE1401,11494,T76
1536,BEng Microelectronics Engineering,GE1401,GE1354,11584,LB3
1536,BEng Microelectronics Engineering,GE1401,MA1200,11788,CC1
1536,BEng Microelectronics Engineering,GE1401,MA1200,11794,TC2
1536,BEng Microelectronics Engineering,GE1401,CS1302,11859,CA1
1536,BEng Microelectronics Engineering,GE1401,CS1302,11982,LA3
1537,BEng Microelectronics Engineering,LC0200A,EE1001,10617,C01
1537,BEng Microelectronics Engineering,LC0200A,LC0200A,10881,T12
1537,BEng Microelectronics Engineering,LC0200A,EE1001,11161,L02
1537,BEng Microelectronics Engineering,LC0200A,GE1354,11441,C01
1537,BEng Microelectronics Engineering,LC0200A,GE1354,11442,L01
1537,BEng Microelectronics Engineering,LC0200A,MA1200,11786,CH1
1537,BEng Microelectronics Engineering,LC0200A,MA1200,11809,TH2
1537,BEng Microelectronics Engineering,LC0200A,CS1302,11859,CA1
1537,BEng Microelectronics Engineering,LC0200A,CS1302,11863,LA1
1538,BEng Microelectronics Engineering,LC0200A,EE1001,10617,C01
1538,BEng Microelectronics Engineering,LC0200A,EE1001,11159,L01
1538,BEng Microelectronics Engineering,LC0200A,GE1354,11441,C01
1538,BEng Microelectronics Engineering,LC0200A,GE1354,11442,L01
1538,BEng Microelectronics Engineering,LC0200A,MA1200,11787,CA1
1538,BEng Microelectronics Engineering,LC0200A,MA1200,11790,TA1
1538,BEng Microelectronics Engineering,LC0200A,CS1302,11860,CB1
1538,BEng Microelectronics Engineering,LC0200A,LC0200A,11976,T37
1538,BEng Microelectronics Engineering,LC0200A,CS1302,12217,LB2
1539,BEng Microelectronics Engineering,LC0200A,EE1001,10617,C01
1539,BEng Microelectronics Engineering,LC0200A,LC0200A,10895,T27
1539,BEng Microelectronics Engineering,LC0200A,EE1001,11161,L02
1539,BEng Microelectronics Engineering,LC0200A,GE1354,11441,C01
1539,BEng Microelectronics Engineering,LC0200A,GE1354,11443,L02
1539,BEng Microelectronics Engineering,LC0200A,MA1200,11787,CA1
1539,BEng Microelectronics Engineering,LC0200A,MA1200,11790,TA1
1539,BEng Microelectronics Engineering,LC0200A,CS1302,11859,CA1
1539,BEng Microelectronics Engineering,LC0200A,CS1302,11864,LA2
1540,BEng Microelectronics Engineering,LC0200A,EE1001,10617,C01
1540,BEng Microelectronics Engineering,LC0200A,LC0200A,10878,T09
1540,BEng Microelectronics Engineering,LC0200A,EE1001,11159,L01
1540,BEng Microelectronics Engineering,LC0200A,GE1354,11441,C01
1540,BEng Microelectronics Engineering,LC0200A,GE1354,11443,L02
1540,BEng Microelectronics Engineering,LC0200A,MA1200,11788,CC1
1540,BEng Microelectronics Engineering,LC0200A,MA1200,11794,TC2
1540,BEng Microelectronics Engineering,LC0200A,CS1302,11860,CB1
1540,BEng Microelectronics Engineering,LC0200A,CS1302,12216,LB1
1541,BEng Microelectronics Engineering,LC0200A,EE1001,10617,C01
1541,BEng Microelectronics Engineering,LC0200A,LC0200A,10884,T15
1541,BEng Microelectronics Engineering,LC0200A,EE1001,11159,L01
1541,BEng Microelectronics Engineering,LC0200A,GE1354,11441,C01
1541,BEng Microelectronics Engineering,LC0200A,GE1354,11442,L01
1541,BEng Microelectronics Engineering,LC0200A,MA1200,11784,CF1
1541,BEng Microelectronics Engineering,LC0200A,MA1200,11803,TF2
1541,BEng Microelectronics Engineering,LC0200A,CS1302,11859,CA1
1541,BEng Microelectronics Engineering,LC0200A,CS1302,11864,LA2
1542,BEng Mechanical Engineering,GE1401,GE1401,10719,T52
1542,BEng Mechanical Engineering,GE1401,MA1200,11782,CE1
1542,BEng Mechanical Engineering,GE1401,MA1200,11800,TE2
1542,BEng Mechanical Engineering,GE1401,PHY1101,11832,CA1
1542,BEng Mechanical Engineering,GE1401,PHY1101,11835,TA1
1542,BEng Mechanical Engineering,GE1401,MNE2066,11846,C01
1542,BEng Mechanical Engineering,GE1401,MNE2116,13686,LA1
1542,BEng Mechanical Engineering,GE1401,MNE2116,15622,CA1
1543,BEng Mechanical Engineering,GE1401,GE1401,10704,T29
1543,BEng Mechanical Engineering,GE1401,MA1200,11788,CC1
1543,BEng Mechanical Engineering,GE1401,MA1200,11795,TC3
1543,BEng Mechanical Engineering,GE1401,PHY1101,11831,C01
1543,BEng Mechanical Engineering,GE1401,PHY1101,11834,T01
1543,BEng Mechanical Engineering,GE1401,MNE2066,11846,C01
1543,BEng Mechanical Engineering,GE1401,MNE2116,14945,LA2
1543,BEng Mechanical Engineering,GE1401,MNE2116,15622,CA1
1544,BEng Mechanical Engineering,GE1401,GE1401,10730,T64
1544,BEng Mechanical Engineering,GE1401,MA1200,11788,CC1
1544,BEng Mechanical Engineering,GE1401,MA1200,11795,TC3
1544,BEng Mechanical Engineering,GE1401,PHY1101,11832,CA1
1544,BEng Mechanical Engineering,GE1401,PHY1101,11835,TA1
1544,BEng Mechanical Engineering,GE1401,MNE2066,11846,C01
1544,BEng Mechanical Engineering,GE1401,MNE2116,13686,LA1
1544,BEng Mechanical Engineering,GE1401,MNE2116,15622,CA1
1545,BEng Mechanical Engineering,GE1401,GE1401,10679,T02
1545,BEng Mechanical Engineering,GE1401,MA1200,11788,CC1
1545,BEng Mechanical Engineering,GE1401,MA1200,11793,TC1
1545,BEng Mechanical Engineering,GE1401,PHY1101,11832,CA1
1545,BEng Mechanical Engineering,GE1401,PHY1101,11835,TA1
1545,BEng Mechanical Engineering,GE1401,MNE2066,11846,C01
1545,BEng Mechanical Engineering,GE1401,MNE2116,14945,LA2
1545,BEng Mechanical Engineering,GE1401,MNE2116,15622,CA1
1546,BEng Mechanical Engineering,GE1401,GE1401,10681,T04
1546,BEng Mechanical Engineering,GE1401,MA1200,11784,CF1
1546,BEng Mechanical Engineering,GE1401,MA1200,11802,TF1
1546,BEng Mechanical Engineering,GE1401,PHY1101,11832,CA1
1546,BEng Mechanical Engineering,GE1401,PHY1101,11835,TA1
1546,BEng Mechanical Engineering,GE1401,MNE2066,11846,C01
1546,BEng Mechanical Engineering,GE1401,MNE2116,14945,LA2
1546,BEng Mechanical Engineering,GE1401,MNE2116,15622,CA1
1547,BEng Mechanical Engineering,GE1401,GE1401,10730,T64
1547,BEng Mechanical Engineering,GE1401,MA1200,11787,CA1
1547,BEng Mechanical Engineering,GE1401,MA1200,11790,TA1
1547,BEng Mechanical Engineering,GE1401,PHY1101,11832,CA1
1547,BEng Mechanical Engineering,GE1401,PHY1101,11835,TA1
1547,BEng Mechanical Engineering,GE1401,MNE2066,11846,C01
1547,BEng Mechanical Engineering,GE1401,MNE2116,12798,C01
1547,BEng Mechanical Engineering,GE1401,MNE2116,14946,L03
1548,BEng Mechanical Engineering,GE1401,MA1200,11789,CD1
1548,BEng Mechanical Engineering,GE1401,MA1200,11798,TD3
1548,BEng Mechanical Engineering,GE1401,PHY1101,11832,CA1
1548,BEng Mechanical Engineering,GE1401,PHY1101,11835,TA1
1548,BEng Mechanical Engineering,GE1401,MNE2066,11846,C01
1548,BEng Mechanical Engineering,GE1401,MNE2116,12798,C01
1548,BEng Mechanical Engineering,GE1401,MNE2116,13073,L04
1548,BEng Mechanical Engineering,GE1401,GE1401,15183,TC4
1549,BEng Mechanical Engineering,GE1401,MA1200,11785,CG1
1549,BEng Mechanical Engineering,GE1401,MA1200,11805,TG1
1549,BEng Mechanical Engineering,GE1401,PHY1101,11832,CA1
1549,BEng Mechanical Engineering,GE1401,PHY1101,11835,TA1
1549,BEng Mechanical Engineering,GE1401,MNE2066,11846,C01
1549,BEng Mechanical Engineering,GE1401,MNE2116,12798,C01
1549,BEng Mechanical Engineering,GE1401,MNE2116,13073,L04
1549,BEng Mechanical Engineering,GE1401,GE1401,15601,T28
1550,BEng Mechanical Engineering,GE1401,MA1200,11785,CG1
1550,BEng Mechanical Engineering,GE1401,MA1200,11806,TG2
1550,BEng Mechanical Engineering,GE1401,PHY1101,11832,CA1
1550,BEng Mechanical Engineering,GE1401,PHY1101,11835,TA1
1550,BEng Mechanical Engineering,GE1401,MNE2066,11846,C01
1550,BEng Mechanical Engineering,GE1401,MNE2116,12798,C01
1550,BEng Mechanical Engineering,GE1401,MNE2116,12823,L02
1550,BEng Mechanical Engineering,GE1401,GE1401,13577,TB6
1551,BEng Mechanical Engineering,GE1401,GE1401,10685,T08
1551,BEng Mechanical Engineering,GE1401,MA1200,11785,CG1
1551,BEng Mechanical Engineering,GE1401,MA1200,11805,TG1
1551,BEng Mechanical Engineering,GE1401,PHY1101,11832,CA1
1551,BEng Mechanical Engineering,GE1401,PHY1101,11835,TA1
1551,BEng Mechanical Engineering,GE1401,MNE2066,11846,C01
1551,BEng Mechanical Engineering,GE1401,MNE2116,12798,C01
1551,BEng Mechanical Engineering,GE1401,MNE2116,13073,L04
1552,BEng Mechanical Engineering,GE1401,GE1401,11500,T86
1552,BEng Mechanical Engineering,GE1401,MA1200,11789,CD1
1552,BEng Mechanical Engineering,GE1401,MA1200,11797,TD2
1552,BEng Mechanical Engineering,GE1401,PHY1101,11832,CA1
1552,BEng Mechanical Engineering,GE1401,PHY1101,11835,TA1
1552,BEng Mechanical Engineering,GE1401,MNE2066,11846,C01
1552,BEng Mechanical Engineering,GE1401,MNE2116,12798,C01
1552,BEng Mechanical Engineering,GE1401,MNE2116,12822,L01
1553,BEng Mechanical Engineering,GE1401,MA1200,11785,CG1
1553,BEng Mechanical Engineering,GE1401,MA1200,11805,TG1
1553,BEng Mechanical Engineering,GE1401,PHY1101,11832,CA1
1553,BEng Mechanical Engineering,GE1401,PHY1101,11835,TA1
1553,BEng Mechanical Engineering,GE1401,MNE2066,11846,C01
1553,BEng Mechanical Engineering,GE1401,GE1401,12733,T62
1553,BEng Mechanical Engineering,GE1401,MNE2116,14945,LA2
1553,BEng Mechanical Engineering,GE1401,MNE2116,15622,CA1
1554,BEng Mechanical Engineering,GE1401,GE1401,10701,T25
1554,BEng Mechanical Engineering,GE1401,MA1200,11782,CE1
1554,BEng Mechanical Engineering,GE1401,MA1200,11799,TE1
1554,BEng Mechanical Engineering,GE1401,PHY1101,11832,CA1
1554,BEng Mechanical Engineering,GE1401,PHY1101,11835,TA1
1554,BEng Mechanical Engineering,GE1401,MNE2066,11846,C01
1554,BEng Mechanical Engineering,GE1401,MNE2116,12798,C01
1554,BEng Mechanical Engineering,GE1401,MNE2116,13073,L04
1555,BEng Mechanical Engineering,GE1401,GE1401,10679,T02
1555,BEng Mechanical Engineering,GE1401,MA1200,11787,CA1
1555,BEng Mechanical Engineering,GE1401,MA1200,11792,TA3
1555,BEng Mechanical Engineering,GE1401,PHY1101,11832,CA1
1555,BEng Mechanical Engineering,GE1401,PHY1101,11835,TA1
1555,BEng Mechanical Engineering,GE1401,MNE2066,11846,C01
1555,BEng Mechanical Engineering,GE1401,MNE2116,13686,LA1
1555,BEng Mechanical Engineering,GE1401,MNE2116,15622,CA1
1556,BEng Mechanical Engineering,GE1401,GE1401,10719,T52
1556,BEng Mechanical Engineering,GE1401,MA1200,11786,CH1
1556,BEng Mechanical Engineering,GE1401,MA1200,11809,TH2
1556,BEng Mechanical Engineering,GE1401,PHY1101,11832,CA1
1556,BEng Mechanical Engineering,GE1401,PHY1101,11835,TA1
1556,BEng Mechanical Engineering,GE1401,MNE2066,11846,C01
1556,BEng Mechanical Engineering,GE1401,MNE2116,14945,LA2
1556,BEng Mechanical Engineering,GE1401,MNE2116,15622,CA1
1557,BEng Mechanical Engineering,GE1401,MA1200,11782,CE1
1557,BEng Mechanical Engineering,GE1401,MA1200,11799,TE1
1557,BEng Mechanical Engineering,GE1401,PHY1101,11832,CA1
1557,BEng Mechanical Engineering,GE1401,PHY1101,11835,TA1
1557,BEng Mechanical Engineering,GE1401,MNE2066,11846,C01
1557,BEng Mechanical Engineering,GE1401,MNE2116,12798,C01
1557,BEng Mechanical Engineering,GE1401,MNE2116,12822,L01
1557,BEng Mechanical Engineering,GE1401,GE1401,15601,T28
1558,BEng Mechanical Engineering,GE1401,GE1401,10680,T03
1558,BEng Mechanical Engineering,GE1401,MA1200,11787,CA1
1558,BEng Mechanical Engineering,GE1401,MA1200,11792,TA3
1558,BEng Mechanical Engineering,GE1401,PHY1101,11832,CA1
1558,BEng Mechanical Engineering,GE1401,PHY1101,11835,TA1
1558,BEng Mechanical Engineering,GE1401,MNE2066,11846,C01
1558,BEng Mechanical Engineering,GE1401,MNE2116,14945,LA2
1558,BEng Mechanical Engineering,GE1401,MNE2116,15622,CA1
1559,BEng Mechanical Engineering,GE1401,MA1200,11784,CF1
1559,BEng Mechanical Engineering,GE1401,MA1200,11803,TF2
1559,BEng Mechanical Engineering,GE1401,PHY1101,11832,CA1
1559,BEng Mechanical Engineering,GE1401,PHY1101,11835,TA1
1559,BEng Mechanical Engineering,GE1401,MNE2066,11846,C01
1559,BEng Mechanical Engineering,GE1401,MNE2116,12798,C01
1559,BEng Mechanical Engineering,GE1401,MNE2116,13073,L04
1559,BEng Mechanical Engineering,GE1401,GE1401,15181,TC2
1560,BEng Mechanical Engineering,GE1401,GE1401,10683,T06
1560,BEng Mechanical Engineering,GE1401,MA1200,11785,CG1
1560,BEng Mechanical Engineering,GE1401,MA1200,11806,TG2
1560,BEng Mechanical Engineering,GE1401,PHY1101,11832,CA1
1560,BEng Mechanical Engineering,GE1401,PHY1101,11835,TA1
1560,BEng Mechanical Engineering,GE1401,MNE2066,11846,C01
1560,BEng Mechanical Engineering,GE1401,MNE2116,14945,LA2
1560,BEng Mechanical Engineering,GE1401,MNE2116,15622,CA1
1561,BEng Mechanical Engineering,GE1401,GE1401,10714,T43
1561,BEng Mechanical Engineering,GE1401,MA1200,11785,CG1
1561,BEng Mechanical Engineering,GE1401,MA1200,11805,TG1
1561,BEng Mechanical Engineering,GE1401,PHY1101,11832,CA1
1561,BEng Mechanical Engineering,GE1401,PHY1101,11835,TA1
1561,BEng Mechanical Engineering,GE1401,MNE2066,11846,C01
1561,BEng Mechanical Engineering,GE1401,MNE2116,12798,C01
1561,BEng Mechanical Engineering,GE1401,MNE2116,14946,L03
1562,BEng Mechanical Engineering,GE1401,MA1200,11788,CC1
1562,BEng Mechanical Engineering,GE1401,MA1200,11793,TC1
1562,BEng Mechanical Engineering,GE1401,PHY1101,11832,CA1
1562,BEng Mechanical Engineering,GE1401,PHY1101,11835,TA1
1562,BEng Mechanical Engineering,GE1401,MNE2066,11846,C01
1562,BEng Mechanical Engineering,GE1401,GE1401,12124,T49
1562,BEng Mechanical Engineering,GE1401,MNE2116,12798,C01
1562,BEng Mechanical Engineering,GE1401,MNE2116,14946,L03
1563,BEng Mechanical Engineering,GE1401,MA1200,11785,CG1
1563,BEng Mechanical Engineering,GE1401,MA1200,11805,TG1
1563,BEng Mechanical Engineering,GE1401,PHY1101,11832,CA1
1563,BEng Mechanical Engineering,GE1401,PHY1101,11835,TA1
1563,BEng Mechanical Engineering,GE1401,MNE2066,11846,C01
1563,BEng Mechanical Engineering,GE1401,MNE2116,12798,C01
1563,BEng Mechanical Engineering,GE1401,MNE2116,13073,L04
1563,BEng Mechanical Engineering,GE1401,GE1401,15205,TC5
1564,BEng Mechanical Engineering,GE1401,GE1401,10693,T16
1564,BEng Mechanical Engineering,GE1401,MA1200,11788,CC1
1564,BEng Mechanical Engineering,GE1401,MA1200,11793,TC1
1564,BEng Mechanical Engineering,GE1401,PHY1101,11832,CA1
1564,BEng Mechanical Engineering,GE1401,PHY1101,11835,TA1
1564,BEng Mechanical Engineering,GE1401,MNE2066,11846,C01
1564,BEng Mechanical Engineering,GE1401,MNE2116,12798,C01
1564,BEng Mechanical Engineering,GE1401,MNE2116,14946,L03
1565,BEng Mechanical Engineering,GE1401,MA1200,11787,CA1
1565,BEng Mechanical Engineering,GE1401,MA1200,11792,TA3
1565,BEng Mechanical Engineering,GE1401,PHY1101,11832,CA1
1565,BEng Mechanical Engineering,GE1401,PHY1101,11835,TA1
1565,BEng Mechanical Engineering,GE1401,MNE2066,11846,C01
1565,BEng Mechanical Engineering,GE1401,GE1401,14271,TB8
1565,BEng Mechanical Engineering,GE1401,MNE2116,14945,LA2
1565,BEng Mechanical Engineering,GE1401,MNE2116,15622,CA1
1566,BEng Mechanical Engineering,GE1401,GE1401,10681,T04
1566,BEng Mechanical Engineering,GE1401,MA1200,11784,CF1
1566,BEng Mechanical Engineering,GE1401,MA1200,11802,TF1
1566,BEng Mechanical Engineering,GE1401,PHY1101,11832,CA1
1566,BEng Mechanical Engineering,GE1401,PHY1101,11835,TA1
1566,BEng Mechanical Engineering,GE1401,MNE2066,11846,C01
1566,BEng Mechanical Engineering,GE1401,MNE2116,12798,C01
1566,BEng Mechanical Engineering,GE1401,MNE2116,12823,L02
1567,BEng Mechanical Engineering,GE1401,MA1200,11787,CA1
1567,BEng Mechanical Engineering,GE1401,MA1200,11791,TA2
1567,BEng Mechanical Engineering,GE1401,PHY1101,11831,C01
1567,BEng Mechanical Engineering,GE1401,PHY1101,11834,T01
1567,BEng Mechanical Engineering,GE1401,MNE2066,11846,C01
1567,BEng Mechanical Engineering,GE1401,MNE2116,12798,C01
1567,BEng Mechanical Engineering,GE1401,MNE2116,13073,L04
1567,BEng Mechanical Engineering,GE1401,GE1401,14271,TB8
1568,BEng Mechanical Engineering,GE1401,MA1200,11782,CE1
1568,BEng Mechanical Engineering,GE1401,MA1200,11800,TE2
1568,BEng Mechanical Engineering,GE1401,PHY1101,11832,CA1
1568,BEng Mechanical Engineering,GE1401,PHY1101,11835,TA1
1568,BEng Mechanical Engineering,GE1401,MNE2066,11846,C01
1568,BEng Mechanical Engineering,GE1401,GE1401,12121,T33
1568,BEng Mechanical Engineering,GE1401,MNE2116,12798,C01
1568,BEng Mechanical Engineering,GE1401,MNE2116,12823,L02
1569,BEng Mechanical Engineering,GE1401,GE1401,11496,T79
1569,BEng Mechanical Engineering,GE1401,MA1200,11788,CC1
1569,BEng Mechanical Engineering,GE1401,MA1200,11795,TC3
1569,BEng Mechanical Engineering,GE1401,PHY1101,11832,CA1
1569,BEng Mechanical Engineering,GE1401,PHY1101,11835,TA1
1569,BEng Mechanical Engineering,GE1401,MNE2066,11846,C01
1569,BEng Mechanical Engineering,GE1401,MNE2116,12798,C01
1569,BEng Mechanical Engineering,GE1401,MNE2116,13073,L04
1570,BEng Mechanical Engineering,GE1401,GE1401,10685,T08
1570,BEng Mechanical Engineering,GE1401,MA1200,11785,CG1
1570,BEng Mechanical Engineering,GE1401,MA1200,11805,TG1
1570,BEng Mechanical Engineering,GE1401,PHY1101,11832,CA1
1570,BEng Mechanical Engineering,GE1401,PHY1101,11835,TA1
1570,BEng Mechanical Engineering,GE1401,MNE2066,11846,C01
1570,BEng Mechanical Engineering,GE1401,MNE2116,13686,LA1
1570,BEng Mechanical Engineering,GE1401,MNE2116,15622,CA1
1571,BEng Mechanical Engineering,GE1401,GE1401,10685,T08
1571,BEng Mechanical Engineering,GE1401,MA1200,11787,CA1
1571,BEng Mechanical Engineering,GE1401,MA1200,11792,TA3
1571,BEng Mechanical Engineering,GE1401,PHY1101,11832,CA1
1571,BEng Mechanical Engineering,GE1401,PHY1101,11835,TA1
1571,BEng Mechanical Engineering,GE1401,MNE2066,11846,C01
1571,BEng Mechanical Engineering,GE1401,MNE2116,14945,LA2
1571,BEng Mechanical Engineering,GE1401,MNE2116,15622,CA1
1572,BEng Mechanical Engineering,GE1401,MA1200,11786,CH1
1572,BEng Mechanical Engineering,GE1401,MA1200,11809,TH2
1572,BEng Mechanical Engineering,GE1401,PHY1101,11832,CA1
1572,BEng Mechanical Engineering,GE1401,PHY1101,11835,TA1
1572,BEng Mechanical Engineering,GE1401,MNE2066,11846,C01
1572,BEng Mechanical Engineering,GE1401,GE1401,13197,TA2
1572,BEng Mechanical Engineering,GE1401,MNE2116,13686,LA1
1572,BEng Mechanical Engineering,GE1401,MNE2116,15622,CA1
1573,BEng Mechanical Engineering,GE1401,MA1200,11788,CC1
1573,BEng Mechanical Engineering,GE1401,MA1200,11793,TC1
1573,BEng Mechanical Engineering,GE1401,PHY1101,11832,CA1
1573,BEng Mechanical Engineering,GE1401,PHY1101,11835,TA1
1573,BEng Mechanical Engineering,GE1401,MNE2066,11846,C01
1573,BEng Mechanical Engineering,GE1401,GE1401,12397,T51
1573,BEng Mechanical Engineering,GE1401,MNE2116,13686,LA1
1573,BEng Mechanical Engineering,GE1401,MNE2116,15622,CA1
1574,BEng Mechanical Engineering,GE1401,MA1200,11787,CA1
1574,BEng Mechanical Engineering,GE1401,MA1200,11792,TA3
1574,BEng Mechanical Engineering,GE1401,PHY1101,11832,CA1
1574,BEng Mechanical Engineering,GE1401,PHY1101,11835,TA1
1574,BEng Mechanical Engineering,GE1401,MNE2066,11846,C01
1574,BEng Mechanical Engineering,GE1401,MNE2116,12798,C01
1574,BEng Mechanical Engineering,GE1401,MNE2116,12822,L01
1574,BEng Mechanical Engineering,GE1401,GE1401,15600,T14
1575,BEng Mechanical Engineering,GE1401,GE1401,11491,T69
1575,BEng Mechanical Engineering,GE1401,MA1200,11789,CD1
1575,BEng Mechanical Engineering,GE1401,MA1200,11796,TD1
1575,BEng Mechanical Engineering,GE1401,PHY1101,11833,CB1
1575,BEng Mechanical Engineering,GE1401,PHY1101,11836,TB1
1575,BEng Mechanical Engineering,GE1401,MNE2066,11846,C01
1575,BEng Mechanical Engineering,GE1401,MNE2116,12798,C01
1575,BEng Mechanical Engineering,GE1401,MNE2116,12822,L01
1576,BEng Mechanical Engineering,GE1401,GE1401,10716,T47
1576,BEng Mechanical Engineering,GE1401,MA1200,11785,CG1
1576,BEng Mechanical Engineering,GE1401,MA1200,11806,TG2
1576,BEng Mechanical Engineering,GE1401,PHY1101,11831,C01
1576,BEng Mechanical Engineering,GE1401,PHY1101,11834,T01
1576,BEng Mechanical Engineering,GE1401,MNE2066,11846,C01
1576,BEng Mechanical Engineering,GE1401,MNE2116,13686,LA1
1576,BEng Mechanical Engineering,GE1401,MNE2116,15622,CA1
1577,BEng Mechanical Engineering,GE1401,GE1401,10695,T19
1577,BEng Mechanical Engineering,GE1401,MA1200,11787,CA1
1577,BEng Mechanical Engineering,GE1401,MA1200,11791,TA2
1577,BEng Mechanical Engineering,GE1401,PHY1101,11832,CA1
1577,BEng Mechanical Engineering,GE1401,PHY1101,11835,TA1
1577,BEng Mechanical Engineering,GE1401,MNE2066,11846,C01
1577,BEng Mechanical Engineering,GE1401,MNE2116,14945,LA2
1577,BEng Mechanical Engineering,GE1401,MNE2116,15622,CA1
1578,BEng Mechanical Engineering,GE1401,MA1200,11789,CD1
1578,BEng Mechanical Engineering,GE1401,MA1200,11796,TD1
1578,BEng Mechanical Engineering,GE1401,PHY1101,11832,CA1
1578,BEng Mechanical Engineering,GE1401,PHY1101,11835,TA1
1578,BEng Mechanical Engineering,GE1401,MNE2066,11846,C01
1578,BEng Mechanical Engineering,GE1401,MNE2116,12798,C01
1578,BEng Mechanical Engineering,GE1401,MNE2116,13073,L04
1578,BEng Mechanical Engineering,GE1401,GE1401,15183,TC4
1579,BEng Mechanical Engineering,GE1401,MA1200,11784,CF1
1579,BEng Mechanical Engineering,GE1401,MA1200,11802,TF1
1579,BEng Mechanical Engineering,GE1401,PHY1101,11832,CA1
1579,BEng Mechanical Engineering,GE1401,PHY1101,11835,TA1
1579,BEng Mechanical Engineering,GE1401,MNE2066,11846,C01
1579,BEng Mechanical Engineering,GE1401,GE1401,12733,T62
1579,BEng Mechanical Engineering,GE1401,MNE2116,13686,LA1
1579,BEng Mechanical Engineering,GE1401,MNE2116,15622,CA1
1580,BEng Mechanical Engineering,GE1401,GE1401,10685,T08
1580,BEng Mechanical Engineering,GE1401,MA1200,11789,CD1
1580,BEng Mechanical Engineering,GE1401,MA1200,11798,TD3
1580,BEng Mechanical Engineering,GE1401,PHY1101,11831,C01
1580,BEng Mechanical Engineering,GE1401,PHY1101,11834,T01
1580,BEng Mechanical Engineering,GE1401,MNE2066,11846,C01
1580,BEng Mechanical Engineering,GE1401,MNE2116,12798,C01
1580,BEng Mechanical Engineering,GE1401,MNE2116,13073,L04
1581,BEng Mechanical Engineering,LC0200A,MA1200,11785,CG1
1581,BEng Mechanical Engineering,LC0200A,MA1200,11805,TG1
1581,BEng Mechanical Engineering,LC0200A,PHY1101,11832,CA1
1581,BEng Mechanical Engineering,LC0200A,PHY1101,11835,TA1
1581,BEng Mechanical Engineering,LC0200A,MNE2066,11846,C01
1581,BEng Mechanical Engineering,LC0200A,LC0200A,12320,T38
1581,BEng Mechanical Engineering,LC0200A,MNE2116,12798,C01
1581,BEng Mechanical Engineering,LC0200A,MNE2116,14946,L03
1582,BEng Mechanical Engineering,LC0200A,LC0200A,10893,T25
1582,BEng Mechanical Engineering,LC0200A,MA1200,11789,CD1
1582,BEng Mechanical Engineering,LC0200A,MA1200,11798,TD3
1582,BEng Mechanical Engineering,LC0200A,PHY1101,11832,CA1
1582,BEng Mechanical Engineering,LC0200A,PHY1101,11835,TA1
1582,BEng Mechanical Engineering,LC0200A,MNE2066,11846,C01
1582,BEng Mechanical Engineering,LC0200A,MNE2116,12798,C01
1582,BEng Mechanical Engineering,LC0200A,MNE2116,13073,L04
1583,BEng Mechanical Engineering,LC0200A,LC0200A,11030,T31
1583,BEng Mechanical Engineering,LC0200A,MA1200,11788,CC1
1583,BEng Mechanical Engineering,LC0200A,MA1200,11793,TC1
1583,BEng Mechanical Engineering,LC0200A,PHY1101,11832,CA1
1583,BEng Mechanical Engineering,LC0200A,PHY1101,11835,TA1
1583,BEng Mechanical Engineering,LC0200A,MNE2066,11846,C01
1583,BEng Mechanical Engineering,LC0200A,MNE2116,12798,C01
1583,BEng Mechanical Engineering,LC0200A,MNE2116,13073,L04
1584,BEng Mechanical Engineering,LC0200A,LC0200A,10886,T17
1584,BEng Mechanical Engineering,LC0200A,MA1200,11789,CD1
1584,BEng Mechanical Engineering,LC0200A,MA1200,11796,TD1
1584,BEng Mechanical Engineering,LC0200A,PHY1101,11831,C01
1584,BEng Mechanical Engineering,LC0200A,PHY1101,11834,T01
1584,BEng Mechanical Engineering,LC0200A,MNE2066,11846,C01
1584,BEng Mechanical Engineering,LC0200A,MNE2116,12798,C01
1584,BEng Mechanical Engineering,LC0200A,MNE2116,12822,L01
1585,BEng Mechanical Engineering,LC0200A,LC0200A,10862,T02
1585,BEng Mechanical Engineering,LC0200A,MA1200,11789,CD1
1585,BEng Mechanical Engineering,LC0200A,MA1200,11797,TD2
1585,BEng Mechanical Engineering,LC0200A,PHY1101,11832,CA1
1585,BEng Mechanical Engineering,LC0200A,PHY1101,11835,TA1
1585,BEng Mechanical Engineering,LC0200A,MNE2066,11846,C01
1585,BEng Mechanical Engineering,LC0200A,MNE2116,13686,LA1
1585,BEng Mechanical Engineering,LC0200A,MNE2116,15622,CA1
1586,BEng Mechanical Engineering,LC0200A,LC0200A,10882,T13
1586,BEng Mechanical Engineering,LC0200A,MA1200,11788,CC1
1586,BEng Mechanical Engineering,LC0200A,MA1200,11794,TC2
1586,BEng Mechanical Engineering,LC0200A,PHY1101,11831,C01
1586,BEng Mechanical Engineering,LC0200A,PHY1101,11834,T01
1586,BEng Mechanical Engineering,LC0200A,MNE2066,11846,C01
1586,BEng Mechanical Engineering,LC0200A,MNE2116,12798,C01
1586,BEng Mechanical Engineering,LC0200A,MNE2116,13073,L04
1587,BEng Mechanical Engineering,LC0200A,LC0200A,10862,T02
1587,BEng Mechanical Engineering,LC0200A,MA1200,11788,CC1
1587,BEng Mechanical Engineering,LC0200A,MA1200,11795,TC3
1587,BEng Mechanical Engineering,LC0200A,PHY1101,11831,C01
1587,BEng Mechanical Engineering,LC0200A,PHY1101,11834,T01
1587,BEng Mechanical Engineering,LC0200A,MNE2066,11846,C01
1587,BEng Mechanical Engineering,LC0200A,MNE2116,13686,LA1
1587,BEng Mechanical Engineering,LC0200A,MNE2116,15622,CA1
1588,BEng Mechanical Engineering,LC0200A,LC0200A,10841,T01
1588,BEng Mechanical Engineering,LC0200A,MA1200,11789,CD1
1588,BEng Mechanical Engineering,LC0200A,MA1200,11796,TD1
1588,BEng Mechanical Engineering,LC0200A,PHY1101,11831,C01
1588,BEng Mechanical Engineering,LC0200A,PHY1101,11834,T01
1588,BEng Mechanical Engineering,LC0200A,MNE2066,11846,C01
1588,BEng Mechanical Engineering,LC0200A,MNE2116,13686,LA1
1588,BEng Mechanical Engineering,LC0200A,MNE2116,15622,CA1
1589,BEng Mechanical Engineering,LC0200A,LC0200A,10890,T22
1589,BEng Mechanical Engineering,LC0200A,MA1200,11789,CD1
1589,BEng Mechanical Engineering,LC0200A,MA1200,11798,TD3
1589,BEng Mechanical Engineering,LC0200A,PHY1101,11831,C01
1589,BEng Mechanical Engineering,LC0200A,PHY1101,11834,T01
1589,BEng Mechanical Engineering,LC0200A,MNE2066,11846,C01
1589,BEng Mechanical Engineering,LC0200A,MNE2116,14945,LA2
1589,BEng Mechanical Engineering,LC0200A,MNE2116,15622,CA1
1590,BEng Mechanical Engineering,LC0200A,MA1200,11789,CD1
1590,BEng Mechanical Engineering,LC0200A,MA1200,11798,TD3
1590,BEng Mechanical Engineering,LC0200A,PHY1101,11832,CA1
1590,BEng Mechanical Engineering,LC0200A,PHY1101,11835,TA1
1590,BEng Mechanical Engineering,LC0200A,MNE2066,11846,C01
1590,BEng Mechanical Engineering,LC0200A,LC0200A,11976,T37
1590,BEng Mechanical Engineering,LC0200A,MNE2116,14945,LA2
1590,BEng Mechanical Engineering,LC0200A,MNE2116,15622,CA1
1591,BEng Mechanical Engineering,LC0200A,LC0200A,10890,T22
1591,BEng Mechanical Engineering,LC0200A,MA1200,11788,CC1
1591,BEng Mechanical Engineering,LC0200A,MA1200,11794,TC2
1591,BEng Mechanical Engineering,LC0200A,PHY1101,11831,C01
1591,BEng Mechanical Engineering,LC0200A,PHY1101,11834,T01
1591,BEng Mechanical Engineering,LC0200A,MNE2066,11846,C01
1591,BEng Mechanical Engineering,LC0200A,MNE2116,12798,C01
1591,BEng Mechanical Engineering,LC0200A,MNE2116,12823,L02
1592,BEng Mechanical Engineering,LC0200A,LC0200A,10863,T03
1592,BEng Mechanical Engineering,LC0200A,MA1200,11787,CA1
1592,BEng Mechanical Engineering,LC0200A,MA1200,11791,TA2
1592,BEng Mechanical Engineering,LC0200A,PHY1101,11831,C01
1592,BEng Mechanical Engineering,LC0200A,PHY1101,11834,T01
1592,BEng Mechanical Engineering,LC0200A,MNE2066,11846,C01
1592,BEng Mechanical Engineering,LC0200A,MNE2116,12798,C01
1592,BEng Mechanical Engineering,LC0200A,MNE2116,12823,L02
1593,BEng Mechanical Engineering,LC0200A,LC0200A,10841,T01
1593,BEng Mechanical Engineering,LC0200A,MA1200,11785,CG1
1593,BEng Mechanical Engineering,LC0200A,MA1200,11806,TG2
1593,BEng Mechanical Engineering,LC0200A,PHY1101,11831,C01
1593,BEng Mechanical Engineering,LC0200A,PHY1101,11834,T01
1593,BEng Mechanical Engineering,LC0200A,MNE2066,11846,C01
1593,BEng Mechanical Engineering,LC0200A,MNE2116,12798,C01
1593,BEng Mechanical Engineering,LC0200A,MNE2116,13073,L04
1594,BEng Mechanical Engineering,LC0200A,LC0200A,10894,T26
1594,BEng Mechanical Engineering,LC0200A,MA1200,11787,CA1
1594,BEng Mechanical Engineering,LC0200A,MA1200,11790,TA1
1594,BEng Mechanical Engineering,LC0200A,PHY1101,11832,CA1
1594,BEng Mechanical Engineering,LC0200A,PHY1101,11835,TA1
1594,BEng Mechanical Engineering,LC0200A,MNE2066,11846,C01
1594,BEng Mechanical Engineering,LC0200A,MNE2116,13686,LA1
1594,BEng Mechanical Engineering,LC0200A,MNE2116,15622,CA1
1595,BEng Mechanical Engineering,LC0200A,LC0200A,10885,T16
1595,BEng Mechanical Engineering,LC0200A,MA1200,11788,CC1
1595,BEng Mechanical Engineering,LC0200A,MA1200,11793,TC1
1595,BEng Mechanical Engineering,LC0200A,PHY1101,11831,C01
1595,BEng Mechanical Engineering,LC0200A,PHY1101,11834,T01
1595,BEng Mechanical Engineering,LC0200A,MNE2066,11846,C01
1595,BEng Mechanical Engineering,LC0200A,MNE2116,12798,C01
1595,BEng Mechanical Engineering,LC0200A,MNE2116,12823,L02
1596,BEng Mechanical Engineering,LC0200A,LC0200A,10879,T10
1596,BEng Mechanical Engineering,LC0200A,MA1200,11785,CG1
1596,BEng Mechanical Engineering,LC0200A,MA1200,11806,TG2
1596,BEng Mechanical Engineering,LC0200A,PHY1101,11832,CA1
1596,BEng Mechanical Engineering,LC0200A,PHY1101,11835,TA1
1596,BEng Mechanical Engineering,LC0200A,MNE2066,11846,C01
1596,BEng Mechanical Engineering,LC0200A,MNE2116,12798,C01
1596,BEng Mechanical Engineering,LC0200A,MNE2116,12822,L01
1597,BEng Mechanical Engineering,LC0200A,LC0200A,10895,T27
1597,BEng Mechanical Engineering,LC0200A,MA1200,11782,CE1
1597,BEng Mechanical Engineering,LC0200A,MA1200,11799,TE1
1597,BEng Mechanical Engineering,LC0200A,PHY1101,11832,CA1
1597,BEng Mechanical Engineering,LC0200A,PHY1101,11835,TA1
1597,BEng Mechanical Engineering,LC0200A,MNE2066,11846,C01
1597,BEng Mechanical Engineering,LC0200A,MNE2116,13686,LA1
1597,BEng Mechanical Engineering,LC0200A,MNE2116,15622,CA1
1598,BEng Aerospace Engineering,GE1401,MA1200,11785,CG1
1598,BEng Aerospace Engineering,GE1401,MA1200,11806,TG2
1598,BEng Aerospace Engineering,GE1401,PHY1101,11832,CA1
1598,BEng Aerospace Engineering,GE1401,PHY1101,11835,TA1
1598,BEng Aerospace Engineering,GE1401,MNE2066,11846,C01
1598,BEng Aerospace Engineering,GE1401,MNE2116,12798,C01
1598,BEng Aerospace Engineering,GE1401,MNE2116,12823,L02
1598,BEng Aerospace Engineering,GE1401,GE1401,15183,TC4
1599,BEng Aerospace Engineering,GE1401,GE1401,10687,T10
1599,BEng Aerospace Engineering,GE1401,MA1200,11785,CG1
1599,BEng Aerospace Engineering,GE1401,MA1200,11805,TG1
1599,BEng Aerospace Engineering,GE1401,PHY1101,11832,CA1
1599,BEng Aerospace Engineering,GE1401,PHY1101,11835,TA1
1599,BEng Aerospace Engineering,GE1401,MNE2066,11846,C01
1599,BEng Aerospace Engineering,GE1401,MNE2116,12798,C01
1599,BEng Aerospace Engineering,GE1401,MNE2116,14946,L03
1600,BEng Aerospace Engineering,GE1401,GE1401,10680,T03
1600,BEng Aerospace Engineering,GE1401,MA1200,11788,CC1
1600,BEng Aerospace Engineering,GE1401,MA1200,11795,TC3
1600,BEng Aerospace Engineering,GE1401,PHY1101,11832,CA1
1600,BEng Aerospace Engineering,GE1401,PHY1101,11835,TA1
1600,BEng Aerospace Engineering,GE1401,MNE2066,11846,C01
1600,BEng Aerospace Engineering,GE1401,MNE2116,12798,C01
1600,BEng Aerospace Engineering,GE1401,MNE2116,13073,L04
1601,BEng Aerospace Engineering,GE1401,MA1200,11788,CC1
1601,BEng Aerospace Engineering,GE1401,MA1200,11795,TC3
1601,BEng Aerospace Engineering,GE1401,PHY1101,11833,CB1
1601,BEng Aerospace Engineering,GE1401,PHY1101,11836,TB1
1601,BEng Aerospace Engineering,GE1401,MNE2066,11846,C01
1601,BEng Aerospace Engineering,GE1401,MNE2116,12798,C01
1601,BEng Aerospace Engineering,GE1401,MNE2116,12822,L01
1601,BEng Aerospace Engineering,GE1401,GE1401,13570,T98
1602,BEng Aerospace Engineering,GE1401,GE1401,10696,T20
1602,BEng Aerospace Engineering,GE1401,MA1200,11784,CF1
1602,BEng Aerospace Engineering,GE1401,MA1200,11803,TF2
1602,BEng Aerospace Engineering,GE1401,PHY1101,11832,CA1
1602,BEng Aerospace Engineering,GE1401,PHY1101,11835,TA1
1602,BEng Aerospace Engineering,GE1401,MNE2066,11846,C01
1602,BEng Aerospace Engineering,GE1401,MNE2116,12798,C01
1602,BEng Aerospace Engineering,GE1401,MNE2116,13073,L04
1603,BEng Aerospace Engineering,GE1401,MA1200,11787,CA1
1603,BEng Aerospace Engineering,GE1401,MA1200,11792,TA3
1603,BEng Aerospace Engineering,GE1401,PHY1101,11831,C01
1603,BEng Aerospace Engineering,GE1401,PHY1101,11834,T01
1603,BEng Aerospace Engineering,GE1401,MNE2066,11846,C01
1603,BEng Aerospace Engineering,GE1401,GE1401,12121,T33
1603,BEng Aerospace Engineering,GE1401,MNE2116,14945,LA2
1603,BEng Aerospace Engineering,GE1401,MNE2116,15622,CA1
1604,BEng Aerospace Engineering,GE1401,GE1401,10720,T53
1604,BEng Aerospace Engineering,GE1401,MA1200,11785,CG1
1604,BEng Aerospace Engineering,GE1401,MA1200,11805,TG1
1604,BEng Aerospace Engineering,GE1401,PHY1101,11832,CA1
1604,BEng Aerospace Engineering,GE1401,PHY1101,11835,TA1
1604,BEng Aerospace Engineering,GE1401,MNE2066,11846,C01
1604,BEng Aerospace Engineering,GE1401,MNE2116,12798,C01
1604,BEng Aerospace Engineering,GE1401,MNE2116,14946,L03
1605,BEng Aerospace Engineering,GE1401,MA1200,11789,CD1
1605,BEng Aerospace Engineering,GE1401,MA1200,11796,TD1
1605,BEng Aerospace Engineering,GE1401,PHY1101,11832,CA1
1605,BEng Aerospace Engineering,GE1401,PHY1101,11835,TA1
1605,BEng Aerospace Engineering,GE1401,MNE2066,11846,C01
1605,BEng Aerospace Engineering,GE1401,MNE2116,12798,C01
1605,BEng Aerospace Engineering,GE1401,MNE2116,14946,L03
1605,BEng Aerospace Engineering,GE1401,GE1401,15180,TC1
1606,BEng Aerospace Engineering,GE1401,MA1200,11786,CH1
1606,BEng Aerospace Engineering,GE1401,MA1200,11808,TH1
1606,BEng Aerospace Engineering,GE1401,PHY1101,11832,CA1
1606,BEng Aerospace Engineering,GE1401,PHY1101,11835,TA1
1606,BEng Aerospace Engineering,GE1401,MNE2066,11846,C01
1606,BEng Aerospace Engineering,GE1401,MNE2116,12798,C01
1606,BEng Aerospace Engineering,GE1401,MNE2116,12822,L01
1606,BEng Aerospace Engineering,GE1401,GE1401,13573,TB2
1607,BEng Aerospace Engineering,GE1401,GE1401,11505,T93
1607,BEng Aerospace Engineering,GE1401,MA1200,11786,CH1
1607,BEng Aerospace Engineering,GE1401,MA1200,11809,TH2
1607,BEng Aerospace Engineering,GE1401,PHY1101,11832,CA1
1607,BEng Aerospace Engineering,GE1401,PHY1101,11835,TA1
1607,BEng Aerospace Engineering,GE1401,MNE2066,11846,C01
1607,BEng Aerospace Engineering,GE1401,MNE2116,14945,LA2
1607,BEng Aerospace Engineering,GE1401,MNE2116,15622,CA1
1608,BEng Aerospace Engineering,GE1401,GE1401,10684,T07
1608,BEng Aerospace Engineering,GE1401,MA1200,11789,CD1
1608,BEng Aerospace Engineering,GE1401,MA1200,11798,TD3
1608,BEng Aerospace Engineering,GE1401,PHY1101,11832,CA1
1608,BEng Aerospace Engineering,GE1401,PHY1101,11835,TA1
1608,BEng Aerospace Engineering,GE1401,MNE2066,11846,C01
1608,BEng Aerospace Engineering,GE1401,MNE2116,14945,LA2
1608,BEng Aerospace Engineering,GE1401,MNE2116,15622,CA1
1609,BEng Aerospace Engineering,GE1401,GE1401,11070,TA1
1609,BEng Aerospace Engineering,GE1401,MA1200,11784,CF1
1609,BEng Aerospace Engineering,GE1401,MA1200,11802,TF1
1609,BEng Aerospace Engineering,GE1401,PHY1101,11832,CA1
1609,BEng Aerospace Engineering,GE1401,PHY1101,11835,TA1
1609,BEng Aerospace Engineering,GE1401,MNE2066,11846,C01
1609,BEng Aerospace Engineering,GE1401,MNE2116,12798,C01
1609,BEng Aerospace Engineering,GE1401,MNE2116,12823,L02
1610,BEng Aerospace Engineering,GE1401,GE1401,10695,T19
1610,BEng Aerospace Engineering,GE1401,MA1200,11785,CG1
1610,BEng Aerospace Engineering,GE1401,MA1200,11806,TG2
1610,BEng Aerospace Engineering,GE1401,PHY1101,11832,CA1
1610,BEng Aerospace Engineering,GE1401,PHY1101,11835,TA1
1610,BEng Aerospace Engineering,GE1401,MNE2066,11846,C01
1610,BEng Aerospace Engineering,GE1401,MNE2116,12798,C01
1610,BEng Aerospace Engineering,GE1401,MNE2116,12823,L02
1611,BEng Aerospace Engineering,GE1401,MA1200,11782,CE1
1611,BEng Aerospace Engineering,GE1401,MA1200,11799,TE1
1611,BEng Aerospace Engineering,GE1401,PHY1101,11832,CA1
1611,BEng Aerospace Engineering,GE1401,PHY1101,11835,TA1
1611,BEng Aerospace Engineering,GE1401,MNE2066,11846,C01
1611,BEng Aerospace Engineering,GE1401,GE1401,13577,TB6
1611,BEng Aerospace Engineering,GE1401,MNE2116,14945,LA2
1611,BEng Aerospace Engineering,GE1401,MNE2116,15622,CA1
1612,BEng Aerospace Engineering,GE1401,MA1200,11787,CA1
1612,BEng Aerospace Engineering,GE1401,MA1200,11791,TA2
1612,BEng Aerospace Engineering,GE1401,PHY1101,11832,CA1
1612,BEng Aerospace Engineering,GE1401,PHY1101,11835,TA1
1612,BEng Aerospace Engineering,GE1401,MNE2066,11846,C01
1612,BEng Aerospace Engineering,GE1401,MNE2116,12798,C01
1612,BEng Aerospace Engineering,GE1401,MNE2116,12822,L01
1612,BEng Aerospace Engineering,GE1401,GE1401,13577,TB6
1613,BEng Aerospace Engineering,GE1401,GE1401,11451,T68
1613,BEng Aerospace Engineering,GE1401,MA1200,11782,CE1
1613,BEng Aerospace Engineering,GE1401,MA1200,11799,TE1
1613,BEng Aerospace Engineering,GE1401,PHY1101,11832,CA1
1613,BEng Aerospace Engineering,GE1401,PHY1101,11835,TA1
1613,BEng Aerospace Engineering,GE1401,MNE2066,11846,C01
1613,BEng Aerospace Engineering,GE1401,MNE2116,12798,C01
1613,BEng Aerospace Engineering,GE1401,MNE2116,12823,L02
1614,BEng Aerospace Engineering,GE1401,GE1401,10704,T29
1614,BEng Aerospace Engineering,GE1401,MA1200,11789,CD1
1614,BEng Aerospace Engineering,GE1401,MA1200,11796,TD1
1614,BEng Aerospace Engineering,GE1401,PHY1101,11832,CA1
1614,BEng Aerospace Engineering,GE1401,PHY1101,11835,TA1
1614,BEng Aerospace Engineering,GE1401,MNE2066,11846,C01
1614,BEng Aerospace Engineering,GE1401,MNE2116,12798,C01
1614,BEng Aerospace Engineering,GE1401,MNE2116,12823,L02
1615,BEng Aerospace Engineering,GE1401,GE1401,10728,T61
1615,BEng Aerospace Engineering,GE1401,MA1200,11789,CD1
1615,BEng Aerospace Engineering,GE1401,MA1200,11796,TD1
1615,BEng Aerospace Engineering,GE1401,PHY1101,11831,C01
1615,BEng Aerospace Engineering,GE1401,PHY1101,11834,T01
1615,BEng Aerospace Engineering,GE1401,MNE2066,11846,C01
1615,BEng Aerospace Engineering,GE1401,MNE2116,12798,C01
1615,BEng Aerospace Engineering,GE1401,MNE2116,12822,L01
1616,BEng Aerospace Engineering,GE1401,GE1401,10684,T07
1616,BEng Aerospace Engineering,GE1401,MA1200,11788,CC1
1616,BEng Aerospace Engineering,GE1401,MA1200,11795,TC3
1616,BEng Aerospace Engineering,GE1401,PHY1101,11832,CA1
1616,BEng Aerospace Engineering,GE1401,PHY1101,11835,TA1
1616,BEng Aerospace Engineering,GE1401,MNE2066,11846,C01
1616,BEng Aerospace Engineering,GE1401,MNE2116,14945,LA2
1616,BEng Aerospace Engineering,GE1401,MNE2116,15622,CA1
1617,BEng Aerospace Engineering,GE1401,GE1401,10720,T53
1617,BEng Aerospace Engineering,GE1401,MA1200,11785,CG1
1617,BEng Aerospace Engineering,GE1401,MA1200,11806,TG2
1617,BEng Aerospace Engineering,GE1401,PHY1101,11832,CA1
1617,BEng Aerospace Engineering,GE1401,PHY1101,11835,TA1
1617,BEng Aerospace Engineering,GE1401,MNE2066,11846,C01
1617,BEng Aerospace Engineering,GE1401,MNE2116,14945,LA2
1617,BEng Aerospace Engineering,GE1401,MNE2116,15622,CA1
1618,BEng Aerospace Engineering,GE1401,GE1401,10729,T63
1618,BEng Aerospace Engineering,GE1401,MA1200,11785,CG1
1618,BEng Aerospace Engineering,GE1401,MA1200,11806,TG2
1618,BEng Aerospace Engineering,GE1401,PHY1101,11831,C01
1618,BEng Aerospace Engineering,GE1401,PHY1101,11834,T01
1618,BEng Aerospace Engineering,GE1401,MNE2066,11846,C01
1618,BEng Aerospace Engineering,GE1401,MNE2116,12798,C01
1618,BEng Aerospace Engineering,GE1401,MNE2116,13073,L04
1619,BEng Aerospace Engineering,GE1401,MA1200,11784,CF1
1619,BEng Aerospace Engineering,GE1401,MA1200,11802,TF1
1619,BEng Aerospace Engineering,GE1401,PHY1101,11832,CA1
1619,BEng Aerospace Engineering,GE1401,PHY1101,11835,TA1
1619,BEng Aerospace Engineering,GE1401,MNE2066,11846,C01
1619,BEng Aerospace Engineering,GE1401,GE1401,12127,T84
1619,BEng Aerospace Engineering,GE1401,MNE2116,12798,C01
1619,BEng Aerospace Engineering,GE1401,MNE2116,14946,L03
1620,BEng Aerospace Engineering,GE1401,GE1401,10716,T47
1620,BEng Aerospace Engineering,GE1401,MA1200,11786,CH1
1620,BEng Aerospace Engineering,GE1401,MA1200,11808,TH1
1620,BEng Aerospace Engineering,GE1401,PHY1101,11832,CA1
1620,BEng Aerospace Engineering,GE1401,PHY1101,11835,TA1
1620,BEng Aerospace Engineering,GE1401,MNE2066,11846,C01
1620,BEng Aerospace Engineering,GE1401,MNE2116,12798,C01
1620,BEng Aerospace Engineering,GE1401,MNE2116,12823,L02
1621,BEng Aerospace Engineering,GE1401,MA1200,11788,CC1
1621,BEng Aerospace Engineering,GE1401,MA1200,11793,TC1
1621,BEng Aerospace Engineering,GE1401,PHY1101,11831,C01
1621,BEng Aerospace Engineering,GE1401,PHY1101,11834,T01
1621,BEng Aerospace Engineering,GE1401,MNE2066,11846,C01
1621,BEng Aerospace Engineering,GE1401,MNE2116,12798,C01
1621,BEng Aerospace Engineering,GE1401,MNE2116,12823,L02
1621,BEng Aerospace Engineering,GE1401,GE1401,13263,T92
1622,BEng Aerospace Engineering,GE1401,GE1401,10684,T07
1622,BEng Aerospace Engineering,GE1401,MA1200,11788,CC1
1622,BEng Aerospace Engineering,GE1401,MA1200,11794,TC2
1622,BEng Aerospace Engineering,GE1401,PHY1101,11831,C01
1622,BEng Aerospace Engineering,GE1401,PHY1101,11834,T01
1622,BEng Aerospace Engineering,GE1401,MNE2066,11846,C01
1622,BEng Aerospace Engineering,GE1401,MNE2116,12798,C01
1622,BEng Aerospace Engineering,GE1401,MNE2116,12822,L01
1623,BEng Aerospace Engineering,GE1401,GE1401,10706,T31
1623,BEng Aerospace Engineering,GE1401,MA1200,11782,CE1
1623,BEng Aerospace Engineering,GE1401,MA1200,11800,TE2
1623,BEng Aerospace Engineering,GE1401,PHY1101,11831,C01
1623,BEng Aerospace Engineering,GE1401,PHY1101,11834,T01
1623,BEng Aerospace Engineering,GE1401,MNE2066,11846,C01
1623,BEng Aerospace Engineering,GE1401,MNE2116,12798,C01
1623,BEng Aerospace Engineering,GE1401,MNE2116,12823,L02
1624,BEng Aerospace Engineering,LC0200A,LC0200A,10862,T02
1624,BEng Aerospace Engineering,LC0200A,MA1200,11789,CD1
1624,BEng Aerospace Engineering,LC0200A,MA1200,11797,TD2
1624,BEng Aerospace Engineering,LC0200A,PHY1101,11832,CA1
1624,BEng Aerospace Engineering,LC0200A,PHY1101,11835,TA1
1624,BEng Aerospace Engineering,LC0200A,MNE2066,11846,C01
1624,BEng Aerospace Engineering,LC0200A,MNE2116,12798,C01
1624,BEng Aerospace Engineering,LC0200A,MNE2116,14946,L03
1625,BEng Aerospace Engineering,LC0200A,LC0200A,10883,T14
1625,BEng Aerospace Engineering,LC0200A,MA1200,11788,CC1
1625,BEng Aerospace Engineering,LC0200A,MA1200,11794,TC2
1625,BEng Aerospace Engineering,LC0200A,PHY1101,11832,CA1
1625,BEng Aerospace Engineering,LC0200A,PHY1101,11835,TA1
1625,BEng Aerospace Engineering,LC0200A,MNE2066,11846,C01
1625,BEng Aerospace Engineering,LC0200A,MNE2116,12798,C01
1625,BEng Aerospace Engineering,LC0200A,MNE2116,12823,L02
1626,BEng Aerospace Engineering,LC0200A,LC0200A,10884,T15
1626,BEng Aerospace Engineering,LC0200A,MA1200,11785,CG1
1626,BEng Aerospace Engineering,LC0200A,MA1200,11805,TG1
1626,BEng Aerospace Engineering,LC0200A,PHY1101,11832,CA1
1626,BEng Aerospace Engineering,LC0200A,PHY1101,11835,TA1
1626,BEng Aerospace Engineering,LC0200A,MNE2066,11846,C01
1626,BEng Aerospace Engineering,LC0200A,MNE2116,13686,LA1
1626,BEng Aerospace Engineering,LC0200A,MNE2116,15622,CA1
1627,BEng Aerospace Engineering,LC0200A,LC0200A,10887,T19
1627,BEng Aerospace Engineering,LC0200A,MA1200,11788,CC1
1627,BEng Aerospace Engineering,LC0200A,MA1200,11793,TC1
1627,BEng Aerospace Engineering,LC0200A,PHY1101,11832,CA1
1627,BEng Aerospace Engineering,LC0200A,PHY1101,11835,TA1
1627,BEng Aerospace Engineering,LC0200A,MNE2066,11846,C01
1627,BEng Aerospace Engineering,LC0200A,MNE2116,12798,C01
1627,BEng Aerospace Engineering,LC0200A,MNE2116,12822,L01
1628,BEng Aerospace Engineering,LC0200A,LC0200A,10896,T28
1628,BEng Aerospace Engineering,LC0200A,MA1200,11784,CF1
1628,BEng Aerospace Engineering,LC0200A,MA1200,11803,TF2
1628,BEng Aerospace Engineering,LC0200A,PHY1101,11832,CA1
1628,BEng Aerospace Engineering,LC0200A,PHY1101,11835,TA1
1628,BEng Aerospace Engineering,LC0200A,MNE2066,11846,C01
1628,BEng Aerospace Engineering,LC0200A,MNE2116,12798,C01
1628,BEng Aerospace Engineering,LC0200A,MNE2116,13073,L04
1629,BEng Aerospace Engineering,LC0200A,LC0200A,10863,T03
1629,BEng Aerospace Engineering,LC0200A,MA1200,11787,CA1
1629,BEng Aerospace Engineering,LC0200A,MA1200,11791,TA2
1629,BEng Aerospace Engineering,LC0200A,PHY1101,11832,CA1
1629,BEng Aerospace Engineering,LC0200A,PHY1101,11835,TA1
1629,BEng Aerospace Engineering,LC0200A,MNE2066,11846,C01
1629,BEng Aerospace Engineering,LC0200A,MNE2116,12798,C01
1629,BEng Aerospace Engineering,LC0200A,MNE2116,14946,L03
1630,BEng Aerospace Engineering,LC0200A,LC0200A,10862,T02
1630,BEng Aerospace Engineering,LC0200A,MA1200,11789,CD1
1630,BEng Aerospace Engineering,LC0200A,MA1200,11796,TD1
1630,BEng Aerospace Engineering,LC0200A,PHY1101,11832,CA1
1630,BEng Aerospace Engineering,LC0200A,PHY1101,11835,TA1
1630,BEng Aerospace Engineering,LC0200A,MNE2066,11846,C01
1630,BEng Aerospace Engineering,LC0200A,MNE2116,13686,LA1
1630,BEng Aerospace Engineering,LC0200A,MNE2116,15622,CA1
1631,BEng Aerospace Engineering,LC0200A,LC0200A,10863,T03
1631,BEng Aerospace Engineering,LC0200A,MA1200,11787,CA1
1631,BEng Aerospace Engineering,LC0200A,MA1200,11792,TA3
1631,BEng Aerospace Engineering,LC0200A,PHY1101,11832,CA1
1631,BEng Aerospace Engineering,LC0200A,PHY1101,11835,TA1
1631,BEng Aerospace Engineering,LC0200A,MNE2066,11846,C01
1631,BEng Aerospace Engineering,LC0200A,MNE2116,12798,C01
1631,BEng Aerospace Engineering,LC0200A,MNE2116,14946,L03
1632,BEng Aerospace Engineering,LC0200A,LC0200A,10887,T19
1632,BEng Aerospace Engineering,LC0200A,MA1200,11786,CH1
1632,BEng Aerospace Engineering,LC0200A,MA1200,11809,TH2
1632,BEng Aerospace Engineering,LC0200A,PHY1101,11832,CA1
1632,BEng Aerospace Engineering,LC0200A,PHY1101,11835,TA1
1632,BEng Aerospace Engineering,LC0200A,MNE2066,11846,C01
1632,BEng Aerospace Engineering,LC0200A,MNE2116,13686,LA1
1632,BEng Aerospace Engineering,LC0200A,MNE2116,15622,CA1
1633,BEng Aerospace Engineering,LC0200A,LC0200A,10863,T03
1633,BEng Aerospace Engineering,LC0200A,MA1200,11787,CA1
1633,BEng Aerospace Engineering,LC0200A,MA1200,11791,TA2
1633,BEng Aerospace Engineering,LC0200A,PHY1101,11832,CA1
1633,BEng Aerospace Engineering,LC0200A,PHY1101,11835,TA1
1633,BEng Aerospace Engineering,LC0200A,MNE2066,11846,C01
1633,BEng Aerospace Engineering,LC0200A,MNE2116,12798,C01
1633,BEng Aerospace Engineering,LC0200A,MNE2116,12822,L01
1634,BEng Aerospace Engineering,LC0200A,LC0200A,10877,T08
1634,BEng Aerospace Engineering,LC0200A,MA1200,11789,CD1
1634,BEng Aerospace Engineering,LC0200A,MA1200,11796,TD1
1634,BEng Aerospace Engineering,LC0200A,PHY1101,11832,CA1
1634,BEng Aerospace Engineering,LC0200A,PHY1101,11835,TA1
1634,BEng Aerospace Engineering,LC0200A,MNE2066,11846,C01
1634,BEng Aerospace Engineering,LC0200A,MNE2116,12798,C01
1634,BEng Aerospace Engineering,LC0200A,MNE2116,14946,L03
1635,BEng Nuclear and Risk Engineering,GE1401,GE1401,11507,T80
1635,BEng Nuclear and Risk Engineering,GE1401,MA1200,11788,CC1
1635,BEng Nuclear and Risk Engineering,GE1401,MA1200,11794,TC2
1635,BEng Nuclear and Risk Engineering,GE1401,PHY1101,11832,CA1
1635,BEng Nuclear and Risk Engineering,GE1401,PHY1101,11835,TA1
1635,BEng Nuclear and Risk Engineering,GE1401,MNE2066,11846,C01
1635,BEng Nuclear and Risk Engineering,GE1401,MNE2116,14945,LA2
1635,BEng Nuclear and Risk Engineering,GE1401,MNE2116,15622,CA1
1636,BEng Nuclear and Risk Engineering,GE1401,GE1401,11504,T90
1636,BEng Nuclear and Risk Engineering,GE1401,MA1200,11787,CA1
1636,BEng Nuclear and Risk Engineering,GE1401,MA1200,11791,TA2
1636,BEng Nuclear and Risk Engineering,GE1401,PHY1101,11832,CA1
1636,BEng Nuclear and Risk Engineering,GE1401,PHY1101,11835,TA1
1636,BEng Nuclear and Risk Engineering,GE1401,MNE2066,11846,C01
1636,BEng Nuclear and Risk Engineering,GE1401,MNE2116,13686,LA1
1636,BEng Nuclear and Risk Engineering,GE1401,MNE2116,15622,CA1
1637,BEng Nuclear and Risk Engineering,GE1401,GE1401,11507,T80
1637,BEng Nuclear and Risk Engineering,GE1401,MA1200,11787,CA1
1637,BEng Nuclear and Risk Engineering,GE1401,MA1200,11792,TA3
1637,BEng Nuclear and Risk Engineering,GE1401,PHY1101,11832,CA1
1637,BEng Nuclear and Risk Engineering,GE1401,PHY1101,11835,TA1
1637,BEng Nuclear and Risk Engineering,GE1401,MNE2066,11846,C01
1637,BEng Nuclear and Risk Engineering,GE1401,MNE2116,14945,LA2
1637,BEng Nuclear and Risk Engineering,GE1401,MNE2116,15622,CA1
1638,BEng Nuclear and Risk Engineering,GE1401,MA1200,11785,CG1
1638,BEng Nuclear and Risk Engineering,GE1401,MA1200,11806,TG2
1638,BEng Nuclear and Risk Engineering,GE1401,PHY1101,11832,CA1
1638,BEng Nuclear and Risk Engineering,GE1401,PHY1101,11835,TA1
1638,BEng Nuclear and Risk Engineering,GE1401,MNE2066,11846,C01
1638,BEng Nuclear and Risk Engineering,GE1401,MNE2116,12798,C01
1638,BEng Nuclear and Risk Engineering,GE1401,MNE2116,12823,L02
1638,BEng Nuclear and Risk Engineering,GE1401,GE1401,13570,T98
1639,BEng Nuclear and Risk Engineering,GE1401,GE1401,10714,T43
1639,BEng Nuclear and Risk Engineering,GE1401,MA1200,11786,CH1
1639,BEng Nuclear and Risk Engineering,GE1401,MA1200,11809,TH2
1639,BEng Nuclear and Risk Engineering,GE1401,PHY1101,11832,CA1
1639,BEng Nuclear and Risk Engineering,GE1401,PHY1101,11835,TA1
1639,BEng Nuclear and Risk Engineering,GE1401,MNE2066,11846,C01
1639,BEng Nuclear and Risk Engineering,GE1401,MNE2116,12798,C01
1639,BEng Nuclear and Risk Engineering,GE1401,MNE2116,12822,L01
1640,BEng Nuclear and Risk Engineering,GE1401,GE1401,11506,T78
1640,BEng Nuclear and Risk Engineering,GE1401,MA1200,11787,CA1
1640,BEng Nuclear and Risk Engineering,GE1401,MA1200,11790,TA1
1640,BEng Nuclear and Risk Engineering,GE1401,PHY1101,11831,C01
1640,BEng Nuclear and Risk Engineering,GE1401,PHY1101,11834,T01
1640,BEng Nuclear and Risk Engineering,GE1401,MNE2066,11846,C01
1640,BEng Nuclear and Risk Engineering,GE1401,MNE2116,12798,C01
1640,BEng Nuclear and Risk Engineering,GE1401,MNE2116,14946,L03
1641,BEng Nuclear and Risk Engineering,GE1401,GE1401,10708,T34
1641,BEng Nuclear and Risk Engineering,GE1401,MA1200,11788,CC1
1641,BEng Nuclear and Risk Engineering,GE1401,MA1200,11793,TC1
1641,BEng Nuclear and Risk Engineering,GE1401,PHY1101,11832,CA1
1641,BEng Nuclear and Risk Engineering,GE1401,PHY1101,11835,TA1
1641,BEng Nuclear and Risk Engineering,GE1401,MNE2066,11846,C01
1641,BEng Nuclear and Risk Engineering,GE1401,MNE2116,12798,C01
1641,BEng Nuclear and Risk Engineering,GE1401,MNE2116,12823,L02
1642,BEng Nuclear and Risk Engineering,GE1401,GE1401,10719,T52
1642,BEng Nuclear and Risk Engineering,GE1401,MA1200,11785,CG1
1642,BEng Nuclear and Risk Engineering,GE1401,MA1200,11806,TG2
1642,BEng Nuclear and Risk Engineering,GE1401,PHY1101,11832,CA1
1642,BEng Nuclear and Risk Engineering,GE1401,PHY1101,11835,TA1
1642,BEng Nuclear and Risk Engineering,GE1401,MNE2066,11846,C01
1642,BEng Nuclear and Risk Engineering,GE1401,MNE2116,12798,C01
1642,BEng Nuclear and Risk Engineering,GE1401,MNE2116,13073,L04
1643,BEng Nuclear and Risk Engineering,GE1401,MA1200,11784,CF1
1643,BEng Nuclear and Risk Engineering,GE1401,MA1200,11802,TF1
1643,BEng Nuclear and Risk Engineering,GE1401,PHY1101,11832,CA1
1643,BEng Nuclear and Risk Engineering,GE1401,PHY1101,11835,TA1
1643,BEng Nuclear and Risk Engineering,GE1401,MNE2066,11846,C01
1643,BEng Nuclear and Risk Engineering,GE1401,MNE2116,12798,C01
1643,BEng Nuclear and Risk Engineering,GE1401,GE1401,14941,TA3
1643,BEng Nuclear and Risk Engineering,GE1401,MNE2116,14946,L03
1644,BEng Nuclear and Risk Engineering,GE1401,MA1200,11788,CC1
1644,BEng Nuclear and Risk Engineering,GE1401,MA1200,11794,TC2
1644,BEng Nuclear and Risk Engineering,GE1401,PHY1101,11832,CA1
1644,BEng Nuclear and Risk Engineering,GE1401,PHY1101,11835,TA1
1644,BEng Nuclear and Risk Engineering,GE1401,MNE2066,11846,C01
1644,BEng Nuclear and Risk Engineering,GE1401,GE1401,13570,T98
1644,BEng Nuclear and Risk Engineering,GE1401,MNE2116,13686,LA1
1644,BEng Nuclear and Risk Engineering,GE1401,MNE2116,15622,CA1
1645,BEng Nuclear and Risk Engineering,GE1401,MA1200,11784,CF1
1645,BEng Nuclear and Risk Engineering,GE1401,MA1200,11802,TF1
1645,BEng Nuclear and Risk Engineering,GE1401,PHY1101,11832,CA1
1645,BEng Nuclear and Risk Engineering,GE1401,PHY1101,11835,TA1
1645,BEng Nuclear and Risk Engineering,GE1401,MNE2066,11846,C01
1645,BEng Nuclear and Risk Engineering,GE1401,MNE2116,12798,C01
1645,BEng Nuclear and Risk Engineering,GE1401,MNE2116,12822,L01
1645,BEng Nuclear and Risk Engineering,GE1401,GE1401,15181,TC2
1646,BEng Nuclear and Risk Engineering,GE1401,MA1200,11786,CH1
1646,BEng Nuclear and Risk Engineering,GE1401,MA1200,11808,TH1
1646,BEng Nuclear and Risk Engineering,GE1401,PHY1101,11832,CA1
1646,BEng Nuclear and Risk Engineering,GE1401,PHY1101,11835,TA1
1646,BEng Nuclear and Risk Engineering,GE1401,MNE2066,11846,C01
1646,BEng Nuclear and Risk Engineering,GE1401,GE1401,13570,T98
1646,BEng Nuclear and Risk Engineering,GE1401,MNE2116,14945,LA2
1646,BEng Nuclear and Risk Engineering,GE1401,MNE2116,15622,CA1
1647,BEng Nuclear and Risk Engineering,GE1401,MA1200,11788,CC1
1647,BEng Nuclear and Risk Engineering,GE1401,MA1200,11795,TC3
1647,BEng Nuclear and Risk Engineering,GE1401,PHY1101,11832,CA1
1647,BEng Nuclear and Risk Engineering,GE1401,PHY1101,11835,TA1
1647,BEng Nuclear and Risk Engineering,GE1401,MNE2066,11846,C01
1647,BEng Nuclear and Risk Engineering,GE1401,GE1401,12397,T51
1647,BEng Nuclear and Risk Engineering,GE1401,MNE2116,13686,LA1
1647,BEng Nuclear and Risk Engineering,GE1401,MNE2116,15622,CA1
1648,BEng Nuclear and Risk Engineering,GE1401,GE1401,10702,T27
1648,BEng Nuclear and Risk Engineering,GE1401,MA1200,11785,CG1
1648,BEng Nuclear and Risk Engineering,GE1401,MA1200,11805,TG1
1648,BEng Nuclear and Risk Engineering,GE1401,PHY1101,11831,C01
1648,BEng Nuclear and Risk Engineering,GE1401,PHY1101,11834,T01
1648,BEng Nuclear and Risk Engineering,GE1401,MNE2066,11846,C01
1648,BEng Nuclear and Risk Engineering,GE1401,MNE2116,12798,C01
1648,BEng Nuclear and Risk Engineering,GE1401,MNE2116,12823,L02
1649,BEng Nuclear and Risk Engineering,GE1401,GE1401,11496,T79
1649,BEng Nuclear and Risk Engineering,GE1401,MA1200,11785,CG1
1649,BEng Nuclear and Risk Engineering,GE1401,MA1200,11806,TG2
1649,BEng Nuclear and Risk Engineering,GE1401,PHY1101,11832,CA1
1649,BEng Nuclear and Risk Engineering,GE1401,PHY1101,11835,TA1
1649,BEng Nuclear and Risk Engineering,GE1401,MNE2066,11846,C01
1649,BEng Nuclear and Risk Engineering,GE1401,MNE2116,14945,LA2
1649,BEng Nuclear and Risk Engineering,GE1401,MNE2116,15622,CA1
1650,BEng Nuclear and Risk Engineering,GE1401,GE1401,10729,T63
1650,BEng Nuclear and Risk Engineering,GE1401,MA1200,11789,CD1
1650,BEng Nuclear and Risk Engineering,GE1401,MA1200,11796,TD1
1650,BEng Nuclear and Risk Engineering,GE1401,PHY1101,11832,CA1
1650,BEng Nuclear and Risk Engineering,GE1401,PHY1101,11835,TA1
1650,BEng Nuclear and Risk Engineering,GE1401,MNE2066,11846,C01
1650,BEng Nuclear and Risk Engineering,GE1401,MNE2116,14945,LA2
1650,BEng Nuclear and Risk Engineering,GE1401,MNE2116,15622,CA1
1651,BEng Nuclear and Risk Engineering,LC0200A,LC0200A,10863,T03
1651,BEng Nuclear and Risk Engineering,LC0200A,MA1200,11789,CD1
1651,BEng Nuclear and Risk Engineering,LC0200A,MA1200,11797,TD2
1651,BEng Nuclear and Risk Engineering,LC0200A,PHY1101,11831,C01
1651,BEng Nuclear and Risk Engineering,LC0200A,PHY1101,11834,T01
1651,BEng Nuclear and Risk Engineering,LC0200A,MNE2066,11846,C01
1651,BEng Nuclear and Risk Engineering,LC0200A,MNE2116,14945,LA2
1651,BEng Nuclear and Risk Engineering,LC0200A,MNE2116,15622,CA1
1652,BEng Nuclear and Risk Engineering,LC0200A,LC0200A,10878,T09
1652,BEng Nuclear and Risk Engineering,LC0200A,MA1200,11789,CD1
1652,BEng Nuclear and Risk Engineering,LC0200A,MA1200,11797,TD2
1652,BEng Nuclear and Risk Engineering,LC0200A,PHY1101,11832,CA1
1652,BEng Nuclear and Risk Engineering,LC0200A,PHY1101,11835,TA1
1652,BEng Nuclear and Risk Engineering,LC0200A,MNE2066,11846,C01
1652,BEng Nuclear and Risk Engineering,LC0200A,MNE2116,14945,LA2
1652,BEng Nuclear and Risk Engineering,LC0200A,MNE2116,15622,CA1
1653,BEng Nuclear and Risk Engineering,LC0200A,LC0200A,10884,T15
1653,BEng Nuclear and Risk Engineering,LC0200A,MA1200,11784,CF1
1653,BEng Nuclear and Risk Engineering,LC0200A,MA1200,11803,TF2
1653,BEng Nuclear and Risk Engineering,LC0200A,PHY1101,11832,CA1
1653,BEng Nuclear and Risk Engineering,LC0200A,PHY1101,11835,TA1
1653,BEng Nuclear and Risk Engineering,LC0200A,MNE2066,11846,C01
1653,BEng Nuclear and Risk Engineering,LC0200A,MNE2116,14945,LA2
1653,BEng Nuclear and Risk Engineering,LC0200A,MNE2116,15622,CA1
1654,BEng Nuclear and Risk Engineering,LC0200A,LC0200A,10878,T09
1654,BEng Nuclear and Risk Engineering,LC0200A,MA1200,11786,CH1
1654,BEng Nuclear and Risk Engineering,LC0200A,MA1200,11808,TH1
1654,BEng Nuclear and Risk Engineering,LC0200A,PHY1101,11832,CA1
1654,BEng Nuclear and Risk Engineering,LC0200A,PHY1101,11835,TA1
1654,BEng Nuclear and Risk Engineering,LC0200A,MNE2066,11846,C01
1654,BEng Nuclear and Risk Engineering,LC0200A,MNE2116,12798,C01
1654,BEng Nuclear and Risk Engineering,LC0200A,MNE2116,12823,L02
1655,BEng Nuclear and Risk Engineering,LC0200A,LC0200A,11170,T32
1655,BEng Nuclear and Risk Engineering,LC0200A,MA1200,11787,CA1
1655,BEng Nuclear and Risk Engineering,LC0200A,MA1200,11792,TA3
1655,BEng Nuclear and Risk Engineering,LC0200A,PHY1101,11832,CA1
1655,BEng Nuclear and Risk Engineering,LC0200A,PHY1101,11835,TA1
1655,BEng Nuclear and Risk Engineering,LC0200A,MNE2066,11846,C01
1655,BEng Nuclear and Risk Engineering,LC0200A,MNE2116,12798,C01
1655,BEng Nuclear and Risk Engineering,LC0200A,MNE2116,12823,L02
1656,BEng Nuclear and Risk Engineering,LC0200A,LC0200A,10877,T08
1656,BEng Nuclear and Risk Engineering,LC0200A,MA1200,11782,CE1
1656,BEng Nuclear and Risk Engineering,LC0200A,MA1200,11800,TE2
1656,BEng Nuclear and Risk Engineering,LC0200A,PHY1101,11832,CA1
1656,BEng Nuclear and Risk Engineering,LC0200A,PHY1101,11835,TA1
1656,BEng Nuclear and Risk Engineering,LC0200A,MNE2066,11846,C01
1656,BEng Nuclear and Risk Engineering,LC0200A,MNE2116,14945,LA2
1656,BEng Nuclear and Risk Engineering,LC0200A,MNE2116,15622,CA1
1657,BEng Nuclear and Risk Engineering,LC0200A,LC0200A,10893,T25
1657,BEng Nuclear and Risk Engineering,LC0200A,MA1200,11789,CD1
1657,BEng Nuclear and Risk Engineering,LC0200A,MA1200,11797,TD2
1657,BEng Nuclear and Risk Engineering,LC0200A,PHY1101,11831,C01
1657,BEng Nuclear and Risk Engineering,LC0200A,PHY1101,11834,T01
1657,BEng Nuclear and Risk Engineering,LC0200A,MNE2066,11846,C01
1657,BEng Nuclear and Risk Engineering,LC0200A,MNE2116,12798,C01
1657,BEng Nuclear and Risk Engineering,LC0200A,MNE2116,13073,L04
1658,BEng Materials Science and Engineering,GE1401,MSE1001,11332,C61
1658,BEng Materials Science and Engineering,GE1401,PHY1201,11377,T01
1658,BEng Materials Science and Engineering,GE1401,GE1401,11497,T81
1658,BEng Materials Science and Engineering,GE1401,CHEM1300,11747,C01
1658,BEng Materials Science and Engineering,GE1401,CHEM1300,11750,L05
1658,BEng Materials Science and Engineering,GE1401,CHEM1300,11751,T04
1658,BEng Materials Science and Engineering,GE1401,MA1200,11786,CH1
1658,BEng Materials Science and Engineering,GE1401,MA1200,11808,TH1
1658,BEng Materials Science and Engineering,GE1401,PHY1201,12177,L01
1658,BEng Materials Science and Engineering,GE1401,PHY1201,12368,C01
1659,BEng Materials Science and Engineering,GE1401,MSE1001,11332,C61
1659,BEng Materials Science and Engineering,GE1401,PHY1201,11377,T01
1659,BEng Materials Science and Engineering,GE1401,CHEM1300,11747,C01
1659,BEng Materials Science and Engineering,GE1401,CHEM1300,11752,T02
1659,BEng Materials Science and Engineering,GE1401,MA1200,11786,CH1
1659,BEng Materials Science and Engineering,GE1401,MA1200,11808,TH1
1659,BEng Materials Science and Engineering,GE1401,CHEM1300,12100,L01
1659,BEng Materials Science and Engineering,GE1401,PHY1201,12177,L01
1659,BEng Materials Science and Engineering,GE1401,PHY1201,12368,C01
1659,BEng Materials Science and Engineering,GE1401,GE1401,15181,TC2
1660,BEng Materials Science and Engineering,GE1401,MSE1001,11332,C61
1660,BEng Materials Science and Engineering,GE1401,CHEM1300,11747,C01
1660,BEng Materials Science and Engineering,GE1401,CHEM1300,11755,T01
1660,BEng Materials Science and Engineering,GE1401,MA1200,11787,CA1
1660,BEng Materials Science and Engineering,GE1401,MA1200,11791,TA2
1660,BEng Materials Science and Engineering,GE1401,CHEM1300,12098,L02
1660,BEng Materials Science and Engineering,GE1401,PHY1201,12188,TA1
1660,BEng Materials Science and Engineering,GE1401,PHY1201,12371,CA2
1660,BEng Materials Science and Engineering,GE1401,PHY1201,12379,LA5
1660,BEng Materials Science and Engineering,GE1401,GE1401,13263,T92
1661,BEng Materials Science and Engineering,GE1401,MSE1001,11332,C61
1661,BEng Materials Science and Engineering,GE1401,PHY1201,11386,CA1
1661,BEng Materials Science and Engineering,GE1401,CHEM1300,11747,C01
1661,BEng Materials Science and Engineering,GE1401,CHEM1300,11754,T03
1661,BEng Materials Science and Engineering,GE1401,MA1200,11785,CG1
1661,BEng Materials Science and Engineering,GE1401,MA1200,11805,TG1
1661,BEng Materials Science and Engineering,GE1401,CHEM1300,12099,L03
1661,BEng Materials Science and Engineering,GE1401,GE1401,12121,T33
1661,BEng Materials Science and Engineering,GE1401,PHY1201,12372,TA2
1661,BEng Materials Science and Engineering,GE1401,PHY1201,12378,LA4
1662,BEng Materials Science and Engineering,GE1401,MSE1001,11332,C61
1662,BEng Materials Science and Engineering,GE1401,CHEM1300,11748,C02
1662,BEng Materials Science and Engineering,GE1401,CHEM1300,11756,T05
1662,BEng Materials Science and Engineering,GE1401,MA1200,11787,CA1
1662,BEng Materials Science and Engineering,GE1401,MA1200,11791,TA2
1662,BEng Materials Science and Engineering,GE1401,CHEM1300,12099,L03
1662,BEng Materials Science and Engineering,GE1401,PHY1201,12371,CA2
1662,BEng Materials Science and Engineering,GE1401,PHY1201,12372,TA2
1662,BEng Materials Science and Engineering,GE1401,PHY1201,12375,LA1
1662,BEng Materials Science and Engineering,GE1401,GE1401,15601,T28
1663,BEng Materials Science and Engineering,GE1401,GE1401,10727,T60
1663,BEng Materials Science and Engineering,GE1401,MSE1001,11332,C61
1663,BEng Materials Science and Engineering,GE1401,PHY1201,11377,T01
1663,BEng Materials Science and Engineering,GE1401,CHEM1300,11748,C02
1663,BEng Materials Science and Engineering,GE1401,CHEM1300,11755,T01
1663,BEng Materials Science and Engineering,GE1401,MA1200,11784,CF1
1663,BEng Materials Science and Engineering,GE1401,MA1200,11804,TF3
1663,BEng Materials Science and Engineering,GE1401,CHEM1300,12098,L02
1663,BEng Materials Science and Engineering,GE1401,PHY1201,12179,L03
1663,BEng Materials Science and Engineering,GE1401,PHY1201,12368,C01
1664,BEng Materials Science and Engineering,GE1401,GE1401,11070,TA1
1664,BEng Materials Science and Engineering,GE1401,MSE1001,11332,C61
1664,BEng Materials Science and Engineering,GE1401,PHY1201,11386,CA1
1664,BEng Materials Science and Engineering,GE1401,MA1200,11782,CE1
1664,BEng Materials Science and Engineering,GE1401,MA1200,11799,TE1
1664,BEng Materials Science and Engineering,GE1401,CHEM1300,12268,CA1
1664,BEng Materials Science and Engineering,GE1401,CHEM1300,12270,LA1
1664,BEng Materials Science and Engineering,GE1401,CHEM1300,12271,TA1
1664,BEng Materials Science and Engineering,GE1401,PHY1201,12372,TA2
1664,BEng Materials Science and Engineering,GE1401,PHY1201,12376,LA2
1665,BEng Materials Science and Engineering,GE1401,MSE1001,11332,C61
1665,BEng Materials Science and Engineering,GE1401,PHY1201,11377,T01
1665,BEng Materials Science and Engineering,GE1401,GE1401,11503,T89
1665,BEng Materials Science and Engineering,GE1401,CHEM1300,11748,C02
1665,BEng Materials Science and Engineering,GE1401,CHEM1300,11756,T05
1665,BEng Materials Science and Engineering,GE1401,MA1200,11788,CC1
1665,BEng Materials Science and Engineering,GE1401,MA1200,11795,TC3
1665,BEng Materials Science and Engineering,GE1401,PHY1201,12178,L02
1665,BEng Materials Science and Engineering,GE1401,CHEM1300,12269,L04
1665,BEng Materials Science and Engineering,GE1401,PHY1201,12368,C01
1666,BEng Materials Science and Engineering,GE1401,GE1401,10695,T19
1666,BEng Materials Science and Engineering,GE1401,MSE1001,11332,C61
1666,BEng Materials Science and Engineering,GE1401,PHY1201,11386,CA1
1666,BEng Materials Science and Engineering,GE1401,CHEM1300,11747,C01
1666,BEng Materials Science and Engineering,GE1401,CHEM1300,11752,T02
1666,BEng Materials Science and Engineering,GE1401,MA1200,11785,CG1
1666,BEng Materials Science and Engineering,GE1401,MA1200,11805,TG1
1666,BEng Materials Science and Engineering,GE1401,CHEM1300,12099,L03
1666,BEng Materials Science and Engineering,GE1401,PHY1201,12372,TA2
1666,BEng Materials Science and Engineering,GE1401,PHY1201,12377,LA3
1667,BEng Materials Science and Engineering,GE1401,GE1401,10708,T34
1667,BEng Materials Science and Engineering,GE1401,MSE1001,11332,C61
1667,BEng Materials Science and Engineering,GE1401,CHEM1300,11747,C01
1667,BEng Materials Science and Engineering,GE1401,CHEM1300,11751,T04
1667,BEng Materials Science and Engineering,GE1401,MA1200,11787,CA1
1667,BEng Materials Science and Engineering,GE1401,MA1200,11792,TA3
1667,BEng Materials Science and Engineering,GE1401,PHY1201,12178,L02
1667,BEng Materials Science and Engineering,GE1401,CHEM1300,12269,L04
1667,BEng Materials Science and Engineering,GE1401,PHY1201,12367,C02
1667,BEng Materials Science and Engineering,GE1401,PHY1201,12369,T02
1668,BEng Materials Science and Engineering,GE1401,GE1401,10715,T45
1668,BEng Materials Science and Engineering,GE1401,MSE1001,11332,C61
1668,BEng Materials Science and Engineering,GE1401,MA1200,11788,CC1
1668,BEng Materials Science and Engineering,GE1401,MA1200,11794,TC2
1668,BEng Materials Science and Engineering,GE1401,PHY1201,12371,CA2
1668,BEng Materials Science and Engineering,GE1401,PHY1201,12372,TA2
1668,BEng Materials Science and Engineering,GE1401,PHY1201,12375,LA1
1668,BEng Materials Science and Engineering,GE1401,CHEM1300,13875,CC1
1668,BEng Materials Science and Engineering,GE1401,CHEM1300,13876,LC1
1668,BEng Materials Science and Engineering,GE1401,CHEM1300,13878,TC1
1669,BEng Materials Science and Engineering,GE1401,MSE1001,11332,C61
1669,BEng Materials Science and Engineering,GE1401,CHEM1300,11747,C01
1669,BEng Materials Science and Engineering,GE1401,CHEM1300,11754,T03
1669,BEng Materials Science and Engineering,GE1401,MA1200,11785,CG1
1669,BEng Materials Science and Engineering,GE1401,MA1200,11806,TG2
1669,BEng Materials Science and Engineering,GE1401,CHEM1300,12099,L03
1669,BEng Materials Science and Engineering,GE1401,PHY1201,12178,L02
1669,BEng Materials Science and Engineering,GE1401,PHY1201,12368,C01
1669,BEng Materials Science and Engineering,GE1401,PHY1201,12369,T02
1669,BEng Materials Science and Engineering,GE1401,GE1401,13572,TB1
1670,BEng Materials Science and Engineering,GE1401,GE1401,10720,T53
1670,BEng Materials Science and Engineering,GE1401,MSE1001,11332,C61
1670,BEng Materials Science and Engineering,GE1401,CHEM1300,11747,C01
1670,BEng Materials Science and Engineering,GE1401,CHEM1300,11755,T01
1670,BEng Materials Science and Engineering,GE1401,MA1200,11785,CG1
1670,BEng Materials Science and Engineering,GE1401,MA1200,11805,TG1
1670,BEng Materials Science and Engineering,GE1401,CHEM1300,12099,L03
1670,BEng Materials Science and Engineering,GE1401,PHY1201,12180,L04
1670,BEng Materials Science and Engineering,GE1401,PHY1201,12368,C01
1670,BEng Materials Science and Engineering,GE1401,PHY1201,12369,T02
1671,BEng Materials Science and Engineering,GE1401,GE1401,10702,T27
1671,BEng Materials Science and Engineering,GE1401,MSE1001,11332,C61
1671,BEng Materials Science and Engineering,GE1401,PHY1201,11377,T01
1671,BEng Materials Science and Engineering,GE1401,CHEM1300,11748,C02
1671,BEng Materials Science and Engineering,GE1401,CHEM1300,11752,T02
1671,BEng Materials Science and Engineering,GE1401,MA1200,11784,CF1
1671,BEng Materials Science and Engineering,GE1401,MA1200,11804,TF3
1671,BEng Materials Science and Engineering,GE1401,CHEM1300,12098,L02
1671,BEng Materials Science and Engineering,GE1401,PHY1201,12177,L01
1671,BEng Materials Science and Engineering,GE1401,PHY1201,12368,C01
1672,BEng Materials Science and Engineering,GE1401,MSE1001,11332,C61
1672,BEng Materials Science and Engineering,GE1401,CHEM1300,11747,C01
1672,BEng Materials Science and Engineering,GE1401,CHEM1300,11756,T05
1672,BEng Materials Science and Engineering,GE1401,MA1200,11787,CA1
1672,BEng Materials Science and Engineering,GE1401,MA1200,11792,TA3
1672,BEng Materials Science and Engineering,GE1401,PHY1201,12181,L05
1672,BEng Materials Science and Engineering,GE1401,CHEM1300,12269,L04
1672,BEng Materials Science and Engineering,GE1401,PHY1201,12367,C02
1672,BEng Materials Science and Engineering,GE1401,PHY1201,12369,T02
1672,BEng Materials Science and Engineering,GE1401,GE1401,15180,TC1
1673,BEng Materials Science and Engineering,GE1401,MSE1001,11332,C61
1673,BEng Materials Science and Engineering,GE1401,PHY1201,11377,T01
1673,BEng Materials Science and Engineering,GE1401,CHEM1300,11748,C02
1673,BEng Materials Science and Engineering,GE1401,CHEM1300,11756,T05
1673,BEng Materials Science and Engineering,GE1401,MA1200,11788,CC1
1673,BEng Materials Science and Engineering,GE1401,MA1200,11795,TC3
1673,BEng Materials Science and Engineering,GE1401,CHEM1300,12098,L02
1673,BEng Materials Science and Engineering,GE1401,PHY1201,12180,L04
1673,BEng Materials Science and Engineering,GE1401,PHY1201,12367,C02
1673,BEng Materials Science and Engineering,GE1401,GE1401,13263,T92
1674,BEng Materials Science and Engineering,GE1401,MSE1001,11332,C61
1674,BEng Materials Science and Engineering,GE1401,CHEM1300,11748,C02
1674,BEng Materials Science and Engineering,GE1401,CHEM1300,11755,T01
1674,BEng Materials Science and Engineering,GE1401,MA1200,11786,CH1
1674,BEng Materials Science and Engineering,GE1401,MA1200,11808,TH1
1674,BEng Materials Science and Engineering,GE1401,PHY1201,12180,L04
1674,BEng Materials Science and Engineering,GE1401,CHEM1300,12269,L04
1674,BEng Materials Science and Engineering,GE1401,PHY1201,12368,C01
1674,BEng Materials Science and Engineering,GE1401,PHY1201,12369,T02
1674,BEng Materials Science and Engineering,GE1401,GE1401,13197,TA2
1675,BEng Materials Science and Engineering,GE1401,MSE1001,11332,C61
1675,BEng Materials Science and Engineering,GE1401,GE1401,11498,T83
1675,BEng Materials Science and Engineering,GE1401,MA1200,11788,CC1
1675,BEng Materials Science and Engineering,GE1401,MA1200,11794,TC2
1675,BEng Materials Science and Engineering,GE1401,PHY1201,12181,L05
1675,BEng Materials Science and Engineering,GE1401,CHEM1300,12268,CA1
1675,BEng Materials Science and Engineering,GE1401,CHEM1300,12270,LA1
1675,BEng Materials Science and Engineering,GE1401,CHEM1300,12271,TA1
1675,BEng Materials Science and Engineering,GE1401,PHY1201,12368,C01
1675,BEng Materials Science and Engineering,GE1401,PHY1201,12369,T02
1676,BEng Materials Science and Engineering,GE1401,GE1401,10716,T47
1676,BEng Materials Science and Engineering,GE1401,MSE1001,11332,C61
1676,BEng Materials Science and Engineering,GE1401,CHEM1300,11747,C01
1676,BEng Materials Science and Engineering,GE1401,CHEM1300,11752,T02
1676,BEng Materials Science and Engineering,GE1401,MA1200,11785,CG1
1676,BEng Materials Science and Engineering,GE1401,MA1200,11806,TG2
1676,BEng Materials Science and Engineering,GE1401,CHEM1300,12099,L03
1676,BEng Materials Science and Engineering,GE1401,PHY1201,12180,L04
1676,BEng Materials Science and Engineering,GE1401,PHY1201,12368,C01
1676,BEng Materials Science and Engineering,GE1401,PHY1201,12369,T02
1677,BEng Materials Science and Engineering,GE1401,GE1401,10731,T66
1677,BEng Materials Science and Engineering,GE1401,MSE1001,11332,C61
1677,BEng Materials Science and Engineering,GE1401,PHY1201,11377,T01
1677,BEng Materials Science and Engineering,GE1401,CHEM1300,11748,C02
1677,BEng Materials Science and Engineering,GE1401,CHEM1300,11750,L05
1677,BEng Materials Science and Engineering,GE1401,CHEM1300,11755,T01
1677,BEng Materials Science and Engineering,GE1401,MA1200,11789,CD1
1677,BEng Materials Science and Engineering,GE1401,MA1200,11797,TD2
1677,BEng Materials Science and Engineering,GE1401,PHY1201,12178,L02
1677,BEng Materials Science and Engineering,GE1401,PHY1201,12368,C01
1678,BEng Materials Science and Engineering,GE1401,GE1401,10694,T17
1678,BEng Materials Science and Engineering,GE1401,MSE1001,11332,C61
1678,BEng Materials Science and Engineering,GE1401,PHY1201,11377,T01
1678,BEng Materials Science and Engineering,GE1401,CHEM1300,11748,C02
1678,BEng Materials Science and Engineering,GE1401,CHEM1300,11751,T04
1678,BEng Materials Science and Engineering,GE1401,MA1200,11786,CH1
1678,BEng Materials Science and Engineering,GE1401,MA1200,11809,TH2
1678,BEng Materials Science and Engineering,GE1401,PHY1201,12178,L02
1678,BEng Materials Science and Engineering,GE1401,CHEM1300,12269,L04
1678,BEng Materials Science and Engineering,GE1401,PHY1201,12368,C01
1679,BEng Materials Science and Engineering,GE1401,MSE1001,11332,C61
1679,BEng Materials Science and Engineering,GE1401,PHY1201,11377,T01
1679,BEng Materials Science and Engineering,GE1401,GE1401,11493,T75
1679,BEng Materials Science and Engineering,GE1401,CHEM1300,11748,C02
1679,BEng Materials Science and Engineering,GE1401,CHEM1300,11755,T01
1679,BEng Materials Science and Engineering,GE1401,MA1200,11782,CE1
1679,BEng Materials Science and Engineering,GE1401,MA1200,11799,TE1
1679,BEng Materials Science and Engineering,GE1401,CHEM1300,12100,L01
1679,BEng Materials Science and Engineering,GE1401,PHY1201,12177,L01
1679,BEng Materials Science and Engineering,GE1401,PHY1201,12368,C01
1680,BEng Materials Science and Engineering,GE1401,MSE1001,11332,C61
1680,BEng Materials Science and Engineering,GE1401,GE1401,11493,T75
1680,BEng Materials Science and Engineering,GE1401,CHEM1300,11747,C01
1680,BEng Materials Science and Engineering,GE1401,CHEM1300,11756,T05
1680,BEng Materials Science and Engineering,GE1401,MA1200,11786,CH1
1680,BEng Materials Science and Engineering,GE1401,MA1200,11809,TH2
1680,BEng Materials Science and Engineering,GE1401,CHEM1300,12099,L03
1680,BEng Materials Science and Engineering,GE1401,PHY1201,12180,L04
1680,BEng Materials Science and Engineering,GE1401,PHY1201,12368,C01
1680,BEng Materials Science and Engineering,GE1401,PHY1201,12369,T02
1681,BEng Materials Science and Engineering,GE1401,GE1401,10680,T03
1681,BEng Materials Science and Engineering,GE1401,MSE1001,11332,C61
1681,BEng Materials Science and Engineering,GE1401,PHY1201,11386,CA1
1681,BEng Materials Science and Engineering,GE1401,CHEM1300,11748,C02
1681,BEng Materials Science and Engineering,GE1401,CHEM1300,11750,L05
1681,BEng Materials Science and Engineering,GE1401,CHEM1300,11752,T02
1681,BEng Materials Science and Engineering,GE1401,MA1200,11787,CA1
1681,BEng Materials Science and Engineering,GE1401,MA1200,11792,TA3
1681,BEng Materials Science and Engineering,GE1401,PHY1201,12188,TA1
1681,BEng Materials Science and Engineering,GE1401,PHY1201,12377,LA3
1682,BEng Materials Science and Engineering,GE1401,GE1401,10357,T01
1682,BEng Materials Science and Engineering,GE1401,MSE1001,11332,C61
1682,BEng Materials Science and Engineering,GE1401,CHEM1300,11747,C01
1682,BEng Materials Science and Engineering,GE1401,CHEM1300,11756,T05
1682,BEng Materials Science and Engineering,GE1401,MA1200,11782,CE1
1682,BEng Materials Science and Engineering,GE1401,MA1200,11800,TE2
1682,BEng Materials Science and Engineering,GE1401,CHEM1300,12100,L01
1682,BEng Materials Science and Engineering,GE1401,PHY1201,12178,L02
1682,BEng Materials Science and Engineering,GE1401,PHY1201,12368,C01
1682,BEng Materials Science and Engineering,GE1401,PHY1201,12369,T02
1683,BEng Materials Science and Engineering,GE1401,GE1401,10715,T45
1683,BEng Materials Science and Engineering,GE1401,MSE1001,11332,C61
1683,BEng Materials Science and Engineering,GE1401,CHEM1300,11747,C01
1683,BEng Materials Science and Engineering,GE1401,CHEM1300,11752,T02
1683,BEng Materials Science and Engineering,GE1401,MA1200,11787,CA1
1683,BEng Materials Science and Engineering,GE1401,MA1200,11792,TA3
1683,BEng Materials Science and Engineering,GE1401,PHY1201,12180,L04
1683,BEng Materials Science and Engineering,GE1401,CHEM1300,12269,L04
1683,BEng Materials Science and Engineering,GE1401,PHY1201,12367,C02
1683,BEng Materials Science and Engineering,GE1401,PHY1201,12369,T02
1684,BEng Materials Science and Engineering,GE1401,GE1401,10724,T57
1684,BEng Materials Science and Engineering,GE1401,MSE1001,11332,C61
1684,BEng Materials Science and Engineering,GE1401,MA1200,11787,CA1
1684,BEng Materials Science and Engineering,GE1401,MA1200,11791,TA2
1684,BEng Materials Science and Engineering,GE1401,PHY1201,12179,L03
1684,BEng Materials Science and Engineering,GE1401,PHY1201,12368,C01
1684,BEng Materials Science and Engineering,GE1401,PHY1201,12369,T02
1684,BEng Materials Science and Engineering,GE1401,CHEM1300,13875,CC1
1684,BEng Materials Science and Engineering,GE1401,CHEM1300,13876,LC1
1684,BEng Materials Science and Engineering,GE1401,CHEM1300,13878,TC1
1685,BEng Materials Science and Engineering,GE1401,GE1401,10727,T60
1685,BEng Materials Science and Engineering,GE1401,MSE1001,11332,C61
1685,BEng Materials Science and Engineering,GE1401,CHEM1300,11748,C02
1685,BEng Materials Science and Engineering,GE1401,CHEM1300,11755,T01
1685,BEng Materials Science and Engineering,GE1401,MA1200,11785,CG1
1685,BEng Materials Science and Engineering,GE1401,MA1200,11807,TG3
1685,BEng Materials Science and Engineering,GE1401,CHEM1300,12100,L01
1685,BEng Materials Science and Engineering,GE1401,PHY1201,12178,L02
1685,BEng Materials Science and Engineering,GE1401,PHY1201,12368,C01
1685,BEng Materials Science and Engineering,GE1401,PHY1201,12369,T02
1686,BEng Materials Science and Engineering,GE1401,MSE1001,11332,C61
1686,BEng Materials Science and Engineering,GE1401,PHY1201,11377,T01
1686,BEng Materials Science and Engineering,GE1401,CHEM1300,11748,C02
1686,BEng Materials Science and Engineering,GE1401,CHEM1300,11750,L05
1686,BEng Materials Science and Engineering,GE1401,CHEM1300,11751,T04
1686,BEng Materials Science and Engineering,GE1401,MA1200,11785,CG1
1686,BEng Materials Science and Engineering,GE1401,MA1200,11806,TG2
1686,BEng Materials Science and Engineering,GE1401,PHY1201,12178,L02
1686,BEng Materials Science and Engineering,GE1401,PHY1201,12368,C01
1686,BEng Materials Science and Engineering,GE1401,GE1401,13197,TA2
1687,BEng Materials Science and Engineering,GE1401,MSE1001,11332,C61
1687,BEng Materials Science and Engineering,GE1401,PHY1201,11377,T01
1687,BEng Materials Science and Engineering,GE1401,CHEM1300,11748,C02
1687,BEng Materials Science and Engineering,GE1401,CHEM1300,11750,L05
1687,BEng Materials Science and Engineering,GE1401,CHEM1300,11751,T04
1687,BEng Materials Science and Engineering,GE1401,MA1200,11788,CC1
1687,BEng Materials Science and Engineering,GE1401,MA1200,11794,TC2
1687,BEng Materials Science and Engineering,GE1401,PHY1201,12178,L02
1687,BEng Materials Science and Engineering,GE1401,PHY1201,12367,C02
1687,BEng Materials Science and Engineering,GE1401,GE1401,14271,TB8
1688,BEng Materials Science and Engineering,GE1401,GE1401,10717,T48
1688,BEng Materials Science and Engineering,GE1401,MSE1001,11332,C61
1688,BEng Materials Science and Engineering,GE1401,PHY1201,11377,T01
1688,BEng Materials Science and Engineering,GE1401,CHEM1300,11748,C02
1688,BEng Materials Science and Engineering,GE1401,CHEM1300,11756,T05
1688,BEng Materials Science and Engineering,GE1401,MA1200,11785,CG1
1688,BEng Materials Science and Engineering,GE1401,MA1200,11806,TG2
1688,BEng Materials Science and Engineering,GE1401,PHY1201,12178,L02
1688,BEng Materials Science and Engineering,GE1401,CHEM1300,12269,L04
1688,BEng Materials Science and Engineering,GE1401,PHY1201,12368,C01
1689,BEng Materials Science and Engineering,GE1401,MSE1001,11332,C61
1689,BEng Materials Science and Engineering,GE1401,PHY1201,11377,T01
1689,BEng Materials Science and Engineering,GE1401,CHEM1300,11748,C02
1689,BEng Materials Science and Engineering,GE1401,CHEM1300,11752,T02
1689,BEng Materials Science and Engineering,GE1401,MA1200,11785,CG1
1689,BEng Materials Science and Engineering,GE1401,MA1200,11805,TG1
1689,BEng Materials Science and Engineering,GE1401,CHEM1300,12098,L02
1689,BEng Materials Science and Engineering,GE1401,PHY1201,12177,L01
1689,BEng Materials Science and Engineering,GE1401,PHY1201,12368,C01
1689,BEng Materials Science and Engineering,GE1401,GE1401,13577,TB6
1690,BEng Materials Science and Engineering,GE1401,MSE1001,11332,C61
1690,BEng Materials Science and Engineering,GE1401,CHEM1300,11748,C02
1690,BEng Materials Science and Engineering,GE1401,CHEM1300,11754,T03
1690,BEng Materials Science and Engineering,GE1401,MA1200,11787,CA1
1690,BEng Materials Science and Engineering,GE1401,MA1200,11791,TA2
1690,BEng Materials Science and Engineering,GE1401,CHEM1300,12098,L02
1690,BEng Materials Science and Engineering,GE1401,PHY1201,12179,L03
1690,BEng Materials Science and Engineering,GE1401,PHY1201,12367,C02
1690,BEng Materials Science and Engineering,GE1401,PHY1201,12369,T02
1690,BEng Materials Science and Engineering,GE1401,GE1401,13574,TB3
1691,BEng Materials Science and Engineering,LC0200A,LC0200A,10897,T29
1691,BEng Materials Science and Engineering,LC0200A,MSE1001,11332,C61
1691,BEng Materials Science and Engineering,LC0200A,MA1200,11786,CH1
1691,BEng Materials Science and Engineering,LC0200A,MA1200,11809,TH2
1691,BEng Materials Science and Engineering,LC0200A,PHY1201,12178,L02
1691,BEng Materials Science and Engineering,LC0200A,CHEM1300,12268,CA1
1691,BEng Materials Science and Engineering,LC0200A,CHEM1300,12270,LA1
1691,BEng Materials Science and Engineering,LC0200A,CHEM1300,12271,TA1
1691,BEng Materials Science and Engineering,LC0200A,PHY1201,12368,C01
1691,BEng Materials Science and Engineering,LC0200A,PHY1201,12369,T02
1692,BEng Materials Science and Engineering,LC0200A,LC0200A,11173,T33
1692,BEng Materials Science and Engineering,LC0200A,MSE1001,11332,C61
1692,BEng Materials Science and Engineering,LC0200A,CHEM1300,11747,C01
1692,BEng Materials Science and Engineering,LC0200A,CHEM1300,11755,T01
1692,BEng Materials Science and Engineering,LC0200A,MA1200,11782,CE1
1692,BEng Materials Science and Engineering,LC0200A,MA1200,11799,TE1
1692,BEng Materials Science and Engineering,LC0200A,PHY1201,12177,L01
1692,BEng Materials Science and Engineering,LC0200A,CHEM1300,12269,L04
1692,BEng Materials Science and Engineering,LC0200A,PHY1201,12368,C01
1692,BEng Materials Science and Engineering,LC0200A,PHY1201,12369,T02
1693,BEng Materials Science and Engineering,LC0200A,LC0200A,10876,T07
1693,BEng Materials Science and Engineering,LC0200A,MSE1001,11332,C61
1693,BEng Materials Science and Engineering,LC0200A,CHEM1300,11748,C02
1693,BEng Materials Science and Engineering,LC0200A,CHEM1300,11750,L05
1693,BEng Materials Science and Engineering,LC0200A,CHEM1300,11756,T05
1693,BEng Materials Science and Engineering,LC0200A,MA1200,11787,CA1
1693,BEng Materials Science and Engineering,LC0200A,MA1200,11791,TA2
1693,BEng Materials Science and Engineering,LC0200A,PHY1201,12178,L02
1693,BEng Materials Science and Engineering,LC0200A,PHY1201,12368,C01
1693,BEng Materials Science and Engineering,LC0200A,PHY1201,12369,T02
1694,BEng Materials Science and Engineering,LC0200A,LC0200A,10876,T07
1694,BEng Materials Science and Engineering,LC0200A,MSE1001,11332,C61
1694,BEng Materials Science and Engineering,LC0200A,CHEM1300,11748,C02
1694,BEng Materials Science and Engineering,LC0200A,CHEM1300,11756,T05
1694,BEng Materials Science and Engineering,LC0200A,MA1200,11788,CC1
1694,BEng Materials Science and Engineering,LC0200A,MA1200,11795,TC3
1694,BEng Materials Science and Engineering,LC0200A,CHEM1300,12098,L02
1694,BEng Materials Science and Engineering,LC0200A,PHY1201,12371,CA2
1694,BEng Materials Science and Engineering,LC0200A,PHY1201,12372,TA2
1694,BEng Materials Science and Engineering,LC0200A,PHY1201,12378,LA4
1695,BEng Materials Science and Engineering,LC0200A,LC0200A,11030,T31
1695,BEng Materials Science and Engineering,LC0200A,MSE1001,11332,C61
1695,BEng Materials Science and Engineering,LC0200A,MA1200,11787,CA1
1695,BEng Materials Science and Engineering,LC0200A,MA1200,11791,TA2
1695,BEng Materials Science and Engineering,LC0200A,PHY1201,12177,L01
1695,BEng Materials Science and Engineering,LC0200A,PHY1201,12367,C02
1695,BEng Materials Science and Engineering,LC0200A,PHY1201,12369,T02
1695,BEng Materials Science and Engineering,LC0200A,CHEM1300,12876,CB1
1695,BEng Materials Science and Engineering,LC0200A,CHEM1300,12877,LB1
1695,BEng Materials Science and Engineering,LC0200A,CHEM1300,12878,TB1
1696,BEng Materials Science and Engineering,LC0200A,LC0200A,10886,T17
1696,BEng Materials Science and Engineering,LC0200A,MSE1001,11332,C61
1696,BEng Materials Science and Engineering,LC0200A,PHY1201,11377,T01
1696,BEng Materials Science and Engineering,LC0200A,CHEM1300,11748,C02
1696,BEng Materials Science and Engineering,LC0200A,CHEM1300,11751,T04
1696,BEng Materials Science and Engineering,LC0200A,MA1200,11789,CD1
1696,BEng Materials Science and Engineering,LC0200A,MA1200,11798,TD3
1696,BEng Materials Science and Engineering,LC0200A,CHEM1300,12098,L02
1696,BEng Materials Science and Engineering,LC0200A,PHY1201,12180,L04
1696,BEng Materials Science and Engineering,LC0200A,PHY1201,12368,C01
1697,BEng Materials Science and Engineering,LC0200A,MSE1001,11332,C61
1697,BEng Materials Science and Engineering,LC0200A,PHY1201,11377,T01
1697,BEng Materials Science and Engineering,LC0200A,LC0200A,11449,T34
1697,BEng Materials Science and Engineering,LC0200A,CHEM1300,11747,C01
1697,BEng Materials Science and Engineering,LC0200A,CHEM1300,11756,T05
1697,BEng Materials Science and Engineering,LC0200A,MA1200,11787,CA1
1697,BEng Materials Science and Engineering,LC0200A,MA1200,11792,TA3
1697,BEng Materials Science and Engineering,LC0200A,CHEM1300,12098,L02
1697,BEng Materials Science and Engineering,LC0200A,PHY1201,12177,L01
1697,BEng Materials Science and Engineering,LC0200A,PHY1201,12368,C01
1698,BEng Materials Science and Engineering,LC0200A,LC0200A,10877,T08
1698,BEng Materials Science and Engineering,LC0200A,MSE1001,11332,C61
1698,BEng Materials Science and Engineering,LC0200A,PHY1201,11386,CA1
1698,BEng Materials Science and Engineering,LC0200A,CHEM1300,11747,C01
1698,BEng Materials Science and Engineering,LC0200A,CHEM1300,11750,L05
1698,BEng Materials Science and Engineering,LC0200A,CHEM1300,11754,T03
1698,BEng Materials Science and Engineering,LC0200A,MA1200,11786,CH1
1698,BEng Materials Science and Engineering,LC0200A,MA1200,11810,TH3
1698,BEng Materials Science and Engineering,LC0200A,PHY1201,12372,TA2
1698,BEng Materials Science and Engineering,LC0200A,PHY1201,12379,LA5
1699,BEng Materials Science and Engineering,LC0200A,LC0200A,10887,T19
1699,BEng Materials Science and Engineering,LC0200A,MSE1001,11332,C61
1699,BEng Materials Science and Engineering,LC0200A,CHEM1300,11747,C01
1699,BEng Materials Science and Engineering,LC0200A,CHEM1300,11756,T05
1699,BEng Materials Science and Engineering,LC0200A,MA1200,11785,CG1
1699,BEng Materials Science and Engineering,LC0200A,MA1200,11807,TG3
1699,BEng Materials Science and Engineering,LC0200A,CHEM1300,12100,L01
1699,BEng Materials Science and Engineering,LC0200A,PHY1201,12181,L05
1699,BEng Materials Science and Engineering,LC0200A,PHY1201,12368,C01
1699,BEng Materials Science and Engineering,LC0200A,PHY1201,12369,T02
1700,BEng Materials Science and Engineering,LC0200A,MSE1001,11332,C61
1700,BEng Materials Science and Engineering,LC0200A,PHY1201,11386,CA1
1700,BEng Materials Science and Engineering,LC0200A,CHEM1300,11747,C01
1700,BEng Materials Science and Engineering,LC0200A,CHEM1300,11750,L05
1700,BEng Materials Science and Engineering,LC0200A,CHEM1300,11751,T04
1700,BEng Materials Science and Engineering,LC0200A,MA1200,11786,CH1
1700,BEng Materials Science and Engineering,LC0200A,MA1200,11809,TH2
1700,BEng Materials Science and Engineering,LC0200A,PHY1201,12188,TA1
1700,BEng Materials Science and Engineering,LC0200A,LC0200A,12320,T38
1700,BEng Materials Science and Engineering,LC0200A,PHY1201,12375,LA1
1701,BEng Materials Science and Engineering,LC0200A,LC0200A,10896,T28
1701,BEng Materials Science and Engineering,LC0200A,MSE1001,11332,C61
1701,BEng Materials Science and Engineering,LC0200A,MA1200,11782,CE1
1701,BEng Materials Science and Engineering,LC0200A,MA1200,11799,TE1
1701,BEng Materials Science and Engineering,LC0200A,PHY1201,12181,L05
1701,BEng Materials Science and Engineering,LC0200A,CHEM1300,12268,CA1
1701,BEng Materials Science and Engineering,LC0200A,CHEM1300,12270,LA1
1701,BEng Materials Science and Engineering,LC0200A,CHEM1300,12271,TA1
1701,BEng Materials Science and Engineering,LC0200A,PHY1201,12368,C01
1701,BEng Materials Science and Engineering,LC0200A,PHY1201,12369,T02
1702,BEng Materials Science and Engineering,LC0200A,LC0200A,10878,T09
1702,BEng Materials Science and Engineering,LC0200A,MSE1001,11332,C61
1702,BEng Materials Science and Engineering,LC0200A,PHY1201,11386,CA1
1702,BEng Materials Science and Engineering,LC0200A,CHEM1300,11748,C02
1702,BEng Materials Science and Engineering,LC0200A,CHEM1300,11752,T02
1702,BEng Materials Science and Engineering,LC0200A,MA1200,11784,CF1
1702,BEng Materials Science and Engineering,LC0200A,MA1200,11804,TF3
1702,BEng Materials Science and Engineering,LC0200A,CHEM1300,12100,L01
1702,BEng Materials Science and Engineering,LC0200A,PHY1201,12188,TA1
1702,BEng Materials Science and Engineering,LC0200A,PHY1201,12377,LA3
1703,BEng Materials Science and Engineering,LC0200A,MSE1001,11332,C61
1703,BEng Materials Science and Engineering,LC0200A,CHEM1300,11747,C01
1703,BEng Materials Science and Engineering,LC0200A,CHEM1300,11750,L05
1703,BEng Materials Science and Engineering,LC0200A,CHEM1300,11752,T02
1703,BEng Materials Science and Engineering,LC0200A,MA1200,11784,CF1
1703,BEng Materials Science and Engineering,LC0200A,MA1200,11802,TF1
1703,BEng Materials Science and Engineering,LC0200A,PHY1201,12179,L03
1703,BEng Materials Science and Engineering,LC0200A,LC0200A,12320,T38
1703,BEng Materials Science and Engineering,LC0200A,PHY1201,12368,C01
1703,BEng Materials Science and Engineering,LC0200A,PHY1201,12369,T02
1704,BEng Materials Science and Engineering,LC0200A,LC0200A,10887,T19
1704,BEng Materials Science and Engineering,LC0200A,MSE1001,11332,C61
1704,BEng Materials Science and Engineering,LC0200A,CHEM1300,11747,C01
1704,BEng Materials Science and Engineering,LC0200A,CHEM1300,11756,T05
1704,BEng Materials Science and Engineering,LC0200A,MA1200,11786,CH1
1704,BEng Materials Science and Engineering,LC0200A,MA1200,11810,TH3
1704,BEng Materials Science and Engineering,LC0200A,PHY1201,12180,L04
1704,BEng Materials Science and Engineering,LC0200A,CHEM1300,12269,L04
1704,BEng Materials Science and Engineering,LC0200A,PHY1201,12368,C01
1704,BEng Materials Science and Engineering,LC0200A,PHY1201,12369,T02
1705,BEng Intelligent Manufacturing Engineering,GE1401,GE1401,10730,T64
1705,BEng Intelligent Manufacturing Engineering,GE1401,PHY1201,11377,T01
1705,BEng Intelligent Manufacturing Engineering,GE1401,MA1200,11784,CF1
1705,BEng Intelligent Manufacturing Engineering,GE1401,MA1200,11803,TF2
1705,BEng Intelligent Manufacturing Engineering,GE1401,PHY1201,12181,L05
1705,BEng Intelligent Manufacturing Engineering,GE1401,SYE2066,12338,C01
1705,BEng Intelligent Manufacturing Engineering,GE1401,PHY1201,12368,C01
1705,BEng Intelligent Manufacturing Engineering,GE1401,GE1501,12621,CB2
1706,BEng Intelligent Manufacturing Engineering,GE1401,GE1501,10249,C02
1706,BEng Intelligent Manufacturing Engineering,GE1401,GE1401,10690,T13
1706,BEng Intelligent Manufacturing Engineering,GE1401,MA1200,11784,CF1
1706,BEng Intelligent Manufacturing Engineering,GE1401,MA1200,11802,TF1
1706,BEng Intelligent Manufacturing Engineering,GE1401,PHY1201,12180,L04
1706,BEng Intelligent Manufacturing Engineering,GE1401,SYE2066,12338,C01
1706,BEng Intelligent Manufacturing Engineering,GE1401,PHY1201,12368,C01
1706,BEng Intelligent Manufacturing Engineering,GE1401,PHY1201,12369,T02
1707,BEng Intelligent Manufacturing Engineering,GE1401,GE1501,10250,C03
1707,BEng Intelligent Manufacturing Engineering,GE1401,GE1401,11499,T85
1707,BEng Intelligent Manufacturing Engineering,GE1401,MA1200,11784,CF1
1707,BEng Intelligent Manufacturing Engineering,GE1401,MA1200,11804,TF3
1707,BEng Intelligent Manufacturing Engineering,GE1401,PHY1201,12179,L03
1707,BEng Intelligent Manufacturing Engineering,GE1401,SYE2066,12338,C01
1707,BEng Intelligent Manufacturing Engineering,GE1401,PHY1201,12368,C01
1707,BEng Intelligent Manufacturing Engineering,GE1401,PHY1201,12369,T02
1708,BEng Intelligent Manufacturing Engineering,GE1401,GE1401,10723,T56
1708,BEng Intelligent Manufacturing Engineering,GE1401,MA1200,11787,CA1
1708,BEng Intelligent Manufacturing Engineering,GE1401,MA1200,11791,TA2
1708,BEng Intelligent Manufacturing Engineering,GE1401,PHY1201,12178,L02
1708,BEng Intelligent Manufacturing Engineering,GE1401,SYE2066,12338,C01
1708,BEng Intelligent Manufacturing Engineering,GE1401,PHY1201,12368,C01
1708,BEng Intelligent Manufacturing Engineering,GE1401,PHY1201,12369,T02
1708,BEng Intelligent Manufacturing Engineering,GE1401,GE1501,12616,C11
1709,BEng Intelligent Manufacturing Engineering,GE1401,GE1401,10682,T05
1709,BEng Intelligent Manufacturing Engineering,GE1401,PHY1201,11377,T01
1709,BEng Intelligent Manufacturing Engineering,GE1401,MA1200,11789,CD1
1709,BEng Intelligent Manufacturing Engineering,GE1401,MA1200,11797,TD2
1709,BEng Intelligent Manufacturing Engineering,GE1401,PHY1201,12178,L02
1709,BEng Intelligent Manufacturing Engineering,GE1401,SYE2066,12338,C01
1709,BEng Intelligent Manufacturing Engineering,GE1401,PHY1201,12368,C01
1709,BEng Intelligent Manufacturing Engineering,GE1401,GE1501,12616,C11
1710,BEng Intelligent Manufacturing Engineering,GE1401,GE1501,10255,C07
1710,BEng Intelligent Manufacturing Engineering,GE1401,GE1401,10723,T56
1710,BEng Intelligent Manufacturing Engineering,GE1401,MA1200,11789,CD1
1710,BEng Intelligent Manufacturing Engineering,GE1401,MA1200,11797,TD2
1710,BEng Intelligent Manufacturing Engineering,GE1401,PHY1201,12179,L03
1710,BEng Intelligent Manufacturing Engineering,GE1401,SYE2066,12338,C01
1710,BEng Intelligent Manufacturing Engineering,GE1401,PHY1201,12368,C01
1710,BEng Intelligent Manufacturing Engineering,GE1401,PHY1201,12369,T02
1711,BEng Intelligent Manufacturing Engineering,GE1401,GE1501,10604,C09
1711,BEng Intelligent Manufacturing Engineering,GE1401,MA1200,11786,CH1
1711,BEng Intelligent Manufacturing Engineering,GE1401,MA1200,11810,TH3
1711,BEng Intelligent Manufacturing Engineering,GE1401,GE1401,12125,T65
1711,BEng Intelligent Manufacturing Engineering,GE1401,PHY1201,12178,L02
1711,BEng Intelligent Manufacturing Engineering,GE1401,SYE2066,12338,C01
1711,BEng Intelligent Manufacturing Engineering,GE1401,PHY1201,12368,C01
1711,BEng Intelligent Manufacturing Engineering,GE1401,PHY1201,12369,T02
1712,BEng Intelligent Manufacturing Engineering,GE1401,GE1501,10254,C06
1712,BEng Intelligent Manufacturing Engineering,GE1401,MA1200,11788,CC1
1712,BEng Intelligent Manufacturing Engineering,GE1401,MA1200,11794,TC2
1712,BEng Intelligent Manufacturing Engineering,GE1401,PHY1201,12181,L05
1712,BEng Intelligent Manufacturing Engineering,GE1401,SYE2066,12338,C01
1712,BEng Intelligent Manufacturing Engineering,GE1401,PHY1201,12367,C02
1712,BEng Intelligent Manufacturing Engineering,GE1401,PHY1201,12369,T02
1712,BEng Intelligent Manufacturing Engineering,GE1401,GE1401,13571,T99
1713,BEng Intelligent Manufacturing Engineering,GE1401,GE1501,10257,CA1
1713,BEng Intelligent Manufacturing Engineering,GE1401,GE1401,10687,T10
1713,BEng Intelligent Manufacturing Engineering,GE1401,MA1200,11789,CD1
1713,BEng Intelligent Manufacturing Engineering,GE1401,MA1200,11798,TD3
1713,BEng Intelligent Manufacturing Engineering,GE1401,PHY1201,12180,L04
1713,BEng Intelligent Manufacturing Engineering,GE1401,SYE2066,12338,C01
1713,BEng Intelligent Manufacturing Engineering,GE1401,PHY1201,12367,C02
1713,BEng Intelligent Manufacturing Engineering,GE1401,PHY1201,12369,T02
1714,BEng Intelligent Manufacturing Engineering,GE1401,GE1401,11506,T78
1714,BEng Intelligent Manufacturing Engineering,GE1401,MA1200,11782,CE1
1714,BEng Intelligent Manufacturing Engineering,GE1401,MA1200,11801,TE3
1714,BEng Intelligent Manufacturing Engineering,GE1401,PHY1201,12179,L03
1714,BEng Intelligent Manufacturing Engineering,GE1401,SYE2066,12338,C01
1714,BEng Intelligent Manufacturing Engineering,GE1401,PHY1201,12368,C01
1714,BEng Intelligent Manufacturing Engineering,GE1401,PHY1201,12369,T02
1714,BEng Intelligent Manufacturing Engineering,GE1401,GE1501,12616,C11
1715,BEng Intelligent Manufacturing Engineering,GE1401,GE1501,10255,C07
1715,BEng Intelligent Manufacturing Engineering,GE1401,MA1200,11789,CD1
1715,BEng Intelligent Manufacturing Engineering,GE1401,MA1200,11796,TD1
1715,BEng Intelligent Manufacturing Engineering,GE1401,PHY1201,12188,TA1
1715,BEng Intelligent Manufacturing Engineering,GE1401,SYE2066,12338,C01
1715,BEng Intelligent Manufacturing Engineering,GE1401,PHY1201,12371,CA2
1715,BEng Intelligent Manufacturing Engineering,GE1401,PHY1201,12377,LA3
1715,BEng Intelligent Manufacturing Engineering,GE1401,GE1401,12397,T51
1716,BEng Intelligent Manufacturing Engineering,GE1401,GE1401,11500,T86
1716,BEng Intelligent Manufacturing Engineering,GE1401,MA1200,11787,CA1
1716,BEng Intelligent Manufacturing Engineering,GE1401,MA1200,11792,TA3
1716,BEng Intelligent Manufacturing Engineering,GE1401,PHY1201,12180,L04
1716,BEng Intelligent Manufacturing Engineering,GE1401,SYE2066,12338,C01
1716,BEng Intelligent Manufacturing Engineering,GE1401,PHY1201,12367,C02
1716,BEng Intelligent Manufacturing Engineering,GE1401,PHY1201,12369,T02
1716,BEng Intelligent Manufacturing Engineering,GE1401,GE1501,12620,C15
1717,BEng Intelligent Manufacturing Engineering,GE1401,GE1501,10255,C07
1717,BEng Intelligent Manufacturing Engineering,GE1401,PHY1201,11377,T01
1717,BEng Intelligent Manufacturing Engineering,GE1401,GE1401,11506,T78
1717,BEng Intelligent Manufacturing Engineering,GE1401,MA1200,11786,CH1
1717,BEng Intelligent Manufacturing Engineering,GE1401,MA1200,11810,TH3
1717,BEng Intelligent Manufacturing Engineering,GE1401,PHY1201,12180,L04
1717,BEng Intelligent Manufacturing Engineering,GE1401,SYE2066,12338,C01
1717,BEng Intelligent Manufacturing Engineering,GE1401,PHY1201,12368,C01
1718,BEng Intelligent Manufacturing Engineering,GE1401,GE1501,10255,C07
1718,BEng Intelligent Manufacturing Engineering,GE1401,GE1401,10690,T13
1718,BEng Intelligent Manufacturing Engineering,GE1401,MA1200,11785,CG1
1718,BEng Intelligent Manufacturing Engineering,GE1401,MA1200,11806,TG2
1718,BEng Intelligent Manufacturing Engineering,GE1401,PHY1201,12179,L03
1718,BEng Intelligent Manufacturing Engineering,GE1401,SYE2066,12338,C01
1718,BEng Intelligent Manufacturing Engineering,GE1401,PHY1201,12368,C01
1718,BEng Intelligent Manufacturing Engineering,GE1401,PHY1201,12369,T02
1719,BEng Intelligent Manufacturing Engineering,GE1401,GE1501,10252,C04
1719,BEng Intelligent Manufacturing Engineering,GE1401,PHY1201,11377,T01
1719,BEng Intelligent Manufacturing Engineering,GE1401,MA1200,11786,CH1
1719,BEng Intelligent Manufacturing Engineering,GE1401,MA1200,11808,TH1
1719,BEng Intelligent Manufacturing Engineering,GE1401,PHY1201,12178,L02
1719,BEng Intelligent Manufacturing Engineering,GE1401,SYE2066,12338,C01
1719,BEng Intelligent Manufacturing Engineering,GE1401,PHY1201,12368,C01
1719,BEng Intelligent Manufacturing Engineering,GE1401,GE1401,13573,TB2
1720,BEng Intelligent Manufacturing Engineering,GE1401,GE1501,10604,C09
1720,BEng Intelligent Manufacturing Engineering,GE1401,GE1401,10687,T10
1720,BEng Intelligent Manufacturing Engineering,GE1401,MA1200,11784,CF1
1720,BEng Intelligent Manufacturing Engineering,GE1401,MA1200,11803,TF2
1720,BEng Intelligent Manufacturing Engineering,GE1401,PHY1201,12181,L05
1720,BEng Intelligent Manufacturing Engineering,GE1401,SYE2066,12338,C01
1720,BEng Intelligent Manufacturing Engineering,GE1401,PHY1201,12368,C01
1720,BEng Intelligent Manufacturing Engineering,GE1401,PHY1201,12369,T02
1721,BEng Intelligent Manufacturing Engineering,GE1401,GE1401,10705,T30
1721,BEng Intelligent Manufacturing Engineering,GE1401,PHY1201,11377,T01
1721,BEng Intelligent Manufacturing Engineering,GE1401,MA1200,11789,CD1
1721,BEng Intelligent Manufacturing Engineering,GE1401,MA1200,11798,TD3
1721,BEng Intelligent Manufacturing Engineering,GE1401,PHY1201,12179,L03
1721,BEng Intelligent Manufacturing Engineering,GE1401,SYE2066,12338,C01
1721,BEng Intelligent Manufacturing Engineering,GE1401,PHY1201,12368,C01
1721,BEng Intelligent Manufacturing Engineering,GE1401,GE1501,12620,C15
1722,BEng Intelligent Manufacturing Engineering,GE1401,GE1501,10257,CA1
1722,BEng Intelligent Manufacturing Engineering,GE1401,PHY1201,11377,T01
1722,BEng Intelligent Manufacturing Engineering,GE1401,GE1401,11451,T68
1722,BEng Intelligent Manufacturing Engineering,GE1401,MA1200,11789,CD1
1722,BEng Intelligent Manufacturing Engineering,GE1401,MA1200,11798,TD3
1722,BEng Intelligent Manufacturing Engineering,GE1401,PHY1201,12178,L02
1722,BEng Intelligent Manufacturing Engineering,GE1401,SYE2066,12338,C01
1722,BEng Intelligent Manufacturing Engineering,GE1401,PHY1201,12367,C02
1723,BEng Intelligent Manufacturing Engineering,GE1401,MA1200,11784,CF1
1723,BEng Intelligent Manufacturing Engineering,GE1401,MA1200,11803,TF2
1723,BEng Intelligent Manufacturing Engineering,GE1401,PHY1201,12181,L05
1723,BEng Intelligent Manufacturing Engineering,GE1401,SYE2066,12338,C01
1723,BEng Intelligent Manufacturing Engineering,GE1401,PHY1201,12368,C01
1723,BEng Intelligent Manufacturing Engineering,GE1401,PHY1201,12369,T02
1723,BEng Intelligent Manufacturing Engineering,GE1401,GE1501,12616,C11
1723,BEng Intelligent Manufacturing Engineering,GE1401,GE1401,13571,T99
1724,BEng Intelligent Manufacturing Engineering,GE1401,PHY1201,11377,T01
1724,BEng Intelligent Manufacturing Engineering,GE1401,MA1200,11789,CD1
1724,BEng Intelligent Manufacturing Engineering,GE1401,MA1200,11798,TD3
1724,BEng Intelligent Manufacturing Engineering,GE1401,PHY1201,12178,L02
1724,BEng Intelligent Manufacturing Engineering,GE1401,SYE2066,12338,C01
1724,BEng Intelligent Manufacturing Engineering,GE1401,PHY1201,12367,C02
1724,BEng Intelligent Manufacturing Engineering,GE1401,GE1501,12616,C11
1724,BEng Intelligent Manufacturing Engineering,GE1401,GE1401,13561,T95
1725,BEng Intelligent Manufacturing Engineering,GE1401,GE1501,10257,CA1
1725,BEng Intelligent Manufacturing Engineering,GE1401,MA1200,11788,CC1
1725,BEng Intelligent Manufacturing Engineering,GE1401,MA1200,11794,TC2
1725,BEng Intelligent Manufacturing Engineering,GE1401,SYE2066,12338,C01
1725,BEng Intelligent Manufacturing Engineering,GE1401,PHY1201,12371,CA2
1725,BEng Intelligent Manufacturing Engineering,GE1401,PHY1201,12372,TA2
1725,BEng Intelligent Manufacturing Engineering,GE1401,PHY1201,12378,LA4
1725,BEng Intelligent Manufacturing Engineering,GE1401,GE1401,13572,TB1
1726,BEng Intelligent Manufacturing Engineering,GE1401,PHY1201,11377,T01
1726,BEng Intelligent Manufacturing Engineering,GE1401,MA1200,11787,CA1
1726,BEng Intelligent Manufacturing Engineering,GE1401,MA1200,11790,TA1
1726,BEng Intelligent Manufacturing Engineering,GE1401,PHY1201,12180,L04
1726,BEng Intelligent Manufacturing Engineering,GE1401,SYE2066,12338,C01
1726,BEng Intelligent Manufacturing Engineering,GE1401,PHY1201,12368,C01
1726,BEng Intelligent Manufacturing Engineering,GE1401,GE1501,12621,CB2
1726,BEng Intelligent Manufacturing Engineering,GE1401,GE1401,13576,TB5
1727,BEng Intelligent Manufacturing Engineering,GE1401,GE1501,10248,C01
1727,BEng Intelligent Manufacturing Engineering,GE1401,GE1401,11494,T76
1727,BEng Intelligent Manufacturing Engineering,GE1401,MA1200,11787,CA1
1727,BEng Intelligent Manufacturing Engineering,GE1401,MA1200,11792,TA3
1727,BEng Intelligent Manufacturing Engineering,GE1401,PHY1201,12181,L05
1727,BEng Intelligent Manufacturing Engineering,GE1401,SYE2066,12338,C01
1727,BEng Intelligent Manufacturing Engineering,GE1401,PHY1201,12367,C02
1727,BEng Intelligent Manufacturing Engineering,GE1401,PHY1201,12369,T02
1728,BEng Intelligent Manufacturing Engineering,LC0200A,LC0200A,10875,T06
1728,BEng Intelligent Manufacturing Engineering,LC0200A,PHY1201,11377,T01
1728,BEng Intelligent Manufacturing Engineering,LC0200A,MA1200,11789,CD1
1728,BEng Intelligent Manufacturing Engineering,LC0200A,MA1200,11798,TD3
1728,BEng Intelligent Manufacturing Engineering,LC0200A,PHY1201,12178,L02
1728,BEng Intelligent Manufacturing Engineering,LC0200A,SYE2066,12338,C01
1728,BEng Intelligent Manufacturing Engineering,LC0200A,PHY1201,12368,C01
1728,BEng Intelligent Manufacturing Engineering,LC0200A,GE1501,12616,C11
1729,BEng Intelligent Manufacturing Engineering,LC0200A,GE1501,10256,C08
1729,BEng Intelligent Manufacturing Engineering,LC0200A,LC0200A,10892,T24
1729,BEng Intelligent Manufacturing Engineering,LC0200A,PHY1201,11377,T01
1729,BEng Intelligent Manufacturing Engineering,LC0200A,MA1200,11784,CF1
1729,BEng Intelligent Manufacturing Engineering,LC0200A,MA1200,11802,TF1
1729,BEng Intelligent Manufacturing Engineering,LC0200A,PHY1201,12179,L03
1729,BEng Intelligent Manufacturing Engineering,LC0200A,SYE2066,12338,C01
1729,BEng Intelligent Manufacturing Engineering,LC0200A,PHY1201,12368,C01
1730,BEng Intelligent Manufacturing Engineering,LC0200A,LC0200A,10897,T29
1730,BEng Intelligent Manufacturing Engineering,LC0200A,PHY1201,11377,T01
1730,BEng Intelligent Manufacturing Engineering,LC0200A,MA1200,11786,CH1
1730,BEng Intelligent Manufacturing Engineering,LC0200A,MA1200,11810,TH3
1730,BEng Intelligent Manufacturing Engineering,LC0200A,PHY1201,12178,L02
1730,BEng Intelligent Manufacturing Engineering,LC0200A,SYE2066,12338,C01
1730,BEng Intelligent Manufacturing Engineering,LC0200A,PHY1201,12368,C01
1730,BEng Intelligent Manufacturing Engineering,LC0200A,GE1501,12622,C16
1731,BEng Intelligent Manufacturing Engineering,LC0200A,LC0200A,10876,T07
1731,BEng Intelligent Manufacturing Engineering,LC0200A,PHY1201,11377,T01
1731,BEng Intelligent Manufacturing Engineering,LC0200A,MA1200,11789,CD1
1731,BEng Intelligent Manufacturing Engineering,LC0200A,MA1200,11798,TD3
1731,BEng Intelligent Manufacturing Engineering,LC0200A,PHY1201,12180,L04
1731,BEng Intelligent Manufacturing Engineering,LC0200A,SYE2066,12338,C01
1731,BEng Intelligent Manufacturing Engineering,LC0200A,PHY1201,12367,C02
1731,BEng Intelligent Manufacturing Engineering,LC0200A,GE1501,12616,C11
1732,BEng Intelligent Manufacturing Engineering,LC0200A,LC0200A,10893,T25
1732,BEng Intelligent Manufacturing Engineering,LC0200A,MA1200,11788,CC1
1732,BEng Intelligent Manufacturing Engineering,LC0200A,MA1200,11795,TC3
1732,BEng Intelligent Manufacturing Engineering,LC0200A,PHY1201,12188,TA1
1732,BEng Intelligent Manufacturing Engineering,LC0200A,SYE2066,12338,C01
1732,BEng Intelligent Manufacturing Engineering,LC0200A,PHY1201,12371,CA2
1732,BEng Intelligent Manufacturing Engineering,LC0200A,PHY1201,12376,LA2
1732,BEng Intelligent Manufacturing Engineering,LC0200A,GE1501,12620,C15
1733,BEng Intelligent Manufacturing Engineering,LC0200A,LC0200A,11170,T32
1733,BEng Intelligent Manufacturing Engineering,LC0200A,PHY1201,11377,T01
1733,BEng Intelligent Manufacturing Engineering,LC0200A,MA1200,11789,CD1
1733,BEng Intelligent Manufacturing Engineering,LC0200A,MA1200,11797,TD2
1733,BEng Intelligent Manufacturing Engineering,LC0200A,PHY1201,12180,L04
1733,BEng Intelligent Manufacturing Engineering,LC0200A,SYE2066,12338,C01
1733,BEng Intelligent Manufacturing Engineering,LC0200A,PHY1201,12367,C02
1733,BEng Intelligent Manufacturing Engineering,LC0200A,GE1501,12622,C16
1734,BEng Intelligent Manufacturing Engineering,LC0200A,GE1501,10256,C08
1734,BEng Intelligent Manufacturing Engineering,LC0200A,LC0200A,11449,T34
1734,BEng Intelligent Manufacturing Engineering,LC0200A,MA1200,11788,CC1
1734,BEng Intelligent Manufacturing Engineering,LC0200A,MA1200,11795,TC3
1734,BEng Intelligent Manufacturing Engineering,LC0200A,PHY1201,12180,L04
1734,BEng Intelligent Manufacturing Engineering,LC0200A,SYE2066,12338,C01
1734,BEng Intelligent Manufacturing Engineering,LC0200A,PHY1201,12368,C01
1734,BEng Intelligent Manufacturing Engineering,LC0200A,PHY1201,12369,T02
1735,BEng Intelligent Manufacturing Engineering,LC0200A,GE1501,10252,C04
1735,BEng Intelligent Manufacturing Engineering,LC0200A,LC0200A,10893,T25
1735,BEng Intelligent Manufacturing Engineering,LC0200A,MA1200,11786,CH1
1735,BEng Intelligent Manufacturing Engineering,LC0200A,MA1200,11809,TH2
1735,BEng Intelligent Manufacturing Engineering,LC0200A,PHY1201,12181,L05
1735,BEng Intelligent Manufacturing Engineering,LC0200A,SYE2066,12338,C01
1735,BEng Intelligent Manufacturing Engineering,LC0200A,PHY1201,12368,C01
1735,BEng Intelligent Manufacturing Engineering,LC0200A,PHY1201,12369,T02
1736,BEng Intelligent Manufacturing Engineering,LC0200A,GE1501,10252,C04
1736,BEng Intelligent Manufacturing Engineering,LC0200A,LC0200A,11029,T30
1736,BEng Intelligent Manufacturing Engineering,LC0200A,MA1200,11786,CH1
1736,BEng Intelligent Manufacturing Engineering,LC0200A,MA1200,11810,TH3
1736,BEng Intelligent Manufacturing Engineering,LC0200A,PHY1201,12180,L04
1736,BEng Intelligent Manufacturing Engineering,LC0200A,SYE2066,12338,C01
1736,BEng Intelligent Manufacturing Engineering,LC0200A,PHY1201,12368,C01
1736,BEng Intelligent Manufacturing Engineering,LC0200A,PHY1201,12369,T02
1737,BEng Innovation and Enterprise Engineering,GE1401,GE1401,10706,T31
1737,BEng Innovation and Enterprise Engineering,GE1401,MA1200,11789,CD1
1737,BEng Innovation and Enterprise Engineering,GE1401,MA1200,11798,TD3
1737,BEng Innovation and Enterprise Engineering,GE1401,PHY1201,12179,L03
1737,BEng Innovation and Enterprise Engineering,GE1401,PHY1201,12367,C02
1737,BEng Innovation and Enterprise Engineering,GE1401,PHY1201,12369,T02
1737,BEng Innovation and Enterprise Engineering,GE1401,GE1501,12618,C13
1737,BEng Innovation and Enterprise Engineering,GE1401,GE2304,12651,C01
1737,BEng Innovation and Enterprise Engineering,GE1401,SYE1001,14066,C01
1738,BEng Innovation and Enterprise Engineering,GE1401,GE1401,10706,T31
1738,BEng Innovation and Enterprise Engineering,GE1401,MA1200,11789,CD1
1738,BEng Innovation and Enterprise Engineering,GE1401,MA1200,11796,TD1
1738,BEng Innovation and Enterprise Engineering,GE1401,PHY1201,12371,CA2
1738,BEng Innovation and Enterprise Engineering,GE1401,PHY1201,12372,TA2
1738,BEng Innovation and Enterprise Engineering,GE1401,PHY1201,12375,LA1
1738,BEng Innovation and Enterprise Engineering,GE1401,GE1501,12618,C13
1738,BEng Innovation and Enterprise Engineering,GE1401,GE2304,12651,C01
1738,BEng Innovation and Enterprise Engineering,GE1401,SYE1001,14066,C01
1739,BEng Innovation and Enterprise Engineering,GE1401,GE1501,10604,C09
1739,BEng Innovation and Enterprise Engineering,GE1401,PHY1201,11386,CA1
1739,BEng Innovation and Enterprise Engineering,GE1401,MA1200,11787,CA1
1739,BEng Innovation and Enterprise Engineering,GE1401,MA1200,11791,TA2
1739,BEng Innovation and Enterprise Engineering,GE1401,PHY1201,12372,TA2
1739,BEng Innovation and Enterprise Engineering,GE1401,PHY1201,12375,LA1
1739,BEng Innovation and Enterprise Engineering,GE1401,GE2304,12651,C01
1739,BEng Innovation and Enterprise Engineering,GE1401,GE1401,13576,TB5
1739,BEng Innovation and Enterprise Engineering,GE1401,SYE1001,14066,C01
1740,BEng Innovation and Enterprise Engineering,GE1401,GE1401,10728,T61
1740,BEng Innovation and Enterprise Engineering,GE1401,MA1200,11789,CD1
1740,BEng Innovation and Enterprise Engineering,GE1401,MA1200,11798,TD3
1740,BEng Innovation and Enterprise Engineering,GE1401,PHY1201,12371,CA2
1740,BEng Innovation and Enterprise Engineering,GE1401,PHY1201,12372,TA2
1740,BEng Innovation and Enterprise Engineering,GE1401,PHY1201,12378,LA4
1740,BEng Innovation and Enterprise Engineering,GE1401,GE1501,12616,C11
1740,BEng Innovation and Enterprise Engineering,GE1401,GE2304,12651,C01
1740,BEng Innovation and Enterprise Engineering,GE1401,SYE1001,14066,C01
1741,BEng Innovation and Enterprise Engineering,GE1401,PHY1201,11377,T01
1741,BEng Innovation and Enterprise Engineering,GE1401,MA1200,11788,CC1
1741,BEng Innovation and Enterprise Engineering,GE1401,MA1200,11794,TC2
1741,BEng Innovation and Enterprise Engineering,GE1401,PHY1201,12179,L03
1741,BEng Innovation and Enterprise Engineering,GE1401,PHY1201,12368,C01
1741,BEng Innovation and Enterprise Engineering,GE1401,GE1501,12616,C11
1741,BEng Innovation and Enterprise Engineering,GE1401,GE2304,12651,C01
1741,BEng Innovation and Enterprise Engineering,GE1401,SYE1001,14066,C01
1741,BEng Innovation and Enterprise Engineering,GE1401,GE1401,15602,T58
1742,BEng Innovation and Enterprise Engineering,GE1401,GE1501,10256,C08
1742,BEng Innovation and Enterprise Engineering,GE1401,MA1200,11789,CD1
1742,BEng Innovation and Enterprise Engineering,GE1401,MA1200,11797,TD2
1742,BEng Innovation and Enterprise Engineering,GE1401,PHY1201,12188,TA1
1742,BEng Innovation and Enterprise Engineering,GE1401,PHY1201,12371,CA2
1742,BEng Innovation and Enterprise Engineering,GE1401,PHY1201,12375,LA1
1742,BEng Innovation and Enterprise Engineering,GE1401,GE2304,12651,C01
1742,BEng Innovation and Enterprise Engineering,GE1401,GE1401,13576,TB5
1742,BEng Innovation and Enterprise Engineering,GE1401,SYE1001,14066,C01
1743,BEng Innovation and Enterprise Engineering,GE1401,GE1501,10248,C01
1743,BEng Innovation and Enterprise Engineering,GE1401,PHY1201,11386,CA1
1743,BEng Innovation and Enterprise Engineering,GE1401,MA1200,11787,CA1
1743,BEng Innovation and Enterprise Engineering,GE1401,MA1200,11792,TA3
1743,BEng Innovation and Enterprise Engineering,GE1401,GE1401,12119,T18
1743,BEng Innovation and Enterprise Engineering,GE1401,PHY1201,12188,TA1
1743,BEng Innovation and Enterprise Engineering,GE1401,PHY1201,12375,LA1
1743,BEng Innovation and Enterprise Engineering,GE1401,GE2304,12651,C01
1743,BEng Innovation and Enterprise Engineering,GE1401,SYE1001,14066,C01
1744,BEng Innovation and Enterprise Engineering,GE1401,GE1501,10254,C06
1744,BEng Innovation and Enterprise Engineering,GE1401,PHY1201,11377,T01
1744,BEng Innovation and Enterprise Engineering,GE1401,GE1401,11496,T79
1744,BEng Innovation and Enterprise Engineering,GE1401,MA1200,11787,CA1
1744,BEng Innovation and Enterprise Engineering,GE1401,MA1200,11792,TA3
1744,BEng Innovation and Enterprise Engineering,GE1401,PHY1201,12180,L04
1744,BEng Innovation and Enterprise Engineering,GE1401,PHY1201,12367,C02
1744,BEng Innovation and Enterprise Engineering,GE1401,GE2304,12651,C01
1744,BEng Innovation and Enterprise Engineering,GE1401,SYE1001,14066,C01
1745,BEng Innovation and Enterprise Engineering,GE1401,GE1401,10685,T08
1745,BEng Innovation and Enterprise Engineering,GE1401,PHY1201,11377,T01
1745,BEng Innovation and Enterprise Engineering,GE1401,MA1200,11787,CA1
1745,BEng Innovation and Enterprise Engineering,GE1401,MA1200,11791,TA2
1745,BEng Innovation and Enterprise Engineering,GE1401,PHY1201,12179,L03
1745,BEng Innovation and Enterprise Engineering,GE1401,PHY1201,12367,C02
1745,BEng Innovation and Enterprise Engineering,GE1401,GE1501,12619,C14
1745,BEng Innovation and Enterprise Engineering,GE1401,GE2304,12651,C01
1745,BEng Innovation and Enterprise Engineering,GE1401,SYE1001,14066,C01
1746,BEng Innovation and Enterprise Engineering,GE1401,GE1501,10254,C06
1746,BEng Innovation and Enterprise Engineering,GE1401,PHY1201,11377,T01
1746,BEng Innovation and Enterprise Engineering,GE1401,MA1200,11787,CA1
1746,BEng Innovation and Enterprise Engineering,GE1401,MA1200,11791,TA2
1746,BEng Innovation and Enterprise Engineering,GE1401,PHY1201,12181,L05
1746,BEng Innovation and Enterprise Engineering,GE1401,PHY1201,12367,C02
1746,BEng Innovation and Enterprise Engineering,GE1401,GE2304,12651,C01
1746,BEng Innovation and Enterprise Engineering,GE1401,GE1401,12734,T71
1746,BEng Innovation and Enterprise Engineering,GE1401,SYE1001,14066,C01
1747,BEng Innovation and Enterprise Engineering,GE1401,GE1501,10248,C01
1747,BEng Innovation and Enterprise Engineering,GE1401,MA1200,11788,CC1
1747,BEng Innovation and Enterprise Engineering,GE1401,MA1200,11794,TC2
1747,BEng Innovation and Enterprise Engineering,GE1401,PHY1201,12181,L05
1747,BEng Innovation and Enterprise Engineering,GE1401,PHY1201,12368,C01
1747,BEng Innovation and Enterprise Engineering,GE1401,PHY1201,12369,T02
1747,BEng Innovation and Enterprise Engineering,GE1401,GE2304,12651,C01
1747,BEng Innovation and Enterprise Engineering,GE1401,GE1401,13568,T96
1747,BEng Innovation and Enterprise Engineering,GE1401,SYE1001,14066,C01
1748,BEng Innovation and Enterprise Engineering,GE1401,GE1501,10255,C07
1748,BEng Innovation and Enterprise Engineering,GE1401,GE1401,10693,T16
1748,BEng Innovation and Enterprise Engineering,GE1401,MA1200,11789,CD1
1748,BEng Innovation and Enterprise Engineering,GE1401,MA1200,11796,TD1
1748,BEng Innovation and Enterprise Engineering,GE1401,PHY1201,12177,L01
1748,BEng Innovation and Enterprise Engineering,GE1401,PHY1201,12368,C01
1748,BEng Innovation and Enterprise Engineering,GE1401,PHY1201,12369,T02
1748,BEng Innovation and Enterprise Engineering,GE1401,GE2304,12651,C01
1748,BEng Innovation and Enterprise Engineering,GE1401,SYE1001,14066,C01
1749,BEng Innovation and Enterprise Engineering,GE1401,GE1501,10254,C06
1749,BEng Innovation and Enterprise Engineering,GE1401,GE1401,10695,T19
1749,BEng Innovation and Enterprise Engineering,GE1401,PHY1201,11377,T01
1749,BEng Innovation and Enterprise Engineering,GE1401,MA1200,11787,CA1
1749,BEng Innovation and Enterprise Engineering,GE1401,MA1200,11792,TA3
1749,BEng Innovation and Enterprise Engineering,GE1401,PHY1201,12180,L04
1749,BEng Innovation and Enterprise Engineering,GE1401,PHY1201,12367,C02
1749,BEng Innovation and Enterprise Engineering,GE1401,GE2304,12651,C01
1749,BEng Innovation and Enterprise Engineering,GE1401,SYE1001,14066,C01
1750,BEng Innovation and Enterprise Engineering,GE1401,PHY1201,11377,T01
1750,BEng Innovation and Enterprise Engineering,GE1401,MA1200,11788,CC1
1750,BEng Innovation and Enterprise Engineering,GE1401,MA1200,11793,TC1
1750,BEng Innovation and Enterprise Engineering,GE1401,PHY1201,12178,L02
1750,BEng Innovation and Enterprise Engineering,GE1401,PHY1201,12367,C02
1750,BEng Innovation and Enterprise Engineering,GE1401,GE1501,12618,C13
1750,BEng Innovation and Enterprise Engineering,GE1401,GE2304,12651,C01
1750,BEng Innovation and Enterprise Engineering,GE1401,GE1401,13576,TB5
1750,BEng Innovation and Enterprise Engineering,GE1401,SYE1001,14066,C01
1751,BEng Innovation and Enterprise Engineering,GE1401,GE1501,10250,C03
1751,BEng Innovation and Enterprise Engineering,GE1401,GE1401,10705,T30
1751,BEng Innovation and Enterprise Engineering,GE1401,MA1200,11787,CA1
1751,BEng Innovation and Enterprise Engineering,GE1401,MA1200,11791,TA2
1751,BEng Innovation and Enterprise Engineering,GE1401,PHY1201,12177,L01
1751,BEng Innovation and Enterprise Engineering,GE1401,PHY1201,12368,C01
1751,BEng Innovation and Enterprise Engineering,GE1401,PHY1201,12369,T02
1751,BEng Innovation and Enterprise Engineering,GE1401,GE2304,12651,C01
1751,BEng Innovation and Enterprise Engineering,GE1401,SYE1001,14066,C01
1752,BEng Innovation and Enterprise Engineering,GE1401,GE1501,10254,C06
1752,BEng Innovation and Enterprise Engineering,GE1401,PHY1201,11377,T01
1752,BEng Innovation and Enterprise Engineering,GE1401,GE1401,11503,T89
1752,BEng Innovation and Enterprise Engineering,GE1401,MA1200,11789,CD1
1752,BEng Innovation and Enterprise Engineering,GE1401,MA1200,11798,TD3
1752,BEng Innovation and Enterprise Engineering,GE1401,PHY1201,12181,L05
1752,BEng Innovation and Enterprise Engineering,GE1401,PHY1201,12367,C02
1752,BEng Innovation and Enterprise Engineering,GE1401,GE2304,12651,C01
1752,BEng Innovation and Enterprise Engineering,GE1401,SYE1001,14066,C01
1753,BEng Innovation and Enterprise Engineering,LC0200A,LC0200A,10875,T06
1753,BEng Innovation and Enterprise Engineering,LC0200A,MA1200,11788,CC1
1753,BEng Innovation and Enterprise Engineering,LC0200A,MA1200,11795,TC3
1753,BEng Innovation and Enterprise Engineering,LC0200A,PHY1201,12188,TA1
1753,BEng Innovation and Enterprise Engineering,LC0200A,PHY1201,12371,CA2
1753,BEng Innovation and Enterprise Engineering,LC0200A,PHY1201,12375,LA1
1753,BEng Innovation and Enterprise Engineering,LC0200A,GE1501,12620,C15
1753,BEng Innovation and Enterprise Engineering,LC0200A,GE2304,12651,C01
1753,BEng Innovation and Enterprise Engineering,LC0200A,SYE1001,14066,C01
1754,BEng Innovation and Enterprise Engineering,LC0200A,GE1501,10255,C07
1754,BEng Innovation and Enterprise Engineering,LC0200A,LC0200A,10878,T09
1754,BEng Innovation and Enterprise Engineering,LC0200A,MA1200,11788,CC1
1754,BEng Innovation and Enterprise Engineering,LC0200A,MA1200,11795,TC3
1754,BEng Innovation and Enterprise Engineering,LC0200A,PHY1201,12371,CA2
1754,BEng Innovation and Enterprise Engineering,LC0200A,PHY1201,12372,TA2
1754,BEng Innovation and Enterprise Engineering,LC0200A,PHY1201,12376,LA2
1754,BEng Innovation and Enterprise Engineering,LC0200A,GE2304,12651,C01
1754,BEng Innovation and Enterprise Engineering,LC0200A,SYE1001,14066,C01
1755,BEng Innovation and Enterprise Engineering,LC0200A,MA1200,11789,CD1
1755,BEng Innovation and Enterprise Engineering,LC0200A,MA1200,11798,TD3
1755,BEng Innovation and Enterprise Engineering,LC0200A,PHY1201,12371,CA2
1755,BEng Innovation and Enterprise Engineering,LC0200A,PHY1201,12372,TA2
1755,BEng Innovation and Enterprise Engineering,LC0200A,PHY1201,12376,LA2
1755,BEng Innovation and Enterprise Engineering,LC0200A,GE1501,12616,C11
1755,BEng Innovation and Enterprise Engineering,LC0200A,GE2304,12651,C01
1755,BEng Innovation and Enterprise Engineering,LC0200A,SYE1001,14066,C01
1755,BEng Innovation and Enterprise Engineering,LC0200A,LC0200A,14952,T36
1756,BEng Innovation and Enterprise Engineering,LC0200A,GE1501,10257,CA1
1756,BEng Innovation and Enterprise Engineering,LC0200A,LC0200A,10893,T25
1756,BEng Innovation and Enterprise Engineering,LC0200A,PHY1201,11377,T01
1756,BEng Innovation and Enterprise Engineering,LC0200A,MA1200,11788,CC1
1756,BEng Innovation and Enterprise Engineering,LC0200A,MA1200,11793,TC1
1756,BEng Innovation and Enterprise Engineering,LC0200A,PHY1201,12177,L01
1756,BEng Innovation and Enterprise Engineering,LC0200A,PHY1201,12367,C02
1756,BEng Innovation and Enterprise Engineering,LC0200A,GE2304,12651,C01
1756,BEng Innovation and Enterprise Engineering,LC0200A,SYE1001,14066,C01
1757,BEng Innovation and Enterprise Engineering,LC0200A,GE1501,10249,C02
1757,BEng Innovation and Enterprise Engineering,LC0200A,PHY1201,11377,T01
1757,BEng Innovation and Enterprise Engineering,LC0200A,MA1200,11788,CC1
1757,BEng Innovation and Enterprise Engineering,LC0200A,MA1200,11793,TC1
1757,BEng Innovation and Enterprise Engineering,LC0200A,PHY1201,12180,L04
1757,BEng Innovation and Enterprise Engineering,LC0200A,LC0200A,12320,T38
1757,BEng Innovation and Enterprise Engineering,LC0200A,PHY1201,12368,C01
1757,BEng Innovation and Enterprise Engineering,LC0200A,GE2304,12651,C01
1757,BEng Innovation and Enterprise Engineering,LC0200A,SYE1001,14066,C01
1758,BEng Innovation and Enterprise Engineering,LC0200A,GE1501,10249,C02
1758,BEng Innovation and Enterprise Engineering,LC0200A,LC0200A,10879,T10
1758,BEng Innovation and Enterprise Engineering,LC0200A,MA1200,11787,CA1
1758,BEng Innovation and Enterprise Engineering,LC0200A,MA1200,11790,TA1
1758,BEng Innovation and Enterprise Engineering,LC0200A,PHY1201,12177,L01
1758,BEng Innovation and Enterprise Engineering,LC0200A,PHY1201,12368,C01
1758,BEng Innovation and Enterprise Engineering,LC0200A,PHY1201,12369,T02
1758,BEng Innovation and Enterprise Engineering,LC0200A,GE2304,12651,C01
1758,BEng Innovation and Enterprise Engineering,LC0200A,SYE1001,14066,C01
1759,BEng Innovation and Enterprise Engineering,LC0200A,LC0200A,11030,T31
1759,BEng Innovation and Enterprise Engineering,LC0200A,MA1200,11789,CD1
1759,BEng Innovation and Enterprise Engineering,LC0200A,MA1200,11797,TD2
1759,BEng Innovation and Enterprise Engineering,LC0200A,PHY1201,12179,L03
1759,BEng Innovation and Enterprise Engineering,LC0200A,PHY1201,12368,C01
1759,BEng Innovation and Enterprise Engineering,LC0200A,PHY1201,12369,T02
1759,BEng Innovation and Enterprise Engineering,LC0200A,GE1501,12620,C15
1759,BEng Innovation and Enterprise Engineering,LC0200A,GE2304,12651,C01
1759,BEng Innovation and Enterprise Engineering,LC0200A,SYE1001,14066,C01
1760,BEng Energy Science and Engineering,GE1401,CHEM1200,11294,L03
1760,BEng Energy Science and Engineering,GE1401,CHEM1200,11735,C02
1760,BEng Energy Science and Engineering,GE1401,CHEM1300,11748,C02
1760,BEng Energy Science and Engineering,GE1401,CHEM1300,11755,T01
1760,BEng Energy Science and Engineering,GE1401,MA1200,11785,CG1
1760,BEng Energy Science and Engineering,GE1401,MA1200,11805,TG1
1760,BEng Energy Science and Engineering,GE1401,CHEM1300,12100,L01
1760,BEng Energy Science and Engineering,GE1401,SEE1003,12365,C01
1760,BEng Energy Science and Engineering,GE1401,GE1401,14271,TB8
1761,BEng Energy Science and Engineering,GE1401,CHEM1200,10346,L01
1761,BEng Energy Science and Engineering,GE1401,CHEM1200,10384,C01
1761,BEng Energy Science and Engineering,GE1401,GE1401,10708,T34
1761,BEng Energy Science and Engineering,GE1401,CHEM1300,11747,C01
1761,BEng Energy Science and Engineering,GE1401,CHEM1300,11750,L05
1761,BEng Energy Science and Engineering,GE1401,CHEM1300,11755,T01
1761,BEng Energy Science and Engineering,GE1401,MA1200,11787,CA1
1761,BEng Energy Science and Engineering,GE1401,MA1200,11791,TA2
1761,BEng Energy Science and Engineering,GE1401,SEE1003,12365,C01
1762,BEng Energy Science and Engineering,GE1401,CHEM1200,10384,C01
1762,BEng Energy Science and Engineering,GE1401,CHEM1200,11294,L03
1762,BEng Energy Science and Engineering,GE1401,CHEM1300,11748,C02
1762,BEng Energy Science and Engineering,GE1401,CHEM1300,11755,T01
1762,BEng Energy Science and Engineering,GE1401,MA1200,11785,CG1
1762,BEng Energy Science and Engineering,GE1401,MA1200,11805,TG1
1762,BEng Energy Science and Engineering,GE1401,CHEM1300,12269,L04
1762,BEng Energy Science and Engineering,GE1401,SEE1003,12366,CA1
1762,BEng Energy Science and Engineering,GE1401,GE1401,15602,T58
1763,BEng Energy Science and Engineering,GE1401,CHEM1200,10346,L01
1763,BEng Energy Science and Engineering,GE1401,CHEM1200,10384,C01
1763,BEng Energy Science and Engineering,GE1401,CHEM1300,11747,C01
1763,BEng Energy Science and Engineering,GE1401,CHEM1300,11751,T04
1763,BEng Energy Science and Engineering,GE1401,MA1200,11785,CG1
1763,BEng Energy Science and Engineering,GE1401,MA1200,11807,TG3
1763,BEng Energy Science and Engineering,GE1401,CHEM1300,12100,L01
1763,BEng Energy Science and Engineering,GE1401,GE1401,12119,T18
1763,BEng Energy Science and Engineering,GE1401,SEE1003,12365,C01
1764,BEng Energy Science and Engineering,GE1401,GE1401,10684,T07
1764,BEng Energy Science and Engineering,GE1401,CHEM1300,11748,C02
1764,BEng Energy Science and Engineering,GE1401,CHEM1300,11751,T04
1764,BEng Energy Science and Engineering,GE1401,MA1200,11787,CA1
1764,BEng Energy Science and Engineering,GE1401,MA1200,11790,TA1
1764,BEng Energy Science and Engineering,GE1401,CHEM1300,12098,L02
1764,BEng Energy Science and Engineering,GE1401,SEE1003,12365,C01
1764,BEng Energy Science and Engineering,GE1401,CHEM1200,13869,CA1
1764,BEng Energy Science and Engineering,GE1401,CHEM1200,13871,LA1
1765,BEng Energy Science and Engineering,GE1401,CHEM1200,11294,L03
1765,BEng Energy Science and Engineering,GE1401,CHEM1200,11735,C02
1765,BEng Energy Science and Engineering,GE1401,CHEM1300,11747,C01
1765,BEng Energy Science and Engineering,GE1401,CHEM1300,11755,T01
1765,BEng Energy Science and Engineering,GE1401,MA1200,11786,CH1
1765,BEng Energy Science and Engineering,GE1401,MA1200,11809,TH2
1765,BEng Energy Science and Engineering,GE1401,CHEM1300,12100,L01
1765,BEng Energy Science and Engineering,GE1401,GE1401,12126,T67
1765,BEng Energy Science and Engineering,GE1401,SEE1003,12365,C01
1766,BEng Energy Science and Engineering,GE1401,CHEM1200,10384,C01
1766,BEng Energy Science and Engineering,GE1401,GE1401,10687,T10
1766,BEng Energy Science and Engineering,GE1401,CHEM1200,11092,L02
1766,BEng Energy Science and Engineering,GE1401,CHEM1300,11747,C01
1766,BEng Energy Science and Engineering,GE1401,CHEM1300,11750,L05
1766,BEng Energy Science and Engineering,GE1401,CHEM1300,11756,T05
1766,BEng Energy Science and Engineering,GE1401,MA1200,11786,CH1
1766,BEng Energy Science and Engineering,GE1401,MA1200,11808,TH1
1766,BEng Energy Science and Engineering,GE1401,SEE1003,12365,C01
1767,BEng Energy Science and Engineering,GE1401,GE1401,10679,T02
1767,BEng Energy Science and Engineering,GE1401,CHEM1200,11092,L02
1767,BEng Energy Science and Engineering,GE1401,CHEM1200,11735,C02
1767,BEng Energy Science and Engineering,GE1401,CHEM1300,11748,C02
1767,BEng Energy Science and Engineering,GE1401,CHEM1300,11751,T04
1767,BEng Energy Science and Engineering,GE1401,MA1200,11788,CC1
1767,BEng Energy Science and Engineering,GE1401,MA1200,11793,TC1
1767,BEng Energy Science and Engineering,GE1401,CHEM1300,12269,L04
1767,BEng Energy Science and Engineering,GE1401,SEE1003,12366,CA1
1768,BEng Energy Science and Engineering,GE1401,CHEM1200,10346,L01
1768,BEng Energy Science and Engineering,GE1401,GE1401,10696,T20
1768,BEng Energy Science and Engineering,GE1401,CHEM1200,11735,C02
1768,BEng Energy Science and Engineering,GE1401,CHEM1300,11747,C01
1768,BEng Energy Science and Engineering,GE1401,CHEM1300,11755,T01
1768,BEng Energy Science and Engineering,GE1401,MA1200,11782,CE1
1768,BEng Energy Science and Engineering,GE1401,MA1200,11799,TE1
1768,BEng Energy Science and Engineering,GE1401,CHEM1300,12269,L04
1768,BEng Energy Science and Engineering,GE1401,SEE1003,12365,C01
1769,BEng Energy Science and Engineering,GE1401,CHEM1200,10384,C01
1769,BEng Energy Science and Engineering,GE1401,CHEM1200,11295,L04
1769,BEng Energy Science and Engineering,GE1401,GE1401,11495,T77
1769,BEng Energy Science and Engineering,GE1401,CHEM1300,11747,C01
1769,BEng Energy Science and Engineering,GE1401,CHEM1300,11752,T02
1769,BEng Energy Science and Engineering,GE1401,MA1200,11787,CA1
1769,BEng Energy Science and Engineering,GE1401,MA1200,11791,TA2
1769,BEng Energy Science and Engineering,GE1401,CHEM1300,12269,L04
1769,BEng Energy Science and Engineering,GE1401,SEE1003,12365,C01
1770,BEng Energy Science and Engineering,GE1401,GE1401,11451,T68
1770,BEng Energy Science and Engineering,GE1401,CHEM1300,11747,C01
1770,BEng Energy Science and Engineering,GE1401,CHEM1300,11756,T05
1770,BEng Energy Science and Engineering,GE1401,MA1200,11788,CC1
1770,BEng Energy Science and Engineering,GE1401,MA1200,11794,TC2
1770,BEng Energy Science and Engineering,GE1401,CHEM1300,12269,L04
1770,BEng Energy Science and Engineering,GE1401,SEE1003,12365,C01
1770,BEng Energy Science and Engineering,GE1401,CHEM1200,13869,CA1
1770,BEng Energy Science and Engineering,GE1401,CHEM1200,13871,LA1
1771,BEng Energy Science and Engineering,GE1401,CHEM1200,11295,L04
1771,BEng Energy Science and Engineering,GE1401,CHEM1200,11735,C02
1771,BEng Energy Science and Engineering,GE1401,CHEM1300,11747,C01
1771,BEng Energy Science and Engineering,GE1401,CHEM1300,11751,T04
1771,BEng Energy Science and Engineering,GE1401,MA1200,11785,CG1
1771,BEng Energy Science and Engineering,GE1401,MA1200,11805,TG1
1771,BEng Energy Science and Engineering,GE1401,CHEM1300,12098,L02
1771,BEng Energy Science and Engineering,GE1401,SEE1003,12365,C01
1771,BEng Energy Science and Engineering,GE1401,GE1401,15183,TC4
1772,BEng Energy Science and Engineering,GE1401,CHEM1200,11295,L04
1772,BEng Energy Science and Engineering,GE1401,CHEM1200,11735,C02
1772,BEng Energy Science and Engineering,GE1401,CHEM1300,11747,C01
1772,BEng Energy Science and Engineering,GE1401,CHEM1300,11755,T01
1772,BEng Energy Science and Engineering,GE1401,MA1200,11785,CG1
1772,BEng Energy Science and Engineering,GE1401,MA1200,11805,TG1
1772,BEng Energy Science and Engineering,GE1401,CHEM1300,12100,L01
1772,BEng Energy Science and Engineering,GE1401,GE1401,12119,T18
1772,BEng Energy Science and Engineering,GE1401,SEE1003,12365,C01
1773,BEng Energy Science and Engineering,GE1401,GE1401,10714,T43
1773,BEng Energy Science and Engineering,GE1401,CHEM1200,11092,L02
1773,BEng Energy Science and Engineering,GE1401,CHEM1200,11735,C02
1773,BEng Energy Science and Engineering,GE1401,CHEM1300,11748,C02
1773,BEng Energy Science and Engineering,GE1401,CHEM1300,11751,T04
1773,BEng Energy Science and Engineering,GE1401,MA1200,11785,CG1
1773,BEng Energy Science and Engineering,GE1401,MA1200,11807,TG3
1773,BEng Energy Science and Engineering,GE1401,CHEM1300,12100,L01
1773,BEng Energy Science and Engineering,GE1401,SEE1003,12365,C01
1774,BEng Energy Science and Engineering,GE1401,GE1401,10695,T19
1774,BEng Energy Science and Engineering,GE1401,CHEM1300,11748,C02
1774,BEng Energy Science and Engineering,GE1401,CHEM1300,11752,T02
1774,BEng Energy Science and Engineering,GE1401,MA1200,11784,CF1
1774,BEng Energy Science and Engineering,GE1401,MA1200,11803,TF2
1774,BEng Energy Science and Engineering,GE1401,CHEM1300,12098,L02
1774,BEng Energy Science and Engineering,GE1401,SEE1003,12365,C01
1774,BEng Energy Science and Engineering,GE1401,CHEM1200,13869,CA1
1774,BEng Energy Science and Engineering,GE1401,CHEM1200,13871,LA1
1775,BEng Energy Science and Engineering,GE1401,GE1401,10721,T54
1775,BEng Energy Science and Engineering,GE1401,CHEM1300,11747,C01
1775,BEng Energy Science and Engineering,GE1401,CHEM1300,11752,T02
1775,BEng Energy Science and Engineering,GE1401,MA1200,11782,CE1
1775,BEng Energy Science and Engineering,GE1401,MA1200,11799,TE1
1775,BEng Energy Science and Engineering,GE1401,CHEM1300,12269,L04
1775,BEng Energy Science and Engineering,GE1401,SEE1003,12365,C01
1775,BEng Energy Science and Engineering,GE1401,CHEM1200,13869,CA1
1775,BEng Energy Science and Engineering,GE1401,CHEM1200,13871,LA1
1776,BEng Energy Science and Engineering,GE1401,CHEM1200,10384,C01
1776,BEng Energy Science and Engineering,GE1401,CHEM1200,11294,L03
1776,BEng Energy Science and Engineering,GE1401,CHEM1300,11748,C02
1776,BEng Energy Science and Engineering,GE1401,CHEM1300,11756,T05
1776,BEng Energy Science and Engineering,GE1401,MA1200,11784,CF1
1776,BEng Energy Science and Engineering,GE1401,MA1200,11803,TF2
1776,BEng Energy Science and Engineering,GE1401,CHEM1300,12098,L02
1776,BEng Energy Science and Engineering,GE1401,SEE1003,12366,CA1
1776,BEng Energy Science and Engineering,GE1401,GE1401,13263,T92
1777,BEng Energy Science and Engineering,GE1401,CHEM1300,11748,C02
1777,BEng Energy Science and Engineering,GE1401,CHEM1300,11751,T04
1777,BEng Energy Science and Engineering,GE1401,MA1200,11787,CA1
1777,BEng Energy Science and Engineering,GE1401,MA1200,11790,TA1
1777,BEng Energy Science and Engineering,GE1401,CHEM1300,12098,L02
1777,BEng Energy Science and Engineering,GE1401,SEE1003,12365,C01
1777,BEng Energy Science and Engineering,GE1401,GE1401,13568,T96
1777,BEng Energy Science and Engineering,GE1401,CHEM1200,13869,CA1
1777,BEng Energy Science and Engineering,GE1401,CHEM1200,13871,LA1
1778,BEng Energy Science and Engineering,GE1401,CHEM1200,11092,L02
1778,BEng Energy Science and Engineering,GE1401,CHEM1200,11735,C02
1778,BEng Energy Science and Engineering,GE1401,CHEM1300,11748,C02
1778,BEng Energy Science and Engineering,GE1401,CHEM1300,11755,T01
1778,BEng Energy Science and Engineering,GE1401,MA1200,11786,CH1
1778,BEng Energy Science and Engineering,GE1401,MA1200,11808,TH1
1778,BEng Energy Science and Engineering,GE1401,CHEM1300,12100,L01
1778,BEng Energy Science and Engineering,GE1401,GE1401,12119,T18
1778,BEng Energy Science and Engineering,GE1401,SEE1003,12365,C01
1779,BEng Energy Science and Engineering,GE1401,CHEM1200,11295,L04
1779,BEng Energy Science and Engineering,GE1401,CHEM1200,11735,C02
1779,BEng Energy Science and Engineering,GE1401,CHEM1300,11748,C02
1779,BEng Energy Science and Engineering,GE1401,CHEM1300,11751,T04
1779,BEng Energy Science and Engineering,GE1401,MA1200,11789,CD1
1779,BEng Energy Science and Engineering,GE1401,MA1200,11796,TD1
1779,BEng Energy Science and Engineering,GE1401,CHEM1300,12269,L04
1779,BEng Energy Science and Engineering,GE1401,SEE1003,12366,CA1
1779,BEng Energy Science and Engineering,GE1401,GE1401,12397,T51
1780,BEng Energy Science and Engineering,GE1401,CHEM1200,10384,C01
1780,BEng Energy Science and Engineering,GE1401,GE1401,10708,T34
1780,BEng Energy Science and Engineering,GE1401,CHEM1200,11294,L03
1780,BEng Energy Science and Engineering,GE1401,CHEM1300,11748,C02
1780,BEng Energy Science and Engineering,GE1401,CHEM1300,11752,T02
1780,BEng Energy Science and Engineering,GE1401,MA1200,11785,CG1
1780,BEng Energy Science and Engineering,GE1401,MA1200,11806,TG2
1780,BEng Energy Science and Engineering,GE1401,CHEM1300,12098,L02
1780,BEng Energy Science and Engineering,GE1401,SEE1003,12366,CA1
1781,BEng Energy Science and Engineering,GE1401,GE1401,11500,T86
1781,BEng Energy Science and Engineering,GE1401,CHEM1300,11748,C02
1781,BEng Energy Science and Engineering,GE1401,CHEM1300,11756,T05
1781,BEng Energy Science and Engineering,GE1401,MA1200,11784,CF1
1781,BEng Energy Science and Engineering,GE1401,MA1200,11803,TF2
1781,BEng Energy Science and Engineering,GE1401,CHEM1300,12269,L04
1781,BEng Energy Science and Engineering,GE1401,SEE1003,12365,C01
1781,BEng Energy Science and Engineering,GE1401,CHEM1200,13869,CA1
1781,BEng Energy Science and Engineering,GE1401,CHEM1200,13871,LA1
1782,BEng Energy Science and Engineering,GE1401,CHEM1200,10346,L01
1782,BEng Energy Science and Engineering,GE1401,CHEM1200,11735,C02
1782,BEng Energy Science and Engineering,GE1401,CHEM1300,11748,C02
1782,BEng Energy Science and Engineering,GE1401,CHEM1300,11751,T04
1782,BEng Energy Science and Engineering,GE1401,MA1200,11788,CC1
1782,BEng Energy Science and Engineering,GE1401,MA1200,11794,TC2
1782,BEng Energy Science and Engineering,GE1401,CHEM1300,12269,L04
1782,BEng Energy Science and Engineering,GE1401,SEE1003,12365,C01
1782,BEng Energy Science and Engineering,GE1401,GE1401,15602,T58
1783,BEng Energy Science and Engineering,LC0200A,LC0200A,10875,T06
1783,BEng Energy Science and Engineering,LC0200A,CHEM1200,11294,L03
1783,BEng Energy Science and Engineering,LC0200A,CHEM1200,11735,C02
1783,BEng Energy Science and Engineering,LC0200A,CHEM1300,11748,C02
1783,BEng Energy Science and Engineering,LC0200A,CHEM1300,11752,T02
1783,BEng Energy Science and Engineering,LC0200A,MA1200,11786,CH1
1783,BEng Energy Science and Engineering,LC0200A,MA1200,11809,TH2
1783,BEng Energy Science and Engineering,LC0200A,CHEM1300,12100,L01
1783,BEng Energy Science and Engineering,LC0200A,SEE1003,12365,C01
1784,BEng Energy Science and Engineering,LC0200A,LC0200A,10894,T26
1784,BEng Energy Science and Engineering,LC0200A,CHEM1300,11748,C02
1784,BEng Energy Science and Engineering,LC0200A,CHEM1300,11750,L05
1784,BEng Energy Science and Engineering,LC0200A,CHEM1300,11756,T05
1784,BEng Energy Science and Engineering,LC0200A,MA1200,11786,CH1
1784,BEng Energy Science and Engineering,LC0200A,MA1200,11810,TH3
1784,BEng Energy Science and Engineering,LC0200A,SEE1003,12365,C01
1784,BEng Energy Science and Engineering,LC0200A,CHEM1200,13869,CA1
1784,BEng Energy Science and Engineering,LC0200A,CHEM1200,13871,LA1
1785,BEng Energy Science and Engineering,LC0200A,CHEM1200,10346,L01
1785,BEng Energy Science and Engineering,LC0200A,LC0200A,10887,T19
1785,BEng Energy Science and Engineering,LC0200A,CHEM1200,11735,C02
1785,BEng Energy Science and Engineering,LC0200A,CHEM1300,11748,C02
1785,BEng Energy Science and Engineering,LC0200A,CHEM1300,11752,T02
1785,BEng Energy Science and Engineering,LC0200A,MA1200,11789,CD1
1785,BEng Energy Science and Engineering,LC0200A,MA1200,11797,TD2
1785,BEng Energy Science and Engineering,LC0200A,CHEM1300,12269,L04
1785,BEng Energy Science and Engineering,LC0200A,SEE1003,12365,C01
1786,BEng Energy Science and Engineering,LC0200A,CHEM1200,10384,C01
1786,BEng Energy Science and Engineering,LC0200A,LC0200A,10879,T10
1786,BEng Energy Science and Engineering,LC0200A,CHEM1200,11092,L02
1786,BEng Energy Science and Engineering,LC0200A,CHEM1300,11748,C02
1786,BEng Energy Science and Engineering,LC0200A,CHEM1300,11755,T01
1786,BEng Energy Science and Engineering,LC0200A,MA1200,11785,CG1
1786,BEng Energy Science and Engineering,LC0200A,MA1200,11805,TG1
1786,BEng Energy Science and Engineering,LC0200A,CHEM1300,12098,L02
1786,BEng Energy Science and Engineering,LC0200A,SEE1003,12365,C01
1787,BEng Energy Science and Engineering,LC0200A,LC0200A,11029,T30
1787,BEng Energy Science and Engineering,LC0200A,CHEM1200,11294,L03
1787,BEng Energy Science and Engineering,LC0200A,CHEM1200,11735,C02
1787,BEng Energy Science and Engineering,LC0200A,CHEM1300,11748,C02
1787,BEng Energy Science and Engineering,LC0200A,CHEM1300,11751,T04
1787,BEng Energy Science and Engineering,LC0200A,MA1200,11786,CH1
1787,BEng Energy Science and Engineering,LC0200A,MA1200,11808,TH1
1787,BEng Energy Science and Engineering,LC0200A,CHEM1300,12269,L04
1787,BEng Energy Science and Engineering,LC0200A,SEE1003,12365,C01
1788,BEng Energy Science and Engineering,LC0200A,CHEM1200,11294,L03
1788,BEng Energy Science and Engineering,LC0200A,CHEM1200,11735,C02
1788,BEng Energy Science and Engineering,LC0200A,CHEM1300,11747,C01
1788,BEng Energy Science and Engineering,LC0200A,CHEM1300,11755,T01
1788,BEng Energy Science and Engineering,LC0200A,MA1200,11789,CD1
1788,BEng Energy Science and Engineering,LC0200A,MA1200,11796,TD1
1788,BEng Energy Science and Engineering,LC0200A,CHEM1300,12098,L02
1788,BEng Energy Science and Engineering,LC0200A,SEE1003,12365,C01
1788,BEng Energy Science and Engineering,LC0200A,LC0200A,14950,T18
1789,BEng Energy Science and Engineering,LC0200A,CHEM1200,10346,L01
1789,BEng Energy Science and Engineering,LC0200A,CHEM1200,10384,C01
1789,BEng Energy Science and Engineering,LC0200A,LC0200A,10889,T21
1789,BEng Energy Science and Engineering,LC0200A,CHEM1300,11747,C01
1789,BEng Energy Science and Engineering,LC0200A,CHEM1300,11756,T05
1789,BEng Energy Science and Engineering,LC0200A,MA1200,11786,CH1
1789,BEng Energy Science and Engineering,LC0200A,MA1200,11809,TH2
1789,BEng Energy Science and Engineering,LC0200A,CHEM1300,12100,L01
1789,BEng Energy Science and Engineering,LC0200A,SEE1003,12366,CA1
1790,BEng Energy Science and Engineering,LC0200A,CHEM1200,11092,L02
1790,BEng Energy Science and Engineering,LC0200A,CHEM1200,11735,C02
1790,BEng Energy Science and Engineering,LC0200A,CHEM1300,11748,C02
1790,BEng Energy Science and Engineering,LC0200A,CHEM1300,11752,T02
1790,BEng Energy Science and Engineering,LC0200A,MA1200,11787,CA1
1790,BEng Energy Science and Engineering,LC0200A,MA1200,11791,TA2
1790,BEng Energy Science and Engineering,LC0200A,CHEM1300,12098,L02
1790,BEng Energy Science and Engineering,LC0200A,LC0200A,12333,T40
1790,BEng Energy Science and Engineering,LC0200A,SEE1003,12365,C01
1791,BEng Energy Science and Engineering,LC0200A,CHEM1200,10384,C01
1791,BEng Energy Science and Engineering,LC0200A,CHEM1200,11295,L04
1791,BEng Energy Science and Engineering,LC0200A,CHEM1300,11748,C02
1791,BEng Energy Science and Engineering,LC0200A,CHEM1300,11756,T05
1791,BEng Energy Science and Engineering,LC0200A,MA1200,11789,CD1
1791,BEng Energy Science and Engineering,LC0200A,MA1200,11796,TD1
1791,BEng Energy Science and Engineering,LC0200A,CHEM1300,12098,L02
1791,BEng Energy Science and Engineering,LC0200A,LC0200A,12333,T40
1791,BEng Energy Science and Engineering,LC0200A,SEE1003,12366,CA1
1792,BEng Environmental Science and Engineering,GE1401,CHEM1200,11295,L04
1792,BEng Environmental Science and Engineering,GE1401,CHEM1200,11735,C02
1792,BEng Environmental Science and Engineering,GE1401,CHEM1300,11747,C01
1792,BEng Environmental Science and Engineering,GE1401,CHEM1300,11755,T01
1792,BEng Environmental Science and Engineering,GE1401,MA1200,11786,CH1
1792,BEng Environmental Science and Engineering,GE1401,MA1200,11810,TH3
1792,BEng Environmental Science and Engineering,GE1401,CHEM1300,12098,L02
1792,BEng Environmental Science and Engineering,GE1401,SEE1003,12365,C01
1792,BEng Environmental Science and Engineering,GE1401,GE1401,15205,TC5
1793,BEng Environmental Science and Engineering,GE1401,CHEM1200,10346,L01
1793,BEng Environmental Science and Engineering,GE1401,CHEM1200,10384,C01
1793,BEng Environmental Science and Engineering,GE1401,CHEM1300,11747,C01
1793,BEng Environmental Science and Engineering,GE1401,CHEM1300,11750,L05
1793,BEng Environmental Science and Engineering,GE1401,CHEM1300,11751,T04
1793,BEng Environmental Science and Engineering,GE1401,MA1200,11786,CH1
1793,BEng Environmental Science and Engineering,GE1401,MA1200,11810,TH3
1793,BEng Environmental Science and Engineering,GE1401,SEE1003,12365,C01
1793,BEng Environmental Science and Engineering,GE1401,GE1401,13572,TB1
1794,BEng Environmental Science and Engineering,GE1401,CHEM1200,11092,L02
1794,BEng Environmental Science and Engineering,GE1401,GE1401,11505,T93
1794,BEng Environmental Science and Engineering,GE1401,CHEM1200,11735,C02
1794,BEng Environmental Science and Engineering,GE1401,CHEM1300,11748,C02
1794,BEng Environmental Science and Engineering,GE1401,CHEM1300,11752,T02
1794,BEng Environmental Science and Engineering,GE1401,MA1200,11786,CH1
1794,BEng Environmental Science and Engineering,GE1401,MA1200,11809,TH2
1794,BEng Environmental Science and Engineering,GE1401,CHEM1300,12098,L02
1794,BEng Environmental Science and Engineering,GE1401,SEE1003,12365,C01
1795,BEng Environmental Science and Engineering,GE1401,CHEM1200,10384,C01
1795,BEng Environmental Science and Engineering,GE1401,CHEM1200,11294,L03
1795,BEng Environmental Science and Engineering,GE1401,MA1200,11784,CF1
1795,BEng Environmental Science and Engineering,GE1401,MA1200,11802,TF1
1795,BEng Environmental Science and Engineering,GE1401,GE1401,12121,T33
1795,BEng Environmental Science and Engineering,GE1401,SEE1003,12365,C01
1795,BEng Environmental Science and Engineering,GE1401,CHEM1300,13875,CC1
1795,BEng Environmental Science and Engineering,GE1401,CHEM1300,13876,LC1
1795,BEng Environmental Science and Engineering,GE1401,CHEM1300,13878,TC1
1796,BEng Environmental Science and Engineering,GE1401,CHEM1200,10346,L01
1796,BEng Environmental Science and Engineering,GE1401,GE1401,10717,T48
1796,BEng Environmental Science and Engineering,GE1401,CHEM1200,11735,C02
1796,BEng Environmental Science and Engineering,GE1401,CHEM1300,11748,C02
1796,BEng Environmental Science and Engineering,GE1401,CHEM1300,11752,T02
1796,BEng Environmental Science and Engineering,GE1401,MA1200,11785,CG1
1796,BEng Environmental Science and Engineering,GE1401,MA1200,11805,TG1
1796,BEng Environmental Science and Engineering,GE1401,CHEM1300,12269,L04
1796,BEng Environmental Science and Engineering,GE1401,SEE1003,12365,C01
1797,BEng Environmental Science and Engineering,GE1401,GE1401,10693,T16
1797,BEng Environmental Science and Engineering,GE1401,CHEM1200,11294,L03
1797,BEng Environmental Science and Engineering,GE1401,CHEM1200,11735,C02
1797,BEng Environmental Science and Engineering,GE1401,CHEM1300,11747,C01
1797,BEng Environmental Science and Engineering,GE1401,CHEM1300,11755,T01
1797,BEng Environmental Science and Engineering,GE1401,MA1200,11788,CC1
1797,BEng Environmental Science and Engineering,GE1401,MA1200,11793,TC1
1797,BEng Environmental Science and Engineering,GE1401,CHEM1300,12098,L02
1797,BEng Environmental Science and Engineering,GE1401,SEE1003,12365,C01
1798,BEng Environmental Science and Engineering,GE1401,CHEM1200,10384,C01
1798,BEng Environmental Science and Engineering,GE1401,CHEM1200,11294,L03
1798,BEng Environmental Science and Engineering,GE1401,GE1401,11495,T77
1798,BEng Environmental Science and Engineering,GE1401,MA1200,11788,CC1
1798,BEng Environmental Science and Engineering,GE1401,MA1200,11793,TC1
1798,BEng Environmental Science and Engineering,GE1401,SEE1003,12365,C01
1798,BEng Environmental Science and Engineering,GE1401,CHEM1300,13875,CC1
1798,BEng Environmental Science and Engineering,GE1401,CHEM1300,13876,LC1
1798,BEng Environmental Science and Engineering,GE1401,CHEM1300,13878,TC1
1799,BEng Environmental Science and Engineering,GE1401,CHEM1200,11294,L03
1799,BEng Environmental Science and Engineering,GE1401,CHEM1200,11735,C02
1799,BEng Environmental Science and Engineering,GE1401,CHEM1300,11747,C01
1799,BEng Environmental Science and Engineering,GE1401,CHEM1300,11752,T02
1799,BEng Environmental Science and Engineering,GE1401,MA1200,11784,CF1
1799,BEng Environmental Science and Engineering,GE1401,MA1200,11803,TF2
1799,BEng Environmental Science and Engineering,GE1401,CHEM1300,12098,L02
1799,BEng Environmental Science and Engineering,GE1401,SEE1003,12365,C01
1799,BEng Environmental Science and Engineering,GE1401,GE1401,13573,TB2
1800,BEng Environmental Science and Engineering,GE1401,CHEM1200,10384,C01
1800,BEng Environmental Science and Engineering,GE1401,GE1401,10730,T64
1800,BEng Environmental Science and Engineering,GE1401,CHEM1200,11295,L04
1800,BEng Environmental Science and Engineering,GE1401,CHEM1300,11748,C02
1800,BEng Environmental Science and Engineering,GE1401,CHEM1300,11756,T05
1800,BEng Environmental Science and Engineering,GE1401,MA1200,11787,CA1
1800,BEng Environmental Science and Engineering,GE1401,MA1200,11791,TA2
1800,BEng Environmental Science and Engineering,GE1401,CHEM1300,12269,L04
1800,BEng Environmental Science and Engineering,GE1401,SEE1003,12365,C01
1801,BEng Environmental Science and Engineering,GE1401,CHEM1200,11294,L03
1801,BEng Environmental Science and Engineering,GE1401,GE1401,11451,T68
1801,BEng Environmental Science and Engineering,GE1401,CHEM1200,11735,C02
1801,BEng Environmental Science and Engineering,GE1401,CHEM1300,11747,C01
1801,BEng Environmental Science and Engineering,GE1401,CHEM1300,11752,T02
1801,BEng Environmental Science and Engineering,GE1401,MA1200,11782,CE1
1801,BEng Environmental Science and Engineering,GE1401,MA1200,11801,TE3
1801,BEng Environmental Science and Engineering,GE1401,CHEM1300,12098,L02
1801,BEng Environmental Science and Engineering,GE1401,SEE1003,12365,C01
1802,BEng Environmental Science and Engineering,GE1401,GE1401,10357,T01
1802,BEng Environmental Science and Engineering,GE1401,CHEM1200,10384,C01
1802,BEng Environmental Science and Engineering,GE1401,CHEM1200,11294,L03
1802,BEng Environmental Science and Engineering,GE1401,CHEM1300,11747,C01
1802,BEng Environmental Science and Engineering,GE1401,CHEM1300,11750,L05
1802,BEng Environmental Science and Engineering,GE1401,CHEM1300,11752,T02
1802,BEng Environmental Science and Engineering,GE1401,MA1200,11785,CG1
1802,BEng Environmental Science and Engineering,GE1401,MA1200,11805,TG1
1802,BEng Environmental Science and Engineering,GE1401,SEE1003,12365,C01
1803,BEng Environmental Science and Engineering,GE1401,GE1401,10708,T34
1803,BEng Environmental Science and Engineering,GE1401,CHEM1200,11294,L03
1803,BEng Environmental Science and Engineering,GE1401,CHEM1200,11735,C02
1803,BEng Environmental Science and Engineering,GE1401,CHEM1300,11747,C01
1803,BEng Environmental Science and Engineering,GE1401,CHEM1300,11755,T01
1803,BEng Environmental Science and Engineering,GE1401,MA1200,11787,CA1
1803,BEng Environmental Science and Engineering,GE1401,MA1200,11791,TA2
1803,BEng Environmental Science and Engineering,GE1401,CHEM1300,12269,L04
1803,BEng Environmental Science and Engineering,GE1401,SEE1003,12365,C01
1804,BEng Environmental Science and Engineering,GE1401,GE1401,10696,T20
1804,BEng Environmental Science and Engineering,GE1401,CHEM1300,11748,C02
1804,BEng Environmental Science and Engineering,GE1401,CHEM1300,11756,T05
1804,BEng Environmental Science and Engineering,GE1401,MA1200,11782,CE1
1804,BEng Environmental Science and Engineering,GE1401,MA1200,11801,TE3
1804,BEng Environmental Science and Engineering,GE1401,CHEM1300,12100,L01
1804,BEng Environmental Science and Engineering,GE1401,SEE1003,12365,C01
1804,BEng Environmental Science and Engineering,GE1401,CHEM1200,13869,CA1
1804,BEng Environmental Science and Engineering,GE1401,CHEM1200,13871,LA1
1805,BEng Environmental Science and Engineering,GE1401,GE1401,10731,T66
1805,BEng Environmental Science and Engineering,GE1401,CHEM1200,11295,L04
1805,BEng Environmental Science and Engineering,GE1401,CHEM1200,11735,C02
1805,BEng Environmental Science and Engineering,GE1401,CHEM1300,11747,C01
1805,BEng Environmental Science and Engineering,GE1401,CHEM1300,11755,T01
1805,BEng Environmental Science and Engineering,GE1401,MA1200,11787,CA1
1805,BEng Environmental Science and Engineering,GE1401,MA1200,11790,TA1
1805,BEng Environmental Science and Engineering,GE1401,CHEM1300,12098,L02
1805,BEng Environmental Science and Engineering,GE1401,SEE1003,12365,C01
1806,BEng Environmental Science and Engineering,GE1401,GE1401,10701,T25
1806,BEng Environmental Science and Engineering,GE1401,CHEM1200,11092,L02
1806,BEng Environmental Science and Engineering,GE1401,CHEM1200,11735,C02
1806,BEng Environmental Science and Engineering,GE1401,CHEM1300,11747,C01
1806,BEng Environmental Science and Engineering,GE1401,CHEM1300,11752,T02
1806,BEng Environmental Science and Engineering,GE1401,MA1200,11789,CD1
1806,BEng Environmental Science and Engineering,GE1401,MA1200,11797,TD2
1806,BEng Environmental Science and Engineering,GE1401,CHEM1300,12098,L02
1806,BEng Environmental Science and Engineering,GE1401,SEE1003,12365,C01
1807,BEng Environmental Science and Engineering,GE1401,CHEM1300,11748,C02
1807,BEng Environmental Science and Engineering,GE1401,CHEM1300,11756,T05
1807,BEng Environmental Science and Engineering,GE1401,MA1200,11784,CF1
1807,BEng Environmental Science and Engineering,GE1401,MA1200,11803,TF2
1807,BEng Environmental Science and Engineering,GE1401,CHEM1300,12100,L01
1807,BEng Environmental Science and Engineering,GE1401,SEE1003,12365,C01
1807,BEng Environmental Science and Engineering,GE1401,CHEM1200,13869,CA1
1807,BEng Environmental Science and Engineering,GE1401,CHEM1200,13871,LA1
1807,BEng Environmental Science and Engineering,GE1401,GE1401,15602,T58
1808,BEng Environmental Science and Engineering,GE1401,CHEM1200,10384,C01
1808,BEng Environmental Science and Engineering,GE1401,CHEM1200,11092,L02
1808,BEng Environmental Science and Engineering,GE1401,CHEM1300,11748,C02
1808,BEng Environmental Science and Engineering,GE1401,CHEM1300,11751,T04
1808,BEng Environmental Science and Engineering,GE1401,MA1200,11785,CG1
1808,BEng Environmental Science and Engineering,GE1401,MA1200,11805,TG1
1808,BEng Environmental Science and Engineering,GE1401,CHEM1300,12100,L01
1808,BEng Environmental Science and Engineering,GE1401,SEE1003,12366,CA1
1808,BEng Environmental Science and Engineering,GE1401,GE1401,12733,T62
1809,BEng Environmental Science and Engineering,GE1401,CHEM1200,11294,L03
1809,BEng Environmental Science and Engineering,GE1401,CHEM1200,11735,C02
1809,BEng Environmental Science and Engineering,GE1401,CHEM1300,11748,C02
1809,BEng Environmental Science and Engineering,GE1401,CHEM1300,11751,T04
1809,BEng Environmental Science and Engineering,GE1401,MA1200,11782,CE1
1809,BEng Environmental Science and Engineering,GE1401,MA1200,11799,TE1
1809,BEng Environmental Science and Engineering,GE1401,CHEM1300,12100,L01
1809,BEng Environmental Science and Engineering,GE1401,GE1401,12126,T67
1809,BEng Environmental Science and Engineering,GE1401,SEE1003,12365,C01
1810,BEng Environmental Science and Engineering,GE1401,CHEM1200,10346,L01
1810,BEng Environmental Science and Engineering,GE1401,CHEM1200,10384,C01
1810,BEng Environmental Science and Engineering,GE1401,GE1401,10690,T13
1810,BEng Environmental Science and Engineering,GE1401,CHEM1300,11748,C02
1810,BEng Environmental Science and Engineering,GE1401,CHEM1300,11750,L05
1810,BEng Environmental Science and Engineering,GE1401,CHEM1300,11751,T04
1810,BEng Environmental Science and Engineering,GE1401,MA1200,11786,CH1
1810,BEng Environmental Science and Engineering,GE1401,MA1200,11810,TH3
1810,BEng Environmental Science and Engineering,GE1401,SEE1003,12365,C01
1811,BEng Environmental Science and Engineering,GE1401,GE1401,10694,T17
1811,BEng Environmental Science and Engineering,GE1401,CHEM1200,11294,L03
1811,BEng Environmental Science and Engineering,GE1401,CHEM1200,11735,C02
1811,BEng Environmental Science and Engineering,GE1401,CHEM1300,11748,C02
1811,BEng Environmental Science and Engineering,GE1401,CHEM1300,11752,T02
1811,BEng Environmental Science and Engineering,GE1401,MA1200,11782,CE1
1811,BEng Environmental Science and Engineering,GE1401,MA1200,11799,TE1
1811,BEng Environmental Science and Engineering,GE1401,CHEM1300,12098,L02
1811,BEng Environmental Science and Engineering,GE1401,SEE1003,12365,C01
1812,BEng Environmental Science and Engineering,GE1401,CHEM1200,11294,L03
1812,BEng Environmental Science and Engineering,GE1401,CHEM1200,11735,C02
1812,BEng Environmental Science and Engineering,GE1401,CHEM1300,11748,C02
1812,BEng Environmental Science and Engineering,GE1401,CHEM1300,11751,T04
1812,BEng Environmental Science and Engineering,GE1401,MA1200,11784,CF1
1812,BEng Environmental Science and Engineering,GE1401,MA1200,11804,TF3
1812,BEng Environmental Science and Engineering,GE1401,CHEM1300,12098,L02
1812,BEng Environmental Science and Engineering,GE1401,SEE1003,12365,C01
1812,BEng Environmental Science and Engineering,GE1401,GE1401,13573,TB2
1813,BEng Environmental Science and Engineering,GE1401,GE1401,10704,T29
1813,BEng Environmental Science and Engineering,GE1401,CHEM1300,11747,C01
1813,BEng Environmental Science and Engineering,GE1401,CHEM1300,11750,L05
1813,BEng Environmental Science and Engineering,GE1401,CHEM1300,11751,T04
1813,BEng Environmental Science and Engineering,GE1401,MA1200,11785,CG1
1813,BEng Environmental Science and Engineering,GE1401,MA1200,11807,TG3
1813,BEng Environmental Science and Engineering,GE1401,SEE1003,12365,C01
1813,BEng Environmental Science and Engineering,GE1401,CHEM1200,13869,CA1
1813,BEng Environmental Science and Engineering,GE1401,CHEM1200,13871,LA1
1814,BEng Environmental Science and Engineering,GE1401,CHEM1200,10384,C01
1814,BEng Environmental Science and Engineering,GE1401,GE1401,10717,T48
1814,BEng Environmental Science and Engineering,GE1401,CHEM1200,11092,L02
1814,BEng Environmental Science and Engineering,GE1401,CHEM1300,11747,C01
1814,BEng Environmental Science and Engineering,GE1401,CHEM1300,11750,L05
1814,BEng Environmental Science and Engineering,GE1401,CHEM1300,11752,T02
1814,BEng Environmental Science and Engineering,GE1401,MA1200,11784,CF1
1814,BEng Environmental Science and Engineering,GE1401,MA1200,11804,TF3
1814,BEng Environmental Science and Engineering,GE1401,SEE1003,12365,C01
1815,BEng Environmental Science and Engineering,LC0200A,LC0200A,10887,T19
1815,BEng Environmental Science and Engineering,LC0200A,CHEM1200,11092,L02
1815,BEng Environmental Science and Engineering,LC0200A,CHEM1200,11735,C02
1815,BEng Environmental Science and Engineering,LC0200A,CHEM1300,11747,C01
1815,BEng Environmental Science and Engineering,LC0200A,CHEM1300,11751,T04
1815,BEng Environmental Science and Engineering,LC0200A,MA1200,11786,CH1
1815,BEng Environmental Science and Engineering,LC0200A,MA1200,11810,TH3
1815,BEng Environmental Science and Engineering,LC0200A,CHEM1300,12100,L01
1815,BEng Environmental Science and Engineering,LC0200A,SEE1003,12366,CA1
1816,BEng Environmental Science and Engineering,LC0200A,CHEM1200,10384,C01
1816,BEng Environmental Science and Engineering,LC0200A,LC0200A,10881,T12
1816,BEng Environmental Science and Engineering,LC0200A,CHEM1200,11295,L04
1816,BEng Environmental Science and Engineering,LC0200A,CHEM1300,11747,C01
1816,BEng Environmental Science and Engineering,LC0200A,CHEM1300,11750,L05
1816,BEng Environmental Science and Engineering,LC0200A,CHEM1300,11751,T04
1816,BEng Environmental Science and Engineering,LC0200A,MA1200,11782,CE1
1816,BEng Environmental Science and Engineering,LC0200A,MA1200,11801,TE3
1816,BEng Environmental Science and Engineering,LC0200A,SEE1003,12365,C01
1817,BEng Environmental Science and Engineering,LC0200A,CHEM1200,10346,L01
1817,BEng Environmental Science and Engineering,LC0200A,LC0200A,10882,T13
1817,BEng Environmental Science and Engineering,LC0200A,CHEM1200,11735,C02
1817,BEng Environmental Science and Engineering,LC0200A,MA1200,11789,CD1
1817,BEng Environmental Science and Engineering,LC0200A,MA1200,11797,TD2
1817,BEng Environmental Science and Engineering,LC0200A,SEE1003,12365,C01
1817,BEng Environmental Science and Engineering,LC0200A,CHEM1300,12876,CB1
1817,BEng Environmental Science and Engineering,LC0200A,CHEM1300,12877,LB1
1817,BEng Environmental Science and Engineering,LC0200A,CHEM1300,12878,TB1
1818,BEng Environmental Science and Engineering,LC0200A,CHEM1300,11747,C01
1818,BEng Environmental Science and Engineering,LC0200A,CHEM1300,11750,L05
1818,BEng Environmental Science and Engineering,LC0200A,CHEM1300,11755,T01
1818,BEng Environmental Science and Engineering,LC0200A,MA1200,11789,CD1
1818,BEng Environmental Science and Engineering,LC0200A,MA1200,11797,TD2
1818,BEng Environmental Science and Engineering,LC0200A,SEE1003,12366,CA1
1818,BEng Environmental Science and Engineering,LC0200A,CHEM1200,13869,CA1
1818,BEng Environmental Science and Engineering,LC0200A,CHEM1200,13871,LA1
1818,BEng Environmental Science and Engineering,LC0200A,LC0200A,14952,T36
1819,BEng Environmental Science and Engineering,LC0200A,MA1200,11787,CA1
1819,BEng Environmental Science and Engineering,LC0200A,MA1200,11790,TA1
1819,BEng Environmental Science and Engineering,LC0200A,LC0200A,12333,T40
1819,BEng Environmental Science and Engineering,LC0200A,SEE1003,12365,C01
1819,BEng Environmental Science and Engineering,LC0200A,CHEM1200,13869,CA1
1819,BEng Environmental Science and Engineering,LC0200A,CHEM1200,13871,LA1
1819,BEng Environmental Science and Engineering,LC0200A,CHEM1300,13875,CC1
1819,BEng Environmental Science and Engineering,LC0200A,CHEM1300,13876,LC1
1819,BEng Environmental Science and Engineering,LC0200A,CHEM1300,13878,TC1
1820,BEng Environmental Science and Engineering,LC0200A,CHEM1200,10384,C01
1820,BEng Environmental Science and Engineering,LC0200A,CHEM1200,11092,L02
1820,BEng Environmental Science and Engineering,LC0200A,CHEM1300,11748,C02
1820,BEng Environmental Science and Engineering,LC0200A,CHEM1300,11750,L05
1820,BEng Environmental Science and Engineering,LC0200A,CHEM1300,11751,T04
1820,BEng Environmental Science and Engineering,LC0200A,MA1200,11786,CH1
1820,BEng Environmental Science and Engineering,LC0200A,MA1200,11808,TH1
1820,BEng Environmental Science and Engineering,LC0200A,SEE1003,12365,C01
1820,BEng Environmental Science and Engineering,LC0200A,LC0200A,14950,T18
1821,BEng Environmental Science and Engineering,LC0200A,CHEM1200,10384,C01
1821,BEng Environmental Science and Engineering,LC0200A,LC0200A,10841,T01
1821,BEng Environmental Science and Engineering,LC0200A,CHEM1200,11092,L02
1821,BEng Environmental Science and Engineering,LC0200A,CHEM1300,11748,C02
1821,BEng Environmental Science and Engineering,LC0200A,CHEM1300,11755,T01
1821,BEng Environmental Science and Engineering,LC0200A,MA1200,11782,CE1
1821,BEng Environmental Science and Engineering,LC0200A,MA1200,11799,TE1
1821,BEng Environmental Science and Engineering,LC0200A,CHEM1300,12100,L01
1821,BEng Environmental Science and Engineering,LC0200A,SEE1003,12365,C01
1822,BEng Environmental Science and Engineering,LC0200A,CHEM1200,10384,C01
1822,BEng Environmental Science and Engineering,LC0200A,LC0200A,10880,T11
1822,BEng Environmental Science and Engineering,LC0200A,CHEM1200,11295,L04
1822,BEng Environmental Science and Engineering,LC0200A,CHEM1300,11748,C02
1822,BEng Environmental Science and Engineering,LC0200A,CHEM1300,11750,L05
1822,BEng Environmental Science and Engineering,LC0200A,CHEM1300,11756,T05
1822,BEng Environmental Science and Engineering,LC0200A,MA1200,11784,CF1
1822,BEng Environmental Science and Engineering,LC0200A,MA1200,11802,TF1
1822,BEng Environmental Science and Engineering,LC0200A,SEE1003,12365,C01
1823,BEng Environmental Science and Engineering,LC0200A,LC0200A,11029,T30
1823,BEng Environmental Science and Engineering,LC0200A,CHEM1200,11294,L03
1823,BEng Environmental Science and Engineering,LC0200A,CHEM1200,11735,C02
1823,BEng Environmental Science and Engineering,LC0200A,CHEM1300,11748,C02
1823,BEng Environmental Science and Engineering,LC0200A,CHEM1300,11751,T04
1823,BEng Environmental Science and Engineering,LC0200A,MA1200,11784,CF1
1823,BEng Environmental Science and Engineering,LC0200A,MA1200,11803,TF2
1823,BEng Environmental Science and Engineering,LC0200A,CHEM1300,12269,L04
1823,BEng Environmental Science and Engineering,LC0200A,SEE1003,12365,C01
1824,BSc Environment and Sustainable Business,GE1401,CB2100,10190,C01
1824,BSc Environment and Sustainable Business,GE1401,CB2100,10244,T01
1824,BSc Environment and Sustainable Business,GE1401,GE1401,11070,TA1
1824,BSc Environment and Sustainable Business,GE1401,CHEM1300,11747,C01
1824,BSc Environment and Sustainable Business,GE1401,CHEM1300,11752,T02
1824,BSc Environment and Sustainable Business,GE1401,MA1200,11784,CF1
1824,BSc Environment and Sustainable Business,GE1401,MA1200,11802,TF1
1824,BSc Environment and Sustainable Business,GE1401,CHEM1300,12098,L02
1824,BSc Environment and Sustainable Business,GE1401,SEE1005,13142,C61
1825,BSc Environment and Sustainable Business,GE1401,CB2100,10190,C01
1825,BSc Environment and Sustainable Business,GE1401,GE1401,10693,T16
1825,BSc Environment and Sustainable Business,GE1401,CB2100,11278,T14
1825,BSc Environment and Sustainable Business,GE1401,CHEM1300,11747,C01
1825,BSc Environment and Sustainable Business,GE1401,CHEM1300,11752,T02
1825,BSc Environment and Sustainable Business,GE1401,MA1200,11782,CE1
1825,BSc Environment and Sustainable Business,GE1401,MA1200,11801,TE3
1825,BSc Environment and Sustainable Business,GE1401,CHEM1300,12098,L02
1825,BSc Environment and Sustainable Business,GE1401,SEE1005,13142,C61
1826,BSc Environment and Sustainable Business,GE1401,CHEM1300,11748,C02
1826,BSc Environment and Sustainable Business,GE1401,CHEM1300,11756,T05
1826,BSc Environment and Sustainable Business,GE1401,MA1200,11784,CF1
1826,BSc Environment and Sustainable Business,GE1401,MA1200,11802,TF1
1826,BSc Environment and Sustainable Business,GE1401,CHEM1300,12269,L04
1826,BSc Environment and Sustainable Business,GE1401,CB2100,12575,TB1
1826,BSc Environment and Sustainable Business,GE1401,CB2100,12890,CB2
1826,BSc Environment and Sustainable Business,GE1401,SEE1005,13142,C61
1826,BSc Environment and Sustainable Business,GE1401,GE1401,13574,TB3
1827,BSc Environment and Sustainable Business,GE1401,CB2100,10551,C02
1827,BSc Environment and Sustainable Business,GE1401,CB2100,10552,T09
1827,BSc Environment and Sustainable Business,GE1401,CHEM1300,11748,C02
1827,BSc Environment and Sustainable Business,GE1401,CHEM1300,11754,T03
1827,BSc Environment and Sustainable Business,GE1401,MA1200,11784,CF1
1827,BSc Environment and Sustainable Business,GE1401,MA1200,11804,TF3
1827,BSc Environment and Sustainable Business,GE1401,CHEM1300,12100,L01
1827,BSc Environment and Sustainable Business,GE1401,SEE1005,13142,C61
1827,BSc Environment and Sustainable Business,GE1401,GE1401,15181,TC2
1828,BSc Environment and Sustainable Business,GE1401,CB2100,10190,C01
1828,BSc Environment and Sustainable Business,GE1401,CB2100,10441,T06
1828,BSc Environment and Sustainable Business,GE1401,GE1401,10722,T55
1828,BSc Environment and Sustainable Business,GE1401,CHEM1300,11748,C02
1828,BSc Environment and Sustainable Business,GE1401,CHEM1300,11756,T05
1828,BSc Environment and Sustainable Business,GE1401,MA1200,11787,CA1
1828,BSc Environment and Sustainable Business,GE1401,MA1200,11792,TA3
1828,BSc Environment and Sustainable Business,GE1401,CHEM1300,12098,L02
1828,BSc Environment and Sustainable Business,GE1401,SEE1005,13142,C61
1829,BSc Environment and Sustainable Business,GE1401,CB2100,10190,C01
1829,BSc Environment and Sustainable Business,GE1401,CB2100,10553,T10
1829,BSc Environment and Sustainable Business,GE1401,GE1401,10693,T16
1829,BSc Environment and Sustainable Business,GE1401,CHEM1300,11747,C01
1829,BSc Environment and Sustainable Business,GE1401,CHEM1300,11750,L05
1829,BSc Environment and Sustainable Business,GE1401,CHEM1300,11755,T01
1829,BSc Environment and Sustainable Business,GE1401,MA1200,11789,CD1
1829,BSc Environment and Sustainable Business,GE1401,MA1200,11798,TD3
1829,BSc Environment and Sustainable Business,GE1401,SEE1005,13142,C61
1830,BSc Environment and Sustainable Business,GE1401,CB2100,10190,C01
1830,BSc Environment and Sustainable Business,GE1401,CB2100,10554,T11
1830,BSc Environment and Sustainable Business,GE1401,CHEM1300,11748,C02
1830,BSc Environment and Sustainable Business,GE1401,CHEM1300,11750,L05
1830,BSc Environment and Sustainable Business,GE1401,CHEM1300,11754,T03
1830,BSc Environment and Sustainable Business,GE1401,MA1200,11788,CC1
1830,BSc Environment and Sustainable Business,GE1401,MA1200,11794,TC2
1830,BSc Environment and Sustainable Business,GE1401,SEE1005,13142,C61
1830,BSc Environment and Sustainable Business,GE1401,GE1401,14271,TB8
1831,BSc Environment and Sustainable Business,GE1401,CB2100,10245,T02
1831,BSc Environment and Sustainable Business,GE1401,CB2100,10551,C02
1831,BSc Environment and Sustainable Business,GE1401,GE1401,10723,T56
1831,BSc Environment and Sustainable Business,GE1401,CHEM1300,11748,C02
1831,BSc Environment and Sustainable Business,GE1401,CHEM1300,11752,T02
1831,BSc Environment and Sustainable Business,GE1401,MA1200,11786,CH1
1831,BSc Environment and Sustainable Business,GE1401,MA1200,11809,TH2
1831,BSc Environment and Sustainable Business,GE1401,CHEM1300,12100,L01
1831,BSc Environment and Sustainable Business,GE1401,SEE1005,13142,C61
1832,BSc Environment and Sustainable Business,GE1401,CB2100,10442,T07
1832,BSc Environment and Sustainable Business,GE1401,CB2100,10551,C02
1832,BSc Environment and Sustainable Business,GE1401,GE1401,10723,T56
1832,BSc Environment and Sustainable Business,GE1401,MA1200,11785,CG1
1832,BSc Environment and Sustainable Business,GE1401,MA1200,11806,TG2
1832,BSc Environment and Sustainable Business,GE1401,SEE1005,13142,C61
1832,BSc Environment and Sustainable Business,GE1401,CHEM1300,13875,CC1
1832,BSc Environment and Sustainable Business,GE1401,CHEM1300,13876,LC1
1832,BSc Environment and Sustainable Business,GE1401,CHEM1300,13878,TC1
1833,BSc Environment and Sustainable Business,GE1401,CB2100,10551,C02
1833,BSc Environment and Sustainable Business,GE1401,CB2100,10554,T11
1833,BSc Environment and Sustainable Business,GE1401,CHEM1300,11747,C01
1833,BSc Environment and Sustainable Business,GE1401,CHEM1300,11756,T05
1833,BSc Environment and Sustainable Business,GE1401,MA1200,11787,CA1
1833,BSc Environment and Sustainable Business,GE1401,MA1200,11791,TA2
1833,BSc Environment and Sustainable Business,GE1401,CHEM1300,12099,L03
1833,BSc Environment and Sustainable Business,GE1401,GE1401,12124,T49
1833,BSc Environment and Sustainable Business,GE1401,SEE1005,13142,C61
1834,BSc Environment and Sustainable Business,GE1401,CB2100,10441,T06
1834,BSc Environment and Sustainable Business,GE1401,CB2100,10551,C02
1834,BSc Environment and Sustainable Business,GE1401,GE1401,10693,T16
1834,BSc Environment and Sustainable Business,GE1401,CHEM1300,11747,C01
1834,BSc Environment and Sustainable Business,GE1401,CHEM1300,11751,T04
1834,BSc Environment and Sustainable Business,GE1401,MA1200,11788,CC1
1834,BSc Environment and Sustainable Business,GE1401,MA1200,11795,TC3
1834,BSc Environment and Sustainable Business,GE1401,CHEM1300,12269,L04
1834,BSc Environment and Sustainable Business,GE1401,SEE1005,13142,C61
1835,BSc Environment and Sustainable Business,GE1401,CB2100,10244,T01
1835,BSc Environment and Sustainable Business,GE1401,CB2100,10551,C02
1835,BSc Environment and Sustainable Business,GE1401,GE1401,11491,T69
1835,BSc Environment and Sustainable Business,GE1401,CHEM1300,11747,C01
1835,BSc Environment and Sustainable Business,GE1401,CHEM1300,11752,T02
1835,BSc Environment and Sustainable Business,GE1401,MA1200,11789,CD1
1835,BSc Environment and Sustainable Business,GE1401,MA1200,11796,TD1
1835,BSc Environment and Sustainable Business,GE1401,CHEM1300,12269,L04
1835,BSc Environment and Sustainable Business,GE1401,SEE1005,13142,C61
1836,BSc Environment and Sustainable Business,GE1401,CB2100,10551,C02
1836,BSc Environment and Sustainable Business,GE1401,CB2100,11281,TAE
1836,BSc Environment and Sustainable Business,GE1401,CHEM1300,11747,C01
1836,BSc Environment and Sustainable Business,GE1401,CHEM1300,11756,T05
1836,BSc Environment and Sustainable Business,GE1401,MA1200,11786,CH1
1836,BSc Environment and Sustainable Business,GE1401,MA1200,11810,TH3
1836,BSc Environment and Sustainable Business,GE1401,CHEM1300,12100,L01
1836,BSc Environment and Sustainable Business,GE1401,SEE1005,13142,C61
1836,BSc Environment and Sustainable Business,GE1401,GE1401,15182,TC3
1837,BSc Environment and Sustainable Business,GE1401,GE1401,10716,T47
1837,BSc Environment and Sustainable Business,GE1401,CHEM1300,11747,C01
1837,BSc Environment and Sustainable Business,GE1401,CHEM1300,11752,T02
1837,BSc Environment and Sustainable Business,GE1401,MA1200,11784,CF1
1837,BSc Environment and Sustainable Business,GE1401,MA1200,11804,TF3
1837,BSc Environment and Sustainable Business,GE1401,CHEM1300,12098,L02
1837,BSc Environment and Sustainable Business,GE1401,CB2100,12574,CB1
1837,BSc Environment and Sustainable Business,GE1401,CB2100,12575,TB1
1837,BSc Environment and Sustainable Business,GE1401,SEE1005,13142,C61
1838,BSc Environment and Sustainable Business,GE1401,CB2100,10190,C01
1838,BSc Environment and Sustainable Business,GE1401,CB2100,10244,T01
1838,BSc Environment and Sustainable Business,GE1401,MA1200,11789,CD1
1838,BSc Environment and Sustainable Business,GE1401,MA1200,11796,TD1
1838,BSc Environment and Sustainable Business,GE1401,SEE1005,13142,C61
1838,BSc Environment and Sustainable Business,GE1401,GE1401,13561,T95
1838,BSc Environment and Sustainable Business,GE1401,CHEM1300,13875,CC1
1838,BSc Environment and Sustainable Business,GE1401,CHEM1300,13876,LC1
1838,BSc Environment and Sustainable Business,GE1401,CHEM1300,13878,TC1
1839,BSc Environment and Sustainable Business,GE1401,CB2100,10457,CA2
1839,BSc Environment and Sustainable Business,GE1401,CB2100,10557,TA7
1839,BSc Environment and Sustainable Business,GE1401,GE1401,10730,T64
1839,BSc Environment and Sustainable Business,GE1401,MA1200,11787,CA1
1839,BSc Environment and Sustainable Business,GE1401,MA1200,11792,TA3
1839,BSc Environment and Sustainable Business,GE1401,CHEM1300,12876,CB1
1839,BSc Environment and Sustainable Business,GE1401,CHEM1300,12877,LB1
1839,BSc Environment and Sustainable Business,GE1401,CHEM1300,12878,TB1
1839,BSc Environment and Sustainable Business,GE1401,SEE1005,13142,C61
1840,BSc Environment and Sustainable Business,LC0200A,CB2100,10441,T06
1840,BSc Environment and Sustainable Business,LC0200A,CB2100,10551,C02
1840,BSc Environment and Sustainable Business,LC0200A,LC0200A,10876,T07
1840,BSc Environment and Sustainable Business,LC0200A,CHEM1300,11748,C02
1840,BSc Environment and Sustainable Business,LC0200A,CHEM1300,11755,T01
1840,BSc Environment and Sustainable Business,LC0200A,MA1200,11788,CC1
1840,BSc Environment and Sustainable Business,LC0200A,MA1200,11793,TC1
1840,BSc Environment and Sustainable Business,LC0200A,CHEM1300,12098,L02
1840,BSc Environment and Sustainable Business,LC0200A,SEE1005,13142,C61
1841,BSc Environment and Sustainable Business,LC0200A,CB2100,10190,C01
1841,BSc Environment and Sustainable Business,LC0200A,LC0200A,10884,T15
1841,BSc Environment and Sustainable Business,LC0200A,CB2100,11277,T13
1841,BSc Environment and Sustainable Business,LC0200A,CHEM1300,11748,C02
1841,BSc Environment and Sustainable Business,LC0200A,CHEM1300,11750,L05
1841,BSc Environment and Sustainable Business,LC0200A,CHEM1300,11752,T02
1841,BSc Environment and Sustainable Business,LC0200A,MA1200,11782,CE1
1841,BSc Environment and Sustainable Business,LC0200A,MA1200,11801,TE3
1841,BSc Environment and Sustainable Business,LC0200A,SEE1005,13142,C61
1842,BSc Environment and Sustainable Business,LC0200A,CB2100,10191,T04
1842,BSc Environment and Sustainable Business,LC0200A,CB2100,10551,C02
1842,BSc Environment and Sustainable Business,LC0200A,LC0200A,10884,T15
1842,BSc Environment and Sustainable Business,LC0200A,CHEM1300,11748,C02
1842,BSc Environment and Sustainable Business,LC0200A,CHEM1300,11755,T01
1842,BSc Environment and Sustainable Business,LC0200A,MA1200,11785,CG1
1842,BSc Environment and Sustainable Business,LC0200A,MA1200,11805,TG1
1842,BSc Environment and Sustainable Business,LC0200A,CHEM1300,12100,L01
1842,BSc Environment and Sustainable Business,LC0200A,SEE1005,13142,C61
1843,BSc Environment and Sustainable Business,LC0200A,CB2100,10551,C02
1843,BSc Environment and Sustainable Business,LC0200A,CB2100,10561,TAB
1843,BSc Environment and Sustainable Business,LC0200A,LC0200A,10893,T25
1843,BSc Environment and Sustainable Business,LC0200A,CHEM1300,11747,C01
1843,BSc Environment and Sustainable Business,LC0200A,CHEM1300,11750,L05
1843,BSc Environment and Sustainable Business,LC0200A,CHEM1300,11752,T02
1843,BSc Environment and Sustainable Business,LC0200A,MA1200,11786,CH1
1843,BSc Environment and Sustainable Business,LC0200A,MA1200,11809,TH2
1843,BSc Environment and Sustainable Business,LC0200A,SEE1005,13142,C61
1844,BSc Environment and Sustainable Business,LC0200A,CB2100,10190,C01
1844,BSc Environment and Sustainable Business,LC0200A,CB2100,10441,T06
1844,BSc Environment and Sustainable Business,LC0200A,LC0200A,10895,T27
1844,BSc Environment and Sustainable Business,LC0200A,CHEM1300,11748,C02
1844,BSc Environment and Sustainable Business,LC0200A,CHEM1300,11755,T01
1844,BSc Environment and Sustainable Business,LC0200A,MA1200,11785,CG1
1844,BSc Environment and Sustainable Business,LC0200A,MA1200,11805,TG1
1844,BSc Environment and Sustainable Business,LC0200A,CHEM1300,12100,L01
1844,BSc Environment and Sustainable Business,LC0200A,SEE1005,13142,C61
1845,BSc Environment and Sustainable Business,LC0200A,CB2100,10551,C02
1845,BSc Environment and Sustainable Business,LC0200A,CB2100,10553,T10
1845,BSc Environment and Sustainable Business,LC0200A,LC0200A,10887,T19
1845,BSc Environment and Sustainable Business,LC0200A,CHEM1300,11748,C02
1845,BSc Environment and Sustainable Business,LC0200A,CHEM1300,11752,T02
1845,BSc Environment and Sustainable Business,LC0200A,MA1200,11786,CH1
1845,BSc Environment and Sustainable Business,LC0200A,MA1200,11809,TH2
1845,BSc Environment and Sustainable Business,LC0200A,CHEM1300,12099,L03
1845,BSc Environment and Sustainable Business,LC0200A,SEE1005,13142,C61
1846,BSc Environment and Sustainable Business,LC0200A,CB2100,10244,T01
1846,BSc Environment and Sustainable Business,LC0200A,CB2100,10551,C02
1846,BSc Environment and Sustainable Business,LC0200A,LC0200A,10875,T06
1846,BSc Environment and Sustainable Business,LC0200A,CHEM1300,11748,C02
1846,BSc Environment and Sustainable Business,LC0200A,CHEM1300,11755,T01
1846,BSc Environment and Sustainable Business,LC0200A,MA1200,11782,CE1
1846,BSc Environment and Sustainable Business,LC0200A,MA1200,11800,TE2
1846,BSc Environment and Sustainable Business,LC0200A,CHEM1300,12100,L01
1846,BSc Environment and Sustainable Business,LC0200A,SEE1005,13142,C61
1847,BSc Chemistry,GE1401,MA1300,10342,CA1
1847,BSc Chemistry,GE1401,GE1401,11451,T68
1847,BSc Chemistry,GE1401,CS1102,11512,CC1
1847,BSc Chemistry,GE1401,CS1102,11520,LC5
1847,BSc Chemistry,GE1401,CHEM1300,11747,C01
1847,BSc Chemistry,GE1401,CHEM1300,11752,T02
1847,BSc Chemistry,GE1401,MA1300,11957,TA3
1847,BSc Chemistry,GE1401,CSCI1001,12056,C01
1847,BSc Chemistry,GE1401,CHEM1300,12269,L04
1848,BSc Chemistry,GE1401,MA1300,10342,CA1
1848,BSc Chemistry,GE1401,CS1102,11710,C02
1848,BSc Chemistry,GE1401,CHEM1300,11748,C02
1848,BSc Chemistry,GE1401,CHEM1300,11750,L05
1848,BSc Chemistry,GE1401,CHEM1300,11751,T04
1848,BSc Chemistry,GE1401,MA1300,11957,TA3
1848,BSc Chemistry,GE1401,CSCI1001,12056,C01
1848,BSc Chemistry,GE1401,GE1401,12119,T18
1848,BSc Chemistry,GE1401,CS1102,12764,L01
1849,BSc Chemistry,GE1401,MA1300,10342,CA1
1849,BSc Chemistry,GE1401,CS1102,10777,LB6
1849,BSc Chemistry,GE1401,GE1401,11503,T89
1849,BSc Chemistry,GE1401,CS1102,11712,CB2
1849,BSc Chemistry,GE1401,CHEM1300,11748,C02
1849,BSc Chemistry,GE1401,CHEM1300,11755,T01
1849,BSc Chemistry,GE1401,MA1300,11957,TA3
1849,BSc Chemistry,GE1401,CSCI1001,12056,C01
1849,BSc Chemistry,GE1401,CHEM1300,12269,L04
1850,BSc Chemistry,GE1401,MA1300,10342,CA1
1850,BSc Chemistry,GE1401,GE1401,10693,T16
1850,BSc Chemistry,GE1401,CS1102,11710,C02
1850,BSc Chemistry,GE1401,CHEM1300,11747,C01
1850,BSc Chemistry,GE1401,CHEM1300,11754,T03
1850,BSc Chemistry,GE1401,MA1300,11764,TA2
1850,BSc Chemistry,GE1401,CSCI1001,12056,C01
1850,BSc Chemistry,GE1401,CHEM1300,12098,L02
1850,BSc Chemistry,GE1401,CS1102,12392,L03
1851,BSc Chemistry,GE1401,CS1102,10283,C01
1851,BSc Chemistry,GE1401,MA1300,10342,CA1
1851,BSc Chemistry,GE1401,CS1102,11717,L08
1851,BSc Chemistry,GE1401,CHEM1300,11747,C01
1851,BSc Chemistry,GE1401,CHEM1300,11750,L05
1851,BSc Chemistry,GE1401,CHEM1300,11754,T03
1851,BSc Chemistry,GE1401,MA1300,11764,TA2
1851,BSc Chemistry,GE1401,CSCI1001,12056,C01
1851,BSc Chemistry,GE1401,GE1401,12735,T74
1852,BSc Chemistry,GE1401,MA1300,10342,CA1
1852,BSc Chemistry,GE1401,GE1401,11504,T90
1852,BSc Chemistry,GE1401,CS1102,11711,CB1
1852,BSc Chemistry,GE1401,CHEM1300,11748,C02
1852,BSc Chemistry,GE1401,CHEM1300,11755,T01
1852,BSc Chemistry,GE1401,MA1300,11764,TA2
1852,BSc Chemistry,GE1401,CSCI1001,12056,C01
1852,BSc Chemistry,GE1401,CHEM1300,12099,L03
1852,BSc Chemistry,GE1401,CS1102,12395,LB9
1853,BSc Chemistry,GE1401,MA1300,10342,CA1
1853,BSc Chemistry,GE1401,GE1401,11496,T79
1853,BSc Chemistry,GE1401,CHEM1300,11748,C02
1853,BSc Chemistry,GE1401,CHEM1300,11755,T01
1853,BSc Chemistry,GE1401,MA1300,11957,TA3
1853,BSc Chemistry,GE1401,CSCI1001,12056,C01
1853,BSc Chemistry,GE1401,CHEM1300,12098,L02
1853,BSc Chemistry,GE1401,CS1102,13144,CC2
1853,BSc Chemistry,GE1401,CS1102,14989,LC3
1854,BSc Chemistry,GE1401,MA1300,10342,CA1
1854,BSc Chemistry,GE1401,CS1102,10778,LB7
1854,BSc Chemistry,GE1401,CS1102,11712,CB2
1854,BSc Chemistry,GE1401,CHEM1300,11747,C01
1854,BSc Chemistry,GE1401,CHEM1300,11756,T05
1854,BSc Chemistry,GE1401,MA1300,11763,TA1
1854,BSc Chemistry,GE1401,CSCI1001,12056,C01
1854,BSc Chemistry,GE1401,CHEM1300,12269,L04
1854,BSc Chemistry,GE1401,GE1401,13572,TB1
1855,BSc Chemistry,GE1401,MA1300,10342,CA1
1855,BSc Chemistry,GE1401,CS1102,10541,CA1
1855,BSc Chemistry,GE1401,MA1300,11764,TA2
1855,BSc Chemistry,GE1401,CS1102,11969,LA2
1855,BSc Chemistry,GE1401,CSCI1001,12056,C01
1855,BSc Chemistry,GE1401,CHEM1300,12268,CA1
1855,BSc Chemistry,GE1401,CHEM1300,12270,LA1
1855,BSc Chemistry,GE1401,CHEM1300,12271,TA1
1855,BSc Chemistry,GE1401,GE1401,15602,T58
1856,BSc Chemistry,GE1401,MA1300,10342,CA1
1856,BSc Chemistry,GE1401,GE1401,10689,T12
1856,BSc Chemistry,GE1401,CHEM1300,11748,C02
1856,BSc Chemistry,GE1401,CHEM1300,11752,T02
1856,BSc Chemistry,GE1401,MA1300,11957,TA3
1856,BSc Chemistry,GE1401,CSCI1001,12056,C01
1856,BSc Chemistry,GE1401,CHEM1300,12098,L02
1856,BSc Chemistry,GE1401,CS1102,12765,LA3
1856,BSc Chemistry,GE1401,CS1102,15735,CA2
1857,BSc Chemistry,GE1401,CS1102,10283,C01
1857,BSc Chemistry,GE1401,MA1300,10342,CA1
1857,BSc Chemistry,GE1401,CHEM1300,11748,C02
1857,BSc Chemistry,GE1401,CHEM1300,11750,L05
1857,BSc Chemistry,GE1401,CHEM1300,11752,T02
1857,BSc Chemistry,GE1401,MA1300,11764,TA2
1857,BSc Chemistry,GE1401,CSCI1001,12056,C01
1857,BSc Chemistry,GE1401,GE1401,12121,T33
1857,BSc Chemistry,GE1401,CS1102,12393,L09
1858,BSc Chemistry,GE1401,MA1300,10342,CA1
1858,BSc Chemistry,GE1401,CS1102,11710,C02
1858,BSc Chemistry,GE1401,CS1102,11715,L06
1858,BSc Chemistry,GE1401,CHEM1300,11748,C02
1858,BSc Chemistry,GE1401,CHEM1300,11750,L05
1858,BSc Chemistry,GE1401,CHEM1300,11751,T04
1858,BSc Chemistry,GE1401,MA1300,11957,TA3
1858,BSc Chemistry,GE1401,CSCI1001,12056,C01
1858,BSc Chemistry,GE1401,GE1401,12735,T74
1859,BSc Chemistry,GE1401,GE1401,10724,T57
1859,BSc Chemistry,GE1401,CS1102,11710,C02
1859,BSc Chemistry,GE1401,CSCI1001,12056,C01
1859,BSc Chemistry,GE1401,MA1300,12244,C01
1859,BSc Chemistry,GE1401,MA1300,12245,T01
1859,BSc Chemistry,GE1401,CS1102,12392,L03
1859,BSc Chemistry,GE1401,CHEM1300,12876,CB1
1859,BSc Chemistry,GE1401,CHEM1300,12877,LB1
1859,BSc Chemistry,GE1401,CHEM1300,12878,TB1
1860,BSc Chemistry,GE1401,CS1102,10283,C01
1860,BSc Chemistry,GE1401,MA1300,10342,CA1
1860,BSc Chemistry,GE1401,GE1401,11500,T86
1860,BSc Chemistry,GE1401,CS1102,11716,L07
1860,BSc Chemistry,GE1401,CHEM1300,11748,C02
1860,BSc Chemistry,GE1401,CHEM1300,11750,L05
1860,BSc Chemistry,GE1401,CHEM1300,11752,T02
1860,BSc Chemistry,GE1401,MA1300,11764,TA2
1860,BSc Chemistry,GE1401,CSCI1001,12056,C01
1861,BSc Chemistry,GE1401,MA1300,10342,CA1
1861,BSc Chemistry,GE1401,GE1401,10684,T07
1861,BSc Chemistry,GE1401,CS1102,11710,C02
1861,BSc Chemistry,GE1401,CHEM1300,11748,C02
1861,BSc Chemistry,GE1401,CHEM1300,11755,T01
1861,BSc Chemistry,GE1401,MA1300,11957,TA3
1861,BSc Chemistry,GE1401,CSCI1001,12056,C01
1861,BSc Chemistry,GE1401,CHEM1300,12269,L04
1861,BSc Chemistry,GE1401,CS1102,12392,L03
1862,BSc Chemistry,GE1401,MA1300,10342,CA1
1862,BSc Chemistry,GE1401,CS1102,11710,C02
1862,BSc Chemistry,GE1401,CS1102,11716,L07
1862,BSc Chemistry,GE1401,CHEM1300,11748,C02
1862,BSc Chemistry,GE1401,CHEM1300,11750,L05
1862,BSc Chemistry,GE1401,CHEM1300,11756,T05
1862,BSc Chemistry,GE1401,MA1300,11764,TA2
1862,BSc Chemistry,GE1401,CSCI1001,12056,C01
1862,BSc Chemistry,GE1401,GE1401,15601,T28
1863,BSc Chemistry,GE1401,MA1300,10342,CA1
1863,BSc Chemistry,GE1401,CS1102,10541,CA1
1863,BSc Chemistry,GE1401,GE1401,10695,T19
1863,BSc Chemistry,GE1401,MA1300,11763,TA1
1863,BSc Chemistry,GE1401,CS1102,11969,LA2
1863,BSc Chemistry,GE1401,CSCI1001,12056,C01
1863,BSc Chemistry,GE1401,CHEM1300,12268,CA1
1863,BSc Chemistry,GE1401,CHEM1300,12270,LA1
1863,BSc Chemistry,GE1401,CHEM1300,12271,TA1
1864,BSc Chemistry,GE1401,MA1300,10342,CA1
1864,BSc Chemistry,GE1401,GE1401,10689,T12
1864,BSc Chemistry,GE1401,CS1102,10775,LB4
1864,BSc Chemistry,GE1401,CS1102,11711,CB1
1864,BSc Chemistry,GE1401,CHEM1300,11748,C02
1864,BSc Chemistry,GE1401,CHEM1300,11755,T01
1864,BSc Chemistry,GE1401,MA1300,11763,TA1
1864,BSc Chemistry,GE1401,CSCI1001,12056,C01
1864,BSc Chemistry,GE1401,CHEM1300,12099,L03
1865,BSc Chemistry,GE1401,MA1300,10342,CA1
1865,BSc Chemistry,GE1401,GE1401,10357,T01
1865,BSc Chemistry,GE1401,CS1102,10779,LB8
1865,BSc Chemistry,GE1401,CS1102,11711,CB1
1865,BSc Chemistry,GE1401,CHEM1300,11748,C02
1865,BSc Chemistry,GE1401,CHEM1300,11755,T01
1865,BSc Chemistry,GE1401,MA1300,11957,TA3
1865,BSc Chemistry,GE1401,CSCI1001,12056,C01
1865,BSc Chemistry,GE1401,CHEM1300,12098,L02
1866,BSc Chemistry,GE1401,MA1300,10342,CA1
1866,BSc Chemistry,GE1401,GE1401,10685,T08
1866,BSc Chemistry,GE1401,CS1102,11512,CC1
1866,BSc Chemistry,GE1401,CHEM1300,11748,C02
1866,BSc Chemistry,GE1401,CHEM1300,11750,L05
1866,BSc Chemistry,GE1401,CHEM1300,11751,T04
1866,BSc Chemistry,GE1401,MA1300,11957,TA3
1866,BSc Chemistry,GE1401,CSCI1001,12056,C01
1866,BSc Chemistry,GE1401,CS1102,13145,LC8
1867,BSc Chemistry,GE1401,MA1300,10342,CA1
1867,BSc Chemistry,GE1401,CS1102,10541,CA1
1867,BSc Chemistry,GE1401,CHEM1300,11748,C02
1867,BSc Chemistry,GE1401,CHEM1300,11756,T05
1867,BSc Chemistry,GE1401,MA1300,11764,TA2
1867,BSc Chemistry,GE1401,CSCI1001,12056,C01
1867,BSc Chemistry,GE1401,CHEM1300,12098,L02
1867,BSc Chemistry,GE1401,CS1102,12765,LA3
1867,BSc Chemistry,GE1401,GE1401,13577,TB6
1868,BSc Chemistry,GE1401,MA1300,10342,CA1
1868,BSc Chemistry,GE1401,CS1102,11712,CB2
1868,BSc Chemistry,GE1401,CHEM1300,11747,C01
1868,BSc Chemistry,GE1401,CHEM1300,11750,L05
1868,BSc Chemistry,GE1401,CHEM1300,11754,T03
1868,BSc Chemistry,GE1401,MA1300,11763,TA1
1868,BSc Chemistry,GE1401,CSCI1001,12056,C01
1868,BSc Chemistry,GE1401,CS1102,12394,LB3
1868,BSc Chemistry,GE1401,GE1401,15600,T14
1869,BSc Chemistry,GE1401,MA1300,10342,CA1
1869,BSc Chemistry,GE1401,CS1102,10541,CA1
1869,BSc Chemistry,GE1401,CS1102,10603,LA1
1869,BSc Chemistry,GE1401,GE1401,11494,T76
1869,BSc Chemistry,GE1401,CHEM1300,11748,C02
1869,BSc Chemistry,GE1401,CHEM1300,11756,T05
1869,BSc Chemistry,GE1401,MA1300,11957,TA3
1869,BSc Chemistry,GE1401,CSCI1001,12056,C01
1869,BSc Chemistry,GE1401,CHEM1300,12269,L04
1870,BSc Chemistry,GE1401,MA1300,10342,CA1
1870,BSc Chemistry,GE1401,CS1102,11710,C02
1870,BSc Chemistry,GE1401,CHEM1300,11747,C01
1870,BSc Chemistry,GE1401,CHEM1300,11755,T01
1870,BSc Chemistry,GE1401,MA1300,11764,TA2
1870,BSc Chemistry,GE1401,CSCI1001,12056,C01
1870,BSc Chemistry,GE1401,CHEM1300,12098,L02
1870,BSc Chemistry,GE1401,CS1102,12392,L03
1870,BSc Chemistry,GE1401,GE1401,12733,T62
1871,BSc Chemistry,GE1401,CS1102,10283,C01
1871,BSc Chemistry,GE1401,MA1300,10342,CA1
1871,BSc Chemistry,GE1401,GE1401,10730,T64
1871,BSc Chemistry,GE1401,CHEM1300,11747,C01
1871,BSc Chemistry,GE1401,CHEM1300,11751,T04
1871,BSc Chemistry,GE1401,MA1300,11763,TA1
1871,BSc Chemistry,GE1401,CSCI1001,12056,C01
1871,BSc Chemistry,GE1401,CHEM1300,12098,L02
1871,BSc Chemistry,GE1401,CS1102,12392,L03
1872,BSc Chemistry,GE1401,MA1300,10342,CA1
1872,BSc Chemistry,GE1401,GE1401,10731,T66
1872,BSc Chemistry,GE1401,CS1102,11710,C02
1872,BSc Chemistry,GE1401,CS1102,11717,L08
1872,BSc Chemistry,GE1401,CHEM1300,11748,C02
1872,BSc Chemistry,GE1401,CHEM1300,11755,T01
1872,BSc Chemistry,GE1401,MA1300,11764,TA2
1872,BSc Chemistry,GE1401,CSCI1001,12056,C01
1872,BSc Chemistry,GE1401,CHEM1300,12269,L04
1873,BSc Chemistry,GE1401,MA1300,10342,CA1
1873,BSc Chemistry,GE1401,GE1401,11498,T83
1873,BSc Chemistry,GE1401,CS1102,11710,C02
1873,BSc Chemistry,GE1401,CS1102,11715,L06
1873,BSc Chemistry,GE1401,MA1300,11763,TA1
1873,BSc Chemistry,GE1401,CSCI1001,12056,C01
1873,BSc Chemistry,GE1401,CHEM1300,12268,CA1
1873,BSc Chemistry,GE1401,CHEM1300,12270,LA1
1873,BSc Chemistry,GE1401,CHEM1300,12271,TA1
1874,BSc Chemistry,GE1401,MA1300,10342,CA1
1874,BSc Chemistry,GE1401,GE1401,10707,T32
1874,BSc Chemistry,GE1401,CHEM1300,11747,C01
1874,BSc Chemistry,GE1401,CHEM1300,11750,L05
1874,BSc Chemistry,GE1401,CHEM1300,11752,T02
1874,BSc Chemistry,GE1401,MA1300,11764,TA2
1874,BSc Chemistry,GE1401,CSCI1001,12056,C01
1874,BSc Chemistry,GE1401,CS1102,13144,CC2
1874,BSc Chemistry,GE1401,CS1102,13146,LC9
1875,BSc Chemistry,GE1401,CS1102,10283,C01
1875,BSc Chemistry,GE1401,MA1300,10342,CA1
1875,BSc Chemistry,GE1401,GE1401,11497,T81
1875,BSc Chemistry,GE1401,CS1102,11715,L06
1875,BSc Chemistry,GE1401,CHEM1300,11747,C01
1875,BSc Chemistry,GE1401,CHEM1300,11750,L05
1875,BSc Chemistry,GE1401,CHEM1300,11751,T04
1875,BSc Chemistry,GE1401,MA1300,11957,TA3
1875,BSc Chemistry,GE1401,CSCI1001,12056,C01
1876,BSc Chemistry,GE1401,MA1300,10342,CA1
1876,BSc Chemistry,GE1401,GE1401,10705,T30
1876,BSc Chemistry,GE1401,CHEM1300,11747,C01
1876,BSc Chemistry,GE1401,CHEM1300,11752,T02
1876,BSc Chemistry,GE1401,MA1300,11763,TA1
1876,BSc Chemistry,GE1401,CSCI1001,12056,C01
1876,BSc Chemistry,GE1401,CHEM1300,12269,L04
1876,BSc Chemistry,GE1401,CS1102,13144,CC2
1876,BSc Chemistry,GE1401,CS1102,14989,LC3
1877,BSc Chemistry,GE1401,MA1300,10342,CA1
1877,BSc Chemistry,GE1401,CS1102,10541,CA1
1877,BSc Chemistry,GE1401,CS1102,10603,LA1
1877,BSc Chemistry,GE1401,CHEM1300,11748,C02
1877,BSc Chemistry,GE1401,CHEM1300,11756,T05
1877,BSc Chemistry,GE1401,MA1300,11957,TA3
1877,BSc Chemistry,GE1401,CSCI1001,12056,C01
1877,BSc Chemistry,GE1401,CHEM1300,12269,L04
1877,BSc Chemistry,GE1401,GE1401,15603,T73
1878,BSc Chemistry,GE1401,MA1300,10342,CA1
1878,BSc Chemistry,GE1401,CS1102,10775,LB4
1878,BSc Chemistry,GE1401,CS1102,11712,CB2
1878,BSc Chemistry,GE1401,CHEM1300,11748,C02
1878,BSc Chemistry,GE1401,CHEM1300,11752,T02
1878,BSc Chemistry,GE1401,MA1300,11763,TA1
1878,BSc Chemistry,GE1401,CSCI1001,12056,C01
1878,BSc Chemistry,GE1401,CHEM1300,12269,L04
1878,BSc Chemistry,GE1401,GE1401,12735,T74
1879,BSc Chemistry,GE1401,MA1300,10342,CA1
1879,BSc Chemistry,GE1401,GE1401,10686,T09
1879,BSc Chemistry,GE1401,CS1102,11710,C02
1879,BSc Chemistry,GE1401,MA1300,11763,TA1
1879,BSc Chemistry,GE1401,CSCI1001,12056,C01
1879,BSc Chemistry,GE1401,CHEM1300,12268,CA1
1879,BSc Chemistry,GE1401,CHEM1300,12270,LA1
1879,BSc Chemistry,GE1401,CHEM1300,12271,TA1
1879,BSc Chemistry,GE1401,CS1102,12764,L01
1880,BSc Chemistry,GE1401,MA1300,10342,CA1
1880,BSc Chemistry,GE1401,CS1102,11711,CB1
1880,BSc Chemistry,GE1401,CHEM1300,11748,C02
1880,BSc Chemistry,GE1401,CHEM1300,11750,L05
1880,BSc Chemistry,GE1401,CHEM1300,11755,T01
1880,BSc Chemistry,GE1401,MA1300,11763,TA1
1880,BSc Chemistry,GE1401,CSCI1001,12056,C01
1880,BSc Chemistry,GE1401,CS1102,12394,LB3
1880,BSc Chemistry,GE1401,GE1401,12399,T72
1881,BSc Chemistry,GE1401,CS1102,10283,C01
1881,BSc Chemistry,GE1401,MA1300,10342,CA1
1881,BSc Chemistry,GE1401,GE1401,11496,T79
1881,BSc Chemistry,GE1401,CHEM1300,11747,C01
1881,BSc Chemistry,GE1401,CHEM1300,11750,L05
1881,BSc Chemistry,GE1401,CHEM1300,11754,T03
1881,BSc Chemistry,GE1401,MA1300,11763,TA1
1881,BSc Chemistry,GE1401,CSCI1001,12056,C01
1881,BSc Chemistry,GE1401,CS1102,12764,L01
1882,BSc Chemistry,GE1401,MA1300,10342,CA1
1882,BSc Chemistry,GE1401,CS1102,10779,LB8
1882,BSc Chemistry,GE1401,CS1102,11711,CB1
1882,BSc Chemistry,GE1401,CHEM1300,11748,C02
1882,BSc Chemistry,GE1401,CHEM1300,11756,T05
1882,BSc Chemistry,GE1401,MA1300,11764,TA2
1882,BSc Chemistry,GE1401,CSCI1001,12056,C01
1882,BSc Chemistry,GE1401,CHEM1300,12269,L04
1882,BSc Chemistry,GE1401,GE1401,15182,TC3
1883,BSc Chemistry,GE1401,MA1300,10342,CA1
1883,BSc Chemistry,GE1401,CS1102,10775,LB4
1883,BSc Chemistry,GE1401,CS1102,11712,CB2
1883,BSc Chemistry,GE1401,MA1300,11764,TA2
1883,BSc Chemistry,GE1401,CSCI1001,12056,C01
1883,BSc Chemistry,GE1401,GE1401,12127,T84
1883,BSc Chemistry,GE1401,CHEM1300,12268,CA1
1883,BSc Chemistry,GE1401,CHEM1300,12270,LA1
1883,BSc Chemistry,GE1401,CHEM1300,12271,TA1
1884,BSc Chemistry,GE1401,GE1401,10731,T66
1884,BSc Chemistry,GE1401,CHEM1300,11748,C02
1884,BSc Chemistry,GE1401,CHEM1300,11751,T04
1884,BSc Chemistry,GE1401,CSCI1001,12056,C01
1884,BSc Chemistry,GE1401,CHEM1300,12098,L02
1884,BSc Chemistry,GE1401,MA1300,12244,C01
1884,BSc Chemistry,GE1401,MA1300,12246,T02
1884,BSc Chemistry,GE1401,CS1102,13144,CC2
1884,BSc Chemistry,GE1401,CS1102,13728,LC7
1885,BSc Chemistry,GE1401,MA1300,10342,CA1
1885,BSc Chemistry,GE1401,CHEM1300,11747,C01
1885,BSc Chemistry,GE1401,CHEM1300,11755,T01
1885,BSc Chemistry,GE1401,MA1300,11957,TA3
1885,BSc Chemistry,GE1401,CSCI1001,12056,C01
1885,BSc Chemistry,GE1401,CHEM1300,12269,L04
1885,BSc Chemistry,GE1401,CS1102,12765,LA3
1885,BSc Chemistry,GE1401,GE1401,15180,TC1
1885,BSc Chemistry,GE1401,CS1102,15735,CA2
1886,BSc Chemistry,LC0200A,MA1300,10342,CA1
1886,BSc Chemistry,LC0200A,CS1102,10777,LB6
1886,BSc Chemistry,LC0200A,LC0200A,10886,T17
1886,BSc Chemistry,LC0200A,CS1102,11712,CB2
1886,BSc Chemistry,LC0200A,CHEM1300,11748,C02
1886,BSc Chemistry,LC0200A,CHEM1300,11750,L05
1886,BSc Chemistry,LC0200A,CHEM1300,11756,T05
1886,BSc Chemistry,LC0200A,MA1300,11957,TA3
1886,BSc Chemistry,LC0200A,CSCI1001,12056,C01
1887,BSc Chemistry,LC0200A,MA1300,10342,CA1
1887,BSc Chemistry,LC0200A,CS1102,10776,LB5
1887,BSc Chemistry,LC0200A,LC0200A,10882,T13
1887,BSc Chemistry,LC0200A,CS1102,11712,CB2
1887,BSc Chemistry,LC0200A,CHEM1300,11748,C02
1887,BSc Chemistry,LC0200A,CHEM1300,11751,T04
1887,BSc Chemistry,LC0200A,MA1300,11957,TA3
1887,BSc Chemistry,LC0200A,CSCI1001,12056,C01
1887,BSc Chemistry,LC0200A,CHEM1300,12098,L02
1888,BSc Chemistry,LC0200A,MA1300,10342,CA1
1888,BSc Chemistry,LC0200A,CS1102,10775,LB4
1888,BSc Chemistry,LC0200A,CS1102,11712,CB2
1888,BSc Chemistry,LC0200A,CHEM1300,11747,C01
1888,BSc Chemistry,LC0200A,CHEM1300,11752,T02
1888,BSc Chemistry,LC0200A,MA1300,11763,TA1
1888,BSc Chemistry,LC0200A,CSCI1001,12056,C01
1888,BSc Chemistry,LC0200A,CHEM1300,12269,L04
1888,BSc Chemistry,LC0200A,LC0200A,14950,T18
1889,BSc Chemistry,LC0200A,MA1300,10342,CA1
1889,BSc Chemistry,LC0200A,CS1102,11512,CC1
1889,BSc Chemistry,LC0200A,MA1300,11764,TA2
1889,BSc Chemistry,LC0200A,LC0200A,11976,T37
1889,BSc Chemistry,LC0200A,CSCI1001,12056,C01
1889,BSc Chemistry,LC0200A,CS1102,13145,LC8
1889,BSc Chemistry,LC0200A,CHEM1300,13875,CC1
1889,BSc Chemistry,LC0200A,CHEM1300,13876,LC1
1889,BSc Chemistry,LC0200A,CHEM1300,13878,TC1
1890,BSc Chemistry,LC0200A,MA1300,10342,CA1
1890,BSc Chemistry,LC0200A,CS1102,10776,LB5
1890,BSc Chemistry,LC0200A,LC0200A,10885,T16
1890,BSc Chemistry,LC0200A,CS1102,11712,CB2
1890,BSc Chemistry,LC0200A,CHEM1300,11748,C02
1890,BSc Chemistry,LC0200A,CHEM1300,11755,T01
1890,BSc Chemistry,LC0200A,MA1300,11764,TA2
1890,BSc Chemistry,LC0200A,CSCI1001,12056,C01
1890,BSc Chemistry,LC0200A,CHEM1300,12098,L02
1891,BSc Chemistry,LC0200A,MA1300,10342,CA1
1891,BSc Chemistry,LC0200A,LC0200A,10885,T16
1891,BSc Chemistry,LC0200A,CHEM1300,11747,C01
1891,BSc Chemistry,LC0200A,CHEM1300,11750,L05
1891,BSc Chemistry,LC0200A,CHEM1300,11751,T04
1891,BSc Chemistry,LC0200A,MA1300,11957,TA3
1891,BSc Chemistry,LC0200A,CSCI1001,12056,C01
1891,BSc Chemistry,LC0200A,CS1102,15734,LA4
1891,BSc Chemistry,LC0200A,CS1102,15735,CA2
1892,BSc Chemistry,LC0200A,MA1300,10342,CA1
1892,BSc Chemistry,LC0200A,CS1102,10541,CA1
1892,BSc Chemistry,LC0200A,LC0200A,10865,T05
1892,BSc Chemistry,LC0200A,CHEM1300,11748,C02
1892,BSc Chemistry,LC0200A,CHEM1300,11750,L05
1892,BSc Chemistry,LC0200A,CHEM1300,11755,T01
1892,BSc Chemistry,LC0200A,MA1300,11763,TA1
1892,BSc Chemistry,LC0200A,CSCI1001,12056,C01
1892,BSc Chemistry,LC0200A,CS1102,12765,LA3
1893,BSc Chemistry,LC0200A,MA1300,10342,CA1
1893,BSc Chemistry,LC0200A,CS1102,10777,LB6
1893,BSc Chemistry,LC0200A,LC0200A,11030,T31
1893,BSc Chemistry,LC0200A,CS1102,11712,CB2
1893,BSc Chemistry,LC0200A,CHEM1300,11748,C02
1893,BSc Chemistry,LC0200A,CHEM1300,11750,L05
1893,BSc Chemistry,LC0200A,CHEM1300,11751,T04
1893,BSc Chemistry,LC0200A,MA1300,11764,TA2
1893,BSc Chemistry,LC0200A,CSCI1001,12056,C01
1894,BSc Chemistry,LC0200A,MA1300,10342,CA1
1894,BSc Chemistry,LC0200A,LC0200A,10895,T27
1894,BSc Chemistry,LC0200A,CHEM1300,11748,C02
1894,BSc Chemistry,LC0200A,CHEM1300,11751,T04
1894,BSc Chemistry,LC0200A,MA1300,11957,TA3
1894,BSc Chemistry,LC0200A,CSCI1001,12056,C01
1894,BSc Chemistry,LC0200A,CHEM1300,12269,L04
1894,BSc Chemistry,LC0200A,CS1102,15734,LA4
1894,BSc Chemistry,LC0200A,CS1102,15735,CA2
1895,BSc Chemistry,LC0200A,MA1300,10342,CA1
1895,BSc Chemistry,LC0200A,LC0200A,11030,T31
1895,BSc Chemistry,LC0200A,CS1102,11512,CC1
1895,BSc Chemistry,LC0200A,MA1300,11957,TA3
1895,BSc Chemistry,LC0200A,CSCI1001,12056,C01
1895,BSc Chemistry,LC0200A,CHEM1300,12876,CB1
1895,BSc Chemistry,LC0200A,CHEM1300,12877,LB1
1895,BSc Chemistry,LC0200A,CHEM1300,12878,TB1
1895,BSc Chemistry,LC0200A,CS1102,13145,LC8
1896,BSc Chemistry,LC0200A,CS1102,10283,C01
1896,BSc Chemistry,LC0200A,MA1300,10342,CA1
1896,BSc Chemistry,LC0200A,LC0200A,10896,T28
1896,BSc Chemistry,LC0200A,CS1102,11715,L06
1896,BSc Chemistry,LC0200A,CHEM1300,11747,C01
1896,BSc Chemistry,LC0200A,CHEM1300,11754,T03
1896,BSc Chemistry,LC0200A,MA1300,11764,TA2
1896,BSc Chemistry,LC0200A,CSCI1001,12056,C01
1896,BSc Chemistry,LC0200A,CHEM1300,12269,L04
1897,BSc Chemistry,LC0200A,CS1102,10283,C01
1897,BSc Chemistry,LC0200A,MA1300,10342,CA1
1897,BSc Chemistry,LC0200A,LC0200A,10876,T07
1897,BSc Chemistry,LC0200A,CHEM1300,11747,C01
1897,BSc Chemistry,LC0200A,CHEM1300,11754,T03
1897,BSc Chemistry,LC0200A,MA1300,11763,TA1
1897,BSc Chemistry,LC0200A,CSCI1001,12056,C01
1897,BSc Chemistry,LC0200A,CHEM1300,12099,L03
1897,BSc Chemistry,LC0200A,CS1102,12764,L01
1898,BSc Chemistry,LC0200A,MA1300,10342,CA1
1898,BSc Chemistry,LC0200A,LC0200A,11170,T32
1898,BSc Chemistry,LC0200A,CS1102,11512,CC1
1898,BSc Chemistry,LC0200A,CHEM1300,11747,C01
1898,BSc Chemistry,LC0200A,CHEM1300,11751,T04
1898,BSc Chemistry,LC0200A,MA1300,11763,TA1
1898,BSc Chemistry,LC0200A,CSCI1001,12056,C01
1898,BSc Chemistry,LC0200A,CHEM1300,12098,L02
1898,BSc Chemistry,LC0200A,CS1102,13728,LC7
1899,BSc Chemistry,LC0200A,MA1300,10342,CA1
1899,BSc Chemistry,LC0200A,CS1102,10775,LB4
1899,BSc Chemistry,LC0200A,LC0200A,11449,T34
1899,BSc Chemistry,LC0200A,CS1102,11712,CB2
1899,BSc Chemistry,LC0200A,CHEM1300,11747,C01
1899,BSc Chemistry,LC0200A,CHEM1300,11754,T03
1899,BSc Chemistry,LC0200A,MA1300,11763,TA1
1899,BSc Chemistry,LC0200A,CSCI1001,12056,C01
1899,BSc Chemistry,LC0200A,CHEM1300,12269,L04
1900,BSc Chemistry,LC0200A,CS1102,11710,C02
1900,BSc Chemistry,LC0200A,CHEM1300,11747,C01
1900,BSc Chemistry,LC0200A,CHEM1300,11755,T01
1900,BSc Chemistry,LC0200A,LC0200A,11975,T35
1900,BSc Chemistry,LC0200A,CSCI1001,12056,C01
1900,BSc Chemistry,LC0200A,CHEM1300,12098,L02
1900,BSc Chemistry,LC0200A,MA1300,12244,C01
1900,BSc Chemistry,LC0200A,MA1300,12245,T01
1900,BSc Chemistry,LC0200A,CS1102,12392,L03
1901,BSc Chemistry,LC0200A,CS1102,10283,C01
1901,BSc Chemistry,LC0200A,MA1300,10342,CA1
1901,BSc Chemistry,LC0200A,LC0200A,11449,T34
1901,BSc Chemistry,LC0200A,CHEM1300,11748,C02
1901,BSc Chemistry,LC0200A,CHEM1300,11752,T02
1901,BSc Chemistry,LC0200A,MA1300,11764,TA2
1901,BSc Chemistry,LC0200A,CSCI1001,12056,C01
1901,BSc Chemistry,LC0200A,CHEM1300,12099,L03
1901,BSc Chemistry,LC0200A,CS1102,12393,L09
1902,BSc Chemistry,LC0200A,MA1300,10342,CA1
1902,BSc Chemistry,LC0200A,LC0200A,10879,T10
1902,BSc Chemistry,LC0200A,CS1102,11519,LC4
1902,BSc Chemistry,LC0200A,CHEM1300,11747,C01
1902,BSc Chemistry,LC0200A,CHEM1300,11752,T02
1902,BSc Chemistry,LC0200A,MA1300,11763,TA1
1902,BSc Chemistry,LC0200A,CSCI1001,12056,C01
1902,BSc Chemistry,LC0200A,CHEM1300,12269,L04
1902,BSc Chemistry,LC0200A,CS1102,13144,CC2
1903,BSc Chemistry,LC0200A,CS1102,10283,C01
1903,BSc Chemistry,LC0200A,MA1300,10342,CA1
1903,BSc Chemistry,LC0200A,CS1102,11714,L05
1903,BSc Chemistry,LC0200A,CHEM1300,11748,C02
1903,BSc Chemistry,LC0200A,CHEM1300,11751,T04
1903,BSc Chemistry,LC0200A,MA1300,11764,TA2
1903,BSc Chemistry,LC0200A,CSCI1001,12056,C01
1903,BSc Chemistry,LC0200A,CHEM1300,12269,L04
1903,BSc Chemistry,LC0200A,LC0200A,14950,T18
1904,BSc Computing Mathematics,GE1401,GE1501,10250,C03
1904,BSc Computing Mathematics,GE1401,GE1401,10729,T63
1904,BSc Computing Mathematics,GE1401,MA1502,11528,CA1
1904,BSc Computing Mathematics,GE1401,CS1302,11860,CB1
1904,BSc Computing Mathematics,GE1401,CSCI1001,12056,C01
1904,BSc Computing Mathematics,GE1401,CS1302,12218,LB3
1904,BSc Computing Mathematics,GE1401,MA1400,14938,C01
1904,BSc Computing Mathematics,GE1401,MA1400,14939,T01
1905,BSc Computing Mathematics,GE1401,GE1501,10249,C02
1905,BSc Computing Mathematics,GE1401,GE1401,10721,T54
1905,BSc Computing Mathematics,GE1401,CS1302,11859,CA1
1905,BSc Computing Mathematics,GE1401,CSCI1001,12056,C01
1905,BSc Computing Mathematics,GE1401,CS1302,12215,LA4
1905,BSc Computing Mathematics,GE1401,MA1502,12609,CB1
1905,BSc Computing Mathematics,GE1401,MA1400,14938,C01
1905,BSc Computing Mathematics,GE1401,MA1400,14939,T01
1906,BSc Computing Mathematics,GE1401,GE1501,10254,C06
1906,BSc Computing Mathematics,GE1401,GE1401,11499,T85
1906,BSc Computing Mathematics,GE1401,MA1502,11528,CA1
1906,BSc Computing Mathematics,GE1401,CS1302,11860,CB1
1906,BSc Computing Mathematics,GE1401,CSCI1001,12056,C01
1906,BSc Computing Mathematics,GE1401,MA1400,14938,C01
1906,BSc Computing Mathematics,GE1401,MA1400,14939,T01
1906,BSc Computing Mathematics,GE1401,CS1302,15811,LB4
1907,BSc Computing Mathematics,GE1401,GE1401,10687,T10
1907,BSc Computing Mathematics,GE1401,MA1502,11528,CA1
1907,BSc Computing Mathematics,GE1401,CS1302,11860,CB1
1907,BSc Computing Mathematics,GE1401,CSCI1001,12056,C01
1907,BSc Computing Mathematics,GE1401,CS1302,12218,LB3
1907,BSc Computing Mathematics,GE1401,GE1501,12621,CB2
1907,BSc Computing Mathematics,GE1401,MA1400,14938,C01
1907,BSc Computing Mathematics,GE1401,MA1400,14939,T01
1908,BSc Computing Mathematics,GE1401,GE1501,11157,CB1
1908,BSc Computing Mathematics,GE1401,GE1401,11506,T78
1908,BSc Computing Mathematics,GE1401,CS1302,11859,CA1
1908,BSc Computing Mathematics,GE1401,CS1302,11982,LA3
1908,BSc Computing Mathematics,GE1401,CSCI1001,12056,C01
1908,BSc Computing Mathematics,GE1401,MA1502,12609,CB1
1908,BSc Computing Mathematics,GE1401,MA1400,14938,C01
1908,BSc Computing Mathematics,GE1401,MA1400,14939,T01
1909,BSc Computing Mathematics,GE1401,MA1502,11528,CA1
1909,BSc Computing Mathematics,GE1401,CS1302,11859,CA1
1909,BSc Computing Mathematics,GE1401,CSCI1001,12056,C01
1909,BSc Computing Mathematics,GE1401,CS1302,12215,LA4
1909,BSc Computing Mathematics,GE1401,GE1401,12398,T70
1909,BSc Computing Mathematics,GE1401,MA1400,14938,C01
1909,BSc Computing Mathematics,GE1401,MA1400,14939,T01
1909,BSc Computing Mathematics,GE1401,GE1501,15851,CA2
1910,BSc Computing Mathematics,GE1401,CS1302,11860,CB1
1910,BSc Computing Mathematics,GE1401,CSCI1001,12056,C01
1910,BSc Computing Mathematics,GE1401,MA1502,12609,CB1
1910,BSc Computing Mathematics,GE1401,GE1501,12619,C14
1910,BSc Computing Mathematics,GE1401,GE1401,13573,TB2
1910,BSc Computing Mathematics,GE1401,MA1400,14938,C01
1910,BSc Computing Mathematics,GE1401,MA1400,14939,T01
1910,BSc Computing Mathematics,GE1401,CS1302,15811,LB4
1911,BSc Computing Mathematics,GE1401,GE1501,10254,C06
1911,BSc Computing Mathematics,GE1401,GE1401,10696,T20
1911,BSc Computing Mathematics,GE1401,CS1302,11860,CB1
1911,BSc Computing Mathematics,GE1401,CSCI1001,12056,C01
1911,BSc Computing Mathematics,GE1401,CS1302,12218,LB3
1911,BSc Computing Mathematics,GE1401,MA1502,12609,CB1
1911,BSc Computing Mathematics,GE1401,MA1400,14938,C01
1911,BSc Computing Mathematics,GE1401,MA1400,14939,T01
1912,BSc Computing Mathematics,GE1401,GE1501,10249,C02
1912,BSc Computing Mathematics,GE1401,GE1401,10717,T48
1912,BSc Computing Mathematics,GE1401,CS1302,11859,CA1
1912,BSc Computing Mathematics,GE1401,CS1302,11864,LA2
1912,BSc Computing Mathematics,GE1401,CSCI1001,12056,C01
1912,BSc Computing Mathematics,GE1401,MA1502,12609,CB1
1912,BSc Computing Mathematics,GE1401,MA1400,14938,C01
1912,BSc Computing Mathematics,GE1401,MA1400,14939,T01
1913,BSc Computing Mathematics,GE1401,GE1501,10257,CA1
1913,BSc Computing Mathematics,GE1401,GE1401,10693,T16
1913,BSc Computing Mathematics,GE1401,CS1302,11860,CB1
1913,BSc Computing Mathematics,GE1401,CSCI1001,12056,C01
1913,BSc Computing Mathematics,GE1401,MA1502,12609,CB1
1913,BSc Computing Mathematics,GE1401,MA1400,14938,C01
1913,BSc Computing Mathematics,GE1401,MA1400,14939,T01
1913,BSc Computing Mathematics,GE1401,CS1302,15811,LB4
1914,BSc Computing Mathematics,GE1401,CS1302,11859,CA1
1914,BSc Computing Mathematics,GE1401,CS1302,11864,LA2
1914,BSc Computing Mathematics,GE1401,CSCI1001,12056,C01
1914,BSc Computing Mathematics,GE1401,MA1502,12609,CB1
1914,BSc Computing Mathematics,GE1401,GE1401,13572,TB1
1914,BSc Computing Mathematics,GE1401,MA1400,14938,C01
1914,BSc Computing Mathematics,GE1401,MA1400,14939,T01
1914,BSc Computing Mathematics,GE1401,GE1501,15851,CA2
1915,BSc Computing Mathematics,GE1401,GE1401,11496,T79
1915,BSc Computing Mathematics,GE1401,CS1302,11860,CB1
1915,BSc Computing Mathematics,GE1401,CSCI1001,12056,C01
1915,BSc Computing Mathematics,GE1401,CS1302,12216,LB1
1915,BSc Computing Mathematics,GE1401,MA1502,12609,CB1
1915,BSc Computing Mathematics,GE1401,GE1501,12621,CB2
1915,BSc Computing Mathematics,GE1401,MA1400,14938,C01
1915,BSc Computing Mathematics,GE1401,MA1400,14939,T01
1916,BSc Computing Mathematics,GE1401,GE1401,10701,T25
1916,BSc Computing Mathematics,GE1401,CS1302,11860,CB1
1916,BSc Computing Mathematics,GE1401,CSCI1001,12056,C01
1916,BSc Computing Mathematics,GE1401,MA1502,12609,CB1
1916,BSc Computing Mathematics,GE1401,GE1501,12618,C13
1916,BSc Computing Mathematics,GE1401,MA1400,14938,C01
1916,BSc Computing Mathematics,GE1401,MA1400,14939,T01
1916,BSc Computing Mathematics,GE1401,CS1302,15811,LB4
1917,BSc Computing Mathematics,GE1401,GE1501,10257,CA1
1917,BSc Computing Mathematics,GE1401,GE1401,10727,T60
1917,BSc Computing Mathematics,GE1401,CS1302,11860,CB1
1917,BSc Computing Mathematics,GE1401,CSCI1001,12056,C01
1917,BSc Computing Mathematics,GE1401,CS1302,12216,LB1
1917,BSc Computing Mathematics,GE1401,MA1502,12609,CB1
1917,BSc Computing Mathematics,GE1401,MA1400,14938,C01
1917,BSc Computing Mathematics,GE1401,MA1400,14939,T01
1918,BSc Computing Mathematics,GE1401,GE1501,10254,C06
1918,BSc Computing Mathematics,GE1401,GE1401,11493,T75
1918,BSc Computing Mathematics,GE1401,CS1302,11859,CA1
1918,BSc Computing Mathematics,GE1401,CS1302,11982,LA3
1918,BSc Computing Mathematics,GE1401,CSCI1001,12056,C01
1918,BSc Computing Mathematics,GE1401,MA1502,12609,CB1
1918,BSc Computing Mathematics,GE1401,MA1400,14938,C01
1918,BSc Computing Mathematics,GE1401,MA1400,14939,T01
1919,BSc Computing Mathematics,GE1401,GE1501,10249,C02
1919,BSc Computing Mathematics,GE1401,GE1401,11504,T90
1919,BSc Computing Mathematics,GE1401,CS1302,11859,CA1
1919,BSc Computing Mathematics,GE1401,CS1302,11982,LA3
1919,BSc Computing Mathematics,GE1401,CSCI1001,12056,C01
1919,BSc Computing Mathematics,GE1401,MA1502,12609,CB1
1919,BSc Computing Mathematics,GE1401,MA1400,14938,C01
1919,BSc Computing Mathematics,GE1401,MA1400,14939,T01
1920,BSc Computing Mathematics,GE1401,GE1401,10716,T47
1920,BSc Computing Mathematics,GE1401,CS1302,11860,CB1
1920,BSc Computing Mathematics,GE1401,CSCI1001,12056,C01
1920,BSc Computing Mathematics,GE1401,MA1502,12609,CB1
1920,BSc Computing Mathematics,GE1401,GE1501,12619,C14
1920,BSc Computing Mathematics,GE1401,MA1400,14938,C01
1920,BSc Computing Mathematics,GE1401,MA1400,14939,T01
1920,BSc Computing Mathematics,GE1401,CS1302,15811,LB4
1921,BSc Computing Mathematics,GE1401,GE1401,10693,T16
1921,BSc Computing Mathematics,GE1401,CS1302,11860,CB1
1921,BSc Computing Mathematics,GE1401,CSCI1001,12056,C01
1921,BSc Computing Mathematics,GE1401,MA1502,12609,CB1
1921,BSc Computing Mathematics,GE1401,GE1501,12621,CB2
1921,BSc Computing Mathematics,GE1401,MA1400,14938,C01
1921,BSc Computing Mathematics,GE1401,MA1400,14939,T01
1921,BSc Computing Mathematics,GE1401,CS1302,15811,LB4
1922,BSc Computing Mathematics,GE1401,GE1501,10257,CA1
1922,BSc Computing Mathematics,GE1401,GE1401,10704,T29
1922,BSc Computing Mathematics,GE1401,CS1302,11860,CB1
1922,BSc Computing Mathematics,GE1401,CSCI1001,12056,C01
1922,BSc Computing Mathematics,GE1401,MA1502,12609,CB1
1922,BSc Computing Mathematics,GE1401,MA1400,14938,C01
1922,BSc Computing Mathematics,GE1401,MA1400,14939,T01
1922,BSc Computing Mathematics,GE1401,CS1302,15811,LB4
1923,BSc Computing Mathematics,GE1401,GE1501,10253,C05
1923,BSc Computing Mathematics,GE1401,CS1302,11859,CA1
1923,BSc Computing Mathematics,GE1401,CS1302,11864,LA2
1923,BSc Computing Mathematics,GE1401,CSCI1001,12056,C01
1923,BSc Computing Mathematics,GE1401,MA1502,12609,CB1
1923,BSc Computing Mathematics,GE1401,GE1401,13561,T95
1923,BSc Computing Mathematics,GE1401,MA1400,14938,C01
1923,BSc Computing Mathematics,GE1401,MA1400,14939,T01
1924,BSc Computing Mathematics,GE1401,GE1501,10249,C02
1924,BSc Computing Mathematics,GE1401,CS1302,11860,CB1
1924,BSc Computing Mathematics,GE1401,CSCI1001,12056,C01
1924,BSc Computing Mathematics,GE1401,CS1302,12216,LB1
1924,BSc Computing Mathematics,GE1401,MA1502,12609,CB1
1924,BSc Computing Mathematics,GE1401,GE1401,12735,T74
1924,BSc Computing Mathematics,GE1401,MA1400,14938,C01
1924,BSc Computing Mathematics,GE1401,MA1400,14939,T01
1925,BSc Computing Mathematics,GE1401,GE1401,11500,T86
1925,BSc Computing Mathematics,GE1401,MA1502,11528,CA1
1925,BSc Computing Mathematics,GE1401,CS1302,11860,CB1
1925,BSc Computing Mathematics,GE1401,CSCI1001,12056,C01
1925,BSc Computing Mathematics,GE1401,GE1501,12621,CB2
1925,BSc Computing Mathematics,GE1401,MA1400,14938,C01
1925,BSc Computing Mathematics,GE1401,MA1400,14939,T01
1925,BSc Computing Mathematics,GE1401,CS1302,15811,LB4
1926,BSc Computing Mathematics,GE1401,GE1401,10710,T37
1926,BSc Computing Mathematics,GE1401,GE1501,11157,CB1
1926,BSc Computing Mathematics,GE1401,CS1302,11859,CA1
1926,BSc Computing Mathematics,GE1401,CSCI1001,12056,C01
1926,BSc Computing Mathematics,GE1401,CS1302,12215,LA4
1926,BSc Computing Mathematics,GE1401,MA1502,12609,CB1
1926,BSc Computing Mathematics,GE1401,MA1400,14938,C01
1926,BSc Computing Mathematics,GE1401,MA1400,14939,T01
1927,BSc Computing Mathematics,GE1401,GE1401,10702,T27
1927,BSc Computing Mathematics,GE1401,CS1302,11860,CB1
1927,BSc Computing Mathematics,GE1401,CSCI1001,12056,C01
1927,BSc Computing Mathematics,GE1401,CS1302,12216,LB1
1927,BSc Computing Mathematics,GE1401,GE1501,12513,C10
1927,BSc Computing Mathematics,GE1401,MA1502,12609,CB1
1927,BSc Computing Mathematics,GE1401,MA1400,14938,C01
1927,BSc Computing Mathematics,GE1401,MA1400,14939,T01
1928,BSc Computing Mathematics,GE1401,GE1501,10253,C05
1928,BSc Computing Mathematics,GE1401,CS1302,11859,CA1
1928,BSc Computing Mathematics,GE1401,CS1302,11982,LA3
1928,BSc Computing Mathematics,GE1401,CSCI1001,12056,C01
1928,BSc Computing Mathematics,GE1401,MA1502,12609,CB1
1928,BSc Computing Mathematics,GE1401,MA1400,14938,C01
1928,BSc Computing Mathematics,GE1401,MA1400,14939,T01
1928,BSc Computing Mathematics,GE1401,GE1401,15602,T58
1929,BSc Computing Mathematics,GE1401,GE1501,10249,C02
1929,BSc Computing Mathematics,GE1401,GE1401,11497,T81
1929,BSc Computing Mathematics,GE1401,CS1302,11859,CA1
1929,BSc Computing Mathematics,GE1401,CS1302,11864,LA2
1929,BSc Computing Mathematics,GE1401,CSCI1001,12056,C01
1929,BSc Computing Mathematics,GE1401,MA1502,12609,CB1
1929,BSc Computing Mathematics,GE1401,MA1400,14938,C01
1929,BSc Computing Mathematics,GE1401,MA1400,14939,T01
1930,BSc Computing Mathematics,GE1401,GE1501,10249,C02
1930,BSc Computing Mathematics,GE1401,GE1401,11504,T90
1930,BSc Computing Mathematics,GE1401,CS1302,11860,CB1
1930,BSc Computing Mathematics,GE1401,CSCI1001,12056,C01
1930,BSc Computing Mathematics,GE1401,CS1302,12218,LB3
1930,BSc Computing Mathematics,GE1401,MA1502,12609,CB1
1930,BSc Computing Mathematics,GE1401,MA1400,14938,C01
1930,BSc Computing Mathematics,GE1401,MA1400,14939,T01
1931,BSc Computing Mathematics,GE1401,GE1501,10250,C03
1931,BSc Computing Mathematics,GE1401,GE1401,10680,T03
1931,BSc Computing Mathematics,GE1401,CS1302,11859,CA1
1931,BSc Computing Mathematics,GE1401,CS1302,11864,LA2
1931,BSc Computing Mathematics,GE1401,CSCI1001,12056,C01
1931,BSc Computing Mathematics,GE1401,MA1502,12609,CB1
1931,BSc Computing Mathematics,GE1401,MA1400,14938,C01
1931,BSc Computing Mathematics,GE1401,MA1400,14939,T01
1932,BSc Computing Mathematics,GE1401,GE1401,10711,T38
1932,BSc Computing Mathematics,GE1401,CS1302,11859,CA1
1932,BSc Computing Mathematics,GE1401,CS1302,11982,LA3
1932,BSc Computing Mathematics,GE1401,CSCI1001,12056,C01
1932,BSc Computing Mathematics,GE1401,MA1502,12609,CB1
1932,BSc Computing Mathematics,GE1401,MA1400,14938,C01
1932,BSc Computing Mathematics,GE1401,MA1400,14939,T01
1932,BSc Computing Mathematics,GE1401,GE1501,15851,CA2
1933,BSc Computing Mathematics,GE1401,GE1501,10250,C03
1933,BSc Computing Mathematics,GE1401,GE1401,10682,T05
1933,BSc Computing Mathematics,GE1401,CS1302,11859,CA1
1933,BSc Computing Mathematics,GE1401,CS1302,11864,LA2
1933,BSc Computing Mathematics,GE1401,CSCI1001,12056,C01
1933,BSc Computing Mathematics,GE1401,MA1502,12609,CB1
1933,BSc Computing Mathematics,GE1401,MA1400,14938,C01
1933,BSc Computing Mathematics,GE1401,MA1400,14939,T01
1934,BSc Computing Mathematics,GE1401,GE1401,10726,T59
1934,BSc Computing Mathematics,GE1401,CS1302,11859,CA1
1934,BSc Computing Mathematics,GE1401,CSCI1001,12056,C01
1934,BSc Computing Mathematics,GE1401,CS1302,12215,LA4
1934,BSc Computing Mathematics,GE1401,MA1502,12609,CB1
1934,BSc Computing Mathematics,GE1401,GE1501,12621,CB2
1934,BSc Computing Mathematics,GE1401,MA1400,14938,C01
1934,BSc Computing Mathematics,GE1401,MA1400,14939,T01
1935,BSc Computing Mathematics,GE1401,CS1302,11860,CB1
1935,BSc Computing Mathematics,GE1401,CSCI1001,12056,C01
1935,BSc Computing Mathematics,GE1401,CS1302,12218,LB3
1935,BSc Computing Mathematics,GE1401,GE1501,12513,C10
1935,BSc Computing Mathematics,GE1401,MA1502,12609,CB1
1935,BSc Computing Mathematics,GE1401,MA1400,14938,C01
1935,BSc Computing Mathematics,GE1401,MA1400,14939,T01
1935,BSc Computing Mathematics,GE1401,GE1401,15206,TC6
1936,BSc Computing Mathematics,GE1401,CS1302,11860,CB1
1936,BSc Computing Mathematics,GE1401,CSCI1001,12056,C01
1936,BSc Computing Mathematics,GE1401,MA1502,12609,CB1
1936,BSc Computing Mathematics,GE1401,GE1501,12620,C15
1936,BSc Computing Mathematics,GE1401,GE1401,13577,TB6
1936,BSc Computing Mathematics,GE1401,MA1400,14938,C01
1936,BSc Computing Mathematics,GE1401,MA1400,14939,T01
1936,BSc Computing Mathematics,GE1401,CS1302,15811,LB4
1937,BSc Computing Mathematics,GE1401,GE1501,10249,C02
1937,BSc Computing Mathematics,GE1401,GE1401,10688,T11
1937,BSc Computing Mathematics,GE1401,MA1502,11528,CA1
1937,BSc Computing Mathematics,GE1401,CS1302,11860,CB1
1937,BSc Computing Mathematics,GE1401,CSCI1001,12056,C01
1937,BSc Computing Mathematics,GE1401,CS1302,12218,LB3
1937,BSc Computing Mathematics,GE1401,MA1400,14938,C01
1937,BSc Computing Mathematics,GE1401,MA1400,14939,T01
1938,BSc Computing Mathematics,GE1401,GE1501,10249,C02
1938,BSc Computing Mathematics,GE1401,GE1401,10688,T11
1938,BSc Computing Mathematics,GE1401,CS1302,11859,CA1
1938,BSc Computing Mathematics,GE1401,CSCI1001,12056,C01
1938,BSc Computing Mathematics,GE1401,CS1302,12215,LA4
1938,BSc Computing Mathematics,GE1401,MA1502,12609,CB1
1938,BSc Computing Mathematics,GE1401,MA1400,14938,C01
1938,BSc Computing Mathematics,GE1401,MA1400,14939,T01
1939,BSc Computing Mathematics,GE1401,GE1501,10254,C06
1939,BSc Computing Mathematics,GE1401,MA1502,11528,CA1
1939,BSc Computing Mathematics,GE1401,CS1302,11860,CB1
1939,BSc Computing Mathematics,GE1401,CSCI1001,12056,C01
1939,BSc Computing Mathematics,GE1401,CS1302,12218,LB3
1939,BSc Computing Mathematics,GE1401,GE1401,13570,T98
1939,BSc Computing Mathematics,GE1401,MA1400,14938,C01
1939,BSc Computing Mathematics,GE1401,MA1400,14939,T01
1940,BSc Computing Mathematics,GE1401,GE1501,10254,C06
1940,BSc Computing Mathematics,GE1401,GE1401,10683,T06
1940,BSc Computing Mathematics,GE1401,CS1302,11859,CA1
1940,BSc Computing Mathematics,GE1401,CS1302,11864,LA2
1940,BSc Computing Mathematics,GE1401,CSCI1001,12056,C01
1940,BSc Computing Mathematics,GE1401,MA1502,12609,CB1
1940,BSc Computing Mathematics,GE1401,MA1400,14938,C01
1940,BSc Computing Mathematics,GE1401,MA1400,14939,T01
1941,BSc Computing Mathematics,GE1401,GE1501,10254,C06
1941,BSc Computing Mathematics,GE1401,CS1302,11859,CA1
1941,BSc Computing Mathematics,GE1401,CSCI1001,12056,C01
1941,BSc Computing Mathematics,GE1401,CS1302,12215,LA4
1941,BSc Computing Mathematics,GE1401,MA1502,12609,CB1
1941,BSc Computing Mathematics,GE1401,GE1401,12814,T91
1941,BSc Computing Mathematics,GE1401,MA1400,14938,C01
1941,BSc Computing Mathematics,GE1401,MA1400,14939,T01
1942,BSc Computing Mathematics,GE1401,GE1501,10250,C03
1942,BSc Computing Mathematics,GE1401,GE1401,11504,T90
1942,BSc Computing Mathematics,GE1401,CS1302,11860,CB1
1942,BSc Computing Mathematics,GE1401,CSCI1001,12056,C01
1942,BSc Computing Mathematics,GE1401,MA1502,12609,CB1
1942,BSc Computing Mathematics,GE1401,MA1400,14938,C01
1942,BSc Computing Mathematics,GE1401,MA1400,14939,T01
1942,BSc Computing Mathematics,GE1401,CS1302,15811,LB4
1943,BSc Computing Mathematics,LC0200A,LC0200A,10884,T15
1943,BSc Computing Mathematics,LC0200A,MA1502,11528,CA1
1943,BSc Computing Mathematics,LC0200A,CS1302,11859,CA1
1943,BSc Computing Mathematics,LC0200A,CS1302,11864,LA2
1943,BSc Computing Mathematics,LC0200A,CSCI1001,12056,C01
1943,BSc Computing Mathematics,LC0200A,GE1501,12618,C13
1943,BSc Computing Mathematics,LC0200A,MA1400,14938,C01
1943,BSc Computing Mathematics,LC0200A,MA1400,14939,T01
1944,BSc Computing Mathematics,LC0200A,LC0200A,11029,T30
1944,BSc Computing Mathematics,LC0200A,MA1502,11528,CA1
1944,BSc Computing Mathematics,LC0200A,CS1302,11859,CA1
1944,BSc Computing Mathematics,LC0200A,CS1302,11864,LA2
1944,BSc Computing Mathematics,LC0200A,CSCI1001,12056,C01
1944,BSc Computing Mathematics,LC0200A,GE1501,12618,C13
1944,BSc Computing Mathematics,LC0200A,MA1400,14938,C01
1944,BSc Computing Mathematics,LC0200A,MA1400,14939,T01
1945,BSc Computing Mathematics,LC0200A,GE1501,10249,C02
1945,BSc Computing Mathematics,LC0200A,LC0200A,10890,T22
1945,BSc Computing Mathematics,LC0200A,CS1302,11860,CB1
1945,BSc Computing Mathematics,LC0200A,CSCI1001,12056,C01
1945,BSc Computing Mathematics,LC0200A,CS1302,12216,LB1
1945,BSc Computing Mathematics,LC0200A,MA1502,12609,CB1
1945,BSc Computing Mathematics,LC0200A,MA1400,14938,C01
1945,BSc Computing Mathematics,LC0200A,MA1400,14939,T01
1946,BSc Computing Mathematics,LC0200A,LC0200A,10891,T23
1946,BSc Computing Mathematics,LC0200A,CS1302,11859,CA1
1946,BSc Computing Mathematics,LC0200A,CS1302,11864,LA2
1946,BSc Computing Mathematics,LC0200A,CSCI1001,12056,C01
1946,BSc Computing Mathematics,LC0200A,MA1502,12609,CB1
1946,BSc Computing Mathematics,LC0200A,GE1501,12620,C15
1946,BSc Computing Mathematics,LC0200A,MA1400,14938,C01
1946,BSc Computing Mathematics,LC0200A,MA1400,14939,T01
1947,BSc Computing Mathematics,LC0200A,LC0200A,10875,T06
1947,BSc Computing Mathematics,LC0200A,CS1302,11860,CB1
1947,BSc Computing Mathematics,LC0200A,CSCI1001,12056,C01
1947,BSc Computing Mathematics,LC0200A,CS1302,12218,LB3
1947,BSc Computing Mathematics,LC0200A,MA1502,12609,CB1
1947,BSc Computing Mathematics,LC0200A,GE1501,12618,C13
1947,BSc Computing Mathematics,LC0200A,MA1400,14938,C01
1947,BSc Computing Mathematics,LC0200A,MA1400,14939,T01
1948,BSc Computing Mathematics,LC0200A,GE1501,10604,C09
1948,BSc Computing Mathematics,LC0200A,LC0200A,11029,T30
1948,BSc Computing Mathematics,LC0200A,CS1302,11861,CC1
1948,BSc Computing Mathematics,LC0200A,CSCI1001,12056,C01
1948,BSc Computing Mathematics,LC0200A,MA1502,12609,CB1
1948,BSc Computing Mathematics,LC0200A,CS1302,13150,LC3
1948,BSc Computing Mathematics,LC0200A,MA1400,14938,C01
1948,BSc Computing Mathematics,LC0200A,MA1400,14939,T01
1949,BSc Computing Mathematics,LC0200A,LC0200A,11029,T30
1949,BSc Computing Mathematics,LC0200A,CS1302,11860,CB1
1949,BSc Computing Mathematics,LC0200A,CSCI1001,12056,C01
1949,BSc Computing Mathematics,LC0200A,MA1502,12609,CB1
1949,BSc Computing Mathematics,LC0200A,GE1501,12620,C15
1949,BSc Computing Mathematics,LC0200A,MA1400,14938,C01
1949,BSc Computing Mathematics,LC0200A,MA1400,14939,T01
1949,BSc Computing Mathematics,LC0200A,CS1302,15811,LB4
1950,BSc Computing Mathematics,LC0200A,GE1501,10250,C03
1950,BSc Computing Mathematics,LC0200A,CS1302,11860,CB1
1950,BSc Computing Mathematics,LC0200A,CSCI1001,12056,C01
1950,BSc Computing Mathematics,LC0200A,CS1302,12218,LB3
1950,BSc Computing Mathematics,LC0200A,MA1502,12609,CB1
1950,BSc Computing Mathematics,LC0200A,MA1400,14938,C01
1950,BSc Computing Mathematics,LC0200A,MA1400,14939,T01
1950,BSc Computing Mathematics,LC0200A,LC0200A,14950,T18
1951,BSc Computing Mathematics,LC0200A,LC0200A,10884,T15
1951,BSc Computing Mathematics,LC0200A,GE1501,11157,CB1
1951,BSc Computing Mathematics,LC0200A,CS1302,11859,CA1
1951,BSc Computing Mathematics,LC0200A,CS1302,11864,LA2
1951,BSc Computing Mathematics,LC0200A,CSCI1001,12056,C01
1951,BSc Computing Mathematics,LC0200A,MA1502,12609,CB1
1951,BSc Computing Mathematics,LC0200A,MA1400,14938,C01
1951,BSc Computing Mathematics,LC0200A,MA1400,14939,T01
1952,BSc Computing Mathematics,LC0200A,LC0200A,10885,T16
1952,BSc Computing Mathematics,LC0200A,CS1302,11859,CA1
1952,BSc Computing Mathematics,LC0200A,CS1302,11982,LA3
1952,BSc Computing Mathematics,LC0200A,CSCI1001,12056,C01
1952,BSc Computing Mathematics,LC0200A,MA1502,12609,CB1
1952,BSc Computing Mathematics,LC0200A,GE1501,12620,C15
1952,BSc Computing Mathematics,LC0200A,MA1400,14938,C01
1952,BSc Computing Mathematics,LC0200A,MA1400,14939,T01
1953,BSc Computing Mathematics,LC0200A,LC0200A,10892,T24
1953,BSc Computing Mathematics,LC0200A,CS1302,11859,CA1
1953,BSc Computing Mathematics,LC0200A,CS1302,11864,LA2
1953,BSc Computing Mathematics,LC0200A,CSCI1001,12056,C01
1953,BSc Computing Mathematics,LC0200A,MA1502,12609,CB1
1953,BSc Computing Mathematics,LC0200A,GE1501,12620,C15
1953,BSc Computing Mathematics,LC0200A,MA1400,14938,C01
1953,BSc Computing Mathematics,LC0200A,MA1400,14939,T01
1954,BSc Computing Mathematics,LC0200A,GE1501,10604,C09
1954,BSc Computing Mathematics,LC0200A,LC0200A,10880,T11
1954,BSc Computing Mathematics,LC0200A,CS1302,11860,CB1
1954,BSc Computing Mathematics,LC0200A,CSCI1001,12056,C01
1954,BSc Computing Mathematics,LC0200A,CS1302,12218,LB3
1954,BSc Computing Mathematics,LC0200A,MA1502,12609,CB1
1954,BSc Computing Mathematics,LC0200A,MA1400,14938,C01
1954,BSc Computing Mathematics,LC0200A,MA1400,14939,T01
1955,BSc Computing Mathematics,LC0200A,GE1501,10252,C04
1955,BSc Computing Mathematics,LC0200A,LC0200A,10875,T06
1955,BSc Computing Mathematics,LC0200A,CS1302,11860,CB1
1955,BSc Computing Mathematics,LC0200A,CSCI1001,12056,C01
1955,BSc Computing Mathematics,LC0200A,CS1302,12218,LB3
1955,BSc Computing Mathematics,LC0200A,MA1502,12609,CB1
1955,BSc Computing Mathematics,LC0200A,MA1400,14938,C01
1955,BSc Computing Mathematics,LC0200A,MA1400,14939,T01
1956,BSc Computing Mathematics,LC0200A,GE1501,10249,C02
1956,BSc Computing Mathematics,LC0200A,LC0200A,11030,T31
1956,BSc Computing Mathematics,LC0200A,CS1302,11859,CA1
1956,BSc Computing Mathematics,LC0200A,CS1302,11864,LA2
1956,BSc Computing Mathematics,LC0200A,CSCI1001,12056,C01
1956,BSc Computing Mathematics,LC0200A,MA1502,12609,CB1
1956,BSc Computing Mathematics,LC0200A,MA1400,14938,C01
1956,BSc Computing Mathematics,LC0200A,MA1400,14939,T01
1957,BSc Computing Mathematics,LC0200A,GE1501,10252,C04
1957,BSc Computing Mathematics,LC0200A,LC0200A,10865,T05
1957,BSc Computing Mathematics,LC0200A,CS1302,11859,CA1
1957,BSc Computing Mathematics,LC0200A,CS1302,11982,LA3
1957,BSc Computing Mathematics,LC0200A,CSCI1001,12056,C01
1957,BSc Computing Mathematics,LC0200A,MA1502,12609,CB1
1957,BSc Computing Mathematics,LC0200A,MA1400,14938,C01
1957,BSc Computing Mathematics,LC0200A,MA1400,14939,T01
1958,BSc Computing Mathematics,LC0200A,GE1501,10254,C06
1958,BSc Computing Mathematics,LC0200A,CS1302,11860,CB1
1958,BSc Computing Mathematics,LC0200A,CSCI1001,12056,C01
1958,BSc Computing Mathematics,LC0200A,CS1302,12218,LB3
1958,BSc Computing Mathematics,LC0200A,LC0200A,12320,T38
1958,BSc Computing Mathematics,LC0200A,MA1502,12609,CB1
1958,BSc Computing Mathematics,LC0200A,MA1400,14938,C01
1958,BSc Computing Mathematics,LC0200A,MA1400,14939,T01
1959,BSc Computing Mathematics,LC0200A,GE1501,10604,C09
1959,BSc Computing Mathematics,LC0200A,LC0200A,10887,T19
1959,BSc Computing Mathematics,LC0200A,CS1302,11861,CC1
1959,BSc Computing Mathematics,LC0200A,CS1302,11869,LC1
1959,BSc Computing Mathematics,LC0200A,CSCI1001,12056,C01
1959,BSc Computing Mathematics,LC0200A,MA1502,12609,CB1
1959,BSc Computing Mathematics,LC0200A,MA1400,14938,C01
1959,BSc Computing Mathematics,LC0200A,MA1400,14939,T01
1960,BSc Computing Mathematics,LC0200A,MA1502,11528,CA1
1960,BSc Computing Mathematics,LC0200A,CS1302,11860,CB1
1960,BSc Computing Mathematics,LC0200A,CSCI1001,12056,C01
1960,BSc Computing Mathematics,LC0200A,CS1302,12218,LB3
1960,BSc Computing Mathematics,LC0200A,LC0200A,12333,T40
1960,BSc Computing Mathematics,LC0200A,GE1501,12619,C14
1960,BSc Computing Mathematics,LC0200A,MA1400,14938,C01
1960,BSc Computing Mathematics,LC0200A,MA1400,14939,T01
1961,BSc Physics,GE1401,MA1300,10342,CA1
1961,BSc Physics,GE1401,GE1401,10710,T37
1961,BSc Physics,GE1401,MA1300,11764,TA2
1961,BSc Physics,GE1401,PHY1101,11832,CA1
1961,BSc Physics,GE1401,PHY1101,11835,TA1
1961,BSc Physics,GE1401,CS1302,11859,CA1
1961,BSc Physics,GE1401,CSCI1001,12056,C01
1961,BSc Physics,GE1401,CS1302,12215,LA4
1962,BSc Physics,GE1401,MA1300,10342,CA1
1962,BSc Physics,GE1401,GE1401,10727,T60
1962,BSc Physics,GE1401,MA1300,11763,TA1
1962,BSc Physics,GE1401,PHY1101,11831,C01
1962,BSc Physics,GE1401,PHY1101,11834,T01
1962,BSc Physics,GE1401,CS1302,11860,CB1
1962,BSc Physics,GE1401,CSCI1001,12056,C01
1962,BSc Physics,GE1401,CS1302,12218,LB3
1963,BSc Physics,GE1401,MA1300,10342,CA1
1963,BSc Physics,GE1401,PHY1101,11832,CA1
1963,BSc Physics,GE1401,PHY1101,11835,TA1
1963,BSc Physics,GE1401,CS1302,11860,CB1
1963,BSc Physics,GE1401,MA1300,11957,TA3
1963,BSc Physics,GE1401,CSCI1001,12056,C01
1963,BSc Physics,GE1401,GE1401,13572,TB1
1963,BSc Physics,GE1401,CS1302,15811,LB4
1964,BSc Physics,GE1401,MA1300,10342,CA1
1964,BSc Physics,GE1401,GE1401,11500,T86
1964,BSc Physics,GE1401,PHY1101,11832,CA1
1964,BSc Physics,GE1401,PHY1101,11835,TA1
1964,BSc Physics,GE1401,CS1302,11860,CB1
1964,BSc Physics,GE1401,MA1300,11957,TA3
1964,BSc Physics,GE1401,CSCI1001,12056,C01
1964,BSc Physics,GE1401,CS1302,12216,LB1
1965,BSc Physics,GE1401,MA1300,10342,CA1
1965,BSc Physics,GE1401,GE1401,10697,T21
1965,BSc Physics,GE1401,MA1300,11763,TA1
1965,BSc Physics,GE1401,PHY1101,11831,C01
1965,BSc Physics,GE1401,PHY1101,11834,T01
1965,BSc Physics,GE1401,CS1302,11859,CA1
1965,BSc Physics,GE1401,CSCI1001,12056,C01
1965,BSc Physics,GE1401,CS1302,12215,LA4
1966,BSc Physics,GE1401,MA1300,10342,CA1
1966,BSc Physics,GE1401,GE1401,10695,T19
1966,BSc Physics,GE1401,PHY1101,11831,C01
1966,BSc Physics,GE1401,PHY1101,11834,T01
1966,BSc Physics,GE1401,CS1302,11859,CA1
1966,BSc Physics,GE1401,CS1302,11863,LA1
1966,BSc Physics,GE1401,MA1300,11957,TA3
1966,BSc Physics,GE1401,CSCI1001,12056,C01
1967,BSc Physics,GE1401,MA1300,10342,CA1
1967,BSc Physics,GE1401,GE1401,10683,T06
1967,BSc Physics,GE1401,PHY1101,11832,CA1
1967,BSc Physics,GE1401,PHY1101,11835,TA1
1967,BSc Physics,GE1401,CS1302,11859,CA1
1967,BSc Physics,GE1401,CS1302,11863,LA1
1967,BSc Physics,GE1401,MA1300,11957,TA3
1967,BSc Physics,GE1401,CSCI1001,12056,C01
1968,BSc Physics,GE1401,MA1300,10342,CA1
1968,BSc Physics,GE1401,MA1300,11764,TA2
1968,BSc Physics,GE1401,PHY1101,11832,CA1
1968,BSc Physics,GE1401,PHY1101,11835,TA1
1968,BSc Physics,GE1401,CS1302,11859,CA1
1968,BSc Physics,GE1401,CS1302,11863,LA1
1968,BSc Physics,GE1401,CSCI1001,12056,C01
1968,BSc Physics,GE1401,GE1401,15206,TC6
1969,BSc Physics,GE1401,MA1300,10342,CA1
1969,BSc Physics,GE1401,GE1401,10697,T21
1969,BSc Physics,GE1401,MA1300,11764,TA2
1969,BSc Physics,GE1401,PHY1101,11832,CA1
1969,BSc Physics,GE1401,PHY1101,11835,TA1
1969,BSc Physics,GE1401,CS1302,11859,CA1
1969,BSc Physics,GE1401,CS1302,11982,LA3
1969,BSc Physics,GE1401,CSCI1001,12056,C01
1970,BSc Physics,GE1401,MA1300,10342,CA1
1970,BSc Physics,GE1401,GE1401,10708,T34
1970,BSc Physics,GE1401,PHY1101,11832,CA1
1970,BSc Physics,GE1401,PHY1101,11835,TA1
1970,BSc Physics,GE1401,CS1302,11860,CB1
1970,BSc Physics,GE1401,MA1300,11957,TA3
1970,BSc Physics,GE1401,CSCI1001,12056,C01
1970,BSc Physics,GE1401,CS1302,12216,LB1
1971,BSc Physics,GE1401,MA1300,10342,CA1
1971,BSc Physics,GE1401,GE1401,10680,T03
1971,BSc Physics,GE1401,MA1300,11763,TA1
1971,BSc Physics,GE1401,PHY1101,11831,C01
1971,BSc Physics,GE1401,PHY1101,11834,T01
1971,BSc Physics,GE1401,CS1302,11859,CA1
1971,BSc Physics,GE1401,CS1302,11863,LA1
1971,BSc Physics,GE1401,CSCI1001,12056,C01
1972,BSc Physics,GE1401,MA1300,10342,CA1
1972,BSc Physics,GE1401,GE1401,11500,T86
1972,BSc Physics,GE1401,MA1300,11764,TA2
1972,BSc Physics,GE1401,PHY1101,11832,CA1
1972,BSc Physics,GE1401,PHY1101,11835,TA1
1972,BSc Physics,GE1401,CS1302,11860,CB1
1972,BSc Physics,GE1401,CSCI1001,12056,C01
1972,BSc Physics,GE1401,CS1302,12217,LB2
1973,BSc Physics,GE1401,MA1300,10342,CA1
1973,BSc Physics,GE1401,GE1401,10687,T10
1973,BSc Physics,GE1401,MA1300,11764,TA2
1973,BSc Physics,GE1401,PHY1101,11832,CA1
1973,BSc Physics,GE1401,PHY1101,11835,TA1
1973,BSc Physics,GE1401,CS1302,11860,CB1
1973,BSc Physics,GE1401,CSCI1001,12056,C01
1973,BSc Physics,GE1401,CS1302,12218,LB3
1974,BSc Physics,GE1401,MA1300,10342,CA1
1974,BSc Physics,GE1401,MA1300,11763,TA1
1974,BSc Physics,GE1401,PHY1101,11831,C01
1974,BSc Physics,GE1401,PHY1101,11834,T01
1974,BSc Physics,GE1401,CS1302,11859,CA1
1974,BSc Physics,GE1401,CS1302,11864,LA2
1974,BSc Physics,GE1401,CSCI1001,12056,C01
1974,BSc Physics,GE1401,GE1401,12124,T49
1975,BSc Physics,GE1401,MA1300,10342,CA1
1975,BSc Physics,GE1401,GE1401,10708,T34
1975,BSc Physics,GE1401,PHY1101,11831,C01
1975,BSc Physics,GE1401,PHY1101,11834,T01
1975,BSc Physics,GE1401,CS1302,11861,CC1
1975,BSc Physics,GE1401,MA1300,11957,TA3
1975,BSc Physics,GE1401,CSCI1001,12056,C01
1975,BSc Physics,GE1401,CS1302,13150,LC3
1976,BSc Physics,GE1401,MA1300,10342,CA1
1976,BSc Physics,GE1401,GE1401,10723,T56
1976,BSc Physics,GE1401,MA1300,11764,TA2
1976,BSc Physics,GE1401,PHY1101,11831,C01
1976,BSc Physics,GE1401,PHY1101,11834,T01
1976,BSc Physics,GE1401,CS1302,11860,CB1
1976,BSc Physics,GE1401,CSCI1001,12056,C01
1976,BSc Physics,GE1401,CS1302,12218,LB3
1977,BSc Physics,GE1401,PHY1101,11831,C01
1977,BSc Physics,GE1401,PHY1101,11834,T01
1977,BSc Physics,GE1401,CS1302,11859,CA1
1977,BSc Physics,GE1401,CS1302,11863,LA1
1977,BSc Physics,GE1401,CSCI1001,12056,C01
1977,BSc Physics,GE1401,MA1300,12244,C01
1977,BSc Physics,GE1401,MA1300,12245,T01
1977,BSc Physics,GE1401,GE1401,15603,T73
1978,BSc Physics,GE1401,MA1300,10342,CA1
1978,BSc Physics,GE1401,PHY1101,11832,CA1
1978,BSc Physics,GE1401,PHY1101,11835,TA1
1978,BSc Physics,GE1401,CS1302,11859,CA1
1978,BSc Physics,GE1401,MA1300,11957,TA3
1978,BSc Physics,GE1401,CS1302,11982,LA3
1978,BSc Physics,GE1401,CSCI1001,12056,C01
1978,BSc Physics,GE1401,GE1401,15601,T28
1979,BSc Physics,GE1401,MA1300,10342,CA1
1979,BSc Physics,GE1401,PHY1101,11832,CA1
1979,BSc Physics,GE1401,PHY1101,11835,TA1
1979,BSc Physics,GE1401,CS1302,11859,CA1
1979,BSc Physics,GE1401,CS1302,11863,LA1
1979,BSc Physics,GE1401,MA1300,11957,TA3
1979,BSc Physics,GE1401,CSCI1001,12056,C01
1979,BSc Physics,GE1401,GE1401,13568,T96
1980,BSc Physics,GE1401,MA1300,10342,CA1
1980,BSc Physics,GE1401,PHY1101,11832,CA1
1980,BSc Physics,GE1401,PHY1101,11835,TA1
1980,BSc Physics,GE1401,CS1302,11859,CA1
1980,BSc Physics,GE1401,CS1302,11863,LA1
1980,BSc Physics,GE1401,MA1300,11957,TA3
1980,BSc Physics,GE1401,CSCI1001,12056,C01
1980,BSc Physics,GE1401,GE1401,14271,TB8
1981,BSc Physics,GE1401,MA1300,10342,CA1
1981,BSc Physics,GE1401,MA1300,11764,TA2
1981,BSc Physics,GE1401,PHY1101,11833,CB1
1981,BSc Physics,GE1401,PHY1101,11836,TB1
1981,BSc Physics,GE1401,CS1302,11860,CB1
1981,BSc Physics,GE1401,CSCI1001,12056,C01
1981,BSc Physics,GE1401,CS1302,12217,LB2
1981,BSc Physics,GE1401,GE1401,15182,TC3
1982,BSc Physics,GE1401,MA1300,10342,CA1
1982,BSc Physics,GE1401,MA1300,11764,TA2
1982,BSc Physics,GE1401,PHY1101,11832,CA1
1982,BSc Physics,GE1401,PHY1101,11835,TA1
1982,BSc Physics,GE1401,CS1302,11859,CA1
1982,BSc Physics,GE1401,CS1302,11864,LA2
1982,BSc Physics,GE1401,CSCI1001,12056,C01
1982,BSc Physics,GE1401,GE1401,15207,TC7
1983,BSc Physics,GE1401,MA1300,10342,CA1
1983,BSc Physics,GE1401,MA1300,11764,TA2
1983,BSc Physics,GE1401,PHY1101,11831,C01
1983,BSc Physics,GE1401,PHY1101,11834,T01
1983,BSc Physics,GE1401,CS1302,11859,CA1
1983,BSc Physics,GE1401,CS1302,11863,LA1
1983,BSc Physics,GE1401,CSCI1001,12056,C01
1983,BSc Physics,GE1401,GE1401,12735,T74
1984,BSc Physics,GE1401,MA1300,10342,CA1
1984,BSc Physics,GE1401,GE1401,11503,T89
1984,BSc Physics,GE1401,MA1300,11763,TA1
1984,BSc Physics,GE1401,PHY1101,11832,CA1
1984,BSc Physics,GE1401,PHY1101,11835,TA1
1984,BSc Physics,GE1401,CS1302,11859,CA1
1984,BSc Physics,GE1401,CS1302,11982,LA3
1984,BSc Physics,GE1401,CSCI1001,12056,C01
1985,BSc Physics,GE1401,MA1300,10342,CA1
1985,BSc Physics,GE1401,PHY1101,11831,C01
1985,BSc Physics,GE1401,PHY1101,11834,T01
1985,BSc Physics,GE1401,CS1302,11859,CA1
1985,BSc Physics,GE1401,MA1300,11957,TA3
1985,BSc Physics,GE1401,CS1302,11982,LA3
1985,BSc Physics,GE1401,CSCI1001,12056,C01
1985,BSc Physics,GE1401,GE1401,12119,T18
1986,BSc Physics,GE1401,MA1300,10342,CA1
1986,BSc Physics,GE1401,PHY1101,11832,CA1
1986,BSc Physics,GE1401,PHY1101,11835,TA1
1986,BSc Physics,GE1401,CS1302,11859,CA1
1986,BSc Physics,GE1401,CS1302,11864,LA2
1986,BSc Physics,GE1401,MA1300,11957,TA3
1986,BSc Physics,GE1401,CSCI1001,12056,C01
1986,BSc Physics,GE1401,GE1401,15603,T73
1987,BSc Physics,LC0200A,MA1300,10342,CA1
1987,BSc Physics,LC0200A,LC0200A,11170,T32
1987,BSc Physics,LC0200A,MA1300,11764,TA2
1987,BSc Physics,LC0200A,PHY1101,11833,CB1
1987,BSc Physics,LC0200A,PHY1101,11836,TB1
1987,BSc Physics,LC0200A,CS1302,11860,CB1
1987,BSc Physics,LC0200A,CSCI1001,12056,C01
1987,BSc Physics,LC0200A,CS1302,12217,LB2
1988,BSc Physics,LC0200A,MA1300,10342,CA1
1988,BSc Physics,LC0200A,LC0200A,10890,T22
1988,BSc Physics,LC0200A,PHY1101,11832,CA1
1988,BSc Physics,LC0200A,PHY1101,11835,TA1
1988,BSc Physics,LC0200A,CS1302,11859,CA1
1988,BSc Physics,LC0200A,MA1300,11957,TA3
1988,BSc Physics,LC0200A,CSCI1001,12056,C01
1988,BSc Physics,LC0200A,CS1302,12215,LA4
1989,BSc Physics,LC0200A,MA1300,10342,CA1
1989,BSc Physics,LC0200A,LC0200A,10893,T25
1989,BSc Physics,LC0200A,MA1300,11764,TA2
1989,BSc Physics,LC0200A,PHY1101,11832,CA1
1989,BSc Physics,LC0200A,PHY1101,11835,TA1
1989,BSc Physics,LC0200A,CS1302,11860,CB1
1989,BSc Physics,LC0200A,CSCI1001,12056,C01
1989,BSc Physics,LC0200A,CS1302,12218,LB3
1990,BSc Physics,LC0200A,MA1300,10342,CA1
1990,BSc Physics,LC0200A,LC0200A,10886,T17
1990,BSc Physics,LC0200A,MA1300,11764,TA2
1990,BSc Physics,LC0200A,PHY1101,11832,CA1
1990,BSc Physics,LC0200A,PHY1101,11835,TA1
1990,BSc Physics,LC0200A,CS1302,11859,CA1
1990,BSc Physics,LC0200A,CS1302,11863,LA1
1990,BSc Physics,LC0200A,CSCI1001,12056,C01
1991,BSc Physics,LC0200A,MA1300,10342,CA1
1991,BSc Physics,LC0200A,LC0200A,10865,T05
1991,BSc Physics,LC0200A,MA1300,11764,TA2
1991,BSc Physics,LC0200A,PHY1101,11832,CA1
1991,BSc Physics,LC0200A,PHY1101,11835,TA1
1991,BSc Physics,LC0200A,CS1302,11859,CA1
1991,BSc Physics,LC0200A,CS1302,11864,LA2
1991,BSc Physics,LC0200A,CSCI1001,12056,C01
1992,BSc Physics,LC0200A,MA1300,10342,CA1
1992,BSc Physics,LC0200A,MA1300,11764,TA2
1992,BSc Physics,LC0200A,PHY1101,11831,C01
1992,BSc Physics,LC0200A,PHY1101,11834,T01
1992,BSc Physics,LC0200A,CS1302,11861,CC1
1992,BSc Physics,LC0200A,CSCI1001,12056,C01
1992,BSc Physics,LC0200A,CS1302,13150,LC3
1992,BSc Physics,LC0200A,LC0200A,14952,T36
1993,BSc Physics,LC0200A,MA1300,10342,CA1
1993,BSc Physics,LC0200A,MA1300,11763,TA1
1993,BSc Physics,LC0200A,PHY1101,11832,CA1
1993,BSc Physics,LC0200A,PHY1101,11835,TA1
1993,BSc Physics,LC0200A,CS1302,11859,CA1
1993,BSc Physics,LC0200A,CS1302,11863,LA1
1993,BSc Physics,LC0200A,LC0200A,11975,T35
1993,BSc Physics,LC0200A,CSCI1001,12056,C01
1994,BSc Physics,LC0200A,MA1300,10342,CA1
1994,BSc Physics,LC0200A,LC0200A,10891,T23
1994,BSc Physics,LC0200A,MA1300,11764,TA2
1994,BSc Physics,LC0200A,PHY1101,11832,CA1
1994,BSc Physics,LC0200A,PHY1101,11835,TA1
1994,BSc Physics,LC0200A,CS1302,11860,CB1
1994,BSc Physics,LC0200A,CSCI1001,12056,C01
1994,BSc Physics,LC0200A,CS1302,12216,LB1
1995,BSc Physics,LC0200A,MA1300,10342,CA1
1995,BSc Physics,LC0200A,LC0200A,10893,T25
1995,BSc Physics,LC0200A,MA1300,11763,TA1
1995,BSc Physics,LC0200A,PHY1101,11831,C01
1995,BSc Physics,LC0200A,PHY1101,11834,T01
1995,BSc Physics,LC0200A,CS1302,11861,CC1
1995,BSc Physics,LC0200A,CS1302,11870,LC2
1995,BSc Physics,LC0200A,CSCI1001,12056,C01
1996,BSc Physics,LC0200A,MA1300,10342,CA1
1996,BSc Physics,LC0200A,PHY1101,11833,CB1
1996,BSc Physics,LC0200A,PHY1101,11836,TB1
1996,BSc Physics,LC0200A,CS1302,11860,CB1
1996,BSc Physics,LC0200A,MA1300,11957,TA3
1996,BSc Physics,LC0200A,CSCI1001,12056,C01
1996,BSc Physics,LC0200A,LC0200A,12320,T38
1996,BSc Physics,LC0200A,CS1302,15811,LB4
1997,BSc Physics,LC0200A,MA1300,10342,CA1
1997,BSc Physics,LC0200A,LC0200A,10893,T25
1997,BSc Physics,LC0200A,MA1300,11764,TA2
1997,BSc Physics,LC0200A,PHY1101,11832,CA1
1997,BSc Physics,LC0200A,PHY1101,11835,TA1
1997,BSc Physics,LC0200A,CS1302,11859,CA1
1997,BSc Physics,LC0200A,CS1302,11864,LA2
1997,BSc Physics,LC0200A,CSCI1001,12056,C01
1998,BSc Physics,LC0200A,MA1300,10342,CA1
1998,BSc Physics,LC0200A,PHY1101,11832,CA1
1998,BSc Physics,LC0200A,PHY1101,11835,TA1
1998,BSc Physics,LC0200A,CS1302,11859,CA1
1998,BSc Physics,LC0200A,MA1300,11957,TA3
1998,BSc Physics,LC0200A,CS1302,11982,LA3
1998,BSc Physics,LC0200A,CSCI1001,12056,C01
1998,BSc Physics,LC0200A,LC0200A,14950,T18
1999,BEng Biomedical Engineering,GE1401,CHEM1200,10346,L01
1999,BEng Biomedical Engineering,GE1401,CHEM1200,10384,C01
1999,BEng Biomedical Engineering,GE1401,BME2105,10791,C01
1999,BEng Biomedical Engineering,GE1401,PHY1201,11377,T01
1999,BEng Biomedical Engineering,GE1401,BME2105,11417,T01
1999,BEng Biomedical Engineering,GE1401,MA1200,11782,CE1
1999,BEng Biomedical Engineering,GE1401,MA1200,11799,TE1
1999,BEng Biomedical Engineering,GE1401,PHY1201,12180,L04
1999,BEng Biomedical Engineering,GE1401,PHY1201,12368,C01
1999,BEng Biomedical Engineering,GE1401,GE1401,12814,T91
2000,BEng Biomedical Engineering,GE1401,CHEM1200,10384,C01
2000,BEng Biomedical Engineering,GE1401,BME2105,10791,C01
2000,BEng Biomedical Engineering,GE1401,CHEM1200,11092,L02
2000,BEng Biomedical Engineering,GE1401,BME2105,11417,T01
2000,BEng Biomedical Engineering,GE1401,MA1200,11782,CE1
2000,BEng Biomedical Engineering,GE1401,MA1200,11799,TE1
2000,BEng Biomedical Engineering,GE1401,GE1401,12121,T33
2000,BEng Biomedical Engineering,GE1401,PHY1201,12180,L04
2000,BEng Biomedical Engineering,GE1401,PHY1201,12368,C01
2000,BEng Biomedical Engineering,GE1401,PHY1201,12369,T02
2001,BEng Biomedical Engineering,GE1401,BME2105,10791,C01
2001,BEng Biomedical Engineering,GE1401,CHEM1200,11295,L04
2001,BEng Biomedical Engineering,GE1401,PHY1201,11377,T01
2001,BEng Biomedical Engineering,GE1401,BME2105,11417,T01
2001,BEng Biomedical Engineering,GE1401,GE1401,11500,T86
2001,BEng Biomedical Engineering,GE1401,CHEM1200,11735,C02
2001,BEng Biomedical Engineering,GE1401,MA1200,11782,CE1
2001,BEng Biomedical Engineering,GE1401,MA1200,11799,TE1
2001,BEng Biomedical Engineering,GE1401,PHY1201,12181,L05
2001,BEng Biomedical Engineering,GE1401,PHY1201,12368,C01
2002,BEng Biomedical Engineering,GE1401,GE1401,10706,T31
2002,BEng Biomedical Engineering,GE1401,BME2105,10791,C01
2002,BEng Biomedical Engineering,GE1401,CHEM1200,11295,L04
2002,BEng Biomedical Engineering,GE1401,BME2105,11417,T01
2002,BEng Biomedical Engineering,GE1401,CHEM1200,11735,C02
2002,BEng Biomedical Engineering,GE1401,MA1200,11784,CF1
2002,BEng Biomedical Engineering,GE1401,MA1200,11803,TF2
2002,BEng Biomedical Engineering,GE1401,PHY1201,12181,L05
2002,BEng Biomedical Engineering,GE1401,PHY1201,12368,C01
2002,BEng Biomedical Engineering,GE1401,PHY1201,12369,T02
2003,BEng Biomedical Engineering,GE1401,CHEM1200,10346,L01
2003,BEng Biomedical Engineering,GE1401,BME2105,10791,C01
2003,BEng Biomedical Engineering,GE1401,BME2105,11417,T01
2003,BEng Biomedical Engineering,GE1401,CHEM1200,11735,C02
2003,BEng Biomedical Engineering,GE1401,MA1200,11784,CF1
2003,BEng Biomedical Engineering,GE1401,MA1200,11803,TF2
2003,BEng Biomedical Engineering,GE1401,PHY1201,12180,L04
2003,BEng Biomedical Engineering,GE1401,PHY1201,12368,C01
2003,BEng Biomedical Engineering,GE1401,PHY1201,12369,T02
2003,BEng Biomedical Engineering,GE1401,GE1401,13577,TB6
2004,BEng Biomedical Engineering,GE1401,CHEM1200,10346,L01
2004,BEng Biomedical Engineering,GE1401,CHEM1200,10384,C01
2004,BEng Biomedical Engineering,GE1401,BME2105,10791,C01
2004,BEng Biomedical Engineering,GE1401,PHY1201,11386,CA1
2004,BEng Biomedical Engineering,GE1401,BME2105,11417,T01
2004,BEng Biomedical Engineering,GE1401,MA1200,11789,CD1
2004,BEng Biomedical Engineering,GE1401,MA1200,11796,TD1
2004,BEng Biomedical Engineering,GE1401,PHY1201,12372,TA2
2004,BEng Biomedical Engineering,GE1401,PHY1201,12378,LA4
2004,BEng Biomedical Engineering,GE1401,GE1401,12733,T62
2005,BEng Biomedical Engineering,GE1401,GE1401,10714,T43
2005,BEng Biomedical Engineering,GE1401,BME2105,10791,C01
2005,BEng Biomedical Engineering,GE1401,CHEM1200,11295,L04
2005,BEng Biomedical Engineering,GE1401,PHY1201,11377,T01
2005,BEng Biomedical Engineering,GE1401,BME2105,11417,T01
2005,BEng Biomedical Engineering,GE1401,CHEM1200,11735,C02
2005,BEng Biomedical Engineering,GE1401,MA1200,11784,CF1
2005,BEng Biomedical Engineering,GE1401,MA1200,11804,TF3
2005,BEng Biomedical Engineering,GE1401,PHY1201,12181,L05
2005,BEng Biomedical Engineering,GE1401,PHY1201,12368,C01
2006,BEng Biomedical Engineering,GE1401,CHEM1200,10346,L01
2006,BEng Biomedical Engineering,GE1401,GE1401,10723,T56
2006,BEng Biomedical Engineering,GE1401,BME2105,10791,C01
2006,BEng Biomedical Engineering,GE1401,PHY1201,11386,CA1
2006,BEng Biomedical Engineering,GE1401,BME2105,11417,T01
2006,BEng Biomedical Engineering,GE1401,CHEM1200,11735,C02
2006,BEng Biomedical Engineering,GE1401,MA1200,11787,CA1
2006,BEng Biomedical Engineering,GE1401,MA1200,11790,TA1
2006,BEng Biomedical Engineering,GE1401,PHY1201,12188,TA1
2006,BEng Biomedical Engineering,GE1401,PHY1201,12378,LA4
2007,BEng Biomedical Engineering,GE1401,CHEM1200,10346,L01
2007,BEng Biomedical Engineering,GE1401,BME2105,10791,C01
2007,BEng Biomedical Engineering,GE1401,PHY1201,11377,T01
2007,BEng Biomedical Engineering,GE1401,BME2105,11417,T01
2007,BEng Biomedical Engineering,GE1401,CHEM1200,11735,C02
2007,BEng Biomedical Engineering,GE1401,MA1200,11786,CH1
2007,BEng Biomedical Engineering,GE1401,MA1200,11808,TH1
2007,BEng Biomedical Engineering,GE1401,PHY1201,12178,L02
2007,BEng Biomedical Engineering,GE1401,PHY1201,12368,C01
2007,BEng Biomedical Engineering,GE1401,GE1401,13574,TB3
2008,BEng Biomedical Engineering,GE1401,GE1401,10728,T61
2008,BEng Biomedical Engineering,GE1401,BME2105,10791,C01
2008,BEng Biomedical Engineering,GE1401,CHEM1200,11092,L02
2008,BEng Biomedical Engineering,GE1401,PHY1201,11377,T01
2008,BEng Biomedical Engineering,GE1401,BME2105,11417,T01
2008,BEng Biomedical Engineering,GE1401,CHEM1200,11735,C02
2008,BEng Biomedical Engineering,GE1401,MA1200,11789,CD1
2008,BEng Biomedical Engineering,GE1401,MA1200,11796,TD1
2008,BEng Biomedical Engineering,GE1401,PHY1201,12180,L04
2008,BEng Biomedical Engineering,GE1401,PHY1201,12368,C01
2009,BEng Biomedical Engineering,GE1401,BME2105,10791,C01
2009,BEng Biomedical Engineering,GE1401,CHEM1200,11092,L02
2009,BEng Biomedical Engineering,GE1401,BME2105,11417,T01
2009,BEng Biomedical Engineering,GE1401,GE1401,11503,T89
2009,BEng Biomedical Engineering,GE1401,CHEM1200,11735,C02
2009,BEng Biomedical Engineering,GE1401,MA1200,11785,CG1
2009,BEng Biomedical Engineering,GE1401,MA1200,11807,TG3
2009,BEng Biomedical Engineering,GE1401,PHY1201,12180,L04
2009,BEng Biomedical Engineering,GE1401,PHY1201,12368,C01
2009,BEng Biomedical Engineering,GE1401,PHY1201,12369,T02
2010,BEng Biomedical Engineering,GE1401,BME2105,10791,C01
2010,BEng Biomedical Engineering,GE1401,CHEM1200,11294,L03
2010,BEng Biomedical Engineering,GE1401,PHY1201,11377,T01
2010,BEng Biomedical Engineering,GE1401,BME2105,11417,T01
2010,BEng Biomedical Engineering,GE1401,CHEM1200,11735,C02
2010,BEng Biomedical Engineering,GE1401,MA1200,11788,CC1
2010,BEng Biomedical Engineering,GE1401,MA1200,11794,TC2
2010,BEng Biomedical Engineering,GE1401,PHY1201,12180,L04
2010,BEng Biomedical Engineering,GE1401,PHY1201,12368,C01
2010,BEng Biomedical Engineering,GE1401,GE1401,12397,T51
2011,BEng Biomedical Engineering,GE1401,CHEM1200,10346,L01
2011,BEng Biomedical Engineering,GE1401,CHEM1200,10384,C01
2011,BEng Biomedical Engineering,GE1401,GE1401,10688,T11
2011,BEng Biomedical Engineering,GE1401,BME2105,10791,C01
2011,BEng Biomedical Engineering,GE1401,PHY1201,11377,T01
2011,BEng Biomedical Engineering,GE1401,BME2105,11417,T01
2011,BEng Biomedical Engineering,GE1401,MA1200,11782,CE1
2011,BEng Biomedical Engineering,GE1401,MA1200,11799,TE1
2011,BEng Biomedical Engineering,GE1401,PHY1201,12178,L02
2011,BEng Biomedical Engineering,GE1401,PHY1201,12368,C01
2012,BEng Biomedical Engineering,GE1401,BME2105,10791,C01
2012,BEng Biomedical Engineering,GE1401,CHEM1200,11295,L04
2012,BEng Biomedical Engineering,GE1401,BME2105,11417,T01
2012,BEng Biomedical Engineering,GE1401,CHEM1200,11735,C02
2012,BEng Biomedical Engineering,GE1401,MA1200,11782,CE1
2012,BEng Biomedical Engineering,GE1401,MA1200,11801,TE3
2012,BEng Biomedical Engineering,GE1401,PHY1201,12178,L02
2012,BEng Biomedical Engineering,GE1401,PHY1201,12368,C01
2012,BEng Biomedical Engineering,GE1401,PHY1201,12369,T02
2012,BEng Biomedical Engineering,GE1401,GE1401,13572,TB1
2013,BEng Biomedical Engineering,GE1401,CHEM1200,10346,L01
2013,BEng Biomedical Engineering,GE1401,CHEM1200,10384,C01
2013,BEng Biomedical Engineering,GE1401,BME2105,10791,C01
2013,BEng Biomedical Engineering,GE1401,BME2105,11417,T01
2013,BEng Biomedical Engineering,GE1401,MA1200,11788,CC1
2013,BEng Biomedical Engineering,GE1401,MA1200,11794,TC2
2013,BEng Biomedical Engineering,GE1401,PHY1201,12180,L04
2013,BEng Biomedical Engineering,GE1401,PHY1201,12368,C01
2013,BEng Biomedical Engineering,GE1401,PHY1201,12369,T02
2013,BEng Biomedical Engineering,GE1401,GE1401,14270,TB7
2014,BEng Biomedical Engineering,GE1401,BME2105,10791,C01
2014,BEng Biomedical Engineering,GE1401,CHEM1200,11295,L04
2014,BEng Biomedical Engineering,GE1401,PHY1201,11377,T01
2014,BEng Biomedical Engineering,GE1401,BME2105,11417,T01
2014,BEng Biomedical Engineering,GE1401,GE1401,11503,T89
2014,BEng Biomedical Engineering,GE1401,CHEM1200,11735,C02
2014,BEng Biomedical Engineering,GE1401,MA1200,11785,CG1
2014,BEng Biomedical Engineering,GE1401,MA1200,11807,TG3
2014,BEng Biomedical Engineering,GE1401,PHY1201,12179,L03
2014,BEng Biomedical Engineering,GE1401,PHY1201,12368,C01
2015,BEng Biomedical Engineering,GE1401,GE1401,10728,T61
2015,BEng Biomedical Engineering,GE1401,BME2105,10791,C01
2015,BEng Biomedical Engineering,GE1401,CHEM1200,11294,L03
2015,BEng Biomedical Engineering,GE1401,BME2105,11417,T01
2015,BEng Biomedical Engineering,GE1401,CHEM1200,11735,C02
2015,BEng Biomedical Engineering,GE1401,MA1200,11788,CC1
2015,BEng Biomedical Engineering,GE1401,MA1200,11793,TC1
2015,BEng Biomedical Engineering,GE1401,PHY1201,12179,L03
2015,BEng Biomedical Engineering,GE1401,PHY1201,12368,C01
2015,BEng Biomedical Engineering,GE1401,PHY1201,12369,T02
2016,BEng Biomedical Engineering,GE1401,CHEM1200,10346,L01
2016,BEng Biomedical Engineering,GE1401,GE1401,10729,T63
2016,BEng Biomedical Engineering,GE1401,BME2105,10791,C01
2016,BEng Biomedical Engineering,GE1401,BME2105,11417,T01
2016,BEng Biomedical Engineering,GE1401,CHEM1200,11735,C02
2016,BEng Biomedical Engineering,GE1401,MA1200,11787,CA1
2016,BEng Biomedical Engineering,GE1401,MA1200,11792,TA3
2016,BEng Biomedical Engineering,GE1401,PHY1201,12180,L04
2016,BEng Biomedical Engineering,GE1401,PHY1201,12368,C01
2016,BEng Biomedical Engineering,GE1401,PHY1201,12369,T02
2017,BEng Biomedical Engineering,GE1401,BME2105,10791,C01
2017,BEng Biomedical Engineering,GE1401,PHY1201,11377,T01
2017,BEng Biomedical Engineering,GE1401,BME2105,11417,T01
2017,BEng Biomedical Engineering,GE1401,MA1200,11784,CF1
2017,BEng Biomedical Engineering,GE1401,MA1200,11803,TF2
2017,BEng Biomedical Engineering,GE1401,PHY1201,12178,L02
2017,BEng Biomedical Engineering,GE1401,PHY1201,12368,C01
2017,BEng Biomedical Engineering,GE1401,GE1401,12814,T91
2017,BEng Biomedical Engineering,GE1401,CHEM1200,13869,CA1
2017,BEng Biomedical Engineering,GE1401,CHEM1200,13871,LA1
2018,BEng Biomedical Engineering,GE1401,CHEM1200,10384,C01
2018,BEng Biomedical Engineering,GE1401,BME2105,10791,C01
2018,BEng Biomedical Engineering,GE1401,CHEM1200,11294,L03
2018,BEng Biomedical Engineering,GE1401,PHY1201,11377,T01
2018,BEng Biomedical Engineering,GE1401,BME2105,11417,T01
2018,BEng Biomedical Engineering,GE1401,GE1401,11507,T80
2018,BEng Biomedical Engineering,GE1401,MA1200,11788,CC1
2018,BEng Biomedical Engineering,GE1401,MA1200,11795,TC3
2018,BEng Biomedical Engineering,GE1401,PHY1201,12178,L02
2018,BEng Biomedical Engineering,GE1401,PHY1201,12368,C01
2019,BEng Biomedical Engineering,GE1401,CHEM1200,10384,C01
2019,BEng Biomedical Engineering,GE1401,BME2105,10791,C01
2019,BEng Biomedical Engineering,GE1401,CHEM1200,11294,L03
2019,BEng Biomedical Engineering,GE1401,BME2105,11417,T01
2019,BEng Biomedical Engineering,GE1401,MA1200,11782,CE1
2019,BEng Biomedical Engineering,GE1401,MA1200,11800,TE2
2019,BEng Biomedical Engineering,GE1401,PHY1201,12181,L05
2019,BEng Biomedical Engineering,GE1401,PHY1201,12368,C01
2019,BEng Biomedical Engineering,GE1401,PHY1201,12369,T02
2019,BEng Biomedical Engineering,GE1401,GE1401,13574,TB3
2020,BEng Biomedical Engineering,GE1401,CHEM1200,10346,L01
2020,BEng Biomedical Engineering,GE1401,BME2105,10791,C01
2020,BEng Biomedical Engineering,GE1401,PHY1201,11377,T01
2020,BEng Biomedical Engineering,GE1401,BME2105,11417,T01
2020,BEng Biomedical Engineering,GE1401,CHEM1200,11735,C02
2020,BEng Biomedical Engineering,GE1401,MA1200,11789,CD1
2020,BEng Biomedical Engineering,GE1401,MA1200,11798,TD3
2020,BEng Biomedical Engineering,GE1401,GE1401,12121,T33
2020,BEng Biomedical Engineering,GE1401,PHY1201,12178,L02
2020,BEng Biomedical Engineering,GE1401,PHY1201,12368,C01
2021,BEng Biomedical Engineering,GE1401,CHEM1200,10384,C01
2021,BEng Biomedical Engineering,GE1401,BME2105,10791,C01
2021,BEng Biomedical Engineering,GE1401,CHEM1200,11294,L03
2021,BEng Biomedical Engineering,GE1401,BME2105,11417,T01
2021,BEng Biomedical Engineering,GE1401,MA1200,11788,CC1
2021,BEng Biomedical Engineering,GE1401,MA1200,11794,TC2
2021,BEng Biomedical Engineering,GE1401,PHY1201,12180,L04
2021,BEng Biomedical Engineering,GE1401,PHY1201,12368,C01
2021,BEng Biomedical Engineering,GE1401,PHY1201,12369,T02
2021,BEng Biomedical Engineering,GE1401,GE1401,14270,TB7
2022,BEng Biomedical Engineering,GE1401,BME2105,10791,C01
2022,BEng Biomedical Engineering,GE1401,CHEM1200,11092,L02
2022,BEng Biomedical Engineering,GE1401,BME2105,11417,T01
2022,BEng Biomedical Engineering,GE1401,CHEM1200,11735,C02
2022,BEng Biomedical Engineering,GE1401,MA1200,11786,CH1
2022,BEng Biomedical Engineering,GE1401,MA1200,11809,TH2
2022,BEng Biomedical Engineering,GE1401,GE1401,12127,T84
2022,BEng Biomedical Engineering,GE1401,PHY1201,12181,L05
2022,BEng Biomedical Engineering,GE1401,PHY1201,12368,C01
2022,BEng Biomedical Engineering,GE1401,PHY1201,12369,T02
2023,BEng Biomedical Engineering,GE1401,CHEM1200,10384,C01
2023,BEng Biomedical Engineering,GE1401,GE1401,10724,T57
2023,BEng Biomedical Engineering,GE1401,BME2105,10791,C01
2023,BEng Biomedical Engineering,GE1401,CHEM1200,11295,L04
2023,BEng Biomedical Engineering,GE1401,BME2105,11417,T01
2023,BEng Biomedical Engineering,GE1401,MA1200,11785,CG1
2023,BEng Biomedical Engineering,GE1401,MA1200,11805,TG1
2023,BEng Biomedical Engineering,GE1401,PHY1201,12179,L03
2023,BEng Biomedical Engineering,GE1401,PHY1201,12368,C01
2023,BEng Biomedical Engineering,GE1401,PHY1201,12369,T02
2024,BEng Biomedical Engineering,GE1401,CHEM1200,10346,L01
2024,BEng Biomedical Engineering,GE1401,BME2105,10791,C01
2024,BEng Biomedical Engineering,GE1401,BME2105,11417,T01
2024,BEng Biomedical Engineering,GE1401,CHEM1200,11735,C02
2024,BEng Biomedical Engineering,GE1401,MA1200,11784,CF1
2024,BEng Biomedical Engineering,GE1401,MA1200,11802,TF1
2024,BEng Biomedical Engineering,GE1401,PHY1201,12178,L02
2024,BEng Biomedical Engineering,GE1401,PHY1201,12368,C01
2024,BEng Biomedical Engineering,GE1401,PHY1201,12369,T02
2024,BEng Biomedical Engineering,GE1401,GE1401,13570,T98
2025,BEng Biomedical Engineering,LC0200A,CHEM1200,10384,C01
2025,BEng Biomedical Engineering,LC0200A,BME2105,10791,C01
2025,BEng Biomedical Engineering,LC0200A,LC0200A,10888,T20
2025,BEng Biomedical Engineering,LC0200A,CHEM1200,11295,L04
2025,BEng Biomedical Engineering,LC0200A,BME2105,11417,T01
2025,BEng Biomedical Engineering,LC0200A,MA1200,11787,CA1
2025,BEng Biomedical Engineering,LC0200A,MA1200,11792,TA3
2025,BEng Biomedical Engineering,LC0200A,PHY1201,12179,L03
2025,BEng Biomedical Engineering,LC0200A,PHY1201,12368,C01
2025,BEng Biomedical Engineering,LC0200A,PHY1201,12369,T02
2026,BEng Biomedical Engineering,LC0200A,BME2105,10791,C01
2026,BEng Biomedical Engineering,LC0200A,LC0200A,10875,T06
2026,BEng Biomedical Engineering,LC0200A,PHY1201,11377,T01
2026,BEng Biomedical Engineering,LC0200A,BME2105,11417,T01
2026,BEng Biomedical Engineering,LC0200A,MA1200,11786,CH1
2026,BEng Biomedical Engineering,LC0200A,MA1200,11809,TH2
2026,BEng Biomedical Engineering,LC0200A,PHY1201,12179,L03
2026,BEng Biomedical Engineering,LC0200A,PHY1201,12368,C01
2026,BEng Biomedical Engineering,LC0200A,CHEM1200,13869,CA1
2026,BEng Biomedical Engineering,LC0200A,CHEM1200,13871,LA1
2027,BEng Biomedical Engineering,LC0200A,BME2105,10791,C01
2027,BEng Biomedical Engineering,LC0200A,LC0200A,10896,T28
2027,BEng Biomedical Engineering,LC0200A,CHEM1200,11092,L02
2027,BEng Biomedical Engineering,LC0200A,PHY1201,11377,T01
2027,BEng Biomedical Engineering,LC0200A,BME2105,11417,T01
2027,BEng Biomedical Engineering,LC0200A,CHEM1200,11735,C02
2027,BEng Biomedical Engineering,LC0200A,MA1200,11785,CG1
2027,BEng Biomedical Engineering,LC0200A,MA1200,11805,TG1
2027,BEng Biomedical Engineering,LC0200A,PHY1201,12181,L05
2027,BEng Biomedical Engineering,LC0200A,PHY1201,12368,C01
2028,BEng Biomedical Engineering,LC0200A,CHEM1200,10346,L01
2028,BEng Biomedical Engineering,LC0200A,BME2105,10791,C01
2028,BEng Biomedical Engineering,LC0200A,LC0200A,10888,T20
2028,BEng Biomedical Engineering,LC0200A,PHY1201,11377,T01
2028,BEng Biomedical Engineering,LC0200A,BME2105,11417,T01
2028,BEng Biomedical Engineering,LC0200A,CHEM1200,11735,C02
2028,BEng Biomedical Engineering,LC0200A,MA1200,11788,CC1
2028,BEng Biomedical Engineering,LC0200A,MA1200,11793,TC1
2028,BEng Biomedical Engineering,LC0200A,PHY1201,12180,L04
2028,BEng Biomedical Engineering,LC0200A,PHY1201,12368,C01
2029,BEng Biomedical Engineering,LC0200A,BME2105,10791,C01
2029,BEng Biomedical Engineering,LC0200A,LC0200A,10889,T21
2029,BEng Biomedical Engineering,LC0200A,CHEM1200,11295,L04
2029,BEng Biomedical Engineering,LC0200A,PHY1201,11377,T01
2029,BEng Biomedical Engineering,LC0200A,BME2105,11417,T01
2029,BEng Biomedical Engineering,LC0200A,CHEM1200,11735,C02
2029,BEng Biomedical Engineering,LC0200A,MA1200,11784,CF1
2029,BEng Biomedical Engineering,LC0200A,MA1200,11803,TF2
2029,BEng Biomedical Engineering,LC0200A,PHY1201,12180,L04
2029,BEng Biomedical Engineering,LC0200A,PHY1201,12368,C01
2030,BEng Biomedical Engineering,LC0200A,CHEM1200,10346,L01
2030,BEng Biomedical Engineering,LC0200A,CHEM1200,10384,C01
2030,BEng Biomedical Engineering,LC0200A,BME2105,10791,C01
2030,BEng Biomedical Engineering,LC0200A,LC0200A,10894,T26
2030,BEng Biomedical Engineering,LC0200A,BME2105,11417,T01
2030,BEng Biomedical Engineering,LC0200A,MA1200,11785,CG1
2030,BEng Biomedical Engineering,LC0200A,MA1200,11806,TG2
2030,BEng Biomedical Engineering,LC0200A,PHY1201,12181,L05
2030,BEng Biomedical Engineering,LC0200A,PHY1201,12368,C01
2030,BEng Biomedical Engineering,LC0200A,PHY1201,12369,T02
2031,BEng Biomedical Engineering,LC0200A,BME2105,10791,C01
2031,BEng Biomedical Engineering,LC0200A,LC0200A,10890,T22
2031,BEng Biomedical Engineering,LC0200A,PHY1201,11377,T01
2031,BEng Biomedical Engineering,LC0200A,BME2105,11417,T01
2031,BEng Biomedical Engineering,LC0200A,MA1200,11789,CD1
2031,BEng Biomedical Engineering,LC0200A,MA1200,11797,TD2
2031,BEng Biomedical Engineering,LC0200A,PHY1201,12180,L04
2031,BEng Biomedical Engineering,LC0200A,PHY1201,12368,C01
2031,BEng Biomedical Engineering,LC0200A,CHEM1200,13869,CA1
2031,BEng Biomedical Engineering,LC0200A,CHEM1200,13871,LA1
2032,BEng Biomedical Engineering,LC0200A,BME2105,10791,C01
2032,BEng Biomedical Engineering,LC0200A,LC0200A,10894,T26
2032,BEng Biomedical Engineering,LC0200A,CHEM1200,11295,L04
2032,BEng Biomedical Engineering,LC0200A,PHY1201,11386,CA1
2032,BEng Biomedical Engineering,LC0200A,BME2105,11417,T01
2032,BEng Biomedical Engineering,LC0200A,CHEM1200,11735,C02
2032,BEng Biomedical Engineering,LC0200A,MA1200,11788,CC1
2032,BEng Biomedical Engineering,LC0200A,MA1200,11793,TC1
2032,BEng Biomedical Engineering,LC0200A,PHY1201,12372,TA2
2032,BEng Biomedical Engineering,LC0200A,PHY1201,12376,LA2
2033,BEng Biomedical Engineering,LC0200A,BME2105,10791,C01
2033,BEng Biomedical Engineering,LC0200A,LC0200A,11170,T32
2033,BEng Biomedical Engineering,LC0200A,CHEM1200,11295,L04
2033,BEng Biomedical Engineering,LC0200A,PHY1201,11377,T01
2033,BEng Biomedical Engineering,LC0200A,BME2105,11417,T01
2033,BEng Biomedical Engineering,LC0200A,CHEM1200,11735,C02
2033,BEng Biomedical Engineering,LC0200A,MA1200,11785,CG1
2033,BEng Biomedical Engineering,LC0200A,MA1200,11805,TG1
2033,BEng Biomedical Engineering,LC0200A,PHY1201,12179,L03
2033,BEng Biomedical Engineering,LC0200A,PHY1201,12368,C01
2034,BEng Biomedical Engineering,LC0200A,BME2105,10791,C01
2034,BEng Biomedical Engineering,LC0200A,LC0200A,10896,T28
2034,BEng Biomedical Engineering,LC0200A,CHEM1200,11092,L02
2034,BEng Biomedical Engineering,LC0200A,PHY1201,11386,CA1
2034,BEng Biomedical Engineering,LC0200A,BME2105,11417,T01
2034,BEng Biomedical Engineering,LC0200A,CHEM1200,11735,C02
2034,BEng Biomedical Engineering,LC0200A,MA1200,11788,CC1
2034,BEng Biomedical Engineering,LC0200A,MA1200,11793,TC1
2034,BEng Biomedical Engineering,LC0200A,PHY1201,12188,TA1
2034,BEng Biomedical Engineering,LC0200A,PHY1201,12379,LA5
2035,BEng Biomedical Engineering,LC0200A,CHEM1200,10346,L01
2035,BEng Biomedical Engineering,LC0200A,CHEM1200,10384,C01
2035,BEng Biomedical Engineering,LC0200A,BME2105,10791,C01
2035,BEng Biomedical Engineering,LC0200A,LC0200A,11029,T30
2035,BEng Biomedical Engineering,LC0200A,BME2105,11417,T01
2035,BEng Biomedical Engineering,LC0200A,MA1200,11784,CF1
2035,BEng Biomedical Engineering,LC0200A,MA1200,11803,TF2
2035,BEng Biomedical Engineering,LC0200A,PHY1201,12178,L02
2035,BEng Biomedical Engineering,LC0200A,PHY1201,12368,C01
2035,BEng Biomedical Engineering,LC0200A,PHY1201,12369,T02
2036,BSc Biological Sciences,GE1401,GE1501,10257,CA1
2036,BSc Biological Sciences,GE1401,CHEM1200,11295,L04
2036,BSc Biological Sciences,GE1401,BMS1901,11330,C01
2036,BSc Biological Sciences,GE1401,BMS1901,11331,L01
2036,BSc Biological Sciences,GE1401,CHEM1200,11735,C02
2036,BSc Biological Sciences,GE1401,CHEM1300,11747,C01
2036,BSc Biological Sciences,GE1401,CHEM1300,11755,T01
2036,BSc Biological Sciences,GE1401,CHEM1300,12099,L03
2036,BSc Biological Sciences,GE1401,GE1401,15183,TC4
2037,BSc Biological Sciences,GE1401,GE1501,11157,CB1
2037,BSc Biological Sciences,GE1401,CHEM1200,11294,L03
2037,BSc Biological Sciences,GE1401,BMS1901,11330,C01
2037,BSc Biological Sciences,GE1401,BMS1901,11331,L01
2037,BSc Biological Sciences,GE1401,CHEM1200,11735,C02
2037,BSc Biological Sciences,GE1401,CHEM1300,11748,C02
2037,BSc Biological Sciences,GE1401,CHEM1300,11755,T01
2037,BSc Biological Sciences,GE1401,CHEM1300,12099,L03
2037,BSc Biological Sciences,GE1401,GE1401,13577,TB6
2038,BSc Biological Sciences,GE1401,GE1501,10257,CA1
2038,BSc Biological Sciences,GE1401,CHEM1200,10384,C01
2038,BSc Biological Sciences,GE1401,GE1401,10705,T30
2038,BSc Biological Sciences,GE1401,CHEM1200,11092,L02
2038,BSc Biological Sciences,GE1401,BMS1901,11330,C01
2038,BSc Biological Sciences,GE1401,BMS1901,11470,L02
2038,BSc Biological Sciences,GE1401,CHEM1300,12268,CA1
2038,BSc Biological Sciences,GE1401,CHEM1300,12270,LA1
2038,BSc Biological Sciences,GE1401,CHEM1300,12271,TA1
2039,BSc Biological Sciences,GE1401,GE1401,10723,T56
2039,BSc Biological Sciences,GE1401,CHEM1200,11294,L03
2039,BSc Biological Sciences,GE1401,BMS1901,11330,C01
2039,BSc Biological Sciences,GE1401,BMS1901,11331,L01
2039,BSc Biological Sciences,GE1401,CHEM1200,11735,C02
2039,BSc Biological Sciences,GE1401,CHEM1300,11748,C02
2039,BSc Biological Sciences,GE1401,CHEM1300,11751,T04
2039,BSc Biological Sciences,GE1401,CHEM1300,12100,L01
2039,BSc Biological Sciences,GE1401,GE1501,12513,C10
2040,BSc Biological Sciences,GE1401,CHEM1200,10384,C01
2040,BSc Biological Sciences,GE1401,CHEM1200,11092,L02
2040,BSc Biological Sciences,GE1401,BMS1901,11330,C01
2040,BSc Biological Sciences,GE1401,BMS1901,11470,L02
2040,BSc Biological Sciences,GE1401,GE1401,11497,T81
2040,BSc Biological Sciences,GE1401,CHEM1300,11748,C02
2040,BSc Biological Sciences,GE1401,CHEM1300,11755,T01
2040,BSc Biological Sciences,GE1401,CHEM1300,12100,L01
2040,BSc Biological Sciences,GE1401,GE1501,12622,C16
2041,BSc Biological Sciences,GE1401,GE1501,10249,C02
2041,BSc Biological Sciences,GE1401,CHEM1200,10384,C01
2041,BSc Biological Sciences,GE1401,GE1401,10682,T05
2041,BSc Biological Sciences,GE1401,CHEM1200,11295,L04
2041,BSc Biological Sciences,GE1401,BMS1901,11330,C01
2041,BSc Biological Sciences,GE1401,BMS1901,11331,L01
2041,BSc Biological Sciences,GE1401,CHEM1300,11747,C01
2041,BSc Biological Sciences,GE1401,CHEM1300,11750,L05
2041,BSc Biological Sciences,GE1401,CHEM1300,11756,T05
2042,BSc Biological Sciences,GE1401,CHEM1200,10346,L01
2042,BSc Biological Sciences,GE1401,GE1401,10731,T66
2042,BSc Biological Sciences,GE1401,BMS1901,11330,C01
2042,BSc Biological Sciences,GE1401,BMS1901,11331,L01
2042,BSc Biological Sciences,GE1401,CHEM1200,11735,C02
2042,BSc Biological Sciences,GE1401,CHEM1300,11747,C01
2042,BSc Biological Sciences,GE1401,CHEM1300,11755,T01
2042,BSc Biological Sciences,GE1401,CHEM1300,12099,L03
2042,BSc Biological Sciences,GE1401,GE1501,12513,C10
2043,BSc Biological Sciences,GE1401,BMS1901,11330,C01
2043,BSc Biological Sciences,GE1401,BMS1901,11470,L02
2043,BSc Biological Sciences,GE1401,CHEM1300,11747,C01
2043,BSc Biological Sciences,GE1401,CHEM1300,11750,L05
2043,BSc Biological Sciences,GE1401,CHEM1300,11755,T01
2043,BSc Biological Sciences,GE1401,GE1501,12513,C10
2043,BSc Biological Sciences,GE1401,GE1401,12734,T71
2043,BSc Biological Sciences,GE1401,CHEM1200,13869,CA1
2043,BSc Biological Sciences,GE1401,CHEM1200,13871,LA1
2044,BSc Biological Sciences,GE1401,GE1501,10248,C01
2044,BSc Biological Sciences,GE1401,GE1401,10701,T25
2044,BSc Biological Sciences,GE1401,BMS1901,11330,C01
2044,BSc Biological Sciences,GE1401,BMS1901,11470,L02
2044,BSc Biological Sciences,GE1401,CHEM1300,11748,C02
2044,BSc Biological Sciences,GE1401,CHEM1300,11755,T01
2044,BSc Biological Sciences,GE1401,CHEM1300,12269,L04
2044,BSc Biological Sciences,GE1401,CHEM1200,13869,CA1
2044,BSc Biological Sciences,GE1401,CHEM1200,13871,LA1
2045,BSc Biological Sciences,GE1401,CHEM1200,10346,L01
2045,BSc Biological Sciences,GE1401,GE1401,10724,T57
2045,BSc Biological Sciences,GE1401,GE1501,11157,CB1
2045,BSc Biological Sciences,GE1401,BMS1901,11330,C01
2045,BSc Biological Sciences,GE1401,BMS1901,11470,L02
2045,BSc Biological Sciences,GE1401,CHEM1200,11735,C02
2045,BSc Biological Sciences,GE1401,CHEM1300,11748,C02
2045,BSc Biological Sciences,GE1401,CHEM1300,11751,T04
2045,BSc Biological Sciences,GE1401,CHEM1300,12269,L04
2046,BSc Biological Sciences,GE1401,GE1501,10257,CA1
2046,BSc Biological Sciences,GE1401,CHEM1200,11294,L03
2046,BSc Biological Sciences,GE1401,BMS1901,11330,C01
2046,BSc Biological Sciences,GE1401,BMS1901,11331,L01
2046,BSc Biological Sciences,GE1401,GE1401,11506,T78
2046,BSc Biological Sciences,GE1401,CHEM1200,11735,C02
2046,BSc Biological Sciences,GE1401,CHEM1300,11747,C01
2046,BSc Biological Sciences,GE1401,CHEM1300,11751,T04
2046,BSc Biological Sciences,GE1401,CHEM1300,12099,L03
2047,BSc Biological Sciences,GE1401,CHEM1200,10384,C01
2047,BSc Biological Sciences,GE1401,GE1401,10704,T29
2047,BSc Biological Sciences,GE1401,CHEM1200,11092,L02
2047,BSc Biological Sciences,GE1401,BMS1901,11330,C01
2047,BSc Biological Sciences,GE1401,BMS1901,11470,L02
2047,BSc Biological Sciences,GE1401,CHEM1300,12268,CA1
2047,BSc Biological Sciences,GE1401,CHEM1300,12270,LA1
2047,BSc Biological Sciences,GE1401,CHEM1300,12271,TA1
2047,BSc Biological Sciences,GE1401,GE1501,12619,C14
2048,BSc Biological Sciences,GE1401,CHEM1200,10346,L01
2048,BSc Biological Sciences,GE1401,CHEM1200,10384,C01
2048,BSc Biological Sciences,GE1401,GE1501,11157,CB1
2048,BSc Biological Sciences,GE1401,BMS1901,11330,C01
2048,BSc Biological Sciences,GE1401,BMS1901,11331,L01
2048,BSc Biological Sciences,GE1401,GE1401,11451,T68
2048,BSc Biological Sciences,GE1401,CHEM1300,11747,C01
2048,BSc Biological Sciences,GE1401,CHEM1300,11756,T05
2048,BSc Biological Sciences,GE1401,CHEM1300,12100,L01
2049,BSc Biological Sciences,GE1401,GE1401,10357,T01
2049,BSc Biological Sciences,GE1401,CHEM1200,11294,L03
2049,BSc Biological Sciences,GE1401,BMS1901,11330,C01
2049,BSc Biological Sciences,GE1401,BMS1901,11331,L01
2049,BSc Biological Sciences,GE1401,CHEM1200,11735,C02
2049,BSc Biological Sciences,GE1401,CHEM1300,11747,C01
2049,BSc Biological Sciences,GE1401,CHEM1300,11755,T01
2049,BSc Biological Sciences,GE1401,CHEM1300,12100,L01
2049,BSc Biological Sciences,GE1401,GE1501,12619,C14
2050,BSc Biological Sciences,GE1401,CHEM1200,10384,C01
2050,BSc Biological Sciences,GE1401,CHEM1200,11092,L02
2050,BSc Biological Sciences,GE1401,BMS1901,11330,C01
2050,BSc Biological Sciences,GE1401,BMS1901,11470,L02
2050,BSc Biological Sciences,GE1401,CHEM1300,11748,C02
2050,BSc Biological Sciences,GE1401,CHEM1300,11750,L05
2050,BSc Biological Sciences,GE1401,CHEM1300,11756,T05
2050,BSc Biological Sciences,GE1401,GE1501,12618,C13
2050,BSc Biological Sciences,GE1401,GE1401,13570,T98
2051,BSc Biological Sciences,GE1401,GE1501,10254,C06
2051,BSc Biological Sciences,GE1401,CHEM1200,10384,C01
2051,BSc Biological Sciences,GE1401,CHEM1200,11294,L03
2051,BSc Biological Sciences,GE1401,BMS1901,11330,C01
2051,BSc Biological Sciences,GE1401,BMS1901,11331,L01
2051,BSc Biological Sciences,GE1401,CHEM1300,11748,C02
2051,BSc Biological Sciences,GE1401,CHEM1300,11750,L05
2051,BSc Biological Sciences,GE1401,CHEM1300,11755,T01
2051,BSc Biological Sciences,GE1401,GE1401,13561,T95
2052,BSc Biological Sciences,GE1401,GE1501,10255,C07
2052,BSc Biological Sciences,GE1401,CHEM1200,11092,L02
2052,BSc Biological Sciences,GE1401,BMS1901,11330,C01
2052,BSc Biological Sciences,GE1401,BMS1901,11331,L01
2052,BSc Biological Sciences,GE1401,GE1401,11496,T79
2052,BSc Biological Sciences,GE1401,CHEM1200,11735,C02
2052,BSc Biological Sciences,GE1401,CHEM1300,11748,C02
2052,BSc Biological Sciences,GE1401,CHEM1300,11754,T03
2052,BSc Biological Sciences,GE1401,CHEM1300,12100,L01
2053,BSc Biological Sciences,GE1401,GE1501,10254,C06
2053,BSc Biological Sciences,GE1401,CHEM1200,10346,L01
2053,BSc Biological Sciences,GE1401,CHEM1200,10384,C01
2053,BSc Biological Sciences,GE1401,GE1401,10710,T37
2053,BSc Biological Sciences,GE1401,BMS1901,11330,C01
2053,BSc Biological Sciences,GE1401,BMS1901,11470,L02
2053,BSc Biological Sciences,GE1401,CHEM1300,11748,C02
2053,BSc Biological Sciences,GE1401,CHEM1300,11751,T04
2053,BSc Biological Sciences,GE1401,CHEM1300,12100,L01
2054,BSc Biological Sciences,GE1401,GE1501,10248,C01
2054,BSc Biological Sciences,GE1401,CHEM1200,10346,L01
2054,BSc Biological Sciences,GE1401,BMS1901,11330,C01
2054,BSc Biological Sciences,GE1401,BMS1901,11331,L01
2054,BSc Biological Sciences,GE1401,CHEM1200,11735,C02
2054,BSc Biological Sciences,GE1401,CHEM1300,11747,C01
2054,BSc Biological Sciences,GE1401,CHEM1300,11751,T04
2054,BSc Biological Sciences,GE1401,CHEM1300,12269,L04
2054,BSc Biological Sciences,GE1401,GE1401,12396,T46
2055,BSc Biological Sciences,GE1401,GE1501,10254,C06
2055,BSc Biological Sciences,GE1401,CHEM1200,10384,C01
2055,BSc Biological Sciences,GE1401,CHEM1200,11092,L02
2055,BSc Biological Sciences,GE1401,BMS1901,11330,C01
2055,BSc Biological Sciences,GE1401,BMS1901,11331,L01
2055,BSc Biological Sciences,GE1401,CHEM1300,11747,C01
2055,BSc Biological Sciences,GE1401,CHEM1300,11750,L05
2055,BSc Biological Sciences,GE1401,CHEM1300,11754,T03
2055,BSc Biological Sciences,GE1401,GE1401,12119,T18
2056,BSc Biological Sciences,GE1401,GE1501,10256,C08
2056,BSc Biological Sciences,GE1401,GE1401,10681,T04
2056,BSc Biological Sciences,GE1401,BMS1901,11330,C01
2056,BSc Biological Sciences,GE1401,BMS1901,11470,L02
2056,BSc Biological Sciences,GE1401,CHEM1300,12268,CA1
2056,BSc Biological Sciences,GE1401,CHEM1300,12270,LA1
2056,BSc Biological Sciences,GE1401,CHEM1300,12271,TA1
2056,BSc Biological Sciences,GE1401,CHEM1200,13869,CA1
2056,BSc Biological Sciences,GE1401,CHEM1200,13871,LA1
2057,BSc Biological Sciences,GE1401,CHEM1200,11294,L03
2057,BSc Biological Sciences,GE1401,BMS1901,11330,C01
2057,BSc Biological Sciences,GE1401,BMS1901,11331,L01
2057,BSc Biological Sciences,GE1401,CHEM1200,11735,C02
2057,BSc Biological Sciences,GE1401,CHEM1300,11748,C02
2057,BSc Biological Sciences,GE1401,CHEM1300,11755,T01
2057,BSc Biological Sciences,GE1401,CHEM1300,12269,L04
2057,BSc Biological Sciences,GE1401,GE1401,12396,T46
2057,BSc Biological Sciences,GE1401,GE1501,12513,C10
2058,BSc Biological Sciences,GE1401,GE1501,11157,CB1
2058,BSc Biological Sciences,GE1401,BMS1901,11330,C01
2058,BSc Biological Sciences,GE1401,BMS1901,11470,L02
2058,BSc Biological Sciences,GE1401,GE1401,12126,T67
2058,BSc Biological Sciences,GE1401,CHEM1300,12268,CA1
2058,BSc Biological Sciences,GE1401,CHEM1300,12270,LA1
2058,BSc Biological Sciences,GE1401,CHEM1300,12271,TA1
2058,BSc Biological Sciences,GE1401,CHEM1200,13869,CA1
2058,BSc Biological Sciences,GE1401,CHEM1200,13871,LA1
2059,BSc Biological Sciences,GE1401,GE1401,10711,T38
2059,BSc Biological Sciences,GE1401,CHEM1200,11295,L04
2059,BSc Biological Sciences,GE1401,BMS1901,11330,C01
2059,BSc Biological Sciences,GE1401,BMS1901,11331,L01
2059,BSc Biological Sciences,GE1401,CHEM1200,11735,C02
2059,BSc Biological Sciences,GE1401,CHEM1300,11747,C01
2059,BSc Biological Sciences,GE1401,CHEM1300,11754,T03
2059,BSc Biological Sciences,GE1401,CHEM1300,12099,L03
2059,BSc Biological Sciences,GE1401,GE1501,12513,C10
2060,BSc Biological Sciences,GE1401,CHEM1200,10346,L01
2060,BSc Biological Sciences,GE1401,CHEM1200,10384,C01
2060,BSc Biological Sciences,GE1401,GE1501,11157,CB1
2060,BSc Biological Sciences,GE1401,BMS1901,11330,C01
2060,BSc Biological Sciences,GE1401,BMS1901,11331,L01
2060,BSc Biological Sciences,GE1401,CHEM1300,11747,C01
2060,BSc Biological Sciences,GE1401,CHEM1300,11750,L05
2060,BSc Biological Sciences,GE1401,CHEM1300,11751,T04
2060,BSc Biological Sciences,GE1401,GE1401,12734,T71
2061,BSc Biological Sciences,GE1401,BMS1901,11330,C01
2061,BSc Biological Sciences,GE1401,BMS1901,11470,L02
2061,BSc Biological Sciences,GE1401,GE1401,13570,T98
2061,BSc Biological Sciences,GE1401,CHEM1200,13869,CA1
2061,BSc Biological Sciences,GE1401,CHEM1200,13871,LA1
2061,BSc Biological Sciences,GE1401,CHEM1300,13875,CC1
2061,BSc Biological Sciences,GE1401,CHEM1300,13876,LC1
2061,BSc Biological Sciences,GE1401,CHEM1300,13878,TC1
2061,BSc Biological Sciences,GE1401,GE1501,15851,CA2
2062,BSc Biological Sciences,GE1401,CHEM1200,10346,L01
2062,BSc Biological Sciences,GE1401,BMS1901,11330,C01
2062,BSc Biological Sciences,GE1401,BMS1901,11470,L02
2062,BSc Biological Sciences,GE1401,CHEM1200,11735,C02
2062,BSc Biological Sciences,GE1401,CHEM1300,11748,C02
2062,BSc Biological Sciences,GE1401,CHEM1300,11754,T03
2062,BSc Biological Sciences,GE1401,CHEM1300,12269,L04
2062,BSc Biological Sciences,GE1401,GE1501,12513,C10
2062,BSc Biological Sciences,GE1401,GE1401,15207,TC7
2063,BSc Biological Sciences,GE1401,GE1501,10248,C01
2063,BSc Biological Sciences,GE1401,GE1401,10706,T31
2063,BSc Biological Sciences,GE1401,BMS1901,11330,C01
2063,BSc Biological Sciences,GE1401,BMS1901,11331,L01
2063,BSc Biological Sciences,GE1401,CHEM1300,12268,CA1
2063,BSc Biological Sciences,GE1401,CHEM1300,12270,LA1
2063,BSc Biological Sciences,GE1401,CHEM1300,12271,TA1
2063,BSc Biological Sciences,GE1401,CHEM1200,13869,CA1
2063,BSc Biological Sciences,GE1401,CHEM1200,13871,LA1
2064,BSc Biological Sciences,GE1401,GE1501,10250,C03
2064,BSc Biological Sciences,GE1401,CHEM1200,10384,C01
2064,BSc Biological Sciences,GE1401,GE1401,10690,T13
2064,BSc Biological Sciences,GE1401,CHEM1200,11092,L02
2064,BSc Biological Sciences,GE1401,BMS1901,11330,C01
2064,BSc Biological Sciences,GE1401,BMS1901,11470,L02
2064,BSc Biological Sciences,GE1401,CHEM1300,11748,C02
2064,BSc Biological Sciences,GE1401,CHEM1300,11750,L05
2064,BSc Biological Sciences,GE1401,CHEM1300,11756,T05
2065,BSc Biological Sciences,GE1401,CHEM1200,11294,L03
2065,BSc Biological Sciences,GE1401,BMS1901,11330,C01
2065,BSc Biological Sciences,GE1401,BMS1901,11331,L01
2065,BSc Biological Sciences,GE1401,CHEM1200,11735,C02
2065,BSc Biological Sciences,GE1401,CHEM1300,12268,CA1
2065,BSc Biological Sciences,GE1401,CHEM1300,12270,LA1
2065,BSc Biological Sciences,GE1401,CHEM1300,12271,TA1
2065,BSc Biological Sciences,GE1401,GE1501,12620,C15
2065,BSc Biological Sciences,GE1401,GE1401,15602,T58
2066,BSc Biological Sciences,GE1401,GE1501,10257,CA1
2066,BSc Biological Sciences,GE1401,GE1401,10711,T38
2066,BSc Biological Sciences,GE1401,BMS1901,11330,C01
2066,BSc Biological Sciences,GE1401,BMS1901,11470,L02
2066,BSc Biological Sciences,GE1401,CHEM1300,11748,C02
2066,BSc Biological Sciences,GE1401,CHEM1300,11750,L05
2066,BSc Biological Sciences,GE1401,CHEM1300,11751,T04
2066,BSc Biological Sciences,GE1401,CHEM1200,13869,CA1
2066,BSc Biological Sciences,GE1401,CHEM1200,13871,LA1
2067,BSc Biological Sciences,GE1401,GE1501,10256,C08
2067,BSc Biological Sciences,GE1401,CHEM1200,10384,C01
2067,BSc Biological Sciences,GE1401,CHEM1200,11294,L03
2067,BSc Biological Sciences,GE1401,BMS1901,11330,C01
2067,BSc Biological Sciences,GE1401,BMS1901,11331,L01
2067,BSc Biological Sciences,GE1401,GE1401,11497,T81
2067,BSc Biological Sciences,GE1401,CHEM1300,11748,C02
2067,BSc Biological Sciences,GE1401,CHEM1300,11751,T04
2067,BSc Biological Sciences,GE1401,CHEM1300,12100,L01
2068,BSc Biological Sciences,GE1401,CHEM1200,10346,L01
2068,BSc Biological Sciences,GE1401,CHEM1200,10384,C01
2068,BSc Biological Sciences,GE1401,BMS1901,11330,C01
2068,BSc Biological Sciences,GE1401,BMS1901,11331,L01
2068,BSc Biological Sciences,GE1401,CHEM1300,11747,C01
2068,BSc Biological Sciences,GE1401,CHEM1300,11756,T05
2068,BSc Biological Sciences,GE1401,CHEM1300,12099,L03
2068,BSc Biological Sciences,GE1401,GE1501,12619,C14
2068,BSc Biological Sciences,GE1401,GE1401,12734,T71
2069,BSc Biological Sciences,LC0200A,CHEM1200,10346,L01
2069,BSc Biological Sciences,LC0200A,BMS1901,11330,C01
2069,BSc Biological Sciences,LC0200A,BMS1901,11331,L01
2069,BSc Biological Sciences,LC0200A,CHEM1200,11735,C02
2069,BSc Biological Sciences,LC0200A,CHEM1300,11748,C02
2069,BSc Biological Sciences,LC0200A,CHEM1300,11751,T04
2069,BSc Biological Sciences,LC0200A,CHEM1300,12100,L01
2069,BSc Biological Sciences,LC0200A,LC0200A,12333,T40
2069,BSc Biological Sciences,LC0200A,GE1501,12619,C14
2070,BSc Biological Sciences,LC0200A,LC0200A,10883,T14
2070,BSc Biological Sciences,LC0200A,CHEM1200,11092,L02
2070,BSc Biological Sciences,LC0200A,BMS1901,11330,C01
2070,BSc Biological Sciences,LC0200A,BMS1901,11470,L02
2070,BSc Biological Sciences,LC0200A,CHEM1200,11735,C02
2070,BSc Biological Sciences,LC0200A,CHEM1300,11747,C01
2070,BSc Biological Sciences,LC0200A,CHEM1300,11755,T01
2070,BSc Biological Sciences,LC0200A,CHEM1300,12100,L01
2070,BSc Biological Sciences,LC0200A,GE1501,12513,C10
2071,BSc Biological Sciences,LC0200A,GE1501,10249,C02
2071,BSc Biological Sciences,LC0200A,CHEM1200,10346,L01
2071,BSc Biological Sciences,LC0200A,LC0200A,11030,T31
2071,BSc Biological Sciences,LC0200A,BMS1901,11330,C01
2071,BSc Biological Sciences,LC0200A,BMS1901,11470,L02
2071,BSc Biological Sciences,LC0200A,CHEM1200,11735,C02
2071,BSc Biological Sciences,LC0200A,CHEM1300,11748,C02
2071,BSc Biological Sciences,LC0200A,CHEM1300,11754,T03
2071,BSc Biological Sciences,LC0200A,CHEM1300,12100,L01
2072,BSc Biological Sciences,LC0200A,GE1501,10248,C01
2072,BSc Biological Sciences,LC0200A,CHEM1200,10384,C01
2072,BSc Biological Sciences,LC0200A,LC0200A,11030,T31
2072,BSc Biological Sciences,LC0200A,CHEM1200,11295,L04
2072,BSc Biological Sciences,LC0200A,BMS1901,11330,C01
2072,BSc Biological Sciences,LC0200A,BMS1901,11331,L01
2072,BSc Biological Sciences,LC0200A,CHEM1300,11748,C02
2072,BSc Biological Sciences,LC0200A,CHEM1300,11751,T04
2072,BSc Biological Sciences,LC0200A,CHEM1300,12269,L04
2073,BSc Biological Sciences,LC0200A,CHEM1200,10346,L01
2073,BSc Biological Sciences,LC0200A,CHEM1200,10384,C01
2073,BSc Biological Sciences,LC0200A,LC0200A,10865,T05
2073,BSc Biological Sciences,LC0200A,BMS1901,11330,C01
2073,BSc Biological Sciences,LC0200A,BMS1901,11470,L02
2073,BSc Biological Sciences,LC0200A,CHEM1300,11748,C02
2073,BSc Biological Sciences,LC0200A,CHEM1300,11750,L05
2073,BSc Biological Sciences,LC0200A,CHEM1300,11756,T05
2073,BSc Biological Sciences,LC0200A,GE1501,12619,C14
2074,BSc Biological Sciences,LC0200A,CHEM1200,10346,L01
2074,BSc Biological Sciences,LC0200A,CHEM1200,10384,C01
2074,BSc Biological Sciences,LC0200A,LC0200A,10877,T08
2074,BSc Biological Sciences,LC0200A,BMS1901,11330,C01
2074,BSc Biological Sciences,LC0200A,BMS1901,11470,L02
2074,BSc Biological Sciences,LC0200A,CHEM1300,12268,CA1
2074,BSc Biological Sciences,LC0200A,CHEM1300,12270,LA1
2074,BSc Biological Sciences,LC0200A,CHEM1300,12271,TA1
2074,BSc Biological Sciences,LC0200A,GE1501,12513,C10
2075,BSc Biological Sciences,LC0200A,CHEM1200,10384,C01
2075,BSc Biological Sciences,LC0200A,GE1501,10604,C09
2075,BSc Biological Sciences,LC0200A,LC0200A,10892,T24
2075,BSc Biological Sciences,LC0200A,CHEM1200,11092,L02
2075,BSc Biological Sciences,LC0200A,BMS1901,11330,C01
2075,BSc Biological Sciences,LC0200A,BMS1901,11331,L01
2075,BSc Biological Sciences,LC0200A,CHEM1300,11748,C02
2075,BSc Biological Sciences,LC0200A,CHEM1300,11750,L05
2075,BSc Biological Sciences,LC0200A,CHEM1300,11756,T05
2076,BSc Biological Sciences,LC0200A,GE1501,10254,C06
2076,BSc Biological Sciences,LC0200A,CHEM1200,10346,L01
2076,BSc Biological Sciences,LC0200A,CHEM1200,10384,C01
2076,BSc Biological Sciences,LC0200A,LC0200A,10895,T27
2076,BSc Biological Sciences,LC0200A,BMS1901,11330,C01
2076,BSc Biological Sciences,LC0200A,BMS1901,11470,L02
2076,BSc Biological Sciences,LC0200A,CHEM1300,11748,C02
2076,BSc Biological Sciences,LC0200A,CHEM1300,11751,T04
2076,BSc Biological Sciences,LC0200A,CHEM1300,12269,L04
2077,BSc Biological Sciences,LC0200A,CHEM1200,10384,C01
2077,BSc Biological Sciences,LC0200A,LC0200A,10864,T04
2077,BSc Biological Sciences,LC0200A,CHEM1200,11295,L04
2077,BSc Biological Sciences,LC0200A,BMS1901,11330,C01
2077,BSc Biological Sciences,LC0200A,BMS1901,11331,L01
2077,BSc Biological Sciences,LC0200A,CHEM1300,11747,C01
2077,BSc Biological Sciences,LC0200A,CHEM1300,11751,T04
2077,BSc Biological Sciences,LC0200A,CHEM1300,12100,L01
2077,BSc Biological Sciences,LC0200A,GE1501,12513,C10
2078,BSc Biological Sciences,LC0200A,GE1501,10254,C06
2078,BSc Biological Sciences,LC0200A,CHEM1200,11294,L03
2078,BSc Biological Sciences,LC0200A,BMS1901,11330,C01
2078,BSc Biological Sciences,LC0200A,BMS1901,11331,L01
2078,BSc Biological Sciences,LC0200A,CHEM1200,11735,C02
2078,BSc Biological Sciences,LC0200A,CHEM1300,12268,CA1
2078,BSc Biological Sciences,LC0200A,CHEM1300,12270,LA1
2078,BSc Biological Sciences,LC0200A,CHEM1300,12271,TA1
2078,BSc Biological Sciences,LC0200A,LC0200A,14950,T18
2079,BSc Biological Sciences,LC0200A,GE1501,10254,C06
2079,BSc Biological Sciences,LC0200A,CHEM1200,10384,C01
2079,BSc Biological Sciences,LC0200A,LC0200A,10876,T07
2079,BSc Biological Sciences,LC0200A,CHEM1200,11294,L03
2079,BSc Biological Sciences,LC0200A,BMS1901,11330,C01
2079,BSc Biological Sciences,LC0200A,BMS1901,11331,L01
2079,BSc Biological Sciences,LC0200A,CHEM1300,11747,C01
2079,BSc Biological Sciences,LC0200A,CHEM1300,11750,L05
2079,BSc Biological Sciences,LC0200A,CHEM1300,11755,T01
2080,BSc Biological Sciences,LC0200A,LC0200A,10882,T13
2080,BSc Biological Sciences,LC0200A,BMS1901,11330,C01
2080,BSc Biological Sciences,LC0200A,BMS1901,11331,L01
2080,BSc Biological Sciences,LC0200A,GE1501,12513,C10
2080,BSc Biological Sciences,LC0200A,CHEM1200,13869,CA1
2080,BSc Biological Sciences,LC0200A,CHEM1200,13871,LA1
2080,BSc Biological Sciences,LC0200A,CHEM1300,13875,CC1
2080,BSc Biological Sciences,LC0200A,CHEM1300,13876,LC1
2080,BSc Biological Sciences,LC0200A,CHEM1300,13878,TC1
2081,BSc Biological Sciences,LC0200A,CHEM1200,10384,C01
2081,BSc Biological Sciences,LC0200A,GE1501,10604,C09
2081,BSc Biological Sciences,LC0200A,LC0200A,10881,T12
2081,BSc Biological Sciences,LC0200A,CHEM1200,11295,L04
2081,BSc Biological Sciences,LC0200A,BMS1901,11330,C01
2081,BSc Biological Sciences,LC0200A,BMS1901,11331,L01
2081,BSc Biological Sciences,LC0200A,CHEM1300,11748,C02
2081,BSc Biological Sciences,LC0200A,CHEM1300,11750,L05
2081,BSc Biological Sciences,LC0200A,CHEM1300,11756,T05
2082,BSc Biological Sciences,LC0200A,GE1501,10255,C07
2082,BSc Biological Sciences,LC0200A,CHEM1200,10346,L01
2082,BSc Biological Sciences,LC0200A,BMS1901,11330,C01
2082,BSc Biological Sciences,LC0200A,BMS1901,11470,L02
2082,BSc Biological Sciences,LC0200A,CHEM1200,11735,C02
2082,BSc Biological Sciences,LC0200A,CHEM1300,11747,C01
2082,BSc Biological Sciences,LC0200A,CHEM1300,11751,T04
2082,BSc Biological Sciences,LC0200A,CHEM1300,12269,L04
2082,BSc Biological Sciences,LC0200A,LC0200A,12320,T38
2083,BSc Biological Sciences,LC0200A,LC0200A,10890,T22
2083,BSc Biological Sciences,LC0200A,CHEM1200,11092,L02
2083,BSc Biological Sciences,LC0200A,BMS1901,11330,C01
2083,BSc Biological Sciences,LC0200A,BMS1901,11470,L02
2083,BSc Biological Sciences,LC0200A,CHEM1200,11735,C02
2083,BSc Biological Sciences,LC0200A,CHEM1300,11747,C01
2083,BSc Biological Sciences,LC0200A,CHEM1300,11754,T03
2083,BSc Biological Sciences,LC0200A,CHEM1300,12099,L03
2083,BSc Biological Sciences,LC0200A,GE1501,12620,C15
2084,BSc Biomedical Sciences,GE1401,GE1501,10255,C07
2084,BSc Biomedical Sciences,GE1401,CHEM1200,10346,L01
2084,BSc Biomedical Sciences,GE1401,BMS1901,11330,C01
2084,BSc Biomedical Sciences,GE1401,BMS1901,11331,L01
2084,BSc Biomedical Sciences,GE1401,CHEM1200,11735,C02
2084,BSc Biomedical Sciences,GE1401,CHEM1300,11747,C01
2084,BSc Biomedical Sciences,GE1401,CHEM1300,11751,T04
2084,BSc Biomedical Sciences,GE1401,CHEM1300,12269,L04
2084,BSc Biomedical Sciences,GE1401,GE1401,14270,TB7
2085,BSc Biomedical Sciences,GE1401,CHEM1200,10384,C01
2085,BSc Biomedical Sciences,GE1401,GE1401,10721,T54
2085,BSc Biomedical Sciences,GE1401,CHEM1200,11092,L02
2085,BSc Biomedical Sciences,GE1401,BMS1901,11330,C01
2085,BSc Biomedical Sciences,GE1401,BMS1901,11331,L01
2085,BSc Biomedical Sciences,GE1401,CHEM1300,11748,C02
2085,BSc Biomedical Sciences,GE1401,CHEM1300,11756,T05
2085,BSc Biomedical Sciences,GE1401,CHEM1300,12269,L04
2085,BSc Biomedical Sciences,GE1401,GE1501,12619,C14
2086,BSc Biomedical Sciences,GE1401,CHEM1200,10346,L01
2086,BSc Biomedical Sciences,GE1401,BMS1901,11330,C01
2086,BSc Biomedical Sciences,GE1401,BMS1901,11331,L01
2086,BSc Biomedical Sciences,GE1401,CHEM1200,11735,C02
2086,BSc Biomedical Sciences,GE1401,CHEM1300,11747,C01
2086,BSc Biomedical Sciences,GE1401,CHEM1300,11755,T01
2086,BSc Biomedical Sciences,GE1401,CHEM1300,12269,L04
2086,BSc Biomedical Sciences,GE1401,GE1501,12619,C14
2086,BSc Biomedical Sciences,GE1401,GE1401,13572,TB1
2087,BSc Biomedical Sciences,GE1401,GE1501,10250,C03
2087,BSc Biomedical Sciences,GE1401,CHEM1200,10384,C01
2087,BSc Biomedical Sciences,GE1401,CHEM1200,11092,L02
2087,BSc Biomedical Sciences,GE1401,BMS1901,11330,C01
2087,BSc Biomedical Sciences,GE1401,BMS1901,11331,L01
2087,BSc Biomedical Sciences,GE1401,CHEM1300,11748,C02
2087,BSc Biomedical Sciences,GE1401,CHEM1300,11750,L05
2087,BSc Biomedical Sciences,GE1401,CHEM1300,11751,T04
2087,BSc Biomedical Sciences,GE1401,GE1401,13573,TB2
2088,BSc Biomedical Sciences,GE1401,GE1501,10248,C01
2088,BSc Biomedical Sciences,GE1401,CHEM1200,10346,L01
2088,BSc Biomedical Sciences,GE1401,GE1401,10696,T20
2088,BSc Biomedical Sciences,GE1401,BMS1901,11330,C01
2088,BSc Biomedical Sciences,GE1401,BMS1901,11470,L02
2088,BSc Biomedical Sciences,GE1401,CHEM1200,11735,C02
2088,BSc Biomedical Sciences,GE1401,CHEM1300,12268,CA1
2088,BSc Biomedical Sciences,GE1401,CHEM1300,12270,LA1
2088,BSc Biomedical Sciences,GE1401,CHEM1300,12271,TA1
2089,BSc Biomedical Sciences,GE1401,CHEM1200,10384,C01
2089,BSc Biomedical Sciences,GE1401,GE1501,10604,C09
2089,BSc Biomedical Sciences,GE1401,GE1401,10693,T16
2089,BSc Biomedical Sciences,GE1401,CHEM1200,11295,L04
2089,BSc Biomedical Sciences,GE1401,BMS1901,11330,C01
2089,BSc Biomedical Sciences,GE1401,BMS1901,11331,L01
2089,BSc Biomedical Sciences,GE1401,CHEM1300,11747,C01
2089,BSc Biomedical Sciences,GE1401,CHEM1300,11751,T04
2089,BSc Biomedical Sciences,GE1401,CHEM1300,12100,L01
2090,BSc Biomedical Sciences,GE1401,CHEM1200,10346,L01
2090,BSc Biomedical Sciences,GE1401,BMS1901,11330,C01
2090,BSc Biomedical Sciences,GE1401,BMS1901,11331,L01
2090,BSc Biomedical Sciences,GE1401,CHEM1200,11735,C02
2090,BSc Biomedical Sciences,GE1401,GE1401,12127,T84
2090,BSc Biomedical Sciences,GE1401,CHEM1300,12268,CA1
2090,BSc Biomedical Sciences,GE1401,CHEM1300,12270,LA1
2090,BSc Biomedical Sciences,GE1401,CHEM1300,12271,TA1
2090,BSc Biomedical Sciences,GE1401,GE1501,12513,C10
2091,BSc Biomedical Sciences,GE1401,CHEM1200,10384,C01
2091,BSc Biomedical Sciences,GE1401,GE1401,10698,T22
2091,BSc Biomedical Sciences,GE1401,CHEM1200,11092,L02
2091,BSc Biomedical Sciences,GE1401,BMS1901,11330,C01
2091,BSc Biomedical Sciences,GE1401,BMS1901,11470,L02
2091,BSc Biomedical Sciences,GE1401,CHEM1300,12268,CA1
2091,BSc Biomedical Sciences,GE1401,CHEM1300,12270,LA1
2091,BSc Biomedical Sciences,GE1401,CHEM1300,12271,TA1
2091,BSc Biomedical Sciences,GE1401,GE1501,12622,C16
2092,BSc Biomedical Sciences,GE1401,CHEM1200,10346,L01
2092,BSc Biomedical Sciences,GE1401,GE1401,10357,T01
2092,BSc Biomedical Sciences,GE1401,CHEM1200,10384,C01
2092,BSc Biomedical Sciences,GE1401,BMS1901,11330,C01
2092,BSc Biomedical Sciences,GE1401,BMS1901,11470,L02
2092,BSc Biomedical Sciences,GE1401,CHEM1300,11748,C02
2092,BSc Biomedical Sciences,GE1401,CHEM1300,11750,L05
2092,BSc Biomedical Sciences,GE1401,CHEM1300,11756,T05
2092,BSc Biomedical Sciences,GE1401,GE1501,12618,C13
2093,BSc Biomedical Sciences,GE1401,GE1401,10729,T63
2093,BSc Biomedical Sciences,GE1401,BMS1901,11330,C01
2093,BSc Biomedical Sciences,GE1401,BMS1901,11331,L01
2093,BSc Biomedical Sciences,GE1401,CHEM1300,11747,C01
2093,BSc Biomedical Sciences,GE1401,CHEM1300,11755,T01
2093,BSc Biomedical Sciences,GE1401,CHEM1300,12100,L01
2093,BSc Biomedical Sciences,GE1401,GE1501,12622,C16
2093,BSc Biomedical Sciences,GE1401,CHEM1200,13869,CA1
2093,BSc Biomedical Sciences,GE1401,CHEM1200,13871,LA1
2094,BSc Biomedical Sciences,GE1401,CHEM1200,10384,C01
2094,BSc Biomedical Sciences,GE1401,GE1401,10690,T13
2094,BSc Biomedical Sciences,GE1401,GE1501,11157,CB1
2094,BSc Biomedical Sciences,GE1401,CHEM1200,11294,L03
2094,BSc Biomedical Sciences,GE1401,BMS1901,11330,C01
2094,BSc Biomedical Sciences,GE1401,BMS1901,11470,L02
2094,BSc Biomedical Sciences,GE1401,CHEM1300,13875,CC1
2094,BSc Biomedical Sciences,GE1401,CHEM1300,13876,LC1
2094,BSc Biomedical Sciences,GE1401,CHEM1300,13878,TC1
2095,BSc Biomedical Sciences,GE1401,GE1501,10249,C02
2095,BSc Biomedical Sciences,GE1401,CHEM1200,10384,C01
2095,BSc Biomedical Sciences,GE1401,GE1401,10685,T08
2095,BSc Biomedical Sciences,GE1401,CHEM1200,11092,L02
2095,BSc Biomedical Sciences,GE1401,BMS1901,11330,C01
2095,BSc Biomedical Sciences,GE1401,BMS1901,11470,L02
2095,BSc Biomedical Sciences,GE1401,CHEM1300,13875,CC1
2095,BSc Biomedical Sciences,GE1401,CHEM1300,13876,LC1
2095,BSc Biomedical Sciences,GE1401,CHEM1300,13878,TC1
2096,BSc Biomedical Sciences,GE1401,GE1401,10729,T63
2096,BSc Biomedical Sciences,GE1401,CHEM1200,11092,L02
2096,BSc Biomedical Sciences,GE1401,BMS1901,11330,C01
2096,BSc Biomedical Sciences,GE1401,BMS1901,11470,L02
2096,BSc Biomedical Sciences,GE1401,CHEM1200,11735,C02
2096,BSc Biomedical Sciences,GE1401,CHEM1300,11747,C01
2096,BSc Biomedical Sciences,GE1401,CHEM1300,11754,T03
2096,BSc Biomedical Sciences,GE1401,CHEM1300,12099,L03
2096,BSc Biomedical Sciences,GE1401,GE1501,12513,C10
2097,BSc Biomedical Sciences,GE1401,CHEM1200,10384,C01
2097,BSc Biomedical Sciences,GE1401,CHEM1200,11294,L03
2097,BSc Biomedical Sciences,GE1401,BMS1901,11330,C01
2097,BSc Biomedical Sciences,GE1401,BMS1901,11331,L01
2097,BSc Biomedical Sciences,GE1401,CHEM1300,11747,C01
2097,BSc Biomedical Sciences,GE1401,CHEM1300,11755,T01
2097,BSc Biomedical Sciences,GE1401,CHEM1300,12100,L01
2097,BSc Biomedical Sciences,GE1401,GE1401,12124,T49
2097,BSc Biomedical Sciences,GE1401,GE1501,12513,C10
2098,BSc Biomedical Sciences,GE1401,CHEM1200,10384,C01
2098,BSc Biomedical Sciences,GE1401,GE1401,10723,T56
2098,BSc Biomedical Sciences,GE1401,CHEM1200,11092,L02
2098,BSc Biomedical Sciences,GE1401,BMS1901,11330,C01
2098,BSc Biomedical Sciences,GE1401,BMS1901,11470,L02
2098,BSc Biomedical Sciences,GE1401,CHEM1300,12268,CA1
2098,BSc Biomedical Sciences,GE1401,CHEM1300,12270,LA1
2098,BSc Biomedical Sciences,GE1401,CHEM1300,12271,TA1
2098,BSc Biomedical Sciences,GE1401,GE1501,12622,C16
2099,BSc Biomedical Sciences,GE1401,GE1401,10721,T54
2099,BSc Biomedical Sciences,GE1401,CHEM1200,11295,L04
2099,BSc Biomedical Sciences,GE1401,BMS1901,11330,C01
2099,BSc Biomedical Sciences,GE1401,BMS1901,11331,L01
2099,BSc Biomedical Sciences,GE1401,CHEM1200,11735,C02
2099,BSc Biomedical Sciences,GE1401,CHEM1300,11748,C02
2099,BSc Biomedical Sciences,GE1401,CHEM1300,11751,T04
2099,BSc Biomedical Sciences,GE1401,CHEM1300,12269,L04
2099,BSc Biomedical Sciences,GE1401,GE1501,12619,C14
2100,BSc Biomedical Sciences,GE1401,GE1401,10724,T57
2100,BSc Biomedical Sciences,GE1401,CHEM1200,11092,L02
2100,BSc Biomedical Sciences,GE1401,BMS1901,11330,C01
2100,BSc Biomedical Sciences,GE1401,BMS1901,11331,L01
2100,BSc Biomedical Sciences,GE1401,CHEM1200,11735,C02
2100,BSc Biomedical Sciences,GE1401,CHEM1300,11748,C02
2100,BSc Biomedical Sciences,GE1401,CHEM1300,11755,T01
2100,BSc Biomedical Sciences,GE1401,CHEM1300,12269,L04
2100,BSc Biomedical Sciences,GE1401,GE1501,12618,C13
2101,BSc Biomedical Sciences,GE1401,GE1501,10257,CA1
2101,BSc Biomedical Sciences,GE1401,CHEM1200,10346,L01
2101,BSc Biomedical Sciences,GE1401,CHEM1200,10384,C01
2101,BSc Biomedical Sciences,GE1401,GE1401,10698,T22
2101,BSc Biomedical Sciences,GE1401,BMS1901,11330,C01
2101,BSc Biomedical Sciences,GE1401,BMS1901,11470,L02
2101,BSc Biomedical Sciences,GE1401,CHEM1300,13875,CC1
2101,BSc Biomedical Sciences,GE1401,CHEM1300,13876,LC1
2101,BSc Biomedical Sciences,GE1401,CHEM1300,13878,TC1
2102,BSc Biomedical Sciences,GE1401,GE1501,10249,C02
2102,BSc Biomedical Sciences,GE1401,CHEM1200,10346,L01
2102,BSc Biomedical Sciences,GE1401,CHEM1200,10384,C01
2102,BSc Biomedical Sciences,GE1401,GE1401,10701,T25
2102,BSc Biomedical Sciences,GE1401,BMS1901,11330,C01
2102,BSc Biomedical Sciences,GE1401,BMS1901,11331,L01
2102,BSc Biomedical Sciences,GE1401,CHEM1300,11748,C02
2102,BSc Biomedical Sciences,GE1401,CHEM1300,11755,T01
2102,BSc Biomedical Sciences,GE1401,CHEM1300,12099,L03
2103,BSc Biomedical Sciences,GE1401,CHEM1200,10346,L01
2103,BSc Biomedical Sciences,GE1401,CHEM1200,10384,C01
2103,BSc Biomedical Sciences,GE1401,BMS1901,11330,C01
2103,BSc Biomedical Sciences,GE1401,BMS1901,11470,L02
2103,BSc Biomedical Sciences,GE1401,CHEM1300,11748,C02
2103,BSc Biomedical Sciences,GE1401,CHEM1300,11750,L05
2103,BSc Biomedical Sciences,GE1401,CHEM1300,11751,T04
2103,BSc Biomedical Sciences,GE1401,GE1501,12513,C10
2103,BSc Biomedical Sciences,GE1401,GE1401,15601,T28
2104,BSc Biomedical Sciences,GE1401,CHEM1200,10384,C01
2104,BSc Biomedical Sciences,GE1401,CHEM1200,11295,L04
2104,BSc Biomedical Sciences,GE1401,BMS1901,11330,C01
2104,BSc Biomedical Sciences,GE1401,BMS1901,11470,L02
2104,BSc Biomedical Sciences,GE1401,CHEM1300,11747,C01
2104,BSc Biomedical Sciences,GE1401,CHEM1300,11756,T05
2104,BSc Biomedical Sciences,GE1401,CHEM1300,12100,L01
2104,BSc Biomedical Sciences,GE1401,GE1401,12121,T33
2104,BSc Biomedical Sciences,GE1401,GE1501,12620,C15
2105,BSc Biomedical Sciences,GE1401,GE1501,10257,CA1
2105,BSc Biomedical Sciences,GE1401,CHEM1200,10346,L01
2105,BSc Biomedical Sciences,GE1401,GE1401,10681,T04
2105,BSc Biomedical Sciences,GE1401,BMS1901,11330,C01
2105,BSc Biomedical Sciences,GE1401,BMS1901,11331,L01
2105,BSc Biomedical Sciences,GE1401,CHEM1200,11735,C02
2105,BSc Biomedical Sciences,GE1401,CHEM1300,11747,C01
2105,BSc Biomedical Sciences,GE1401,CHEM1300,11755,T01
2105,BSc Biomedical Sciences,GE1401,CHEM1300,12269,L04
2106,BSc Biomedical Sciences,GE1401,GE1401,10706,T31
2106,BSc Biomedical Sciences,GE1401,CHEM1200,11294,L03
2106,BSc Biomedical Sciences,GE1401,BMS1901,11330,C01
2106,BSc Biomedical Sciences,GE1401,BMS1901,11331,L01
2106,BSc Biomedical Sciences,GE1401,CHEM1200,11735,C02
2106,BSc Biomedical Sciences,GE1401,CHEM1300,11747,C01
2106,BSc Biomedical Sciences,GE1401,CHEM1300,11751,T04
2106,BSc Biomedical Sciences,GE1401,CHEM1300,12100,L01
2106,BSc Biomedical Sciences,GE1401,GE1501,12619,C14
2107,BSc Biomedical Sciences,GE1401,GE1501,10250,C03
2107,BSc Biomedical Sciences,GE1401,CHEM1200,10384,C01
2107,BSc Biomedical Sciences,GE1401,CHEM1200,11295,L04
2107,BSc Biomedical Sciences,GE1401,BMS1901,11330,C01
2107,BSc Biomedical Sciences,GE1401,BMS1901,11331,L01
2107,BSc Biomedical Sciences,GE1401,GE1401,11451,T68
2107,BSc Biomedical Sciences,GE1401,CHEM1300,11748,C02
2107,BSc Biomedical Sciences,GE1401,CHEM1300,11756,T05
2107,BSc Biomedical Sciences,GE1401,CHEM1300,12269,L04
2108,BSc Biomedical Sciences,GE1401,GE1501,10248,C01
2108,BSc Biomedical Sciences,GE1401,BMS1901,11330,C01
2108,BSc Biomedical Sciences,GE1401,BMS1901,11331,L01
2108,BSc Biomedical Sciences,GE1401,GE1401,12119,T18
2108,BSc Biomedical Sciences,GE1401,CHEM1300,12268,CA1
2108,BSc Biomedical Sciences,GE1401,CHEM1300,12270,LA1
2108,BSc Biomedical Sciences,GE1401,CHEM1300,12271,TA1
2108,BSc Biomedical Sciences,GE1401,CHEM1200,13869,CA1
2108,BSc Biomedical Sciences,GE1401,CHEM1200,13871,LA1
2109,BSc Biomedical Sciences,GE1401,CHEM1200,10384,C01
2109,BSc Biomedical Sciences,GE1401,CHEM1200,11294,L03
2109,BSc Biomedical Sciences,GE1401,BMS1901,11330,C01
2109,BSc Biomedical Sciences,GE1401,BMS1901,11470,L02
2109,BSc Biomedical Sciences,GE1401,CHEM1300,11747,C01
2109,BSc Biomedical Sciences,GE1401,CHEM1300,11750,L05
2109,BSc Biomedical Sciences,GE1401,CHEM1300,11751,T04
2109,BSc Biomedical Sciences,GE1401,GE1501,12621,CB2
2109,BSc Biomedical Sciences,GE1401,GE1401,13573,TB2
2110,BSc Biomedical Sciences,GE1401,CHEM1200,10384,C01
2110,BSc Biomedical Sciences,GE1401,CHEM1200,11295,L04
2110,BSc Biomedical Sciences,GE1401,BMS1901,11330,C01
2110,BSc Biomedical Sciences,GE1401,BMS1901,11331,L01
2110,BSc Biomedical Sciences,GE1401,CHEM1300,11748,C02
2110,BSc Biomedical Sciences,GE1401,CHEM1300,11756,T05
2110,BSc Biomedical Sciences,GE1401,CHEM1300,12269,L04
2110,BSc Biomedical Sciences,GE1401,GE1501,12513,C10
2110,BSc Biomedical Sciences,GE1401,GE1401,14271,TB8
2111,BSc Biomedical Sciences,GE1401,GE1501,10250,C03
2111,BSc Biomedical Sciences,GE1401,CHEM1200,10384,C01
2111,BSc Biomedical Sciences,GE1401,GE1401,10727,T60
2111,BSc Biomedical Sciences,GE1401,CHEM1200,11092,L02
2111,BSc Biomedical Sciences,GE1401,BMS1901,11330,C01
2111,BSc Biomedical Sciences,GE1401,BMS1901,11470,L02
2111,BSc Biomedical Sciences,GE1401,CHEM1300,11747,C01
2111,BSc Biomedical Sciences,GE1401,CHEM1300,11751,T04
2111,BSc Biomedical Sciences,GE1401,CHEM1300,12269,L04
2112,BSc Biomedical Sciences,GE1401,CHEM1200,10384,C01
2112,BSc Biomedical Sciences,GE1401,CHEM1200,11294,L03
2112,BSc Biomedical Sciences,GE1401,BMS1901,11330,C01
2112,BSc Biomedical Sciences,GE1401,BMS1901,11331,L01
2112,BSc Biomedical Sciences,GE1401,CHEM1300,11747,C01
2112,BSc Biomedical Sciences,GE1401,CHEM1300,11751,T04
2112,BSc Biomedical Sciences,GE1401,CHEM1300,12100,L01
2112,BSc Biomedical Sciences,GE1401,GE1501,12620,C15
2112,BSc Biomedical Sciences,GE1401,GE1401,14270,TB7
2113,BSc Biomedical Sciences,GE1401,GE1501,10256,C08
2113,BSc Biomedical Sciences,GE1401,CHEM1200,10384,C01
2113,BSc Biomedical Sciences,GE1401,CHEM1200,11092,L02
2113,BSc Biomedical Sciences,GE1401,BMS1901,11330,C01
2113,BSc Biomedical Sciences,GE1401,BMS1901,11331,L01
2113,BSc Biomedical Sciences,GE1401,CHEM1300,11748,C02
2113,BSc Biomedical Sciences,GE1401,CHEM1300,11754,T03
2113,BSc Biomedical Sciences,GE1401,CHEM1300,12100,L01
2113,BSc Biomedical Sciences,GE1401,GE1401,15205,TC5
2114,BSc Biomedical Sciences,GE1401,CHEM1200,10346,L01
2114,BSc Biomedical Sciences,GE1401,CHEM1200,10384,C01
2114,BSc Biomedical Sciences,GE1401,GE1401,10711,T38
2114,BSc Biomedical Sciences,GE1401,BMS1901,11330,C01
2114,BSc Biomedical Sciences,GE1401,BMS1901,11331,L01
2114,BSc Biomedical Sciences,GE1401,CHEM1300,12268,CA1
2114,BSc Biomedical Sciences,GE1401,CHEM1300,12270,LA1
2114,BSc Biomedical Sciences,GE1401,CHEM1300,12271,TA1
2114,BSc Biomedical Sciences,GE1401,GE1501,12619,C14
2115,BSc Biomedical Sciences,GE1401,GE1501,10248,C01
2115,BSc Biomedical Sciences,GE1401,CHEM1200,10384,C01
2115,BSc Biomedical Sciences,GE1401,GE1401,10720,T53
2115,BSc Biomedical Sciences,GE1401,CHEM1200,11294,L03
2115,BSc Biomedical Sciences,GE1401,BMS1901,11330,C01
2115,BSc Biomedical Sciences,GE1401,BMS1901,11331,L01
2115,BSc Biomedical Sciences,GE1401,CHEM1300,11747,C01
2115,BSc Biomedical Sciences,GE1401,CHEM1300,11755,T01
2115,BSc Biomedical Sciences,GE1401,CHEM1300,12269,L04
2116,BSc Biomedical Sciences,GE1401,GE1501,10257,CA1
2116,BSc Biomedical Sciences,GE1401,CHEM1200,10384,C01
2116,BSc Biomedical Sciences,GE1401,GE1401,10720,T53
2116,BSc Biomedical Sciences,GE1401,CHEM1200,11294,L03
2116,BSc Biomedical Sciences,GE1401,BMS1901,11330,C01
2116,BSc Biomedical Sciences,GE1401,BMS1901,11470,L02
2116,BSc Biomedical Sciences,GE1401,CHEM1300,11748,C02
2116,BSc Biomedical Sciences,GE1401,CHEM1300,11751,T04
2116,BSc Biomedical Sciences,GE1401,CHEM1300,12099,L03
2117,BSc Biomedical Sciences,LC0200A,LC0200A,10879,T10
2117,BSc Biomedical Sciences,LC0200A,CHEM1200,11092,L02
2117,BSc Biomedical Sciences,LC0200A,GE1501,11157,CB1
2117,BSc Biomedical Sciences,LC0200A,BMS1901,11330,C01
2117,BSc Biomedical Sciences,LC0200A,BMS1901,11331,L01
2117,BSc Biomedical Sciences,LC0200A,CHEM1200,11735,C02
2117,BSc Biomedical Sciences,LC0200A,CHEM1300,12268,CA1
2117,BSc Biomedical Sciences,LC0200A,CHEM1300,12270,LA1
2117,BSc Biomedical Sciences,LC0200A,CHEM1300,12271,TA1
2118,BSc Biomedical Sciences,LC0200A,CHEM1200,10346,L01
2118,BSc Biomedical Sciences,LC0200A,LC0200A,10890,T22
2118,BSc Biomedical Sciences,LC0200A,BMS1901,11330,C01
2118,BSc Biomedical Sciences,LC0200A,BMS1901,11331,L01
2118,BSc Biomedical Sciences,LC0200A,CHEM1200,11735,C02
2118,BSc Biomedical Sciences,LC0200A,CHEM1300,12268,CA1
2118,BSc Biomedical Sciences,LC0200A,CHEM1300,12270,LA1
2118,BSc Biomedical Sciences,LC0200A,CHEM1300,12271,TA1
2118,BSc Biomedical Sciences,LC0200A,GE1501,12619,C14
2119,BSc Biomedical Sciences,LC0200A,GE1501,10256,C08
2119,BSc Biomedical Sciences,LC0200A,CHEM1200,10384,C01
2119,BSc Biomedical Sciences,LC0200A,LC0200A,10876,T07
2119,BSc Biomedical Sciences,LC0200A,CHEM1200,11295,L04
2119,BSc Biomedical Sciences,LC0200A,BMS1901,11330,C01
2119,BSc Biomedical Sciences,LC0200A,BMS1901,11331,L01
2119,BSc Biomedical Sciences,LC0200A,CHEM1300,11748,C02
2119,BSc Biomedical Sciences,LC0200A,CHEM1300,11754,T03
2119,BSc Biomedical Sciences,LC0200A,CHEM1300,12099,L03
2120,BSc Biomedical Sciences,LC0200A,GE1501,10256,C08
2120,BSc Biomedical Sciences,LC0200A,CHEM1200,10346,L01
2120,BSc Biomedical Sciences,LC0200A,CHEM1200,10384,C01
2120,BSc Biomedical Sciences,LC0200A,LC0200A,10876,T07
2120,BSc Biomedical Sciences,LC0200A,BMS1901,11330,C01
2120,BSc Biomedical Sciences,LC0200A,BMS1901,11470,L02
2120,BSc Biomedical Sciences,LC0200A,CHEM1300,11747,C01
2120,BSc Biomedical Sciences,LC0200A,CHEM1300,11755,T01
2120,BSc Biomedical Sciences,LC0200A,CHEM1300,12100,L01
2121,BSc Biomedical Sciences,LC0200A,CHEM1200,10346,L01
2121,BSc Biomedical Sciences,LC0200A,CHEM1200,10384,C01
2121,BSc Biomedical Sciences,LC0200A,LC0200A,10877,T08
2121,BSc Biomedical Sciences,LC0200A,BMS1901,11330,C01
2121,BSc Biomedical Sciences,LC0200A,BMS1901,11331,L01
2121,BSc Biomedical Sciences,LC0200A,CHEM1300,11748,C02
2121,BSc Biomedical Sciences,LC0200A,CHEM1300,11750,L05
2121,BSc Biomedical Sciences,LC0200A,CHEM1300,11756,T05
2121,BSc Biomedical Sciences,LC0200A,GE1501,12618,C13
2122,BSc Biomedical Sciences,LC0200A,CHEM1200,10384,C01
2122,BSc Biomedical Sciences,LC0200A,CHEM1200,11092,L02
2122,BSc Biomedical Sciences,LC0200A,BMS1901,11330,C01
2122,BSc Biomedical Sciences,LC0200A,BMS1901,11470,L02
2122,BSc Biomedical Sciences,LC0200A,CHEM1300,11747,C01
2122,BSc Biomedical Sciences,LC0200A,CHEM1300,11755,T01
2122,BSc Biomedical Sciences,LC0200A,CHEM1300,12269,L04
2122,BSc Biomedical Sciences,LC0200A,LC0200A,12333,T40
2122,BSc Biomedical Sciences,LC0200A,GE1501,12622,C16
2123,BSc Biomedical Sciences,LC0200A,GE1501,10255,C07
2123,BSc Biomedical Sciences,LC0200A,CHEM1200,10346,L01
2123,BSc Biomedical Sciences,LC0200A,LC0200A,10897,T29
2123,BSc Biomedical Sciences,LC0200A,BMS1901,11330,C01
2123,BSc Biomedical Sciences,LC0200A,BMS1901,11470,L02
2123,BSc Biomedical Sciences,LC0200A,CHEM1200,11735,C02
2123,BSc Biomedical Sciences,LC0200A,CHEM1300,11748,C02
2123,BSc Biomedical Sciences,LC0200A,CHEM1300,11754,T03
2123,BSc Biomedical Sciences,LC0200A,CHEM1300,12269,L04
2124,BSc Biomedical Sciences,LC0200A,LC0200A,10890,T22
2124,BSc Biomedical Sciences,LC0200A,CHEM1200,11295,L04
2124,BSc Biomedical Sciences,LC0200A,BMS1901,11330,C01
2124,BSc Biomedical Sciences,LC0200A,BMS1901,11470,L02
2124,BSc Biomedical Sciences,LC0200A,CHEM1200,11735,C02
2124,BSc Biomedical Sciences,LC0200A,CHEM1300,11748,C02
2124,BSc Biomedical Sciences,LC0200A,CHEM1300,11751,T04
2124,BSc Biomedical Sciences,LC0200A,CHEM1300,12100,L01
2124,BSc Biomedical Sciences,LC0200A,GE1501,12621,CB2
2125,BSc Biomedical Sciences,LC0200A,GE1501,10249,C02
2125,BSc Biomedical Sciences,LC0200A,LC0200A,11029,T30
2125,BSc Biomedical Sciences,LC0200A,CHEM1200,11295,L04
2125,BSc Biomedical Sciences,LC0200A,BMS1901,11330,C01
2125,BSc Biomedical Sciences,LC0200A,BMS1901,11470,L02
2125,BSc Biomedical Sciences,LC0200A,CHEM1200,11735,C02
2125,BSc Biomedical Sciences,LC0200A,CHEM1300,11747,C01
2125,BSc Biomedical Sciences,LC0200A,CHEM1300,11754,T03
2125,BSc Biomedical Sciences,LC0200A,CHEM1300,12099,L03
2126,BSc Biomedical Sciences,LC0200A,GE1501,10256,C08
2126,BSc Biomedical Sciences,LC0200A,CHEM1200,10384,C01
2126,BSc Biomedical Sciences,LC0200A,LC0200A,10864,T04
2126,BSc Biomedical Sciences,LC0200A,CHEM1200,11295,L04
2126,BSc Biomedical Sciences,LC0200A,BMS1901,11330,C01
2126,BSc Biomedical Sciences,LC0200A,BMS1901,11331,L01
2126,BSc Biomedical Sciences,LC0200A,CHEM1300,11748,C02
2126,BSc Biomedical Sciences,LC0200A,CHEM1300,11754,T03
2126,BSc Biomedical Sciences,LC0200A,CHEM1300,12100,L01
2127,BSc Biomedical Sciences,LC0200A,GE1501,10249,C02
2127,BSc Biomedical Sciences,LC0200A,CHEM1200,10384,C01
2127,BSc Biomedical Sciences,LC0200A,LC0200A,10891,T23
2127,BSc Biomedical Sciences,LC0200A,CHEM1200,11294,L03
2127,BSc Biomedical Sciences,LC0200A,BMS1901,11330,C01
2127,BSc Biomedical Sciences,LC0200A,BMS1901,11470,L02
2127,BSc Biomedical Sciences,LC0200A,CHEM1300,13875,CC1
2127,BSc Biomedical Sciences,LC0200A,CHEM1300,13876,LC1
2127,BSc Biomedical Sciences,LC0200A,CHEM1300,13878,TC1
2128,BSc Biomedical Sciences,LC0200A,CHEM1200,10346,L01
2128,BSc Biomedical Sciences,LC0200A,CHEM1200,10384,C01
2128,BSc Biomedical Sciences,LC0200A,LC0200A,10841,T01
2128,BSc Biomedical Sciences,LC0200A,BMS1901,11330,C01
2128,BSc Biomedical Sciences,LC0200A,BMS1901,11331,L01
2128,BSc Biomedical Sciences,LC0200A,GE1501,12618,C13
2128,BSc Biomedical Sciences,LC0200A,CHEM1300,13875,CC1
2128,BSc Biomedical Sciences,LC0200A,CHEM1300,13876,LC1
2128,BSc Biomedical Sciences,LC0200A,CHEM1300,13878,TC1
2129,BSc Biomedical Sciences,LC0200A,CHEM1200,10346,L01
2129,BSc Biomedical Sciences,LC0200A,CHEM1200,10384,C01
2129,BSc Biomedical Sciences,LC0200A,LC0200A,11170,T32
2129,BSc Biomedical Sciences,LC0200A,BMS1901,11330,C01
2129,BSc Biomedical Sciences,LC0200A,BMS1901,11470,L02
2129,BSc Biomedical Sciences,LC0200A,CHEM1300,11747,C01
2129,BSc Biomedical Sciences,LC0200A,CHEM1300,11750,L05
2129,BSc Biomedical Sciences,LC0200A,CHEM1300,11751,T04
2129,BSc Biomedical Sciences,LC0200A,GE1501,12513,C10
2130,BSc Biomedical Sciences,LC0200A,GE1501,10256,C08
2130,BSc Biomedical Sciences,LC0200A,CHEM1200,10384,C01
2130,BSc Biomedical Sciences,LC0200A,LC0200A,10841,T01
2130,BSc Biomedical Sciences,LC0200A,CHEM1200,11294,L03
2130,BSc Biomedical Sciences,LC0200A,BMS1901,11330,C01
2130,BSc Biomedical Sciences,LC0200A,BMS1901,11331,L01
2130,BSc Biomedical Sciences,LC0200A,CHEM1300,11747,C01
2130,BSc Biomedical Sciences,LC0200A,CHEM1300,11755,T01
2130,BSc Biomedical Sciences,LC0200A,CHEM1300,12269,L04
2131,BSc Biomedical Sciences,LC0200A,CHEM1200,10384,C01
2131,BSc Biomedical Sciences,LC0200A,GE1501,11157,CB1
2131,BSc Biomedical Sciences,LC0200A,CHEM1200,11294,L03
2131,BSc Biomedical Sciences,LC0200A,BMS1901,11330,C01
2131,BSc Biomedical Sciences,LC0200A,BMS1901,11331,L01
2131,BSc Biomedical Sciences,LC0200A,CHEM1300,11747,C01
2131,BSc Biomedical Sciences,LC0200A,CHEM1300,11751,T04
2131,BSc Biomedical Sciences,LC0200A,CHEM1300,12269,L04
2131,BSc Biomedical Sciences,LC0200A,LC0200A,12320,T38
2132,Bachelor of Veterinary Medicine,GE1401,GE1401,10683,T06
2132,Bachelor of Veterinary Medicine,GE1401,VM2001,11078,C01
2132,Bachelor of Veterinary Medicine,GE1401,VM2001,11080,T01
2132,Bachelor of Veterinary Medicine,GE1401,VM2102,11412,L01
2132,Bachelor of Veterinary Medicine,GE1401,VM2102,11413,T01
2132,Bachelor of Veterinary Medicine,GE1401,VM2102,11414,C01
2133,Bachelor of Veterinary Medicine,GE1401,GE1401,10680,T03
2133,Bachelor of Veterinary Medicine,GE1401,VM2001,11078,C01
2133,Bachelor of Veterinary Medicine,GE1401,VM2001,11080,T01
2133,Bachelor of Veterinary Medicine,GE1401,VM2102,11412,L01
2133,Bachelor of Veterinary Medicine,GE1401,VM2102,11413,T01
2133,Bachelor of Veterinary Medicine,GE1401,VM2102,11414,C01
2134,Bachelor of Veterinary Medicine,GE1401,VM2001,11078,C01
2134,Bachelor of Veterinary Medicine,GE1401,VM2001,11080,T01
2134,Bachelor of Veterinary Medicine,GE1401,VM2102,11412,L01
2134,Bachelor of Veterinary Medicine,GE1401,VM2102,11413,T01
2134,Bachelor of Veterinary Medicine,GE1401,VM2102,11414,C01
2134,Bachelor of Veterinary Medicine,GE1401,GE1401,14271,TB8
2135,Bachelor of Veterinary Medicine,GE1401,VM2001,11078,C01
2135,Bachelor of Veterinary Medicine,GE1401,VM2001,11080,T01
2135,Bachelor of Veterinary Medicine,GE1401,VM2102,11412,L01
2135,Bachelor of Veterinary Medicine,GE1401,VM2102,11413,T01
2135,Bachelor of Veterinary Medicine,GE1401,VM2102,11414,C01
2135,Bachelor of Veterinary Medicine,GE1401,GE1401,12119,T18
2136,Bachelor of Veterinary Medicine,GE1401,VM2001,11078,C01
2136,Bachelor of Veterinary Medicine,GE1401,VM2001,11080,T01
2136,Bachelor of Veterinary Medicine,GE1401,VM2102,11412,L01
2136,Bachelor of Veterinary Medicine,GE1401,VM2102,11413,T01
2136,Bachelor of Veterinary Medicine,GE1401,VM2102,11414,C01
2136,Bachelor of Veterinary Medicine,GE1401,GE1401,13197,TA2
2137,Bachelor of Veterinary Medicine,GE1401,VM2001,11078,C01
2137,Bachelor of Veterinary Medicine,GE1401,VM2001,11080,T01
2137,Bachelor of Veterinary Medicine,GE1401,VM2102,11412,L01
2137,Bachelor of Veterinary Medicine,GE1401,VM2102,11413,T01
2137,Bachelor of Veterinary Medicine,GE1401,VM2102,11414,C01
2137,Bachelor of Veterinary Medicine,GE1401,GE1401,11499,T85
2138,Bachelor of Veterinary Medicine,GE1401,VM2001,11078,C01
2138,Bachelor of Veterinary Medicine,GE1401,VM2001,11080,T01
2138,Bachelor of Veterinary Medicine,GE1401,VM2102,11412,L01
2138,Bachelor of Veterinary Medicine,GE1401,VM2102,11413,T01
2138,Bachelor of Veterinary Medicine,GE1401,VM2102,11414,C01
2138,Bachelor of Veterinary Medicine,GE1401,GE1401,15602,T58
2139,Bachelor of Veterinary Medicine,GE1401,VM2001,11078,C01
2139,Bachelor of Veterinary Medicine,GE1401,VM2001,11080,T01
2139,Bachelor of Veterinary Medicine,GE1401,VM2102,11412,L01
2139,Bachelor of Veterinary Medicine,GE1401,VM2102,11413,T01
2139,Bachelor of Veterinary Medicine,GE1401,VM2102,11414,C01
2139,Bachelor of Veterinary Medicine,GE1401,GE1401,13571,T99
2140,Bachelor of Veterinary Medicine,GE1401,GE1401,10724,T57
2140,Bachelor of Veterinary Medicine,GE1401,VM2001,11078,C01
2140,Bachelor of Veterinary Medicine,GE1401,VM2001,11080,T01
2140,Bachelor of Veterinary Medicine,GE1401,VM2102,11412,L01
2140,Bachelor of Veterinary Medicine,GE1401,VM2102,11413,T01
2140,Bachelor of Veterinary Medicine,GE1401,VM2102,11414,C01
2141,Bachelor of Veterinary Medicine,GE1401,GE1401,10698,T22
2141,Bachelor of Veterinary Medicine,GE1401,VM2001,11078,C01
2141,Bachelor of Veterinary Medicine,GE1401,VM2001,11080,T01
2141,Bachelor of Veterinary Medicine,GE1401,VM2102,11412,L01
2141,Bachelor of Veterinary Medicine,GE1401,VM2102,11413,T01
2141,Bachelor of Veterinary Medicine,GE1401,VM2102,11414,C01
2142,Bachelor of Veterinary Medicine,GE1401,GE1401,10714,T43
2142,Bachelor of Veterinary Medicine,GE1401,VM2001,11078,C01
2142,Bachelor of Veterinary Medicine,GE1401,VM2001,11080,T01
2142,Bachelor of Veterinary Medicine,GE1401,VM2102,11412,L01
2142,Bachelor of Veterinary Medicine,GE1401,VM2102,11413,T01
2142,Bachelor of Veterinary Medicine,GE1401,VM2102,11414,C01
2143,Bachelor of Veterinary Medicine,GE1401,GE1401,10710,T37
2143,Bachelor of Veterinary Medicine,GE1401,VM2001,11078,C01
2143,Bachelor of Veterinary Medicine,GE1401,VM2001,11080,T01
2143,Bachelor of Veterinary Medicine,GE1401,VM2102,11412,L01
2143,Bachelor of Veterinary Medicine,GE1401,VM2102,11413,T01
2143,Bachelor of Veterinary Medicine,GE1401,VM2102,11414,C01
2144,Bachelor of Veterinary Medicine,LC0200A,LC0200A,10862,T02
2144,Bachelor of Veterinary Medicine,LC0200A,VM2001,11078,C01
2144,Bachelor of Veterinary Medicine,LC0200A,VM2001,11080,T01
2144,Bachelor of Veterinary Medicine,LC0200A,VM2102,11412,L01
2144,Bachelor of Veterinary Medicine,LC0200A,VM2102,11413,T01
2144,Bachelor of Veterinary Medicine,LC0200A,VM2102,11414,C01
2145,Bachelor of Veterinary Medicine,LC0200A,LC0200A,10890,T22
2145,Bachelor of Veterinary Medicine,LC0200A,VM2001,11078,C01
2145,Bachelor of Veterinary Medicine,LC0200A,VM2001,11080,T01
2145,Bachelor of Veterinary Medicine,LC0200A,VM2102,11412,L01
2145,Bachelor of Veterinary Medicine,LC0200A,VM2102,11413,T01
2145,Bachelor of Veterinary Medicine,LC0200A,VM2102,11414,C01
2146,Bachelor of Veterinary Medicine,LC0200A,LC0200A,10888,T20
2146,Bachelor of Veterinary Medicine,LC0200A,VM2001,11078,C01
2146,Bachelor of Veterinary Medicine,LC0200A,VM2001,11080,T01
2146,Bachelor of Veterinary Medicine,LC0200A,VM2102,11412,L01
2146,Bachelor of Veterinary Medicine,LC0200A,VM2102,11413,T01
2146,Bachelor of Veterinary Medicine,LC0200A,VM2102,11414,C01
2147,Bachelor of Veterinary Medicine,LC0200A,LC0200A,10865,T05
2147,Bachelor of Veterinary Medicine,LC0200A,VM2001,11078,C01
2147,Bachelor of Veterinary Medicine,LC0200A,VM2001,11080,T01
2147,Bachelor of Veterinary Medicine,LC0200A,VM2102,11412,L01
2147,Bachelor of Veterinary Medicine,LC0200A,VM2102,11413,T01
2147,Bachelor of Veterinary Medicine,LC0200A,VM2102,11414,C01
2148,Bachelor of Veterinary Medicine,LC0200A,LC0200A,10884,T15
2148,Bachelor of Veterinary Medicine,LC0200A,VM2001,11078,C01
2148,Bachelor of Veterinary Medicine,LC0200A,VM2001,11080,T01
2148,Bachelor of Veterinary Medicine,LC0200A,VM2102,11412,L01
2148,Bachelor of Veterinary Medicine,LC0200A,VM2102,11413,T01
2148,Bachelor of Veterinary Medicine,LC0200A,VM2102,11414,C01
2149,BA English,GE1401,EN2714,10513,T01
2149,BA English,GE1401,GE1401,11503,T89
2150,BA English,GE1401,EN2714,10513,T01
2150,BA English,GE1401,GE1401,12734,T71
2151,BA English,GE1401,EN2714,10513,T01
2151,BA English,GE1401,GE1401,13576,TB5
2152,BA English,GE1401,EN2714,10513,T01
2152,BA English,GE1401,GE1401,13568,T96
2153,BA English,GE1401,EN2714,10513,T01
2153,BA English,GE1401,GE1401,13570,T98
2154,BA English,GE1401,EN2714,10513,T01
2154,BA English,GE1401,GE1401,10690,T13
2155,BA English,GE1401,EN2714,10513,T01
2155,BA English,GE1401,GE1401,11494,T76
2156,BA English,GE1401,EN2714,10513,T01
2156,BA English,GE1401,GE1401,11504,T90
2157,BA English,GE1401,GE1401,10357,T01
2157,BA English,GE1401,EN2714,10513,T01
2158,BA English,GE1401,GE1401,10357,T01
2158,BA English,GE1401,EN2714,10513,T01
2159,BA English,GE1401,EN2714,10513,T01
2159,BA English,GE1401,GE1401,11504,T90
2160,BA English,GE1401,EN2714,10513,T01
2160,BA English,GE1401,GE1401,10693,T16
2161,BA English,GE1401,EN2714,10513,T01
2161,BA English,GE1401,GE1401,15207,TC7
2162,BA English,GE1401,EN2714,10513,T01
2162,BA English,GE1401,GE1401,12121,T33
2163,BA English,GE1401,EN2714,10513,T01
2163,BA English,GE1401,GE1401,10716,T47
2164,BA English,GE1401,EN2714,10513,T01
2164,BA English,GE1401,GE1401,13577,TB6
2165,BA English,GE1401,EN2714,10513,T01
2165,BA English,GE1401,GE1401,12734,T71
2166,BA English,GE1401,EN2714,10513,T01
2166,BA English,GE1401,GE1401,10724,T57
2167,BA English,GE1401,EN2714,10513,T01
2167,BA English,GE1401,GE1401,11491,T69
2168,BA English,GE1401,EN2714,10513,T01
2168,BA English,GE1401,GE1401,15601,T28
2169,BA English,GE1401,EN2714,10513,T01
2169,BA English,GE1401,GE1401,14270,TB7
2170,BA English,GE1401,EN2714,10513,T01
2170,BA English,GE1401,GE1401,11500,T86
2171,BA English,GE1401,EN2714,10513,T01
2171,BA English,GE1401,GE1401,12735,T74
2172,BA English,GE1401,EN2714,10513,T01
2172,BA English,GE1401,GE1401,10687,T10
2173,BA English,GE1401,EN2714,10513,T01
2173,BA English,GE1401,GE1401,11493,T75
2174,BA English,LC0200A,EN2714,10513,T01
2174,BA English,LC0200A,LC0200A,10864,T04
2175,BA English,LC0200A,EN2714,10513,T01
2175,BA English,LC0200A,LC0200A,14950,T18
2176,BA English,LC0200A,EN2714,10513,T01
2176,BA English,LC0200A,LC0200A,10878,T09
2177,BA English,LC0200A,EN2714,10513,T01
2177,BA English,LC0200A,LC0200A,11030,T31
2178,BA English,LC0200A,EN2714,10513,T01
2178,BA English,LC0200A,LC0200A,10877,T08
2179,BA English,LC0200A,EN2714,10513,T01
2179,BA English,LC0200A,LC0200A,11030,T31
2180,BA English,LC0200A,EN2714,10513,T01
2180,BA English,LC0200A,LC0200A,10889,T21
2181,BA English,LC0200A,EN2714,10513,T01
2181,BA English,LC0200A,LC0200A,10896,T28
2182,BA English,LC0200A,EN2714,10513,T01
2182,BA English,LC0200A,LC0200A,11976,T37
2183,BA English,LC0200A,EN2714,10513,T01
2183,BA English,LC0200A,LC0200A,10891,T23
2184,BA Chinese and History,GE1401,GE1401,10727,T60
2184,BA Chinese and History,GE1401,CAH2610,10993,C01
2184,BA Chinese and History,GE1401,CAH2614,11920,CA1
2185,BA Chinese and History,GE1401,CAH2610,11008,C02
2185,BA Chinese and History,GE1401,GE1401,11504,T90
2185,BA Chinese and History,GE1401,CAH2614,12503,CB1
2186,BA Chinese and History,GE1401,CAH2610,10993,C01
2186,BA Chinese and History,GE1401,CAH2614,11920,CA1
2186,BA Chinese and History,GE1401,GE1401,13574,TB3
2187,BA Chinese and History,GE1401,CAH2610,10993,C01
2187,BA Chinese and History,GE1401,CAH2614,11920,CA1
2187,BA Chinese and History,GE1401,GE1401,12122,T35
2188,BA Chinese and History,GE1401,GE1401,10686,T09
2188,BA Chinese and History,GE1401,CAH2610,11008,C02
2188,BA Chinese and History,GE1401,CAH2614,11920,CA1
2189,BA Chinese and History,GE1401,GE1401,10682,T05
2189,BA Chinese and History,GE1401,CAH2610,11008,C02
2189,BA Chinese and History,GE1401,CAH2614,11920,CA1
2190,BA Chinese and History,GE1401,GE1401,10721,T54
2190,BA Chinese and History,GE1401,CAH2610,11008,C02
2190,BA Chinese and History,GE1401,CAH2614,11920,CA1
2191,BA Chinese and History,GE1401,CAH2610,11008,C02
2191,BA Chinese and History,GE1401,CAH2614,11920,CA1
2191,BA Chinese and History,GE1401,GE1401,15205,TC5
2192,BA Chinese and History,GE1401,GE1401,10722,T55
2192,BA Chinese and History,GE1401,CAH2610,11008,C02
2192,BA Chinese and History,GE1401,CAH2614,12503,CB1
2193,BA Chinese and History,GE1401,GE1401,10681,T04
2193,BA Chinese and History,GE1401,CAH2610,10993,C01
2193,BA Chinese and History,GE1401,CAH2614,12503,CB1
2194,BA Chinese and History,GE1401,GE1401,10682,T05
2194,BA Chinese and History,GE1401,CAH2610,11008,C02
2194,BA Chinese and History,GE1401,CAH2614,11920,CA1
2195,BA Chinese and History,GE1401,CAH2610,10993,C01
2195,BA Chinese and History,GE1401,GE1401,11493,T75
2195,BA Chinese and History,GE1401,CAH2614,11920,CA1
2196,BA Chinese and History,GE1401,CAH2610,11008,C02
2196,BA Chinese and History,GE1401,CAH2614,12503,CB1
2196,BA Chinese and History,GE1401,GE1401,12735,T74
2197,BA Chinese and History,GE1401,CAH2610,11008,C02
2197,BA Chinese and History,GE1401,CAH2614,11920,CA1
2197,BA Chinese and History,GE1401,GE1401,14270,TB7
2198,BA Chinese and History,GE1401,GE1401,10693,T16
2198,BA Chinese and History,GE1401,CAH2610,11008,C02
2198,BA Chinese and History,GE1401,CAH2614,11920,CA1
2199,BA Chinese and History,GE1401,GE1401,10726,T59
2199,BA Chinese and History,GE1401,CAH2610,10993,C01
2199,BA Chinese and History,GE1401,CAH2614,11920,CA1
2200,BA Chinese and History,GE1401,GE1401,10690,T13
2200,BA Chinese and History,GE1401,CAH2610,11008,C02
2200,BA Chinese and History,GE1401,CAH2614,12503,CB1
2201,BA Chinese and History,GE1401,CAH2610,11008,C02
2201,BA Chinese and History,GE1401,CAH2614,11920,CA1
2201,BA Chinese and History,GE1401,GE1401,12125,T65
2202,BA Chinese and History,GE1401,CAH2610,10993,C01
2202,BA Chinese and History,GE1401,CAH2614,11920,CA1
2202,BA Chinese and History,GE1401,GE1401,13561,T95
2203,BA Chinese and History,GE1401,CAH2610,10993,C01
2203,BA Chinese and History,GE1401,CAH2614,11920,CA1
2203,BA Chinese and History,GE1401,GE1401,15183,TC4
2204,BA Chinese and History,GE1401,CAH2610,10993,C01
2204,BA Chinese and History,GE1401,CAH2614,11920,CA1
2204,BA Chinese and History,GE1401,GE1401,13577,TB6
2205,BA Chinese and History,GE1401,CAH2610,10993,C01
2205,BA Chinese and History,GE1401,GE1401,11503,T89
2205,BA Chinese and History,GE1401,CAH2614,11920,CA1
2206,BA Chinese and History,GE1401,CAH2610,10993,C01
2206,BA Chinese and History,GE1401,CAH2614,11920,CA1
2206,BA Chinese and History,GE1401,GE1401,12119,T18
2207,BA Chinese and History,GE1401,GE1401,10730,T64
2207,BA Chinese and History,GE1401,CAH2610,10993,C01
2207,BA Chinese and History,GE1401,CAH2614,11920,CA1
2208,BA Chinese and History,GE1401,CAH2610,11008,C02
2208,BA Chinese and History,GE1401,CAH2614,11920,CA1
2208,BA Chinese and History,GE1401,GE1401,13577,TB6
2209,BA Chinese and History,GE1401,GE1401,10697,T21
2209,BA Chinese and History,GE1401,CAH2610,10993,C01
2209,BA Chinese and History,GE1401,CAH2614,11920,CA1
2210,BA Chinese and History,GE1401,GE1401,10694,T17
2210,BA Chinese and History,GE1401,CAH2610,11008,C02
2210,BA Chinese and History,GE1401,CAH2614,11920,CA1
2211,BA Chinese and History,GE1401,CAH2610,10993,C01
2211,BA Chinese and History,GE1401,CAH2614,12503,CB1
2211,BA Chinese and History,GE1401,GE1401,15207,TC7
2212,BA Chinese and History,GE1401,GE1401,10719,T52
2212,BA Chinese and History,GE1401,CAH2610,11008,C02
2212,BA Chinese and History,GE1401,CAH2614,11920,CA1
2213,BA Chinese and History,GE1401,GE1401,10730,T64
2213,BA Chinese and History,GE1401,CAH2610,10993,C01
2213,BA Chinese and History,GE1401,CAH2614,11920,CA1
2214,BA Chinese and History,GE1401,CAH2610,10993,C01
2214,BA Chinese and History,GE1401,CAH2614,12503,CB1
2214,BA Chinese and History,GE1401,GE1401,15206,TC6
2215,BA Chinese and History,GE1401,CAH2610,10993,C01
2215,BA Chinese and History,GE1401,CAH2614,11920,CA1
2215,BA Chinese and History,GE1401,GE1401,15183,TC4
2216,BA Chinese and History,GE1401,CAH2610,11008,C02
2216,BA Chinese and History,GE1401,CAH2614,11920,CA1
2216,BA Chinese and History,GE1401,GE1401,15601,T28
2217,BA Chinese and History,LC0200A,LC0200A,10865,T05
2217,BA Chinese and History,LC0200A,CAH2610,11008,C02
2217,BA Chinese and History,LC0200A,CAH2614,11920,CA1
2218,BA Chinese and History,LC0200A,LC0200A,10894,T26
2218,BA Chinese and History,LC0200A,CAH2610,11008,C02
2218,BA Chinese and History,LC0200A,CAH2614,11920,CA1
2219,BA Chinese and History,LC0200A,LC0200A,10879,T10
2219,BA Chinese and History,LC0200A,CAH2610,10993,C01
2219,BA Chinese and History,LC0200A,CAH2614,12503,CB1
2220,BA Chinese and History,LC0200A,LC0200A,10890,T22
2220,BA Chinese and History,LC0200A,CAH2610,10993,C01
2220,BA Chinese and History,LC0200A,CAH2614,11920,CA1
2221,BA Chinese and History,LC0200A,LC0200A,10890,T22
2221,BA Chinese and History,LC0200A,CAH2610,11008,C02
2221,BA Chinese and History,LC0200A,CAH2614,12503,CB1
2222,BA Chinese and History,LC0200A,LC0200A,10893,T25
2222,BA Chinese and History,LC0200A,CAH2610,11008,C02
2222,BA Chinese and History,LC0200A,CAH2614,12503,CB1
2223,BA Chinese and History,LC0200A,CAH2610,10993,C01
2223,BA Chinese and History,LC0200A,CAH2614,11920,CA1
2223,BA Chinese and History,LC0200A,LC0200A,11976,T37
2224,BA Chinese and History,LC0200A,CAH2610,10993,C01
2224,BA Chinese and History,LC0200A,LC0200A,11449,T34
2224,BA Chinese and History,LC0200A,CAH2614,12503,CB1
2225,BA Chinese and History,LC0200A,LC0200A,10876,T07
2225,BA Chinese and History,LC0200A,CAH2610,11008,C02
2225,BA Chinese and History,LC0200A,CAH2614,11920,CA1
2226,BA Chinese and History,LC0200A,LC0200A,10876,T07
2226,BA Chinese and History,LC0200A,CAH2610,10993,C01
2226,BA Chinese and History,LC0200A,CAH2614,11920,CA1
2227,BA Chinese and History,LC0200A,LC0200A,10875,T06
2227,BA Chinese and History,LC0200A,CAH2610,10993,C01
2227,BA Chinese and History,LC0200A,CAH2614,12503,CB1
2228,BA Chinese and History,LC0200A,LC0200A,10878,T09
2228,BA Chinese and History,LC0200A,CAH2610,10993,C01
2228,BA Chinese and History,LC0200A,CAH2614,11920,CA1
2229,BA Chinese and History,LC0200A,CAH2610,10993,C01
2229,BA Chinese and History,LC0200A,CAH2614,11920,CA1
2229,BA Chinese and History,LC0200A,LC0200A,12333,T40
2230,BA Chinese and History,LC0200A,LC0200A,10883,T14
2230,BA Chinese and History,LC0200A,CAH2610,10993,C01
2230,BA Chinese and History,LC0200A,CAH2614,11920,CA1
2231,BA Chinese and History,LC0200A,LC0200A,10863,T03
2231,BA Chinese and History,LC0200A,CAH2610,10993,C01
2231,BA Chinese and History,LC0200A,CAH2614,11920,CA1
2232,BA Linguistics and Language Applications,GE1401,GE1501,10257,CA1
2232,BA Linguistics and Language Applications,GE1401,GE1401,10730,T64
2232,BA Linguistics and Language Applications,GE1401,LT1101,10838,CA1
2233,BA Linguistics and Language Applications,GE1401,GE1401,10723,T56
2233,BA Linguistics and Language Applications,GE1401,LT1101,11475,CC1
2233,BA Linguistics and Language Applications,GE1401,GE1501,12619,C14
2234,BA Linguistics and Language Applications,GE1401,GE1501,10256,C08
2234,BA Linguistics and Language Applications,GE1401,GE1401,10715,T45
2234,BA Linguistics and Language Applications,GE1401,LT1101,15755,CF1
2235,BA Linguistics and Language Applications,GE1401,GE1401,10714,T43
2235,BA Linguistics and Language Applications,GE1401,GE1501,11157,CB1
2235,BA Linguistics and Language Applications,GE1401,LT1101,15755,CF1
2236,BA Linguistics and Language Applications,GE1401,GE1401,10684,T07
2236,BA Linguistics and Language Applications,GE1401,GE1501,12513,C10
2236,BA Linguistics and Language Applications,GE1401,LT1101,15755,CF1
2237,BA Linguistics and Language Applications,GE1401,LT1101,10838,CA1
2237,BA Linguistics and Language Applications,GE1401,GE1501,12616,C11
2237,BA Linguistics and Language Applications,GE1401,GE1401,12814,T91
2238,BA Linguistics and Language Applications,GE1401,LT1101,10838,CA1
2238,BA Linguistics and Language Applications,GE1401,GE1501,11157,CB1
2238,BA Linguistics and Language Applications,GE1401,GE1401,13577,TB6
2239,BA Linguistics and Language Applications,GE1401,GE1401,10685,T08
2239,BA Linguistics and Language Applications,GE1401,LT1101,10838,CA1
2239,BA Linguistics and Language Applications,GE1401,GE1501,11157,CB1
2240,BA Linguistics and Language Applications,GE1401,GE1501,10257,CA1
2240,BA Linguistics and Language Applications,GE1401,GE1401,10679,T02
2240,BA Linguistics and Language Applications,GE1401,LT1101,11475,CC1
2241,BA Linguistics and Language Applications,GE1401,GE1501,10255,C07
2241,BA Linguistics and Language Applications,GE1401,GE1401,13570,T98
2241,BA Linguistics and Language Applications,GE1401,LT1101,15755,CF1
2242,BA Linguistics and Language Applications,GE1401,GE1501,10257,CA1
2242,BA Linguistics and Language Applications,GE1401,GE1401,10357,T01
2242,BA Linguistics and Language Applications,GE1401,LT1101,10838,CA1
2243,BA Linguistics and Language Applications,GE1401,GE1401,10704,T29
2243,BA Linguistics and Language Applications,GE1401,LT1101,10838,CA1
2243,BA Linguistics and Language Applications,GE1401,GE1501,12618,C13
2244,BA Linguistics and Language Applications,GE1401,GE1501,10254,C06
2244,BA Linguistics and Language Applications,GE1401,GE1401,10701,T25
2244,BA Linguistics and Language Applications,GE1401,LT1101,15755,CF1
2245,BA Linguistics and Language Applications,GE1401,GE1501,10604,C09
2245,BA Linguistics and Language Applications,GE1401,GE1401,10689,T12
2245,BA Linguistics and Language Applications,GE1401,LT1101,10838,CA1
2246,BA Linguistics and Language Applications,GE1401,LT1101,11475,CC1
2246,BA Linguistics and Language Applications,GE1401,GE1401,11507,T80
2246,BA Linguistics and Language Applications,GE1401,GE1501,12621,CB2
2247,BA Linguistics and Language Applications,GE1401,GE1501,10249,C02
2247,BA Linguistics and Language Applications,GE1401,GE1401,10701,T25
2247,BA Linguistics and Language Applications,GE1401,LT1101,10838,CA1
2248,BA Linguistics and Language Applications,GE1401,GE1501,10256,C08
2248,BA Linguistics and Language Applications,GE1401,GE1401,10710,T37
2248,BA Linguistics and Language Applications,GE1401,LT1101,10838,CA1
2249,BA Linguistics and Language Applications,GE1401,GE1501,10254,C06
2249,BA Linguistics and Language Applications,GE1401,GE1401,10693,T16
2249,BA Linguistics and Language Applications,GE1401,LT1101,15755,CF1
2250,BA Linguistics and Language Applications,GE1401,GE1401,10728,T61
2250,BA Linguistics and Language Applications,GE1401,LT1101,10838,CA1
2250,BA Linguistics and Language Applications,GE1401,GE1501,11157,CB1
2251,BA Linguistics and Language Applications,GE1401,GE1401,10682,T05
2251,BA Linguistics and Language Applications,GE1401,LT1101,10838,CA1
2251,BA Linguistics and Language Applications,GE1401,GE1501,12616,C11
2252,BA Linguistics and Language Applications,GE1401,GE1501,10254,C06
2252,BA Linguistics and Language Applications,GE1401,LT1101,10838,CA1
2252,BA Linguistics and Language Applications,GE1401,GE1401,12733,T62
2253,BA Linguistics and Language Applications,GE1401,GE1501,10250,C03
2253,BA Linguistics and Language Applications,GE1401,GE1401,15181,TC2
2253,BA Linguistics and Language Applications,GE1401,LT1101,15755,CF1
2254,BA Linguistics and Language Applications,GE1401,GE1501,10252,C04
2254,BA Linguistics and Language Applications,GE1401,LT1101,11475,CC1
2254,BA Linguistics and Language Applications,GE1401,GE1401,15207,TC7
2255,BA Linguistics and Language Applications,GE1401,GE1501,10250,C03
2255,BA Linguistics and Language Applications,GE1401,GE1401,10696,T20
2255,BA Linguistics and Language Applications,GE1401,LT1101,10838,CA1
2256,BA Linguistics and Language Applications,GE1401,GE1501,10604,C09
2256,BA Linguistics and Language Applications,GE1401,LT1101,10838,CA1
2256,BA Linguistics and Language Applications,GE1401,GE1401,15206,TC6
2257,BA Linguistics and Language Applications,GE1401,GE1501,10604,C09
2257,BA Linguistics and Language Applications,GE1401,GE1401,10715,T45
2257,BA Linguistics and Language Applications,GE1401,LT1101,10838,CA1
2258,BA Linguistics and Language Applications,LC0200A,LC0200A,10897,T29
2258,BA Linguistics and Language Applications,LC0200A,LT1101,11475,CC1
2258,BA Linguistics and Language Applications,LC0200A,GE1501,12513,C10
2259,BA Linguistics and Language Applications,LC0200A,LC0200A,10877,T08
2259,BA Linguistics and Language Applications,LC0200A,LT1101,11475,CC1
2259,BA Linguistics and Language Applications,LC0200A,GE1501,12620,C15
2260,BA Linguistics and Language Applications,LC0200A,LC0200A,10875,T06
2260,BA Linguistics and Language Applications,LC0200A,GE1501,11157,CB1
2260,BA Linguistics and Language Applications,LC0200A,LT1101,11475,CC1
2261,BA Linguistics and Language Applications,LC0200A,LT1101,10838,CA1
2261,BA Linguistics and Language Applications,LC0200A,GE1501,11157,CB1
2261,BA Linguistics and Language Applications,LC0200A,LC0200A,12333,T40
2262,BA Linguistics and Language Applications,LC0200A,LC0200A,10896,T28
2262,BA Linguistics and Language Applications,LC0200A,GE1501,12621,CB2
2262,BA Linguistics and Language Applications,LC0200A,LT1101,15755,CF1
2263,BA Linguistics and Language Applications,LC0200A,GE1501,10604,C09
2263,BA Linguistics and Language Applications,LC0200A,LT1101,10838,CA1
2263,BA Linguistics and Language Applications,LC0200A,LC0200A,11029,T30
2264,BA Linguistics and Language Applications,LC0200A,LT1101,10838,CA1
2264,BA Linguistics and Language Applications,LC0200A,LC0200A,10888,T20
2264,BA Linguistics and Language Applications,LC0200A,GE1501,12513,C10
2265,BA Linguistics and Language Applications,LC0200A,GE1501,10257,CA1
2265,BA Linguistics and Language Applications,LC0200A,LC0200A,12320,T38
2265,BA Linguistics and Language Applications,LC0200A,LT1101,15755,CF1
2266,BA Linguistics and Language Applications,LC0200A,LC0200A,10876,T07
2266,BA Linguistics and Language Applications,LC0200A,LT1101,11475,CC1
2266,BA Linguistics and Language Applications,LC0200A,GE1501,12513,C10
2267,BA Linguistics and Language Applications,LC0200A,LT1101,11475,CC1
2267,BA Linguistics and Language Applications,LC0200A,LC0200A,12320,T38
2267,BA Linguistics and Language Applications,LC0200A,GE1501,12619,C14
2268,BA Linguistics and Language Applications,LC0200A,LC0200A,10897,T29
2268,BA Linguistics and Language Applications,LC0200A,LT1101,11475,CC1
2268,BA Linguistics and Language Applications,LC0200A,GE1501,12620,C15
2269,BA Linguistics and Language Applications,LC0200A,LC0200A,10891,T23
2269,BA Linguistics and Language Applications,LC0200A,GE1501,12618,C13
2269,BA Linguistics and Language Applications,LC0200A,LT1101,15755,CF1
2270,BA Media and Communication,GE1401,GE1401,10704,T29
2270,BA Media and Communication,GE1401,COM2105,11637,CD1
2271,BA Media and Communication,GE1401,COM2105,11637,CD1
2271,BA Media and Communication,GE1401,GE1401,12397,T51
2272,BA Media and Communication,GE1401,GE1401,10690,T13
2272,BA Media and Communication,GE1401,COM2105,11637,CD1
2273,BA Media and Communication,GE1401,COM2105,11637,CD1
2273,BA Media and Communication,GE1401,GE1401,13577,TB6
2274,BA Media and Communication,GE1401,GE1401,10707,T32
2274,BA Media and Communication,GE1401,COM2105,11637,CD1
2275,BA Media and Communication,GE1401,GE1401,10723,T56
2275,BA Media and Communication,GE1401,COM2105,12444,C01
2276,BA Media and Communication,GE1401,GE1401,10731,T66
2276,BA Media and Communication,GE1401,COM2105,11637,CD1
2277,BA Media and Communication,GE1401,COM2105,11637,CD1
2277,BA Media and Communication,GE1401,GE1401,13572,TB1
2278,BA Media and Communication,GE1401,GE1401,10720,T53
2278,BA Media and Communication,GE1401,COM2105,11637,CD1
2279,BA Media and Communication,GE1401,COM2105,11637,CD1
2279,BA Media and Communication,GE1401,GE1401,12127,T84
2280,BA Media and Communication,GE1401,COM2105,11637,CD1
2280,BA Media and Communication,GE1401,GE1401,15207,TC7
2281,BA Media and Communication,GE1401,COM2105,11637,CD1
2281,BA Media and Communication,GE1401,GE1401,13263,T92
2282,BA Media and Communication,GE1401,COM2105,11637,CD1
2282,BA Media and Communication,GE1401,GE1401,12398,T70
2283,BA Media and Communication,GE1401,GE1401,10728,T61
2283,BA Media and Communication,GE1401,COM2105,11637,CD1
2284,BA Media and Communication,GE1401,COM2105,11637,CD1
2284,BA Media and Communication,GE1401,GE1401,12814,T91
2285,BA Media and Communication,GE1401,GE1401,10682,T05
2285,BA Media and Communication,GE1401,COM2105,11637,CD1
2286,BA Media and Communication,GE1401,GE1401,11507,T80
2286,BA Media and Communication,GE1401,COM2105,11637,CD1
2287,BA Media and Communication,GE1401,COM2105,11637,CD1
2287,BA Media and Communication,GE1401,GE1401,12397,T51
2288,BA Media and Communication,GE1401,GE1401,10682,T05
2288,BA Media and Communication,GE1401,COM2105,11637,CD1
2289,BA Media and Communication,GE1401,GE1401,10724,T57
2289,BA Media and Communication,GE1401,COM2105,11637,CD1
2290,BA Media and Communication,GE1401,COM2105,11637,CD1
2290,BA Media and Communication,GE1401,GE1401,12121,T33
2291,BA Media and Communication,GE1401,COM2105,11637,CD1
2291,BA Media and Communication,GE1401,GE1401,13574,TB3
2292,BA Media and Communication,GE1401,GE1401,10357,T01
2292,BA Media and Communication,GE1401,COM2105,11637,CD1
2293,BA Media and Communication,GE1401,COM2105,11637,CD1
2293,BA Media and Communication,GE1401,GE1401,15205,TC5
2294,BA Media and Communication,GE1401,GE1401,10705,T30
2294,BA Media and Communication,GE1401,COM2105,11637,CD1
2295,BA Media and Communication,GE1401,GE1401,10687,T10
2295,BA Media and Communication,GE1401,COM2105,11637,CD1
2296,BA Media and Communication,GE1401,COM2105,11637,CD1
2296,BA Media and Communication,GE1401,GE1401,15183,TC4
2297,BA Media and Communication,GE1401,COM2105,11637,CD1
2297,BA Media and Communication,GE1401,GE1401,13571,T99
2298,BA Media and Communication,GE1401,COM2105,11637,CD1
2298,BA Media and Communication,GE1401,GE1401,15602,T58
2299,BA Media and Communication,GE1401,GE1401,10721,T54
2299,BA Media and Communication,GE1401,COM2105,11637,CD1
2300,BA Media and Communication,GE1401,GE1401,11495,T77
2300,BA Media and Communication,GE1401,COM2105,11637,CD1
2301,BA Media and Communication,GE1401,GE1401,10714,T43
2301,BA Media and Communication,GE1401,COM2105,11637,CD1
2302,BA Media and Communication,GE1401,GE1401,11491,T69
2302,BA Media and Communication,GE1401,COM2105,11637,CD1
2303,BA Media and Communication,GE1401,COM2105,11637,CD1
2303,BA Media and Communication,GE1401,GE1401,12814,T91
2304,BA Media and Communication,GE1401,GE1401,10698,T22
2304,BA Media and Communication,GE1401,COM2105,11637,CD1
2305,BA Media and Communication,GE1401,GE1401,11451,T68
2305,BA Media and Communication,GE1401,COM2105,11637,CD1
2306,BA Media and Communication,GE1401,COM2105,11637,CD1
2306,BA Media and Communication,GE1401,GE1401,13577,TB6
2307,BA Media and Communication,GE1401,GE1401,10701,T25
2307,BA Media and Communication,GE1401,COM2105,11637,CD1
2308,BA Media and Communication,GE1401,COM2105,10122,CA1
2308,BA Media and Communication,GE1401,GE1401,12734,T71
2309,BA Media and Communication,GE1401,GE1401,10679,T02
2309,BA Media and Communication,GE1401,COM2105,11637,CD1
2310,BA Media and Communication,GE1401,GE1401,11491,T69
2310,BA Media and Communication,GE1401,COM2105,11637,CD1
2311,BA Media and Communication,GE1401,COM2105,11637,CD1
2311,BA Media and Communication,GE1401,GE1401,13571,T99
2312,BA Media and Communication,GE1401,GE1401,10731,T66
2312,BA Media and Communication,GE1401,COM2105,11637,CD1
2313,BA Media and Communication,GE1401,COM2105,11637,CD1
2313,BA Media and Communication,GE1401,GE1401,12399,T72
2314,BA Media and Communication,GE1401,COM2105,10805,CB1
2314,BA Media and Communication,GE1401,GE1401,11503,T89
2315,BA Media and Communication,GE1401,COM2105,11637,CD1
2315,BA Media and Communication,GE1401,GE1401,14271,TB8
2316,BA Media and Communication,LC0200A,LC0200A,10889,T21
2316,BA Media and Communication,LC0200A,COM2105,11637,CD1
2317,BA Media and Communication,LC0200A,LC0200A,10877,T08
2317,BA Media and Communication,LC0200A,COM2105,11637,CD1
2318,BA Media and Communication,LC0200A,LC0200A,10887,T19
2318,BA Media and Communication,LC0200A,COM2105,11637,CD1
2319,BA Media and Communication,LC0200A,LC0200A,10895,T27
2319,BA Media and Communication,LC0200A,COM2105,11637,CD1
2320,BA Media and Communication,LC0200A,LC0200A,10880,T11
2320,BA Media and Communication,LC0200A,COM2105,11637,CD1
2321,BA Media and Communication,LC0200A,LC0200A,10875,T06
2321,BA Media and Communication,LC0200A,COM2105,11637,CD1
2322,BA Media and Communication,LC0200A,LC0200A,10895,T27
2322,BA Media and Communication,LC0200A,COM2105,11637,CD1
2323,BA Media and Communication,LC0200A,LC0200A,10888,T20
2323,BA Media and Communication,LC0200A,COM2105,11637,CD1
2324,BA Media and Communication,LC0200A,LC0200A,11030,T31
2324,BA Media and Communication,LC0200A,COM2105,11637,CD1
2325,BA Media and Communication,LC0200A,LC0200A,10882,T13
2325,BA Media and Communication,LC0200A,COM2105,11637,CD1
2326,BA Media and Communication,LC0200A,LC0200A,11030,T31
2326,BA Media and Communication,LC0200A,COM2105,11637,CD1
2327,BA Media and Communication,LC0200A,LC0200A,10896,T28
2327,BA Media and Communication,LC0200A,COM2105,11637,CD1
2328,BA Media and Communication,LC0200A,COM2105,11637,CD1
2328,BA Media and Communication,LC0200A,LC0200A,11976,T37
2329,BA Media and Communication,LC0200A,LC0200A,11029,T30
2329,BA Media and Communication,LC0200A,COM2105,11637,CD1
2330,BA Media and Communication,LC0200A,LC0200A,11170,T32
2330,BA Media and Communication,LC0200A,COM2105,11637,CD1
2331,BA Media and Communication,LC0200A,LC0200A,10883,T14
2331,BA Media and Communication,LC0200A,COM2105,11637,CD1
2332,BA Media and Communication,LC0200A,LC0200A,10891,T23
2332,BA Media and Communication,LC0200A,COM2105,11637,CD1
2333,BA Media and Communication,LC0200A,LC0200A,10895,T27
2333,BA Media and Communication,LC0200A,COM2105,11637,CD1
2334,BA Media and Communication,LC0200A,LC0200A,10841,T01
2334,BA Media and Communication,LC0200A,COM2105,11637,CD1
2335,BA Media and Communication,LC0200A,LC0200A,10895,T27
2335,BA Media and Communication,LC0200A,COM2105,11637,CD1
2336,BA Digital Television and Broadcasting,GE1401,GE1401,11507,T80
2336,BA Digital Television and Broadcasting,GE1401,COM2105,11637,CD1
2337,BA Digital Television and Broadcasting,GE1401,COM2105,11637,CD1
2337,BA Digital Television and Broadcasting,GE1401,GE1401,15183,TC4
2338,BA Digital Television and Broadcasting,GE1401,COM2105,11637,CD1
2338,BA Digital Television and Broadcasting,GE1401,GE1401,13561,T95
2339,BA Digital Television and Broadcasting,GE1401,GE1401,11505,T93
2339,BA Digital Television and Broadcasting,GE1401,COM2105,11637,CD1
2340,BA Digital Television and Broadcasting,GE1401,GE1401,10724,T57
2340,BA Digital Television and Broadcasting,GE1401,COM2105,11637,CD1
2341,BA Digital Television and Broadcasting,GE1401,COM2105,11637,CD1
2341,BA Digital Television and Broadcasting,GE1401,GE1401,13576,TB5
2342,BA Digital Television and Broadcasting,GE1401,COM2105,11637,CD1
2342,BA Digital Television and Broadcasting,GE1401,GE1401,14271,TB8
2343,BA Digital Television and Broadcasting,GE1401,GE1401,10707,T32
2343,BA Digital Television and Broadcasting,GE1401,COM2105,11637,CD1
2344,BA Digital Television and Broadcasting,GE1401,COM2105,12444,C01
2344,BA Digital Television and Broadcasting,GE1401,GE1401,14270,TB7
2345,BA Digital Television and Broadcasting,GE1401,GE1401,11505,T93
2345,BA Digital Television and Broadcasting,GE1401,COM2105,11637,CD1
2346,BA Digital Television and Broadcasting,GE1401,GE1401,10731,T66
2346,BA Digital Television and Broadcasting,GE1401,COM2105,11637,CD1
2347,BA Digital Television and Broadcasting,GE1401,COM2105,10805,CB1
2347,BA Digital Television and Broadcasting,GE1401,GE1401,12124,T49
2348,BA Digital Television and Broadcasting,GE1401,COM2105,11637,CD1
2348,BA Digital Television and Broadcasting,GE1401,GE1401,15183,TC4
2349,BA Digital Television and Broadcasting,GE1401,COM2105,11637,CD1
2349,BA Digital Television and Broadcasting,GE1401,GE1401,12399,T72
2350,BA Digital Television and Broadcasting,GE1401,GE1401,10682,T05
2350,BA Digital Television and Broadcasting,GE1401,COM2105,11637,CD1
2351,BA Digital Television and Broadcasting,GE1401,COM2105,11637,CD1
2351,BA Digital Television and Broadcasting,GE1401,GE1401,15183,TC4
2352,BA Digital Television and Broadcasting,GE1401,COM2105,11637,CD1
2352,BA Digital Television and Broadcasting,GE1401,GE1401,13263,T92
2353,BA Digital Television and Broadcasting,GE1401,COM2105,10122,CA1
2353,BA Digital Television and Broadcasting,GE1401,GE1401,13574,TB3
2354,BA Digital Television and Broadcasting,GE1401,COM2105,11637,CD1
2354,BA Digital Television and Broadcasting,GE1401,GE1401,15206,TC6
2355,BA Digital Television and Broadcasting,LC0200A,LC0200A,10893,T25
2355,BA Digital Television and Broadcasting,LC0200A,COM2105,11637,CD1
2356,BA Digital Television and Broadcasting,LC0200A,LC0200A,10883,T14
2356,BA Digital Television and Broadcasting,LC0200A,COM2105,11637,CD1
2357,BA Digital Television and Broadcasting,LC0200A,LC0200A,10841,T01
2357,BA Digital Television and Broadcasting,LC0200A,COM2105,11637,CD1
2358,BA Digital Television and Broadcasting,LC0200A,LC0200A,10879,T10
2358,BA Digital Television and Broadcasting,LC0200A,COM2105,11637,CD1
2359,BA Digital Television and Broadcasting,LC0200A,LC0200A,10891,T23
2359,BA Digital Television and Broadcasting,LC0200A,COM2105,11637,CD1
2360,BA Digital Television and Broadcasting,LC0200A,LC0200A,10883,T14
2360,BA Digital Television and Broadcasting,LC0200A,COM2105,11637,CD1
2361,BA Digital Television and Broadcasting,LC0200A,LC0200A,10864,T04
2361,BA Digital Television and Broadcasting,LC0200A,COM2105,11637,CD1
2362,BA Digital Television and Broadcasting,LC0200A,LC0200A,10862,T02
2362,BA Digital Television and Broadcasting,LC0200A,COM2105,11637,CD1
2363,BSocSc International Relations and Global Affairs,GE1401,PIA2050,12612,CA1
2363,BSocSc International Relations and Global Affairs,GE1401,GE1401,12734,T71
2364,BSocSc International Relations and Global Affairs,GE1401,PIA2050,12614,CB1
2364,BSocSc International Relations and Global Affairs,GE1401,GE1401,15602,T58
2365,BSocSc International Relations and Global Affairs,GE1401,GE1401,11070,TA1
2365,BSocSc International Relations and Global Affairs,GE1401,PIA2050,12614,CB1
2366,BSocSc International Relations and Global Affairs,GE1401,GE1401,10718,T50
2366,BSocSc International Relations and Global Affairs,GE1401,PIA2050,12614,CB1
2367,BSocSc International Relations and Global Affairs,GE1401,GE1401,12396,T46
2367,BSocSc International Relations and Global Affairs,GE1401,PIA2050,12745,CC1
2368,BSocSc International Relations and Global Affairs,GE1401,GE1401,10693,T16
2368,BSocSc International Relations and Global Affairs,GE1401,PIA2050,12614,CB1
2369,BSocSc International Relations and Global Affairs,GE1401,GE1401,12398,T70
2369,BSocSc International Relations and Global Affairs,GE1401,PIA2050,12614,CB1
2370,BSocSc International Relations and Global Affairs,GE1401,GE1401,10726,T59
2370,BSocSc International Relations and Global Affairs,GE1401,PIA2050,12745,CC1
2371,BSocSc International Relations and Global Affairs,GE1401,PIA2050,12612,CA1
2371,BSocSc International Relations and Global Affairs,GE1401,GE1401,15207,TC7
2372,BSocSc International Relations and Global Affairs,GE1401,GE1401,10688,T11
2372,BSocSc International Relations and Global Affairs,GE1401,PIA2050,12613,CD1
2373,BSocSc International Relations and Global Affairs,GE1401,PIA2050,12614,CB1
2373,BSocSc International Relations and Global Affairs,GE1401,GE1401,15602,T58
2374,BSocSc International Relations and Global Affairs,GE1401,GE1401,10693,T16
2374,BSocSc International Relations and Global Affairs,GE1401,PIA2050,12614,CB1
2375,BSocSc International Relations and Global Affairs,GE1401,GE1401,10696,T20
2375,BSocSc International Relations and Global Affairs,GE1401,PIA2050,12612,CA1
2376,BSocSc International Relations and Global Affairs,GE1401,PIA2050,12614,CB1
2376,BSocSc International Relations and Global Affairs,GE1401,GE1401,14271,TB8
2377,BSocSc International Relations and Global Affairs,GE1401,GE1401,10730,T64
2377,BSocSc International Relations and Global Affairs,GE1401,PIA2050,12745,CC1
2378,BSocSc International Relations and Global Affairs,GE1401,GE1401,10682,T05
2378,BSocSc International Relations and Global Affairs,GE1401,PIA2050,12614,CB1
2379,BSocSc International Relations and Global Affairs,GE1401,PIA2050,12612,CA1
2379,BSocSc International Relations and Global Affairs,GE1401,GE1401,14941,TA3
2380,BSocSc International Relations and Global Affairs,GE1401,PIA2050,12612,CA1
2380,BSocSc International Relations and Global Affairs,GE1401,GE1401,13572,TB1
2381,BSocSc International Relations and Global Affairs,GE1401,GE1401,10726,T59
2381,BSocSc International Relations and Global Affairs,GE1401,PIA2050,12613,CD1
2382,BSocSc International Relations and Global Affairs,GE1401,GE1401,10730,T64
2382,BSocSc International Relations and Global Affairs,GE1401,PIA2050,12613,CD1
2383,BSocSc International Relations and Global Affairs,GE1401,GE1401,10698,T22
2383,BSocSc International Relations and Global Affairs,GE1401,PIA2050,12614,CB1
2384,BSocSc International Relations and Global Affairs,GE1401,GE1401,10729,T63
2384,BSocSc International Relations and Global Affairs,GE1401,PIA2050,12613,CD1
2385,BSocSc International Relations and Global Affairs,GE1401,GE1401,10707,T32
2385,BSocSc International Relations and Global Affairs,GE1401,PIA2050,12614,CB1
2386,BSocSc International Relations and Global Affairs,GE1401,GE1401,11500,T86
2386,BSocSc International Relations and Global Affairs,GE1401,PIA2050,12614,CB1
2387,BSocSc International Relations and Global Affairs,GE1401,GE1401,10688,T11
2387,BSocSc International Relations and Global Affairs,GE1401,PIA2050,12612,CA1
2388,BSocSc International Relations and Global Affairs,GE1401,GE1401,10729,T63
2388,BSocSc International Relations and Global Affairs,GE1401,PIA2050,12613,CD1
2389,BSocSc International Relations and Global Affairs,GE1401,PIA2050,12745,CC1
2389,BSocSc International Relations and Global Affairs,GE1401,GE1401,13568,T96
2390,BSocSc International Relations and Global Affairs,GE1401,PIA2050,12614,CB1
2390,BSocSc International Relations and Global Affairs,GE1401,GE1401,15205,TC5
2391,BSocSc International Relations and Global Affairs,GE1401,GE1401,10701,T25
2391,BSocSc International Relations and Global Affairs,GE1401,PIA2050,12612,CA1
2392,BSocSc International Relations and Global Affairs,GE1401,PIA2050,12614,CB1
2392,BSocSc International Relations and Global Affairs,GE1401,GE1401,14270,TB7
2393,BSocSc International Relations and Global Affairs,GE1401,GE1401,10718,T50
2393,BSocSc International Relations and Global Affairs,GE1401,PIA2050,12614,CB1
2394,BSocSc International Relations and Global Affairs,GE1401,GE1401,11498,T83
2394,BSocSc International Relations and Global Affairs,GE1401,PIA2050,12745,CC1
2395,BSocSc International Relations and Global Affairs,GE1401,GE1401,11503,T89
2395,BSocSc International Relations and Global Affairs,GE1401,PIA2050,12612,CA1
2396,BSocSc International Relations and Global Affairs,LC0200A,LC0200A,10875,T06
2396,BSocSc International Relations and Global Affairs,LC0200A,PIA2050,12612,CA1
2397,BSocSc International Relations and Global Affairs,LC0200A,LC0200A,10862,T02
2397,BSocSc International Relations and Global Affairs,LC0200A,PIA2050,12613,CD1
2398,BSocSc International Relations and Global Affairs,LC0200A,LC0200A,11170,T32
2398,BSocSc International Relations and Global Affairs,LC0200A,PIA2050,12613,CD1
2399,BSocSc International Relations and Global Affairs,LC0200A,LC0200A,10894,T26
2399,BSocSc International Relations and Global Affairs,LC0200A,PIA2050,12613,CD1
2400,BSocSc International Relations and Global Affairs,LC0200A,PIA2050,12613,CD1
2400,BSocSc International Relations and Global Affairs,LC0200A,LC0200A,14952,T36
2401,BSocSc International Relations and Global Affairs,LC0200A,LC0200A,11449,T34
2401,BSocSc International Relations and Global Affairs,LC0200A,PIA2050,12612,CA1
2402,BSocSc International Relations and Global Affairs,LC0200A,LC0200A,10878,T09
2402,BSocSc International Relations and Global Affairs,LC0200A,PIA2050,12612,CA1
2403,BSocSc International Relations and Global Affairs,LC0200A,LC0200A,10887,T19
2403,BSocSc International Relations and Global Affairs,LC0200A,PIA2050,12612,CA1
2404,BSocSc International Relations and Global Affairs,LC0200A,LC0200A,10889,T21
2404,BSocSc International Relations and Global Affairs,LC0200A,PIA2050,12614,CB1
2405,BSocSc International Relations and Global Affairs,LC0200A,LC0200A,10884,T15
2405,BSocSc International Relations and Global Affairs,LC0200A,PIA2050,12612,CA1
2406,BSocSc International Relations and Global Affairs,LC0200A,LC0200A,10887,T19
2406,BSocSc International Relations and Global Affairs,LC0200A,PIA2050,12612,CA1
2407,BSocSc International Relations and Global Affairs,LC0200A,LC0200A,10862,T02
2407,BSocSc International Relations and Global Affairs,LC0200A,PIA2050,12612,CA1
2408,BSocSc International Relations and Global Affairs,LC0200A,LC0200A,10879,T10
2408,BSocSc International Relations and Global Affairs,LC0200A,PIA2050,12614,CB1
2409,BSocSc International Relations and Global Affairs,LC0200A,LC0200A,10890,T22
2409,BSocSc International Relations and Global Affairs,LC0200A,PIA2050,12614,CB1
2410,BSocSc International Relations and Global Affairs,LC0200A,LC0200A,11976,T37
2410,BSocSc International Relations and Global Affairs,LC0200A,PIA2050,12613,CD1
2411,BSocSc Public Affairs and Management,GE1401,PIA2307,11055,CA1
2411,BSocSc Public Affairs and Management,GE1401,PIA2530,12096,CC1
2411,BSocSc Public Affairs and Management,GE1401,GE1401,15603,T73
2412,BSocSc Public Affairs and Management,GE1401,PIA2530,10861,CA1
2412,BSocSc Public Affairs and Management,GE1401,PIA2307,11055,CA1
2412,BSocSc Public Affairs and Management,GE1401,GE1401,11496,T79
2413,BSocSc Public Affairs and Management,GE1401,GE1401,10707,T32
2413,BSocSc Public Affairs and Management,GE1401,PIA2307,11056,CB1
2413,BSocSc Public Affairs and Management,GE1401,PIA2530,12096,CC1
2414,BSocSc Public Affairs and Management,GE1401,PIA2307,11056,CB1
2414,BSocSc Public Affairs and Management,GE1401,PIA2530,12090,CB1
2414,BSocSc Public Affairs and Management,GE1401,GE1401,12124,T49
2415,BSocSc Public Affairs and Management,GE1401,GE1401,10694,T17
2415,BSocSc Public Affairs and Management,GE1401,PIA2530,10861,CA1
2415,BSocSc Public Affairs and Management,GE1401,PIA2307,11055,CA1
2416,BSocSc Public Affairs and Management,GE1401,PIA2530,10861,CA1
2416,BSocSc Public Affairs and Management,GE1401,PIA2307,11055,CA1
2416,BSocSc Public Affairs and Management,GE1401,GE1401,11507,T80
2417,BSocSc Public Affairs and Management,GE1401,GE1401,10701,T25
2417,BSocSc Public Affairs and Management,GE1401,PIA2530,10861,CA1
2417,BSocSc Public Affairs and Management,GE1401,PIA2307,11057,CC1
2418,BSocSc Public Affairs and Management,GE1401,GE1401,10696,T20
2418,BSocSc Public Affairs and Management,GE1401,PIA2530,10861,CA1
2418,BSocSc Public Affairs and Management,GE1401,PIA2307,11055,CA1
2419,BSocSc Public Affairs and Management,GE1401,GE1401,10679,T02
2419,BSocSc Public Affairs and Management,GE1401,PIA2530,10861,CA1
2419,BSocSc Public Affairs and Management,GE1401,PIA2307,11055,CA1
2420,BSocSc Public Affairs and Management,GE1401,GE1401,10697,T21
2420,BSocSc Public Affairs and Management,GE1401,PIA2530,10861,CA1
2420,BSocSc Public Affairs and Management,GE1401,PIA2307,11055,CA1
2421,BSocSc Public Affairs and Management,GE1401,PIA2530,10861,CA1
2421,BSocSc Public Affairs and Management,GE1401,PIA2307,11055,CA1
2421,BSocSc Public Affairs and Management,GE1401,GE1401,13577,TB6
2422,BSocSc Public Affairs and Management,GE1401,PIA2530,10861,CA1
2422,BSocSc Public Affairs and Management,GE1401,PIA2307,11055,CA1
2422,BSocSc Public Affairs and Management,GE1401,GE1401,15602,T58
2423,BSocSc Public Affairs and Management,GE1401,PIA2530,10861,CA1
2423,BSocSc Public Affairs and Management,GE1401,PIA2307,11057,CC1
2423,BSocSc Public Affairs and Management,GE1401,GE1401,11494,T76
2424,BSocSc Public Affairs and Management,GE1401,PIA2307,11055,CA1
2424,BSocSc Public Affairs and Management,GE1401,GE1401,11497,T81
2424,BSocSc Public Affairs and Management,GE1401,PIA2530,12096,CC1
2425,BSocSc Public Affairs and Management,GE1401,PIA2307,11055,CA1
2425,BSocSc Public Affairs and Management,GE1401,PIA2530,12096,CC1
2425,BSocSc Public Affairs and Management,GE1401,GE1401,15207,TC7
2426,BSocSc Public Affairs and Management,GE1401,PIA2530,10861,CA1
2426,BSocSc Public Affairs and Management,GE1401,PIA2307,11055,CA1
2426,BSocSc Public Affairs and Management,GE1401,GE1401,13197,TA2
2427,BSocSc Public Affairs and Management,GE1401,GE1401,10722,T55
2427,BSocSc Public Affairs and Management,GE1401,PIA2530,10861,CA1
2427,BSocSc Public Affairs and Management,GE1401,PIA2307,11057,CC1
2428,BSocSc Public Affairs and Management,GE1401,GE1401,10689,T12
2428,BSocSc Public Affairs and Management,GE1401,PIA2530,10861,CA1
2428,BSocSc Public Affairs and Management,GE1401,PIA2307,11056,CB1
2429,BSocSc Public Affairs and Management,GE1401,GE1401,10681,T04
2429,BSocSc Public Affairs and Management,GE1401,PIA2530,10861,CA1
2429,BSocSc Public Affairs and Management,GE1401,PIA2307,11055,CA1
2430,BSocSc Public Affairs and Management,GE1401,GE1401,10690,T13
2430,BSocSc Public Affairs and Management,GE1401,PIA2530,10861,CA1
2430,BSocSc Public Affairs and Management,GE1401,PIA2307,11055,CA1
2431,BSocSc Public Affairs and Management,GE1401,PIA2530,10861,CA1
2431,BSocSc Public Affairs and Management,GE1401,PIA2307,11057,CC1
2431,BSocSc Public Affairs and Management,GE1401,GE1401,12735,T74
2432,BSocSc Public Affairs and Management,GE1401,PIA2307,11057,CC1
2432,BSocSc Public Affairs and Management,GE1401,PIA2530,12096,CC1
2432,BSocSc Public Affairs and Management,GE1401,GE1401,12398,T70
2433,BSocSc Public Affairs and Management,GE1401,GE1401,10697,T21
2433,BSocSc Public Affairs and Management,GE1401,PIA2307,11055,CA1
2433,BSocSc Public Affairs and Management,GE1401,PIA2530,12096,CC1
2434,BSocSc Public Affairs and Management,GE1401,PIA2530,10861,CA1
2434,BSocSc Public Affairs and Management,GE1401,PIA2307,11057,CC1
2434,BSocSc Public Affairs and Management,GE1401,GE1401,11496,T79
2435,BSocSc Public Affairs and Management,GE1401,PIA2530,10861,CA1
2435,BSocSc Public Affairs and Management,GE1401,PIA2307,11056,CB1
2435,BSocSc Public Affairs and Management,GE1401,GE1401,15602,T58
2436,BSocSc Public Affairs and Management,GE1401,PIA2307,11057,CC1
2436,BSocSc Public Affairs and Management,GE1401,PIA2530,12096,CC1
2436,BSocSc Public Affairs and Management,GE1401,GE1401,15180,TC1
2437,BSocSc Public Affairs and Management,GE1401,PIA2530,10861,CA1
2437,BSocSc Public Affairs and Management,GE1401,PIA2307,11055,CA1
2437,BSocSc Public Affairs and Management,GE1401,GE1401,15205,TC5
2438,BSocSc Public Affairs and Management,GE1401,GE1401,10718,T50
2438,BSocSc Public Affairs and Management,GE1401,PIA2307,11056,CB1
2438,BSocSc Public Affairs and Management,GE1401,PIA2530,12090,CB1
2439,BSocSc Public Affairs and Management,GE1401,PIA2530,10861,CA1
2439,BSocSc Public Affairs and Management,GE1401,PIA2307,11057,CC1
2439,BSocSc Public Affairs and Management,GE1401,GE1401,12127,T84
2440,BSocSc Public Affairs and Management,GE1401,GE1401,10721,T54
2440,BSocSc Public Affairs and Management,GE1401,PIA2530,10861,CA1
2440,BSocSc Public Affairs and Management,GE1401,PIA2307,11057,CC1
2441,BSocSc Public Affairs and Management,GE1401,PIA2530,10861,CA1
2441,BSocSc Public Affairs and Management,GE1401,PIA2307,11056,CB1
2441,BSocSc Public Affairs and Management,GE1401,GE1401,12124,T49
2442,BSocSc Public Affairs and Management,GE1401,PIA2530,10861,CA1
2442,BSocSc Public Affairs and Management,GE1401,PIA2307,11056,CB1
2442,BSocSc Public Affairs and Management,GE1401,GE1401,12814,T91
2443,BSocSc Public Affairs and Management,GE1401,GE1401,10681,T04
2443,BSocSc Public Affairs and Management,GE1401,PIA2530,10861,CA1
2443,BSocSc Public Affairs and Management,GE1401,PIA2307,11056,CB1
2444,BSocSc Public Affairs and Management,GE1401,GE1401,10727,T60
2444,BSocSc Public Affairs and Management,GE1401,PIA2530,10861,CA1
2444,BSocSc Public Affairs and Management,GE1401,PIA2307,11057,CC1
2445,BSocSc Public Affairs and Management,GE1401,PIA2307,11055,CA1
2445,BSocSc Public Affairs and Management,GE1401,PIA2530,12096,CC1
2445,BSocSc Public Affairs and Management,GE1401,GE1401,13561,T95
2446,BSocSc Public Affairs and Management,GE1401,GE1401,10726,T59
2446,BSocSc Public Affairs and Management,GE1401,PIA2530,10861,CA1
2446,BSocSc Public Affairs and Management,GE1401,PIA2307,11057,CC1
2447,BSocSc Public Affairs and Management,GE1401,GE1401,10706,T31
2447,BSocSc Public Affairs and Management,GE1401,PIA2307,11056,CB1
2447,BSocSc Public Affairs and Management,GE1401,PIA2530,12096,CC1
2448,BSocSc Public Affairs and Management,GE1401,PIA2307,11057,CC1
2448,BSocSc Public Affairs and Management,GE1401,PIA2530,12096,CC1
2448,BSocSc Public Affairs and Management,GE1401,GE1401,15206,TC6
2449,BSocSc Public Affairs and Management,GE1401,GE1401,10721,T54
2449,BSocSc Public Affairs and Management,GE1401,PIA2530,10861,CA1
2449,BSocSc Public Affairs and Management,GE1401,PIA2307,11057,CC1
2450,BSocSc Public Affairs and Management,LC0200A,PIA2530,10861,CA1
2450,BSocSc Public Affairs and Management,LC0200A,PIA2307,11055,CA1
2450,BSocSc Public Affairs and Management,LC0200A,LC0200A,11975,T35
2451,BSocSc Public Affairs and Management,LC0200A,PIA2530,10861,CA1
2451,BSocSc Public Affairs and Management,LC0200A,LC0200A,11029,T30
2451,BSocSc Public Affairs and Management,LC0200A,PIA2307,11055,CA1
2452,BSocSc Public Affairs and Management,LC0200A,PIA2530,10861,CA1
2452,BSocSc Public Affairs and Management,LC0200A,LC0200A,10885,T16
2452,BSocSc Public Affairs and Management,LC0200A,PIA2307,11056,CB1
2453,BSocSc Public Affairs and Management,LC0200A,LC0200A,10886,T17
2453,BSocSc Public Affairs and Management,LC0200A,PIA2307,11055,CA1
2453,BSocSc Public Affairs and Management,LC0200A,PIA2530,12096,CC1
2454,BSocSc Public Affairs and Management,LC0200A,PIA2530,10861,CA1
2454,BSocSc Public Affairs and Management,LC0200A,PIA2307,11056,CB1
2454,BSocSc Public Affairs and Management,LC0200A,LC0200A,11173,T33
2455,BSocSc Public Affairs and Management,LC0200A,PIA2530,10861,CA1
2455,BSocSc Public Affairs and Management,LC0200A,LC0200A,10879,T10
2455,BSocSc Public Affairs and Management,LC0200A,PIA2307,11055,CA1
2456,BSocSc Public Affairs and Management,LC0200A,LC0200A,10893,T25
2456,BSocSc Public Affairs and Management,LC0200A,PIA2307,11057,CC1
2456,BSocSc Public Affairs and Management,LC0200A,PIA2530,12096,CC1
2457,BSocSc Public Affairs and Management,LC0200A,PIA2530,10861,CA1
2457,BSocSc Public Affairs and Management,LC0200A,PIA2307,11055,CA1
2457,BSocSc Public Affairs and Management,LC0200A,LC0200A,11975,T35
2458,BSocSc Public Affairs and Management,LC0200A,PIA2530,10861,CA1
2458,BSocSc Public Affairs and Management,LC0200A,LC0200A,10889,T21
2458,BSocSc Public Affairs and Management,LC0200A,PIA2307,11055,CA1
2459,BSocSc Public Affairs and Management,LC0200A,PIA2530,10861,CA1
2459,BSocSc Public Affairs and Management,LC0200A,LC0200A,10877,T08
2459,BSocSc Public Affairs and Management,LC0200A,PIA2307,11056,CB1
2460,BSocSc Public Affairs and Management,LC0200A,PIA2307,11057,CC1
2460,BSocSc Public Affairs and Management,LC0200A,PIA2530,12090,CB1
2460,BSocSc Public Affairs and Management,LC0200A,LC0200A,14952,T36
2461,BSocSc Public Affairs and Management,LC0200A,LC0200A,10888,T20
2461,BSocSc Public Affairs and Management,LC0200A,PIA2307,11056,CB1
2461,BSocSc Public Affairs and Management,LC0200A,PIA2530,12096,CC1
2462,BSocSc Public Affairs and Management,LC0200A,LC0200A,11029,T30
2462,BSocSc Public Affairs and Management,LC0200A,PIA2307,11056,CB1
2462,BSocSc Public Affairs and Management,LC0200A,PIA2530,12090,CB1
2463,BSocSc Public Affairs and Management,LC0200A,LC0200A,10879,T10
2463,BSocSc Public Affairs and Management,LC0200A,PIA2307,11056,CB1
2463,BSocSc Public Affairs and Management,LC0200A,PIA2530,12090,CB1
2464,BSocSc Public Affairs and Management,LC0200A,PIA2307,11055,CA1
2464,BSocSc Public Affairs and Management,LC0200A,LC0200A,11976,T37
2464,BSocSc Public Affairs and Management,LC0200A,PIA2530,12096,CC1
2465,BSocSc Public Affairs and Management,LC0200A,PIA2530,10861,CA1
2465,BSocSc Public Affairs and Management,LC0200A,LC0200A,10882,T13
2465,BSocSc Public Affairs and Management,LC0200A,PIA2307,11055,CA1
2466,BSocSc Public Affairs and Management,LC0200A,LC0200A,10885,T16
2466,BSocSc Public Affairs and Management,LC0200A,PIA2307,11055,CA1
2466,BSocSc Public Affairs and Management,LC0200A,PIA2530,12096,CC1
2467,BSocSc Public Affairs and Management,LC0200A,PIA2530,10861,CA1
2467,BSocSc Public Affairs and Management,LC0200A,LC0200A,10889,T21
2467,BSocSc Public Affairs and Management,LC0200A,PIA2307,11055,CA1
2468,BSocSc Crime Science,GE1401,GE1401,10728,T61
2468,BSocSc Crime Science,GE1401,SS1011,10999,C01
2468,BSocSc Crime Science,GE1401,SS1011,11003,T03
2468,BSocSc Crime Science,GE1401,SS1101,11172,CM1
2469,BSocSc Crime Science,GE1401,SS1011,10999,C01
2469,BSocSc Crime Science,GE1401,SS1011,11004,T04
2469,BSocSc Crime Science,GE1401,SS1101,11006,C01
2469,BSocSc Crime Science,GE1401,GE1401,14270,TB7
2470,BSocSc Crime Science,GE1401,SS1011,10999,C01
2470,BSocSc Crime Science,GE1401,SS1011,11005,T05
2470,BSocSc Crime Science,GE1401,SS1101,11172,CM1
2470,BSocSc Crime Science,GE1401,GE1401,14271,TB8
2471,BSocSc Crime Science,GE1401,SS1011,10999,C01
2471,BSocSc Crime Science,GE1401,SS1011,11002,T02
2471,BSocSc Crime Science,GE1401,SS1101,11006,C01
2471,BSocSc Crime Science,GE1401,GE1401,12397,T51
2472,BSocSc Crime Science,GE1401,GE1401,10689,T12
2472,BSocSc Crime Science,GE1401,SS1011,10999,C01
2472,BSocSc Crime Science,GE1401,SS1011,11005,T05
2472,BSocSc Crime Science,GE1401,SS1101,11006,C01
2473,BSocSc Crime Science,GE1401,GE1401,10688,T11
2473,BSocSc Crime Science,GE1401,SS1011,10999,C01
2473,BSocSc Crime Science,GE1401,SS1011,11002,T02
2473,BSocSc Crime Science,GE1401,SS1101,11006,C01
2474,BSocSc Crime Science,GE1401,SS1011,10999,C01
2474,BSocSc Crime Science,GE1401,SS1011,11002,T02
2474,BSocSc Crime Science,GE1401,SS1101,11006,C01
2474,BSocSc Crime Science,GE1401,GE1401,15206,TC6
2475,BSocSc Crime Science,GE1401,GE1401,10711,T38
2475,BSocSc Crime Science,GE1401,SS1101,11172,CM1
2475,BSocSc Crime Science,GE1401,SS1011,11321,CG1
2475,BSocSc Crime Science,GE1401,SS1011,11868,TG5
2476,BSocSc Crime Science,GE1401,SS1011,10999,C01
2476,BSocSc Crime Science,GE1401,SS1011,11005,T05
2476,BSocSc Crime Science,GE1401,SS1101,11006,C01
2476,BSocSc Crime Science,GE1401,GE1401,15205,TC5
2477,BSocSc Crime Science,GE1401,SS1101,11172,CM1
2477,BSocSc Crime Science,GE1401,SS1011,11321,CG1
2477,BSocSc Crime Science,GE1401,SS1011,11322,TG1
2477,BSocSc Crime Science,GE1401,GE1401,15183,TC4
2478,BSocSc Crime Science,GE1401,SS1011,10999,C01
2478,BSocSc Crime Science,GE1401,SS1011,11004,T04
2478,BSocSc Crime Science,GE1401,SS1101,11172,CM1
2478,BSocSc Crime Science,GE1401,GE1401,12397,T51
2479,BSocSc Crime Science,GE1401,GE1401,10722,T55
2479,BSocSc Crime Science,GE1401,SS1011,10999,C01
2479,BSocSc Crime Science,GE1401,SS1011,11004,T04
2479,BSocSc Crime Science,GE1401,SS1101,11006,C01
2480,BSocSc Crime Science,GE1401,SS1011,10999,C01
2480,BSocSc Crime Science,GE1401,SS1011,11004,T04
2480,BSocSc Crime Science,GE1401,SS1101,11006,C01
2480,BSocSc Crime Science,GE1401,GE1401,12122,T35
2481,BSocSc Crime Science,GE1401,SS1011,10999,C01
2481,BSocSc Crime Science,GE1401,SS1011,11003,T03
2481,BSocSc Crime Science,GE1401,SS1101,11006,C01
2481,BSocSc Crime Science,GE1401,GE1401,13571,T99
2482,BSocSc Crime Science,GE1401,GE1401,10716,T47
2482,BSocSc Crime Science,GE1401,SS1011,10999,C01
2482,BSocSc Crime Science,GE1401,SS1011,11003,T03
2482,BSocSc Crime Science,GE1401,SS1101,11172,CM1
2483,BSocSc Crime Science,GE1401,SS1011,10999,C01
2483,BSocSc Crime Science,GE1401,SS1011,11005,T05
2483,BSocSc Crime Science,GE1401,SS1101,11006,C01
2483,BSocSc Crime Science,GE1401,GE1401,13573,TB2
2484,BSocSc Crime Science,GE1401,GE1401,10710,T37
2484,BSocSc Crime Science,GE1401,SS1011,10999,C01
2484,BSocSc Crime Science,GE1401,SS1011,11002,T02
2484,BSocSc Crime Science,GE1401,SS1101,11006,C01
2485,BSocSc Crime Science,GE1401,SS1011,10999,C01
2485,BSocSc Crime Science,GE1401,SS1011,11001,T01
2485,BSocSc Crime Science,GE1401,SS1101,11006,C01
2485,BSocSc Crime Science,GE1401,GE1401,15600,T14
2486,BSocSc Crime Science,GE1401,SS1011,10999,C01
2486,BSocSc Crime Science,GE1401,SS1011,11004,T04
2486,BSocSc Crime Science,GE1401,SS1101,11172,CM1
2486,BSocSc Crime Science,GE1401,GE1401,12814,T91
2487,BSocSc Crime Science,GE1401,GE1401,10726,T59
2487,BSocSc Crime Science,GE1401,SS1011,10999,C01
2487,BSocSc Crime Science,GE1401,SS1011,11005,T05
2487,BSocSc Crime Science,GE1401,SS1101,11006,C01
2488,BSocSc Crime Science,LC0200A,LC0200A,10878,T09
2488,BSocSc Crime Science,LC0200A,SS1011,10999,C01
2488,BSocSc Crime Science,LC0200A,SS1011,11005,T05
2488,BSocSc Crime Science,LC0200A,SS1101,11006,C01
2489,BSocSc Crime Science,LC0200A,LC0200A,10897,T29
2489,BSocSc Crime Science,LC0200A,SS1011,10999,C01
2489,BSocSc Crime Science,LC0200A,SS1011,11003,T03
2489,BSocSc Crime Science,LC0200A,SS1101,11172,CM1
2490,BSocSc Crime Science,LC0200A,LC0200A,10887,T19
2490,BSocSc Crime Science,LC0200A,SS1011,10999,C01
2490,BSocSc Crime Science,LC0200A,SS1011,11004,T04
2490,BSocSc Crime Science,LC0200A,SS1101,11172,CM1
2491,BSocSc Crime Science,LC0200A,SS1011,10999,C01
2491,BSocSc Crime Science,LC0200A,SS1011,11003,T03
2491,BSocSc Crime Science,LC0200A,SS1101,11006,C01
2491,BSocSc Crime Science,LC0200A,LC0200A,11173,T33
2492,BSocSc Crime Science,LC0200A,LC0200A,10875,T06
2492,BSocSc Crime Science,LC0200A,SS1011,10999,C01
2492,BSocSc Crime Science,LC0200A,SS1011,11004,T04
2492,BSocSc Crime Science,LC0200A,SS1101,11006,C01
2493,BSocSc Crime Science,LC0200A,LC0200A,10886,T17
2493,BSocSc Crime Science,LC0200A,SS1011,10999,C01
2493,BSocSc Crime Science,LC0200A,SS1011,11004,T04
2493,BSocSc Crime Science,LC0200A,SS1101,11006,C01
2494,BSocSc Crime Science,LC0200A,LC0200A,10894,T26
2494,BSocSc Crime Science,LC0200A,SS1011,10999,C01
2494,BSocSc Crime Science,LC0200A,SS1011,11004,T04
2494,BSocSc Crime Science,LC0200A,SS1101,11006,C01
2495,BSocSc Crime Science,LC0200A,SS1011,10999,C01
2495,BSocSc Crime Science,LC0200A,SS1011,11001,T01
2495,BSocSc Crime Science,LC0200A,SS1101,11006,C01
2495,BSocSc Crime Science,LC0200A,LC0200A,11449,T34
2496,BSocSc Psychology,GE1401,SS1011,10999,C01
2496,BSocSc Psychology,GE1401,SS1011,11003,T03
2496,BSocSc Psychology,GE1401,SS1101,11172,CM1
2496,BSocSc Psychology,GE1401,GE1401,12121,T33
2497,BSocSc Psychology,GE1401,GE1401,10357,T01
2497,BSocSc Psychology,GE1401,SS1011,10999,C01
2497,BSocSc Psychology,GE1401,SS1011,11002,T02
2497,BSocSc Psychology,GE1401,SS1101,11006,C01
2498,BSocSc Psychology,GE1401,SS1011,10999,C01
2498,BSocSc Psychology,GE1401,SS1011,11001,T01
2498,BSocSc Psychology,GE1401,SS1101,11172,CM1
2498,BSocSc Psychology,GE1401,GE1401,15205,TC5
2499,BSocSc Psychology,GE1401,GE1401,10686,T09
2499,BSocSc Psychology,GE1401,SS1011,10999,C01
2499,BSocSc Psychology,GE1401,SS1011,11003,T03
2499,BSocSc Psychology,GE1401,SS1101,11006,C01
2500,BSocSc Psychology,GE1401,SS1011,10999,C01
2500,BSocSc Psychology,GE1401,SS1011,11001,T01
2500,BSocSc Psychology,GE1401,SS1101,11006,C01
2500,BSocSc Psychology,GE1401,GE1401,12734,T71
2501,BSocSc Psychology,GE1401,SS1011,10999,C01
2501,BSocSc Psychology,GE1401,SS1011,11003,T03
2501,BSocSc Psychology,GE1401,SS1101,11007,CJ1
2501,BSocSc Psychology,GE1401,GE1401,13577,TB6
2502,BSocSc Psychology,GE1401,SS1011,10999,C01
2502,BSocSc Psychology,GE1401,SS1011,11003,T03
2502,BSocSc Psychology,GE1401,SS1101,11006,C01
2502,BSocSc Psychology,GE1401,GE1401,11507,T80
2503,BSocSc Psychology,GE1401,GE1401,10708,T34
2503,BSocSc Psychology,GE1401,SS1011,10999,C01
2503,BSocSc Psychology,GE1401,SS1011,11004,T04
2503,BSocSc Psychology,GE1401,SS1101,11006,C01
2504,BSocSc Psychology,GE1401,SS1011,10999,C01
2504,BSocSc Psychology,GE1401,SS1011,11004,T04
2504,BSocSc Psychology,GE1401,SS1101,11006,C01
2504,BSocSc Psychology,GE1401,GE1401,12126,T67
2505,BSocSc Psychology,GE1401,SS1011,10999,C01
2505,BSocSc Psychology,GE1401,SS1011,11005,T05
2505,BSocSc Psychology,GE1401,SS1101,11006,C01
2505,BSocSc Psychology,GE1401,GE1401,15600,T14
2506,BSocSc Psychology,GE1401,GE1401,10689,T12
2506,BSocSc Psychology,GE1401,SS1011,10999,C01
2506,BSocSc Psychology,GE1401,SS1011,11003,T03
2506,BSocSc Psychology,GE1401,SS1101,11006,C01
2507,BSocSc Psychology,GE1401,GE1401,10710,T37
2507,BSocSc Psychology,GE1401,SS1011,10999,C01
2507,BSocSc Psychology,GE1401,SS1011,11001,T01
2507,BSocSc Psychology,GE1401,SS1101,11006,C01
2508,BSocSc Psychology,GE1401,GE1401,10708,T34
2508,BSocSc Psychology,GE1401,SS1011,10999,C01
2508,BSocSc Psychology,GE1401,SS1011,11002,T02
2508,BSocSc Psychology,GE1401,SS1101,11006,C01
2509,BSocSc Psychology,GE1401,SS1011,10999,C01
2509,BSocSc Psychology,GE1401,SS1011,11003,T03
2509,BSocSc Psychology,GE1401,SS1101,11006,C01
2509,BSocSc Psychology,GE1401,GE1401,11495,T77
2510,BSocSc Psychology,GE1401,SS1011,10999,C01
2510,BSocSc Psychology,GE1401,SS1011,11005,T05
2510,BSocSc Psychology,GE1401,SS1101,11006,C01
2510,BSocSc Psychology,GE1401,GE1401,11493,T75
2511,BSocSc Psychology,GE1401,SS1011,10999,C01
2511,BSocSc Psychology,GE1401,SS1011,11003,T03
2511,BSocSc Psychology,GE1401,SS1101,11172,CM1
2511,BSocSc Psychology,GE1401,GE1401,11495,T77
2512,BSocSc Psychology,GE1401,SS1011,10999,C01
2512,BSocSc Psychology,GE1401,SS1011,11003,T03
2512,BSocSc Psychology,GE1401,SS1101,11006,C01
2512,BSocSc Psychology,GE1401,GE1401,11070,TA1
2513,BSocSc Psychology,GE1401,GE1401,10731,T66
2513,BSocSc Psychology,GE1401,SS1101,11007,CJ1
2513,BSocSc Psychology,GE1401,SS1011,11321,CG1
2513,BSocSc Psychology,GE1401,SS1011,11323,TG2
2514,BSocSc Psychology,GE1401,SS1101,11172,CM1
2514,BSocSc Psychology,GE1401,SS1011,11321,CG1
2514,BSocSc Psychology,GE1401,SS1011,11324,TG3
2514,BSocSc Psychology,GE1401,GE1401,13561,T95
2515,BSocSc Psychology,GE1401,GE1401,10711,T38
2515,BSocSc Psychology,GE1401,SS1011,10999,C01
2515,BSocSc Psychology,GE1401,SS1011,11002,T02
2515,BSocSc Psychology,GE1401,SS1101,11006,C01
2516,BSocSc Psychology,GE1401,SS1011,10999,C01
2516,BSocSc Psychology,GE1401,SS1011,11001,T01
2516,BSocSc Psychology,GE1401,SS1101,11007,CJ1
2516,BSocSc Psychology,GE1401,GE1401,11495,T77
2517,BSocSc Psychology,GE1401,GE1401,10690,T13
2517,BSocSc Psychology,GE1401,SS1011,10999,C01
2517,BSocSc Psychology,GE1401,SS1011,11004,T04
2517,BSocSc Psychology,GE1401,SS1101,11007,CJ1
2518,BSocSc Psychology,GE1401,SS1011,10999,C01
2518,BSocSc Psychology,GE1401,SS1011,11003,T03
2518,BSocSc Psychology,GE1401,SS1101,11006,C01
2518,BSocSc Psychology,GE1401,GE1401,14270,TB7
2519,BSocSc Psychology,GE1401,GE1401,10726,T59
2519,BSocSc Psychology,GE1401,SS1011,10999,C01
2519,BSocSc Psychology,GE1401,SS1011,11004,T04
2519,BSocSc Psychology,GE1401,SS1101,11006,C01
2520,BSocSc Psychology,GE1401,GE1401,10707,T32
2520,BSocSc Psychology,GE1401,SS1011,10999,C01
2520,BSocSc Psychology,GE1401,SS1011,11003,T03
2520,BSocSc Psychology,GE1401,SS1101,11007,CJ1
2521,BSocSc Psychology,GE1401,GE1401,10718,T50
2521,BSocSc Psychology,GE1401,SS1011,10999,C01
2521,BSocSc Psychology,GE1401,SS1011,11004,T04
2521,BSocSc Psychology,GE1401,SS1101,11006,C01
2522,BSocSc Psychology,GE1401,GE1401,10689,T12
2522,BSocSc Psychology,GE1401,SS1011,10999,C01
2522,BSocSc Psychology,GE1401,SS1011,11004,T04
2522,BSocSc Psychology,GE1401,SS1101,11006,C01
2523,BSocSc Psychology,GE1401,GE1401,10705,T30
2523,BSocSc Psychology,GE1401,SS1011,10999,C01
2523,BSocSc Psychology,GE1401,SS1011,11002,T02
2523,BSocSc Psychology,GE1401,SS1101,11006,C01
2524,BSocSc Psychology,GE1401,SS1011,10999,C01
2524,BSocSc Psychology,GE1401,SS1011,11001,T01
2524,BSocSc Psychology,GE1401,SS1101,11006,C01
2524,BSocSc Psychology,GE1401,GE1401,11491,T69
2525,BSocSc Psychology,GE1401,SS1011,10999,C01
2525,BSocSc Psychology,GE1401,SS1011,11003,T03
2525,BSocSc Psychology,GE1401,SS1101,11006,C01
2525,BSocSc Psychology,GE1401,GE1401,13568,T96
2526,BSocSc Psychology,GE1401,GE1401,10689,T12
2526,BSocSc Psychology,GE1401,SS1101,11006,C01
2526,BSocSc Psychology,GE1401,SS1011,11321,CG1
2526,BSocSc Psychology,GE1401,SS1011,11867,TG4
2527,BSocSc Psychology,GE1401,GE1401,10728,T61
2527,BSocSc Psychology,GE1401,SS1011,10999,C01
2527,BSocSc Psychology,GE1401,SS1011,11003,T03
2527,BSocSc Psychology,GE1401,SS1101,11006,C01
2528,BSocSc Psychology,GE1401,GE1401,10724,T57
2528,BSocSc Psychology,GE1401,SS1011,10999,C01
2528,BSocSc Psychology,GE1401,SS1011,11002,T02
2528,BSocSc Psychology,GE1401,SS1101,11006,C01
2529,BSocSc Psychology,GE1401,GE1401,10705,T30
2529,BSocSc Psychology,GE1401,SS1101,11172,CM1
2529,BSocSc Psychology,GE1401,SS1011,11321,CG1
2529,BSocSc Psychology,GE1401,SS1011,11324,TG3
2530,BSocSc Psychology,GE1401,SS1011,10999,C01
2530,BSocSc Psychology,GE1401,SS1011,11005,T05
2530,BSocSc Psychology,GE1401,SS1101,11006,C01
2530,BSocSc Psychology,GE1401,GE1401,13263,T92
2531,BSocSc Psychology,GE1401,SS1011,10999,C01
2531,BSocSc Psychology,GE1401,SS1011,11003,T03
2531,BSocSc Psychology,GE1401,SS1101,11172,CM1
2531,BSocSc Psychology,GE1401,GE1401,11507,T80
2532,BSocSc Psychology,LC0200A,SS1011,10999,C01
2532,BSocSc Psychology,LC0200A,SS1011,11001,T01
2532,BSocSc Psychology,LC0200A,SS1101,11172,CM1
2532,BSocSc Psychology,LC0200A,LC0200A,11976,T37
2533,BSocSc Psychology,LC0200A,LC0200A,10876,T07
2533,BSocSc Psychology,LC0200A,SS1011,10999,C01
2533,BSocSc Psychology,LC0200A,SS1011,11004,T04
2533,BSocSc Psychology,LC0200A,SS1101,11007,CJ1
2534,BSocSc Psychology,LC0200A,LC0200A,10875,T06
2534,BSocSc Psychology,LC0200A,SS1011,10999,C01
2534,BSocSc Psychology,LC0200A,SS1011,11003,T03
2534,BSocSc Psychology,LC0200A,SS1101,11006,C01
2535,BSocSc Psychology,LC0200A,LC0200A,10881,T12
2535,BSocSc Psychology,LC0200A,SS1011,10999,C01
2535,BSocSc Psychology,LC0200A,SS1011,11001,T01
2535,BSocSc Psychology,LC0200A,SS1101,11006,C01
2536,BSocSc Psychology,LC0200A,LC0200A,10881,T12
2536,BSocSc Psychology,LC0200A,SS1011,10999,C01
2536,BSocSc Psychology,LC0200A,SS1011,11005,T05
2536,BSocSc Psychology,LC0200A,SS1101,11006,C01
2537,BSocSc Psychology,LC0200A,LC0200A,10891,T23
2537,BSocSc Psychology,LC0200A,SS1011,10999,C01
2537,BSocSc Psychology,LC0200A,SS1011,11004,T04
2537,BSocSc Psychology,LC0200A,SS1101,11006,C01
2538,BSocSc Psychology,LC0200A,LC0200A,10894,T26
2538,BSocSc Psychology,LC0200A,SS1011,10999,C01
2538,BSocSc Psychology,LC0200A,SS1011,11001,T01
2538,BSocSc Psychology,LC0200A,SS1101,11006,C01
2539,BSocSc Psychology,LC0200A,LC0200A,10886,T17
2539,BSocSc Psychology,LC0200A,SS1011,10999,C01
2539,BSocSc Psychology,LC0200A,SS1011,11002,T02
2539,BSocSc Psychology,LC0200A,SS1101,11172,CM1
2540,BSocSc Psychology,LC0200A,LC0200A,10862,T02
2540,BSocSc Psychology,LC0200A,SS1011,10999,C01
2540,BSocSc Psychology,LC0200A,SS1011,11004,T04
2540,BSocSc Psychology,LC0200A,SS1101,11007,CJ1
2541,BSocSc Psychology,LC0200A,LC0200A,10880,T11
2541,BSocSc Psychology,LC0200A,SS1011,10999,C01
2541,BSocSc Psychology,LC0200A,SS1011,11003,T03
2541,BSocSc Psychology,LC0200A,SS1101,11006,C01
2542,BSocSc Psychology,LC0200A,LC0200A,10882,T13
2542,BSocSc Psychology,LC0200A,SS1011,10999,C01
2542,BSocSc Psychology,LC0200A,SS1011,11001,T01
2542,BSocSc Psychology,LC0200A,SS1101,11172,CM1
2543,BSocSc Psychology,LC0200A,LC0200A,10889,T21
2543,BSocSc Psychology,LC0200A,SS1011,10999,C01
2543,BSocSc Psychology,LC0200A,SS1011,11001,T01
2543,BSocSc Psychology,LC0200A,SS1101,11006,C01
2544,BSocSc Psychology,LC0200A,LC0200A,10892,T24
2544,BSocSc Psychology,LC0200A,SS1011,10999,C01
2544,BSocSc Psychology,LC0200A,SS1011,11002,T02
2544,BSocSc Psychology,LC0200A,SS1101,11172,CM1
2545,BSocSc Psychology,LC0200A,SS1011,10999,C01
2545,BSocSc Psychology,LC0200A,SS1011,11005,T05
2545,BSocSc Psychology,LC0200A,SS1101,11006,C01
2545,BSocSc Psychology,LC0200A,LC0200A,12333,T40
2546,BSocSc Psychology,LC0200A,LC0200A,10841,T01
2546,BSocSc Psychology,LC0200A,SS1011,10999,C01
2546,BSocSc Psychology,LC0200A,SS1011,11001,T01
2546,BSocSc Psychology,LC0200A,SS1101,11006,C01
2547,BSocSc Social Work,GE1401,SS1011,10999,C01
2547,BSocSc Social Work,GE1401,SS1011,11002,T02
2547,BSocSc Social Work,GE1401,SS1101,11006,C01
2547,BSocSc Social Work,GE1401,GE1401,12121,T33
2548,BSocSc Social Work,GE1401,GE1401,10685,T08
2548,BSocSc Social Work,GE1401,SS1011,10999,C01
2548,BSocSc Social Work,GE1401,SS1011,11005,T05
2548,BSocSc Social Work,GE1401,SS1101,11006,C01
2549,BSocSc Social Work,GE1401,SS1011,10999,C01
2549,BSocSc Social Work,GE1401,SS1011,11004,T04
2549,BSocSc Social Work,GE1401,SS1101,11172,CM1
2549,BSocSc Social Work,GE1401,GE1401,12126,T67
2550,BSocSc Social Work,GE1401,GE1401,10696,T20
2550,BSocSc Social Work,GE1401,SS1011,10999,C01
2550,BSocSc Social Work,GE1401,SS1011,11005,T05
2550,BSocSc Social Work,GE1401,SS1101,11006,C01
2551,BSocSc Social Work,GE1401,GE1401,10679,T02
2551,BSocSc Social Work,GE1401,SS1011,10999,C01
2551,BSocSc Social Work,GE1401,SS1011,11001,T01
2551,BSocSc Social Work,GE1401,SS1101,11006,C01
2552,BSocSc Social Work,GE1401,SS1011,10999,C01
2552,BSocSc Social Work,GE1401,SS1011,11002,T02
2552,BSocSc Social Work,GE1401,SS1101,11006,C01
2552,BSocSc Social Work,GE1401,GE1401,14941,TA3
2553,BSocSc Social Work,GE1401,SS1011,10999,C01
2553,BSocSc Social Work,GE1401,SS1011,11001,T01
2553,BSocSc Social Work,GE1401,SS1101,11006,C01
2553,BSocSc Social Work,GE1401,GE1401,11496,T79
2554,BSocSc Social Work,GE1401,GE1401,10688,T11
2554,BSocSc Social Work,GE1401,SS1011,10999,C01
2554,BSocSc Social Work,GE1401,SS1011,11004,T04
2554,BSocSc Social Work,GE1401,SS1101,11172,CM1
2555,BSocSc Social Work,GE1401,SS1101,11006,C01
2555,BSocSc Social Work,GE1401,SS1011,11321,CG1
2555,BSocSc Social Work,GE1401,SS1011,11323,TG2
2555,BSocSc Social Work,GE1401,GE1401,12124,T49
2556,BSocSc Social Work,GE1401,SS1011,10999,C01
2556,BSocSc Social Work,GE1401,SS1011,11003,T03
2556,BSocSc Social Work,GE1401,SS1101,11006,C01
2556,BSocSc Social Work,GE1401,GE1401,13576,TB5
2557,BSocSc Social Work,GE1401,SS1101,11172,CM1
2557,BSocSc Social Work,GE1401,SS1011,11321,CG1
2557,BSocSc Social Work,GE1401,SS1011,11324,TG3
2557,BSocSc Social Work,GE1401,GE1401,11504,T90
2558,BSocSc Social Work,GE1401,GE1401,10722,T55
2558,BSocSc Social Work,GE1401,SS1011,10999,C01
2558,BSocSc Social Work,GE1401,SS1011,11004,T04
2558,BSocSc Social Work,GE1401,SS1101,11006,C01
2559,BSocSc Social Work,GE1401,GE1401,10720,T53
2559,BSocSc Social Work,GE1401,SS1011,10999,C01
2559,BSocSc Social Work,GE1401,SS1011,11005,T05
2559,BSocSc Social Work,GE1401,SS1101,11006,C01
2560,BSocSc Social Work,GE1401,GE1401,10689,T12
2560,BSocSc Social Work,GE1401,SS1011,10999,C01
2560,BSocSc Social Work,GE1401,SS1011,11003,T03
2560,BSocSc Social Work,GE1401,SS1101,11006,C01
2561,BSocSc Social Work,GE1401,GE1401,10724,T57
2561,BSocSc Social Work,GE1401,SS1101,11172,CM1
2561,BSocSc Social Work,GE1401,SS1011,11321,CG1
2561,BSocSc Social Work,GE1401,SS1011,11322,TG1
2562,BSocSc Social Work,GE1401,GE1401,10694,T17
2562,BSocSc Social Work,GE1401,SS1011,10999,C01
2562,BSocSc Social Work,GE1401,SS1011,11003,T03
2562,BSocSc Social Work,GE1401,SS1101,11172,CM1
2563,BSocSc Social Work,GE1401,GE1401,10719,T52
2563,BSocSc Social Work,GE1401,SS1011,10999,C01
2563,BSocSc Social Work,GE1401,SS1011,11005,T05
2563,BSocSc Social Work,GE1401,SS1101,11006,C01
2564,BSocSc Social Work,GE1401,SS1011,10999,C01
2564,BSocSc Social Work,GE1401,SS1011,11002,T02
2564,BSocSc Social Work,GE1401,SS1101,11006,C01
2564,BSocSc Social Work,GE1401,GE1401,15183,TC4
2565,BSocSc Social Work,GE1401,SS1101,11172,CM1
2565,BSocSc Social Work,GE1401,SS1011,11321,CG1
2565,BSocSc Social Work,GE1401,GE1401,11494,T76
2565,BSocSc Social Work,GE1401,SS1011,11868,TG5
2566,BSocSc Social Work,GE1401,GE1401,10701,T25
2566,BSocSc Social Work,GE1401,SS1011,10999,C01
2566,BSocSc Social Work,GE1401,SS1011,11002,T02
2566,BSocSc Social Work,GE1401,SS1101,11006,C01
2567,BSocSc Social Work,GE1401,GE1401,10714,T43
2567,BSocSc Social Work,GE1401,SS1101,11006,C01
2567,BSocSc Social Work,GE1401,SS1011,11321,CG1
2567,BSocSc Social Work,GE1401,SS1011,11323,TG2
2568,BSocSc Social Work,GE1401,GE1401,10357,T01
2568,BSocSc Social Work,GE1401,SS1011,10999,C01
2568,BSocSc Social Work,GE1401,SS1011,11005,T05
2568,BSocSc Social Work,GE1401,SS1101,11006,C01
2569,BSocSc Social Work,GE1401,SS1011,10999,C01
2569,BSocSc Social Work,GE1401,SS1011,11001,T01
2569,BSocSc Social Work,GE1401,SS1101,11007,CJ1
2569,BSocSc Social Work,GE1401,GE1401,12398,T70
2570,BSocSc Social Work,GE1401,SS1011,10999,C01
2570,BSocSc Social Work,GE1401,SS1011,11001,T01
2570,BSocSc Social Work,GE1401,SS1101,11006,C01
2570,BSocSc Social Work,GE1401,GE1401,15600,T14
2571,BSocSc Social Work,GE1401,GE1401,10680,T03
2571,BSocSc Social Work,GE1401,SS1011,10999,C01
2571,BSocSc Social Work,GE1401,SS1011,11004,T04
2571,BSocSc Social Work,GE1401,SS1101,11172,CM1
2572,BSocSc Social Work,GE1401,GE1401,10694,T17
2572,BSocSc Social Work,GE1401,SS1011,10999,C01
2572,BSocSc Social Work,GE1401,SS1011,11004,T04
2572,BSocSc Social Work,GE1401,SS1101,11006,C01
2573,BSocSc Social Work,GE1401,SS1011,10999,C01
2573,BSocSc Social Work,GE1401,SS1011,11001,T01
2573,BSocSc Social Work,GE1401,SS1101,11172,CM1
2573,BSocSc Social Work,GE1401,GE1401,11495,T77
2574,BSocSc Social Work,GE1401,SS1011,10999,C01
2574,BSocSc Social Work,GE1401,SS1011,11002,T02
2574,BSocSc Social Work,GE1401,SS1101,11006,C01
2574,BSocSc Social Work,GE1401,GE1401,11498,T83
2575,BSocSc Social Work,GE1401,SS1011,10999,C01
2575,BSocSc Social Work,GE1401,SS1011,11001,T01
2575,BSocSc Social Work,GE1401,SS1101,11006,C01
2575,BSocSc Social Work,GE1401,GE1401,12399,T72
2576,BSocSc Social Work,GE1401,GE1401,10690,T13
2576,BSocSc Social Work,GE1401,SS1011,10999,C01
2576,BSocSc Social Work,GE1401,SS1011,11004,T04
2576,BSocSc Social Work,GE1401,SS1101,11172,CM1
2577,BSocSc Social Work,LC0200A,LC0200A,10890,T22
2577,BSocSc Social Work,LC0200A,SS1011,10999,C01
2577,BSocSc Social Work,LC0200A,SS1011,11005,T05
2577,BSocSc Social Work,LC0200A,SS1101,11006,C01
2578,BSocSc Social Work,LC0200A,LC0200A,10897,T29
2578,BSocSc Social Work,LC0200A,SS1011,10999,C01
2578,BSocSc Social Work,LC0200A,SS1011,11001,T01
2578,BSocSc Social Work,LC0200A,SS1101,11172,CM1
2579,BSocSc Social Work,LC0200A,LC0200A,10897,T29
2579,BSocSc Social Work,LC0200A,SS1011,10999,C01
2579,BSocSc Social Work,LC0200A,SS1011,11003,T03
2579,BSocSc Social Work,LC0200A,SS1101,11006,C01
2580,BSocSc Social Work,LC0200A,SS1101,11006,C01
2580,BSocSc Social Work,LC0200A,LC0200A,11173,T33
2580,BSocSc Social Work,LC0200A,SS1011,11321,CG1
2580,BSocSc Social Work,LC0200A,SS1011,11322,TG1
2581,BSocSc Social Work,LC0200A,LC0200A,10876,T07
2581,BSocSc Social Work,LC0200A,SS1011,10999,C01
2581,BSocSc Social Work,LC0200A,SS1011,11001,T01
2581,BSocSc Social Work,LC0200A,SS1101,11006,C01
2582,BSocSc Social Work,LC0200A,LC0200A,10875,T06
2582,BSocSc Social Work,LC0200A,SS1011,10999,C01
2582,BSocSc Social Work,LC0200A,SS1011,11004,T04
2582,BSocSc Social Work,LC0200A,SS1101,11006,C01
2583,BSocSc Social Work,LC0200A,LC0200A,10887,T19
2583,BSocSc Social Work,LC0200A,SS1011,10999,C01
2583,BSocSc Social Work,LC0200A,SS1011,11005,T05
2583,BSocSc Social Work,LC0200A,SS1101,11006,C01
2584,BSocSc Social Work,LC0200A,LC0200A,10862,T02
2584,BSocSc Social Work,LC0200A,SS1011,10999,C01
2584,BSocSc Social Work,LC0200A,SS1011,11002,T02
2584,BSocSc Social Work,LC0200A,SS1101,11006,C01
2585,BSocSc Social Work,LC0200A,LC0200A,10885,T16
2585,BSocSc Social Work,LC0200A,SS1101,11007,CJ1
2585,BSocSc Social Work,LC0200A,SS1011,11321,CG1
2585,BSocSc Social Work,LC0200A,SS1011,11867,TG4
2586,BSocSc Social Work,LC0200A,LC0200A,10877,T08
2586,BSocSc Social Work,LC0200A,SS1101,11172,CM1
2586,BSocSc Social Work,LC0200A,SS1011,11321,CG1
2586,BSocSc Social Work,LC0200A,SS1011,11868,TG5
2587,BSocSc Social Work,LC0200A,LC0200A,10892,T24
2587,BSocSc Social Work,LC0200A,SS1101,11007,CJ1
2587,BSocSc Social Work,LC0200A,SS1011,11321,CG1
2587,BSocSc Social Work,LC0200A,SS1011,11867,TG4
2588,BSocSc Social Work,LC0200A,LC0200A,10862,T02
2588,BSocSc Social Work,LC0200A,SS1011,10999,C01
2588,BSocSc Social Work,LC0200A,SS1011,11001,T01
2588,BSocSc Social Work,LC0200A,SS1101,11006,C01
2589,BSocSc Social Work,LC0200A,SS1011,10999,C01
2589,BSocSc Social Work,LC0200A,SS1011,11002,T02
2589,BSocSc Social Work,LC0200A,SS1101,11006,C01
2589,BSocSc Social Work,LC0200A,LC0200A,11975,T35
2590,BA Creative Media,GE1401,SM1103A,11198,C01
2590,BA Creative Media,GE1401,SM1701,11745,C01
2590,BA Creative Media,GE1401,GE1401,12735,T74
2590,BA Creative Media,GE1401,SM1702A,15381,C01
2590,BA Creative Media,GE1401,SM1702A,15386,L05
2591,BA Creative Media,GE1401,SM1103A,11200,C03
2591,BA Creative Media,GE1401,SM1701,11745,C01
2591,BA Creative Media,GE1401,GE1401,14270,TB7
2591,BA Creative Media,GE1401,SM1702A,15381,C01
2591,BA Creative Media,GE1401,SM1702A,15385,L04
2592,BA Creative Media,GE1401,GE1401,10705,T30
2592,BA Creative Media,GE1401,SM1103A,11198,C01
2592,BA Creative Media,GE1401,SM1701,12136,CA2
2592,BA Creative Media,GE1401,SM1702A,15381,C01
2592,BA Creative Media,GE1401,SM1702A,15383,L02
2593,BA Creative Media,GE1401,GE1401,10681,T04
2593,BA Creative Media,GE1401,SM1103A,11198,C01
2593,BA Creative Media,GE1401,SM1701,12134,C02
2593,BA Creative Media,GE1401,SM1702A,15381,C01
2593,BA Creative Media,GE1401,SM1702A,15382,L01
2594,BA Creative Media,GE1401,SM1103A,11198,C01
2594,BA Creative Media,GE1401,SM1701,12134,C02
2594,BA Creative Media,GE1401,GE1401,15180,TC1
2594,BA Creative Media,GE1401,SM1702A,15381,C01
2594,BA Creative Media,GE1401,SM1702A,15385,L04
2595,BA Creative Media,GE1401,SM1701,11745,C01
2595,BA Creative Media,GE1401,SM1103A,15048,C04
2595,BA Creative Media,GE1401,SM1702A,15381,C01
2595,BA Creative Media,GE1401,SM1702A,15385,L04
2595,BA Creative Media,GE1401,GE1401,15602,T58
2596,BA Creative Media,GE1401,GE1401,10706,T31
2596,BA Creative Media,GE1401,SM1701,11745,C01
2596,BA Creative Media,GE1401,SM1103A,15048,C04
2596,BA Creative Media,GE1401,SM1702A,15381,C01
2596,BA Creative Media,GE1401,SM1702A,15384,L03
2597,BA Creative Media,GE1401,SM1103A,11198,C01
2597,BA Creative Media,GE1401,SM1701,12136,CA2
2597,BA Creative Media,GE1401,GE1401,13561,T95
2597,BA Creative Media,GE1401,SM1702A,15381,C01
2597,BA Creative Media,GE1401,SM1702A,15383,L02
2598,BA Creative Media,GE1401,GE1401,10686,T09
2598,BA Creative Media,GE1401,SM1103A,11199,C02
2598,BA Creative Media,GE1401,SM1701,12136,CA2
2598,BA Creative Media,GE1401,SM1702A,15381,C01
2598,BA Creative Media,GE1401,SM1702A,15387,L06
2599,BA Creative Media,GE1401,SM1103A,11200,C03
2599,BA Creative Media,GE1401,SM1701,12136,CA2
2599,BA Creative Media,GE1401,GE1401,13571,T99
2599,BA Creative Media,GE1401,SM1702A,15381,C01
2599,BA Creative Media,GE1401,SM1702A,15386,L05
2600,BA Creative Media,GE1401,GE1401,10718,T50
2600,BA Creative Media,GE1401,SM1103A,11200,C03
2600,BA Creative Media,GE1401,SM1701,12136,CA2
2600,BA Creative Media,GE1401,SM1702A,15381,C01
2600,BA Creative Media,GE1401,SM1702A,15387,L06
2601,BA Creative Media,GE1401,SM1103A,11200,C03
2601,BA Creative Media,GE1401,SM1701,12134,C02
2601,BA Creative Media,GE1401,GE1401,13561,T95
2601,BA Creative Media,GE1401,SM1702A,15381,C01
2601,BA Creative Media,GE1401,SM1702A,15383,L02
2602,BA Creative Media,GE1401,SM1701,11745,C01
2602,BA Creative Media,GE1401,GE1401,12127,T84
2602,BA Creative Media,GE1401,SM1103A,15048,C04
2602,BA Creative Media,GE1401,SM1702A,15381,C01
2602,BA Creative Media,GE1401,SM1702A,15384,L03
2603,BA Creative Media,GE1401,GE1401,10706,T31
2603,BA Creative Media,GE1401,SM1701,11745,C01
2603,BA Creative Media,GE1401,SM1103A,12664,CA1
2603,BA Creative Media,GE1401,SM1702A,15381,C01
2603,BA Creative Media,GE1401,SM1702A,15384,L03
2604,BA Creative Media,GE1401,SM1103A,11200,C03
2604,BA Creative Media,GE1401,SM1701,12134,C02
2604,BA Creative Media,GE1401,SM1702A,15381,C01
2604,BA Creative Media,GE1401,SM1702A,15386,L05
2604,BA Creative Media,GE1401,GE1401,15600,T14
2605,BA Creative Media,GE1401,SM1103A,11198,C01
2605,BA Creative Media,GE1401,SM1701,11745,C01
2605,BA Creative Media,GE1401,GE1401,12733,T62
2605,BA Creative Media,GE1401,SM1702A,15381,C01
2605,BA Creative Media,GE1401,SM1702A,15382,L01
2606,BA Creative Media,GE1401,SM1103A,11198,C01
2606,BA Creative Media,GE1401,SM1701,11745,C01
2606,BA Creative Media,GE1401,GE1401,15206,TC6
2606,BA Creative Media,GE1401,SM1702A,15381,C01
2606,BA Creative Media,GE1401,SM1702A,15386,L05
2607,BA Creative Media,GE1401,GE1401,12119,T18
2607,BA Creative Media,GE1401,SM1701,12134,C02
2607,BA Creative Media,GE1401,SM1103A,15048,C04
2607,BA Creative Media,GE1401,SM1702A,15381,C01
2607,BA Creative Media,GE1401,SM1702A,15384,L03
2608,BA Creative Media,GE1401,GE1401,10724,T57
2608,BA Creative Media,GE1401,SM1701,12134,C02
2608,BA Creative Media,GE1401,SM1103A,15048,C04
2608,BA Creative Media,GE1401,SM1702A,15381,C01
2608,BA Creative Media,GE1401,SM1702A,15385,L04
2609,BA Creative Media,GE1401,SM1103A,11198,C01
2609,BA Creative Media,GE1401,GE1401,11497,T81
2609,BA Creative Media,GE1401,SM1701,12134,C02
2609,BA Creative Media,GE1401,SM1702A,15381,C01
2609,BA Creative Media,GE1401,SM1702A,15384,L03
2610,BA Creative Media,GE1401,SM1701,12135,CA1
2610,BA Creative Media,GE1401,SM1103A,12664,CA1
2610,BA Creative Media,GE1401,GE1401,15205,TC5
2610,BA Creative Media,GE1401,SM1702A,15381,C01
2610,BA Creative Media,GE1401,SM1702A,15385,L04
2611,BA Creative Media,GE1401,SM1701,11745,C01
2611,BA Creative Media,GE1401,GE1401,13577,TB6
2611,BA Creative Media,GE1401,SM1103A,15048,C04
2611,BA Creative Media,GE1401,SM1702A,15381,C01
2611,BA Creative Media,GE1401,SM1702A,15387,L06
2612,BA Creative Media,GE1401,SM1103A,11199,C02
2612,BA Creative Media,GE1401,SM1701,11745,C01
2612,BA Creative Media,GE1401,GE1401,15206,TC6
2612,BA Creative Media,GE1401,SM1702A,15388,CA1
2612,BA Creative Media,GE1401,SM1702A,15389,LA1
2613,BA Creative Media,GE1401,GE1401,10689,T12
2613,BA Creative Media,GE1401,SM1103A,11199,C02
2613,BA Creative Media,GE1401,SM1701,12136,CA2
2613,BA Creative Media,GE1401,SM1702A,15381,C01
2613,BA Creative Media,GE1401,SM1702A,15384,L03
2614,BA Creative Media,GE1401,GE1401,10686,T09
2614,BA Creative Media,GE1401,SM1103A,11198,C01
2614,BA Creative Media,GE1401,SM1701,12134,C02
2614,BA Creative Media,GE1401,SM1702A,15381,C01
2614,BA Creative Media,GE1401,SM1702A,15385,L04
2615,BA Creative Media,GE1401,GE1401,10704,T29
2615,BA Creative Media,GE1401,SM1103A,11198,C01
2615,BA Creative Media,GE1401,SM1701,12134,C02
2615,BA Creative Media,GE1401,SM1702A,15381,C01
2615,BA Creative Media,GE1401,SM1702A,15387,L06
2616,BA Creative Media,GE1401,SM1103A,11198,C01
2616,BA Creative Media,GE1401,SM1701,12134,C02
2616,BA Creative Media,GE1401,GE1401,15180,TC1
2616,BA Creative Media,GE1401,SM1702A,15381,C01
2616,BA Creative Media,GE1401,SM1702A,15387,L06
2617,BA Creative Media,GE1401,SM1701,11745,C01
2617,BA Creative Media,GE1401,SM1103A,15048,C04
2617,BA Creative Media,GE1401,SM1702A,15381,C01
2617,BA Creative Media,GE1401,SM1702A,15385,L04
2617,BA Creative Media,GE1401,GE1401,15600,T14
2618,BA Creative Media,GE1401,SM1103A,11200,C03
2618,BA Creative Media,GE1401,SM1701,11745,C01
2618,BA Creative Media,GE1401,GE1401,12398,T70
2618,BA Creative Media,GE1401,SM1702A,15381,C01
2618,BA Creative Media,GE1401,SM1702A,15382,L01
2619,BA Creative Media,GE1401,SM1103A,11198,C01
2619,BA Creative Media,GE1401,GE1401,11451,T68
2619,BA Creative Media,GE1401,SM1701,11745,C01
2619,BA Creative Media,GE1401,SM1702A,15381,C01
2619,BA Creative Media,GE1401,SM1702A,15384,L03
2620,BA Creative Media,GE1401,SM1103A,11200,C03
2620,BA Creative Media,GE1401,GE1401,11504,T90
2620,BA Creative Media,GE1401,SM1701,12135,CA1
2620,BA Creative Media,GE1401,SM1702A,15381,C01
2620,BA Creative Media,GE1401,SM1702A,15385,L04
2621,BA Creative Media,GE1401,SM1103A,11198,C01
2621,BA Creative Media,GE1401,SM1701,12134,C02
2621,BA Creative Media,GE1401,GE1401,15206,TC6
2621,BA Creative Media,GE1401,SM1702A,15381,C01
2621,BA Creative Media,GE1401,SM1702A,15382,L01
2622,BA Creative Media,GE1401,SM1701,12134,C02
2622,BA Creative Media,GE1401,SM1103A,12664,CA1
2622,BA Creative Media,GE1401,GE1401,12733,T62
2622,BA Creative Media,GE1401,SM1702A,15381,C01
2622,BA Creative Media,GE1401,SM1702A,15383,L02
2623,BA Creative Media,GE1401,GE1401,10706,T31
2623,BA Creative Media,GE1401,SM1103A,11198,C01
2623,BA Creative Media,GE1401,SM1701,11745,C01
2623,BA Creative Media,GE1401,SM1702A,15381,C01
2623,BA Creative Media,GE1401,SM1702A,15387,L06
2624,BA Creative Media,GE1401,GE1401,10701,T25
2624,BA Creative Media,GE1401,SM1103A,11199,C02
2624,BA Creative Media,GE1401,SM1701,12135,CA1
2624,BA Creative Media,GE1401,SM1702A,15388,CA1
2624,BA Creative Media,GE1401,SM1702A,15390,LA4
2625,BA Creative Media,GE1401,SM1103A,11200,C03
2625,BA Creative Media,GE1401,SM1701,11745,C01
2625,BA Creative Media,GE1401,GE1401,15206,TC6
2625,BA Creative Media,GE1401,SM1702A,15381,C01
2625,BA Creative Media,GE1401,SM1702A,15385,L04
2626,BA Creative Media,GE1401,SM1103A,11200,C03
2626,BA Creative Media,GE1401,SM1701,11745,C01
2626,BA Creative Media,GE1401,SM1702A,15381,C01
2626,BA Creative Media,GE1401,SM1702A,15383,L02
2626,BA Creative Media,GE1401,GE1401,15602,T58
2627,BA Creative Media,GE1401,GE1401,10698,T22
2627,BA Creative Media,GE1401,SM1103A,11200,C03
2627,BA Creative Media,GE1401,SM1701,11745,C01
2627,BA Creative Media,GE1401,SM1702A,15388,CA1
2627,BA Creative Media,GE1401,SM1702A,15390,LA4
2628,BA Creative Media,GE1401,SM1103A,11200,C03
2628,BA Creative Media,GE1401,SM1701,12134,C02
2628,BA Creative Media,GE1401,GE1401,12734,T71
2628,BA Creative Media,GE1401,SM1702A,15381,C01
2628,BA Creative Media,GE1401,SM1702A,15386,L05
2629,BA Creative Media,LC0200A,LC0200A,11029,T30
2629,BA Creative Media,LC0200A,SM1103A,11200,C03
2629,BA Creative Media,LC0200A,SM1701,11745,C01
2629,BA Creative Media,LC0200A,SM1702A,15381,C01
2629,BA Creative Media,LC0200A,SM1702A,15384,L03
2630,BA Creative Media,LC0200A,LC0200A,10896,T28
2630,BA Creative Media,LC0200A,SM1701,12134,C02
2630,BA Creative Media,LC0200A,SM1103A,15048,C04
2630,BA Creative Media,LC0200A,SM1702A,15381,C01
2630,BA Creative Media,LC0200A,SM1702A,15384,L03
2631,BA Creative Media,LC0200A,LC0200A,10863,T03
2631,BA Creative Media,LC0200A,SM1103A,11200,C03
2631,BA Creative Media,LC0200A,SM1701,12134,C02
2631,BA Creative Media,LC0200A,SM1702A,15381,C01
2631,BA Creative Media,LC0200A,SM1702A,15386,L05
2632,BA Creative Media,LC0200A,LC0200A,10894,T26
2632,BA Creative Media,LC0200A,SM1103A,11198,C01
2632,BA Creative Media,LC0200A,SM1701,12134,C02
2632,BA Creative Media,LC0200A,SM1702A,15381,C01
2632,BA Creative Media,LC0200A,SM1702A,15386,L05
2633,BA Creative Media,LC0200A,LC0200A,10885,T16
2633,BA Creative Media,LC0200A,SM1103A,11199,C02
2633,BA Creative Media,LC0200A,SM1701,11745,C01
2633,BA Creative Media,LC0200A,SM1702A,15381,C01
2633,BA Creative Media,LC0200A,SM1702A,15383,L02
2634,BA Creative Media,LC0200A,LC0200A,11170,T32
2634,BA Creative Media,LC0200A,SM1103A,11198,C01
2634,BA Creative Media,LC0200A,SM1701,12136,CA2
2634,BA Creative Media,LC0200A,SM1702A,15381,C01
2634,BA Creative Media,LC0200A,SM1702A,15382,L01
2635,BA Creative Media,LC0200A,LC0200A,10877,T08
2635,BA Creative Media,LC0200A,SM1103A,11199,C02
2635,BA Creative Media,LC0200A,SM1701,12134,C02
2635,BA Creative Media,LC0200A,SM1702A,15381,C01
2635,BA Creative Media,LC0200A,SM1702A,15386,L05
2636,BA Creative Media,LC0200A,LC0200A,10895,T27
2636,BA Creative Media,LC0200A,SM1701,12135,CA1
2636,BA Creative Media,LC0200A,SM1103A,15048,C04
2636,BA Creative Media,LC0200A,SM1702A,15381,C01
2636,BA Creative Media,LC0200A,SM1702A,15382,L01
2637,BA Creative Media,LC0200A,LC0200A,10885,T16
2637,BA Creative Media,LC0200A,SM1103A,11200,C03
2637,BA Creative Media,LC0200A,SM1701,12134,C02
2637,BA Creative Media,LC0200A,SM1702A,15381,C01
2637,BA Creative Media,LC0200A,SM1702A,15383,L02
2638,BA Creative Media,LC0200A,LC0200A,10876,T07
2638,BA Creative Media,LC0200A,SM1103A,11200,C03
2638,BA Creative Media,LC0200A,SM1701,12134,C02
2638,BA Creative Media,LC0200A,SM1702A,15381,C01
2638,BA Creative Media,LC0200A,SM1702A,15386,L05
2639,BA Creative Media,LC0200A,LC0200A,10879,T10
2639,BA Creative Media,LC0200A,SM1103A,11199,C02
2639,BA Creative Media,LC0200A,SM1701,12136,CA2
2639,BA Creative Media,LC0200A,SM1702A,15381,C01
2639,BA Creative Media,LC0200A,SM1702A,15386,L05
2640,BA Creative Media,LC0200A,LC0200A,10891,T23
2640,BA Creative Media,LC0200A,SM1103A,11200,C03
2640,BA Creative Media,LC0200A,SM1701,11745,C01
2640,BA Creative Media,LC0200A,SM1702A,15381,C01
2640,BA Creative Media,LC0200A,SM1702A,15382,L01
2641,BA Creative Media,LC0200A,LC0200A,10865,T05
2641,BA Creative Media,LC0200A,SM1103A,11200,C03
2641,BA Creative Media,LC0200A,SM1701,12134,C02
2641,BA Creative Media,LC0200A,SM1702A,15381,C01
2641,BA Creative Media,LC0200A,SM1702A,15383,L02
2642,BA Creative Media,LC0200A,LC0200A,10876,T07
2642,BA Creative Media,LC0200A,SM1103A,11199,C02
2642,BA Creative Media,LC0200A,SM1701,12134,C02
2642,BA Creative Media,LC0200A,SM1702A,15388,CA1
2642,BA Creative Media,LC0200A,SM1702A,15390,LA4
2643,BA Creative Media,LC0200A,LC0200A,11029,T30
2643,BA Creative Media,LC0200A,SM1103A,11199,C02
2643,BA Creative Media,LC0200A,SM1701,12136,CA2
2643,BA Creative Media,LC0200A,SM1702A,15381,C01
2643,BA Creative Media,LC0200A,SM1702A,15383,L02
2644,BA Creative Media,LC0200A,LC0200A,10864,T04
2644,BA Creative Media,LC0200A,SM1103A,11198,C01
2644,BA Creative Media,LC0200A,SM1701,12135,CA1
2644,BA Creative Media,LC0200A,SM1702A,15381,C01
2644,BA Creative Media,LC0200A,SM1702A,15383,L02
2645,BA Creative Media,LC0200A,LC0200A,10896,T28
2645,BA Creative Media,LC0200A,SM1103A,11198,C01
2645,BA Creative Media,LC0200A,SM1701,11745,C01
2645,BA Creative Media,LC0200A,SM1702A,15381,C01
2645,BA Creative Media,LC0200A,SM1702A,15384,L03
2646,BSc Creative Media,GE1401,SM2714,10986,C02
2646,BSc Creative Media,GE1401,CS1103B,11249,L01
2646,BSc Creative Media,GE1401,SM1701,12134,C02
2646,BSc Creative Media,GE1401,GE1401,13571,T99
2646,BSc Creative Media,GE1401,SM1702A,15381,C01
2646,BSc Creative Media,GE1401,SM1702A,15384,L03
2647,BSc Creative Media,GE1401,GE1401,10687,T10
2647,BSc Creative Media,GE1401,SM2714,10984,C01
2647,BSc Creative Media,GE1401,CS1103B,11249,L01
2647,BSc Creative Media,GE1401,SM1701,11745,C01
2647,BSc Creative Media,GE1401,SM1702A,15381,C01
2647,BSc Creative Media,GE1401,SM1702A,15387,L06
2648,BSc Creative Media,GE1401,GE1401,10689,T12
2648,BSc Creative Media,GE1401,SM2714,10986,C02
2648,BSc Creative Media,GE1401,CS1103B,11249,L01
2648,BSc Creative Media,GE1401,SM1701,12134,C02
2648,BSc Creative Media,GE1401,SM1702A,15381,C01
2648,BSc Creative Media,GE1401,SM1702A,15382,L01
2649,BSc Creative Media,GE1401,GE1401,10707,T32
2649,BSc Creative Media,GE1401,SM2714,10984,C01
2649,BSc Creative Media,GE1401,CS1103B,11249,L01
2649,BSc Creative Media,GE1401,SM1701,11745,C01
2649,BSc Creative Media,GE1401,SM1702A,15381,C01
2649,BSc Creative Media,GE1401,SM1702A,15385,L04
2650,BSc Creative Media,GE1401,GE1401,10724,T57
2650,BSc Creative Media,GE1401,SM2714,10985,CA1
2650,BSc Creative Media,GE1401,CS1103B,11249,L01
2650,BSc Creative Media,GE1401,SM1701,11745,C01
2650,BSc Creative Media,GE1401,SM1702A,15381,C01
2650,BSc Creative Media,GE1401,SM1702A,15383,L02
2651,BSc Creative Media,GE1401,GE1401,10720,T53
2651,BSc Creative Media,GE1401,SM2714,10985,CA1
2651,BSc Creative Media,GE1401,CS1103B,11249,L01
2651,BSc Creative Media,GE1401,SM1701,11745,C01
2651,BSc Creative Media,GE1401,SM1702A,15381,C01
2651,BSc Creative Media,GE1401,SM1702A,15383,L02
2652,BSc Creative Media,GE1401,SM2714,10986,C02
2652,BSc Creative Media,GE1401,CS1103B,11249,L01
2652,BSc Creative Media,GE1401,SM1701,12135,CA1
2652,BSc Creative Media,GE1401,GE1401,14271,TB8
2652,BSc Creative Media,GE1401,SM1702A,15381,C01
2652,BSc Creative Media,GE1401,SM1702A,15382,L01
2653,BSc Creative Media,GE1401,SM2714,10985,CA1
2653,BSc Creative Media,GE1401,CS1103B,11249,L01
2653,BSc Creative Media,GE1401,SM1701,11745,C01
2653,BSc Creative Media,GE1401,GE1401,12119,T18
2653,BSc Creative Media,GE1401,SM1702A,15381,C01
2653,BSc Creative Media,GE1401,SM1702A,15387,L06
2654,BSc Creative Media,GE1401,SM2714,10984,C01
2654,BSc Creative Media,GE1401,CS1103B,11249,L01
2654,BSc Creative Media,GE1401,SM1701,12135,CA1
2654,BSc Creative Media,GE1401,GE1401,13574,TB3
2654,BSc Creative Media,GE1401,SM1702A,15381,C01
2654,BSc Creative Media,GE1401,SM1702A,15385,L04
2655,BSc Creative Media,GE1401,SM2714,10984,C01
2655,BSc Creative Media,GE1401,CS1103B,11249,L01
2655,BSc Creative Media,GE1401,SM1701,11745,C01
2655,BSc Creative Media,GE1401,GE1401,13572,TB1
2655,BSc Creative Media,GE1401,SM1702A,15381,C01
2655,BSc Creative Media,GE1401,SM1702A,15383,L02
2656,BSc Creative Media,GE1401,SM2714,10986,C02
2656,BSc Creative Media,GE1401,CS1103B,11249,L01
2656,BSc Creative Media,GE1401,SM1701,12134,C02
2656,BSc Creative Media,GE1401,GE1401,13568,T96
2656,BSc Creative Media,GE1401,SM1702A,15381,C01
2656,BSc Creative Media,GE1401,SM1702A,15384,L03
2657,BSc Creative Media,GE1401,SM2714,10986,C02
2657,BSc Creative Media,GE1401,CS1103B,11249,L01
2657,BSc Creative Media,GE1401,SM1701,11745,C01
2657,BSc Creative Media,GE1401,GE1401,13571,T99
2657,BSc Creative Media,GE1401,SM1702A,15381,C01
2657,BSc Creative Media,GE1401,SM1702A,15383,L02
2658,BSc Creative Media,GE1401,GE1401,10726,T59
2658,BSc Creative Media,GE1401,SM2714,10985,CA1
2658,BSc Creative Media,GE1401,CS1103B,11249,L01
2658,BSc Creative Media,GE1401,SM1701,11745,C01
2658,BSc Creative Media,GE1401,SM1702A,15381,C01
2658,BSc Creative Media,GE1401,SM1702A,15386,L05
2659,BSc Creative Media,GE1401,GE1401,10695,T19
2659,BSc Creative Media,GE1401,SM2714,10986,C02
2659,BSc Creative Media,GE1401,CS1103B,11249,L01
2659,BSc Creative Media,GE1401,SM1701,12134,C02
2659,BSc Creative Media,GE1401,SM1702A,15381,C01
2659,BSc Creative Media,GE1401,SM1702A,15382,L01
2660,BSc Creative Media,GE1401,SM2714,10986,C02
2660,BSc Creative Media,GE1401,CS1103B,11249,L01
2660,BSc Creative Media,GE1401,SM1701,11745,C01
2660,BSc Creative Media,GE1401,GE1401,15206,TC6
2660,BSc Creative Media,GE1401,SM1702A,15381,C01
2660,BSc Creative Media,GE1401,SM1702A,15384,L03
2661,BSc Creative Media,GE1401,SM2714,10986,C02
2661,BSc Creative Media,GE1401,CS1103B,11249,L01
2661,BSc Creative Media,GE1401,GE1401,12122,T35
2661,BSc Creative Media,GE1401,SM1701,12134,C02
2661,BSc Creative Media,GE1401,SM1702A,15381,C01
2661,BSc Creative Media,GE1401,SM1702A,15383,L02
2662,BSc Creative Media,GE1401,GE1401,10694,T17
2662,BSc Creative Media,GE1401,SM2714,10986,C02
2662,BSc Creative Media,GE1401,CS1103B,11249,L01
2662,BSc Creative Media,GE1401,SM1701,12134,C02
2662,BSc Creative Media,GE1401,SM1702A,15381,C01
2662,BSc Creative Media,GE1401,SM1702A,15383,L02
2663,BSc Creative Media,GE1401,SM2714,10986,C02
2663,BSc Creative Media,GE1401,CS1103B,11249,L01
2663,BSc Creative Media,GE1401,GE1401,11505,T93
2663,BSc Creative Media,GE1401,SM1701,12134,C02
2663,BSc Creative Media,GE1401,SM1702A,15381,C01
2663,BSc Creative Media,GE1401,SM1702A,15382,L01
2664,BSc Creative Media,GE1401,GE1401,10680,T03
2664,BSc Creative Media,GE1401,SM2714,10984,C01
2664,BSc Creative Media,GE1401,CS1103B,11249,L01
2664,BSc Creative Media,GE1401,SM1701,11745,C01
2664,BSc Creative Media,GE1401,SM1702A,15381,C01
2664,BSc Creative Media,GE1401,SM1702A,15385,L04
2665,BSc Creative Media,GE1401,SM2714,10986,C02
2665,BSc Creative Media,GE1401,CS1103B,11249,L01
2665,BSc Creative Media,GE1401,SM1701,12136,CA2
2665,BSc Creative Media,GE1401,GE1401,15181,TC2
2665,BSc Creative Media,GE1401,SM1702A,15381,C01
2665,BSc Creative Media,GE1401,SM1702A,15383,L02
2666,BSc Creative Media,GE1401,GE1401,10718,T50
2666,BSc Creative Media,GE1401,SM2714,10986,C02
2666,BSc Creative Media,GE1401,CS1103B,11249,L01
2666,BSc Creative Media,GE1401,SM1701,12134,C02
2666,BSc Creative Media,GE1401,SM1702A,15381,C01
2666,BSc Creative Media,GE1401,SM1702A,15384,L03
2667,BSc Creative Media,GE1401,SM2714,10984,C01
2667,BSc Creative Media,GE1401,CS1103B,11249,L01
2667,BSc Creative Media,GE1401,GE1401,11503,T89
2667,BSc Creative Media,GE1401,SM1701,12135,CA1
2667,BSc Creative Media,GE1401,SM1702A,15381,C01
2667,BSc Creative Media,GE1401,SM1702A,15385,L04
2668,BSc Creative Media,GE1401,SM2714,10986,C02
2668,BSc Creative Media,GE1401,CS1103B,11249,L01
2668,BSc Creative Media,GE1401,SM1701,12134,C02
2668,BSc Creative Media,GE1401,GE1401,13574,TB3
2668,BSc Creative Media,GE1401,SM1702A,15381,C01
2668,BSc Creative Media,GE1401,SM1702A,15384,L03
2669,BSc Creative Media,GE1401,SM2714,10984,C01
2669,BSc Creative Media,GE1401,CS1103B,11249,L01
2669,BSc Creative Media,GE1401,SM1701,11745,C01
2669,BSc Creative Media,GE1401,GE1401,15180,TC1
2669,BSc Creative Media,GE1401,SM1702A,15381,C01
2669,BSc Creative Media,GE1401,SM1702A,15385,L04
2670,BSc Creative Media,GE1401,GE1401,10680,T03
2670,BSc Creative Media,GE1401,SM2714,10984,C01
2670,BSc Creative Media,GE1401,CS1103B,11249,L01
2670,BSc Creative Media,GE1401,SM1701,12135,CA1
2670,BSc Creative Media,GE1401,SM1702A,15381,C01
2670,BSc Creative Media,GE1401,SM1702A,15384,L03
2671,BSc Creative Media,GE1401,GE1401,10729,T63
2671,BSc Creative Media,GE1401,SM2714,10986,C02
2671,BSc Creative Media,GE1401,CS1103B,11249,L01
2671,BSc Creative Media,GE1401,SM1701,12135,CA1
2671,BSc Creative Media,GE1401,SM1702A,15381,C01
2671,BSc Creative Media,GE1401,SM1702A,15382,L01
2672,BSc Creative Media,LC0200A,SM2714,10986,C02
2672,BSc Creative Media,LC0200A,CS1103B,11249,L01
2672,BSc Creative Media,LC0200A,LC0200A,11976,T37
2672,BSc Creative Media,LC0200A,SM1701,12135,CA1
2672,BSc Creative Media,LC0200A,SM1702A,15388,CA1
2672,BSc Creative Media,LC0200A,SM1702A,15389,LA1
2673,BSc Creative Media,LC0200A,SM2714,10986,C02
2673,BSc Creative Media,LC0200A,CS1103B,11249,L01
2673,BSc Creative Media,LC0200A,SM1701,12136,CA2
2673,BSc Creative Media,LC0200A,LC0200A,12320,T38
2673,BSc Creative Media,LC0200A,SM1702A,15381,C01
2673,BSc Creative Media,LC0200A,SM1702A,15383,L02
2674,BSc Creative Media,LC0200A,LC0200A,10886,T17
2674,BSc Creative Media,LC0200A,SM2714,10986,C02
2674,BSc Creative Media,LC0200A,CS1103B,11249,L01
2674,BSc Creative Media,LC0200A,SM1701,11745,C01
2674,BSc Creative Media,LC0200A,SM1702A,15381,C01
2674,BSc Creative Media,LC0200A,SM1702A,15382,L01
2675,BSc Creative Media,LC0200A,LC0200A,10889,T21
2675,BSc Creative Media,LC0200A,SM2714,10986,C02
2675,BSc Creative Media,LC0200A,CS1103B,11249,L01
2675,BSc Creative Media,LC0200A,SM1701,12134,C02
2675,BSc Creative Media,LC0200A,SM1702A,15381,C01
2675,BSc Creative Media,LC0200A,SM1702A,15384,L03
2676,BSc Creative Media,LC0200A,LC0200A,10895,T27
2676,BSc Creative Media,LC0200A,SM2714,10985,CA1
2676,BSc Creative Media,LC0200A,CS1103B,11249,L01
2676,BSc Creative Media,LC0200A,SM1701,11745,C01
2676,BSc Creative Media,LC0200A,SM1702A,15381,C01
2676,BSc Creative Media,LC0200A,SM1702A,15383,L02
2677,BSc Creative Media,LC0200A,LC0200A,10883,T14
2677,BSc Creative Media,LC0200A,SM2714,10986,C02
2677,BSc Creative Media,LC0200A,CS1103B,11249,L01
2677,BSc Creative Media,LC0200A,SM1701,12134,C02
2677,BSc Creative Media,LC0200A,SM1702A,15381,C01
2677,BSc Creative Media,LC0200A,SM1702A,15384,L03
2678,BSc Creative Media,LC0200A,LC0200A,10863,T03
2678,BSc Creative Media,LC0200A,SM2714,10984,C01
2678,BSc Creative Media,LC0200A,CS1103B,11249,L01
2678,BSc Creative Media,LC0200A,SM1701,12135,CA1
2678,BSc Creative Media,LC0200A,SM1702A,15381,C01
2678,BSc Creative Media,LC0200A,SM1702A,15387,L06
2679,BSc Creative Media,LC0200A,LC0200A,10886,T17
2679,BSc Creative Media,LC0200A,SM2714,10985,CA1
2679,BSc Creative Media,LC0200A,CS1103B,11249,L01
2679,BSc Creative Media,LC0200A,SM1701,11745,C01
2679,BSc Creative Media,LC0200A,SM1702A,15381,C01
2679,BSc Creative Media,LC0200A,SM1702A,15382,L01
2680,BSc Creative Media,LC0200A,LC0200A,10897,T29
2680,BSc Creative Media,LC0200A,SM2714,10986,C02
2680,BSc Creative Media,LC0200A,CS1103B,11249,L01
2680,BSc Creative Media,LC0200A,SM1701,12136,CA2
2680,BSc Creative Media,LC0200A,SM1702A,15381,C01
2680,BSc Creative Media,LC0200A,SM1702A,15383,L02
2681,BSc Creative Media,LC0200A,LC0200A,10878,T09
2681,BSc Creative Media,LC0200A,SM2714,10986,C02
2681,BSc Creative Media,LC0200A,CS1103B,11249,L01
2681,BSc Creative Media,LC0200A,SM1701,12135,CA1
2681,BSc Creative Media,LC0200A,SM1702A,15381,C01
2681,BSc Creative Media,LC0200A,SM1702A,15383,L02
2682,BSc Creative Media,LC0200A,LC0200A,10894,T26
2682,BSc Creative Media,LC0200A,SM2714,10986,C02
2682,BSc Creative Media,LC0200A,CS1103B,11249,L01
2682,BSc Creative Media,LC0200A,SM1701,12134,C02
2682,BSc Creative Media,LC0200A,SM1702A,15381,C01
2682,BSc Creative Media,LC0200A,SM1702A,15383,L02
2683,BAS New Media,GE1401,SM1701,12136,CA2
2683,BAS New Media,GE1401,GE1401,14270,TB7
2683,BAS New Media,GE1401,SM1103A,15048,C04
2683,BAS New Media,GE1401,SM1702A,15381,C01
2683,BAS New Media,GE1401,SM1702A,15382,L01
2684,BAS New Media,GE1401,GE1401,10730,T64
2684,BAS New Media,GE1401,SM1701,12135,CA1
2684,BAS New Media,GE1401,SM1103A,15048,C04
2684,BAS New Media,GE1401,SM1702A,15381,C01
2684,BAS New Media,GE1401,SM1702A,15385,L04
2685,BAS New Media,GE1401,SM1103A,11199,C02
2685,BAS New Media,GE1401,GE1401,12121,T33
2685,BAS New Media,GE1401,SM1701,12134,C02
2685,BAS New Media,GE1401,SM1702A,15381,C01
2685,BAS New Media,GE1401,SM1702A,15383,L02
2686,BAS New Media,GE1401,SM1103A,11199,C02
2686,BAS New Media,GE1401,SM1701,11745,C01
2686,BAS New Media,GE1401,GE1401,15205,TC5
2686,BAS New Media,GE1401,SM1702A,15381,C01
2686,BAS New Media,GE1401,SM1702A,15385,L04
2687,BAS New Media,GE1401,SM1103A,11200,C03
2687,BAS New Media,GE1401,SM1701,12134,C02
2687,BAS New Media,GE1401,GE1401,14941,TA3
2687,BAS New Media,GE1401,SM1702A,15381,C01
2687,BAS New Media,GE1401,SM1702A,15386,L05
2688,BAS New Media,GE1401,SM1103A,11199,C02
2688,BAS New Media,GE1401,SM1701,12134,C02
2688,BAS New Media,GE1401,GE1401,13577,TB6
2688,BAS New Media,GE1401,SM1702A,15381,C01
2688,BAS New Media,GE1401,SM1702A,15384,L03
2689,BAS New Media,GE1401,SM1701,12134,C02
2689,BAS New Media,GE1401,GE1401,13197,TA2
2689,BAS New Media,GE1401,SM1103A,15048,C04
2689,BAS New Media,GE1401,SM1702A,15381,C01
2689,BAS New Media,GE1401,SM1702A,15385,L04
2690,BAS New Media,GE1401,SM1701,11745,C01
2690,BAS New Media,GE1401,SM1103A,15048,C04
2690,BAS New Media,GE1401,GE1401,15206,TC6
2690,BAS New Media,GE1401,SM1702A,15381,C01
2690,BAS New Media,GE1401,SM1702A,15382,L01
2691,BAS New Media,GE1401,GE1401,10697,T21
2691,BAS New Media,GE1401,SM1701,11745,C01
2691,BAS New Media,GE1401,SM1103A,15048,C04
2691,BAS New Media,GE1401,SM1702A,15381,C01
2691,BAS New Media,GE1401,SM1702A,15382,L01
2692,BAS New Media,GE1401,GE1401,10682,T05
2692,BAS New Media,GE1401,SM1103A,11199,C02
2692,BAS New Media,GE1401,SM1701,12136,CA2
2692,BAS New Media,GE1401,SM1702A,15381,C01
2692,BAS New Media,GE1401,SM1702A,15382,L01
2693,BAS New Media,GE1401,GE1401,10720,T53
2693,BAS New Media,GE1401,SM1701,12134,C02
2693,BAS New Media,GE1401,SM1103A,15048,C04
2693,BAS New Media,GE1401,SM1702A,15381,C01
2693,BAS New Media,GE1401,SM1702A,15384,L03
2694,BAS New Media,GE1401,GE1401,10731,T66
2694,BAS New Media,GE1401,SM1103A,11200,C03
2694,BAS New Media,GE1401,SM1701,11745,C01
2694,BAS New Media,GE1401,SM1702A,15381,C01
2694,BAS New Media,GE1401,SM1702A,15385,L04
2695,BAS New Media,GE1401,SM1103A,11198,C01
2695,BAS New Media,GE1401,SM1701,12134,C02
2695,BAS New Media,GE1401,GE1401,15183,TC4
2695,BAS New Media,GE1401,SM1702A,15381,C01
2695,BAS New Media,GE1401,SM1702A,15386,L05
2696,BAS New Media,GE1401,SM1103A,11198,C01
2696,BAS New Media,GE1401,SM1701,11745,C01
2696,BAS New Media,GE1401,GE1401,12733,T62
2696,BAS New Media,GE1401,SM1702A,15381,C01
2696,BAS New Media,GE1401,SM1702A,15387,L06
2697,BAS New Media,GE1401,GE1401,10726,T59
2697,BAS New Media,GE1401,SM1103A,11200,C03
2697,BAS New Media,GE1401,SM1701,12134,C02
2697,BAS New Media,GE1401,SM1702A,15381,C01
2697,BAS New Media,GE1401,SM1702A,15384,L03
2698,BAS New Media,GE1401,GE1401,10730,T64
2698,BAS New Media,GE1401,SM1103A,11198,C01
2698,BAS New Media,GE1401,SM1701,12135,CA1
2698,BAS New Media,GE1401,SM1702A,15381,C01
2698,BAS New Media,GE1401,SM1702A,15384,L03
2699,BAS New Media,GE1401,SM1701,12136,CA2
2699,BAS New Media,GE1401,GE1401,12396,T46
2699,BAS New Media,GE1401,SM1103A,15048,C04
2699,BAS New Media,GE1401,SM1702A,15381,C01
2699,BAS New Media,GE1401,SM1702A,15387,L06
2700,BAS New Media,GE1401,SM1103A,11199,C02
2700,BAS New Media,GE1401,GE1401,11504,T90
2700,BAS New Media,GE1401,SM1701,11745,C01
2700,BAS New Media,GE1401,SM1702A,15381,C01
2700,BAS New Media,GE1401,SM1702A,15382,L01
2701,BAS New Media,GE1401,SM1103A,11200,C03
2701,BAS New Media,GE1401,SM1701,12134,C02
2701,BAS New Media,GE1401,GE1401,13197,TA2
2701,BAS New Media,GE1401,SM1702A,15381,C01
2701,BAS New Media,GE1401,SM1702A,15383,L02
2702,BAS New Media,LC0200A,LC0200A,10865,T05
2702,BAS New Media,LC0200A,SM1103A,11198,C01
2702,BAS New Media,LC0200A,SM1701,12134,C02
2702,BAS New Media,LC0200A,SM1702A,15381,C01
2702,BAS New Media,LC0200A,SM1702A,15387,L06
2703,BAS New Media,LC0200A,LC0200A,10896,T28
2703,BAS New Media,LC0200A,SM1103A,11198,C01
2703,BAS New Media,LC0200A,SM1701,11745,C01
2703,BAS New Media,LC0200A,SM1702A,15381,C01
2703,BAS New Media,LC0200A,SM1702A,15383,L02
2704,BAS New Media,LC0200A,LC0200A,10841,T01
2704,BAS New Media,LC0200A,SM1701,12134,C02
2704,BAS New Media,LC0200A,SM1103A,15048,C04
2704,BAS New Media,LC0200A,SM1702A,15381,C01
2704,BAS New Media,LC0200A,SM1702A,15386,L05
2705,BAS New Media,LC0200A,LC0200A,10893,T25
2705,BAS New Media,LC0200A,SM1701,12134,C02
2705,BAS New Media,LC0200A,SM1103A,15048,C04
2705,BAS New Media,LC0200A,SM1702A,15381,C01
2705,BAS New Media,LC0200A,SM1702A,15385,L04
2706,BAS New Media,LC0200A,LC0200A,11170,T32
2706,BAS New Media,LC0200A,SM1701,12134,C02
2706,BAS New Media,LC0200A,SM1103A,12664,CA1
2706,BAS New Media,LC0200A,SM1702A,15388,CA1
2706,BAS New Media,LC0200A,SM1702A,15389,LA1
2707,BAS New Media,LC0200A,LC0200A,10895,T27
2707,BAS New Media,LC0200A,SM1701,11745,C01
2707,BAS New Media,LC0200A,SM1103A,12664,CA1
2707,BAS New Media,LC0200A,SM1702A,15381,C01
2707,BAS New Media,LC0200A,SM1702A,15384,L03
2708,BAS New Media,LC0200A,LC0200A,10841,T01
2708,BAS New Media,LC0200A,SM1103A,11199,C02
2708,BAS New Media,LC0200A,SM1701,11745,C01
2708,BAS New Media,LC0200A,SM1702A,15381,C01
2708,BAS New Media,LC0200A,SM1702A,15387,L06
2709,BAS New Media,LC0200A,LC0200A,10896,T28
2709,BAS New Media,LC0200A,SM1701,12134,C02
2709,BAS New Media,LC0200A,SM1103A,15048,C04
2709,BAS New Media,LC0200A,SM1702A,15381,C01
2709,BAS New Media,LC0200A,SM1702A,15384,L03
2710,Bachelor of Laws (incl. LLB double degrees),GE1401,LW2601,10058,CA1
2710,Bachelor of Laws (incl. LLB double degrees),GE1401,LW2602A,10379,CA1
2710,Bachelor of Laws (incl. LLB double degrees),GE1401,GE1401,10686,T09
2710,Bachelor of Laws (incl. LLB double degrees),GE1401,LW2601,13579,TA5
2710,Bachelor of Laws (incl. LLB double degrees),GE1401,LW2602A,15010,TA5
2710,Bachelor of Laws (incl. LLB double degrees),GE1401,LW2603A,15610,CD1
2710,Bachelor of Laws (incl. LLB double degrees),GE1401,LW2603A,15611,TD1
2711,Bachelor of Laws (incl. LLB double degrees),GE1401,LW2601,10058,CA1
2711,Bachelor of Laws (incl. LLB double degrees),GE1401,LW2603A,10107,CA1
2711,Bachelor of Laws (incl. LLB double degrees),GE1401,LW2602A,10109,CB1
2711,Bachelor of Laws (incl. LLB double degrees),GE1401,GE1401,10728,T61
2711,Bachelor of Laws (incl. LLB double degrees),GE1401,LW2602A,11050,TB1
2711,Bachelor of Laws (incl. LLB double degrees),GE1401,LW2601,13579,TA5
2711,Bachelor of Laws (incl. LLB double degrees),GE1401,LW2603A,14534,TA5
2712,Bachelor of Laws (incl. LLB double degrees),GE1401,LW2603A,10126,CB1
2712,Bachelor of Laws (incl. LLB double degrees),GE1401,GE1401,10702,T27
2712,Bachelor of Laws (incl. LLB double degrees),GE1401,LW2601,12382,TB1
2712,Bachelor of Laws (incl. LLB double degrees),GE1401,LW2603A,13881,TB2
2712,Bachelor of Laws (incl. LLB double degrees),GE1401,LW2601,14506,CB1
2712,Bachelor of Laws (incl. LLB double degrees),GE1401,LW2602A,15605,CD1
2712,Bachelor of Laws (incl. LLB double degrees),GE1401,LW2602A,15606,TD1
2713,Bachelor of Laws (incl. LLB double degrees),GE1401,LW2601,10058,CA1
2713,Bachelor of Laws (incl. LLB double degrees),GE1401,LW2603A,10107,CA1
2713,Bachelor of Laws (incl. LLB double degrees),GE1401,LW2602A,10379,CA1
2713,Bachelor of Laws (incl. LLB double degrees),GE1401,GE1401,11495,T77
2713,Bachelor of Laws (incl. LLB double degrees),GE1401,LW2601,13578,TA4
2713,Bachelor of Laws (incl. LLB double degrees),GE1401,LW2603A,14534,TA5
2713,Bachelor of Laws (incl. LLB double degrees),GE1401,LW2602A,15011,TA6
2714,Bachelor of Laws (incl. LLB double degrees),GE1401,LW2603A,10107,CA1
2714,Bachelor of Laws (incl. LLB double degrees),GE1401,LW2602A,10109,CB1
2714,Bachelor of Laws (incl. LLB double degrees),GE1401,LW2603A,10111,TA2
2714,Bachelor of Laws (incl. LLB double degrees),GE1401,LW2602A,11050,TB1
2714,Bachelor of Laws (incl. LLB double degrees),GE1401,GE1401,11499,T85
2714,Bachelor of Laws (incl. LLB double degrees),GE1401,LW2601,12383,TB2
2714,Bachelor of Laws (incl. LLB double degrees),GE1401,LW2601,14506,CB1
2715,Bachelor of Laws (incl. LLB double degrees),GE1401,LW2601,10058,CA1
2715,Bachelor of Laws (incl. LLB double degrees),GE1401,LW2601,10060,TA2
2715,Bachelor of Laws (incl. LLB double degrees),GE1401,LW2603A,10107,CA1
2715,Bachelor of Laws (incl. LLB double degrees),GE1401,LW2602A,10379,CA1
2715,Bachelor of Laws (incl. LLB double degrees),GE1401,GE1401,12122,T35
2715,Bachelor of Laws (incl. LLB double degrees),GE1401,LW2603A,12653,TA3
2715,Bachelor of Laws (incl. LLB double degrees),GE1401,LW2602A,15011,TA6
2716,Bachelor of Laws (incl. LLB double degrees),GE1401,LW2601,10058,CA1
2716,Bachelor of Laws (incl. LLB double degrees),GE1401,LW2601,10059,TA1
2716,Bachelor of Laws (incl. LLB double degrees),GE1401,LW2603A,10107,CA1
2716,Bachelor of Laws (incl. LLB double degrees),GE1401,LW2603A,10110,TA1
2716,Bachelor of Laws (incl. LLB double degrees),GE1401,LW2602A,10379,CA1
2716,Bachelor of Laws (incl. LLB double degrees),GE1401,GE1401,10695,T19
2716,Bachelor of Laws (incl. LLB double degrees),GE1401,LW2602A,13563,TA4
2717,Bachelor of Laws (incl. LLB double degrees),GE1401,LW2602A,10379,CA1
2717,Bachelor of Laws (incl. LLB double degrees),GE1401,LW2603A,11183,CC1
2717,Bachelor of Laws (incl. LLB double degrees),GE1401,LW2603A,11184,TC1
2717,Bachelor of Laws (incl. LLB double degrees),GE1401,GE1401,12735,T74
2717,Bachelor of Laws (incl. LLB double degrees),GE1401,LW2601,14506,CB1
2717,Bachelor of Laws (incl. LLB double degrees),GE1401,LW2601,15006,TB4
2717,Bachelor of Laws (incl. LLB double degrees),GE1401,LW2602A,15011,TA6
2718,Bachelor of Laws (incl. LLB double degrees),GE1401,LW2601,10058,CA1
2718,Bachelor of Laws (incl. LLB double degrees),GE1401,LW2603A,10107,CA1
2718,Bachelor of Laws (incl. LLB double degrees),GE1401,LW2602A,10379,CA1
2718,Bachelor of Laws (incl. LLB double degrees),GE1401,GE1401,10679,T02
2718,Bachelor of Laws (incl. LLB double degrees),GE1401,LW2602A,11049,TA1
2718,Bachelor of Laws (incl. LLB double degrees),GE1401,LW2601,14533,TA6
2718,Bachelor of Laws (incl. LLB double degrees),GE1401,LW2603A,14534,TA5
2719,Bachelor of Laws (incl. LLB double degrees),GE1401,LW2603A,10107,CA1
2719,Bachelor of Laws (incl. LLB double degrees),GE1401,GE1401,10718,T50
2719,Bachelor of Laws (incl. LLB double degrees),GE1401,LW2603A,12653,TA3
2719,Bachelor of Laws (incl. LLB double degrees),GE1401,LW2602A,13859,CC1
2719,Bachelor of Laws (incl. LLB double degrees),GE1401,LW2602A,13861,TC1
2719,Bachelor of Laws (incl. LLB double degrees),GE1401,LW2601,14506,CB1
2719,Bachelor of Laws (incl. LLB double degrees),GE1401,LW2601,15006,TB4
2720,Bachelor of Laws (incl. LLB double degrees),GE1401,LW2603A,10126,CB1
2720,Bachelor of Laws (incl. LLB double degrees),GE1401,LW2602A,10379,CA1
2720,Bachelor of Laws (incl. LLB double degrees),GE1401,GE1401,11491,T69
2720,Bachelor of Laws (incl. LLB double degrees),GE1401,LW2601,12382,TB1
2720,Bachelor of Laws (incl. LLB double degrees),GE1401,LW2603A,13881,TB2
2720,Bachelor of Laws (incl. LLB double degrees),GE1401,LW2601,14506,CB1
2720,Bachelor of Laws (incl. LLB double degrees),GE1401,LW2602A,15010,TA5
2721,Bachelor of Laws (incl. LLB double degrees),GE1401,LW2602A,10379,CA1
2721,Bachelor of Laws (incl. LLB double degrees),GE1401,LW2603A,11183,CC1
2721,Bachelor of Laws (incl. LLB double degrees),GE1401,LW2603A,11184,TC1
2721,Bachelor of Laws (incl. LLB double degrees),GE1401,GE1401,12125,T65
2721,Bachelor of Laws (incl. LLB double degrees),GE1401,LW2601,15009,TC1
2721,Bachelor of Laws (incl. LLB double degrees),GE1401,LW2602A,15011,TA6
2721,Bachelor of Laws (incl. LLB double degrees),GE1401,LW2601,15604,CC1
2722,Bachelor of Laws (incl. LLB double degrees),GE1401,LW2601,10058,CA1
2722,Bachelor of Laws (incl. LLB double degrees),GE1401,LW2601,10060,TA2
2722,Bachelor of Laws (incl. LLB double degrees),GE1401,LW2603A,10107,CA1
2722,Bachelor of Laws (incl. LLB double degrees),GE1401,LW2602A,10379,CA1
2722,Bachelor of Laws (incl. LLB double degrees),GE1401,GE1401,10688,T11
2722,Bachelor of Laws (incl. LLB double degrees),GE1401,LW2602A,12665,TA3
2722,Bachelor of Laws (incl. LLB double degrees),GE1401,LW2603A,14534,TA5
2723,Bachelor of Laws (incl. LLB double degrees),GE1401,LW2601,10058,CA1
2723,Bachelor of Laws (incl. LLB double degrees),GE1401,LW2602A,10379,CA1
2723,Bachelor of Laws (incl. LLB double degrees),GE1401,LW2602A,11049,TA1
2723,Bachelor of Laws (incl. LLB double degrees),GE1401,LW2603A,11183,CC1
2723,Bachelor of Laws (incl. LLB double degrees),GE1401,LW2603A,11184,TC1
2723,Bachelor of Laws (incl. LLB double degrees),GE1401,GE1401,11499,T85
2723,Bachelor of Laws (incl. LLB double degrees),GE1401,LW2601,12155,TA3
2724,Bachelor of Laws (incl. LLB double degrees),GE1401,LW2601,10058,CA1
2724,Bachelor of Laws (incl. LLB double degrees),GE1401,LW2603A,10107,CA1
2724,Bachelor of Laws (incl. LLB double degrees),GE1401,LW2602A,10109,CB1
2724,Bachelor of Laws (incl. LLB double degrees),GE1401,GE1401,10681,T04
2724,Bachelor of Laws (incl. LLB double degrees),GE1401,LW2602A,11050,TB1
2724,Bachelor of Laws (incl. LLB double degrees),GE1401,LW2603A,14534,TA5
2724,Bachelor of Laws (incl. LLB double degrees),GE1401,LW2601,15005,TA7
2725,Bachelor of Laws (incl. LLB double degrees),GE1401,LW2601,10058,CA1
2725,Bachelor of Laws (incl. LLB double degrees),GE1401,LW2601,10060,TA2
2725,Bachelor of Laws (incl. LLB double degrees),GE1401,LW2603A,10107,CA1
2725,Bachelor of Laws (incl. LLB double degrees),GE1401,LW2603A,10111,TA2
2725,Bachelor of Laws (incl. LLB double degrees),GE1401,LW2602A,10379,CA1
2725,Bachelor of Laws (incl. LLB double degrees),GE1401,GE1401,11503,T89
2725,Bachelor of Laws (incl. LLB double degrees),GE1401,LW2602A,12665,TA3
2726,Bachelor of Laws (incl. LLB double degrees),GE1401,LW2601,10058,CA1
2726,Bachelor of Laws (incl. LLB double degrees),GE1401,LW2601,10059,TA1
2726,Bachelor of Laws (incl. LLB double degrees),GE1401,LW2603A,10112,TB1
2726,Bachelor of Laws (incl. LLB double degrees),GE1401,LW2603A,10126,CB1
2726,Bachelor of Laws (incl. LLB double degrees),GE1401,GE1401,10720,T53
2726,Bachelor of Laws (incl. LLB double degrees),GE1401,LW2602A,15605,CD1
2726,Bachelor of Laws (incl. LLB double degrees),GE1401,LW2602A,15606,TD1
2727,Bachelor of Laws (incl. LLB double degrees),GE1401,LW2603A,10107,CA1
2727,Bachelor of Laws (incl. LLB double degrees),GE1401,LW2602A,10109,CB1
2727,Bachelor of Laws (incl. LLB double degrees),GE1401,GE1401,10686,T09
2727,Bachelor of Laws (incl. LLB double degrees),GE1401,LW2602A,11050,TB1
2727,Bachelor of Laws (incl. LLB double degrees),GE1401,LW2601,12896,TB3
2727,Bachelor of Laws (incl. LLB double degrees),GE1401,LW2601,14506,CB1
2727,Bachelor of Laws (incl. LLB double degrees),GE1401,LW2603A,14534,TA5
2728,Bachelor of Laws (incl. LLB double degrees),GE1401,LW2603A,10107,CA1
2728,Bachelor of Laws (incl. LLB double degrees),GE1401,LW2602A,10379,CA1
2728,Bachelor of Laws (incl. LLB double degrees),GE1401,GE1401,12126,T67
2728,Bachelor of Laws (incl. LLB double degrees),GE1401,LW2602A,12665,TA3
2728,Bachelor of Laws (incl. LLB double degrees),GE1401,LW2601,14506,CB1
2728,Bachelor of Laws (incl. LLB double degrees),GE1401,LW2603A,14534,TA5
2728,Bachelor of Laws (incl. LLB double degrees),GE1401,LW2601,15008,TB6
2729,Bachelor of Laws (incl. LLB double degrees),GE1401,LW2603A,10126,CB1
2729,Bachelor of Laws (incl. LLB double degrees),GE1401,LW2602A,10379,CA1
2729,Bachelor of Laws (incl. LLB double degrees),GE1401,LW2602A,12665,TA3
2729,Bachelor of Laws (incl. LLB double degrees),GE1401,GE1401,13573,TB2
2729,Bachelor of Laws (incl. LLB double degrees),GE1401,LW2603A,13881,TB2
2729,Bachelor of Laws (incl. LLB double degrees),GE1401,LW2601,15009,TC1
2729,Bachelor of Laws (incl. LLB double degrees),GE1401,LW2601,15604,CC1
2730,Bachelor of Laws (incl. LLB double degrees),GE1401,LW2601,10058,CA1
2730,Bachelor of Laws (incl. LLB double degrees),GE1401,LW2601,10060,TA2
2730,Bachelor of Laws (incl. LLB double degrees),GE1401,LW2602A,10109,CB1
2730,Bachelor of Laws (incl. LLB double degrees),GE1401,LW2603A,11183,CC1
2730,Bachelor of Laws (incl. LLB double degrees),GE1401,LW2603A,11184,TC1
2730,Bachelor of Laws (incl. LLB double degrees),GE1401,GE1401,12127,T84
2730,Bachelor of Laws (incl. LLB double degrees),GE1401,LW2602A,13864,TB2
2731,Bachelor of Laws (incl. LLB double degrees),GE1401,LW2602A,10109,CB1
2731,Bachelor of Laws (incl. LLB double degrees),GE1401,LW2602A,11050,TB1
2731,Bachelor of Laws (incl. LLB double degrees),GE1401,LW2603A,11183,CC1
2731,Bachelor of Laws (incl. LLB double degrees),GE1401,LW2603A,11184,TC1
2731,Bachelor of Laws (incl. LLB double degrees),GE1401,LW2601,12382,TB1
2731,Bachelor of Laws (incl. LLB double degrees),GE1401,GE1401,13197,TA2
2731,Bachelor of Laws (incl. LLB double degrees),GE1401,LW2601,14506,CB1
2732,Bachelor of Laws (incl. LLB double degrees),GE1401,LW2603A,10126,CB1
2732,Bachelor of Laws (incl. LLB double degrees),GE1401,LW2602A,10379,CA1
2732,Bachelor of Laws (incl. LLB double degrees),GE1401,GE1401,10715,T45
2732,Bachelor of Laws (incl. LLB double degrees),GE1401,LW2603A,13881,TB2
2732,Bachelor of Laws (incl. LLB double degrees),GE1401,LW2601,14506,CB1
2732,Bachelor of Laws (incl. LLB double degrees),GE1401,LW2601,15008,TB6
2732,Bachelor of Laws (incl. LLB double degrees),GE1401,LW2602A,15011,TA6
2733,Bachelor of Laws (incl. LLB double degrees),GE1401,LW2603A,10107,CA1
2733,Bachelor of Laws (incl. LLB double degrees),GE1401,LW2602A,10379,CA1
2733,Bachelor of Laws (incl. LLB double degrees),GE1401,GE1401,12121,T33
2733,Bachelor of Laws (incl. LLB double degrees),GE1401,LW2601,12383,TB2
2733,Bachelor of Laws (incl. LLB double degrees),GE1401,LW2603A,12653,TA3
2733,Bachelor of Laws (incl. LLB double degrees),GE1401,LW2602A,12665,TA3
2733,Bachelor of Laws (incl. LLB double degrees),GE1401,LW2601,14506,CB1
2734,Bachelor of Laws (incl. LLB double degrees),GE1401,LW2601,10058,CA1
2734,Bachelor of Laws (incl. LLB double degrees),GE1401,LW2601,10060,TA2
2734,Bachelor of Laws (incl. LLB double degrees),GE1401,LW2603A,10107,CA1
2734,Bachelor of Laws (incl. LLB double degrees),GE1401,LW2603A,10110,TA1
2734,Bachelor of Laws (incl. LLB double degrees),GE1401,LW2602A,10379,CA1
2734,Bachelor of Laws (incl. LLB double degrees),GE1401,GE1401,13577,TB6
2734,Bachelor of Laws (incl. LLB double degrees),GE1401,LW2602A,15011,TA6
2735,Bachelor of Laws (incl. LLB double degrees),GE1401,LW2601,10058,CA1
2735,Bachelor of Laws (incl. LLB double degrees),GE1401,LW2603A,10107,CA1
2735,Bachelor of Laws (incl. LLB double degrees),GE1401,GE1401,10705,T30
2735,Bachelor of Laws (incl. LLB double degrees),GE1401,LW2603A,12898,TA4
2735,Bachelor of Laws (incl. LLB double degrees),GE1401,LW2602A,13859,CC1
2735,Bachelor of Laws (incl. LLB double degrees),GE1401,LW2602A,13861,TC1
2735,Bachelor of Laws (incl. LLB double degrees),GE1401,LW2601,15005,TA7
2736,Bachelor of Laws (incl. LLB double degrees),GE1401,LW2603A,10107,CA1
2736,Bachelor of Laws (incl. LLB double degrees),GE1401,LW2602A,10379,CA1
2736,Bachelor of Laws (incl. LLB double degrees),GE1401,LW2602A,10380,TA2
2736,Bachelor of Laws (incl. LLB double degrees),GE1401,GE1401,10722,T55
2736,Bachelor of Laws (incl. LLB double degrees),GE1401,LW2603A,12653,TA3
2736,Bachelor of Laws (incl. LLB double degrees),GE1401,LW2601,12896,TB3
2736,Bachelor of Laws (incl. LLB double degrees),GE1401,LW2601,14506,CB1
2737,Bachelor of Laws (incl. LLB double degrees),GE1401,LW2601,10058,CA1
2737,Bachelor of Laws (incl. LLB double degrees),GE1401,LW2602A,10109,CB1
2737,Bachelor of Laws (incl. LLB double degrees),GE1401,LW2603A,11183,CC1
2737,Bachelor of Laws (incl. LLB double degrees),GE1401,LW2603A,11184,TC1
2737,Bachelor of Laws (incl. LLB double degrees),GE1401,LW2602A,13864,TB2
2737,Bachelor of Laws (incl. LLB double degrees),GE1401,LW2601,14533,TA6
2737,Bachelor of Laws (incl. LLB double degrees),GE1401,GE1401,15205,TC5
2738,Bachelor of Laws (incl. LLB double degrees),GE1401,LW2601,10058,CA1
2738,Bachelor of Laws (incl. LLB double degrees),GE1401,LW2601,10060,TA2
2738,Bachelor of Laws (incl. LLB double degrees),GE1401,LW2603A,10107,CA1
2738,Bachelor of Laws (incl. LLB double degrees),GE1401,LW2602A,10379,CA1
2738,Bachelor of Laws (incl. LLB double degrees),GE1401,LW2602A,10380,TA2
2738,Bachelor of Laws (incl. LLB double degrees),GE1401,GE1401,10721,T54
2738,Bachelor of Laws (incl. LLB double degrees),GE1401,LW2603A,12898,TA4
2739,Bachelor of Laws (incl. LLB double degrees),GE1401,LW2601,10058,CA1
2739,Bachelor of Laws (incl. LLB double degrees),GE1401,LW2601,10059,TA1
2739,Bachelor of Laws (incl. LLB double degrees),GE1401,LW2603A,10107,CA1
2739,Bachelor of Laws (incl. LLB double degrees),GE1401,LW2603A,10110,TA1
2739,Bachelor of Laws (incl. LLB double degrees),GE1401,LW2602A,10379,CA1
2739,Bachelor of Laws (incl. LLB double degrees),GE1401,LW2602A,10380,TA2
2739,Bachelor of Laws (incl. LLB double degrees),GE1401,GE1401,10679,T02
2740,Bachelor of Laws (incl. LLB double degrees),GE1401,LW2601,10058,CA1
2740,Bachelor of Laws (incl. LLB double degrees),GE1401,LW2601,10060,TA2
2740,Bachelor of Laws (incl. LLB double degrees),GE1401,LW2603A,10107,CA1
2740,Bachelor of Laws (incl. LLB double degrees),GE1401,LW2602A,10379,CA1
2740,Bachelor of Laws (incl. LLB double degrees),GE1401,LW2602A,11049,TA1
2740,Bachelor of Laws (incl. LLB double degrees),GE1401,GE1401,11495,T77
2740,Bachelor of Laws (incl. LLB double degrees),GE1401,LW2603A,14534,TA5
2741,Bachelor of Laws (incl. LLB double degrees),GE1401,GE1401,10726,T59
2741,Bachelor of Laws (incl. LLB double degrees),GE1401,LW2601,12383,TB2
2741,Bachelor of Laws (incl. LLB double degrees),GE1401,LW2602A,13859,CC1
2741,Bachelor of Laws (incl. LLB double degrees),GE1401,LW2602A,13861,TC1
2741,Bachelor of Laws (incl. LLB double degrees),GE1401,LW2601,14506,CB1
2741,Bachelor of Laws (incl. LLB double degrees),GE1401,LW2603A,15610,CD1
2741,Bachelor of Laws (incl. LLB double degrees),GE1401,LW2603A,15611,TD1
2742,Bachelor of Laws (incl. LLB double degrees),GE1401,LW2601,10058,CA1
2742,Bachelor of Laws (incl. LLB double degrees),GE1401,LW2603A,10126,CB1
2742,Bachelor of Laws (incl. LLB double degrees),GE1401,GE1401,11493,T75
2742,Bachelor of Laws (incl. LLB double degrees),GE1401,LW2601,12155,TA3
2742,Bachelor of Laws (incl. LLB double degrees),GE1401,LW2602A,13859,CC1
2742,Bachelor of Laws (incl. LLB double degrees),GE1401,LW2602A,13861,TC1
2742,Bachelor of Laws (incl. LLB double degrees),GE1401,LW2603A,13881,TB2
2743,Bachelor of Laws (incl. LLB double degrees),GE1401,LW2601,10058,CA1
2743,Bachelor of Laws (incl. LLB double degrees),GE1401,LW2603A,10107,CA1
2743,Bachelor of Laws (incl. LLB double degrees),GE1401,LW2603A,10110,TA1
2743,Bachelor of Laws (incl. LLB double degrees),GE1401,LW2602A,10379,CA1
2743,Bachelor of Laws (incl. LLB double degrees),GE1401,GE1401,10708,T34
2743,Bachelor of Laws (incl. LLB double degrees),GE1401,LW2601,12155,TA3
2743,Bachelor of Laws (incl. LLB double degrees),GE1401,LW2602A,15010,TA5
2744,Bachelor of Laws (incl. LLB double degrees),GE1401,LW2601,10058,CA1
2744,Bachelor of Laws (incl. LLB double degrees),GE1401,LW2603A,10107,CA1
2744,Bachelor of Laws (incl. LLB double degrees),GE1401,LW2602A,10109,CB1
2744,Bachelor of Laws (incl. LLB double degrees),GE1401,LW2603A,10111,TA2
2744,Bachelor of Laws (incl. LLB double degrees),GE1401,GE1401,10719,T52
2744,Bachelor of Laws (incl. LLB double degrees),GE1401,LW2601,13579,TA5
2744,Bachelor of Laws (incl. LLB double degrees),GE1401,LW2602A,13864,TB2
2745,Bachelor of Laws (incl. LLB double degrees),GE1401,LW2603A,10107,CA1
2745,Bachelor of Laws (incl. LLB double degrees),GE1401,LW2602A,10379,CA1
2745,Bachelor of Laws (incl. LLB double degrees),GE1401,GE1401,10686,T09
2745,Bachelor of Laws (incl. LLB double degrees),GE1401,LW2603A,12898,TA4
2745,Bachelor of Laws (incl. LLB double degrees),GE1401,LW2601,14506,CB1
2745,Bachelor of Laws (incl. LLB double degrees),GE1401,LW2601,15007,TB5
2745,Bachelor of Laws (incl. LLB double degrees),GE1401,LW2602A,15010,TA5
2746,Bachelor of Laws (incl. LLB double degrees),GE1401,LW2601,10058,CA1
2746,Bachelor of Laws (incl. LLB double degrees),GE1401,LW2603A,10126,CB1
2746,Bachelor of Laws (incl. LLB double degrees),GE1401,LW2602A,10379,CA1
2746,Bachelor of Laws (incl. LLB double degrees),GE1401,GE1401,12733,T62
2746,Bachelor of Laws (incl. LLB double degrees),GE1401,LW2603A,13881,TB2
2746,Bachelor of Laws (incl. LLB double degrees),GE1401,LW2601,15005,TA7
2746,Bachelor of Laws (incl. LLB double degrees),GE1401,LW2602A,15011,TA6
2747,Bachelor of Laws (incl. LLB double degrees),GE1401,LW2601,10058,CA1
2747,Bachelor of Laws (incl. LLB double degrees),GE1401,LW2602A,10109,CB1
2747,Bachelor of Laws (incl. LLB double degrees),GE1401,LW2603A,10112,TB1
2747,Bachelor of Laws (incl. LLB double degrees),GE1401,LW2603A,10126,CB1
2747,Bachelor of Laws (incl. LLB double degrees),GE1401,GE1401,10721,T54
2747,Bachelor of Laws (incl. LLB double degrees),GE1401,LW2602A,11050,TB1
2747,Bachelor of Laws (incl. LLB double degrees),GE1401,LW2601,13578,TA4
2748,Bachelor of Laws (incl. LLB double degrees),GE1401,LW2601,10058,CA1
2748,Bachelor of Laws (incl. LLB double degrees),GE1401,LW2601,10059,TA1
2748,Bachelor of Laws (incl. LLB double degrees),GE1401,LW2603A,10112,TB1
2748,Bachelor of Laws (incl. LLB double degrees),GE1401,LW2603A,10126,CB1
2748,Bachelor of Laws (incl. LLB double degrees),GE1401,LW2602A,10379,CA1
2748,Bachelor of Laws (incl. LLB double degrees),GE1401,LW2602A,15011,TA6
2748,Bachelor of Laws (incl. LLB double degrees),GE1401,GE1401,15601,T28
2749,Bachelor of Laws (incl. LLB double degrees),GE1401,LW2601,10058,CA1
2749,Bachelor of Laws (incl. LLB double degrees),GE1401,LW2603A,10107,CA1
2749,Bachelor of Laws (incl. LLB double degrees),GE1401,LW2603A,10110,TA1
2749,Bachelor of Laws (incl. LLB double degrees),GE1401,LW2602A,10379,CA1
2749,Bachelor of Laws (incl. LLB double degrees),GE1401,LW2602A,10380,TA2
2749,Bachelor of Laws (incl. LLB double degrees),GE1401,GE1401,10686,T09
2749,Bachelor of Laws (incl. LLB double degrees),GE1401,LW2601,13579,TA5
2750,Bachelor of Laws (incl. LLB double degrees),GE1401,LW2601,10058,CA1
2750,Bachelor of Laws (incl. LLB double degrees),GE1401,LW2603A,10107,CA1
2750,Bachelor of Laws (incl. LLB double degrees),GE1401,LW2602A,10109,CB1
2750,Bachelor of Laws (incl. LLB double degrees),GE1401,GE1401,10716,T47
2750,Bachelor of Laws (incl. LLB double degrees),GE1401,LW2602A,11050,TB1
2750,Bachelor of Laws (incl. LLB double degrees),GE1401,LW2603A,12653,TA3
2750,Bachelor of Laws (incl. LLB double degrees),GE1401,LW2601,14533,TA6
2751,Bachelor of Laws (incl. LLB double degrees),GE1401,LW2603A,10107,CA1
2751,Bachelor of Laws (incl. LLB double degrees),GE1401,LW2602A,10379,CA1
2751,Bachelor of Laws (incl. LLB double degrees),GE1401,GE1401,10723,T56
2751,Bachelor of Laws (incl. LLB double degrees),GE1401,LW2603A,12898,TA4
2751,Bachelor of Laws (incl. LLB double degrees),GE1401,LW2602A,13563,TA4
2751,Bachelor of Laws (incl. LLB double degrees),GE1401,LW2601,14506,CB1
2751,Bachelor of Laws (incl. LLB double degrees),GE1401,LW2601,15006,TB4
2752,Bachelor of Laws (incl. LLB double degrees),GE1401,LW2603A,10107,CA1
2752,Bachelor of Laws (incl. LLB double degrees),GE1401,LW2602A,10109,CB1
2752,Bachelor of Laws (incl. LLB double degrees),GE1401,LW2603A,10110,TA1
2752,Bachelor of Laws (incl. LLB double degrees),GE1401,LW2602A,11050,TB1
2752,Bachelor of Laws (incl. LLB double degrees),GE1401,GE1401,12124,T49
2752,Bachelor of Laws (incl. LLB double degrees),GE1401,LW2601,12382,TB1
2752,Bachelor of Laws (incl. LLB double degrees),GE1401,LW2601,14506,CB1
2753,Bachelor of Laws (incl. LLB double degrees),GE1401,LW2603A,10107,CA1
2753,Bachelor of Laws (incl. LLB double degrees),GE1401,LW2603A,10110,TA1
2753,Bachelor of Laws (incl. LLB double degrees),GE1401,LW2601,12383,TB2
2753,Bachelor of Laws (incl. LLB double degrees),GE1401,GE1401,13570,T98
2753,Bachelor of Laws (incl. LLB double degrees),GE1401,LW2602A,13859,CC1
2753,Bachelor of Laws (incl. LLB double degrees),GE1401,LW2602A,13861,TC1
2753,Bachelor of Laws (incl. LLB double degrees),GE1401,LW2601,14506,CB1
2754,Bachelor of Laws (incl. LLB double degrees),GE1401,LW2602A,10379,CA1
2754,Bachelor of Laws (incl. LLB double degrees),GE1401,LW2603A,11183,CC1
2754,Bachelor of Laws (incl. LLB double degrees),GE1401,LW2603A,11184,TC1
2754,Bachelor of Laws (incl. LLB double degrees),GE1401,LW2601,15009,TC1
2754,Bachelor of Laws (incl. LLB double degrees),GE1401,LW2602A,15010,TA5
2754,Bachelor of Laws (incl. LLB double degrees),GE1401,GE1401,15180,TC1
2754,Bachelor of Laws (incl. LLB double degrees),GE1401,LW2601,15604,CC1
2755,Bachelor of Laws (incl. LLB double degrees),GE1401,LW2601,10058,CA1
2755,Bachelor of Laws (incl. LLB double degrees),GE1401,LW2603A,10107,CA1
2755,Bachelor of Laws (incl. LLB double degrees),GE1401,LW2602A,10379,CA1
2755,Bachelor of Laws (incl. LLB double degrees),GE1401,LW2602A,13563,TA4
2755,Bachelor of Laws (incl. LLB double degrees),GE1401,LW2601,13578,TA4
2755,Bachelor of Laws (incl. LLB double degrees),GE1401,LW2603A,15018,TA6
2755,Bachelor of Laws (incl. LLB double degrees),GE1401,GE1401,15207,TC7
2756,Bachelor of Laws (incl. LLB double degrees),GE1401,LW2601,10058,CA1
2756,Bachelor of Laws (incl. LLB double degrees),GE1401,LW2601,10060,TA2
2756,Bachelor of Laws (incl. LLB double degrees),GE1401,LW2603A,10107,CA1
2756,Bachelor of Laws (incl. LLB double degrees),GE1401,LW2603A,10110,TA1
2756,Bachelor of Laws (incl. LLB double degrees),GE1401,GE1401,10687,T10
2756,Bachelor of Laws (incl. LLB double degrees),GE1401,LW2602A,13859,CC1
2756,Bachelor of Laws (incl. LLB double degrees),GE1401,LW2602A,13861,TC1
2757,Bachelor of Laws (incl. LLB double degrees),GE1401,LW2601,10058,CA1
2757,Bachelor of Laws (incl. LLB double degrees),GE1401,LW2601,10059,TA1
2757,Bachelor of Laws (incl. LLB double degrees),GE1401,LW2603A,10107,CA1
2757,Bachelor of Laws (incl. LLB double degrees),GE1401,LW2602A,10109,CB1
2757,Bachelor of Laws (incl. LLB double degrees),GE1401,GE1401,10730,T64
2757,Bachelor of Laws (incl. LLB double degrees),GE1401,LW2602A,11050,TB1
2757,Bachelor of Laws (incl. LLB double degrees),GE1401,LW2603A,12898,TA4
2758,Bachelor of Laws (incl. LLB double degrees),GE1401,LW2601,10058,CA1
2758,Bachelor of Laws (incl. LLB double degrees),GE1401,LW2601,10060,TA2
2758,Bachelor of Laws (incl. LLB double degrees),GE1401,LW2603A,10107,CA1
2758,Bachelor of Laws (incl. LLB double degrees),GE1401,GE1401,10357,T01
2758,Bachelor of Laws (incl. LLB double degrees),GE1401,LW2602A,13859,CC1
2758,Bachelor of Laws (incl. LLB double degrees),GE1401,LW2602A,13861,TC1
2758,Bachelor of Laws (incl. LLB double degrees),GE1401,LW2603A,15018,TA6
2759,Bachelor of Laws (incl. LLB double degrees),GE1401,LW2603A,10107,CA1
2759,Bachelor of Laws (incl. LLB double degrees),GE1401,LW2602A,10379,CA1
2759,Bachelor of Laws (incl. LLB double degrees),GE1401,GE1401,10696,T20
2759,Bachelor of Laws (incl. LLB double degrees),GE1401,LW2602A,11049,TA1
2759,Bachelor of Laws (incl. LLB double degrees),GE1401,LW2601,14506,CB1
2759,Bachelor of Laws (incl. LLB double degrees),GE1401,LW2601,15006,TB4
2759,Bachelor of Laws (incl. LLB double degrees),GE1401,LW2603A,15018,TA6
2760,Bachelor of Laws (incl. LLB double degrees),GE1401,LW2601,10058,CA1
2760,Bachelor of Laws (incl. LLB double degrees),GE1401,LW2603A,10107,CA1
2760,Bachelor of Laws (incl. LLB double degrees),GE1401,LW2602A,10109,CB1
2760,Bachelor of Laws (incl. LLB double degrees),GE1401,LW2603A,10111,TA2
2760,Bachelor of Laws (incl. LLB double degrees),GE1401,GE1401,11503,T89
2760,Bachelor of Laws (incl. LLB double degrees),GE1401,LW2601,13578,TA4
2760,Bachelor of Laws (incl. LLB double degrees),GE1401,LW2602A,13864,TB2
2761,Bachelor of Laws (incl. LLB double degrees),GE1401,LW2603A,10107,CA1
2761,Bachelor of Laws (incl. LLB double degrees),GE1401,LW2602A,10379,CA1
2761,Bachelor of Laws (incl. LLB double degrees),GE1401,GE1401,10681,T04
2761,Bachelor of Laws (incl. LLB double degrees),GE1401,LW2602A,11049,TA1
2761,Bachelor of Laws (incl. LLB double degrees),GE1401,LW2601,12896,TB3
2761,Bachelor of Laws (incl. LLB double degrees),GE1401,LW2603A,12898,TA4
2761,Bachelor of Laws (incl. LLB double degrees),GE1401,LW2601,14506,CB1
2762,Bachelor of Laws (incl. LLB double degrees),GE1401,GE1401,13570,T98
2762,Bachelor of Laws (incl. LLB double degrees),GE1401,LW2601,14506,CB1
2762,Bachelor of Laws (incl. LLB double degrees),GE1401,LW2601,15007,TB5
2762,Bachelor of Laws (incl. LLB double degrees),GE1401,LW2602A,15605,CD1
2762,Bachelor of Laws (incl. LLB double degrees),GE1401,LW2602A,15606,TD1
2762,Bachelor of Laws (incl. LLB double degrees),GE1401,LW2603A,15610,CD1
2762,Bachelor of Laws (incl. LLB double degrees),GE1401,LW2603A,15611,TD1
2763,Bachelor of Laws (incl. LLB double degrees),GE1401,LW2601,10058,CA1
2763,Bachelor of Laws (incl. LLB double degrees),GE1401,LW2603A,10112,TB1
2763,Bachelor of Laws (incl. LLB double degrees),GE1401,LW2603A,10126,CB1
2763,Bachelor of Laws (incl. LLB double degrees),GE1401,LW2602A,10379,CA1
2763,Bachelor of Laws (incl. LLB double degrees),GE1401,GE1401,12119,T18
2763,Bachelor of Laws (incl. LLB double degrees),GE1401,LW2602A,12665,TA3
2763,Bachelor of Laws (incl. LLB double degrees),GE1401,LW2601,13579,TA5
2764,Bachelor of Laws (incl. LLB double degrees),GE1401,LW2601,10058,CA1
2764,Bachelor of Laws (incl. LLB double degrees),GE1401,LW2603A,10126,CB1
2764,Bachelor of Laws (incl. LLB double degrees),GE1401,GE1401,10695,T19
2764,Bachelor of Laws (incl. LLB double degrees),GE1401,LW2602A,13859,CC1
2764,Bachelor of Laws (incl. LLB double degrees),GE1401,LW2602A,13861,TC1
2764,Bachelor of Laws (incl. LLB double degrees),GE1401,LW2603A,13881,TB2
2764,Bachelor of Laws (incl. LLB double degrees),GE1401,LW2601,15005,TA7
2765,Bachelor of Laws (incl. LLB double degrees),GE1401,LW2601,10058,CA1
2765,Bachelor of Laws (incl. LLB double degrees),GE1401,LW2601,10060,TA2
2765,Bachelor of Laws (incl. LLB double degrees),GE1401,LW2602A,10109,CB1
2765,Bachelor of Laws (incl. LLB double degrees),GE1401,GE1401,12127,T84
2765,Bachelor of Laws (incl. LLB double degrees),GE1401,LW2602A,13864,TB2
2765,Bachelor of Laws (incl. LLB double degrees),GE1401,LW2603A,15610,CD1
2765,Bachelor of Laws (incl. LLB double degrees),GE1401,LW2603A,15611,TD1
2766,Bachelor of Laws (incl. LLB double degrees),GE1401,LW2603A,10126,CB1
2766,Bachelor of Laws (incl. LLB double degrees),GE1401,LW2602A,10379,CA1
2766,Bachelor of Laws (incl. LLB double degrees),GE1401,LW2602A,11049,TA1
2766,Bachelor of Laws (incl. LLB double degrees),GE1401,LW2603A,13881,TB2
2766,Bachelor of Laws (incl. LLB double degrees),GE1401,LW2601,14506,CB1
2766,Bachelor of Laws (incl. LLB double degrees),GE1401,GE1401,14941,TA3
2766,Bachelor of Laws (incl. LLB double degrees),GE1401,LW2601,15007,TB5
2767,Bachelor of Laws (incl. LLB double degrees),GE1401,LW2601,10058,CA1
2767,Bachelor of Laws (incl. LLB double degrees),GE1401,LW2603A,10107,CA1
2767,Bachelor of Laws (incl. LLB double degrees),GE1401,LW2602A,10109,CB1
2767,Bachelor of Laws (incl. LLB double degrees),GE1401,GE1401,10730,T64
2767,Bachelor of Laws (incl. LLB double degrees),GE1401,LW2602A,11050,TB1
2767,Bachelor of Laws (incl. LLB double degrees),GE1401,LW2601,12155,TA3
2767,Bachelor of Laws (incl. LLB double degrees),GE1401,LW2603A,12653,TA3
2768,Bachelor of Laws (incl. LLB double degrees),GE1401,LW2602A,10109,CB1
2768,Bachelor of Laws (incl. LLB double degrees),GE1401,LW2602A,13864,TB2
2768,Bachelor of Laws (incl. LLB double degrees),GE1401,LW2601,14506,CB1
2768,Bachelor of Laws (incl. LLB double degrees),GE1401,LW2601,15008,TB6
2768,Bachelor of Laws (incl. LLB double degrees),GE1401,GE1401,15603,T73
2768,Bachelor of Laws (incl. LLB double degrees),GE1401,LW2603A,15610,CD1
2768,Bachelor of Laws (incl. LLB double degrees),GE1401,LW2603A,15611,TD1
2769,Bachelor of Laws (incl. LLB double degrees),LC0200A,LW2601,10058,CA1
2769,Bachelor of Laws (incl. LLB double degrees),LC0200A,LW2603A,10107,CA1
2769,Bachelor of Laws (incl. LLB double degrees),LC0200A,LC0200A,10876,T07
2769,Bachelor of Laws (incl. LLB double degrees),LC0200A,LW2601,12155,TA3
2769,Bachelor of Laws (incl. LLB double degrees),LC0200A,LW2603A,15018,TA6
2769,Bachelor of Laws (incl. LLB double degrees),LC0200A,LW2602A,15605,CD1
2769,Bachelor of Laws (incl. LLB double degrees),LC0200A,LW2602A,15606,TD1
2770,Bachelor of Laws (incl. LLB double degrees),LC0200A,LW2601,10058,CA1
2770,Bachelor of Laws (incl. LLB double degrees),LC0200A,LW2601,10059,TA1
2770,Bachelor of Laws (incl. LLB double degrees),LC0200A,LW2603A,10107,CA1
2770,Bachelor of Laws (incl. LLB double degrees),LC0200A,LC0200A,10884,T15
2770,Bachelor of Laws (incl. LLB double degrees),LC0200A,LW2603A,14534,TA5
2770,Bachelor of Laws (incl. LLB double degrees),LC0200A,LW2602A,15605,CD1
2770,Bachelor of Laws (incl. LLB double degrees),LC0200A,LW2602A,15606,TD1
2771,Bachelor of Laws (incl. LLB double degrees),LC0200A,LW2601,10058,CA1
2771,Bachelor of Laws (incl. LLB double degrees),LC0200A,LW2603A,10107,CA1
2771,Bachelor of Laws (incl. LLB double degrees),LC0200A,LW2603A,10110,TA1
2771,Bachelor of Laws (incl. LLB double degrees),LC0200A,LW2602A,10379,CA1
2771,Bachelor of Laws (incl. LLB double degrees),LC0200A,LW2602A,10380,TA2
2771,Bachelor of Laws (incl. LLB double degrees),LC0200A,LC0200A,10877,T08
2771,Bachelor of Laws (incl. LLB double degrees),LC0200A,LW2601,12155,TA3
2772,Bachelor of Laws (incl. LLB double degrees),LC0200A,LW2601,10058,CA1
2772,Bachelor of Laws (incl. LLB double degrees),LC0200A,LW2601,10060,TA2
2772,Bachelor of Laws (incl. LLB double degrees),LC0200A,LW2603A,10107,CA1
2772,Bachelor of Laws (incl. LLB double degrees),LC0200A,LW2602A,10379,CA1
2772,Bachelor of Laws (incl. LLB double degrees),LC0200A,LW2602A,10380,TA2
2772,Bachelor of Laws (incl. LLB double degrees),LC0200A,LC0200A,10882,T13
2772,Bachelor of Laws (incl. LLB double degrees),LC0200A,LW2603A,12898,TA4
2773,Bachelor of Laws (incl. LLB double degrees),LC0200A,LW2601,10058,CA1
2773,Bachelor of Laws (incl. LLB double degrees),LC0200A,LW2603A,10126,CB1
2773,Bachelor of Laws (incl. LLB double degrees),LC0200A,LC0200A,11173,T33
2773,Bachelor of Laws (incl. LLB double degrees),LC0200A,LW2601,13578,TA4
2773,Bachelor of Laws (incl. LLB double degrees),LC0200A,LW2602A,13859,CC1
2773,Bachelor of Laws (incl. LLB double degrees),LC0200A,LW2602A,13861,TC1
2773,Bachelor of Laws (incl. LLB double degrees),LC0200A,LW2603A,13881,TB2
2774,Bachelor of Laws (incl. LLB double degrees),LC0200A,LW2602A,10109,CB1
2774,Bachelor of Laws (incl. LLB double degrees),LC0200A,LC0200A,10877,T08
2774,Bachelor of Laws (incl. LLB double degrees),LC0200A,LW2601,12383,TB2
2774,Bachelor of Laws (incl. LLB double degrees),LC0200A,LW2602A,13864,TB2
2774,Bachelor of Laws (incl. LLB double degrees),LC0200A,LW2601,14506,CB1
2774,Bachelor of Laws (incl. LLB double degrees),LC0200A,LW2603A,15610,CD1
2774,Bachelor of Laws (incl. LLB double degrees),LC0200A,LW2603A,15611,TD1
2775,Bachelor of Laws (incl. LLB double degrees),LC0200A,LW2603A,10112,TB1
2775,Bachelor of Laws (incl. LLB double degrees),LC0200A,LW2603A,10126,CB1
2775,Bachelor of Laws (incl. LLB double degrees),LC0200A,LW2602A,10379,CA1
2775,Bachelor of Laws (incl. LLB double degrees),LC0200A,LC0200A,10886,T17
2775,Bachelor of Laws (incl. LLB double degrees),LC0200A,LW2602A,13563,TA4
2775,Bachelor of Laws (incl. LLB double degrees),LC0200A,LW2601,15009,TC1
2775,Bachelor of Laws (incl. LLB double degrees),LC0200A,LW2601,15604,CC1
2776,Bachelor of Laws (incl. LLB double degrees),LC0200A,LW2601,10058,CA1
2776,Bachelor of Laws (incl. LLB double degrees),LC0200A,LW2603A,10107,CA1
2776,Bachelor of Laws (incl. LLB double degrees),LC0200A,LC0200A,11976,T37
2776,Bachelor of Laws (incl. LLB double degrees),LC0200A,LW2602A,13859,CC1
2776,Bachelor of Laws (incl. LLB double degrees),LC0200A,LW2602A,13861,TC1
2776,Bachelor of Laws (incl. LLB double degrees),LC0200A,LW2601,15005,TA7
2776,Bachelor of Laws (incl. LLB double degrees),LC0200A,LW2603A,15018,TA6
2777,Bachelor of Laws (incl. LLB double degrees),LC0200A,LW2601,10058,CA1
2777,Bachelor of Laws (incl. LLB double degrees),LC0200A,LW2603A,10126,CB1
2777,Bachelor of Laws (incl. LLB double degrees),LC0200A,LW2602A,10379,CA1
2777,Bachelor of Laws (incl. LLB double degrees),LC0200A,LC0200A,10881,T12
2777,Bachelor of Laws (incl. LLB double degrees),LC0200A,LW2601,13579,TA5
2777,Bachelor of Laws (incl. LLB double degrees),LC0200A,LW2603A,13881,TB2
2777,Bachelor of Laws (incl. LLB double degrees),LC0200A,LW2602A,15010,TA5
2778,Bachelor of Laws (incl. LLB double degrees),LC0200A,LW2601,10058,CA1
2778,Bachelor of Laws (incl. LLB double degrees),LC0200A,LW2602A,10109,CB1
2778,Bachelor of Laws (incl. LLB double degrees),LC0200A,LW2603A,10112,TB1
2778,Bachelor of Laws (incl. LLB double degrees),LC0200A,LW2603A,10126,CB1
2778,Bachelor of Laws (incl. LLB double degrees),LC0200A,LC0200A,11030,T31
2778,Bachelor of Laws (incl. LLB double degrees),LC0200A,LW2602A,13864,TB2
2778,Bachelor of Laws (incl. LLB double degrees),LC0200A,LW2601,15005,TA7
2779,Bachelor of Laws (incl. LLB double degrees),LC0200A,LW2601,10058,CA1
2779,Bachelor of Laws (incl. LLB double degrees),LC0200A,LW2603A,10107,CA1
2779,Bachelor of Laws (incl. LLB double degrees),LC0200A,LW2603A,10110,TA1
2779,Bachelor of Laws (incl. LLB double degrees),LC0200A,LW2602A,10379,CA1
2779,Bachelor of Laws (incl. LLB double degrees),LC0200A,LC0200A,10885,T16
2779,Bachelor of Laws (incl. LLB double degrees),LC0200A,LW2602A,12665,TA3
2779,Bachelor of Laws (incl. LLB double degrees),LC0200A,LW2601,15005,TA7
2780,Bachelor of Laws (incl. LLB double degrees),LC0200A,LW2601,10058,CA1
2780,Bachelor of Laws (incl. LLB double degrees),LC0200A,LW2603A,10126,CB1
2780,Bachelor of Laws (incl. LLB double degrees),LC0200A,LW2602A,10379,CA1
2780,Bachelor of Laws (incl. LLB double degrees),LC0200A,LC0200A,10876,T07
2780,Bachelor of Laws (incl. LLB double degrees),LC0200A,LW2602A,12665,TA3
2780,Bachelor of Laws (incl. LLB double degrees),LC0200A,LW2601,13578,TA4
2780,Bachelor of Laws (incl. LLB double degrees),LC0200A,LW2603A,13881,TB2
2781,Bachelor of Laws (incl. LLB double degrees),LC0200A,LW2603A,10107,CA1
2781,Bachelor of Laws (incl. LLB double degrees),LC0200A,LC0200A,12333,T40
2781,Bachelor of Laws (incl. LLB double degrees),LC0200A,LW2602A,13859,CC1
2781,Bachelor of Laws (incl. LLB double degrees),LC0200A,LW2602A,13861,TC1
2781,Bachelor of Laws (incl. LLB double degrees),LC0200A,LW2601,14506,CB1
2781,Bachelor of Laws (incl. LLB double degrees),LC0200A,LW2603A,14534,TA5
2781,Bachelor of Laws (incl. LLB double degrees),LC0200A,LW2601,15007,TB5
2782,Bachelor of Laws (incl. LLB double degrees),LC0200A,LW2601,10058,CA1
2782,Bachelor of Laws (incl. LLB double degrees),LC0200A,LW2601,10060,TA2
2782,Bachelor of Laws (incl. LLB double degrees),LC0200A,LW2603A,10107,CA1
2782,Bachelor of Laws (incl. LLB double degrees),LC0200A,LW2602A,10109,CB1
2782,Bachelor of Laws (incl. LLB double degrees),LC0200A,LC0200A,10896,T28
2782,Bachelor of Laws (incl. LLB double degrees),LC0200A,LW2602A,11050,TB1
2782,Bachelor of Laws (incl. LLB double degrees),LC0200A,LW2603A,12898,TA4
2783,Bachelor of Laws (incl. LLB double degrees),LC0200A,LW2601,10058,CA1
2783,Bachelor of Laws (incl. LLB double degrees),LC0200A,LW2601,10059,TA1
2783,Bachelor of Laws (incl. LLB double degrees),LC0200A,LW2603A,10107,CA1
2783,Bachelor of Laws (incl. LLB double degrees),LC0200A,LW2602A,10379,CA1
2783,Bachelor of Laws (incl. LLB double degrees),LC0200A,LC0200A,11975,T35
2783,Bachelor of Laws (incl. LLB double degrees),LC0200A,LW2603A,12898,TA4
2783,Bachelor of Laws (incl. LLB double degrees),LC0200A,LW2602A,15010,TA5
2784,Bachelor of Laws (incl. LLB double degrees),LC0200A,LW2603A,10107,CA1
2784,Bachelor of Laws (incl. LLB double degrees),LC0200A,LW2603A,10110,TA1
2784,Bachelor of Laws (incl. LLB double degrees),LC0200A,LC0200A,11449,T34
2784,Bachelor of Laws (incl. LLB double degrees),LC0200A,LW2601,15009,TC1
2784,Bachelor of Laws (incl. LLB double degrees),LC0200A,LW2601,15604,CC1
2784,Bachelor of Laws (incl. LLB double degrees),LC0200A,LW2602A,15605,CD1
2784,Bachelor of Laws (incl. LLB double degrees),LC0200A,LW2602A,15606,TD1
2785,Bachelor of Laws (incl. LLB double degrees),LC0200A,LW2603A,10107,CA1
2785,Bachelor of Laws (incl. LLB double degrees),LC0200A,LC0200A,10888,T20
2785,Bachelor of Laws (incl. LLB double degrees),LC0200A,LW2601,12382,TB1
2785,Bachelor of Laws (incl. LLB double degrees),LC0200A,LW2603A,12898,TA4
2785,Bachelor of Laws (incl. LLB double degrees),LC0200A,LW2602A,13859,CC1
2785,Bachelor of Laws (incl. LLB double degrees),LC0200A,LW2602A,13861,TC1
2785,Bachelor of Laws (incl. LLB double degrees),LC0200A,LW2601,14506,CB1
2786,Bachelor of Laws (incl. LLB double degrees),LC0200A,LW2602A,10379,CA1
2786,Bachelor of Laws (incl. LLB double degrees),LC0200A,LW2602A,10380,TA2
2786,Bachelor of Laws (incl. LLB double degrees),LC0200A,LC0200A,10889,T21
2786,Bachelor of Laws (incl. LLB double degrees),LC0200A,LW2601,14506,CB1
2786,Bachelor of Laws (incl. LLB double degrees),LC0200A,LW2601,15006,TB4
2786,Bachelor of Laws (incl. LLB double degrees),LC0200A,LW2603A,15610,CD1
2786,Bachelor of Laws (incl. LLB double degrees),LC0200A,LW2603A,15611,TD1
2787,Bachelor of Laws (incl. LLB double degrees),LC0200A,LW2601,10058,CA1
2787,Bachelor of Laws (incl. LLB double degrees),LC0200A,LW2601,10059,TA1
2787,Bachelor of Laws (incl. LLB double degrees),LC0200A,LC0200A,10841,T01
2787,Bachelor of Laws (incl. LLB double degrees),LC0200A,LW2603A,11183,CC1
2787,Bachelor of Laws (incl. LLB double degrees),LC0200A,LW2603A,11184,TC1
2787,Bachelor of Laws (incl. LLB double degrees),LC0200A,LW2602A,15605,CD1
2787,Bachelor of Laws (incl. LLB double degrees),LC0200A,LW2602A,15606,TD1
2788,Bachelor of Laws (incl. LLB double degrees),LC0200A,LW2601,10058,CA1
2788,Bachelor of Laws (incl. LLB double degrees),LC0200A,LC0200A,10875,T06
2788,Bachelor of Laws (incl. LLB double degrees),LC0200A,LW2603A,11183,CC1
2788,Bachelor of Laws (incl. LLB double degrees),LC0200A,LW2603A,11184,TC1
2788,Bachelor of Laws (incl. LLB double degrees),LC0200A,LW2601,13578,TA4
2788,Bachelor of Laws (incl. LLB double degrees),LC0200A,LW2602A,13859,CC1
2788,Bachelor of Laws (incl. LLB double degrees),LC0200A,LW2602A,13861,TC1
2789,Bachelor of Laws (incl. LLB double degrees),LC0200A,LW2601,10058,CA1
2789,Bachelor of Laws (incl. LLB double degrees),LC0200A,LW2603A,10107,CA1
2789,Bachelor of Laws (incl. LLB double degrees),LC0200A,LC0200A,10878,T09
2789,Bachelor of Laws (incl. LLB double degrees),LC0200A,LW2601,13579,TA5
2789,Bachelor of Laws (incl. LLB double degrees),LC0200A,LW2602A,13859,CC1
2789,Bachelor of Laws (incl. LLB double degrees),LC0200A,LW2602A,13861,TC1
2789,Bachelor of Laws (incl. LLB double degrees),LC0200A,LW2603A,14534,TA5
2790,Bachelor of Laws (incl. LLB double degrees),LC0200A,LC0200A,10892,T24
2790,Bachelor of Laws (incl. LLB double degrees),LC0200A,LW2602A,13859,CC1
2790,Bachelor of Laws (incl. LLB double degrees),LC0200A,LW2602A,13861,TC1
2790,Bachelor of Laws (incl. LLB double degrees),LC0200A,LW2601,14506,CB1
2790,Bachelor of Laws (incl. LLB double degrees),LC0200A,LW2601,15008,TB6
2790,Bachelor of Laws (incl. LLB double degrees),LC0200A,LW2603A,15610,CD1
2790,Bachelor of Laws (incl. LLB double degrees),LC0200A,LW2603A,15611,TD1
2791,Bachelor of Laws (incl. LLB double degrees),LC0200A,LW2603A,10107,CA1
2791,Bachelor of Laws (incl. LLB double degrees),LC0200A,LW2602A,10379,CA1
2791,Bachelor of Laws (incl. LLB double degrees),LC0200A,LC0200A,10879,T10
2791,Bachelor of Laws (incl. LLB double degrees),LC0200A,LW2602A,11049,TA1
2791,Bachelor of Laws (incl. LLB double degrees),LC0200A,LW2603A,12653,TA3
2791,Bachelor of Laws (incl. LLB double degrees),LC0200A,LW2601,12896,TB3
2791,Bachelor of Laws (incl. LLB double degrees),LC0200A,LW2601,14506,CB1
2792,Bachelor of Laws (incl. LLB double degrees),LC0200A,LW2601,10058,CA1
2792,Bachelor of Laws (incl. LLB double degrees),LC0200A,LW2603A,10107,CA1
2792,Bachelor of Laws (incl. LLB double degrees),LC0200A,LW2603A,10110,TA1
2792,Bachelor of Laws (incl. LLB double degrees),LC0200A,LC0200A,10884,T15
2792,Bachelor of Laws (incl. LLB double degrees),LC0200A,LW2602A,13859,CC1
2792,Bachelor of Laws (incl. LLB double degrees),LC0200A,LW2602A,13861,TC1
2792,Bachelor of Laws (incl. LLB double degrees),LC0200A,LW2601,14533,TA6
2793,Bachelor of Laws (incl. LLB double degrees),LC0200A,LW2601,10058,CA1
2793,Bachelor of Laws (incl. LLB double degrees),LC0200A,LW2603A,10126,CB1
2793,Bachelor of Laws (incl. LLB double degrees),LC0200A,LW2602A,10379,CA1
2793,Bachelor of Laws (incl. LLB double degrees),LC0200A,LW2602A,10380,TA2
2793,Bachelor of Laws (incl. LLB double degrees),LC0200A,LC0200A,10890,T22
2793,Bachelor of Laws (incl. LLB double degrees),LC0200A,LW2601,13579,TA5
2793,Bachelor of Laws (incl. LLB double degrees),LC0200A,LW2603A,13881,TB2
2794,Bachelor of Laws (incl. LLB double degrees),LC0200A,LW2603A,10107,CA1
2794,Bachelor of Laws (incl. LLB double degrees),LC0200A,LW2603A,10111,TA2
2794,Bachelor of Laws (incl. LLB double degrees),LC0200A,LC0200A,10841,T01
2794,Bachelor of Laws (incl. LLB double degrees),LC0200A,LW2601,12896,TB3
2794,Bachelor of Laws (incl. LLB double degrees),LC0200A,LW2602A,13859,CC1
2794,Bachelor of Laws (incl. LLB double degrees),LC0200A,LW2602A,13861,TC1
2794,Bachelor of Laws (incl. LLB double degrees),LC0200A,LW2601,14506,CB1
2795,Bachelor of Laws (incl. LLB double degrees),LC0200A,LW2601,10058,CA1
2795,Bachelor of Laws (incl. LLB double degrees),LC0200A,LW2601,10059,TA1
2795,Bachelor of Laws (incl. LLB double degrees),LC0200A,LW2603A,10112,TB1
2795,Bachelor of Laws (incl. LLB double degrees),LC0200A,LW2603A,10126,CB1
2795,Bachelor of Laws (incl. LLB double degrees),LC0200A,LW2602A,10379,CA1
2795,Bachelor of Laws (incl. LLB double degrees),LC0200A,LC0200A,11030,T31
2795,Bachelor of Laws (incl. LLB double degrees),LC0200A,LW2602A,15011,TA6
